user_id,behavior_score
A0103849GBVWICKXD4T6,0.0229
A02712303HM5RXRLNJUB7,0.0073
A027717628HVUA4XE5VL3,0.1151
A05793033A673QTUT56XZ,0.0725
A098370928I0YSRRQV0YI,0.1726
A1009TQJ2AI79F,0.1611
A100AM334XZS3V,0.0357
A100H2245MF6NL,0.0682
A1018D502E27E6,0.3389
A101C99CG8EFUH,0.3048
A101I364EBG4A7,0.0327
A101L4HF0IZ33C,0.7089
A10263A9LH3MTS,0.2022
A102KJN3FNZMO2,0.3689
A102MK78XH84JN,0.0425
A102XBFOWJT4K,0.1284
A102YRTA0CBQ6I,0.0478
A1031R8HD3E4GL,0.1278
A1036DL5ZHETR,0.023
A103HJCK4SDW9X,0.449
A103UGG4SMU1KF,0.2882
A1048HOW441Z1L,0.2047
A104F83PVACKQF,0.116
A104GLKB0BC0X4,0.1346
A104MU5UT8V2RB,0.0442
A104UMJG7UJP2K,0.1355
A1050XS5BK823I,0.5821
A10513YT9HLDD8,0.0401
A105ER3X3YSN4G,0.4713
A105UR65IECBCA,0.2038
A106FGNOG02FI3,0.138
A106MB2IVYFRWR,0.138
A106TZO4J5G1WQ,0.0924
A1076PTK36UDX2,0.2045
A10795M6XA74JN,0.1205
A107CTGSINY3GJ,0.3237
A107K10JTO8NSH,0.5456
A107MZZGZEW58W,0.0973
A1086X0XXO401X,0.0791
A108EEYSHGDL6O,0.1374
A108UJC8MQ0REU,0.0367
A108XCVOYNW3QV,0.1577
A1099JALGGQRRC,0.0318
A109KHEJL08HW9,0.3679
A109LJJFZ7M4JR,0.068
A109R5PSA254JS,0.0845
A10A7UY5Z38EHQ,0.3054
A10AAULK3SQEK1,0.5595
A10AJN0K32OUER,0.0786
A10AJVTRP6Z3D5,0.1519
A10ALOMJECNL2H,0.1133
A10AO3WYHO8CUL,0.1991
A10AODXNZLXROV,0.1431
A10B4QUXAHU2TW,0.085
A10BE5PNDI5EWG,0.0832
A10BOZ1ZHLXBBG,0.0944
A10BYTL5JBGPWR,0.0339
A10CSQI215I2DQ,0.1561
A10CT6NX3DLQ8B,0.1083
A10CY1HLD2P2Y0,0.0337
A10DB8F2M9TTOJ,0.0465
A10DQTWKNB57NH,0.136
A10E37WON4IR1F,0.0505
A10E96GAMPIYS0,0.175
A10EGS56HCNHNA,0.0412
A10EII7MQD4N28,0.0609
A10EWWXIMO6MNL,0.0784
A10EZ3EJY8G7G5,0.0549
A10F51ZKTIA4O9,0.1762
A10FBCA2RGV549,0.0606
A10FGXGHS2VS9,0.0021
A10G4BPT5MGBHY,0.4282
A10G79D1O9W0ZG,0.1709
A10H073G5MOLJA,0.3164
A10HF2N5KPK43M,0.2165
A10HHVAYJZZI4L,0.2486
A10HMR6HK3G7ZT,0.1018
A10I7MYH5IYYWP,0.1033
A10I7YDVGDWFB0,0.1077
A10IJO19OWREX1,0.3729
A10JVQAKUOK2A7,0.1425
A10KGRO01ZOXK5,0.6779
A10KQRUNBALNIM,0.2214
A10L0WS2R7YMHP,0.0531
A10L3Z0WNJCYKI,0.0495
A10L6764RJO4X4,0.0749
A10L7CIY9S38BM,0.5599
A10LJMK9LDR2KM,0.0
A10LJTXXDQFTVZ,0.0454
A10LVT7DEAG2G2,0.1998
A10LWFKVC21F82,0.3835
A10M0GF5ZFODYU,0.3329
A10M36I150QVPH,0.1839
A10NJJ9PUSIYTI,0.0294
A10NR1JXIFZYLC,0.1943
A10O225MJB7UCB,0.1441
A10O60PRPVMN1X,0.0065
A10OHFF195UFO4,0.1438
A10OI0SDFKDW93,0.1961
A10P4PJBF8A4QI,0.0148
A10P5LYBOSE58I,0.1464
A10P9PAB9B8GX7,0.2293
A10PBSZYM32QA0,0.1258
A10QQWAYZVX2QS,0.0276
A10QVHHPD3GY6R,0.1175
A10R1SL31CJII8,0.7749
A10R3W26XIZH62,0.1615
A10R5CSRK0US7A,0.0533
A10RIH4V8O16YS,0.0627
A10S9NK38WEQ65,0.0663
A10SX0QRXY0C2Y,0.3147
A10TI8SX6OKJ23,0.0627
A10TO6AQOY9IA5,0.4322
A10U3785QY0BIN,0.2122
A10UWGXXFPB3RP,0.3162
A10VINMGIEJOD4,0.2333
A10WTI6XS1CX37,0.5758
A10X36AI6TJVLH,0.2156
A10X4PYY8XSIZ6,0.0897
A10XW9CASORTU6,0.1111
A10Y0ES5AD7MET,0.1791
A10YUGAL1IKYYD,0.0925
A10Z0A0CLFJLP3,0.1213
A10Z12GG4QRHH0,0.0232
A10Z8FC0SMU5VQ,0.0963
A10ZBR6O8S8OCY,0.5545
A10ZQX5Q8UNUUU,0.0512
A10ZTG3PIBRPLC,0.0082
A10ZWUOV6ULAAB,0.1232
A110JW1MCO3ZN,0.0965
A110N8NDHN35C6,0.169
A111CVE9JHVQAC,0.0032
A111FJVLOFXZYD,0.0473
A111Q8GAVAHH6M,0.0774
A111WCUF5KA2I6,0.5991
A112925MFD2T4J,0.1928
A112HXFPHA2VU7,0.0785
A112N37IP3Y1HI,0.0803
A112Q77IXN1DNJ,0.6012
A112SYEKX4ZTUI,0.075
A112UZSIUGN3FG,0.1142
A1130AMY9KKIBL,0.3203
A1134QXO79NG7B,0.1685
A1134ZM69D5FAH,0.071
A1139SNSYGJV0V,0.0405
A113HJXC799GSR,0.1583
A114HWN9SU0MB2,0.0308
A114M3LC4GFGRF,0.0571
A114ROI4MRZRQL,0.0412
A11510FLJ2SCHM,0.0785
A1151KGEGG0D2J,0.3302
A1156DYSJ6K614,0.1535
A115CGOFVI1TKX,0.0672
A115F55TD6QRDI,0.0807
A115W8XKK6KNQ1,0.0955
A11617B1NW474D,0.0878
A116JE9WSXSETB,0.2176
A116UOS8EL9KO1,0.1717
A117KQ6A4UGXY9,0.0158
A1186VP35L3PE1,0.1471
A1188LXSJLEP1C,0.582
A118A5A1YWAZE,0.0645
A118GK08650JY7,0.158
A118KCQBNDLCYG,0.2099
A118KD11PMSH7X,0.1763
A1193GYDEZ59X1,0.1332
A119HWR3ZUN1FQ,0.4118
A119NOJLISZUGP,0.0936
A119QJ6TQ922RH,0.1409
A119WPCLHDVTUT,0.0683
A119YJZOAWTWID,0.1401
A11A00VAMZNSSI,0.0223
A11A0MJKQFP3QR,0.0077
A11A83SM55W8M7,0.1055
A11A85Z916SLHK,0.1314
A11ANM1C813GGV,0.056
A11AVO8B3DBD7Y,0.1134
A11B8XHBEIOLA,0.2485
A11C2FBX83TS07,0.0894
A11C2ZX984GQW6,0.0546
A11C7WV61TRCSJ,0.0814
A11CPO8OUQPXL2,0.6996
A11DD4IJZ4NCNT,0.2265
A11DESCRU03QNT,0.1526
A11DJSEC2Q423B,0.0833
A11DQ7P1RID4ME,0.0197
A11DT447YV7AAH,0.0664
A11DY12WLIB4UN,0.431
A11DYYOB53LIZM,0.0227
A11E3G4BX5MPAC,0.2715
A11E68589YZ1QF,0.0694
A11E9KUJDWNPD2,0.4301
A11EEK26EYITTX,0.6249
A11EELLPLULTY8,0.2376
A11EICIOKYVJPN,0.0423
A11FEGYNY5LEAO,0.2013
A11FPV18WFXQCF,0.084
A11FTACZ2S9IOS,0.1597
A11GCF3KECY6HO,0.1066
A11GERG49DYFF9,0.2872
A11GGL60114AMI,0.046
A11GR14DRA1IEE,0.1567
A11GU5Z86KUYNC,0.3293
A11GW7K1BH2H6N,0.3434
A11HBOXOX7CXR3,0.0437
A11HWSN9XT3229,0.2225
A11HZMKR7CJZP8,0.392
A11IHV8N5A8IC7,0.3394
A11INR8WEB20VM,0.3009
A11IW3NNICDT8I,0.1661
A11JDT8ZOQ2AUF,0.2111
A11JHZASQN0AAA,0.1966
A11JI4CX8C84OT,0.3001
A11JSNMZFPPLSL,0.4143
A11JXS9PB728PD,0.2762
A11K2HXZB4Z1VY,0.1558
A11K8DAS19K3OW,0.281
A11KZ906QD08C5,0.6156
A11L0WPWZ6EECO,0.2094
A11LCNIDOV350J,0.1209
A11LIFTP3X8SVP,0.3526
A11LRVWS3OTF87,0.0891
A11M65SJ9RUODX,0.042
A11MFOTM5AOPL3,0.072
A11ND10DD5E65O,0.2768
A11NID9C5V1T8E,0.2253
A11OPVWSE8L9ON,0.0719
A11OWHWCBEDVXN,0.0364
A11P8P5YPBW8VU,0.0555
A11PKTC7A95ST,0.0886
A11PWDHFQ7ZMMD,0.2433
A11Q1C1LPEECNH,0.1545
A11QBSZ2ZDW786,0.117
A11QD7GL1AEV67,0.1466
A11R1JP6KKDUMX,0.0458
A11R43WN681ROX,0.3374
A11RJ2HYQK47Z4,0.2348
A11RS5W5MDYCSF,0.3248
A11S4NOJZGS28Q,0.1864
A11SXRGPD5IW7D,0.155
A11T09I465FUST,0.0938
A11T7CEFCSAM9W,0.4746
A11T807LX2EF00,0.7044
A11TUYIJ7ELHWI,0.0513
A11TXE0D42UH1A,0.3707
A11UFTSISCZX07,0.2833
A11UHWNZCRMMZL,0.018
A11UMT3MKBSPW2,0.1107
A11V6ZJ2FVQY1D,0.3616
A11W7GGC7PO28B,0.0661
A11WKK964L0CJM,0.0881
A11WYHDB1YEZOX,0.1988
A11X9HWN09P7MC,0.0434
A11XT24G3PZ8CQ,0.2871
A11XUHFTNZSL6G,0.1332
A11YAPIYIFL6YX,0.4769
A11YGG6PXLJLMC,0.0203
A11YKHECDV0ZTC,0.1944
A11ZP93TJED4T6,0.0971
A11ZSVQGNB0LGF,0.1612
A11ZZ0CJQKEJ87,0.0592
A120KBT5UAQEZP,0.3218
A120ULF73SUTI9,0.1054
A120VDCYC6HMO7,0.0203
A120X9G1RQEXQX,0.0865
A12144PESJTFGO,0.1906
A1214595FW6QUN,0.1059
A121HDE6M2YLUA,0.0822
A121QRWXZIO6UP,0.27
A12253AMYN39IP,0.1143
A1228WXA2HAKDN,0.2415
A122IHCV9NQOD9,0.0216
A122R2NTS8VO3G,0.1627
A122VI7ZG9IANO,0.1667
A122W2UUIAN426,0.1484
A12332BWHBJ1T8,0.093
A123YPS6XTTEBA,0.4385
A1248FMSJ6L7O6,0.0704
A1249PZ3T4C5Y4,0.0449
A124S43ESZI5VA,0.1492
A124XFKG7XD0IV,0.0917
A1257GYGK493US,0.331
A125LK3ZXED37O,0.0623
A125VUC98HIWBF,0.1253
A125YTPPTOD3XT,0.2296
A126NFOEDMGWJS,0.1567
A126OK5X360TMM,0.3381
A126OTEVY1QMGS,0.0663
A126YJTSLQG5OI,0.2084
A127GWY9EUMS33,0.0611
A127TSFHYRZU9M,0.042
A128DOY6FTRVFQ,0.1899
A129DYT9HJ0W1S,0.0832
A129JA5N3CROTY,0.5632
A129ODJ5LISTF8,0.1608
A12ABV9NU02O29,0.6757
A12AG9IF5ZOGZ,0.0496
A12AW4WFT0HXYR,0.4825
A12B899PWJI8AB,0.1918
A12BD1BM69K25L,0.497
A12BUKR6ZSOMXT,0.5604
A12C85BCA4ZETJ,0.0385
A12C9JKW3OQ5XU,0.2102
A12CAGU314Y22N,0.127
A12CJQP7CXTRPB,0.0978
A12CWWEKXZSBAW,0.0623
A12D57PPO04TUG,0.0341
A12DHI42CBTWFS,0.6842
A12DLJESJKM1OQ,0.0149
A12DN7TAI020H2,0.1968
A12DTCU4NTWGLJ,0.2497
A12E2KPAXV0ZMK,0.1626
A12EFX9QNDUJ2I,0.2799
A12EL464UVXGQ7,0.0038
A12EVK82QUTSA6,0.8165
A12EZMJO8APZJQ,0.0912
A12FV6RGJDTEJK,0.1569
A12G3TH850QSZX,0.1539
A12G6KMHMD3UEM,0.0559
A12GKGMTXDHNW5,0.552
A12GX216LFBI8T,0.5567
A12GX7ZUGK638N,0.263
A12HAPY022GVPE,0.0571
A12I4SN5FFKV6E,0.0706
A12J88VJESWKK7,0.1957
A12JCBP66C16WU,0.0756
A12JXN1PEZA8MK,0.012
A12K5H2MPVSP00,0.1841
A12KWE1MN0I9A6,0.085
A12L31UZ9HH4GR,0.1316
A12LGET6D9KLEK,0.0294
A12MWPD224ZABK,0.1863
A12N1AI7AFCWPL,0.0697
A12N3BWTRHTMAC,0.305
A12NI2IUPE897D,0.0711
A12NOROCXAPTU5,0.1966
A12NVLOY8TZXPX,0.5356
A12NY7SQBLALT5,0.0256
A12O92ASZ1S4TO,0.2665
A12OILS0DDD1K9,0.0113
A12OPFEXX5OA98,0.1612
A12P9MVV9ER287,0.1167
A12PAA7R2U81VS,0.0789
A12PH00HFV7N7Y,0.0715
A12PJD32Y6MGSK,0.0979
A12PWO55I1DD9L,0.1901
A12Q4A8T7C2N1J,0.1928
A12Q9DAI5A6GN1,0.0319
A12R6IA3B51BTQ,0.316
A12R72ZG1GP4WY,0.1362
A12RC688FIL54Y,0.2809
A12RMM93L53URA,0.1924
A12S8UQEIPZJKE,0.6425
A12SNT5498ZHNO,0.3434
A12TF4K3ST8G4,0.2588
A12U4DDHUT7AYD,0.273
A12U5BTKIFRH95,0.0838
A12U67U4XQK8RQ,0.0293
A12VFCTTG3FFRW,0.19
A12W30W23UU5K,0.2797
A12W8NRSYR593I,0.2065
A12W8RRXU5DUAC,0.1251
A12WI6F5DSS8JX,0.0127
A12WNOF88S894E,0.6597
A12WV3TL2PXS5Q,0.5719
A12X4GPRZKCUA7,0.1145
A12XWF0V6MN5M4,0.272
A12YEFKGOAJQ5M,0.3359
A12Z5X037TK440,0.1447
A12Z78HEDILMPK,0.117
A130BB7XI2FFQO,0.0346
A130CQASSZLPTG,0.31
A130VGG4P4PW5J,0.3585
A1312B1367WVOB,0.061
A1316A39SBUV38,0.0821
A1317QE44GXBCW,0.2098
A131EK7QBO1PBE,0.2407
A131KQZQ5TUI4V,0.3506
A131UZDRV9FQSW,0.1196
A1322OXUGWSSAD,0.0885
A1323GVRLTJ6LC,0.0685
A132H66QDUL54L,0.1171
A132L0QWXE6B1,0.2635
A132STQ0KVAPWK,0.1858
A1338LC1J4GR3T,0.0406
A133FK8886PGZ2,0.018
A133PRBW9TD9G8,0.0035
A133UN16DP7AZL,0.0703
A1345PBNQTJLU3,0.1943
A134BO5FSFIZ7F,0.1143
A134FLGRITEKQU,0.0777
A134OXKUUA2N57,0.3237
A134XZNXCGU7JD,0.177
A134YX8MCJKY9X,0.0894
A134ZZ342PLBDG,0.4234
A1352CY7YSYAJS,0.179
A1358SQFP6J17M,0.0862
A135D9A7QG4PS2,0.1391
A135SILTA7MLTE,0.0701
A136GYNC7N6VJI,0.113
A136QHBYMSF3QA,0.1702
A137TFG83UJFYW,0.1414
A137YN42MHHIVX,0.2679
A1384AO8T3310I,0.2579
A138HQQKDY777Y,0.1326
A138KVPMCTXA68,0.1355
A138NZC60X2CJC,0.0104
A138Z5HK8H0CLR,0.1096
A139084IQ5GB0I,0.0716
A139TW6D1NB95V,0.0983
A13A8O2M91RZ4Y,0.0449
A13A943ZWQVT0Z,0.3867
A13AMF3QJK1S15,0.1349
A13B7T48AHY6AV,0.2308
A13BBZNBM0WZNU,0.0564
A13CGIHLMZRYRR,0.1179
A13CJCCDQOO5RA,0.081
A13CROC9CRHZR,0.1454
A13CYSZFD71BWJ,0.1797
A13D4AOJLCKNSY,0.3484
A13D89IFXE9UFI,0.1419
A13DOYABNZ49MV,0.1428
A13DTH893NN3ZM,0.1085
A13E0ARAXI6KJW,0.1637
A13E2O57POISO7,0.289
A13E560OURMHVA,0.1094
A13E7XVEXH3Y40,0.1303
A13EILK2QBFULS,0.0739
A13EQE9EY2ET93,0.5371
A13EW30BASZX4D,0.1705
A13FBPNGRJXECS,0.1436
A13FNVCPZYKIAM,0.1979
A13FPF2T69TQJH,0.1814
A13G3DQVH8LYNW,0.3046
A13GH275PGH7MG,0.1224
A13H8Z0F3FJ5AO,0.5479
A13HI5K3F3OMMA,0.015
A13HRBF6V8E8K2,0.0993
A13HUE4D2KGH8O,0.3799
A13IEAQ1T6PT98,0.1711
A13IF3AK5HAFIS,0.2009
A13IGL87IS7LHI,0.0504
A13IOOE7SHE08W,0.2425
A13IV0A6P6VY0B,0.1836
A13JB1PC2F89MY,0.1951
A13JEXKJPGLXPK,0.0736
A13JK2W22MD4GY,0.1223
A13JMJCADZLYIV,0.2145
A13JP4NNHYMLYJ,0.2607
A13K362S8JRU1G,0.0905
A13KU488TJE4PV,0.0134
A13KUKTVB3HOCT,0.141
A13L0WDH5UERTA,0.2292
A13LHEW3590QSS,0.0801
A13LIHZAH2RYG,0.0514
A13LOB9GV3LY39,0.1413
A13MPH77KVE9NH,0.3233
A13MPIMRWHTQ2Z,0.0204
A13MWIJU54DJEC,0.0937
A13NBCL0X46802,0.1071
A13NK37MCF7Y49,0.0386
A13NRL82GSVEA2,0.0055
A13NXNI1984BHP,0.1747
A13O00BU4K4RG2,0.157
A13OV96DEUAR1F,0.3216
A13PD0PF0KAAUO,0.4008
A13PDEZT29QGR0,0.0183
A13PJB7TZIT62U,0.1669
A13QDKVQGRNMAY,0.085
A13QR60U8MRNXP,0.4126
A13QTZXOSEGJD8,0.2231
A13R0MVWXP08NL,0.1833
A13R0XX727WQB8,0.0989
A13R24I6V73XS8,0.479
A13R2XAYRDCF13,0.0155
A13RN2I934Z0N1,0.1394
A13S73MK9GQG4Z,0.1992
A13SAAHO6SPIRC,0.0597
A13SC4R3K4C8P2,0.1295
A13SU76YMPHSKC,0.1837
A13SV3DZKFOES9,0.2033
A13T2PI51VAYEQ,0.5624
A13T2PZDL9U3ES,0.2595
A13TDBULHW91RK,0.132
A13TRW12RTM5GR,0.304
A13TZE5YEGK4K0,0.0923
A13U3T3L4DHAE0,0.1966
A13UPO9KLR2SFL,0.2959
A13UQNMCNE8LPG,0.0376
A13UR3BO2I06WM,0.2122
A13V1YUISXUH2P,0.114
A13V1ZWGVTHU6Y,0.1682
A13VHU0AT3JOLO,0.2377
A13VJYR6NWK0A7,0.3298
A13VKWDIQWTZHR,0.0743
A13VP7IOKP9WZV,0.0996
A13VPFBI3J7ORD,0.0741
A13VQH68WGWYA9,0.012
A13WF5JLZ9S22U,0.0725
A13WMC6L7CYJY,0.0484
A13WVPOHBUYYK8,0.1799
A13X3973E54KAX,0.3467
A13XLRDZESR1DD,0.0203
A13XSC3JNIMHJX,0.0739
A13XV5E9GO2RTJ,0.0376
A13YCEHOME8UYC,0.123
A13Z8N2KPJQIHS,0.1388
A13ZFIPTZ0IVGF,0.3328
A140EBPRD09JJ6,0.0915
A140I400C1OSHU,0.0903
A140OJ8868CWG2,0.2421
A1415U52KHEJ14,0.6468
A141FQTJZSENM5,0.1338
A14227U9GV9WP5,0.0187
A142B32XNL4ATO,0.5112
A142J8H87K9W54,0.1022
A1435L5L25DGN1,0.6194
A1437CAM9CNC1E,0.7285
A143H5DG75E3I9,0.1769
A143LJ4G2OPP7T,0.3439
A144FHU3VKL4P9,0.2616
A144KMKIYK1CXC,0.0694
A144LF2QWLG1ZL,0.356
A1451WNQDLL505,0.0904
A145B8OHVNNFAJ,0.4952
A145J9GK9QXOED,0.1582
A145LBW8ZHF0TW,0.4543
A1464H4HQV0G78,0.0618
A146CA37V0450V,0.5201
A146H6A41B26QT,0.1802
A146L0JWX6KKYJ,0.022
A1473FE8B0XFEE,0.188
A147I3OUHEPT8U,0.1523
A147M79UHMEBN5,0.0144
A147NR0ZMEVCUP,0.0985
A147ZWAKYXYFB0,0.0587
A1481F3USW2ONT,0.1339
A1484U2Y4YFX2R,0.1355
A148G2MH3DV2NU,0.0666
A148NV6Z0HM46X,0.1371
A148RD0JTFTUWU,0.14
A148SVSWKTJKU6,0.0664
A149189MMFBN43,0.081
A149D2HQAWI9BG,0.0491
A149EPYL6YG1EI,0.0567
A149K25QOJMH04,0.1459
A149OJG2Z2WE00,0.0738
A14AQ94H5UFUDJ,0.1507
A14B7QB8G61LO5,0.091
A14BOQH9MGNDAD,0.5507
A14BVDLAQH9ZXA,0.2192
A14CMQKJDXG9P1,0.1088
A14D3GEKTC18JU,0.0035
A14D9Y2FDJEMX4,0.5599
A14DI9HDK2JTEC,0.2707
A14DKZ3260HJ8Z,0.1523
A14DQVZM2SCWZN,0.0923
A14DZ4DT1H96HI,0.2821
A14ENWEKTHCBXR,0.238
A14EQKDO4QXMRR,0.1033
A14EU6NWFFIIQQ,0.1098
A14FFSOOTP0FR,0.0397
A14G1JNAHOYX1,0.0575
A14G6HY50L3UUW,0.2549
A14G7W2YFFNM43,0.5895
A14GOIC2XB5CAD,0.088
A14GS1XORCUL9C,0.2725
A14H32NA22S9WM,0.127
A14H409B3FO7OC,0.0691
A14H4JFNIDZ2GP,0.0403
A14H9KMAMC590S,0.5917
A14HCTUBLWDJJ2,0.1127
A14HHZ0MHJ0O27,0.25
A14HLXYXSDAON9,0.354
A14HTFEFWJCGFN,0.0538
A14I5GLI33UV6Z,0.0404
A14IDWDVENCTJJ,0.3969
A14JBDSWKPKTZA,0.58
A14JPYWVG9FBYC,0.1581
A14JTNLOWCAOP5,0.1322
A14JUNRPE04MBE,0.0425
A14KIKKVC2HVRS,0.0677
A14LG64GIVZIGS,0.4695
A14LKBOG9SVEFT,0.04
A14M1D3PBFTGTD,0.3608
A14MITEXWCKIXW,0.0316
A14MK0W83CBEPN,0.1746
A14MMUI3BSFKS6,0.0242
A14MURR1WAXFA,0.2361
A14N0K6CXW35AG,0.343
A14N4ZL3EDJ0LO,0.0251
A14NA0W8ESGDSI,0.7726
A14NNYLYNREN3W,0.0925
A14O7JQPKJPUF6,0.5898
A14OKD0J24VOGI,0.1782
A14P4Q15IN6DDA,0.2329
A14PBX4WJINLCT,0.2148
A14PGOARRULTX8,0.5498
A14PK96LL78NN3,0.197
A14PR3SQOSUDJU,0.2614
A14Q3RGHAZ8YD6,0.097
A14Q68Z8YBVQF4,0.0489
A14QNO4ZUWADO0,0.1644
A14RFF9JUIM34U,0.521
A14RRB1ZFHD28Y,0.2575
A14SA1LJIIHWW7,0.1294
A14SQ4R697K29U,0.0511
A14TIPMVK2NXBC,0.0548
A14TJSEED0J63F,0.1391
A14TKD5T3K1QEW,0.1347
A14TKH1RKODH67,0.2206
A14UCY3VQ6BSMV,0.0804
A14UDM760R8HEA,0.0697
A14UE4XQKDZN13,0.0929
A14UEG7J3LVT4F,0.1021
A14UXJ0TN7VIST,0.1607
A14V2EWHFBU1VG,0.1651
A14VAT5EAX3D9S,0.1615
A14VBOK755MQ5L,0.1385
A14VM6RP7G4UP2,0.0191
A14W3IKCNQ77KM,0.1914
A14WOPD0VY6EKO,0.0196
A14WR90IP2ZITO,0.1848
A14WY8OB3G5OGH,0.1275
A14X9ZS4UVLLU,0.4816
A14Y0K6ELUJZPF,0.081
A14YJ502Y9HHL8,0.1044
A14YZVQTMRO7NE,0.1711
A14ZIWJ40SAIN9,0.2121
A14ZM0AX0LZNT9,0.3309
A14ZMPSQIQYMQX,0.1027
A14ZU0V7CFWMJ3,0.123
A1508N0BTINOGU,0.2816
A1508QCTX91AYM,0.2219
A1509H7UUWN90Y,0.0832
A1509YCCYCYQQ3,0.3508
A150ELARPGPY4T,0.5361
A150HGBMERW2T2,0.2506
A150Z08BYUXGPR,0.3237
A151EUL2C4GJNE,0.0439
A151GLGBH5MUV8,0.2094
A151IA6N46ZMQA,0.3827
A151ZCR9ZLGI5E,0.1003
A1522TN5FVJL0Y,0.3457
A152KDPYT6YX32,0.2462
A152W19JNMN6VP,0.1933
A15333ONNT2R0F,0.1167
A1533UHM87FNCQ,0.2388
A1537UDR8AHNRB,0.0333
A1539C26K9QX29,0.3832
A153OJR22XJQF1,0.3879
A153WVL696ZWZC,0.0709
A153WZ28YAHOHS,0.376
A153ZGL6N79SK7,0.0911
A154IITKB9DL6I,0.0567
A154R0EH8V8J23,0.6757
A155904W2BPBQB,0.0253
A155WK4J425WSQ,0.5633
A1565CDTDK79WE,0.166
A156CN4CBPIZHJ,0.2134
A156KK9U5E8PE9,0.3947
A156MJLYNC0N9I,0.0653
A157QVHN4DCSVY,0.2795
A157SSOG9HR7PJ,0.1067
A157UIVPN0NYNN,0.1359
A157V5FZZNHC9U,0.0188
A15814Y2OQV3PP,0.178
A158Y9463OB29M,0.2563
A1591PJYM84XQT,0.2479
A159MP5R9JG06G,0.0319
A159OC051GQAVB,0.1447
A159RWUMB4WW86,0.0762
A159XCYYWP5ZAT,0.578
A15A0ZP0U8TWR3,0.0284
A15ACMKT7KBS67,0.0855
A15AJIAQXLPBQ2,0.07
A15AS4VQVMO9DH,0.1571
A15AWJSRSMYJ60,0.1546
A15AXDU8XPIWTW,0.1168
A15BWMJ9L9BMZC,0.2006
A15C61PMI4SSLG,0.1209
A15C76EQOSOOED,0.2018
A15C8OVM4U0DRH,0.0339
A15CGKCIFLL8W6,0.1179
A15CKZDUMULGOW,0.3663
A15CL28ALB7MTZ,0.5121
A15DESEJI0EMFT,0.009
A15DJ0PXR7E9FC,0.0486
A15DS9D143VMN5,0.1058
A15E1U71O19I92,0.3484
A15EQ28RY9MC5S,0.074
A15EQ9J0E2B95M,0.3271
A15EW3G10SZ1VE,0.0803
A15F0X7UOLWKT4,0.1659
A15FAIM6JVNHT1,0.1762
A15FE1GJSZH88D,0.0736
A15FT1LE5BN6XA,0.0214
A15FU4A0FN5I0R,0.3043
A15FWJHO4VIPJS,0.3263
A15G3AAFWI98CJ,0.1914
A15G70V9OBTOVO,0.5057
A15GHGDXRX4VH1,0.0905
A15H05LXTY7WQU,0.2119
A15H3C1F9GTIV1,0.0846
A15H94OLXGM2QE,0.0405
A15HDQYFJHFYGN,0.1733
A15HQC9HRAEBQ5,0.0531
A15I8382ZMJYVI,0.2381
A15IEJ5PYMYY6V,0.3968
A15IF5XBJY2VMB,0.0726
A15J253JLRZK3O,0.1469
A15J7NDEFKDO57,0.0517
A15J8ZIH998DQ6,0.1299
A15J9VEAZGFYOD,0.0961
A15JC246UXZV5Y,0.447
A15JSF1ZVFO3LA,0.1748
A15JXW5JKJGFO8,0.0304
A15KEPPOHK334E,0.2147
A15KU106QR0UXI,0.0238
A15LBV9P4WA7SE,0.1304
A15LFZFZ389K72,0.0175
A15LRA0O06IW92,0.0898
A15LVXQI2YXB4Z,0.0881
A15M18BY0Y5VG5,0.0533
A15M87NSH1OR7G,0.0975
A15MFTBDJP4V56,0.046
A15MM78R3WY34F,0.5197
A15MXB5POWA78E,0.1267
A15N98C8HBYE85,0.2076
A15N9GJS15RB1Q,0.0113
A15NBG9R0ON7UL,0.0201
A15NDUR69UAT7Y,0.2064
A15NF7U92DCBFK,0.1066
A15NFAT4JJBOO,0.0747
A15NH8SJ369C07,0.2756
A15OAV3WRDB3HF,0.1003
A15OR1LSXMMMXF,0.1528
A15PNG5DK1C4AW,0.0643
A15Q4EKG4Y9HH6,0.1906
A15QDF29CM6ZD5,0.3025
A15RAKU8EGD6OX,0.1446
A15S673QB0NKPS,0.1291
A15S6B2C2IGFK8,0.1909
A15SA1HFUOHNAE,0.061
A15SB5FXRONN7N,0.2213
A15SGFFV68SQ98,0.0047
A15SK0MDCPBDYA,0.1377
A15SRXZKLL3GEP,0.0168
A15TBSQXO92SVK,0.0875
A15TWJFPQKWQ3L,0.2348
A15TWWWESR6LDV,0.4578
A15TZXUC8B98B7,0.1512
A15UA3U23AB7AU,0.0492
A15UUAL4CUZKC2,0.1688
A15UUL13Q9IGTB,0.0149
A15VUE5G0WQMYB,0.4293
A15X0PLH5OQAK4,0.0274
A15X64ZP06H8GP,0.1199
A15YEPP645K2KD,0.0735
A15YXD429EZ5PI,0.0592
A15Z6DU12HCENF,0.5291
A15Z6LKYCKH79L,0.0648
A15ZEX6Q7MAZFK,0.0778
A15ZFIUS5H3IKF,0.1929
A15ZHA83WYW1LX,0.0869
A15ZM3XM78HBTD,0.0474
A15ZT939DXGJ3G,0.2078
A1600SB454LHE5,0.2376
A160663SCQJIU,0.0565
A1607VTP4S9UTD,0.2314
A160RLYLLCYD2E,0.061
A160UPRRDIM2I,0.0196
A1616BYDZSJ0O1,0.0766
A161CYGM4UDE2Y,0.1453
A161GHCOYQM6WH,0.0912
A161MTE56L17RK,0.0668
A161NHWBIPVC40,0.2171
A16259GQNNS1Y6,0.0694
A162BBV0C0ZFNK,0.0268
A162H0GEEUFE18,0.3667
A162M4KM9LLKIN,0.3286
A162N7DWV1DJSM,0.073
A162RT5UH3BP33,0.0731
A163G3NOQZF8OJ,0.4239
A163PDXNGQBQAE,0.3252
A163S6S1WXMGV8,0.034
A163X9BJ4G2WLH,0.6015
A164B091QEZH56,0.0459
A164C5LOEXDOWQ,0.0606
A1656PD7I7HNRX,0.0537
A165M5I7VOJ663,0.0158
A165SDH11RSHYH,0.1443
A165SIAGH1GXF6,0.1386
A165V5XOD0LNSR,0.2809
A165WJDRP7ZJYS,0.5437
A165ZGKC9YH473,0.0436
A1663X1FKJE1SM,0.1615
A166NRU4SYKDL4,0.2207
A16727S8XTRN9I,0.1338
A1676VG7B8R9U3,0.2442
A167HY16B0J4WV,0.1143
A167IZ4SSYEGEB,0.3493
A16891I4E68KES,0.0666
A168ANO6TSR29N,0.3289
A168B0VAQ1RXKB,0.1662
A168KEHZ03AQDT,0.6209
A168U3MED8LMH,0.0624
A168U7KECHODCJ,0.0807
A169GRGIF24X1Y,0.0883
A16A33SHL9D8K6,0.2896
A16A6P4SV7P2AF,0.0736
A16A8L7F22TFTC,0.0586
A16A9EAUXT946Y,0.3165
A16ABFLJE4WCE4,0.1308
A16ACKP8KU4Y45,0.1161
A16AGIERBI1O5Q,0.2671
A16AMS3UZAD4F2,0.0319
A16AXQ11SZA8SQ,0.6457
A16AY9KJA9V0A0,0.0184
A16AZDBUMOGZVW,0.1095
A16B67Z2FNDMK1,0.2547
A16BHCJ0MX8SVU,0.0574
A16BJ1ZSJ5BJ0S,0.1503
A16BL50YMMQDJQ,0.091
A16BZCZU77GO12,0.1224
A16C4WEP3NSNWL,0.029
A16CMQUS2NUA9J,0.1961
A16CQZ4ILGGWON,0.0473
A16DCK5GG96HYT,0.0999
A16DFGS27CCRO2,0.1325
A16DLBQYL5XZB0,0.0938
A16DOLGLYL51IJ,0.029
A16DRUJPZFAZ02,0.0939
A16E2MZ0QB3ENG,0.0914
A16E4SG1MFPJAP,0.0418
A16E6MN3K2K25G,0.0257
A16E9YXBRFX4G4,0.0691
A16EBND18E5ZHB,0.1499
A16EEJL5KR8D41,0.1766
A16EIVIBBXFAQ0,0.0642
A16EJJEAWOUNKV,0.0329
A16ER04N6C56AI,0.2049
A16F8HVXAW8OU0,0.0944
A16FZ6XSG8YG62,0.0667
A16GBXDS51J019,0.7355
A16GS3X4N6BTBJ,0.137
A16HHIZOJRV9QZ,0.038
A16HIYVI6ZHSWQ,0.0645
A16HVAT198LDZW,0.1803
A16IFD5H3B2SSJ,0.0775
A16II8I82LUNW,0.5532
A16ISYMCYGT0NB,0.2436
A16ITYYOPBBP2R,0.1769
A16JAUA4EVY7I7,0.0127
A16JKS53PQNLJH,0.1802
A16JZZ0DQ1L9RB,0.0744
A16K0JF4B8GTTP,0.1179
A16K2HN57B03T2,0.0719
A16K31S8LKPNIU,0.1041
A16KC5M09W1TZP,0.1074
A16KHSWVOJ9FAS,0.4022
A16L2NTYZTVAFS,0.1793
A16L40NUWWCL3F,0.2284
A16LE2XBKYYRJJ,0.7113
A16LGTTUBTLJFO,0.2469
A16M1TWWCCB1ZP,0.1772
A16MAT54GTKJYS,0.6112
A16MILIILH2L0J,0.2635
A16MJG4CJQCQ2L,0.4245
A16MQJZIJS96RK,0.1317
A16MSQND289BB9,0.0515
A16N9FHL60RAST,0.1726
A16NKN3H0S8X4R,0.1791
A16NLVVDH53YXL,0.0791
A16NVHD01VD0OO,0.1394
A16OU6WSH4KO3N,0.6053
A16PC6OQEZ97D3,0.2035
A16PERDJHILDUB,0.0067
A16PHGHWVJJ7ET,0.2337
A16PMQP17VCNRG,0.2506
A16QISHQDP5DRO,0.001
A16QNZVAPU4QLM,0.128
A16QS56Z242DFR,0.1359
A16QXEPKD4L3YD,0.093
A16R1OO0S7GQT1,0.1557
A16RE3TUG5NKH7,0.1316
A16RSAY1DXB6PI,0.0938
A16SAFL1YSO4HJ,0.1541
A16SDGZE5TOE9G,0.1356
A16SPGA83A4J8H,0.2622
A16SSSU1OMPH7Q,0.0796
A16T2C41GZYAJZ,0.2638
A16T3UK6PT4U1C,0.106
A16TDHT7MD010,0.0851
A16U05YI0TGT45,0.4111
A16U3C7XTPTN9U,0.0705
A16UIR2SWHISLV,0.5679
A16UVP57IFSKM4,0.0754
A16V225AC428S,0.1421
A16V2VDFMVENYZ,0.1004
A16VJ1B9TGRI83,0.1875
A16WOC81I9577R,0.3359
A16WPA6JV83YXT,0.0919
A16WUUPTVZY5Q7,0.0556
A16WXVAM19TK7O,0.046
A16X2PZ0YL4YGT,0.0177
A16X7ULTP37ZB5,0.1
A16XEVZNVOAV4J,0.091
A16XGFNF7S96S5,0.1126
A16XMAV7A6O8T,0.2009
A16XP5QR6W3I10,0.0784
A16XP68XX8K6TO,0.1151
A16XR62RVQZIIW,0.144
A16XRPF40679KG,0.108
A16XVKLTBZ8JTE,0.0812
A16XW35Y0GNA9U,0.0882
A16Y3GMJREN2BJ,0.5432
A16YNNT757JVUE,0.0637
A16Z2SSH1G2931,0.2687
A16Z372TZKBYTB,0.1651
A16Z9OKB0NVI3F,0.1613
A16ZMNTYWML6T0,0.0882
A16ZR5JCWVCE8C,0.0571
A16ZTIWRM5LPR,0.5595
A16ZUVMJB0TUA3,0.1034
A16ZVVG5I2GY1Q,0.1866
A170GY15JIVYNL,0.1355
A170RZH0I1IYY0,0.0458
A170TP8EJWHHNT,0.1968
A170Z7HTN9NDIJ,0.1371
A1711PPDF8ZA29,0.0268
A171DCQMND21L6,0.0785
A172128JFW8FLY,0.0364
A1729GBE8V1U52,0.0682
A172E07O62AMFQ,0.5427
A172E9UTRMI70M,0.1126
A172LET5CHK02U,0.0612
A172PS6VXSQOHU,0.1948
A1730IEKFGKPET,0.2683
A173814OIKA2OY,0.6624
A173E67DTI967D,0.3783
A173WMKILCSAK6,0.0201
A173YMJ9XFVRSY,0.015
A1741583PWMYLQ,0.6338
A1741H3K1XUOQ1,0.0405
A1749QO20EC9IZ,0.1509
A174ATN0RIDJCC,0.1398
A174GZFJGYH66D,0.0855
A174P367YZ02ZE,0.0044
A174P9KKDTL25G,0.6607
A174ZF0GWJAPY9,0.1729
A175CUNTIOUTQH,0.1982
A175LCRLFN26Y,0.2621
A175MRV9G6VH1B,0.2441
A175YX8SLVMJUH,0.1914
A176A3B6B22F2S,0.0843
A176HPVTIMJNNT,0.1401
A176I91EKBXT0S,0.5722
A176V4EOHPY3AK,0.0785
A176ZAH15GF16S,0.0828
A177CNX1I141Q6,0.0368
A177DLT3J5AYBZ,0.2476
A177EE11AYO4XW,0.3321
A177R7NZ4APQU,0.0694
A177VGRGU5B0S3,0.05
A177W67WLX5I09,0.0246
A178BH1Z4UPYS0,0.0219
A178M2AHNWQZB0,0.6597
A178PX99UVJDLV,0.1547
A178TVO71BE58N,0.0339
A1795N8UEAGJP8,0.1624
A1798NDDG99BM8,0.3757
A179FCFOKQGJFN,0.0149
A179KXIPWL14XW,0.0478
A179LG0EC4JJQJ,0.0197
A17A1GLCQ6QOEY,0.0676
A17A1GNT0CQS8T,0.349
A17A1KTVI3DG6U,0.3202
A17A2WL6R1FTBZ,0.2451
A17A35HNLZ7Y4V,0.0361
A17AMUJB3JB7FU,0.2009
A17B74AEQVYYXH,0.1021
A17BXEYO3C9K68,0.0944
A17C2HMQ53BOXX,0.1315
A17CBF9U0J82SI,0.0745
A17CEBYTEJMAB3,0.1159
A17CXXQUDPQASN,0.2175
A17DSCGDJ6MZXS,0.026
A17EO1YJ50LGZT,0.0653
A17ES5MB6H4WTY,0.2654
A17EUNE7M6D0EO,0.2118
A17EX7ZF5GYTYD,0.4478
A17EXZEX71ZTMU,0.0548
A17EYZ6YY4TX9I,0.1184
A17F0TGZJ4KIGJ,0.1499
A17FECPT6KFOLG,0.4315
A17FJQIPBINI95,0.0122
A17FLA8HQOFVIG,0.0506
A17FW3I6CJW3S0,0.5279
A17G4Z16NXFJJ9,0.012
A17HCRR6EEXOML,0.0649
A17HVJ3WXQXJ8J,0.5122
A17HW66D6M1QUR,0.026
A17I1OT1IXYUVI,0.0682
A17I4QSLUA9QES,0.0789
A17I90HQZKOFT5,0.0869
A17IEN99LC0MSZ,0.117
A17IG5H5WQQIAX,0.0669
A17IVHMQPJW54Y,0.0364
A17IVJ1L8E8PJM,0.1955
A17IZXXVPZL8JB,0.3166
A17JFHJ8BBIR4R,0.1635
A17KHJK5E1GMQ4,0.1973
A17KJPB5F0OXBL,0.0296
A17KP8THH33QU4,0.0333
A17L0DNOEFGS59,0.466
A17LB2OT2Z6MZQ,0.1226
A17LBX7T648JLY,0.0953
A17LGOGVLECFJM,0.4204
A17LIW1UGS6IKT,0.2336
A17LP8AGOIJXE,0.0735
A17M1CS6VCG3YZ,0.2495
A17MAO3MXYP3DL,0.1535
A17MCKXQWD7GHM,0.0973
A17MJK0QV9EEV3,0.3204
A17MS7UUC1SPFF,0.0173
A17NIV43S4TR6K,0.1343
A17OF6WF11SFPG,0.131
A17OGDN4Z87DN4,0.0298
A17OOVKR08H7FR,0.2752
A17OR6G6WSD07,0.2116
A17ORYLLNUPMOO,0.1974
A17OYW896EY37V,0.0462
A17P2D34W0OREP,0.148
A17PADFFUPKPEZ,0.0985
A17PBBI33RSYY4,0.0685
A17PI8O2JV8NT9,0.1051
A17Q1SQXKDRIQQ,0.0705
A17QK08MMNRNJF,0.05
A17QK5UZE1ZX8K,0.1092
A17QQD15JX5SCQ,0.117
A17R2CTKPKJUXA,0.2028
A17R93Y4NQYM3,0.0878
A17R9HPXLAXB92,0.0744
A17RCM9N1K6JL2,0.1028
A17RJCN1548VXD,0.0085
A17RWEME19SOB3,0.0302
A17SLR18TUMULM,0.1
A17SVSSNUU318W,0.2291
A17SY05NPN8IF2,0.0798
A17TASZJT6Y39D,0.1224
A17TDZP3FJUKV2,0.3795
A17TKHPATJ7MOP,0.1787
A17TLYHRMU7RZL,0.1936
A17TXJ5ZVYS42Q,0.7221
A17U0DIVGKQ9Z6,0.1451
A17U12E2LNDSYL,0.2113
A17U77D5PE0ICC,0.1658
A17USV4BLET4JX,0.5094
A17UXLU67F0CCM,0.4966
A17UY1A5RVK5ND,0.0997
A17V2N0N8CXSA9,0.2495
A17V6P0K051ITN,0.0868
A17VIG8V3RAUCK,0.2191
A17VNAQGV5ZTQP,0.2091
A17W3Q783YMMQP,0.1291
A17WDJD8RP754M,0.0917
A17WER66R17JEF,0.2267
A17WJ14DHCVPIY,0.1762
A17X91STB6652Z,0.0332
A17XSLVRA2XKG6,0.3438
A17Y00UME9QN76,0.2269
A17YJINEKNFWLE,0.2687
A17Z9D1UHLZDXR,0.0509
A17ZAVJP17IPAY,0.0894
A1800JFPSFGBQJ,0.1655
A180FNDDHI6R25,0.2981
A180GT4JL6MXKV,0.6547
A180IQJFK1MNQV,0.5643
A181KV0SBM1OIT,0.1037
A181OOSC0988MC,0.1592
A181QQKDEDIBJG,0.1077
A1821YCY7HBQVM,0.0249
A1822R5FKWCW0J,0.1439
A182EKEXZIKGO7,0.1475
A182F9QHQGWQWC,0.0656
A182LVN6WX674A,0.0146
A182M922SDMOP3,0.1531
A182MBZN9TDOEK,0.0993
A1831FGEZY32GB,0.2178
A183ECSGK2NME3,0.1204
A184DYJSMSSR1V,0.1759
A184F48SN5WFPU,0.2227
A184ZFZZBWEXMS,0.5184
A184ZNI4K5ZSHY,0.1232
A185KFSQEB0R2,0.2621
A185W1N5XXAJA7,0.1609
A186697K4XKXQL,0.8575
A1866QAST4YXJV,0.2034
A186HWFQGSTCZF,0.1206
A186TVLL333OW9,0.1048
A186WJ3EFN42GH,0.0983
A186ZAYP2L4CDZ,0.0082
A1870HSJM51K62,0.3273
A187DV2IG7HWIX,0.083
A187ELDGUJ8X0M,0.0736
A187JICONF2643,0.25
A187T302SATLGL,0.0381
A187UY8VACGA78,0.135
A188I4122HPDGO,0.066
A188I9PAAM0YH2,0.3738
A188Z4OYGLUOE6,0.0788
A189KTQMG3B8AF,0.377
A189L1FE2V8U,0.3066
A189U0RDD32SY2,0.0402
A18A2Q0UNZU1LQ,0.0636
A18A43JT24I2G2,0.1253
A18A5VSD0IPN14,0.4462
A18AMM8NYFR5M8,0.1035
A18ATM2Z5S0DMF,0.1447
A18BBRD8CQ8IZ2,0.1872
A18BM80EIEB47P,0.0743
A18C3Q2YDXAE9M,0.0306
A18CF0Y6UNYQQR,0.1414
A18CTDP62JZO4N,0.0665
A18DMS1M5J2AMM,0.0614
A18DRCI6HX5I3E,0.1568
A18DV63JGL02ZS,0.0113
A18ECVX2RJ7HUE,0.2465
A18F32WLCGCJF2,0.1457
A18F4NDM538NH8,0.0432
A18FO6832LOCKS,0.1651
A18G0T8TBKCDKX,0.0651
A18G1LXEBCA94I,0.1775
A18G4OGWT2BLJV,0.2528
A18G57WD2NODGF,0.4052
A18G913CY3JSA1,0.0655
A18GA9A0RQHZ9N,0.145
A18GAH9I8BJEY5,0.0788
A18H6KCOM1IPDZ,0.5602
A18HE80910BTZI,0.7363
A18HHON17J3LH0,0.0949
A18HOTPCF2137O,0.0364
A18IG1JEQV7NWH,0.1667
A18IGEWK027X8Z,0.2373
A18J43NUXI5L58,0.1681
A18JJ4NIOCHZAT,0.0552
A18JJO2Q7HFI3R,0.1699
A18JLLELSIXPFD,0.0736
A18JZAS20LJ9L3,0.0969
A18K3WAHLBIAFR,0.0633
A18K553B4TYQLN,0.0221
A18K7GSANTGS4M,0.0846
A18KD8UPOCS5J8,0.1167
A18KTZDRCDQLRR,0.1331
A18KVG5DR2T8IQ,0.1344
A18LBGL7L9FEZV,0.3352
A18LGW86QQK3CY,0.1641
A18LRCJF3KT86S,0.2091
A18LRTMVC79HGL,0.0316
A18M104D8EJ3KZ,0.1767
A18MG1GPSEAPE9,0.4202
A18MKVZDPEFYDB,0.5981
A18N6XHHRXGVGR,0.0305
A18NBARHR5HI7J,0.0377
A18NCWBIHF6E7Z,0.3322
A18NKC7YBJ88WN,0.062
A18NRQBOI8QBO9,0.138
A18NSH50T6W3NG,0.5772
A18O2IQ58TLSFY,0.0353
A18OM5314O9EEF,0.1765
A18OW97MOJRTEU,0.2262
A18PF70EX5JFUD,0.2158
A18Q0YU1FMO7TE,0.2943
A18R0KXH8HVBEK,0.0322
A18R250OO3TNBH,0.2381
A18R50B4PS1Z5X,0.6797
A18RGYRCEN181M,0.0198
A18RQT2T3WT3N4,0.1646
A18RZLFVFN6697,0.3336
A18S2H6K385GS4,0.0865
A18S2QNFRUHRBV,0.7328
A18S2VGUH9SCV5,0.6692
A18S63SLWHGY4M,0.1296
A18SGFP8689G2W,0.1896
A18STJN3901AV7,0.2297
A18T59LANW5KTH,0.2755
A18TN82BDX2KG6,0.2223
A18TNHAESSPB6V,0.1423
A18TQCVWRDHFF3,0.1316
A18TRCSB0YO78B,0.0171
A18U49406IPPIJ,0.5401
A18UYPP6BTEYWS,0.0823
A18V2UV5KMFDJL,0.0749
A18VT1DRJ4ORA3,0.158
A18VVXX4N85277,0.0321
A18VWWTYGGR18Y,0.0195
A18WXDHTOSE24Y,0.0792
A18WZF35AXZGOP,0.0127
A18X0BKCUBO1MC,0.2732
A18Y5LAQT3FHYW,0.0792
A18YAHLIMDQ8AE,0.1338
A18YNOGKAVBWFK,0.0474
A18Z23L1WQA527,0.0612
A18Z240JZC5A4M,0.5925
A18Z7ICRLVHBBP,0.5649
A18ZUAFAVH99DR,0.088
A18ZYBZLR66IWK,0.0188
A1906A0LU2NT43,0.5906
A190J7U7F31OJ5,0.0861
A190N2UMF2QB2D,0.1319
A190QOMI2IBLTC,0.2792
A1912PQLG8WJQX,0.2509
A191BPZUTLYZQ2,0.0364
A191CSYUO99KB7,0.1868
A191HG4NP6G4E5,0.1408
A191JMHNVH9HHX,0.0182
A191NP0360BC6C,0.0033
A191YSK36U58TK,0.3248
A1923ZN928LINT,0.3487
A192TR06IXSTBL,0.2201
A1930DWCIQQKYI,0.6161
A1932LBH7T4OS5,0.0713
A193KJKYP39WMD,0.289
A193N9XJMK8TJE,0.1176
A193VA3R7KJ0SK,0.1404
A194CASS07MYI7,0.0985
A194CK73XGVO32,0.0847
A194GR8CAMVSYD,0.1183
A194M4Y4BGPQAR,0.0804
A1959BRLKVD2JB,0.0262
A195GMC8TGVQWL,0.0995
A195HVGDYTAKTU,0.279
A196D8WNI6JXBZ,0.3537
A196RS4OJDRUFM,0.0427
A196SEEGLL4OGD,0.1954
A19777EFL2WG1V,0.3492
A197GOEU3AVT4W,0.1821
A197N1F33R2NVJ,0.0686
A197U8ZO3G4VMI,0.1006
A1987KVD4EHEM5,0.1855
A198M311Q3VRYF,0.0948
A198M9M2PUJE2Z,0.9223
A1991DX3FIMS3P,0.0272
A19950XRZ3CEC7,0.1638
A199NH036BRF1B,0.1074
A199YXNUJNG8U9,0.1133
A19AJJWH6HIGIV,0.0644
A19AOPAJWE74PS,0.1176
A19BA3QWTJ1ICZ,0.0733
A19BD31F0JKOJH,0.1345
A19BRO8JAP3QHC,0.329
A19BS4L407BH4H,0.1353
A19CHPJYCCIJ8B,0.3039
A19DK14D7WNY69,0.4542
A19DZGQO039QEC,0.0476
A19EVOYPY0O1V1,0.144
A19EVWARPV18L8,0.1476
A19EWWCKANUXOY,0.3555
A19F4FDY84A7QC,0.0613
A19FE20SX8RIE4,0.0746
A19FK9FZ19RF36,0.088
A19GL7DKIMQHTB,0.0673
A19GXNAYV5B9HW,0.0503
A19H2IOBOD17W6,0.1105
A19H6TQ0NFXKVT,0.0535
A19H8SQC5NI0YB,0.4127
A19HX7W7B7COQB,0.2137
A19IASZ83L5KEP,0.0698
A19INAD8AIII7K,0.0977
A19ISZDEMV7EHE,0.0898
A19IUOWRTAMJP3,0.0485
A19JA9J3BFBKNO,0.5053
A19JGPUJAX048H,0.3116
A19JJNZU9P2L3J,0.2046
A19JO0D9LYFJZF,0.0806
A19JQDF4EJ5FLL,0.0814
A19KDH5T27HHHF,0.0334
A19KE1KWDSKPK3,0.1525
A19KKGYEK7824J,0.1726
A19KRW2BE0J5MK,0.0609
A19L0B0F5YXJNK,0.1561
A19L5FPNB5CWAR,0.2499
A19L6EW0AW9V80,0.0833
A19LEE1KU5Q16E,0.0171
A19LEPDX379Q21,0.0378
A19MDJ4YKXPLQH,0.076
A19MJDGYRZBJAD,0.2543
A19MQXMGUZBAAP,0.182
A19NCLETYECEZA,0.0686
A19NDX9QNV74DL,0.1065
A19NIDRZK9FKVI,0.0898
A19NJZYYSYJXV8,0.0503
A19NLU301K2AWX,0.3824
A19NP8YYADOOSF,0.6046
A19O4RWULCJ62M,0.4648
A19OGAG7JJ8G8D,0.0151
A19OIYZWTM912O,0.1618
A19OOBH96A90ZV,0.1546
A19P079R8YSUTK,0.2255
A19PU25XXOA33T,0.645
A19PX0R54DDD3V,0.1812
A19Q3HK34DR5H7,0.0881
A19Q4KWHKVMSWW,0.0786
A19QM6GJ0AFT0D,0.5615
A19QS32Y3P4EG6,0.2186
A19R1AVTOCCR17,0.0188
A19RE9BO3CCLOE,0.325
A19RE9LBQIX90B,0.5826
A19RRTKHBS1MY7,0.0623
A19RV6KY64DV95,0.2598
A19RW25Q6206I3,0.3762
A19S0PVHO7GF1G,0.0886
A19S2EW8N827YZ,0.0644
A19SK8A79L0R1J,0.1148
A19SQGUKEU3II8,0.0545
A19SXS5PEC80UQ,0.3871
A19TDQ9HVYEDJP,0.0409
A19TGW2FCAVBPH,0.1478
A19TVD4NHYOQO2,0.1966
A19TY4TV2FZDRT,0.0672
A19TZDJH8SNS6P,0.1445
A19U3O29EUH8HC,0.2808
A19UKL133P7SMJ,0.1542
A19UN7G3Y8FVCX,0.1288
A19V0CXWYKWLZQ,0.07
A19VATAS1SQ4GN,0.1562
A19VISO9EHD1OM,0.1144
A19VLJLK7K1ELX,0.0599
A19W77ITO6I1CN,0.0254
A19X4BF861LQST,0.559
A19XB1S822WTEE,0.0573
A19XJ23SIL59LR,0.1567
A19XTT96R6PCUI,0.0917
A19XV8E7ERDUGV,0.2739
A19Y5KKXMSPM37,0.1173
A19YA6G6J25YG,0.1395
A19YURQJ1XIYT8,0.069
A19ZGLT6MCEMRT,0.0458
A19ZKIVEDKJKBQ,0.1402
A19ZRAIDBMQD7M,0.1056
A1A00YVB26GBWF,0.0719
A1A09RGNSOV0CI,0.1136
A1A0XTCWVSYV7W,0.0232
A1A13SOBLDFVNX,0.313
A1A14VELOGLKKP,0.071
A1A1G5Y5D280ZA,0.5856
A1A219MG5KOKIF,0.1026
A1A21GIPMY89BZ,0.325
A1A24NBE5WZRPR,0.47
A1A2F1ZOWOPNJB,0.4335
A1A2I3VKA3EVU4,0.42
A1A2QC2ZRG923O,0.3082
A1A2VXX90FYSB4,0.2568
A1A2ZIA8FPQLG6,0.0999
A1A3BVKMTVRJKZ,0.5369
A1A3JIMJCG87GW,0.4378
A1A3LRH05PKTBD,0.0699
A1A3N6YJ9NARD7,0.3782
A1A3SWARGP6OF5,0.0165
A1A3SWY3JMRBWG,0.1434
A1A4Y89JVUJPLI,0.1282
A1A4YDTTVHB81E,0.356
A1A5FHAPYTNF45,0.0989
A1A5YCDT4CWDHO,0.1267
A1A64AHFX5A2GY,0.1436
A1A6C30655N426,0.2149
A1A6L6E9JC948Q,0.0608
A1A6P7R5UUKELH,0.2228
A1A6S41ZJ9T516,0.0248
A1A6S63BPS6OVT,0.0528
A1A6UYFNC1L304,0.4019
A1A7HMNIBKFSCK,0.3071
A1A7HRQ3TZ6ACA,0.0936
A1A7J8DXEDVLBE,0.2533
A1A7OAQB7R304S,0.0752
A1A86MEB7ZT41G,0.0068
A1A8JQLSNLZ4RO,0.0958
A1A8KFAUEZLFU5,0.0464
A1A8R9JTQ8ZSXG,0.1016
A1A9APSQBT5M5L,0.1136
A1A9BAB8AO2GK4,0.0075
A1A9IAZ88UAUY4,0.0411
A1A9PD00UVHHVI,0.2313
A1A9V7CX6ZV2L3,0.1745
A1AA1JLOJMLKSR,0.1475
A1AA56T6AO1206,0.2247
A1AA9SKVKUTJ3H,0.0049
A1AAIB4Q9S0Z7S,0.362
A1AAN6JOPT86NQ,0.0839
A1AARMR653JKX,0.0665
A1ABL4XPOB0HEG,0.0031
A1ABQZ25KYD4W7,0.087
A1ACAALYJIDMXI,0.0846
A1ACAFJGX98XOM,0.2406
A1AD92Y0NN54OH,0.1176
A1ADD3J2AQXY1X,0.0899
A1ADWGC7NVZTCU,0.0341
A1ADXPG4IZ7OFV,0.184
A1AEAEG5RH5HS3,0.1105
A1AEMJE2R27T56,0.1696
A1AF8M8XHV1B8B,0.0555
A1AFY8WLHKC20T,0.2558
A1AGAMA2YMJ90Q,0.191
A1AGATO4YTQTFE,0.0773
A1AGEK302YU5WF,0.0332
A1AGSWYLP41VA6,0.2848
A1AGUO5PPZQL6S,0.1867
A1AH19J23TGC1X,0.1933
A1AHE1OU0ZFJYQ,0.0324
A1AI98IW5RK9JL,0.184
A1AID6QR7MDFZL,0.2235
A1AJS3HI2VSHU2,0.1031
A1AJW4ZAS9OJ87,0.0786
A1AK3CPQK4ZCG5,0.1651
A1AK3IFQKND63Q,0.0841
A1AK8W2LC4NQI0,0.269
A1AKC5L44ANZZN,0.0199
A1AKDHST4X5P6A,0.2155
A1AKGNR0ZIKCSL,0.0197
A1AKUW9E4W77GT,0.0318
A1ALIH2Y62LO4O,0.1214
A1ALN7226TTZCE,0.1791
A1AM81W30PWP9U,0.0609
A1AM8VAJOH8CSZ,0.0785
A1AM97PWBXRM6D,0.1147
A1AM9PCG8QROMY,0.3911
A1AMYI63702RLA,0.0933
A1AN52QBXRDMUV,0.0937
A1AN8720TXNMLI,0.6062
A1ANR7457JAB2Q,0.0538
A1ANW4N2EU5BGF,0.0958
A1ANZW2PEFQ7HO,0.0611
A1AO429BRZ1CBR,0.0142
A1AOH69GE3SPS3,0.0969
A1AOMG2Y0QR6N1,0.2444
A1AP1ISMSL6GD5,0.0837
A1AP7GZOMZ7GQM,0.0885
A1APEMHBJD6FQJ,0.1068
A1APT9S64ARZYX,0.2455
A1APWGKYWMMJ93,0.1368
A1AQ84YBVRAI2Q,0.224
A1AQSF3Q1YCMFX,0.1085
A1AQZL6GGFNZYC,0.172
A1AR2S7Z21D1TX,0.0939
A1ARJHCZ39UZBG,0.1012
A1AS0WT5Q7WE9M,0.0713
A1AS9UM2UGNUTO,0.0413
A1ASEZSAJBL10W,0.0855
A1ASQLM5XCBT94,0.2159
A1ASTWUGEZV2YF,0.2976
A1ASWDAEDTTY5I,0.6052
A1ASWOUFFGBT37,0.1416
A1AT5RE89LSXTN,0.2182
A1ATGZJ0H9O9S1,0.1508
A1AU12CZ4G4DWC,0.0946
A1AUIULRO9ZQVR,0.1105
A1AURFRHFDDVMQ,0.3002
A1AUX76Q045X4B,0.1138
A1AVVSYDH3C3X,0.0653
A1AVX8UBBZQX3B,0.0579
A1AW49AFO0N7HI,0.3277
A1AW4QYZTK1VGA,0.101
A1AX8QQ37VJSGC,0.0443
A1AXRTJMBD57XZ,0.4055
A1AYCDPTKJ0MZA,0.4094
A1AYGGS9XE6V27,0.0139
A1AYQUCG73HKA,0.1568
A1AZCY9B02R1YX,0.1913
A1AZO2ALUTA6QW,0.3056
A1AZUEFZNTUWVJ,0.3332
A1B04MLSX8DDPX,0.3785
A1B0DAWWRH46UI,0.1492
A1B0Q49HG8LABS,0.0731
A1B0YO04O40C3M,0.5516
A1B10WMNK4YMDV,0.204
A1B16PGS65QK2O,0.0446
A1B1LNTPTCRNJQ,0.0197
A1B1S6XMDBYOIW,0.0732
A1B21AUH29LEM2,0.2226
A1B26TNQEWHQ4K,0.2128
A1B28FZPRF2MZA,0.0066
A1B29I661YGZEU,0.0842
A1B2RV0PLWTNU0,0.1838
A1B2U9EK3V1NVO,0.1367
A1B39UAO9N7Y76,0.0031
A1B3GNO9C8YX0N,0.3901
A1B3H3YVW67074,0.0634
A1B3M9FMMDZSQZ,0.0381
A1B4A3SUPMPOTH,0.2313
A1B4BHIET8AGI7,0.0952
A1B4CTI5R3BCFW,0.4375
A1B4EJMGUGPMX3,0.0968
A1B4HK7566J44M,0.2709
A1B4S0LMDEX7ZK,0.1249
A1B4S4517BT7BT,0.0549
A1B50MNUGBGT0C,0.0204
A1B52CX9YT7PZM,0.2878
A1B58KH3REUIMK,0.0963
A1B61U6J5C4EW7,0.151
A1B631XBNEWYCX,0.0679
A1B6TLJKZ5EX6F,0.1831
A1B6YOS7RVS3NC,0.1612
A1B70ZEWQ6UH1A,0.5927
A1B725VQO5W1NM,0.1033
A1B7B6UI99HLV7,0.1883
A1B7R8W5COBV9I,0.2191
A1B7RQCLAE7SGL,0.2222
A1B80MVU7ZODF9,0.5184
A1B8X1EUTIT900,0.1002
A1B939OD0LHXRN,0.0654
A1B9GMSUWE6QVT,0.2216
A1B9QFN9YFZD90,0.0954
A1BA2J43GAZGZM,0.1168
A1BAMTAYTL6F6Y,0.0231
A1BAXAFC8XKZQM,0.0299
A1BB6P6IKXY1I8,0.6619
A1BB6ZKSC992GR,0.0324
A1BBLVUX9BAEUP,0.1435
A1BBMJXEZ8Z3R4,0.1803
A1BBWFS8UOXWCD,0.0765
A1BC8Y3P50D0KG,0.6893
A1BCRUKZ7RODL9,0.2216
A1BCWC3MLLAFC9,0.038
A1BD3887746IQT,0.0339
A1BDIDCKY8VI7U,0.3436
A1BE3A4RRD8KU,0.0716
A1BEO04IJ0G7NY,0.1103
A1BEOAD1D9QNB6,0.1514
A1BETBY51PEUVE,0.0985
A1BEYJZCL0FMZ6,0.113
A1BF231Y3N3A77,0.0624
A1BFG247EAD7ZL,0.0879
A1BFT3PRJUYR46,0.2606
A1BFXDCTEWBJC5,0.1405
A1BGIH6FGCQXN0,0.3749
A1BGQVWHIHQCPG,0.3729
A1BGWSXTGQV9J9,0.1227
A1BH7KZU6WUJXW,0.0704
A1BHCRAPM0OI1W,0.0959
A1BHJXUOSXICFO,0.0581
A1BHLBH0RG2J4T,0.1612
A1BHRNLW2L8KLD,0.0293
A1BI1OEF6WZOZS,0.2609
A1BIBUO6NR9JV6,0.1427
A1BIFMOK5Y0DXD,0.0354
A1BIGPJOUZ2UCL,0.0249
A1BJ7P52SI3WIS,0.1107
A1BJUMKKRLK9XX,0.2539
A1BJV8YFSE56LT,0.16
A1BKFYRSWMWZ1Y,0.0677
A1BKI0FLL1G5R9,0.1709
A1BKJNAWJT2TG2,0.3495
A1BLCFMS4P6LY9,0.394
A1BLWLLY8UW1EF,0.0802
A1BLZC6IOHCS2B,0.3799
A1BM05OGBAWQBZ,0.2358
A1BM45N5F304KL,0.0878
A1BMJ9E7WDFVVP,0.0644
A1BMOYOFOBBCF4,0.0506
A1BNBMRWRCKK49,0.3301
A1BNEFQTCFVIE9,0.1435
A1BNJN6JB1PZC9,0.5875
A1BNSBYFLKGR06,0.1476
A1BNVY1TN5EZ2J,0.2853
A1BNXSN5TBT9F7,0.2171
A1BO4NUOIVGHA9,0.1991
A1BOHRXR6SB82A,0.0499
A1BOJZRMK9OK6Z,0.0865
A1BOP5C0PKARME,0.0481
A1BOSVVNXI2L75,0.1812
A1BPOCN80KYWXF,0.0742
A1BPZI5LWM1T7R,0.207
A1BQ0GQO5VTP3D,0.0432
A1BQ0HTG3C53IH,0.6552
A1BQ6MQPNPUYKK,0.0702
A1BQA4IFYBUW15,0.1339
A1BQCD9UD1A4NY,0.2391
A1BRB0RV1TTBSI,0.0792
A1BRBQBGJ05MPK,0.0882
A1BRCGSHKCF2DP,0.0521
A1BREU9NUREV6,0.2365
A1BRQSOC8VW9W8,0.1512
A1BRRAXCBEJHHQ,0.0149
A1BRX51FAKAAVH,0.3967
A1BS1TP5FX75VW,0.0232
A1BSA8PNYI1NMP,0.1233
A1BSS1S9NYTEYB,0.0379
A1BT13X2WFI5WF,0.1611
A1BT2YI37J18HN,0.0293
A1BT9SD02Q6DO7,0.109
A1BTFWJCU0KR3H,0.1726
A1BTVGLPNMHHDE,0.0221
A1BU3FLIQNOVDS,0.1685
A1BU8IYB1N1B8H,0.1899
A1BUCZYFGGKIMH,0.0669
A1BV6N0SRWGNYC,0.3904
A1BVE2ZIBKJ7YI,0.5398
A1BVGT9YYCYN8,0.2463
A1BVHT2OE6TGQX,0.2754
A1BVIXBMGUPDWM,0.2451
A1BVOLBVEQ5TTT,0.2953
A1BVSM3SSNUU4D,0.0977
A1BWBIDVWCS6LI,0.0962
A1BWWV31KLNTYT,0.356
A1BXZVT6D5FFIP,0.0821
A1BYM8XCLZTPMY,0.0917
A1BYXHK8MN78QV,0.419
A1BYYTRN4OHRHV,0.0926
A1BZ18U2EF4FAI,0.0515
A1BZKG0G9KUI71,0.0962
A1C00XXCYWEKK1,0.6993
A1C05TSWTI3VZ5,0.3538
A1C0A4EE80SZBC,0.2193
A1C0BY762KS8WF,0.1652
A1C0EPBJ9QAOBX,0.0389
A1C0F1O0OW4JJY,0.1651
A1C0H8KUODITYL,0.1384
A1C0IVWUUIZDG3,0.0272
A1C0LZQ8HRBIY8,0.2157
A1C0Q97FE7M85E,0.3645
A1C13EV84JEQWF,0.1749
A1C16OKJ0UXR3E,0.0203
A1C1TNVSZAZA4E,0.7626
A1C1Y7FKMJ16QZ,0.0987
A1C251TPP8ICKJ,0.1736
A1C29039FWGTHJ,0.3568
A1C2CL4OMGRUKO,0.2107
A1C2GE8A5VCTW1,0.0386
A1C2GFOPBDFM8L,0.5084
A1C2QW9Q2AEEGM,0.2106
A1C3022LOHZLX5,0.0895
A1C316Z6AAP9LU,0.0656
A1C3IHGXPG4DID,0.078
A1C3NTO893YY6G,0.3646
A1C3NWY834BQY0,0.1294
A1C3O7J42P5O1L,0.071
A1C3XOMFMKOALX,0.3728
A1C3Y8LKKUBVWY,0.3702
A1C47ROOK7BSVL,0.5656
A1C4DV9CTFMQ91,0.1843
A1C4RUT5BWM3R9,0.5393
A1C58YXM2A30CY,0.107
A1C6LHC2CTGOFS,0.1872
A1C6RZZ4BJBTQN,0.0201
A1C7EIYMR7DXWM,0.1423
A1C7EN9VF24V49,0.1927
A1C7OND1J2PFEE,0.1548
A1C7SY6S4N91NJ,0.0706
A1C8HT9D1SQB95,0.0485
A1C8ZR29474TQM,0.0908
A1C92KYEEU1T0G,0.3987
A1C9MTTMKI7NBN,0.0327
A1CA43D14PJQXC,0.1426
A1CAFEI4EG4BIX,0.0713
A1CAGCOH7KFD5,0.1318
A1CB1PVKD7X7YY,0.0231
A1CB8HH9YJ2YZE,0.5969
A1CB8ZXS6EWQJ,0.0319
A1CBFIXDW95M5X,0.0685
A1CC0801G6N9GO,0.0563
A1CCHLFAYJ21PB,0.0694
A1CCZKUOQJ6E7F,0.3002
A1CD4GRJOIYHJH,0.1216
A1CD689SA2AIDC,0.109
A1CDHBM0K3NGLV,0.5815
A1CDNYL0NUK8R9,0.0466
A1CDR00JQ1IAV,0.5527
A1CDULN3AFOG44,0.1183
A1CENILVYMJGN4,0.2625
A1CF7V6EC1U8EX,0.0085
A1CF80TI2UOHCL,0.0499
A1CFAW8LD0YY1A,0.0555
A1CFFVXH012EU3,0.015
A1CFIF0K09G85S,0.0658
A1CFJA70XPZP2G,0.0203
A1CFNOI8BWWK1N,0.1375
A1CFSINY61QDIL,0.0056
A1CFU5XJXN3PV4,0.4689
A1CGACYOJ79GYS,0.0985
A1CGHDFA5DVEM5,0.1857
A1CGTOUKHJ9EBU,0.5181
A1CGWLO9SWVWBA,0.1713
A1CHAHCPLSRZOX,0.1945
A1CHDQ9LFMYJFH,0.0794
A1CHKAWX7FAOM4,0.4002
A1CHSF2YTBXUAS,0.365
A1CI4DBN54K2WJ,0.0033
A1CI7RN1DUA8AF,0.576
A1CID66CZM68B8,0.1292
A1CIFFHXSYF5KT,0.1633
A1CIMZOW9GA3GE,0.3901
A1CIVJHKTBKZPB,0.061
A1CJ0JS9SJCIDL,0.0635
A1CJ1G8DXTTNYV,0.0936
A1CJ6O6G6BSKDX,0.269
A1CJHL546LYPKW,0.0089
A1CJR47UDZRTSE,0.3804
A1CKSCU2E724ZU,0.1752
A1CKWE4BW40LLG,0.3907
A1CL807EOUPVP1,0.1584
A1CLE04G4QVQKP,0.1321
A1CM4F49A7ZWK9,0.321
A1CM7KLH75RVD0,0.1912
A1CMJ5QJ8AJVDC,0.0823
A1CMYFNDQOTQUF,0.1023
A1CN1LAU2SCCBF,0.1906
A1CN4ZCDTGCJCT,0.4821
A1CNBLMF8NNRVE,0.0208
A1CNEM3O361WKL,0.0198
A1CNHHM9O2H0QD,0.0968
A1CNI5IVSMGNH6,0.2135
A1CNND2ZB25GV4,0.0855
A1CNV2BQHWAAPM,0.7429
A1CO5MA5B93LGP,0.019
A1COCQJY7QGWO,0.1316
A1CP0M11XP5C8L,0.145
A1CPI102ITIAIN,0.1372
A1CQ23FW98FY3U,0.1685
A1CQ3WP5UD5V41,0.1629
A1CQ537IH19C0L,0.0737
A1CQA11521U9SD,0.7222
A1CR4JOKSZZGER,0.0986
A1CR765NNJAC1Q,0.0931
A1CRF9X21W5JWG,0.073
A1CS33QDSXNT07,0.0148
A1CSOOLZWUWB57,0.2976
A1CSTAYLUS8YWX,0.1757
A1CSUXPV6RI8WH,0.1292
A1CU0ZGT2NZYH0,0.1407
A1CUB195YB9XKO,0.1225
A1CUDPPGBDI1S7,0.0505
A1CUHXNFBVCUB9,0.0809
A1CUNBG4XAX30J,0.1662
A1CUNCH9J0NC70,0.5253
A1CV5MMBVSEAVF,0.1766
A1CVEJNS5CGWJG,0.0997
A1CVQ4O969MTZA,0.1378
A1CWCDFXL5LOSW,0.0201
A1CWMO3LQQ7P0P,0.0974
A1CWOD9IBU4DNU,0.137
A1CWOWHCU3XE9Y,0.3615
A1CWTGBWPBGZHU,0.0741
A1CXA2EHSMHV6B,0.0328
A1CXASEYLBAZ66,0.1369
A1CXB6MATR08VV,0.1354
A1CXI66OO22O8X,0.0658
A1CXM7O8XFB7FQ,0.1404
A1CXPD0LVJU6BC,0.1148
A1CXTI2NEUK0KI,0.4492
A1CY02YAQKZ8QZ,0.3061
A1CY26O3SB10UP,0.1432
A1CY6RGVEG9XOL,0.3862
A1CY7C48DGZ2U8,0.0503
A1CY8TAF8X5P6O,0.1994
A1CY9ZK8MKMCMC,0.1191
A1CYC9URDHLAK8,0.0143
A1CYCCBDQT8D6A,0.2623
A1CYK2VYWWRL5X,0.3102
A1CYNZMKTXO222,0.1465
A1CZ7IIIG9N1ML,0.0203
A1CZCUDV2R4WXD,0.1141
A1CZFQP3C5NG5Z,0.4356
A1CZKAV38L9P2K,0.0513
A1CZQGRKJGXME7,0.0818
A1CZVOTQ2OUWNU,0.1817
A1D07L5D2CF59L,0.1518
A1D0E8YF295O3,0.0413
A1D12J815P1TIT,0.0851
A1D12RDE6K7RJ1,0.077
A1D13BNGSSQT69,0.1193
A1D1GXKX7KT7DL,0.1885
A1D1M7YZKAHBM5,0.0774
A1D1OFE4SC15E0,0.3382
A1D1RLDLXRUGBS,0.2883
A1D2ABQ2X9N5TP,0.1595
A1D2GOXZ3K5W3I,0.6571
A1D2HUL3IYSPS1,0.0465
A1D2I73DA6N5TL,0.2591
A1D3DZYWQ7PL3C,0.0462
A1D3LP8Q8KMGVB,0.1256
A1D3TL21VKWBPD,0.2514
A1D3Y2KFYMTSS3,0.5568
A1D4HEA4RQGXQ9,0.2474
A1D4KOKHUL3XIN,0.0524
A1D4ZEE6VLOOXI,0.2671
A1D4ZOYUJRMU9W,0.205
A1D5AB3TC4BFIH,0.0481
A1D5GTKB849240,0.019
A1D5R07XQ8ZQSB,0.0594
A1D5RY4EL88ZU0,0.1536
A1D5TI8A6WSNW7,0.073
A1D5YPUTS8KM4E,0.036
A1D678H20KE69R,0.2441
A1D696068E7EOU,0.4095
A1D6IOBBXFU2BM,0.1104
A1D6YPGOK3P8CO,0.2934
A1D7A4JOQXI755,0.3162
A1D7WKS43Y6AVY,0.0834
A1D7XSAS1P9LIT,0.1764
A1D8PJZGNX8LFK,0.5257
A1D90OMOU6PVNO,0.079
A1D97U0US5G7MA,0.0672
A1D9MKGUFTJ7LJ,0.1536
A1D9SPKBK0V86D,0.1106
A1D9V4TAFTO6M2,0.3612
A1D9YQF0Z5FA49,0.1986
A1D9ZTT6UV0QVI,0.1523
A1DAG820HF3EPE,0.0825
A1DAWW9Q25KBQ1,0.2406
A1DBA5DSNARK9R,0.3782
A1DBQE62DQZN07,0.1382
A1DC3ZA5FMR8UK,0.2675
A1DC7LYFQ8FBUY,0.0369
A1DCKHDRA8824Z,0.0827
A1DD4JP2EG8LC5,0.2435
A1DD5G9Y7BVSQP,0.0673
A1DDVPMEX1XZUV,0.1564
A1DDZTDK7NKWQX,0.3256
A1DEHS1DB47074,0.1528
A1DEKVS053ZW0,0.2069
A1DELQS1835067,0.2804
A1DENOBT4BW6LW,0.117
A1DEUQXSLXAA3H,0.4852
A1DEYPNGX8PGSD,0.0889
A1DFFQ6JEN7KH7,0.3037
A1DFPSDREXYMB4,0.1392
A1DFS9ORBOJZ5A,0.2789
A1DG1P246CD6NZ,0.2622
A1DG2DDXTBGHNO,0.1998
A1DG6F94BBGHUC,0.0207
A1DGLWQBBJ4IHQ,0.1498
A1DH23ZEPK0QDE,0.1533
A1DH6XX1KLDXKO,0.562
A1DH81B19ASE30,0.023
A1DI7507KN7WTI,0.0714
A1DIB3ER25DP5U,0.0168
A1DIOYY9485U50,0.1472
A1DIPRCCJ3XBIZ,0.0736
A1DIX94XSSQF9K,0.1642
A1DJ0L4BKHAHM9,0.1346
A1DJ9FOEOA0WF1,0.0875
A1DKNFJAFYC3QI,0.0961
A1DL03XK8YSB58,0.0984
A1DL6KM0WW9H8Q,0.0421
A1DLGTOY9ZZC54,0.1817
A1DM587OXT8OVD,0.1374
A1DMBGYQDGC1K5,0.2232
A1DMU3KR0UH144,0.1173
A1DMZJ6L2DCPYG,0.1906
A1DN73KYREUPNZ,0.7639
A1DNF1Q07EOTYQ,0.2455
A1DNYOI7T3DNQE,0.1004
A1DO51T5I1HQ8U,0.1094
A1DO9LRCO23EOM,0.4133
A1DP038TC2ETJ6,0.1369
A1DPGBFB3JQ6DD,0.0712
A1DPJ0HZO72X2J,0.2151
A1DQ0GZ85M0Y4K,0.1076
A1DQ2F3401X2UR,0.1354
A1DQC2NI3BHF0B,0.2408
A1DQLEO0E3U9CV,0.1405
A1DQQC7E1W5QG7,0.0741
A1DR40TIL4HGN,0.056
A1DRDBCYWGAG2F,0.2352
A1DSKQVH06VX85,0.0834
A1DSNUZI54EPCM,0.1393
A1DSPJKAH84U8Q,0.1498
A1DSUDEPRVZHF9,0.0086
A1DTAB80H647JY,0.0474
A1DTHEJORWR0O1,0.1252
A1DTTUZZH3UCJK,0.2294
A1DU3WSVB9BBDW,0.0846
A1DU8IQS6GYDI1,0.119
A1DUBE3ZQN512F,0.1369
A1DUGTYH46C0U,0.1456
A1DURV7JCD0WFP,0.228
A1DVFI6BGBIP1U,0.1482
A1DWXFYHXJLBMX,0.0104
A1DX95DF8G8BSU,0.0149
A1DXRF9D459RWW,0.1154
A1DXS4XEIW98ZR,0.0238
A1DXSD8T135YZR,0.2741
A1DYB9MKFYEGS4,0.2173
A1DYHNSD4T1LEH,0.2368
A1DYOD1SEWMRYI,0.0997
A1DYPLFFMFDO4B,0.3663
A1DZTBGEHOS6DO,0.1159
A1DZXY8UCO5X4I,0.0063
A1E02LP8RKK3QA,0.1713
A1E0PRDZG7W2R,0.2332
A1E0U3HHDEUW9T,0.1227
A1E0VNJT0YY9Y7,0.2572
A1E0XHFYVO3Q7N,0.1147
A1E0Z9CPNWQS1L,0.294
A1E153CNDW8GSA,0.3723
A1E1BTLNFUKG5,0.0951
A1E1FGV9V1WQ6A,0.0994
A1E1KIA2MO5R8C,0.0671
A1E1L1OJZQI3OO,0.269
A1E1NVQ002ZPDG,0.2211
A1E23CA4VB5UL,0.0437
A1E2H9I7Z4A9GN,0.0941
A1E31LPLZBVAGI,0.0596
A1E37TC3CQZGKT,0.1719
A1E396OBLRI15K,0.1217
A1E3DXCWYUYWF6,0.1054
A1E3FA0XFLWN1R,0.1112
A1E3L0MZ58MNWQ,0.0112
A1E3WY9OD7SV24,0.0087
A1E48V0EEIMN1J,0.121
A1E4FASFO78Z77,0.3501
A1E4J1NTUTLBPC,0.0636
A1E4QYHI21FUJW,0.1237
A1E55W6ES0FY17,0.6302
A1E5K2DDSF696U,0.1717
A1E5QHOGKTYULX,0.1622
A1E61SVSLDOWQZ,0.2364
A1E6GAFS9BNRCM,0.1135
A1E6UCZQCU70T7,0.0455
A1E75OE7SN6QEJ,0.019
A1E7LH2HYOHX1A,0.1781
A1E7OJJV6Z6HQE,0.1474
A1E7TJ3H5TT73P,0.1611
A1E7VTRDMI4XMV,0.0035
A1E89HMO64W7P6,0.4739
A1E8AMV0XNJFRN,0.2969
A1E8INW9XE7HEQ,0.354
A1E94U5UUUYNDX,0.1406
A1E9IQF7ST7O97,0.0869
A1E9R06OUKT7Q4,0.0034
A1E9RGETV1X5LK,0.1719
A1E9VR36A4EWBF,0.1574
A1EAHSK6QYCBMJ,0.1514
A1EAPQ18XBQFSY,0.2328
A1EAQ69H0Z5I4N,0.2688
A1EAUJAQ1HIER2,0.0538
A1EAXVLKPVL8W5,0.1266
A1EBZQ98CFXBY8,0.0798
A1EC3HRQO7HR6D,0.0725
A1EC7AU8EA6ME,0.1107
A1ECHZVN5P0VV6,0.0585
A1ECKA0JZ7KMG9,0.036
A1ECSUGIKBGZMK,0.5173
A1ED9RHRSZMGRP,0.0778
A1EDB9PI1GFOEJ,0.6921
A1EDBVK8ZSD0OB,0.1992
A1EDLNV5FVM7LP,0.1874
A1EDTUD5S99HOY,0.2096
A1EDXBS5VCNYGV,0.2291
A1EE9J3T1GOVF5,0.0849
A1EE9SJNPZ73IO,0.1381
A1EECD98CHRXOA,0.0571
A1EECDRU4MEGF3,0.0636
A1EEL87IE0G48O,0.0652
A1EF35ICOB7TTY,0.1464
A1EF5ODLYYMZIU,0.0857
A1EG9SLJ4H62KX,0.1311
A1EGDKBZ310X5M,0.081
A1EGHZJHLLCM50,0.0821
A1EGXELDNH5OX6,0.137
A1EH28KHD29LVV,0.1623
A1EH2DJF33AZ5C,0.2383
A1EH2S92FHWZRP,0.9398
A1EHB40BXSNYQC,0.0268
A1EHG8EBES6CV8,0.2577
A1EHO0CQUOZSQX,0.0886
A1EI167V9XIZKK,0.0599
A1EIBDUL0X2VJ2,0.0173
A1EIBZVYXPRB26,0.0382
A1EIDFUDCWT20D,0.0409
A1EIKCOKIAQSGB,0.0973
A1EJG42HKROE58,0.2984
A1EJHE40YZX00M,0.171
A1EK0SWZ4JON11,0.0649
A1EK39D71FXLRI,0.1833
A1EK5MAOA7YADG,0.0335
A1EKKG5SXMH5A0,0.1677
A1ELE99SXM1D2R,0.2965
A1EM70V2QHYO82,0.1192
A1EMCLA5IETUVG,0.0328
A1EMGJU2BJ93J5,0.0703
A1EMKI1ABCJGAL,0.0489
A1EMZ9UUFY69MT,0.0963
A1ENFJ7D37HWSM,0.0941
A1ENHG9CYI17HW,0.2528
A1ENJO8OV0XEQM,0.14
A1ENTJE6GHR4XX,0.471
A1EOLRV216BXJ9,0.2152
A1EOLS3RENLA09,0.2219
A1EOMH79B2ES81,0.1017
A1EPU8C6XZRPRN,0.0642
A1EQ2U7VEYNCKE,0.1052
A1EQA5VPY0KSZ6,0.1154
A1EQB03HQYCMB,0.1351
A1EQG7569YZD00,0.1661
A1EQKWGQXREYC5,0.2676
A1EQN91S6T820I,0.2922
A1ER4WEC1VC6P0,0.1252
A1ER5446RYJ6ZK,0.1445
A1ER5AYS3FQ9O3,0.2925
A1ER6MQ0L7NHNL,0.2789
A1ERIV3Q7T0GG4,0.1534
A1ESAEZO1VJ76X,0.2161
A1ESGJX8CCXS7L,0.1381
A1ESMJMQENUMZO,0.0949
A1ESUYMIG3TZT0,0.2134
A1ET5UP9ZAR3VM,0.4377
A1ET64P1560ZVL,0.0542
A1ETJHC39657D,0.1197
A1EU6GRSWXAKIE,0.2422
A1EU7O3N8ROPXT,0.0677
A1EUBSMH1KPA9N,0.3795
A1EUMB2G6DNQGW,0.3103
A1EURH2KK57PGL,0.1833
A1EV7JT7BE28DM,0.0263
A1EV8OK20TU995,0.012
A1EVI7C28LBW4G,0.1657
A1EVKCZSZZ7UY,0.2305
A1EVS79RGAYA4A,0.1094
A1EVX46DWN2UUP,0.0677
A1EW2XDJFKUNM3,0.3632
A1EW7EQ9W9VU10,0.1965
A1EWII9VJHA4S6,0.2543
A1EX3Z0XAEN68R,0.1468
A1EX7JJWYANUTV,0.139
A1EXB5LB59T0Z3,0.0998
A1EXTZ4VQUSPL,0.1401
A1EXUC01FWXTQU,0.131
A1EY19V5CI6LH6,0.0779
A1EYJKNRSGZ4OK,0.2291
A1EZ5M38F72TBA,0.056
A1EZOGZCYU323H,0.4377
A1EZPCHGGM6F9P,0.0967
A1F0HQEC39SU2,0.0426
A1F0HSH4QPP4XH,0.1378
A1F1A0QQP2XVH5,0.9095
A1F1CZ3VWGZT8C,0.2328
A1F1MI3E25MS6,0.0602
A1F23MY8SB905X,0.1332
A1F27XMGXJ7TU2,0.0938
A1F2BZ8XMQQJB4,0.2748
A1F2CISGV6LB9Y,0.3971
A1F2FKOF9IMNVF,0.0919
A1F2MTA9A8ESLO,0.198
A1F2S49819BNQB,0.1951
A1F32ODPF9635G,0.0816
A1F4DQC66X701N,0.1117
A1F4HEMSVRI531,0.0224
A1F4Q751KNPE6D,0.1032
A1F55UFYOMFTMH,0.0686
A1F5865RG4YKHV,0.0459
A1F5GRT43444IL,0.0362
A1F5ME1J70I0W6,0.0877
A1F5QFVTYIGC07,0.2117
A1F61EYI8M9I63,0.0836
A1F6FX6Z3HVVIU,0.3843
A1F6PIIZ0ZHHD6,0.0575
A1F70KXI4UC60P,0.7062
A1F79FJJ7WZ0Q0,0.2345
A1F7SX3GNVBNE3,0.1183
A1F8EOE81ZSNUI,0.127
A1F8GOHWSB8AJP,0.0333
A1F8OGQX3ILEB5,0.1754
A1F8SCV9CB00IW,0.3641
A1F8T490B03FTG,0.1577
A1F8WB1II85BAM,0.2648
A1F99P3USBVJ5D,0.1124
A1F9DPG93JOP9J,0.2562
A1FAD8ZFG2I0QM,0.0346
A1FAETFXIWAELQ,0.796
A1FAWEJUZXTGDZ,0.1877
A1FB4C42H3GFKD,0.338
A1FBFPSDBHA5GM,0.1207
A1FBWW96CO1UP8,0.2809
A1FBX5QCYV4S9U,0.3083
A1FCE0GRGNVWEC,0.1538
A1FCK1YLXH1OT7,0.0452
A1FD20DTT5EFU2,0.2248
A1FD7TU79IBUCX,0.2471
A1FD8C6K2WD20,0.1859
A1FDGERQAXXPB2,0.1823
A1FDM1YDENY14V,0.0729
A1FDYFONMA0LBP,0.1336
A1FEEWOP9QLM7,0.1587
A1FEH2MY7D2UHX,0.0871
A1FEJYJ3GWRHZ,0.0993
A1FFD6H3033PLM,0.1637
A1FFIVHVEZ5JW4,0.2824
A1FG0JDU6J7VM2,0.0099
A1FG2O1NAEP6D9,0.2477
A1FG66P4RJJPFH,0.1299
A1FGK3N8GZHGZJ,0.2457
A1FGLLPHYBISTY,0.0906
A1FH14TQSVDH1X,0.0465
A1FH5SIVDBW80H,0.1904
A1FHO6NN5UJ9F5,0.154
A1FHSLUDPKGC04,0.007
A1FHUYGO3OWWRF,0.6618
A1FI3JQ6H4UADS,0.4639
A1FI4UL6C50NZJ,0.0854
A1FI92F24HV4QW,0.0776
A1FIE8T2Y67RZN,0.1272
A1FII6B4HLS8XR,0.1081
A1FIKCHVN9QDXG,0.0294
A1FINO189LTHAE,0.3275
A1FIZT8SAYQG5B,0.026
A1FJ5KR8PK0QF1,0.0597
A1FJCSE3KW2DSE,0.63
A1FJFLAAQD5WH2,0.0642
A1FJGC7YGB9I22,0.3493
A1FJKFZOY6FZS9,0.0591
A1FJNJO01ARZDD,0.0794
A1FK81HNJI5F5W,0.2678
A1FKET6K6AHW2B,0.0539
A1FKGHZYT64TYG,0.587
A1FKJV7U7IXE1L,0.0021
A1FKTGYHIFWLHU,0.1822
A1FLG8DJNG7OY0,0.1959
A1FLIT8VL70T2S,0.2658
A1FM8OQ9EM61BX,0.0234
A1FML2Z3CAXJBC,0.1906
A1FNKB7Q8KG6YS,0.3882
A1FNKX4M9HJ8QM,0.1255
A1FNTRI86JO1ZD,0.4892
A1FO25XCT4VAEE,0.0952
A1FO8KX9BZ5KW5,0.0086
A1FOI545INTVQK,0.0893
A1FOI8256VRDVH,0.2143
A1FP6Z585WR0B4,0.0623
A1FPIPBIK95J2M,0.1208
A1FPJYSEH5Z53L,0.1504
A1FQ4UQYG1W8FM,0.0359
A1FQAN1I5T7EDE,0.1457
A1FQFDCXTGY1PU,0.0869
A1FQKPQCW96MF8,0.2208
A1FQNC3QUMS234,0.5688
A1FQRK4IDV9XKN,0.1766
A1FQVKBOFHWKDX,0.0417
A1FR6AMPETJGUR,0.3264
A1FRADBDXQPJJC,0.3444
A1FRIBXUEIRNQ3,0.678
A1FRIXKXF8UFKP,0.2366
A1FRWYX2VRX3QF,0.054
A1FRYA8UDIMZ5F,0.0616
A1FRZZNQ2F4OSI,0.3649
A1FS0GRPO31QR8,0.0993
A1FS4YWW1MC9U1,0.3715
A1FS68RU0Q6O9R,0.1469
A1FSA9SFOKAXGQ,0.0593
A1FSADFCX1DI2D,0.0976
A1FSMTUCATYLJW,0.1965
A1FSOA0CHXV3MM,0.1824
A1FT9UXD6MRPJP,0.1173
A1FTDM432H2NAE,0.0962
A1FTF7K2ZH21PB,0.3102
A1FTFUZ4BDOMFH,0.0498
A1FTH1S3RU1XM6,0.0929
A1FTNS27PU2LT0,0.2352
A1FTNVJHP2435Q,0.0899
A1FTRR0WV1H5K,0.1728
A1FU775NL2QJFQ,0.0075
A1FU7O908FJS27,0.2691
A1FUCW44ZIEHQR,0.2938
A1FV2OSQKPXAM3,0.4131
A1FV7W4SZD9BVO,0.614
A1FW52YQ81XQ7A,0.1211
A1FWG7UEWU1RNP,0.0244
A1FWMTEUAT4HDG,0.5604
A1FX3MLB6EEE7U,0.056
A1FX61CKO1FTE6,0.103
A1FXPKJXX3Z42J,0.0474
A1FXQTEUX9XJOY,0.2368
A1FY5KU5AGK5RX,0.1057
A1FY88IR8I2EI8,0.3226
A1FY8NOC0ZQ3LI,0.1736
A1FYK61GGJO8Z3,0.034
A1FYMIZQG1G0PQ,0.0165
A1FYOQT35E54EP,0.3129
A1FYX3RHM6B6EX,0.4688
A1FZ7YLTVGZ1A4,0.142
A1FZB05IV6YIX1,0.1207
A1FZE3K5L24J3A,0.0829
A1FZIJNVM3ZBVH,0.1472
A1FZNDLAB1BWB2,0.6439
A1FZUQFWI3CKDX,0.0603
A1FZZV7MKUE0MK,0.064
A1G0684OLZ4RU8,0.5328
A1G07TZCJ7JBS1,0.0722
A1G0E1SQB3SGSZ,0.298
A1G0KB82S6LL0R,0.1587
A1G0R4IH2O6DL1,0.0705
A1G0YH4GKHBC2V,0.0474
A1G11XIJFNI1FK,0.2294
A1G1P3CLK0M6ZQ,0.0376
A1G1PJNPWIATXX,0.0909
A1G1VPKDW8SVE3,0.1428
A1G297Y04IXW36,0.0821
A1G2N5EOINWJ9I,0.0857
A1G3A2YQPLRODG,0.161
A1G3CW0EO9UFS9,0.2366
A1G3E0QC1RV2NV,0.2358
A1G3ZBQQY6IR6Y,0.1179
A1G4F42BD82FSN,0.0834
A1G5OMFEXGWVZB,0.0786
A1G5REVTFF653A,0.016
A1G5SE1PJGO972,0.1486
A1G5T652XQM9YA,0.4616
A1G5UT9USR9JIL,0.3708
A1G650TTTHEAL5,0.8877
A1G694XVMEG5ID,0.2172
A1G6W1R4CL7O4P,0.2048
A1G75GBMTJAE4W,0.1354
A1G7I1PXK8FAI8,0.123
A1G7PAK06VE399,0.0581
A1G8E0S928UVPG,0.0986
A1G8EY7AUEFTB5,0.0725
A1G8ICG5K2WVUO,0.0757
A1G8K8FZIK513A,0.137
A1G8KGDXJHNK37,0.5329
A1G8OCMAGGRDQ2,0.0785
A1G8SAL8LLUCGZ,0.285
A1G8YF5KAR1PCC,0.1462
A1G962BYW949PD,0.2335
A1G9NJFLVJBL98,0.1775
A1G9W0RZZ57ZU,0.0462
A1G9ZPV4KPFDJ7,0.2172
A1GA14N6IVZBYE,0.3409
A1GA9QFZPV3COS,0.0495
A1GAR3RKNPGMWQ,0.5788
A1GATR3OY09Z2A,0.2266
A1GBML3S1GH765,0.1767
A1GCC33SRWJD4S,0.0122
A1GCFTFXELCHRP,0.2466
A1GCJ39KPURKU3,0.22
A1GCYLJGIQ5V1O,0.0253
A1GCZH168DAGRB,0.3467
A1GDGX206VQVP4,0.0941
A1GDOJW44Z88PL,0.1438
A1GDUX3Q764V2S,0.2039
A1GE6AROZ4IEAJ,0.3269
A1GE6D4RUYEZJB,0.117
A1GF4OPUJS9R0T,0.1663
A1GFAWPVNTSB0F,0.0731
A1GFSTPTJO4PAH,0.124
A1GGHFH8WW565S,0.1639
A1GGLUONWB3AFY,0.1088
A1GGN5LLS2GQPX,0.2069
A1GGRAYK80OQDX,0.0705
A1GHHHHSQIB1QW,0.0998
A1GHPE6PFC9YQV,0.0188
A1GHUN5HXMHZ89,0.2365
A1GHV5ZGH5U5I7,0.159
A1GHXREF0V87EF,0.0915
A1GI0GRGLRXUOL,0.0348
A1GIBJ2FWB34A5,0.1197
A1GIESWJQXAECI,0.0918
A1GJ35HP82C0P,0.0989
A1GJC2H1T87KB0,0.0691
A1GJO08DIR50JQ,0.1081
A1GJT9M1L8UDXX,0.0962
A1GJYW993OQM1A,0.1115
A1GK28RMTGARPB,0.1549
A1GKAGU5JZODFN,0.1277
A1GKIQPDDMMS2Q,0.2481
A1GKQL8VWI4ZJ6,0.2925
A1GLN276J5654G,0.2177
A1GLP4KFV1HU7K,0.042
A1GMO1GJ1SDHQ9,0.1339
A1GMPRHVVW2QO9,0.0703
A1GMX4VUH6RTQ,0.1084
A1GN3H83UNH6L3,0.0459
A1GN9XIEZUEOVL,0.1858
A1GNFIQAULOYUT,0.0122
A1GNTNTXFKXKS8,0.0208
A1GO2J2LJUBJAE,0.1146
A1GO3HYUBF4AHD,0.1507
A1GOQV60FC9YFO,0.0822
A1GP7EP6W5N4OQ,0.0909
A1GPLHJTDLMUYA,0.1842
A1GPUAHN1U2Z32,0.137
A1GQ3O1OSII58G,0.1846
A1GQ9JJXCUGZ7W,0.1257
A1GR5BWCME810G,0.5925
A1GR8RRYWSBFFH,0.208
A1GR9JZSPOYPJC,0.0284
A1GRFKOIAYG1C6,0.1424
A1GRZLM53WSSQW,0.1538
A1GSUST2D6VMKA,0.1822
A1GT4LMA1XSNBZ,0.192
A1GTZ1V3VUQJR6,0.0843
A1GU21UM30W6OJ,0.2774
A1GU50WY8493IY,0.0418
A1GUJGGRLM6V30,0.1668
A1GUK6WQQNIKVV,0.236
A1GUZ9N11ZB0J,0.0448
A1GV7CL88QFVJD,0.2523
A1GV7LSMJB93I1,0.099
A1GVE2UQO1C8BE,0.2204
A1GVK810E8LVBC,0.2408
A1GVRXQNVAFGO1,0.146
A1GVYGO2WK69PW,0.1405
A1GW4654UMT3OX,0.1481
A1GW8O1FYNNYQN,0.0732
A1GWDRBUMQOCRK,0.1796
A1GWG5CWLKJ7ET,0.8486
A1GWHQJEELP2SL,0.0905
A1GXB1MNWP2VT9,0.0862
A1GXHOND7MOF5Y,0.0491
A1GXJE6MAB2V2G,0.0356
A1GY3TDX843B1T,0.2387
A1GYEGLX3P2Y7P,0.8609
A1GYTLKX6W2RW6,0.1503
A1GYU1H22N277X,0.1972
A1GYVUF1CCZZ4I,0.358
A1GYYF3HYWAEEG,0.0608
A1GZG2F17HZMK2,0.0509
A1GZHVBEF2MDGR,0.1394
A1GZLE8GNAUE5T,0.2368
A1GZOZOXKEK9ZH,0.0846
A1GZTAXD87IDXE,0.06
A1H04ULNBSVX2Q,0.6641
A1H0AHFL294B11,0.3559
A1H0AJR7O2TVX7,0.0975
A1H0E1YSE0PSP9,0.2317
A1H0E3BPT8HGEM,0.0925
A1H13EXDIJQ56F,0.0577
A1H1N56XEHDR24,0.0681
A1H21QV0J4ZTEL,0.3824
A1H249ZAM6AL3Q,0.2028
A1H2C8T1E0N1JE,0.0033
A1H2FU3PW97FL0,0.0328
A1H2GLT41DX4AB,0.0816
A1H2K731PSWT70,0.1242
A1H2KQF6MKA1DJ,0.2059
A1H2O4ES4WPIQA,0.303
A1H2R0D8OPWZQY,0.2505
A1H2XWTVUIMYFO,0.2891
A1H3ARYY3EXOZR,0.0333
A1H3BP00WUFG0M,0.0764
A1H3C5J3K0EYVN,0.0516
A1H3LQFLOBU14F,0.1304
A1H4BC52AQJLQJ,0.195
A1H4C4GKSHVTJ1,0.2383
A1H4NFXAJQRQ2K,0.7135
A1H4O2KJ8J5EVV,0.1744
A1H4WLPFV59XMA,0.3244
A1H4XC2A7SXOID,0.3742
A1H4Y9JMKO9VNJ,0.1993
A1H55L0BLPCWYF,0.4542
A1H59OCYPG9G4T,0.1079
A1H5FQ5ISJGO57,0.3563
A1H62U2FJKAQP8,0.0777
A1H6G9KAJFX19Z,0.0881
A1H6GZYUKL2C68,0.0562
A1H6SDFJFT0Y6E,0.1873
A1H723PRNJ2M0O,0.0283
A1H72M5SPL424H,0.0931
A1H7Z94O06Z47O,0.1371
A1H83ABIZ7Q05J,0.1798
A1H87UTRF9VAZ5,0.2474
A1H88L8X6HM1BQ,0.1838
A1H8GRWAJM58B1,0.0718
A1H8HKWD812HM6,0.265
A1H8JNENRFFCX2,0.0547
A1H9DQ50934W11,0.4904
A1H9ULL518E093,0.1758
A1HA3D28JTP92Z,0.1827
A1HA52EEBLX099,0.2135
A1HA6YFMGNPTAV,0.2143
A1HAB45IL01M9J,0.0411
A1HACP80YXJRPP,0.5483
A1HAMJNZ7R2XVA,0.0192
A1HAPHNTQN8TF2,0.109
A1HASDNCKPXGFK,0.5084
A1HBB20MUDRQCZ,0.2991
A1HBBG015E63G6,0.1926
A1HBEQWSMVQEWJ,0.9342
A1HBG5JUVOCELH,0.137
A1HC6JEDXMKW6G,0.0549
A1HC94NJ2MLVNS,0.1091
A1HCCDO8SMATTL,0.249
A1HCI1QT7B7KJF,0.1684
A1HCN5B5Z3AI9X,0.0726
A1HCOIQOXQFOO9,0.0543
A1HCSM9P6F53BD,0.0106
A1HCVRM6GN6LNB,0.0324
A1HDDJMKB2G5KC,0.3675
A1HEB0OGNQWAPL,0.1268
A1HEEDZ8BL15GA,0.0449
A1HEKOCWYD99L,0.1481
A1HEXO1SF2YRTT,0.0819
A1HF6TIJ0YV6JO,0.0666
A1HF7HD4IO7ZJI,0.2077
A1HF8PDY0M27Q3,0.1369
A1HF8WQ1D7BBTV,0.2374
A1HG40N9I77PM8,0.1251
A1HGBZNK6ARBZW,0.0604
A1HGCXCO0PHOFB,0.0752
A1HGDLTO4753BY,0.0792
A1HGK2XHW9J2PL,0.0345
A1HGQ2E7R2MKPA,0.1136
A1HGS0BUALAMAU,0.25
A1HH1NZZS1AB31,0.1099
A1HH68Y3G3M21Z,0.0211
A1HH7L6EJI6N0,0.0632
A1HHRADCK7TTXU,0.064
A1HI9BIG2WMU4E,0.085
A1HIVLFS0H3QG0,0.0693
A1HIZC2BJYEY5P,0.2004
A1HJ4UL33SOC7M,0.0718
A1HJJE9GI4VMZS,0.0861
A1HJQOKGJUHFYN,0.0498
A1HJSUPMQO716,0.211
A1HKG0O3ET1F2R,0.6096
A1HKW2TELCHGLL,0.0462
A1HKZAWVI7HV29,0.1996
A1HLEI4QX6QM82,0.2286
A1HLO2YE7VSS1L,0.3305
A1HLVOWFRL1K1X,0.0377
A1HMQVW6AJSTAO,0.2438
A1HMXAN85J38JU,0.2325
A1HN0FA8Y9L2NY,0.2422
A1HNUWP2FNVOUN,0.5863
A1HNY10HIAV6YP,0.0147
A1HO853C6WT6YU,0.257
A1HODB2CF4Y4PT,0.1045
A1HP0VVL419448,0.0419
A1HP87J9N9NGSC,0.0278
A1HPAHP8IKDEEY,0.0923
A1HPC4WLVUH808,0.2474
A1HPG5VFB6JREO,0.084
A1HQME37P33MLX,0.25
A1HRAQGYEW4A1O,0.0325
A1HRXD1GQ3H17V,0.0219
A1HSAW7UMOBKS5,0.0636
A1HSFD9QKWA7LQ,0.1846
A1HT0AF849TAG6,0.1704
A1HTWL26WM2NVU,0.2036
A1HU2DPM4YGNIA,0.1587
A1HUWA1QMAQYFH,0.1456
A1HUXUPUHN9GJM,0.1225
A1HVDK467UGV9X,0.2037
A1HVHVZS12UOZU,0.1008
A1HVLN7FFMGPHL,0.0437
A1HW0G4QPCTQBV,0.0299
A1HW4ZQ28XQ8X6,0.1751
A1HWBF9Q2KBY7M,0.2122
A1HWGVE9IQL52,0.0886
A1HWM3W07YCT0E,0.0254
A1HWSKAPAGNYZW,0.0816
A1HXBS0A8CTSSM,0.2278
A1HXCCHLJIHADE,0.2785
A1HXS8O8T5TH31,0.066
A1HXSYBFZM3JGM,0.0548
A1HXZVQLJBD9QK,0.148
A1HYNKWMLPKN17,0.2524
A1HYRQZPJ0U6PY,0.1613
A1HYUHXH93V3N8,0.4328
A1HZ6T8V9IFBRV,0.3448
A1HZJP6WF7A97T,0.0882
A1HZWQQ6KHLVIP,0.0348
A1HZXIWZ2BFEI9,0.1587
A1I0ET8C0DHJ8G,0.1985
A1I0JZUW6V73W6,0.0696
A1I0LJOSP1XLUG,0.2001
A1I0WBMUYA3PVZ,0.1286
A1I18BQQTGE0L0,0.2495
A1I2KYD95HIJ8L,0.1218
A1I2PVMCVBPBQ6,0.2368
A1I3GAFEAQAJC3,0.0636
A1I3GL5GLBEQ7X,0.0726
A1I3U97KUPQB7M,0.0929
A1I3VHOX7VOAK5,0.0737
A1I44R76CCXYZ9,0.0419
A1I4WF5YO42WR3,0.2006
A1I5AE0QL39ABH,0.0317
A1I5UHEW5OWS1J,0.0895
A1I5YM7KTGARSV,0.023
A1I65WGSZJFEDT,0.1145
A1I75D06CII1AP,0.2578
A1I8BNRNNG714J,0.0702
A1I8EYBXHESU8Q,0.0244
A1I8ZYUJ21YXJ,0.2667
A1I90PS9LGMS6V,0.0737
A1I970110U4B0V,0.5612
A1I992QNFAL1K2,0.13
A1I9RAD7IQQEKY,0.0675
A1I9V37NVJTD38,0.1669
A1IA8LXQH0VL5E,0.2699
A1IAAFQT3D8CMO,0.5304
A1IBNRDX2GTV39,0.0294
A1IBT81PPRG115,0.1327
A1IBXE35QJN5E8,0.1725
A1IBXF69Z247RW,0.4008
A1IC2VALIFKQNT,0.0916
A1ICQY6DT62O9N,0.0542
A1ICUPML1F9KX6,0.0733
A1ID6C2H3G2N48,0.1179
A1IDAKX7OM3QIE,0.7098
A1IDSB082NKKJN,0.1757
A1IEX48VZ4WU2U,0.3186
A1IF1KAHUTAXLH,0.0611
A1IF3VUAXBTX00,0.2356
A1IF7GAZB2V41M,0.0705
A1IFHNPYI6G3MM,0.2956
A1IGIQJ1I6BANI,0.068
A1IGL049RAKFJP,0.3389
A1IHK8GL1ESOND,0.0964
A1IHNL4QM7MOWD,0.1415
A1IHSN5AFU9BJL,0.0142
A1IHTJWYBLU17P,0.1158
A1IIZ215YDF9BM,0.1119
A1IJ2MGP0Z54EH,0.094
A1IJBM6BERVNED,0.1912
A1IJG6X2LNNNQ1,0.0316
A1IJQKOKZQVRLT,0.6101
A1IJUCICSBF7LA,0.1005
A1IK3U20MSQZLC,0.1775
A1IKDOLHLCUWTD,0.0343
A1IKFAV2NSEWUX,0.6164
A1IKGX90O0HY9W,0.1412
A1IKHJS7XU8AEL,0.1617
A1IKJI19RIVSIL,0.1059
A1IKN188FI6ZVE,0.5603
A1IKNUYJSRIZ3Z,0.0284
A1IL1Z9LYTFRJB,0.2504
A1ILH2P1AQPNKA,0.3058
A1ILIMPGLRRJ2U,0.1763
A1ILSU23B992TA,0.0183
A1ILVB9VCN9QDD,0.2895
A1ILW3VHASLEC5,0.3058
A1ILWCKAG7P5JH,0.1405
A1IM3J63CT82AZ,0.1398
A1IM8HQQR39RWB,0.0511
A1IMJPZL4E2R3L,0.2124
A1IMK99FD7RPOL,0.4787
A1IMNTU4O2VXV0,0.0232
A1IN2U87J0ANJ0,0.096
A1INBPWW7ZJGF0,0.1943
A1INBQLNQNSHTK,0.1291
A1INSF4DH3R6Q7,0.0677
A1INXGGWMAW6K1,0.1461
A1INXS0MML5ESL,0.4078
A1INYXXG4F9TCN,0.0324
A1IO9HRIA7ZJGU,0.0662
A1IOI2DALXMGOS,0.012
A1IP4PH5QMQLLY,0.0703
A1IPO4KOY2QKXT,0.5238
A1IPSBXUOZIAM5,0.1248
A1IQ4GY1EQUG66,0.0958
A1IQLK2FQIKO1N,0.0214
A1IQMDY802I1MP,0.0703
A1IR0HICH5PVC6,0.3888
A1IR9ELYHCIHD8,0.102
A1IRF5KMTDG4C1,0.0697
A1IRRWJGAOEHGT,0.0481
A1IS27LQ62EEHQ,0.0623
A1IS83JZRDC02N,0.2394
A1ISBX1R932LJA,0.2526
A1ISJ98ORLQICV,0.2366
A1ISMSWIRA2LBL,0.069
A1ISU5PCVYXANU,0.0556
A1IT8ZENAA1TFG,0.0263
A1ITFRPPKFD4KP,0.5664
A1ITGJLRVWKYRC,0.0075
A1ITILVJ87UZ7G,0.2375
A1ITOA9M7TLVKA,0.1666
A1ITXFX7GG8I60,0.1782
A1IUBV75JXS8R3,0.354
A1IUJLN94QVB76,0.5097
A1IVUCWS4LXCRL,0.0933
A1IWPSDQDOK2DA,0.1158
A1IX4WAIQWAZTS,0.1833
A1IY3TZB6U6PAP,0.1048
A1IY6M88NVSASZ,0.1074
A1IYDY02MRNGPZ,0.0675
A1IZIT95268N0V,0.1445
A1IZMY30UH259Z,0.009
A1IZQ3OT6ST6IX,0.6297
A1J0OS2XYUKEIE,0.5624
A1J0QBNY8OPOD0,0.6125
A1J1AZTN9IU13J,0.2829
A1J1KO98HQ80YW,0.1769
A1J1LFUQUV6H60,0.1157
A1J1MTCRIMX37I,0.1904
A1J1UZJ1OCRMVP,0.4718
A1J1ZD5C2PKFPV,0.081
A1J2C6Z04B2MVP,0.0745
A1J2I70BE076OP,0.0807
A1J2MN7PZW3AF6,0.1055
A1J2S9S23JDQED,0.6712
A1J3ZRDP19G8KB,0.0349
A1J4612EOYDEKQ,0.1036
A1J4ATE06N127E,0.1501
A1J4E5R21NQ086,0.0574
A1J4HV7EVBZZTC,0.0616
A1J4J7CN93BH3W,0.1541
A1J56YECNSOPHK,0.0916
A1J5HIF41ENSMZ,0.6064
A1J5ZGF3UZ8A04,0.228
A1J60T6AUO4FZ9,0.2045
A1J6O9EE4X4VOG,0.0834
A1J6SUXLMJMLLR,0.3598
A1J6U02JOT0NHM,0.1489
A1J743NUEK3QPG,0.158
A1J74IZSVBH876,0.3689
A1J7A7ERBKW2SB,0.0219
A1J7E1D7C5ILSS,0.1566
A1J7H90L5WW6M8,0.1005
A1J7TNASRMM7RE,0.213
A1J823VTMW86BN,0.1637
A1J84A22V4PNOM,0.0751
A1J89Y741DQL7L,0.0675
A1J97HE8DYCTL0,0.1662
A1J9FMHULAAZ9B,0.1088
A1J9G7HNVAH0D7,0.3308
A1J9PSWUAP03ZG,0.077
A1J9U39NS2RDIU,0.2323
A1JA91S8EC5DXF,0.0971
A1JAHL9SLOGRK2,0.0416
A1JAPOUUQZ20G8,0.0852
A1JAPP1CXRG57A,0.1244
A1JAREBNI5AWYP,0.0687
A1JATW18PXEMGV,0.0315
A1JAWD6VHZ2LZI,0.1117
A1JBJ9BMUTOJ7P,0.0739
A1JBODLJB4RXNJ,0.1866
A1JBP9R0PA5DW3,0.1172
A1JBZP3FQ4MTTA,0.0812
A1JC1VGQPPNR6Z,0.2386
A1JCAHHSO2BRCI,0.0408
A1JCEU8BN46T54,0.1204
A1JCGPPRL9XKVB,0.0086
A1JCMYB96D642W,0.0165
A1JD2AEWFE6LYT,0.1549
A1JDCXLSJ1LU0H,0.299
A1JDV88SFE327J,0.1338
A1JDXBW3ALMW7Z,0.0489
A1JE0D3QX11657,0.1255
A1JF0CWQ64KOSJ,0.3676
A1JFFG7VZIP12Y,0.074
A1JFXOFDRZ9CFQ,0.1053
A1JFYO0GNX6LWB,0.4795
A1JG3Z0ZRRAKLT,0.204
A1JG7ZLI6ON6EY,0.018
A1JGAKRHH8MOW6,0.1904
A1JGGZADHMATMO,0.1571
A1JGN3ZC7ZRJNE,0.0318
A1JGS5KWC37XBT,0.1304
A1JGWMYTI8FGOA,0.0437
A1JGZ27E0B50IT,0.1428
A1JH4RE328VB3K,0.6291
A1JI8F4BYPH79G,0.1378
A1JIH4793OA717,0.0235
A1JIW4I9BC5Z0Y,0.113
A1JJE3N3PMKF6A,0.0471
A1JJGY80GQ4H6,0.1388
A1JJOV69MAU2J2,0.164
A1JK7I2QIWXZG2,0.4425
A1JK8VWBKGH8NL,0.279
A1JKOQHFS4HZAN,0.3469
A1JKRQPQ1TAZ77,0.2443
A1JM7Y0L6COKCV,0.1096
A1JNA5RWCEMT68,0.0889
A1JNDXTL02R9WG,0.1352
A1JNMIYESMJ4F2,0.1378
A1JNN94GF2X07Y,0.0411
A1JOH8QDYD9F4I,0.2416
A1JONOOKRGR95S,0.0685
A1JQ7K37IVD50C,0.2409
A1JQEHT34KUE1W,0.3484
A1JQOZXAIV2AD1,0.0801
A1JQR84UL2IOGK,0.0127
A1JRVC0DYLFM8D,0.449
A1JRXWR1OH08T4,0.0633
A1JS79TPW0EXU1,0.0266
A1JSENQBPKWY1Y,0.1076
A1JSRQJN5VA2GO,0.2596
A1JSUL7WJBR0C1,0.085
A1JSWHNRKDSBN,0.0229
A1JSZW05ZL2VGU,0.1454
A1JTFUJD2GXDAS,0.138
A1JTO5EHOKX2PS,0.3112
A1JU170C5YIOB2,0.1828
A1JUAHVYRZRQJV,0.0862
A1JUJGHMNIUSWR,0.2434
A1JUKS0DSO2XZG,0.3169
A1JUPR7LPMYG1X,0.2023
A1JUQ6WMTH8NK4,0.0936
A1JV3E2M4AOOOV,0.1349
A1JVJPIRK7MXGD,0.1311
A1JVOQPEGPL7FB,0.1562
A1JVSTD5ER5NSA,0.1792
A1JVZ2XY38VEF,0.1525
A1JW519IJUO6YN,0.1962
A1JWHZ124OGPVW,0.1565
A1JWY8AD348TYA,0.0156
A1JX2KSG05WBYO,0.2503
A1JXGU255ZN7JJ,0.1356
A1JXKZGOGLBLTM,0.1409
A1JXMJ3J3O0MQY,0.3485
A1JXVWSU5S03BX,0.113
A1JXWKSVPTLYDL,0.2665
A1JY0UKUY6F6XH,0.1284
A1JY2TBRK5PCSB,0.0214
A1JY2V24BF8HED,0.02
A1JYBKCJSBQMIC,0.1965
A1JYP6H711PDXY,0.0803
A1JZ6P6JXWPKL6,0.0449
A1JZEPPYFZDRPC,0.0333
A1K0558YJNJSRA,0.0682
A1K0L2PKZLISWJ,0.1491
A1K0W936L106TK,0.0583
A1K18E09VM5IWM,0.0882
A1K1HNG1TLL7AR,0.2588
A1K1IZMXKD9Z6S,0.0862
A1K1OT9VARZRG3,0.1291
A1K1XPE0WKKOKG,0.2606
A1K2BA1X8Y9RI9,0.0738
A1K2ZD8EEE6FXV,0.0523
A1K2ZXT12U5RQK,0.0739
A1K31OYEGGD0DZ,0.1978
A1K323WRUBGWC9,0.1379
A1K36U9PF3DGO5,0.1487
A1K3INEAAIBC3O,0.2208
A1K3JCMH277S71,0.1555
A1K3LZFVAZMPMN,0.105
A1K3UWSYC88E7C,0.5853
A1K41KEGN2G2NF,0.1487
A1K44OG0GLYUWB,0.1636
A1K45HFFFDNP1A,0.343
A1K48XY5KMWMPQ,0.2107
A1K4G5YJDJQI6Q,0.5549
A1K4PYN0I1VWX8,0.2674
A1K599CFNJ1AU1,0.4307
A1K5BHC4LS2XWY,0.0224
A1K5CZBEC33OGA,0.0792
A1K5EGX8HBO34M,0.0694
A1K5H8RA39DKT4,0.0117
A1K5HT39YKZAHH,0.2165
A1K5LM90O74PRR,0.0935
A1K5XKQO2PYEWC,0.1471
A1K635LBS8Z29C,0.4376
A1K6YT3IW75ID6,0.5222
A1K79WE0CM2ARY,0.1976
A1K7CUR8LVMLXS,0.0941
A1K7L9Y7IMKJGO,0.0966
A1K7ZAQUWJ201J,0.0691
A1K9GTUDFKLKMF,0.0662
A1K9IURLJHIMQY,0.365
A1K9QPW7OHC95L,0.1899
A1K9V7L2MVI15Z,0.1742
A1K9VV4RV5E7PH,0.0316
A1KA3UX00SDRRD,0.0256
A1KA9GM8QCX80E,0.0733
A1KABHFJ2YBS5C,0.1768
A1KAEJVLGKQ0PB,0.6226
A1KAJGJP1ITI5O,0.3327
A1KATM2VHHZEFX,0.1827
A1KB57XORQ9Z7B,0.0648
A1KB8S0NNIS38,0.0821
A1KBEZ89BPWR9T,0.0325
A1KBJ4D71P53JB,0.5019
A1KBMJ6V9WXT30,0.1372
A1KCG5U4HAB66U,0.1335
A1KCV6VC5F1AK1,0.524
A1KDCFMRNKRTQF,0.4826
A1KDIH1SJOKQ35,0.5622
A1KDQLGNHSBYXR,0.1049
A1KDQXZHQIG5QG,0.2393
A1KDYZH79Y0I08,0.168
A1KEAHBBT6R0QP,0.0816
A1KEJ9TWQ8OCHC,0.172
A1KF5QYV41WH1G,0.0786
A1KF9VFDWWIZFN,0.2328
A1KFHTO8H5VVDS,0.1312
A1KG05N26TY625,0.1436
A1KG3NOJH5RYIA,0.0362
A1KG9HXIBFIQDK,0.0171
A1KGCH50H9NB68,0.085
A1KGKPWWG61U42,0.2268
A1KGNT9YAPC7TX,0.068
A1KHIYHBMTYLB2,0.2328
A1KHK2A7W2ZHRH,0.1419
A1KHW0SL0H33TW,0.0689
A1KIT7BV1O3RFS,0.5061
A1KJ15ZOW9W0SN,0.5753
A1KJAMZ82D1Z44,0.3722
A1KJQ891X39LJ6,0.0085
A1KKPLOH00G98J,0.1692
A1KKVXXFPUR0FA,0.0877
A1KLFEPG45BMXN,0.2055
A1KLKPXJK0BRY3,0.0656
A1KLR710LRTJ3Q,0.1331
A1KM5TIQL9MFJM,0.1712
A1KMBUTSBTGIV5,0.4758
A1KN5OQGRNENU0,0.0274
A1KNASHAKLQW8R,0.3762
A1KNF8V0TT4LW2,0.2069
A1KNIKTZL05V0F,0.2246
A1KNQFB8OMZ0HL,0.1296
A1KO6FM2PGCYC8,0.2711
A1KOGFB5AC4BRF,0.0386
A1KOYOE8O2F1J4,0.0826
A1KPALLWZ73M27,0.1785
A1KPGL0MN82TRO,0.0644
A1KPIOJ1WENXB2,0.1475
A1KPPFZ4Z59HM5,0.5169
A1KPX8YV193NEG,0.0771
A1KQ0EWSH1W469,0.0919
A1KQJZWLZVQ58I,0.1816
A1KRCEFIATTF8L,0.1785
A1KRX2VH2CM111,0.018
A1KSXTIIE53KNS,0.113
A1KT0CU3QN3HXU,0.0315
A1KTMAJDUGETBA,0.1225
A1KTMXXHDMJG0B,0.0161
A1KTSGPF1JBHJJ,0.206
A1KUEYKLNP6CIW,0.1833
A1KUU2JVSYWVRS,0.1619
A1KUY2MNEAGS5W,0.1428
A1KW7SH29NJ1IS,0.142
A1KWLSHD6O5V9J,0.1766
A1KWPIORLG2QV,0.5651
A1KX2L5HPOGNQN,0.1093
A1KXDJ7WU8JBWV,0.1015
A1KXFZRA7437C8,0.1124
A1KXRPJ3CPH4X0,0.2164
A1KXV54YPG7V1U,0.2041
A1KY25HG3D9NWB,0.6436
A1KYN54PO33SRM,0.1017
A1KYWCVC2KW5YZ,0.0922
A1KZ4HW6OSJZKA,0.1537
A1KZO5ICY0X4BF,0.1704
A1KZP366BCW0CR,0.0449
A1KZSTHI3UO52F,0.2098
A1L04XZ7MTAI7Z,0.163
A1L0GP3TFKYV0,0.0452
A1L0OJ0VQDMPT7,0.0718
A1L0UKGHGFLXPG,0.0193
A1L131DNEOO7DN,0.0938
A1L1AO6S3BJIO7,0.1385
A1L1H9HISG1WCK,0.272
A1L213LYSO6LXS,0.0031
A1L2469UAZ0ZTI,0.1449
A1L29O5JUCKONI,0.1938
A1L3ALQD8ABET8,0.012
A1L3BW9MQBCFEF,0.1343
A1L3EWSRRABV0Z,0.1548
A1L3I2Y8KLYM5V,0.4236
A1L4BY5GG3U3LX,0.2463
A1L4FASS0WUMWJ,0.1195
A1L4KW5X5XY8RA,0.1901
A1L5PM0IE9TIPH,0.1003
A1L5VZVR2Z4BPI,0.0489
A1L5W03GVEG7DE,0.5929
A1L6P0CS7WS5XW,0.0652
A1L7M2JXN4EZCR,0.4048
A1L80UX2MUH5BQ,0.0452
A1L862YXFOMT9T,0.1375
A1L8CW9XK8SFMK,0.1709
A1L8HGP7D6B1KQ,0.1328
A1L9CRJ8WNSUU7,0.2709
A1L9J9E25FJBKJ,0.0113
A1LAGJI9YDRH18,0.1625
A1LAGS8H4A2DR7,0.5487
A1LAPL7E5VGR4Y,0.0579
A1LAR4NJI2ZY2L,0.1479
A1LAXDUK6UQ0PH,0.0268
A1LAYBBB1LLQ87,0.0325
A1LB4QFYEJ2SC8,0.298
A1LBIDUUYWG4ZK,0.6649
A1LBTVIA2Z4EKS,0.0548
A1LBVHI5KPVJI3,0.2972
A1LC0VIO3ZZ1MI,0.0932
A1LC2FW6UH6Q57,0.2876
A1LCCDBKFMA6L6,0.0449
A1LCO3C4LIJANB,0.0938
A1LD1DJD67BMHG,0.105
A1LD3INS94N99G,0.1689
A1LD3TWO6S695J,0.2213
A1LD5SE8IZ1H70,0.6545
A1LDB0HGS322GA,0.5066
A1LDBE1I4TIOLX,0.0807
A1LDWZBO4SLPF,0.5154
A1LE5W12Z3J7IK,0.086
A1LEOOMVEC0A5,0.2021
A1LEUXC2LWF7M1,0.3391
A1LEYE5S5I59RE,0.2006
A1LF3H7UFXQRUJ,0.0112
A1LG2DYXUUQYJZ,0.1371
A1LGQLDXYO2HH2,0.1776
A1LH6RF4UN9VI6,0.5048
A1LH8UC006YMT8,0.0374
A1LI0BCHN6HYE8,0.0184
A1LI2GRF8P21B4,0.3836
A1LI7PEGZZ2ZK6,0.1311
A1LIE43OG51RR6,0.2089
A1LIHSIZX7XMFI,0.0325
A1LIMLW5DFI8TL,0.2729
A1LJ0X7OP350J,0.0812
A1LJ1L00Z8DBF3,0.5861
A1LJ3BCAVCYXV2,0.7565
A1LJBZ8TNJ4JLX,0.1213
A1LK2X9A3A5BM4,0.2297
A1LK5QH0EYEGM2,0.2717
A1LKDIGVJ204U3,0.3563
A1LKFAD0ULLI9E,0.2325
A1LKL5ZFGEHRWG,0.211
A1LKOHK7DZQ4M4,0.1057
A1LKOIZXPQ9VG0,0.3146
A1LL5FO74L2KPQ,0.0917
A1LL8LGUZMNN7P,0.0794
A1LLQI5IBP4SVQ,0.1545
A1LLVNWLFQV9PN,0.0653
A1LM06N7CFL478,0.081
A1LM3P7HNGKP9,0.179
A1LM50CHW72L9E,0.0642
A1LMI3S1FN9HMF,0.1888
A1LMIJR8DNFC3X,0.0576
A1LMV1AZVMF74K,0.0299
A1LN1BE872K7DH,0.6443
A1LNAYGURDK668,0.2503
A1LNCHFO5J0PIM,0.1178
A1LNSCKEJZHL5C,0.1075
A1LNYMUTK42FCZ,0.0855
A1LO323L0EPAU3,0.0794
A1LOQL0T4D3HA4,0.2003
A1LP7819SDW5QG,0.0985
A1LPNYQK6RJ49W,0.0989
A1LPXKTAN03T61,0.1387
A1LQ4V9JGG3GA5,0.1477
A1LQAJ0H4T7P38,0.0616
A1LQCX5RZWA2CJ,0.2049
A1LQD58LXQ8JA7,0.0165
A1LQMVP6Z6C9RV,0.0593
A1LQQ2ZMFYC7D8,0.2214
A1LR0D9UCV46WZ,0.0848
A1LR4PEKZUW1M3,0.2548
A1LRB1N170UKPG,0.1896
A1LRDKHATAJTHV,0.0413
A1LRJG6XOXBFTO,0.0046
A1LRPBE0EDYDLY,0.1644
A1LRTOHHRBMLGS,0.0656
A1LSC45NVKZM6T,0.0789
A1LTGBQIO4T9NS,0.1586
A1LTW1Y592F8I8,0.2616
A1LU5QIPA9RLP4,0.1328
A1LU9Q47QFJ9X4,0.5428
A1LUAKKT4ST6H7,0.1971
A1LUZV4GV5VGRJ,0.4111
A1LV6ULP96ABL3,0.0646
A1LV96NTF1I9SQ,0.0575
A1LVDHMAHS387Q,0.0785
A1LVTTVXB1C0KD,0.2875
A1LWOUFLMBW8CA,0.0958
A1LX9GSMN66L7E,0.1696
A1LXBIDWACC4TS,0.0547
A1LXH2T0NVOURJ,0.0543
A1LXHQM4NSC1T4,0.0419
A1LYC5O475BSAI,0.0528
A1LYD7XU6IT3X1,0.2519
A1LYJLZ7ETSZP3,0.1587
A1LYQW1CVZ7EST,0.1793
A1LZ7QGWHBHWOD,0.2462
A1LZC0L3YA72HU,0.6206
A1LZH9ZDPVK5F1,0.0551
A1LZX5NL0JDH6U,0.1277
A1M02LZS1GWWQ0,0.0918
A1M02UBV9ZT7ZA,0.0623
A1M0B7QY5QXUJC,0.1061
A1M0G070K5CUV0,0.1496
A1M12UY6HT5ZPY,0.1105
A1M15HAT5S763F,0.042
A1M18RPUJZMNH7,0.0914
A1M1HGDVE38DBR,0.1235
A1M1OWQ95TFEW6,0.2034
A1M1QZT4FZS5DJ,0.0655
A1M1W6T3EPKNQ8,0.0339
A1M1XL6RTE5KY5,0.0771
A1M1Y643YA2DNR,0.0675
A1M20B9HD0BB9N,0.1682
A1M23FLNLC4MG5,0.4782
A1M2JRFHN09P8,0.0165
A1M2JTFHREYECK,0.5971
A1M2YMEVXZNFE7,0.079
A1M32VLYHX3J1S,0.0294
A1M4BGKNKMM03D,0.1687
A1M4H0AMID1NBP,0.1871
A1M4QGCCYHZ4UT,0.1142
A1M4W84899BETG,0.2496
A1M4X311R1GSTJ,0.018
A1M4YBXBDEJLFL,0.666
A1M5FEUHT4XYI8,0.1142
A1M5OIQM70KT6X,0.1025
A1M5ZT35YX6TIN,0.1301
A1M658L774LPGM,0.0414
A1M6D4RPSG88JQ,0.079
A1M6GJJAGVE4Y5,0.1031
A1M6Z0NSZJB8AM,0.1249
A1M72Q7EUR533D,0.0818
A1M7GO9IQSZZUH,0.0206
A1M7N0QMDDXDZY,0.1375
A1M85S3L9ROA17,0.3642
A1M86X97J2VKZN,0.1388
A1M92239OM8KPO,0.3684
A1M93ZN0LVXO2B,0.2036
A1M991VMFWPV1A,0.1942
A1M998OOVBL4PG,0.1793
A1M9DJAPOVBAS6,0.2626
A1M9EZ6PMRY3JU,0.0882
A1M9JHM6613D5I,0.1469
A1M9LZECNHWLLH,0.0469
A1MANEX1U5T8JH,0.2176
A1MB76MMDQHQZP,0.117
A1MBMOD1WE3PF7,0.3883
A1MBSCSYG1OQ99,0.0829
A1MBUQ1B3TKT7M,0.1918
A1MBWQ9UW8276V,0.0801
A1MC0F23A4IUOE,0.078
A1MC2E7B19FTK3,0.1513
A1MC37SS5G4GH4,0.2676
A1MC89VM9F30FG,0.3517
A1MCAXACY28WOK,0.0461
A1MCFMXZTA7XT3,0.1213
A1MCRM4XWX78IN,0.0392
A1MD0PXVZ9C0BJ,0.1419
A1MD9AEU9C4WJN,0.2905
A1MDB3G0YAM18R,0.1027
A1MDDAJFZJB3H7,0.0295
A1MDE3K9M63KZV,0.6654
A1MDHJ845EOVLS,0.1687
A1MDWX1EXPCOYE,0.5173
A1MDY4144RNG6,0.4635
A1MEISNED4NP7U,0.9029
A1MFAPVBW9BEGD,0.5973
A1MFO2DXH2C2B5,0.2223
A1MFVAHTT2BHM0,0.9696
A1MFVV2SM8U67C,0.0744
A1MFXZAOO8ZCJI,0.0361
A1MG8LP4Q8W4B2,0.1543
A1MGK3XFRVB6CU,0.498
A1MHDCGQE5186H,0.0214
A1MIAJ23OJZ1GI,0.0911
A1MJ0D09AJVAG5,0.0855
A1MJ1BGKHTKP9Z,0.1508
A1MJ7DJLRLH7EK,0.1173
A1MJAOQ69LIPUL,0.0348
A1MJNEJO890V7E,0.2258
A1MJS1YRKNMU04,0.2314
A1MJTH31SW605G,0.1832
A1MKBK0ISJF02W,0.1778
A1MKKFKNCAC34O,0.0468
A1MKPMJPD22YY,0.3102
A1ML4CGU7PWRAU,0.1003
A1MLB863AF50AG,0.1167
A1MLVQ20U6X3ZC,0.0203
A1MMH1TTLIV9EX,0.1571
A1MMJMUYJQKZES,0.616
A1MN0HLBJI1AOU,0.0761
A1MN0WVQNLDW1U,0.1271
A1MNELDLD24CFC,0.6697
A1MNMJUJIK4QWQ,0.0294
A1MNN0ZMHYPJDU,0.5783
A1MNOWQ6Y92O1Y,0.0313
A1MNVGWFE6E0J4,0.0785
A1MO029I2PGEXI,0.1179
A1MO34WCJL3AIJ,0.2951
A1MONEN4OHY1ZI,0.4126
A1MOQVEKNPKYG0,0.0756
A1MOSTXNIO5MPJ,0.1949
A1MP1A2AIQX9W3,0.1126
A1MP42BBMV85CT,0.0877
A1MP83EDXKTT0X,0.0626
A1MPM3VVLV695C,0.0355
A1MPTOCYQWUWT1,0.1201
A1MPW5B6ES6MK9,0.1531
A1MPWADP68X3XO,0.0184
A1MPWLE0J5U0YO,0.2039
A1MQ4SQ8VZ5OWA,0.152
A1MQESL5LGOKZW,0.0815
A1MQJQRHN0U1AN,0.0257
A1MQNAW2FNC1H8,0.1092
A1MQOICJQ192O1,0.0725
A1MR5CQ056ZO9H,0.1325
A1MR61NDPY463T,0.1364
A1MRFTBJODLRJW,0.1646
A1MRJKQ7ETNFMU,0.1762
A1MSBF69K5EFYK,0.087
A1MSBW9EUZ6FX6,0.0291
A1MSDMFCLSBNTJ,0.0348
A1MSHO5C6BO7LZ,0.1482
A1MSO6LERG39PC,0.0936
A1MSWDKFXTKHPE,0.0743
A1MSY5U64K1Y3D,0.0954
A1MT4NHNZJ9L34,0.0479
A1MTBSGFNBG676,0.2053
A1MTT0NRUJB6PJ,0.2994
A1MTVBDE8JP0KT,0.136
A1MUDY0X0ZHI4P,0.449
A1MUH58OOJZHKD,0.0657
A1MUM4VASKX0F5,0.2831
A1MUP1KOT1X9MZ,0.1158
A1MUWF8WEBF28E,0.2951
A1MVAG8HE00V4J,0.0824
A1MVSX9232K1XQ,0.0693
A1MVTXOZOM5AYE,0.0147
A1MW1J0OBO341R,0.0383
A1MW1XMP2B5OCH,0.0616
A1MW5TA0TW43TK,0.0667
A1MWC47MS3OHGV,0.1808
A1MWEKGRKFU6XV,0.186
A1MXF4ZY76K0WG,0.1789
A1MXFJEGNZ107N,0.2573
A1MXJVANURX26J,0.2992
A1MXX1K2N7RMQY,0.1542
A1MYFF3HROSSAU,0.1118
A1MYNT7BUPG4FJ,0.2894
A1MYYHQR614UC7,0.0181
A1MYZVGEWJIVH1,0.1859
A1MZ23CWJSKOOG,0.2091
A1MZ32IIANWUI4,0.055
A1MZJ3OVAZWV7B,0.3399
A1MZL91Z44RN06,0.7097
A1MZONT5PZVCUK,0.1481
A1N013LEAOLX2U,0.0187
A1N0ZF06EO4LQZ,0.0717
A1N1BRJR4P29IX,0.0478
A1N2273WXYDE9L,0.2939
A1N2JL8ROQWQNW,0.3157
A1N2MS9N6SJWWD,0.3568
A1N3CH42SZWEP,0.5325
A1N3WNCCMAKLPI,0.2416
A1N45USBVC5C7F,0.1388
A1N4IQ1VBWG2G8,0.0705
A1N5RZT12I04BB,0.0674
A1N5X627YR1WQH,0.1896
A1N5XW60FVZYHH,0.0457
A1N69ULG5YW388,0.1061
A1N6B7F7NMARL6,0.1444
A1N6KCWXEL2X75,0.0422
A1N6UIVLKUF9WF,0.137
A1N73M40MPPWSR,0.1138
A1N7JLWB7039XQ,0.2638
A1N7NA5148ZREP,0.2598
A1N7XETGN3E6YB,0.2294
A1N8IQE6HYVLOC,0.1183
A1N8LKR6RKRN2P,0.1582
A1N90BLM0OTQUF,0.2265
A1N9LX6E138H61,0.0832
A1N9PDHW499DIQ,0.315
A1N9QB2BECD6TS,0.025
A1NADKSHMF3S6K,0.0537
A1NAE84M5EA0YX,0.1489
A1NB0UGAONC2M,0.3087
A1NBBG8BALZ0BP,0.6836
A1NBC9AMD0I1DW,0.1389
A1NBH6ZOFDS5QS,0.1824
A1NC3I05U5BQ2P,0.178
A1NC86NFVMWNHN,0.1179
A1ND12UFSJ9EPK,0.2293
A1ND6P02OFUXP1,0.0929
A1NDHLQN0K23QK,0.6395
A1NDHO2RGGTAX5,0.0981
A1NDKHHNYR2CCP,0.1335
A1NDTFQH1ADENW,0.099
A1NE9H195232L3,0.0867
A1NEHV50RHWYE7,0.1336
A1NF7WJJ5U0TGZ,0.1798
A1NFR6I9KSUR6M,0.2076
A1NG1XB8MQKM19,0.1921
A1NGUBUZTC09TF,0.262
A1NGZURNQJ9XUR,0.181
A1NHNED4X7LXRE,0.1371
A1NI8QXW52SARP,0.0168
A1NIBE2WEWDQN3,0.0593
A1NIH94X1RK5QP,0.0995
A1NIT7KWE1WKC7,0.3709
A1NIU727LAF4BA,0.1354
A1NIWKDK9V6FQK,0.0792
A1NIX2WA2ZKLV7,0.1855
A1NIXQHXXCW8BJ,0.2392
A1NJ2GWURL2ONB,0.2857
A1NJ6MBO6TURL9,0.5711
A1NJVRQ12DB6CN,0.0676
A1NK1BYWRE7VFH,0.0294
A1NK488S0NMSSY,0.5446
A1NKLL1D1XVQ00,0.2357
A1NL6VWOX2FCMW,0.5942
A1NLO10WVV3LVQ,0.1177
A1NLOKTTTC7MCL,0.1666
A1NLR64WIWXYZI,0.2051
A1NM1FO36ZMSVQ,0.053
A1NM7AKSF2JR6W,0.4689
A1NMNY8FQUS4N0,0.2919
A1NMSNSO624OID,0.063
A1NN0A2NG50PSU,0.4103
A1NN8Q1DLAYPGH,0.1143
A1NNBQVZQOPWMZ,0.0925
A1NNJP8PL66BLI,0.0719
A1NNQCYZZ1XJN3,0.1444
A1NNSWGNTS7A6V,0.1529
A1NNT44F43MHXJ,0.1313
A1NNUBLUHNM0DO,0.1238
A1NO56PQB4WMAI,0.3554
A1NOCBATO8SJD2,0.0863
A1NP91R1CRPNQX,0.1303
A1NPM1PX6MAK5E,0.2259
A1NPNNO5F1FMCD,0.0822
A1NPVHGC7QRNRD,0.1381
A1NQ1IZYCLOD8J,0.0254
A1NQBIFLVZC7YK,0.0706
A1NQF2RPXBIPIO,0.0694
A1NQX79JBCAPUB,0.1516
A1NQZDEPKW2P4Z,0.089
A1NR199CQ10MG1,0.0341
A1NR2HOZ7C812E,0.1048
A1NR87CCN4I5ZT,0.1855
A1NRBZMZS5QF8M,0.202
A1NRC1QV6O3XR7,0.6721
A1NRF270H9QGK3,0.1585
A1NRMTQ5SZPZA,0.7485
A1NRWVCA2TCZET,0.0836
A1NRWWFVODZBYZ,0.0912
A1NSEMOMF4JNOY,0.1742
A1NSHQMDSER9I1,0.0878
A1NSJHH59U8EKD,0.0637
A1NSM10MS81MCB,0.1126
A1NSS6O5OSEECK,0.3677
A1NT1O1M6RNMLY,0.131
A1NT6U2GQQGIYX,0.2907
A1NTVX5PKD4LDN,0.2061
A1NTXW4HO7D9JW,0.0172
A1NTYEK0TIGI5H,0.2398
A1NV34T26E67GA,0.0623
A1NV5VQLJBVU45,0.0396
A1NVD0TKNS1GT5,0.0442
A1NVT0RG0EFKKH,0.0842
A1NW1QHXZAPZRR,0.3498
A1NW25LR5QJ08M,0.0587
A1NWJXGM1397DM,0.0691
A1NWR93PPNP40X,0.102
A1NWTHN0X3OR9P,0.1621
A1NX2X9SKM65BF,0.2611
A1NXNMRAVPGTO3,0.2346
A1NY3TMEB8KEW2,0.0868
A1NY5JGIXL0MVW,0.097
A1NY8MREXJ4JL4,0.0653
A1NYAXH1LHDI31,0.2087
A1NYKC09CETMCV,0.5398
A1NZ8E0Z5PQO4R,0.0472
A1NZDS9XMC9ESX,0.2551
A1NZFW3DTHWTEI,0.2626
A1NZK5DIQ5RECY,0.2279
A1NZR4UN6DJQIO,0.2156
A1O0BF5XZNF315,0.5909
A1O0E7X4PTQUKI,0.3536
A1O0FU7O0RJA4F,0.2228
A1O10TNCHOHI84,0.2812
A1O1AJOJQLNHT4,0.1334
A1O1FCKRHHW3W,0.1998
A1O1RG8QYMITIX,0.0672
A1O1RNF7DY4I7W,0.0241
A1O1ZTQW0JDI2V,0.0459
A1O2219YN57095,0.3547
A1O22UA181NUXO,0.6222
A1O28K1JTVY59T,0.0499
A1O2COK92583R4,0.1299
A1O2GTYNFTCUK2,0.1086
A1O2KQ6ZDTL1BD,0.2248
A1O2KST0G3G7FJ,0.1239
A1O2MHRG6QZ307,0.067
A1O3F59IIEQHJZ,0.1334
A1O3FDAZQK8FJC,0.5019
A1O44RP0HKY52M,0.1272
A1O4DG21XBKSYT,0.1814
A1O4EE9BSP83IG,0.5666
A1O4PWWWKJG090,0.0847
A1O4VYJPIK20V,0.3257
A1O53DT8R8JLLD,0.2801
A1O56462L8ESCK,0.0067
A1O5ICD3DW52SR,0.4309
A1O5KKPQWC3OZ9,0.115
A1O5SR95Y3U615,0.1684
A1O5U7CJ5V4AFA,0.2906
A1O6E9A2Z37VP8,0.0353
A1O6KE2WEZXA20,0.0423
A1O6TOWJHGDJKE,0.0489
A1O7AKVUH4482D,0.9209
A1O7C0RN447LIH,0.3601
A1O7IMPEX6AF2J,0.0548
A1O7IVRX2VPWR7,0.5765
A1O7NCI7MZZV9P,0.1709
A1O7YO1806XYAU,0.5309
A1O8EDR9VMIRKE,0.2581
A1O958D570KGLQ,0.184
A1O97JFWDE81LX,0.2859
A1O97WKID9L3IA,0.7237
A1O9ERVTKGVW69,0.518
A1O9MBXCJY6TV9,0.1222
A1OA0Y26U1RYLL,0.0705
A1OA7ZKRQH98C8,0.378
A1OA8145NAAI9M,0.0644
A1OAAZKPIPCVXG,0.0889
A1OAK2EOENWPBV,0.1144
A1OAPYE1A05EY2,0.3153
A1OB6LDS4U0UDZ,0.0881
A1OBOZRWAP9LD,0.0378
A1OBS7GDT8D4C,0.1215
A1OBUW48Y2GNMZ,0.0678
A1ODIVY2TROYEQ,0.1267
A1ODK01BN1WY2M,0.3338
A1ODYMPLO86TZ0,0.1297
A1OE0G5XIG9EA2,0.0712
A1OEFHZ4SBN3MQ,0.203
A1OEJA4X7SDZDP,0.1187
A1OEV44GI2XCPC,0.4017
A1OF88AH1DP954,0.161
A1OFZ0WFM50Y95,0.3802
A1OG22AV0FS7F1,0.2318
A1OG2V1Q9LD73B,0.1567
A1OGRLACOM3N48,0.118
A1OH9YRSECZ8SM,0.2218
A1OHAE23CNCTA2,0.304
A1OHEOHXITWN5W,0.0061
A1OHN2B447Y0FK,0.1912
A1OHOFON2HRKID,0.1562
A1OI5CUGR4IA9I,0.0339
A1OI77YP9WGWDE,0.163
A1OIGNXNLPSJQJ,0.1171
A1OIQ0NU3WDK35,0.1339
A1OIUYSO0M22LG,0.0266
A1OJ3J9VPOBMGZ,0.2988
A1OJ4DT82V6EJ9,0.5758
A1OJ5BXJBBUUL7,0.0648
A1OKMVTVH477BC,0.1804
A1OKXYEBH75140,0.2746
A1OL15ONT14AU9,0.1084
A1OLHNZJE8WZN8,0.1087
A1OLTLIVGZ5BKC,0.3859
A1OMC6X5Q4QMIF,0.3385
A1OMIFPRIO1KWY,0.0444
A1OMMXGV9U3M1X,0.2302
A1OMPCI597G11Y,0.1566
A1OMQL9KIOEOJM,0.0434
A1OMWBDYQBWVM0,0.0911
A1ON1ZQSR46ZR9,0.2108
A1ONG06J0VI1J4,0.0369
A1ONVQZM1S0J1C,0.0461
A1ONWD8QSFBWZ6,0.0544
A1ONZ8JRPLBNUI,0.1489
A1OO08IL5RIODE,0.1415
A1OO228VP8O47W,0.0369
A1OO39QYVH3AUY,0.0809
A1OO8S0CRY2M6T,0.1543
A1OO9N1MRNQ7K0,0.4954
A1OOCCA5QQGF7,0.0342
A1OOWJ2WSKGIAT,0.0842
A1OP217NOXQFTC,0.2149
A1OP2RI3U76KUV,0.0823
A1OP7O7OLH0AKM,0.0188
A1OPG0S5E0V0BK,0.037
A1OPLB2JLPVUAZ,0.0748
A1OPZ3BUTEL47R,0.1146
A1OQ7NESY75BRI,0.5491
A1OQDHMHIU3ASD,0.0823
A1ORPHYNWQB363,0.1412
A1ORW6B32NZ3Y5,0.5614
A1OS4YBJTY7ZUM,0.0794
A1OSNUU9XWXNQZ,0.0364
A1OSQA9T4L7BCE,0.1624
A1OSXYLOUVZDV6,0.0863
A1OT13GDLQ5HI6,0.3149
A1OTTDNEZOUSRI,0.1316
A1OU6684U2X401,0.1998
A1OU8WF5TKK4W0,0.1217
A1OURU73W5FFK0,0.088
A1OV41AAQJ90F,0.0572
A1OVBH3RR5OY86,0.1584
A1OVG916J113YZ,0.1837
A1OWOUEAHA4QPP,0.0393
A1OX19PDA486CD,0.2969
A1OX1M4ZDA5KBM,0.2316
A1OY1EDCY9H8QR,0.3597
A1OZ7I3DESX9NP,0.6415
A1OZAYRJQAERTK,0.005
A1OZL1HR9O7WVV,0.1761
A1OZSTTZ9W5MLL,0.1726
A1OZWVXJ2D3N3T,0.0802
A1OZYB2MHZQXEK,0.0412
A1P02GG94LPF80,0.1757
A1P0C4KN63K92I,0.1613
A1P0EP5KFOTBIJ,0.3258
A1P0K1U0DNQV73,0.6275
A1P0KXFRMNL2AC,0.1677
A1P10GPRFPBHK3,0.1671
A1P12P1V3DDLPD,0.0688
A1P16P5VZL422Q,0.0743
A1P1L268DFQLPT,0.0241
A1P22FLSHZJEVQ,0.2396
A1P2HWSKK852U3,0.2296
A1P2TRWI6X1HJG,0.1767
A1P38V2ZN0GXK6,0.2594
A1P3FOPEX2YIGS,0.0579
A1P3VXW3JKS3FH,0.157
A1P3W92BA4Z4N6,0.2001
A1P4E6T04Q1TG4,0.035
A1P4H9IB2GUTRL,0.0978
A1P4WHZOTII38A,0.0947
A1P4X7FG0PM9AZ,0.1111
A1P51R2I1JDI5J,0.544
A1P55MC9DJZ79V,0.1016
A1P5CIQW08ZD75,0.0575
A1P5GB45KRR1EM,0.0142
A1P5N909O9ZLK5,0.0643
A1P5UEQ50O5BKY,0.101
A1P662LNCNUIP6,0.5007
A1P69VMRNEMBDI,0.0602
A1P6BHV3N0KW10,0.5333
A1P6HMF3876Z8P,0.1445
A1P6JZ5FRFI7YF,0.3141
A1P6VTB5OYEKAG,0.0622
A1P6WIS93SIOPE,0.0118
A1P7E1JSSKKEBC,0.0217
A1P7XRBU19E9XO,0.1709
A1P7XWKJYDMY65,0.3968
A1P7Z60JEG8ULO,0.07
A1P83JPZU024ZF,0.5754
A1P84NT34DDHG0,0.2162
A1P87M177863E0,0.2651
A1P8IT0URBLB26,0.1889
A1P8NYDN32LBFH,0.3276
A1P909NOKK93LJ,0.1582
A1P94CW9751WWM,0.068
A1P9FP9ZZ00TU4,0.1759
A1P9LSP8PK9FOX,0.0599
A1P9UJ7CTC16KI,0.1692
A1P9UMP1XSE6MI,0.1248
A1PA752YSSIXFS,0.3879
A1PAFFE64PGY99,0.1351
A1PAY50TXCISQX,0.0636
A1PBCY740DJXAN,0.0677
A1PC9706EC9HOL,0.0342
A1PC9U058GVWEZ,0.5433
A1PCB1OKROMMF7,0.0671
A1PCD4CHCQ651P,0.0157
A1PCFKDROADZCG,0.0935
A1PD3DMGB9WHVK,0.07
A1PDLQY5LD6JAS,0.1039
A1PDPM6IKTU07N,0.1096
A1PDUCOTPTYKWQ,0.0374
A1PDWS1XQPCK0Z,0.026
A1PDY5CI5LSZZ1,0.0681
A1PE07FDHM05I7,0.0349
A1PEEY3IFLCYOH,0.235
A1PEIJ9WCRNZNV,0.0989
A1PEXTGNF36I1Q,0.6793
A1PF6RVN0MQX97,0.0489
A1PFG03IJCKUI3,0.1619
A1PFIWSHINP0RJ,0.056
A1PFJ1V2ILANRD,0.085
A1PFT6E80P9UF9,0.0636
A1PG435Y5N274B,0.0796
A1PGJREXF20KEE,0.1754
A1PGUHJ9ZN499P,0.193
A1PHD1SQ704SRN,0.1399
A1PHMM06DZNBYN,0.0802
A1PHP9P1HJG6O7,0.0605
A1PHXN4RPR6QCH,0.2257
A1PHYBERTXK2P9,0.1084
A1PI0Q7UJTLWE2,0.1599
A1PI5Z0SL73HP0,0.1186
A1PI8VBCXXSGC7,0.6186
A1PIMVPZAD6X4V,0.4794
A1PIOSWLZMILUZ,0.2274
A1PIQRL986PG8R,0.2233
A1PJ6XCHGZLZWO,0.1541
A1PJNEHUONN0PN,0.0555
A1PJPEKAZWRU62,0.6157
A1PKC189XN1Q8,0.3261
A1PKRB6ZO53CRL,0.081
A1PL1LD41AZAHF,0.0971
A1PL52Z3VDUSHI,0.0413
A1PL5OZYPCEOH0,0.0863
A1PL7QILVQV3IF,0.6701
A1PLEZQ8IRBGRC,0.2139
A1PLSNRNVDK504,0.6276
A1PMMMOZ78306S,0.1315
A1PMO5IFFRHA7R,0.5729
A1PMT00DF5IIQQ,0.1605
A1PMU36PVYIF3D,0.1321
A1PMV383GPQ7G2,0.1451
A1PN1SY3F4723D,0.0685
A1PNGYYWKTXKG3,0.0481
A1PNHHIYVH949D,0.0889
A1PNZLHBSHXDJJ,0.0413
A1PO6PUEBDV6ME,0.0157
A1PONF56DJJDR9,0.3584
A1PORN92IWDNBP,0.0648
A1POS6SOHL1O7Y,0.1728
A1POUDPTER903,0.0358
A1PP3VGMONR8ZE,0.0358
A1PP8FVNP036IN,0.0995
A1PP9T8BL0ZRQB,0.026
A1PPAB4AXMTQOC,0.1711
A1PPDBGCKM9AM0,0.3993
A1PPS91NLI7KEH,0.4861
A1PPWI0UAW05V,0.0939
A1PQ9S12V2WLLO,0.286
A1PROCMM897I24,0.0754
A1PRPZ82QOREZU,0.1711
A1PRTTD5XS2G4D,0.0747
A1PS0VXHSVSSA,0.106
A1PSDTPK6E0MM6,0.1571
A1PT316HZQK19K,0.1414
A1PTAURI73JTIQ,0.0241
A1PTD0V4ZFWAQV,0.1338
A1PTMR44NB9DN8,0.0762
A1PTPN5SY7C7SW,0.1484
A1PTQ2YYA5FRCV,0.1015
A1PTQV6KLHGH4D,0.0287
A1PU35DRV1UG0N,0.0197
A1PU9GCX6AB40D,0.1061
A1PUGP8IXD1BA9,0.1354
A1PUV4XTMT14L3,0.5482
A1PVB6CEXP5M9S,0.0275
A1PVBXEAH1B5V,0.2145
A1PVEZ4PEX3AA1,0.0818
A1PVQM7U9HUDZ0,0.1648
A1PVX61PRPVX27,0.6261
A1PW42Z2JRBXEI,0.0818
A1PWF5Y5OW4KNJ,0.2031
A1PWWY0J1CQF8V,0.5256
A1PXL47D0RZ110,0.1525
A1PXOVIVN166E4,0.1005
A1PY7278VXKI8V,0.0693
A1PYFY92I3QXPG,0.6372
A1PYSYYHHXATL7,0.5238
A1PZBHF3YHQXEI,0.2479
A1PZJB4VW943JH,0.0593
A1Q046K26Y2YUZ,0.2165
A1Q04WKYZE7FIN,0.1044
A1Q0YEDBBNRW89,0.2316
A1Q13RXQTEQXJQ,0.0728
A1Q19JB1PE2V5V,0.1567
A1Q1AB29V0T465,0.2169
A1Q1MC4HSUUEXV,0.2478
A1Q1O4S1N2VCKI,0.0785
A1Q1T0HG2LD57M,0.2567
A1Q1T811N4IY3Z,0.3244
A1Q28XM7QN3WXE,0.109
A1Q2QTKIWDA2K3,0.0741
A1Q3T04ED65WDS,0.3941
A1Q4DJKNW73AIZ,0.4357
A1Q4DVABELGRQO,0.1806
A1Q4EJDS04Z4MW,0.2174
A1Q4FFIDD52VF2,0.1636
A1Q4IFHR5KVI5O,0.081
A1Q4JJBFCFZURG,0.4022
A1Q4L0XYNFRDGN,0.1078
A1Q4M7TN3SYSX3,0.2952
A1Q5ILYUGIB6XP,0.6008
A1Q5P5ML3176C0,0.4701
A1Q5X9IDWPVWY4,0.0675
A1Q610AIYKYS5Y,0.2109
A1Q6BOVHAOZ04E,0.1355
A1Q6F8ZL4P3IUD,0.3001
A1Q6HSJPU0TUKD,0.2939
A1Q6O7G75XDOXV,0.0603
A1Q6WLQMN5BRU6,0.0677
A1Q7F2Z2R0554X,0.1335
A1Q7XHSJ9F76I6,0.075
A1Q8DFCM7Z7OUB,0.4874
A1Q8RN1CVD9NWK,0.2762
A1Q8X8N9VZ4Q7B,0.0923
A1Q9FYDCBRV1ZF,0.2077
A1QA8NCXCJ0CVK,0.1255
A1QAG86HQ12F7R,0.1169
A1QAOW1XNQSOU1,0.078
A1QB6HPF3CNIOQ,0.1061
A1QB77Z9LKIERR,0.2354
A1QBA7K3TPPEGV,0.5926
A1QBCRNXN1CIBV,0.0412
A1QBD8ROX93T4H,0.1663
A1QBEIP8CVP8FG,0.6482
A1QBR2TFSBFLND,0.2921
A1QBRFSTAIPMQV,0.0286
A1QBSI28Z76980,0.0249
A1QC5M1SBZ7ZQS,0.0334
A1QCGY3BVYRX21,0.0895
A1QCJY8S5CR811,0.0425
A1QCZQTJNK3MU,0.1692
A1QE5F72CKM9QG,0.096
A1QE7RSYV3R7CV,0.1214
A1QEIN7ZPVI32X,0.6355
A1QFBZVNDVAU7V,0.1479
A1QFP8Y7G647BN,0.0158
A1QGJ54ZBUW7W7,0.1179
A1QGMIQD8ZYDS8,0.0492
A1QH4Q9BATACFS,0.0227
A1QHJJSS7YNUYW,0.1196
A1QHRQC1AUF4HE,0.1072
A1QHV41HEZE6QB,0.0789
A1QI6UXJDNTXG5,0.0509
A1QIPSHOVUJ5DO,0.0675
A1QIV0BGQN42WX,0.4703
A1QJ0UMSIE1MCP,0.4397
A1QJ9TYXP7ZGVJ,0.0643
A1QJJU33VNC4S7,0.4029
A1QJNWPVZ7QTV3,0.0784
A1QK0XCAPHIW1L,0.1098
A1QK1NKI7B27MR,0.1185
A1QLBA4P5QGTTC,0.088
A1QLJ37OM0C0EJ,0.1713
A1QLMK517SKM6,0.5979
A1QLVD4LID4D6B,0.1608
A1QM3DJC5D8NIT,0.2313
A1QMG4BJ9E5EW7,0.2182
A1QMWYDHK9PGL2,0.1528
A1QMX7TOIQXGI7,0.1016
A1QO2PXMYR267Z,0.0448
A1QORNTKP1DRLJ,0.1014
A1QOROHR28TVEK,0.1947
A1QPELYK6WOKAN,0.3783
A1QPMI8P4HYNYB,0.368
A1QPZCVXMCIJQJ,0.5839
A1QQDHM5YMLQ8Z,0.2626
A1QQVV5VG0FG4W,0.0071
A1QRCT3RZH3T6P,0.0366
A1QREIKSLENQFK,0.0299
A1QRR06UY3LI9G,0.2601
A1QRX5UKALWBXM,0.1844
A1QRY1FPUW7DKU,0.4601
A1QS0AS9FQLZHV,0.1612
A1QSKWQM8KXJBH,0.0255
A1QSMN2PHSXGGS,0.0085
A1QSS9BLNW3RQ4,0.0463
A1QT6PHXDA5XDF,0.685
A1QTFBA3GP3N38,0.1332
A1QTXDVUDSAMG2,0.0664
A1QU2RHE9D31HN,0.21
A1QUJ665DPVVW5,0.1979
A1QUPCI87IR9GH,0.394
A1QUXY27KPTVGV,0.0321
A1QV19AQ80YTU2,0.1794
A1QV397S7OWM97,0.2806
A1QVRNIHML839B,0.0125
A1QW0WFCTLSTI5,0.0328
A1QW3EKVYMIJSC,0.1817
A1QXBKNTVF2BNV,0.1124
A1QXE4L1I27TJ1,0.2476
A1QXUQZP4XTI5X,0.4354
A1QYTCXVMPWA2E,0.0299
A1QZ2Q2QM95DPZ,0.0384
A1QZGBYGAJNM1O,0.1445
A1QZMP1VUZ9PWP,0.0118
A1QZQ5J5CAKQV9,0.0959
A1QZS9T3HHFM7N,0.076
A1R0PBOIOOIPZK,0.2504
A1R0V0TRSQPAJ8,0.2754
A1R0XKFGJ8QXQ0,0.2195
A1R0Z1BJGWRH8E,0.252
A1R14U3RQL533P,0.086
A1R1BFJCMWX0Y3,0.4734
A1R1QORUAJRFXL,0.1026
A1R25OC51QOOJ,0.1873
A1R31H63YK40JT,0.1918
A1R3DO060J45BP,0.1375
A1R3TD4V10Z77B,0.0726
A1R408ENMIXRY2,0.1808
A1R4BL5MYUDNDJ,0.1462
A1R4CU381V02EK,0.0935
A1R4O873TEUFJJ,0.1906
A1R55MDN43HRP,0.1806
A1R5UPSOH21D3D,0.1336
A1R64C6HME7LON,0.0214
A1R66S597VX4SG,0.0959
A1R6B18B5J4SNF,0.242
A1R6S377HMO6W8,0.0112
A1R6WU1K1RA2N7,0.097
A1R76R4E6A8S3B,0.5459
A1R77V4Q207OHD,0.0191
A1R7BYAO9335Q4,0.0483
A1R7EED1HTJDRK,0.1663
A1R87GD4CLPKTK,0.1372
A1R8L0J3V9CEID,0.21
A1R8TL0ECQA6VL,0.1494
A1R8UXORUTIU8T,0.4782
A1R9EBQ99UDRN3,0.0705
A1R9I5AXTFRPR8,0.0643
A1R9LG0GHISRBI,0.3705
A1RAR1QGKI0OOE,0.3671
A1RAUODX6OQHT0,0.0172
A1RB0ICCZNWXEE,0.1977
A1RB18TJUB3DJ9,0.1367
A1RB56PYJOPIJ0,0.166
A1RB8GE2E1ZQWN,0.3221
A1RBEYAMTN4R64,0.6275
A1RBISP0AY63M7,0.0824
A1RBOBZ6U05L91,0.0911
A1RBOK8YMMLVPS,0.1087
A1RBXYRF80FZJS,0.085
A1RBYHHHEX5XJK,0.0308
A1RC57T5JNV2WP,0.0372
A1RCA8ABMAQ9V3,0.0948
A1RCBHE3VVBSC,0.2857
A1RCKRU9TJ43PG,0.0831
A1RCP4UEHLV7KE,0.1593
A1RCZYX8DZ0K1M,0.4469
A1RD39D6JE015B,0.3053
A1RD92E1E0DXDY,0.0941
A1RDSHFDEICDTR,0.2153
A1RDTQKLDCR3CX,0.1744
A1RE77USFVUC4D,0.1142
A1REY6YZXI4YNF,0.1591
A1REZUQZMJUFW2,0.0227
A1RF9YK4BK5TRH,0.3256
A1RFGSDT6F0J9D,0.0582
A1RFMNYNIFW3ZV,0.0986
A1RFOGZ9GYWJK8,0.015
A1RFQVHBKVN4TA,0.4324
A1RFW9IZNK4A55,0.117
A1RFWUCNE7NTWU,0.0339
A1RFYCAU6YXAUM,0.0868
A1RGK6Q5WUZUBA,0.2525
A1RHJX6OA0O9KQ,0.0112
A1RHP5S8Z69AYN,0.2024
A1RHPI2BN0QPEW,0.1967
A1RI10H2OWV8ZJ,0.2385
A1RIMMLJ4XK8C3,0.07
A1RIQSGEWB2Q4F,0.1982
A1RJL1EWUQG92L,0.1167
A1RJUXDK64O91A,0.1299
A1RK51PI9UESR0,0.2688
A1RKACXM2SF8OT,0.0082
A1RKGC5CRTFPI1,0.5408
A1RKNHDN0FGIK9,0.242
A1RKX9ROHOVP5F,0.0747
A1RLWLTDC4B0LL,0.1813
A1RM27WKIWB4CF,0.0613
A1RMC1DFB2QG9Q,0.1176
A1RMHZZRK8QLO5,0.1749
A1RMOREQJ8KNWW,0.233
A1RMSQIE5CPV1C,0.1477
A1RNND2QKFLKK4,0.174
A1RNO5YVINF9H,0.1277
A1RO76WBFX9XRJ,0.1692
A1RP3MWWTFQJB9,0.2731
A1RPHU8EM97574,0.045
A1RPJD08T1QWE6,0.1289
A1RPQOVNYZXN0,0.2107
A1RQPAAU6Q65XR,0.2718
A1RR2AU0DQVIY1,0.0256
A1RRL0080TNFKF,0.0263
A1RS06313BL6WN,0.3142
A1RSBCFGLKBQZ1,0.2106
A1RSMKD7UBUC9S,0.1109
A1RSVNW6JMFOKZ,0.2682
A1RT7RJJVEN222,0.2389
A1RTJSC27DVJ5B,0.1681
A1RTMLYSYMTAQS,0.1966
A1RV37VUW6IAZ5,0.3598
A1RV8W638VD3AA,0.2482
A1RV9EQV3OS8HT,0.0155
A1RV9KE6KS1548,0.1803
A1RVA6CTXUZJHT,0.2443
A1RVD8YEZJF89,0.1401
A1RVLKZ8A642Q6,0.0281
A1RVT44SHQV8EC,0.4205
A1RW7UXXTO4W3Y,0.2171
A1RW9VOIVJKOGZ,0.0758
A1RWBM4AKQFRQK,0.1737
A1RWC3ZQZJCGCZ,0.0485
A1RWHQCLGP7MJJ,0.0082
A1RWJCEU5SRSKT,0.1129
A1RWZ0TCWGEJ4K,0.0689
A1RXDEBEBBP71B,0.0474
A1RXL37TVMSVWQ,0.1349
A1RY0O29LOP1B8,0.2412
A1RY9W1T195EN1,0.4546
A1RYV7XPU1ZZQY,0.0406
A1RZ77T1M1VTAG,0.368
A1RZV8KU0IXPH4,0.0143
A1S011SMHQ4Y1G,0.6265
A1S0HTDO0P4N5V,0.1878
A1S1A8DKIFOJLU,0.1497
A1S1BJFTA644TU,0.1965
A1S23W54L14A6F,0.0728
A1S26BEAN6QNFZ,0.1321
A1S2D1Y5WQ6646,0.2291
A1S2WVO945B40C,0.694
A1S325M3126Y44,0.1196
A1S3AVL0RVL25Q,0.1058
A1S3CS1P4MDX1Z,0.2298
A1S3GKGRAA8EBH,0.0671
A1S48ZOG75IK11,0.1034
A1S4I8TUVQP6KS,0.0744
A1S4OCG8FKZNCJ,0.1681
A1S4UXQZBWJ12M,0.0188
A1S502VSX6P0J,0.1228
A1S5H5HMQSUU4K,0.0387
A1S5SNUWS4P7W9,0.2171
A1S66MZRHXVFP6,0.1418
A1S75KMO4C4G5H,0.1451
A1S7GTUB9IWKQE,0.1039
A1S7MDFOUTFR2F,0.1536
A1S7YQQGJPPFLG,0.3081
A1S8EZO1SIMXXP,0.0712
A1S8FVNG0D97AM,0.4796
A1S99OD30G9PBP,0.0384
A1SA2SL7F3QZIR,0.0913
A1SA4OZQO46430,0.1573
A1SAIGSGVHE4VS,0.0257
A1SAKXYHPRNSA3,0.0365
A1SAPIX5B669DU,0.1165
A1SB2D2GMXLBYW,0.3009
A1SBF4LUPOHJLQ,0.047
A1SBGBEY98U08,0.0794
A1SC08CZO53RV3,0.1399
A1SC1O4D4RGYUK,0.0399
A1SCDTGVERBUDC,0.2325
A1SCP1U2QNKH8H,0.0058
A1SCSDOPGFKT22,0.2486
A1SCUWH7N68KNC,0.1842
A1SCY185GQ341U,0.0148
A1SCYD9N2ZBXJ8,0.1081
A1SD1C8XK3Z3V1,0.3076
A1SDB7VEVJ99U8,0.162
A1SDH3R8G6EC6X,0.3094
A1SDJWU28LDH13,0.0986
A1SDUICD94KYM,0.1346
A1SDVYEZASCELK,0.341
A1SELTWFSOHSJV,0.5694
A1SF26C4EOMWP3,0.1444
A1SF58G37A090H,0.1264
A1SF5WD1NQEODW,0.0665
A1SFMKZZ9M5521,0.1543
A1SGG1HIYSHUQK,0.1154
A1SGMPECIVAMD7,0.3003
A1SGSAAW4V56UP,0.1527
A1SH0EF5ANSCXS,0.0663
A1SHHQSPOWR00F,0.5812
A1SHTJBBFWOYA1,0.1561
A1SHZ5OQ91VH1Y,0.1239
A1SI2OMTENFC9A,0.4042
A1SIA07X88TTL6,0.2382
A1SICU9QJA2SDG,0.2006
A1SIKDYOU99MIF,0.1757
A1SJCQKVGSHTZ4,0.591
A1SJETUKS01NYJ,0.1061
A1SJSRATTW3T6B,0.081
A1SKD6IDL1VZQI,0.0324
A1SKJK2IISNRO2,0.1683
A1SKOHV15X5CK8,0.0483
A1SKOP77DH7TEP,0.1509
A1SKUPJSY3IJ0T,0.1029
A1SKYUU9V73CW3,0.2437
A1SLC39TGY8RBT,0.24
A1SLHNA3FV9U9E,0.0623
A1SLICKSVFIU4M,0.0913
A1SLKZGZH0VHFO,0.4651
A1SLMPAMJI49FL,0.0658
A1SM90X6OSTA8W,0.1854
A1SM9GRJK4B65L,0.0571
A1SMCK2S79NKIF,0.2608
A1SMD64UCU1OY2,0.3388
A1SMPBX582OIDY,0.02
A1SNZZZ8ZY07WN,0.0986
A1SO3LZXL9GVBC,0.1088
A1SO4G0U47Q83F,0.495
A1SOQW6MFE9O1A,0.27
A1SPERUU1MVQK1,0.3122
A1SPGBQ7MX0HFZ,0.0704
A1SQLBLXQDI4B7,0.0991
A1SR873BZDIOLZ,0.095
A1SRKWVF4K6ZQF,0.1426
A1SRTOVOHOU1J8,0.0668
A1SRTWC08CHG0E,0.1204
A1SSCWRT2E0PRQ,0.0816
A1SSW124T96VT0,0.1365
A1ST4BCVP6WS2Q,0.1146
A1ST559ER8YUO2,0.4341
A1ST94P7R4IM4L,0.4598
A1ST9K7U4R5Q3W,0.1253
A1STP00W7NWUHN,0.0602
A1SU1BT2N4LDW3,0.1088
A1SUK3BH6SXNUS,0.0089
A1SV61Y1360AR4,0.115
A1SVPW2AU28V7M,0.1201
A1SVR3SMOQGBGF,0.123
A1SVXVPD2G8N1W,0.019
A1SVXVV7QM5UWN,0.2949
A1SW7P73Z8BUUJ,0.0705
A1SWZ3FY9P90PX,0.1203
A1SXCGBJ9JW2MO,0.7167
A1SXO130ZKS2BZ,0.2392
A1SY19280J90JS,0.2278
A1SYD5RU6MQ5VY,0.019
A1SYGYTU75TW5K,0.0797
A1SYOISN55GO8Z,0.016
A1SYW5K9HYSCOL,0.1972
A1SZJC7I20X82N,0.2208
A1SZY7V4NBCS6K,0.0382
A1SZZA2GBYHJVU,0.1165
A1T06CLHO7E4WZ,0.214
A1T15FCAQA1KMT,0.0691
A1T17BYSWE5QBE,0.179
A1T1LULAGIRCUC,0.205
A1T1YSCDW0PD25,0.8754
A1T20EJ6LEFZI7,0.2314
A1T2K9ALTDLDGD,0.0668
A1T33RGNQ83IGJ,0.2519
A1T3ABYJNZZN7C,0.429
A1T3D23WBJ9IQK,0.138
A1T3DDSBEJJRSH,0.2271
A1T3IFYJ59UFOQ,0.1261
A1T3M4IGWY9ZV9,0.0803
A1T3MG8GMEBAEX,0.0774
A1T3NN4ZF0JKAW,0.0098
A1T3WJF3AJ9GQB,0.1967
A1T41HM2YKN5HF,0.094
A1T4ELFXY5V1RW,0.0895
A1T4JDHJUQPLJE,0.2279
A1T4NU4MBTUPFE,0.0472
A1T4SP880XEFB3,0.0181
A1T53Q61OYHPUD,0.0826
A1T5H7HNRWDUNL,0.1797
A1T5TXYQF31GZM,0.1374
A1T61QP7QHYBRQ,0.2041
A1T6KXZKJ8ZUWO,0.3485
A1T6Y0DE7WYQY,0.1244
A1T77BL9RV0XCT,0.0316
A1T79FO0PY17M9,0.0236
A1T7I6ILKP2F5D,0.1793
A1T7KGT7WN42M7,0.1755
A1T7LLSBAHAMUJ,0.1136
A1T84ARPDK2U8E,0.0071
A1T8A6OCVV0UYU,0.0856
A1T8KV4XK2LJ,0.1774
A1T8N18XKDLJO4,0.6284
A1T95DET8P22J8,0.3735
A1T97WY3T225C6,0.2049
A1T9E0H192HPKB,0.0682
A1T9H7QRTDNI2U,0.1808
A1T9K80RA1XHDU,0.5112
A1T9O0PQOXPZPR,0.0268
A1T9ZM5T73M1JM,0.0906
A1TA5CK1MGH7NW,0.033
A1TAARTDC411Q0,0.2219
A1TACVRTEDHN2S,0.2748
A1TAFEUKHIFV6L,0.1936
A1TAI6IUT7APK6,0.1585
A1TAN8P8VCFPNA,0.6259
A1TAPKPG4FR4WV,0.2253
A1TBH2PJAQHNGP,0.5383
A1TBW57VBPWV45,0.1265
A1TC0F8RKPF82A,0.282
A1TC37XOMONIIN,0.1589
A1TC6XBC3NVRFM,0.1799
A1TCR7MHN5TX96,0.1913
A1TCSUZUB3HTVQ,0.377
A1TCTKWZ1GCCTQ,0.0897
A1TE8UXFDVI7ZN,0.0824
A1TEAHT7WNI2D9,0.2728
A1TEEA7B4U8QGN,0.1631
A1TEKD2X0066DI,0.096
A1TF22LGTQQ8GM,0.0667
A1TF9EYT8FEPZP,0.2829
A1TFMPA6378YY0,0.1827
A1TFPYSO382KJR,0.1179
A1TFRKAW2W8XZO,0.1731
A1TFS18UUUKO1F,0.3489
A1TFZ5DVVHHOFZ,0.0744
A1TGX0Y0QN8YPS,0.1949
A1TH6KGPO2COIP,0.0391
A1THJB1ORM3U2I,0.0299
A1THNW9Y672UWG,0.0829
A1TIPSFMWIST03,0.0345
A1TIPYYFJTHDJ6,0.1749
A1TIW9J8HR302S,0.1431
A1TJ57WHQTCNYQ,0.0719
A1TJ6BPW1TAYDA,0.0359
A1TJKC7UH0W3H4,0.1862
A1TJPE10C8FPJD,0.0718
A1TJS7632T3SX3,0.216
A1TJT15JA43R1W,0.2554
A1TJT6GXDGNN8Q,0.3428
A1TK678SMC6J5Q,0.1559
A1TKNNKKLZ01Q4,0.0458
A1TKU9M7CMAG3C,0.0677
A1TLA3AD96MBWG,0.1948
A1TLMISEC860C0,0.0348
A1TM102EYLRTTF,0.2929
A1TM378MI185E2,0.1718
A1TMN6UCC0XLZF,0.2054
A1TMX546DIO93G,0.0956
A1TN0IKGK7FJPD,0.2149
A1TN0SJKKV80VE,0.3404
A1TN2U7EKWC5TR,0.174
A1TN4KIE4F5LIH,0.1595
A1TNC9YR61KOKB,0.0809
A1TNG2A1GAG14B,0.4225
A1TNNI3JHTTGOT,0.1636
A1TNNXIP6N9O0G,0.2926
A1TNWVXFX9T7EK,0.0826
A1TO40CL8VCE62,0.1456
A1TO8H1QCHU1X1,0.1166
A1TOF3UT2NZTY4,0.1341
A1TOOM881GSYXV,0.0809
A1TOZEGXH7RIGJ,0.0474
A1TPAUOIA5DRVE,0.1683
A1TPL1YY9V6BJY,0.167
A1TPONBHWOATH4,0.3498
A1TQF28D7SVOMG,0.2039
A1TQKVH09V3MP2,0.0357
A1TRAUS9B2OD5R,0.1829
A1TSL0N2XQV7DJ,0.2451
A1TSY64K46OIJM,0.12
A1TT4CY55WLHAR,0.4781
A1TTT0IFLFASDI,0.0469
A1TU14E2BD9AXX,0.0673
A1TUC03JJKKA6O,0.0592
A1TUELESENI018,0.0916
A1TUT9SXRRDW8W,0.2566
A1TUWTSVS1F2RJ,0.0704
A1TVBKG9FG38KH,0.3362
A1TVN9TDO2TEM4,0.1493
A1TVTGV9DY6KE9,0.0783
A1TWH3KD5YJQHM,0.0863
A1TWHSU2ONJ21V,0.0856
A1TWIBR6MW6Q96,0.1446
A1TWV6DKAUUVDQ,0.394
A1TX69VUR02QDG,0.1865
A1TXDYPEDNWXBT,0.3883
A1TXEGO7534S83,0.5944
A1TXJO4PMU8IER,0.0054
A1TXRF98SLKL2O,0.2398
A1TY3KN1CYPDWZ,0.3476
A1TYAP1E5TGJZX,0.2793
A1TZA48YEGATDV,0.2954
A1TZBWQJ0VKRD4,0.2283
A1TZGFNVJEVFPV,0.239
A1U06CGNYBRJ7X,0.1233
A1U0QFWM1ONURK,0.1019
A1U0QKJ52MSS56,0.1457
A1U0RDV9Z9GDY1,0.1023
A1U0VQ6GGR0RJY,0.2156
A1U152BKK8H10,0.064
A1U1ILJRYDF0T5,0.0459
A1U1JUPCXKBVKK,0.1951
A1U1K0XQ396C2X,0.1437
A1U23Q73GL76E3,0.0989
A1U263084H782R,0.0989
A1U26EX9AE6TUQ,0.0686
A1U2FB0S51KPFR,0.113
A1U2KRGK9SLJ8X,0.0803
A1U2PFAUJMRTGU,0.1226
A1U326F7V11W5D,0.2264
A1U47KOTWBAZTD,0.0878
A1U499F641DAY1,0.0208
A1U4JOYO4W6UYJ,0.0181
A1U4R0NJECFG7X,0.1623
A1U4RR5TNMQHKD,0.0943
A1U4X501Z9SW3X,0.2504
A1U4ZZDYM5D2NX,0.1655
A1U591ZWPT0YQU,0.177
A1U5IJHJK84S54,0.5932
A1U5NDJL3HBISW,0.2934
A1U5PY7LUIQ7DB,0.3915
A1U60MGJRO7C94,0.2343
A1U6CZDWKXRMZ0,0.154
A1U6I3ZFAB3YT8,0.0233
A1U6TOGYBU4BOO,0.0898
A1U74I9FWDMGEW,0.1582
A1U7RNEQX9DLZV,0.109
A1U7ZCMKFKWILQ,0.067
A1U8JBUAUYOMOG,0.5473
A1U8NNKIJSIP79,0.5125
A1U8PFCT170GVY,0.1123
A1U90MYVSLLFI1,0.6928
A1U916KM2D58UI,0.1542
A1U98SQTV60W8U,0.1704
A1U9LLC6S3RPHA,0.132
A1U9UCFXFR47KM,0.1049
A1U9VDV4ZB49GX,0.22
A1U9WYM88FHIJX,0.0406
A1U9Y4XH0D8LQ7,0.2651
A1U9Z7ZDOGPETR,0.3402
A1UAAVYOEE3V63,0.2433
A1UAKPJEXR5MV5,0.1203
A1UARTCWSYXHGG,0.163
A1UATUYO1LIDJC,0.1543
A1UAUQ1VCCVMYI,0.0691
A1UB2F0D7YJSSC,0.0682
A1UB5QUDTHG1BX,0.0475
A1UBD97H6JF95G,0.2915
A1UBELZ83PFNW1,0.1178
A1UBGEWT8NF0QN,0.063
A1UCQKJDNLE25V,0.0674
A1UD16TKZ8EMVV,0.0771
A1UDKNAO4HXJEE,0.086
A1UE5IY4M7II1Y,0.3442
A1UEE2X9TH9EU,0.1466
A1UEILMFX6GROB,0.1346
A1UEQ4RFJBMGYJ,0.6251
A1UF096Q9F4Q0Y,0.2002
A1UF9CJ1YV6N7R,0.0399
A1UFVCXS7GX449,0.66
A1UG3H4PRVTNGN,0.1187
A1UGR1DJ6HI6W9,0.2836
A1UH7WYR1N9Q48,0.1378
A1UH86IOGSZ0V2,0.1868
A1UHCOUTLNYNES,0.0894
A1UHEXH7F3A42,0.2494
A1UHLN9JYZOW0H,0.1043
A1UI6F76CPCG8Q,0.6847
A1UI7N2OESNWBM,0.2481
A1UIDZCF85NTV7,0.2205
A1UIMU8Q87ZPCH,0.2896
A1UIQYC3CBTI4N,0.2763
A1UIX3Z5SHCW1J,0.2301
A1UIXA657W8LWT,0.1349
A1UJLF88DM8PX4,0.0477
A1UJRRKIR21R0M,0.0725
A1UJYYNUX2BF3Z,0.2429
A1UK24C5XO8UKI,0.0483
A1UKKC463AVV5R,0.0073
A1UKP70O8QHXRX,0.1211
A1UKT9PMUR58ZA,0.0609
A1UKWA1P58XG08,0.065
A1UKZCAWXR6C0H,0.2625
A1ULAF163Z7PM7,0.4973
A1ULGCSUSWGGQV,0.059
A1ULTI09BI3656,0.0634
A1UM2Y9A9TCJXU,0.1334
A1UM59TRK3VPAF,0.1991
A1UM6EHSS9KTIX,0.1057
A1UM6GZHG8C9YJ,0.2235
A1UMH8UGEEPTB5,0.2297
A1UMHGGVFZD0TN,0.1003
A1UMMEUDG6A7J3,0.0956
A1UMQSNGIUMF7C,0.1
A1UMW72H0X1AFO,0.0086
A1UNL7KA6P97MI,0.1033
A1UNMXKAYOF8IT,0.4199
A1UNOXZA1HM6YT,0.0832
A1UONU8G4EVAW4,0.0769
A1UPA8UA1RWYD0,0.3723
A1UPUW1ZNLBNVI,0.1353
A1UQ30FFJFTFWI,0.5177
A1UQCE06TJAYGD,0.0692
A1UQRSCLF8GW1T,0.282
A1UR2NJAAZMI0R,0.1782
A1UR4090J4T2HW,0.0346
A1UR9BHZNFSCB9,0.1824
A1URK6R68QT3W0,0.0472
A1URXSRV6WDHVY,0.8552
A1URZMYX7LYOGI,0.2552
A1US2GFY3A1OBY,0.1425
A1USJ2Y6KACG1D,0.0097
A1USVFMQYJPCJR,0.2912
A1USWC8QEJK6EW,0.1026
A1USWG1791B0FD,0.3771
A1UT784N2EL42Q,0.2007
A1UTCV820IYG8A,0.1191
A1UTKWU3XZWSD4,0.5824
A1UTT4HERHDV0J,0.0187
A1UTZ3JU92CPKG,0.3162
A1UUXXZ1OIMVY6,0.0783
A1UVD8NIGUGAY4,0.1077
A1UWJMCLQ6B6RB,0.0705
A1UWY3738XW5ME,0.0399
A1UX8UU1ULGEE5,0.2847
A1UYFXKNUIDGBN,0.2986
A1UYLCO4MXXB70,0.0858
A1UYOH4WD3JX48,0.0444
A1UYXTME5UYGL5,0.1662
A1UZC7X6CG7585,0.0341
A1UZG5XKLCD4YP,0.1384
A1UZGWUK7I13XG,0.0368
A1UZSV8B2ODOUI,0.0664
A1V0BAV1DWIKPQ,0.1585
A1V0EN4LERJJGZ,0.6259
A1V132OHH8UFCO,0.1075
A1V198BJJTKJBQ,0.301
A1V1A5UHPD5SNG,0.1266
A1V292FRQ5FU41,0.0382
A1V2TUC03Q0UT5,0.0486
A1V3680AS10EI0,0.0912
A1V3KMV9RIIUJD,0.0524
A1V3W3SW1LHF7A,0.3166
A1V427MUP6WWFE,0.1833
A1V4TNA516LBLH,0.0195
A1V4VOYEH7QIF1,0.3804
A1V5M5ENS5YBK9,0.1586
A1V62KKCZUY7UQ,0.1797
A1V6AZC63OC90V,0.1539
A1V6PYMXENZZ5P,0.0192
A1V6UIELEXJHO9,0.0667
A1V781OOF33QRH,0.7088
A1V7KLF6I5RHEO,0.1849
A1V7LKIXVMZTHJ,0.1774
A1V7M066XFKFEY,0.5318
A1V7MJRY7YW74A,0.103
A1V7OUOJC0RSVD,0.4114
A1V7P8CH6LYXDO,0.2349
A1V7SXUI8TBAHC,0.4408
A1V89BCRJHM889,0.5938
A1V8BX6I4HIXX,0.2173
A1V8S344EN4TG,0.0802
A1V8T8HC23ISKH,0.0663
A1V8YAQ5TDEPCS,0.0965
A1V8ZJOSO4NHW2,0.1946
A1V8ZL45X6PYXZ,0.1256
A1V99BILCEN22V,0.0197
A1V99QLGRRKELC,0.0499
A1V9NBMRGZZJT7,0.3618
A1VACR72HRFDD6,0.5238
A1VAHHH2RVG6V3,0.1201
A1VB4T7YGD33J4,0.593
A1VBDOE0GCWSSG,0.0718
A1VBMRDK5XK2EQ,0.1782
A1VBOWZAVL7SPM,0.2962
A1VCOX6I94JLZV,0.2492
A1VD0IGPNKP6X5,0.0881
A1VDF2CEYRHQ6L,0.1712
A1VDOW7YBF8OBH,0.0404
A1VEDZNNR1KKLR,0.1453
A1VEELTKS8NLZB,0.6636
A1VEV1AFRGZE0M,0.1273
A1VFO5ILRSUYZ8,0.207
A1VFQRMTZ1MER7,0.1289
A1VFX417XDNWIU,0.6527
A1VG6TG6LKBPKP,0.1468
A1VGS4V8X9O87M,0.0512
A1VGSU0YVQNMX,0.4206
A1VHBXWYYG1U0,0.07
A1VHCMCICPCWR6,0.2507
A1VHERKT2KX0MO,0.1224
A1VI4DV0HKKUS6,0.1322
A1VI5NY9URNBML,0.3829
A1VIHRU1K0SC54,0.5194
A1VISLLO7E5DNY,0.0765
A1VJ5L8Y6G97IF,0.1637
A1VJDSSUNIHVCQ,0.3303
A1VK02YYECXMIB,0.5029
A1VK5P940H3AON,0.2611
A1VKG31S009DFY,0.0465
A1VKLKES4FP773,0.1033
A1VKO1VVYLY50K,0.7017
A1VL6NAW5LAH73,0.1614
A1VLDSACAW8BFB,0.2277
A1VLDSX4ZQOXQW,0.2117
A1VLHFKMANV6OF,0.0989
A1VLJALC4OFUCE,0.0917
A1VLQO2GUIYRJ,0.5131
A1VM0DU10K0DE6,0.0733
A1VM6A7HC6CEIH,0.1357
A1VMDYBJRZ0M12,0.4448
A1VMH8VDT66ZP6,0.0788
A1VMPC92L1AQBU,0.4062
A1VMPPCK5R8RNB,0.1774
A1VMVOA3Y6V8VL,0.0648
A1VN5HJYOX5SO1,0.2671
A1VNI8SZ045QY1,0.0574
A1VNWWIG6VG61P,0.1311
A1VO5O8RT0KQJ6,0.0848
A1VOFY3QFT9WCG,0.7197
A1VPZB69X2EM68,0.1633
A1VPZHIQZKG5LC,0.3332
A1VQ0EAZ0GCYSA,0.1174
A1VQC0MWX3V260,0.026
A1VQLJUMXCMX62,0.1028
A1VR9II0HC7ZQ6,0.5613
A1VRA22RTVLN2,0.0569
A1VRAREB2F2XHQ,0.476
A1VRDOIPOIVOQY,0.0662
A1VRFDQO6HE0IL,0.1433
A1VRVJJV01PRJN,0.0694
A1VRYDVC2J5466,0.1569
A1VS1LL905P5L5,0.4119
A1VS8RYGAXK551,0.0127
A1VSKYU365LIXG,0.1018
A1VSPCH6X1X924,0.2243
A1VSTY04V4MNUK,0.101
A1VTVTZXBM9YJM,0.0733
A1VU5521ZRL3T2,0.1198
A1VU987WCH1DC9,0.1171
A1VUA80DLZGWIP,0.4476
A1VUGMDX51J2SW,0.101
A1VUP1SBJWC4UP,0.0816
A1VUQN40UCUU00,0.1063
A1VUSWRVN8SJA8,0.1835
A1VUXYR8V4D8PI,0.1447
A1VV7FL22XBPZR,0.0494
A1VVRW2FBRZ7AK,0.5902
A1VW771BNAENV9,0.1077
A1VWHAGB0F89OK,0.3842
A1VWHYYRRQY8BM,0.0575
A1VXBT3DFB1LTH,0.0674
A1VXEL8R0NFPJE,0.074
A1VXM4VVCAZ6PH,0.103
A1VXU66DCLMYU1,0.1167
A1VYK7LECDF20F,0.0641
A1VYMIBORSGR70,0.2087
A1VYNARDC4U78N,0.0681
A1VYXVRSPIKZBW,0.0654
A1VZ2OHW1A0QB1,0.0851
A1VZ6HHFV8UWYW,0.0483
A1W0BIMPM5OT3E,0.0773
A1W0CV2DW86A1E,0.0474
A1W13CL6688S81,0.2832
A1W1ASR6U2QE06,0.149
A1W1DCV7PFDGY0,0.0814
A1W1JG0CVHTS8L,0.0296
A1W1Q7V6D38SNG,0.363
A1W1V6RD1I9R2D,0.1737
A1W20R38AVESDI,0.3659
A1W2CHM9OXLUUX,0.1459
A1W2D4VBXRM2AI,0.2387
A1W2N9W5711UT2,0.2182
A1W2PKCD3OV2OD,0.5525
A1W336HEXT1CVB,0.239
A1W34HVNDESRMK,0.0294
A1W35U95LIJ5LY,0.4062
A1W3769X5ONI4M,0.0623
A1W37Q4SNUP69Y,0.011
A1W3CEEQBJ4GTN,0.367
A1W3DOUDOBAOAF,0.1098
A1W3XZV49U2DKR,0.147
A1W49A910LMFGM,0.1521
A1W4IPRLCVXR9U,0.3594
A1W4JT0R0N35I6,0.0193
A1W4KGEJDP139U,0.0822
A1W58Y7FVNIX2N,0.0766
A1W5CI9L3JPTF,0.0489
A1W5OI3NG63ZLD,0.0333
A1W651PX7R8TAM,0.581
A1W68G1N5V68XN,0.0695
A1W6G74P9FYOQG,0.109
A1W6P7WBELZP9E,0.07
A1W6QCUBVT26Z9,0.5982
A1W73GMILBWAL8,0.1071
A1W7A1A62MYN6H,0.1347
A1W7QO7M8G3NP4,0.0449
A1W7Y3WRS82EBK,0.0534
A1W813CSYW41I9,0.4427
A1W83IBE9GWI87,0.0681
A1W83LEYOCCLZB,0.3203
A1W862RXQK3GRN,0.0499
A1W89Y8PNSMT67,0.343
A1W8D8OJ8LBK9M,0.0784
A1W8ORUUYWG223,0.069
A1W8PBU7EYM7QU,0.2012
A1W8SADBGCU3KN,0.1844
A1W91E84CPADTW,0.4296
A1W9A9M97BPEMP,0.0499
A1W9C3G4W1GSEU,0.1749
A1W9JNJ4OT8QRY,0.1663
A1W9QAREHO70U4,0.667
A1W9Z0X6URYQY4,0.2007
A1WB0EW1E3A83L,0.0986
A1WB2D6948Q8NL,0.1034
A1WB53UUL0MJPJ,0.1451
A1WB7LMDVOGO60,0.0598
A1WB7TAF85CSVR,0.1762
A1WBF9L5FRJYH6,0.1337
A1WBHIRBN8P0E9,0.0814
A1WBUQUJOZ162P,0.0652
A1WD0MNT2CQEHZ,0.1435
A1WD4LZGXZYPZ5,0.3801
A1WDJJPNKCLSUF,0.1539
A1WECEAVIO1RD3,0.1136
A1WEL67Y9X6VLO,0.2066
A1WF7HEOBAJNTG,0.184
A1WFF74N8PI71S,0.046
A1WFQMC3HOPJHV,0.1363
A1WFQPYY8YBXEM,0.072
A1WFSPP2O5X7N7,0.0427
A1WFTYUHYDJHJR,0.0525
A1WFZYDIWALJ38,0.0522
A1WG0DVFS9ZUQ0,0.139
A1WG0U4ORQFM1F,0.1039
A1WGDPDRRV763S,0.0658
A1WH2CPRHQRRDQ,0.1165
A1WH3SQ51025X7,0.2883
A1WH9Z5S1J1VA4,0.1353
A1WH9ZNXXP3NHK,0.0672
A1WHIKDWDU582Y,0.0418
A1WHLP7B7GGF7,0.3338
A1WIAWNSEK9BVS,0.138
A1WIDWGNY79KY9,0.4163
A1WIRJ5GKSGXGK,0.1085
A1WIUG7FG3VFU5,0.1487
A1WJ2ERM566W2L,0.2681
A1WJ2RNEQSHSU8,0.1755
A1WJ5QRGA6HKJU,0.119
A1WJFFA4RSC1QK,0.1618
A1WJNM3S126GAF,0.0693
A1WJP5FB8NDEN5,0.089
A1WLAHPHD07E1N,0.0964
A1WLOTC91BTM8W,0.2903
A1WLRDH9VI9KWI,0.0085
A1WLV9I6MMMDM5,0.1997
A1WM4Y1N9ZW1NN,0.4285
A1WM55F3BMOMYD,0.5505
A1WMCMO51YI6VM,0.0946
A1WMLVMOQAEH1Y,0.1172
A1WMON6OV8RK8X,0.0489
A1WNEVIRLVH12R,0.0651
A1WNN354EEXRQF,0.1503
A1WNPKO6BWS937,0.1519
A1WNQRXKQZ0EBA,0.0577
A1WNS6XTKZYR7W,0.0103
A1WNTAK9Q176IU,0.2338
A1WO2HOAXT5J8H,0.6556
A1WOPEBKTST6TV,0.4648
A1WOPX5MT8QVPO,0.0751
A1WOXSF82Q5DOM,0.0883
A1WP4WN1BBU680,0.177
A1WP92RRIS5D8R,0.1809
A1WP96EYF40GI1,0.0813
A1WPEJWA41J4WV,0.0651
A1WQI0W1KY85BK,0.0496
A1WQIHZ2KXCQ68,0.3195
A1WQP7LCVQK3JZ,0.0879
A1WQT0P29UEAIJ,0.0921
A1WR5G0BYZIDFW,0.0557
A1WR6MVQ1LCLGN,0.0917
A1WRCESREJ59W6,0.1816
A1WRTLPUNOTB6H,0.1876
A1WS0MZBFZ7VX3,0.4229
A1WSFFFG0SL1XJ,0.0793
A1WSFIJRJLA1JL,0.2372
A1WSQ0QRWQC7VI,0.1833
A1WSSB9MNGH80G,0.1431
A1WSUHYNOTI0NQ,0.3292
A1WT1D1IN9594H,0.1684
A1WTUIV46W45JJ,0.1003
A1WUARREQUSNF3,0.323
A1WUDN4ZCG69ZS,0.1265
A1WUQF5HWBAQJU,0.4856
A1WUWW19SJH1A6,0.2307
A1WUZAHUQT3JVF,0.1141
A1WV7P41Z4MA69,0.151
A1WV9WFH75VVBN,0.2299
A1WVR1PC0QKMRG,0.0704
A1WVS59FQETT75,0.1379
A1WVUJUW9S90RV,0.076
A1WW7KWVSCJ58M,0.0541
A1WWGLU3COINYG,0.1049
A1WWQWE53EVMY9,0.3091
A1WWW237KEJDJY,0.2739
A1WWX9NI06JKFR,0.5657
A1WWY1IOVCVXT3,0.2518
A1WWZXNOXBCIMN,0.0938
A1WYPDEIVTQE1J,0.0489
A1WZFT3YHIQB2K,0.3929
A1WZMWARMCVM1V,0.0657
A1WZUVNH5ROQXH,0.0258
A1WZWFOUWJH58J,0.2392
A1X02NPCWIDCUM,0.0665
A1X0QMZ0M21J9U,0.1881
A1X141RMLQCIS7,0.3214
A1X1M3NZMS53VL,0.4614
A1X1Q2L3MUVIHT,0.0613
A1X1SYKBERJPPF,0.1223
A1X21NKB8BE0RL,0.0703
A1X2LENOF84LCQ,0.6899
A1X2WMUHSY60J9,0.0237
A1X3A7MYX62PL5,0.0956
A1X3GSQ1ZM4UEQ,0.167
A1X3OCFIMG1U1J,0.1032
A1X3PAWV18AGU7,0.1364
A1X4L7AO1BXMHK,0.0683
A1X4R1YQ1RSE0G,0.0914
A1X5KSUPUR5GFO,0.0703
A1X67GTWQF73LX,0.1782
A1X6MRX3QKUHAR,0.1479
A1X6ZQPUBELPQQ,0.3615
A1X7E6B11LIZTS,0.084
A1X7H9934WEAD6,0.0233
A1X7QYIR6SXGXW,0.1304
A1X871G9JTC7SL,0.0609
A1X8OP6LC264OM,0.2645
A1X9IIDK3GRTFJ,0.0717
A1X9N4725UF5F4,0.0878
A1X9NSH94X3ODQ,0.7366
A1XB7JGJ459ERP,0.6712
A1XBQE6MQI4V8N,0.1617
A1XC14KELM553K,0.0763
A1XC7HPEYN7RKS,0.016
A1XCA99IXPBIKV,0.2136
A1XCPIL0NPUGXJ,0.0731
A1XCQZWMRND95A,0.0906
A1XCVHRAHNZ6KK,0.0215
A1XD3Z7X836QTQ,0.0713
A1XD7G5102NMWT,0.2191
A1XDG8Q5TN2Q49,0.2218
A1XDMYX8QOW07N,0.658
A1XDPHHC1WW6KT,0.1053
A1XDU24CZ4XI1D,0.1672
A1XDXSU50QTOXI,0.0509
A1XE97I2KDDTBA,0.1808
A1XEN6BXNBLT2,0.3492
A1XEO78ZVBZP1H,0.2257
A1XESLK0WLJHRY,0.1051
A1XEYWWDJ09OEA,0.1273
A1XF31HQFYJ1PQ,0.1331
A1XFVNFGS78TX1,0.0979
A1XG40POKC3K19,0.016
A1XGB4QB3QJM2S,0.1064
A1XGLRNFZMWXX1,0.0189
A1XGNKAQI1KTGB,0.0667
A1XGPBEWCF6X8J,0.145
A1XGSO32S3SKKS,0.1469
A1XH6VEWMD2SE0,0.0396
A1XHFX2G8K01ZN,0.0594
A1XHKAMMQ58WSE,0.2699
A1XHN6JF8A8W69,0.154
A1XHP0E0AYESNF,0.0319
A1XHYHYV6HIMNG,0.0725
A1XINNG3IMIBSR,0.1064
A1XIPPCV1ZERHL,0.097
A1XIWX036L52OS,0.1136
A1XJ2YFSVPRAHM,0.0596
A1XKCHZELFYG6D,0.0097
A1XKDG88WVMIFK,0.6116
A1XLLEHKFY3TN2,0.233
A1XLZSY5RGGZSZ,0.0111
A1XM302GQAWYG,0.204
A1XMEDOKG909DT,0.1148
A1XMF2RYBYASXJ,0.0201
A1XN8KATTGUG16,0.023
A1XNJMS7TQRLZ,0.3002
A1XNLPS6FB1VS9,0.2332
A1XNU4TJ7F0L7D,0.0965
A1XNV4532GDRSX,0.0281
A1XNX8H5IQLFU5,0.225
A1XNZ6ST3BDWNQ,0.1901
A1XNZK413CRBSQ,0.0165
A1XO1QN4H98HGA,0.0203
A1XOBCHAAHEVV4,0.1205
A1XOBR284Y719J,0.1644
A1XP8Y9932EGR4,0.2009
A1XPB58WAREZLT,0.1529
A1XPDL66H3FAOK,0.0564
A1XQD1ZOBQE8W5,0.2452
A1XQDD5LA8HOUV,0.0973
A1XQDFW0ELJ0P9,0.0021
A1XQENKF1Z3HMJ,0.1131
A1XQGG15HFSTG5,0.1648
A1XQXEF3XQWXYL,0.0912
A1XR2UZ28QPP79,0.0644
A1XR3TVITLN9YP,0.1217
A1XRA99G70IALT,0.1986
A1XRDY5ZIIF2RE,0.0704
A1XRHMSDBA1266,0.139
A1XRIW3IAKXL6U,0.0854
A1XRMV275PPNLA,0.2681
A1XS39S7K21GGR,0.0848
A1XSS4NJ5FLNHY,0.3872
A1XTE7BYBFWKZ4,0.0891
A1XTP76N1RLV8Z,0.1456
A1XTQULERNAFQ,0.1925
A1XTSL9WZW301S,0.4688
A1XTVN0TGNHW92,0.1417
A1XTXDZQNVMI8C,0.0219
A1XU7H233TMHBL,0.0341
A1XUJY3LBMTC9X,0.2034
A1XUNEVQG3YMYC,0.0294
A1XVSMIOR5CX5I,0.0619
A1XVV77VLR53L4,0.1823
A1XVY7QFMOFD3V,0.4113
A1XW3ZOVW15W8H,0.1022
A1XWALC2DURHIX,0.0099
A1XWK6E5536KQN,0.1436
A1XWLDUT8EFDO3,0.3663
A1XXAYC0ORYVOJ,0.4251
A1XXMNLOLKNO0I,1.0
A1XXS0OSY2JLHW,0.1552
A1XXVLQQ8LI6WP,0.2691
A1XXYXZSOHO73B,0.2336
A1XY86U23W6LQ,0.1883
A1XYC5TE3YU371,0.1066
A1XYGMD2VGZ0NT,0.1193
A1XZ5HPPANZL8U,0.1094
A1XZK3YAH9D735,0.0563
A1XZTL8S63CHT2,0.0532
A1XZWDVV4EH860,0.088
A1Y021ZYKKJ7B1,0.0254
A1Y07XHSC38J3T,0.6966
A1Y0L54PTPI4WU,0.0227
A1Y10M7WY5UIJC,0.2503
A1Y1CYD5ZMXAHG,0.1971
A1Y1OFA3IPE5K9,0.1379
A1Y1QDYBQ0G2V6,0.4169
A1Y1XXI8UA6SWF,0.0687
A1Y215TOMI4BJ4,0.0678
A1Y2D2EDIHXHN6,0.242
A1Y2Y19U1621KY,0.2353
A1Y363HWR2D0B7,0.1874
A1Y3IFY1TTNAIZ,0.0517
A1Y3KIZ0PGPG1A,0.0772
A1Y3QKMCHRT73Y,0.2359
A1Y3VMAQCOCDTJ,0.0624
A1Y4G3WZ321YAE,0.0485
A1Y4KXR9LZI7X0,0.1091
A1Y4SNHSQJNEBF,0.0409
A1Y5A22YO89SGP,0.1436
A1Y5FSD8C1EZZO,0.1726
A1Y5NX4NQ2FC9U,0.3159
A1Y69LGDGW26D4,0.1655
A1Y6N4X8FV6IAC,0.2819
A1Y72KMBZY8GLE,0.1045
A1Y78YZQQMKFBY,0.1136
A1Y7QU3BUUSI6R,0.3978
A1Y7U3R6U1JDWY,0.1312
A1Y8NN628X1IMH,0.1377
A1Y8OS5NNPIYBB,0.2222
A1Y8VDXU4UHBS2,0.5135
A1YA1UUTBM7KE2,0.0416
A1YAAG5Z2LG9WI,0.131
A1YAHI7V5Y5GW6,0.3765
A1YAMTYPO12XJ6,0.2291
A1YAOKCZCYROWI,0.3607
A1YATP5HMXNNPY,0.1117
A1YBFDKVA6AHH,0.2877
A1YBU2RJJGLS5O,0.0954
A1YBZOWO2RBIUZ,0.2806
A1YCAK5DUDJ2MW,0.5715
A1YCE1J9SWAEZN,0.0117
A1YCEOUCEHVARX,0.2607
A1YCHQKVX2NNT7,0.2267
A1YD55PTHHWSUE,0.1593
A1YDIJTJS2KAHG,0.067
A1YE1E07LGLBX0,0.172
A1YE6S1TCW463S,0.1196
A1YEF4FVYGJXMH,0.0643
A1YELX1XVW5A9U,0.235
A1YEXB2RFH45V0,0.079
A1YEZLIEUORSBO,0.2015
A1YFOHRK3MYDMI,0.0244
A1YG045L8SBK6T,0.6212
A1YG18N8WU2WWR,0.1065
A1YGCFWP2NNGEA,0.0796
A1YGKHITRAFDKG,0.2673
A1YGZ59SCQG149,0.1086
A1YH4IZHPNBV4G,0.153
A1YH6DMZOS59A2,0.3275
A1YHXN2J075DQ2,0.046
A1YHXY7U9ZH4B8,0.0412
A1YI8NGU4FDEED,0.1545
A1YIACL103YAP7,0.2907
A1YIIP1O16B0SB,0.5105
A1YJ996WJ8EMFY,0.0322
A1YJB25Q2T9029,0.0956
A1YJDIN8Q4GZ6O,0.0772
A1YJFH42GSAY13,0.3735
A1YJNYSOM3V2E4,0.2861
A1YJPR2K7KJ245,0.0581
A1YJVGT8B6BOI7,0.0768
A1YK9VABYRU6NB,0.2929
A1YKSFKMRZHVOU,0.0649
A1YKTHU920Q96,0.1726
A1YLE4WIPHNZGT,0.1707
A1YLJGGB0EDFV2,0.3531
A1YLKXFFC7UPWQ,0.1906
A1YM24Q77XM51N,0.1329
A1YM2U6D8GBSZR,0.0468
A1YNQB2FLKX73H,0.1095
A1YNXD0PW9ZYO8,0.5258
A1YNZQ9S19BTPW,0.0958
A1YO4N327QQHDH,0.5524
A1YOOK4ZHTJXJQ,0.0884
A1YP96MT6W9FTB,0.1667
A1YQ1B7BMRW0OU,0.1829
A1YQ4NRYTULSNZ,0.1115
A1YQI1A3AOFVD,0.1023
A1YQK6GZ39Y2JO,0.1047
A1YQK9S2QR3X4H,0.1942
A1YQKYNNXM3PPT,0.2006
A1YQRC6VST9KOF,0.2578
A1YQUFFCC0IBBV,0.1584
A1YR583U3GDB03,0.5124
A1YRCG44URSYZ8,0.2522
A1YRH69LB3CZDU,0.1515
A1YRPXMYDV2QE3,0.0763
A1YRTBY61Z2S7U,0.3005
A1YSGEMPU2UPP4,0.1156
A1YT6PQOTNG5J7,0.4583
A1YTA9T1F2JPIZ,0.4439
A1YTDX66UFKMQW,0.1047
A1YTIBFGINPGMR,0.1149
A1YTR2T8D5XAB5,0.0242
A1YTTXELVUWC5F,0.1334
A1YU517S7REQ8D,0.0321
A1YUWK0O71JG0W,0.2929
A1YUYTMLT23CUB,0.0869
A1YUZF5LQYUA1H,0.3659
A1YVFRS8X03MU2,0.0722
A1YVRH633QYK15,0.1332
A1YVZURBUHVQ6A,0.1208
A1YX49D4OL0387,0.2617
A1YX4J53IG9M58,0.0916
A1YXP8PLFILTBR,0.064
A1YXQG9YW1HKYW,0.139
A1YZ4VL1GNHVN0,0.0191
A1YZ6H8DNC0LPD,0.1109
A1YZF0PNRRTUK2,0.0898
A1YZWLVFD6377O,0.036
A1YZY4LQXZ159T,0.2023
A1Z0EWNK856MUQ,0.1721
A1Z0K3LNNGE24M,0.1327
A1Z0NIO16UXTH,0.1832
A1Z1EHL6JMI0M4,0.0723
A1Z1RSLC16FW27,0.2217
A1Z2G0MN861KSU,0.0915
A1Z3GYZQLTIBRB,0.1165
A1Z3WG0D5SFTL4,0.3921
A1Z489XV3ECQBZ,0.0429
A1Z4E3SO0DSSPJ,0.1481
A1Z4GII5CHCDG7,0.8027
A1Z4Y0IFDAQZW0,0.2226
A1Z59HVB8OPON0,0.2039
A1Z5GR7SK8RTKG,0.1697
A1Z5KTAE39TYEB,0.0509
A1Z63VXGLNNYO5,0.2381
A1Z68K7XDOSHD,0.1259
A1Z6IOK06DJM31,0.0677
A1Z7AFFHBSER9J,0.0127
A1Z7FZP81N8CDU,0.3022
A1Z82WO6ZE9IEY,0.5428
A1Z8LISVZ8NFI8,0.1215
A1Z8XU1WEN8LDG,0.1841
A1Z8YKL9KKH791,0.1414
A1Z95WPPJMEM8V,0.14
A1Z9HNT6C8E8WY,0.0149
A1Z9YKBQZIZH7K,0.0682
A1ZAGDM33RM0D0,0.0463
A1ZB5WS9KOHSJZ,0.111
A1ZBGFVVMDPOPD,0.2278
A1ZBPT3FPE0QRN,0.0279
A1ZBU1PIKVNEBC,0.1027
A1ZBY1HZN2280V,0.0262
A1ZCR6SOYVFKYY,0.1321
A1ZCV0IX1PIT63,0.0314
A1ZDJWHM0MV1E5,0.1313
A1ZDLKPKX2D4A5,0.0309
A1ZDWRPDSOK6X8,0.2313
A1ZEHPU9ND9GDA,0.3015
A1ZEKR0TV9Y91R,0.1531
A1ZENOWBU7SFRD,0.0399
A1ZEUQ2D21GAQD,0.1171
A1ZFM7VYC7H,0.085
A1ZFXN555G6EGN,0.0824
A1ZGHA3IJV01BK,0.6848
A1ZGJM6HTR68NL,0.1383
A1ZGKDY95GQBC8,0.128
A1ZGZ387Y4ZVYP,0.316
A1ZH45IQUJYCOJ,0.2104
A1ZHTZJBYB7BRQ,0.0794
A1ZI64V6OBQ47F,0.2894
A1ZICKR1NS123L,0.1363
A1ZINRPR7WGG7X,0.2832
A1ZIZGS50XZPCX,0.0426
A1ZJ1AHFMJ9EJB,0.0511
A1ZJF9RBTMQAIY,0.0596
A1ZJW2PAANWLVI,0.1373
A1ZK1PB7M3BFEX,0.2849
A1ZKA59YVVN4PF,0.0674
A1ZKHVV6SXPRLE,0.0085
A1ZKJJH2U6U866,0.1391
A1ZL7FHJE5XJB3,0.0632
A1ZLD397GS5ZCR,0.0437
A1ZM846Y7AUYD,0.6572
A1ZM9JNZJX627K,0.1148
A1ZM9THVB0JUPS,0.4673
A1ZMTHIT9GIAF5,0.1268
A1ZMUNE2N8G9EJ,0.0438
A1ZNBXK5TDZ89C,0.1508
A1ZO52H65JGZV4,0.3337
A1ZOKQ3KNW00FK,0.023
A1ZOU4OFT22XBE,0.0831
A1ZPD53DH9LFVF,0.2632
A1ZPFWVG7DN0SZ,0.273
A1ZPJ9MIVVMZNM,0.0609
A1ZPL96FD91N86,0.0588
A1ZPMGKXJI25UH,0.0507
A1ZPPW9SSGPM6T,0.1104
A1ZPRJWAVMCBVC,0.2276
A1ZPXC87RR6EU1,0.1129
A1ZQA6TTV3Q0OU,0.0369
A1ZQJJ2U0IIKPD,0.0885
A1ZQYNWNWNSWK8,0.1399
A1ZR5M0TFNF56E,0.1461
A1ZRDUAVGB22LG,0.2602
A1ZRKRDFWG1TC,0.1369
A1ZRRM1AIZK4JU,0.1711
A1ZT2CBKZL2BUA,0.2226
A1ZT6E8EQO39D7,0.4556
A1ZT7UQ5Y9RK01,0.2149
A1ZT99NYLDEZQO,0.2018
A1ZTX1KCF895LW,0.2828
A1ZUBKQVS19VPF,0.1611
A1ZUQFAP0QPL2Z,0.0664
A1ZUQG0G6550I3,0.0823
A1ZVCGYGFDAB70,0.0224
A1ZVDDZKWHTDIK,0.0657
A1ZVJNYBKTBK7,0.0152
A1ZVVBDN70Z8UR,0.4583
A1ZW27BULO098R,0.2371
A1ZW8WI25MWQX4,0.0929
A1ZWBN5GDR81YC,0.2404
A1ZWE7GLX5ZJ4C,0.1138
A1ZXNZ6CF8V6Q5,0.0497
A1ZXVKJTHKGA97,0.2595
A1ZY2DK4CXF2CI,0.2401
A1ZY3PF6UNIO3N,0.0799
A1ZYFZ5WJOSPER,0.0165
A1ZZ5HSJM7EJZP,0.0631
A1ZZCKDDDQA8SD,0.0785
A1ZZCS4GDFC9TT,0.1066
A1ZZJ4M0TG3INS,0.2701
A1ZZZCHFABNW9V,0.1455
A200C5ZDWEKTRA,0.0687
A200MA7G4P4Q2N,0.2044
A200OYNQ9WWYB3,0.1781
A2013JDMPUV6D9,0.235
A2013KAL0M5L46,0.0922
A201E4ROP902FY,0.0773
A201HVME20DUW0,0.1163
A202FGORFP923O,0.1233
A203PBOB0FREYT,0.15
A203RKFUESCH48,0.2513
A203XXX3CYJJB5,0.0086
A20403BR0K7VM8,0.6605
A20440334P21CC,0.0242
A2045WGEF7P17E,0.0113
A204ETWOV23HO4,0.1901
A204R7IHS4G9AC,0.1316
A2054C9V2JCQGW,0.0419
A205HPSGU7P4B3,0.1334
A206B0FFAMHV9V,0.2475
A206FFH5DBWL1H,0.1578
A206KRB8AGKCJD,0.0883
A206TO1N93VHBS,0.2252
A206U97FPE48UV,0.0575
A206XN7EN2R6D6,0.3762
A207AQKPA97DMX,0.068
A207GHTRF9GRNF,0.1214
A207JUN4UE12N2,0.2404
A208SQIS7RUIO0,0.0649
A2097WPTXSIAP0,0.5629
A209G57KXCBF4C,0.6037
A209NTWL1FX6ZD,0.3102
A20A1EVTJYREB8,0.0586
A20A5916IBL6HH,0.3588
A20ADMI9WR5OPL,0.1731
A20AKDW2I3LH1B,0.0526
A20APLPJZCXM0D,0.227
A20ATOSX0VKXAG,0.1959
A20AYB5E8MALUW,0.1086
A20B06VXQO8HAT,0.1774
A20B6KKD1PBFX8,0.0698
A20BC3R2NBN646,0.261
A20BDBDV3CBVAK,0.2134
A20BFJ0BHFO7X3,0.4157
A20C43QZYLZACJ,0.0419
A20C4RCZJTWC9K,0.3864
A20CC4CZ7EL7D7,0.0577
A20CDUXNLW7XLS,0.0886
A20CFKDII8QYSQ,0.074
A20D2Y5FUVH74A,0.1881
A20D2ZFUVB06QI,0.0951
A20D4TBKQR9UP3,0.0465
A20D9VGCF3P13L,0.2804
A20DGGEMF7WTMP,0.1518
A20DLJK7ZVWKGR,0.0631
A20DQ3OYBPVX5P,0.0348
A20DRRKAN5Z9Q,0.149
A20DZX38KRBIT8,0.8047
A20EID7990EFN2,0.1357
A20F1M03L6UNV0,0.023
A20F84KUBWM88B,0.1713
A20FBMSL6KNIZA,0.2557
A20FO9O3DIM8DT,0.2292
A20FR4GDESILPA,0.325
A20FWXC34E7NVJ,0.292
A20G8L7LKDZ848,0.1838
A20GAB79ZFQGW4,0.0298
A20GGTIOZQU7EO,0.1183
A20GI5FRFDXFKA,0.0846
A20H7YLOAF3YQC,0.1169
A20H8QNUJZNFAN,0.1032
A20HN2QECYEUF4,0.1418
A20HOXK7EKSUCA,0.1455
A20I7NL3WY25H8,0.1336
A20J67RTBV1XH9,0.1477
A20J9ULNBRX831,0.101
A20JAUP6O9OKZQ,0.1388
A20JYSKGZ42ORR,0.0032
A20JZNTSM5I65M,0.1271
A20K0GPVMGXN9,0.1956
A20KJABXJLXG9G,0.2405
A20KUT397DBVQ9,0.0623
A20L2Y5CIA3VF9,0.8422
A20LGL0H23UDC5,0.1197
A20LJM7I7UCH2H,0.174
A20LM081RZZKSO,0.2483
A20LUW7276V329,0.1255
A20LVWLMVBPTUK,0.1983
A20LYGBNUC09W4,0.4394
A20MM8065EOMWP,0.4516
A20MMDND0MC1GJ,0.0769
A20MRY12ZIVQ3U,0.0272
A20NB4UBW4WDKG,0.0641
A20NK9EQQJOMAV,0.0749
A20NKO0RJFAQMP,0.1615
A20NZA6BWSCUC4,0.1238
A20OGUIEHZ15X9,0.1735
A20OVYXJES8GT5,0.0978
A20P890DHGG0UL,0.0949
A20P8ZPFT5UVPF,0.018
A20PAJNZK0J2UA,0.1607
A20PBBI8TX60Z0,0.0446
A20PGQFWRTJLW,0.4977
A20POM2FST0EA3,0.1172
A20Q1PXCTPLHIP,0.2149
A20Q8LGFAKG5KR,0.0499
A20QO5I08JQZE2,0.6545
A20R8N25W187LY,0.0967
A20RBABMZJT488,0.1077
A20S4M728FWXSE,0.1626
A20SDTTTKNRQT9,0.2109
A20TGNYMK0CO1L,0.0359
A20TUTGV2GKZW2,0.5836
A20UDLXSNAJHKF,0.0122
A20UT7V7EO97QZ,0.0345
A20UTMVH2IIY8Z,0.1052
A20UU4506ECYTV,0.2856
A20V7N5A22F4BM,0.753
A20V7TQ04Z4MFS,0.2606
A20VBAYY9ZH5AS,0.1759
A20VCQ541G4FS3,0.1877
A20VQ9HLIW3HUO,0.1449
A20WI8A0DSVZGK,0.1371
A20WUUD9EDWY4N,0.7754
A20X177OI2P78F,0.195
A20X871A8JS810,0.118
A20XDNSJAZH2DI,0.1652
A20XHKOVKIEC5D,0.3251
A20XOKI1KEUFXO,0.3098
A20XZ7TXYU1QEE,0.394
A20Y433PDWVNRZ,0.226
A20YJDWDMWZ9NS,0.1962
A20YRMAOWPGLKW,0.0535
A20YTXKP2GHCJ1,0.2679
A20YU3IR0637F9,0.2791
A20YXQS7KU698F,0.0635
A20YZVLMUG93ED,0.1312
A20Z0K5NG6W8Z7,0.1606
A20Z7LXU2VEBMM,0.0723
A20ZD26MRGSUKU,0.2246
A20ZJ2FBKOUTYF,0.124
A20ZLDHGXMVT8H,0.1034
A2100A4899IE3K,0.2363
A210D95C1C9WJA,0.3284
A210XOF9K5HSHV,0.591
A2116HX03FVEAD,0.0995
A211HR03LCO2UX,0.0606
A211OWDGA74RSA,0.0192
A211S17M6MQ13K,0.2947
A21261D1PR6HKL,0.1056
A21278EKH9C0NU,0.1393
A2128VHD2HZFOT,0.0851
A212REVB5AFP02,0.1993
A2134NN7WZDDFT,0.1354
A21368VVAIA7OH,0.1382
A2138FRQFLH3G3,0.1034
A213EJHBYE127F,0.13
A213F1EGVVL2IB,0.5975
A213KSWHEPIY8M,0.1211
A213MWBSXZTCFJ,0.2716
A213O9XT1WJ7P6,0.2046
A214BR4NXTKY4M,0.1596
A214IT5L6ATWG3,0.1242
A214YAWZBN0MR8,0.2486
A2159NZBHBHILH,0.179
A215DQ7IMZ8N3G,0.0556
A215G16Q714ZQ6,0.1223
A215GK0TK6QEXN,0.1462
A215XOSN9VQLQH,0.0511
A215XZWPII8AMS,0.0936
A216VDO5BCPX4X,0.0864
A2175QZ86KXCLA,0.1368
A2178GAETFK3JK,0.047
A217CC8F7N5717,0.1927
A217F47KNJD2QN,0.1855
A217RWSFWVBD6T,0.0522
A217ZX32TCI8KL,0.3194
A2180DX6EIK3I2,0.0224
A218P4TURHS5U0,0.0802
A218TTRZQ2K5AH,0.0263
A218TVF089OT4K,0.1092
A218U3T7RHKPM1,0.0631
A2194PH8DKGB7I,0.5088
A21952ZBLDCGW8,0.0777
A219SCW7IGF28P,0.0786
A21AXQYWDS8TKC,0.2088
A21B2MLNQEY94O,0.0456
A21BH7S2PA73XL,0.2041
A21BLL6ERLR2PP,0.0968
A21BLXS5N9UK3M,0.0461
A21BNYI5AQEFEB,0.102
A21CE99Y7OQU6Y,0.1809
A21CPPA7K4IU33,0.1491
A21D2FLIOX208O,0.0086
A21DOCRFZD6YKE,0.2314
A21E501NYOSITV,0.4541
A21EDMG94ID7D,0.5902
A21EJ67AQGX8TR,0.2912
A21EQGTJXHAVT5,0.0381
A21EW1CMBF5UKC,0.1124
A21F89WDF80KED,0.03
A21FO8HXJECL08,0.2403
A21FX4X350687H,0.0196
A21FZW91CX12TA,0.521
A21G1MUAP3JUDX,0.0816
A21G3NDQPM64OB,0.1297
A21G3XKFX4AQV6,0.0478
A21GCOGHDQNHQS,0.0928
A21GJDTYASXTWA,0.1398
A21GMME4YGBR7R,0.176
A21GW4L8FO307V,0.5315
A21HP6M30Q5PAA,0.3171
A21I8TSCK6DQ67,0.2074
A21ITSL0BRRXVM,0.1722
A21IWRFU3QSTQ6,0.06
A21J5YFPMTM7ZI,0.0251
A21J9JTATORX21,0.2028
A21JQCOR51YX0E,0.2724
A21JQESCG0LDJ8,0.0935
A21JTG7N83N0YP,0.0187
A21K4V2MW6U8S1,0.371
A21KM4P1KARP57,0.6472
A21L12NT10X25E,0.0544
A21L6LDLEKM7H2,0.2215
A21LIGZQ7I74AX,0.0641
A21LPVPMEFCHF7,0.1209
A21MDR14ZX3OXG,0.0563
A21ML6YDWKGCV5,0.0831
A21NF18MH8VL8L,0.2926
A21NF1EJVA1PP0,0.1315
A21NLP0LPHIB29,0.0519
A21NN34UOSS9L3,0.0946
A21NQZEME5HHMD,0.0785
A21NU1AS0U5B3L,0.0623
A21NVTST9LYEVH,0.1023
A21OGJI2ZIGCYD,0.0905
A21OPP9JZPS4P0,0.0188
A21OXSR41NDQNG,0.264
A21PERYU8JLODE,0.2682
A21PLFQW23PA9K,0.0381
A21PTU6WV797IE,0.4021
A21Q9HY3XGJIU3,0.0449
A21QH2E3KFVMBM,0.098
A21QQB0GM1B9BS,0.0858
A21QRT3WM56P7A,0.0196
A21RBHRI4Z6X9A,0.1833
A21RFYC6UGPYJV,0.018
A21RY8JZCGNZDF,0.1184
A21SL94J53BDS9,0.1942
A21SM39Z37B0KU,0.5674
A21T9UFMU9EQU0,0.1293
A21TCQNAG821DR,0.2228
A21TRW6C44MMKD,0.0548
A21TV5X62F8RUV,0.0624
A21TVX27EJ9LMS,0.1313
A21TXJ4W2ZXZ5M,0.5341
A21U07ELXE8UBH,0.2171
A21U25S35PZGY5,0.026
A21U3KFXDPGP5M,0.0862
A21UMIQUWK617Z,0.133
A21UN96SSNTQL2,0.0775
A21UT4EXVU5ZGE,0.0881
A21V7URC2KQSUA,0.121
A21V8ZJHZSMUHG,0.1749
A21VK4ISXN809P,0.2216
A21VLW9HNPLD0N,0.1461
A21VTEA79WRRMA,0.2219
A21VUB1OCXLS10,0.0948
A21VV8V0OUK1DK,0.2452
A21W9UEOZ13STU,0.091
A21WL37HK8ERDY,0.2623
A21WOB2CIZVMRX,0.1859
A21WT3WTVAQSYG,0.1048
A21XGQUQEBNRJS,0.0508
A21XQWMYER42U5,0.1024
A21XUDC9QBLLSI,0.5243
A21Y3PAVFPOLB5,0.1717
A21YSRCW64N5LI,0.0311
A21YYC2SYN5NDY,0.0766
A21Z0377YERLCH,0.3524
A21ZEB3OP7KMUX,0.113
A21ZZWTBPMHQJ9,0.0906
A220R3YGCKPTBH,0.0906
A220WCFHHMV2X4,0.3495
A2211OMX0IKRA6,0.2579
A2211XUAO701D7,0.2401
A2213RCKJC30KD,0.0564
A22182UCS9EY5H,0.0575
A2227KA3DAIPRZ,0.2193
A222I1H7BWZOWO,0.126
A222ILFZAM6A51,0.1437
A222NUWSUUNT2L,0.1216
A222TR1FXK4V7S,0.1468
A2239NSQBYX4DH,0.203
A2244HRDEHK9A4,0.1364
A224CZ2E4C48WW,0.1462
A224YIBQCDVRQK,0.5111
A2253VSMBRB7QL,0.1034
A2256865IXHUPX,0.0193
A225G2TFM76GYX,0.6696
A225MDDORM2AO2,0.1513
A22604N1XZ9JRW,0.2313
A226CJT4BQXIJO,0.1832
A226CVR2HHRRMA,0.0642
A226RW8L1H4IXE,0.1554
A226U4H2ZZN2VW,0.0113
A226ZQ23QTEV9Q,0.0696
A227E7OWOGCGNW,0.2292
A227FUWE28DB6E,0.0054
A227IMN9BB71BO,0.1155
A227P8TJ3M3MFL,0.1273
A227X3HR74WL9O,0.1922
A228B35PGJ9S8I,0.2613
A228O5I7XWT0CJ,0.4468
A229P6LPMEVMQA,0.0858
A22A28CW42M1M9,0.1046
A22A5XCXCDPLGP,0.1502
A22AD8M2SSOFHJ,0.1362
A22AJJ6SRS7F3D,0.0295
A22AO2NVGCJPY9,0.2301
A22ASDZDGMPBEZ,0.1762
A22AW6Y7YZMEVR,0.0763
A22BFCAKN7PJP1,0.202
A22BLW21R13WVI,0.1996
A22BWI5AV6V57Y,0.1799
A22BZD9BW8YPZF,0.1592
A22CFT2CFZC24Z,0.1437
A22CI12LF1W7X4,0.0845
A22CW0ZHY3NJH8,0.8853
A22EDA93ZS1933,0.0253
A22EY8Q0PMWEBM,0.4347
A22F6OR796U3IR,0.0082
A22FBP7Z6S5RG9,0.0962
A22FBT99XFBTW3,0.6059
A22FC901G99HN3,0.0432
A22FMXMDSLPDCP,0.1704
A22G1YTUVN14MN,0.0929
A22GB0C5DF01QW,0.2619
A22GLZ0P4MGO0W,0.1565
A22GRIJFXVH29G,0.0616
A22GY7POX08U8Q,0.2616
A22GY8IOSBB9BG,0.077
A22H5UMEDSV8K5,0.1586
A22HDGUSOJO4SY,0.1107
A22HDITL5OS7KE,0.6128
A22HFZACK0RYGH,0.1313
A22HJX8HYF6M98,0.07
A22HTKM4BJ89DB,0.2032
A22I73LJLFLIUD,0.137
A22ICY6JDCRJTP,0.1447
A22IHVJ22GJF1Y,0.1039
A22JRVAY052312,0.6844
A22JT58TNJDOKG,0.3122
A22K9LJL278AF1,0.1349
A22KC2B4JYI2IV,0.0901
A22KF5KPBPD872,0.3284
A22KHWES7PX8MX,0.1178
A22KYLDH5YTQJ4,0.1158
A22LGWFXAAMPZN,0.0478
A22LMDBECFRAM7,0.2573
A22M5EMIPD2NRB,0.5012
A22M607BG76I5R,0.1954
A22MF6Y7R55EST,0.0382
A22MJN318D9ABE,0.1206
A22MO09PM7CHA4,0.158
A22MXW4S7F1YDU,0.0855
A22NGHNA6HBA4D,0.0722
A22NR44S6W9VGI,0.0646
A22ORYSPZ839O8,0.0976
A22OVYYRUDM9E9,0.7439
A22P1HU8HX9R2L,0.2623
A22PIFQSSLATYS,0.0364
A22PZ4G1YT2Q6F,0.5251
A22QAP6JXQUFXX,0.0135
A22QDX83VGVJPM,0.086
A22QFQAWSCXWY7,0.212
A22QIJY2CB21MV,0.3437
A22QN8JDZS8YOF,0.3995
A22R44FU4V5F3B,0.3317
A22R7I30BQSDVD,0.1715
A22RN8UZXNHTLK,0.2886
A22RRQ4I236BEG,0.132
A22RTM8NQZ8NYP,0.0664
A22RVFDMHI50NM,0.0258
A22RY8N8CNDF3A,0.3519
A22RYGRT3FJOPD,0.2716
A22RYPT1RCACVR,0.078
A22S1X0SH1I33T,0.1523
A22SBD5R61HBOO,0.1188
A22SFPYPRS4V6F,0.0158
A22SJDU41EP8QH,0.1831
A22SPJ7S66GCC4,0.1797
A22T8GQM3IJ37H,0.0981
A22TASV065UOCK,0.0341
A22TUEB5TG0FTQ,0.1301
A22VFXCBB65JU4,0.2366
A22VHZU7THJJQA,0.26
A22VM1VEPI21QM,0.3861
A22VNF8GION1EB,0.3291
A22VNXHU6IZ5MT,0.6563
A22VTU53WE2A4V,0.0629
A22VY1WSY6BUMP,0.1379
A22W0MPWNJSWA1,0.0944
A22W4064FH1VHE,0.0667
A22WIR0R5KSX8D,0.0948
A22WODWOZKCO40,0.1112
A22WSZ8VI43FCO,0.0965
A22XCBX4N3GRIO,0.0321
A22XHWAE9HLVRL,0.144
A22XOGRM2ZN0SW,0.0249
A22XR3XKIL7BK8,0.0249
A22XTV8NGTEPB1,0.101
A22XU6LDP7O210,0.0347
A22XW65KYU3PN5,0.1299
A22XWKQ0H3PR6A,0.387
A22YS2Z2YZM7CD,0.0427
A22Z1KC7QDS8IS,0.3237
A22Z1Z8F5GA40S,0.0335
A22Z2PGZ3ZUEMP,0.0736
A22Z4F38GJ1J7P,0.0134
A22Z554ZQ8NFPC,0.1333
A22ZNMEVMP660Q,0.3895
A2306N21IQL8BR,0.1793
A2306RFDMM8FDX,0.0105
A2309D9T79ELOD,0.0688
A2309RP4LD1EIE,0.0308
A230F2ZKGFGY8A,0.0793
A230G9XOVQQRII,0.3211
A230K4ZTRVM0UX,0.0549
A230ZQN0658722,0.6132
A231DMZA8857YV,0.2314
A231FGX8G2Q5EW,0.1355
A231H5H5NICMW7,0.0113
A231WX94DQP5SE,0.0509
A231X47FP2EZQB,0.3339
A2328YKUD39LZ4,0.0577
A232LZ5HWFW9KR,0.0575
A232MCSLYS9FGF,0.1211
A2336ATFOFIG7,0.1729
A2338E3WKBDWDZ,0.1842
A233TZONT1OGR0,0.2458
A2341IWGYS7277,0.1375
A23472JBV9ZQ4T,0.0688
A234DJA1EQM29E,0.0789
A235G01H9LPD8Z,0.1409
A2369JKT3HZUW2,0.0929
A236AKZ5OB5DI7,0.1277
A236XRE6MLXPKY,0.6675
A237C7W7MX92W9,0.2109
A2382RNNECQ38V,0.2861
A238OBWZW2L4WE,0.0623
A238V1MWVLQMSS,0.4372
A2399NNLRD8FBT,0.0374
A239B7RYPT3PK9,0.0047
A239DIJJXX6MSW,0.0073
A239KE1HZINDB5,0.0933
A239X7LCIC8XSJ,0.0567
A23A1N8AWJ9SXR,0.194
A23A7OH3AM0PDA,0.0797
A23AIN5PNLFFGK,0.1081
A23BL0Y36R3ZD3,0.6627
A23BNX8D9K27WK,0.1291
A23C5OK3TSF8JV,0.1103
A23CDG2HX9UWUN,0.0536
A23CM8IM3I9E5X,0.052
A23COTZ159C7E5,0.2161
A23CTP79W1YZ4G,0.0735
A23D0LS7MVISFN,0.0091
A23DXSEI0TEXL8,0.0664
A23FJSE5AMGISF,0.3441
A23GA883KO0V9I,0.0699
A23GGC5B9SOG8N,0.0319
A23GJP3DRWFPFZ,0.0802
A23GRVD0RIJO0K,0.2249
A23GT3FFCKGN8J,0.086
A23GTPRHLN78S2,0.2771
A23H489JIZDWGG,0.1512
A23H55I029WWYN,0.1499
A23H8NTLI7UJSL,0.087
A23HFK0HEXL8LX,0.023
A23HGZT0M8ISIW,0.4018
A23HT240AXFQ49,0.117
A23ID4AZTDBV78,0.4333
A23IDQKXEML674,0.1927
A23IG7UAAUHVJD,0.0933
A23IWUTPSQP23M,0.3594
A23J1T7UNX14TK,0.2754
A23J4S3ZHX48AU,0.4671
A23JACPHYV1P86,0.1639
A23JB6EM5JZND8,0.079
A23JC34G2WF7C1,0.0885
A23JRAGUHLUNYH,0.1513
A23JUO5YUF714C,0.5746
A23KG6OO3RVYV,0.3857
A23KMD1VYV8LN0,0.2338
A23L1OMO4TTOW7,0.0489
A23LI4IGIGNV8H,0.6025
A23LKM9X8Q0J4J,0.1167
A23M3RYAGVRI3H,0.0047
A23MRHI4SECCEB,0.2086
A23MSUDQMDVFE2,0.0887
A23MT6Y5XQC0Z,0.1612
A23MULFKUD4N6T,0.2781
A23MZM4TK3GF8E,0.0117
A23N6SCOYAXN6R,0.1372
A23NC65S4DFCHS,0.0326
A23NCKH61PJ22C,0.071
A23NNLX4OGN4MQ,0.122
A23NR7891PY2P1,0.0459
A23NSKTMSPPBTR,0.6974
A23NVQ8VHT0LRT,0.0685
A23OKQNJDWWE9Y,0.0367
A23OKZ6JSAWSZT,0.0141
A23P6AYU57RLO,0.1339
A23POIY70CF297,0.0799
A23PQHKPHLZ6NR,0.135
A23PYQPGVE71QW,0.0937
A23Q33T1OKMRJ,0.0636
A23Q5IDBIWPF9H,0.2662
A23QKGBTR29SIU,0.7516
A23RESP5H8B8NE,0.2205
A23RZIU0N8K2KR,0.5745
A23S1YJKGCQTZ6,0.5871
A23S4HC5BOWNCD,0.1061
A23SKMXHSUFZFX,0.4855
A23T2SFSELQT92,0.0579
A23TE7J1U3791T,0.0789
A23TGI02RB7JC,0.0672
A23U7ANY6HOQ4N,0.1503
A23V321SYYOGIH,0.1268
A23V9XZWUFEWWX,0.5868
A23VAF1M7IWPNY,0.1494
A23VC0TERZJR6N,0.3111
A23VP6C780FS4X,0.03
A23VSDCI8JEXJ,0.462
A23VXE960BI6VO,0.0429
A23W7DSN6BRP8T,0.0575
A23WBD5753O029,0.4896
A23WIZX2TZ220,0.0642
A23XG7TKQELFVE,0.0541
A23XUAEZE7KW0D,0.0706
A23XVBGSOPAFU0,0.2235
A23XVF23C7BHP0,0.0763
A23YK4DYOYWI55,0.1752
A23Z8QC9QT85K8,0.0268
A23ZNGL704AW7O,0.6636
A23ZQLUZYIZ651,0.1519
A23ZUNWFN5HRYV,0.3178
A24000KK3L0BV9,0.0642
A2400T7KYQ7VUX,0.1638
A24075MZQM78BL,0.0637
A240DGBCTVRB1W,0.2163
A240KE57NFH3IT,0.0587
A240ZCN5FY9OHO,0.2039
A2419BR62EBMID,0.1092
A241CQWSEYAH0K,0.0253
A241HDIOHZJRBR,0.1315
A241PBKK8RQUFW,0.0946
A241SEKWQ4DH39,0.0824
A241XUF4T0NU46,0.026
A2424YRQZO9LE0,0.1906
A2426K5QH04Q3Y,0.0978
A242F6M6E948UT,0.0188
A242IFN64X6R4E,0.1196
A242RWEPINNGX1,0.0786
A242Y7AFD0KAVA,0.0655
A2434EPE9P8P07,0.3533
A243G62GGEVG3G,0.2041
A2449ZFVFNX0WO,0.3543
A2451D3YB44IJ3,0.176
A245847KYYDMSN,0.5957
A245BC9NTOIIC5,0.127
A245BG7SCVXDJB,0.0676
A245HC2CI5VSJH,0.1422
A245R8MJLGJ9GD,0.139
A24687RNBOHWVJ,0.0578
A246H5PT3I8C9,0.1719
A246RLSESBICLP,0.0532
A246VEUHS3MLLK,0.3003
A246WG6Y4XPMKN,0.0033
A246ZHTG1SJ9MJ,0.0478
A2470JZEZFEC2P,0.0544
A2473TCUOR027P,0.3289
A24767AFDRD84O,0.0937
A2478KBZSJLV50,0.0197
A247DD28851RE6,0.0555
A247IE9WJZT3L1,0.2763
A247L282PID4PE,0.2764
A247LSPV07DB1E,0.1422
A247QA0CP7LAG0,0.1109
A247VET7CP4K7J,0.0142
A2480CI91NG7U7,0.3788
A2484TEQFHUK8D,0.1107
A248A8ID1RNQRO,0.0148
A248ACDH3MVZ58,0.0737
A248K8F4LZ4KPA,0.2007
A248KGTZCTI93,0.5972
A248LSBZT4P38V,0.3703
A249HMZUT73ZLU,0.079
A249MBVP54L905,0.2408
A249MNE4DBSAZN,0.1219
A249YKI7Q334FD,0.2591
A24AY5DNIH8F4V,0.3303
A24AZ2MCPL7RZ6,0.2467
A24B990VP9QC6C,0.6291
A24BI3UW7M2OPL,0.0882
A24CB38BNUDF5A,0.227
A24CROYMXBZUIW,0.3755
A24CVMUIU6NRCT,0.1333
A24DD13939UP52,0.629
A24DGUWNVC1HOG,0.046
A24DOIXKN99VRA,0.1659
A24E0HXB7EXRE8,0.0533
A24E5DR9VQTKBA,0.0907
A24EEOX3EU13HX,0.0943
A24F16RGW6NTVR,0.1973
A24F1UX8ZT5IXY,0.4031
A24FX30B20WLMV,0.0257
A24G6Y3ZC60NZ0,0.0361
A24G8YZBO0QTC9,0.138
A24H6QYK8PSNL7,0.0634
A24HCSO5L3GM29,0.3129
A24HIIPOF1E2EJ,0.0078
A24ICLRUXLAB9X,0.0907
A24J56VZRKW4XA,0.2899
A24KEB190HHNFJ,0.0274
A24KUTKDRQK5AA,0.059
A24KWM5KPOMMT1,0.0321
A24L1DPD503GUI,0.0624
A24LZ1JLW1I4U7,0.292
A24M1D0P4DGZZT,0.2439
A24N778BTMZUAB,0.0503
A24NHJBK8YM7YB,0.108
A24NHM36GTLOTQ,0.2718
A24O06NZGVHZLR,0.2543
A24OFSES8EE80G,0.0188
A24OIOYN9VY9W8,0.0906
A24OVLPXPGS1V3,0.4646
A24P7YUPH9L5XU,0.1833
A24Q02AXR376M3,0.2089
A24Q8VSAXD32VP,0.0371
A24QI58RYQRK5A,0.1407
A24RKUYLEVYITL,0.3219
A24RNXDKD912X1,0.1044
A24RT6AVJXJZHF,0.3721
A24S4PQTXO18B5,0.1575
A24S5XRIRBEW8G,0.0771
A24S86B8FV62VO,0.1437
A24SLLQ1KG9D3Q,0.2005
A24SP9MHTDE9AB,0.0918
A24SX5G6K3BIII,0.1831
A24SYO10RBABLT,0.0493
A24T5517ZRETWW,0.1162
A24T80OCYJFQ3V,0.0571
A24TB6LFHUANSO,0.0408
A24TKUGFBH80XD,0.0409
A24TS6CQ1LEG8G,0.0253
A24U40VCB7W1LQ,0.078
A24U91T6L530UN,0.1271
A24URQ9UHC0ZMV,0.1811
A24UY2BFLGK163,0.3488
A24UZIUL0V11PZ,0.0929
A24V0SRCB8XBAC,0.2704
A24VSMLL33G41Z,0.2996
A24VVE3E7D4GVQ,0.1363
A24VVEP0P6ZF5I,0.1136
A24VYT7Z59KKJ7,0.0956
A24WGZWL90IO35,0.0321
A24WMBO3LUVUZR,0.0461
A24X8P2TG2AR02,0.0548
A24XB7CYP111T8,0.2453
A24XFCZJKMAONS,0.0478
A24XK99ZEXT16Y,0.0803
A24XLRKLMZ22CQ,0.0846
A24YI30VYH9S3V,0.0406
A24YP3PNYEGZBW,0.1268
A24YQCDJ1DOUGN,0.2193
A24YW9YH3GWDM4,0.3926
A24Z3IL2WPRRFZ,0.0324
A24ZFV3MSWLCOK,0.0809
A24ZJZ6F06G67N,0.1624
A2507WA4ARX59W,0.1116
A250BR9RFSA8DZ,0.3117
A250FFYP8R4OMJ,0.122
A250HHH6LNASFA,0.2182
A250L1EQ1NU2A0,0.081
A250RSMTAWJOPT,0.0511
A251OKWDZIA702,0.331
A251RCEFU9O7VR,0.1654
A251UNAURMPXLW,0.0865
A2527OUSSJOL8G,0.2
A252GW8BZ7DAA5,0.084
A2537ELG7YXBSQ,0.3781
A253EDT9P0SS2S,0.015
A253G3EG9A469K,0.1711
A253W0EDTXK5E4,0.0272
A253XKAR4A93Z9,0.3921
A2541BCFAIQ7TY,0.2081
A2541DCM7EKMF4,0.1346
A2541V4NMO1ETO,0.0611
A254GUDH1RHL4X,0.015
A254TL8NY5734,0.1471
A254YOEDRG7DIN,0.7398
A255WGLWOF4OJJ,0.1649
A2569HQNP3JZUZ,0.0539
A256NDCQ68GQXK,0.0978
A2588ZAI2WV7BJ,0.0481
A258EIYGAZHWCT,0.0997
A258IZLBPL93YO,0.4303
A25932ULAHQSB3,0.5913
A259K4WGBXKO95,0.1512
A259QDGY6WFXZT,0.1853
A259R0S038LQJX,0.3734
A259ZMWC49F7O3,0.0667
A25AAIXKKEWW8F,0.2173
A25ADO5HATDK0Q,0.0171
A25AECI7WXJU2M,0.1135
A25AFBV75QOEJD,0.5641
A25AROF3SD7AED,0.0703
A25AXL9N6ZLAOE,0.021
A25AXZAXLJFA5G,0.3772
A25AY5KWVWF4R4,0.0537
A25B3JZJMMVQRA,0.1646
A25B5ZWAL7YWV5,0.2055
A25B7ZC77JVVA7,0.1218
A25BK2HR4BWY9A,0.1839
A25BUXP2HUIUJ7,0.1715
A25C2M3QF9G7OQ,0.67
A25C7YHV3W6YY9,0.1681
A25C9QZH6CTASC,0.0988
A25CAD0VH0XKJK,0.1591
A25CMCPCKWO8W8,0.1318
A25CMX2TDVFY86,0.1635
A25D156Z4KFM33,0.4646
A25E1M0AJH998J,0.1944
A25EGTGMF8V06Y,0.1606
A25EHSFJSQZUM0,0.2493
A25EHXGAXBJBUE,0.5048
A25EHZNTPJ3OA9,0.3088
A25EY40GI1OBDB,0.2044
A25F3NW3Z2LP32,0.2604
A25FWXGWYJCVRM,0.2981
A25FYZAJ2ITLSN,0.029
A25G8JIUDN4GF2,0.0465
A25GAS44MY1ARA,0.1523
A25GQZCRG71ACD,0.0625
A25HES4FGPUZWJ,0.2018
A25HJZ1W3DH0AH,0.1978
A25HYPL2XKQPZB,0.142
A25I21GWE721C8,0.1993
A25I7DXJJNPOO0,0.2535
A25IPECCPQOD1P,0.0623
A25JIF7BEPO9F6,0.1358
A25JOG58HCDDIT,0.0771
A25JUE9AFX7SUC,0.6242
A25JWNFJA8JHMB,0.0511
A25KKXUQQ0OLWB,0.3326
A25KMQDBTLQDDB,0.0733
A25KR9JWY7OKZB,0.0322
A25KSWX9Y7KRWY,0.0666
A25KVM6GJBLISZ,0.3231
A25LQ252PHH7FE,0.0412
A25M0Q8F9BVU7F,0.1234
A25MMGY5LQ9R8J,0.0663
A25NBE6QPI9GPZ,0.1343
A25NCR4LJ62EZN,0.0685
A25OTB3XW1RXI3,0.2405
A25P1BXEEKBAO7,0.2935
A25P5KZUUTD8JZ,0.0677
A25PA11N3JWBIH,0.0474
A25PBJDH4ZRJFQ,0.1779
A25PJ0QJ61SC80,0.1964
A25PPBVUVZMOT3,0.0701
A25PQWJR2O2WO,0.4667
A25PYMGLCQKSSG,0.0806
A25PZED2LHC8O4,0.086
A25Q2S8JEY745N,0.168
A25Q4C2UDIOPXC,0.6337
A25Q83PUFJSHM3,0.3703
A25QME7JMLEYGP,0.4837
A25QRTIF9QA7KO,0.2501
A25QY9B9W2FQCF,0.1887
A25REX7LXVAF58,0.2573
A25RKDHQ1ND0PQ,0.1978
A25RR4OLL774IK,0.0592
A25S4ZKQ7XACS9,0.0897
A25SB31CJRJ9IP,0.0318
A25SBAC3U573JX,0.0708
A25SO19JJNBFQX,0.0327
A25SV4A5C67BXI,0.5841
A25SYNB9LSKSII,0.1983
A25TFVJ6B9U1NU,0.0278
A25TMNK11OBCO,0.0413
A25TNBMJ4ZO7RD,0.7498
A25TVH9W5A6IHP,0.1373
A25TZRJ5MEZGR6,0.1482
A25UDKRKT9K5IP,0.2186
A25UKVE38E3RWH,0.0662
A25UTAN6GCFU9Y,0.038
A25UU65AWSNKK,0.0254
A25UZX9E66ZQ1R,0.205
A25VMR199B567O,0.0465
A25WFE913YU77U,0.0965
A25WUAUZP304JR,0.1627
A25WWUO6K5YUY3,0.2551
A25XGQ3XPGC68J,0.1662
A25YAB9C3ATMO9,0.1299
A25YXA3X6M5B5A,0.6164
A25YZJ04WZN8C4,0.3479
A25ZEBLNHEXF31,0.0512
A25ZES0OTED0S5,0.0199
A25ZJEWR3WDOYY,0.0593
A25ZM6XWJ494HY,0.1544
A25ZPST6FXPU3Q,0.5888
A25ZSCQG44Z3YK,0.0552
A25ZVPDCF4KK66,0.0683
A25ZX7LRQSLW53,0.436
A260LF1FS9RP92,0.1439
A260S0QHBS0XEY,0.0273
A260WFMQC1SXMX,0.1209
A26123MBBZ5TLX,0.0316
A261OIBZDFWYEK,0.3848
A261P36T13YP98,0.3891
A261T7Q2VNN1ND,0.2083
A2620BPZ1021O6,0.3209
A2625O0YUTMAIR,0.0711
A2628OSPX0Y2XF,0.0652
A262A6K2R0DB0E,0.0054
A262ONK4P0SV0P,0.0894
A262TCD7CNDANF,0.0786
A26314940F1A0G,0.0196
A263DRVW6SIFNC,0.1555
A263VWGZ4GICOP,0.3633
A2644FJMHC69M,0.1608
A264ZI0RQR2GVS,0.3553
A265S2Z6U63RBU,0.4021
A265W7V3DK6WC6,0.1256
A266VX0V3P2P9E,0.0668
A267CNXZTWED3N,0.6926
A267TP7QIWJNBT,0.0616
A26869WFGMMZHM,0.1107
A268EEWUXYCA8Q,0.735
A268RR9DT4DG9B,0.1668
A269OEVY5AJ95G,0.4634
A26ABEIZMVKZ3R,0.1143
A26AGFN88XV910,0.5168
A26ASDHO1O3YVM,0.2161
A26AY1BPGZ50AG,0.2604
A26B70MNK9XHYO,0.2858
A26BNHNAAE3871,0.4167
A26BP6S06QQV96,0.1107
A26C2PU4N7JX8H,0.1796
A26C9L4LGGE6D7,0.34
A26CJ570M1WFO6,0.1677
A26D04YF1J60YX,0.1915
A26DMFB0S3M1IO,0.1139
A26E0Q2VSOHDEI,0.1085
A26E68WQMH85NO,0.0504
A26ECP55JCWN3E,0.023
A26EXMDN188M0,0.1857
A26F4J2K7BIPNK,0.2155
A26F6T4XWJVZQ2,0.3447
A26FT6DS3OOS63,0.1849
A26GK91HSZTNAJ,0.2047
A26GTNZ6AJRYSY,0.0785
A26H8BHJ2KATVG,0.1654
A26HOENZQ6XB3J,0.3118
A26I21NALJC4TV,0.11
A26I412M2YH1K8,0.0673
A26IOQ1AITQ1O1,0.0357
A26IQKUVHETZWF,0.1577
A26IWDZV1DDO4T,0.3937
A26K5BF6PGUDMU,0.2108
A26KGF6LOYU4F0,0.1953
A26KQS2TR5XURA,0.1299
A26KTMCE1DY2P2,0.0267
A26KVCCCVPBJKN,0.0877
A26KXNN6H1IL0I,0.5661
A26KXR0KQPM1U3,0.1574
A26LPS3UXS8JYD,0.0763
A26LQSC65AMTGK,0.3602
A26LTNHYVA12RR,0.1259
A26M1R1JQTTPS1,0.1314
A26MHH5645KSTZ,0.1007
A26MLA0UOLVUNU,0.0673
A26MY4TPFQPWZ,0.0571
A26N5JRAXN8XB5,0.0192
A26NA44RSSGIBK,0.0089
A26NDCRUHAG47O,0.0786
A26NZ4ZQF0G1NQ,0.0454
A26NZH81YIJ00H,0.1495
A26PAN8REXYBYH,0.2755
A26PM6HNZPEW6K,0.1243
A26Q5GW3D7D1JH,0.1442
A26QHQQT0AUUCX,0.0986
A26QLU9RTU5GCD,0.0773
A26R1KR63LP96F,0.0856
A26R7LLAFTPC3U,0.2824
A26RDYXA17I0HV,0.1359
A26RGX1IXQDLHZ,0.2396
A26RO5VL0FLQPX,0.174
A26RUAH13NKIW0,0.0158
A26SBERFSTW1UC,0.2845
A26SD429IFQUD2,0.0792
A26SN39Z9AJC0Y,0.0824
A26SNFYWFPNOJX,0.0464
A26SQDIKMCIIOF,0.0695
A26SSBA0BE0XZC,0.046
A26SYZST7CHSX1,0.1582
A26THF47ZCVUS3,0.1217
A26TRGJPCDNK63,0.2357
A26TY1E5AJ301J,0.0168
A26U3EIKUB3WMZ,0.1557
A26U7ULV737CFE,0.0842
A26UKXC8QY9FEM,0.1158
A26UMYPCY95EX7,0.1372
A26V1N7O4V0C2Q,0.3126
A26VVRPXEX4LPG,0.0846
A26WW5UQ7JMQ5Y,0.0777
A26WXF0P7YNYCE,0.032
A26XMJ4QLXF9AS,0.2557
A26Y46IJHWT6H5,0.0653
A26Y7WIS3JBL65,0.2566
A26YB4USHIDWZX,0.1105
A26YB9ZD0UKFUK,0.113
A26YD3S1QQLQBA,0.0543
A26YHIRPMZYZDU,0.0931
A26YK9RG579RDF,0.2075
A26Z4NRNY3EY02,0.0364
A26Z828SO7B60U,0.2259
A26Z8FBEO1D55T,0.1527
A26ZFFW1VRMH2L,0.1144
A26ZHHLCZVUOAS,0.3273
A26ZI91AQT8P0Q,0.0643
A26ZP4UCSERR2F,0.0614
A2700AZT2NLBQS,0.0215
A2707589GDAWKF,0.2442
A270ENMQ3OI8Z1,0.1927
A271QXN0DZUK9H,0.3664
A271T006D2QDZB,0.2149
A271YFN9U34PYV,0.0046
A2720NOZH3V347,0.0883
A272B1BEL6M3MR,0.3112
A272VTLI9O0IDT,0.4485
A2731AZYMXHG53,0.095
A2745OK52PQYL6,0.1919
A274A1A9HGYW36,0.0643
A274KXWC5PGKMX,0.1177
A274PY5VHMVZA8,0.1107
A274Z8ZM7ZT1MV,0.0444
A2754QG0NENPVX,0.4898
A275P1J30EN6DE,0.0173
A275WF69VGD0C4,0.0645
A276B6V9E5759Y,0.1101
A276CEI6L2PPRN,0.0801
A276I80QDZ5S1E,0.0499
A276PTIQJ6OHYA,0.4248
A2770L049T8HKI,0.1533
A2776MNKECT4VB,0.1415
A277HO2778M2HZ,0.3505
A277P59FPQSCBI,0.2336
A278KMHT2P8IDX,0.0726
A278L9F3EPNQO,0.005
A278NVDK9RI9CX,0.2149
A278PMWYEJPAWT,0.5971
A278S61JJ5Y95L,0.3498
A278V4RQOW79GG,0.773
A2793UXCCFDRUQ,0.3976
A27951S4ZN7T2K,0.3849
A27A0U9O1HUSC8,0.045
A27AF4DLLOBQDQ,0.5685
A27AGVQMDOMKSF,0.0616
A27BB4YH101LOT,0.3042
A27BKXQAR305QL,0.2048
A27BRS9UA93O6X,0.3265
A27C68294LPSDE,0.0707
A27CTW0GPEE0AZ,0.2947
A27D29NC8SZTJ2,0.3429
A27DHWJ275D678,0.1228
A27DITPCCZIVAH,0.1538
A27DNSEA1L04L2,0.3432
A27DSLOSSYQPB8,0.0373
A27DYAY3FUWIZ8,0.0584
A27E6HW7LMNFL1,0.139
A27EJ2U5EXAA3E,0.164
A27EUG4HYNIW2F,0.3603
A27FGZZD4HYIBR,0.026
A27FNQDQP12TJM,0.0741
A27FUXUP1U7O07,0.0512
A27FWLNVDVF3BL,0.0914
A27FYAUYCGIB5Z,0.1375
A27GJW7UIKBDG6,0.0521
A27GR0A1QGNSJG,0.1204
A27GREXNJBQP02,0.1803
A27GY4I2FJPK2U,0.053
A27H1YHD8FY75H,0.0686
A27HOKHQMMAQ7Q,0.1037
A27I1HNFLO6YXZ,0.1797
A27IGO4RPYZDZL,0.5383
A27ILJX6LV8F4I,0.0949
A27ISFU1WEMSS8,0.161
A27J1BSKWZK4Q3,0.5495
A27JM2US75HVP6,0.0068
A27K9A3JP5AXZY,0.1687
A27KO7X39MLW9Y,0.0265
A27KTLDSBWXNED,0.2349
A27KXZIVTLKCCQ,0.087
A27L4GX7VBDQHW,0.1388
A27LNMTPE9QMR9,0.1515
A27LQUWEFHLJB0,0.1725
A27LY9ET24N5NY,0.0884
A27M2QO62KOEPT,0.1591
A27MO0NFAA4NII,0.1038
A27MVW8KUWH1FK,0.0203
A27MX4Y22QZW1N,0.1842
A27MXTVBMZ3HWN,0.0618
A27MY21JLR2UG8,0.263
A27OCJOVWOJQPK,0.069
A27OCYV9N4O9TK,0.0905
A27OI4CW9P0D1O,0.1494
A27OI6VYNPIPVE,0.179
A27OMVFGJXH1VB,0.1107
A27PQJHUSWNZZ0,0.1488
A27Q1X75QCWTID,0.252
A27Q5M9ISPRKEW,0.023
A27Q7OLW2X0VL2,0.2093
A27QOPLT7SROD5,0.0355
A27QPWKQ0TMAYU,0.3437
A27QYR0V6HBV7,0.2012
A27R5JQPF8C0RF,0.3496
A27R9EREW3FFTV,0.1556
A27RDCFAIPHKI1,0.095
A27REIX5O9POXF,0.094
A27RXDK4OPT2F,0.046
A27S1RZ4JF0S3N,0.2283
A27SEH7FJJIKIC,0.6842
A27TJYR08FGCM,0.1305
A27TQB8CIV25OX,0.0317
A27UAKQX7YEXE4,0.2488
A27UE9HJRZ22YI,0.0904
A27UGTTPUN210J,0.036
A27UIRGPN59HU5,0.1272
A27VMZ66FLANK3,0.3259
A27WLAGNZ7V8XT,0.282
A27WZYVA9CUMRA,0.2
A27X0OYTCLDR7E,0.1048
A27XEJX3W4FCUK,0.2307
A27XFNU6UX20CA,0.2252
A27XHDVC8GYCTF,0.1539
A27XPVJ5E5XF8G,0.0242
A27YBM2L374GWR,0.1937
A27YNQ41NALGGH,0.1284
A27Z254EPM8U8M,0.0818
A27Z5A31ADA74T,0.1763
A27ZHAM77ZJUZ3,0.0491
A27ZQYVUU3Q7EY,0.1679
A27ZSW3DO2RR5W,0.0952
A27ZZM7OON7IIY,0.1438
A280GXBY1EV2TL,0.0457
A280TYZIL03MLO,0.1586
A2822VAXLKFRNW,0.1417
A2829NYO1J6ISY,0.151
A282VT5E7U8ARD,0.08
A2830PBMQPTSUG,0.086
A2833WO1VZAG9H,0.0517
A283DE6XDWPE30,0.1079
A283FMZBOUZ5D3,0.2381
A283X4O3JWU7LP,0.131
A283X7MG53SJ9V,0.1522
A2847W64D8EX7J,0.0458
A284OQO4QNDLQU,0.1969
A284P8XSG9HREA,0.2026
A28502MYF6RNBP,0.0193
A2853ME3AJM2B2,0.1265
A28621TSIR5EOG,0.8142
A2864Q0WX7MR1Q,0.1305
A2865TPYN8CC1,0.1214
A286MDHLQYMOAT,0.1153
A2870P46XR9MZF,0.2311
A28751V1TC7DBW,0.2092
A28774QTCK7MJZ,0.117
A287A4ZVT37P89,0.0567
A287P5PGGHMQLZ,0.0702
A287TAETJKLNKI,0.1877
A287VIG5J2SQTX,0.169
A2882QQKJ0IUBU,0.5543
A288AA3OK8CBHP,0.224
A288IM0FQOIJ4I,0.0819
A288V3H3N5CJ9Y,0.1496
A289BG1P365S5B,0.0948
A289R3C1LVU4KS,0.0575
A289WEQKPYS04G,0.175
A28A633QKPQZXK,0.0519
A28ADG2Z4QEVTE,0.1725
A28AFRCC9Y88HT,0.4731
A28AOYX0UWTI66,0.1996
A28B7FZ7KKN0TE,0.0855
A28BDIUX8HJRCU,0.1571
A28BJZROR4DAW4,0.1587
A28CAQRAIZ1UWU,0.087
A28CCQNXWV6WA2,0.4467
A28CTDM7OP0RAR,0.3441
A28D486TE26RWF,0.3451
A28D92BKXSC5Q1,0.0644
A28DJ4FW2LG77Z,0.7506
A28DLC4ADNJAF0,0.0091
A28DMMH5OU7IYT,0.2262
A28DRWU5ZCXQID,0.4552
A28DSVZBCYUX88,0.1774
A28EJD6AA5331O,0.0662
A28EMTHVF120XV,0.3293
A28EN3GO6VMNEC,0.1725
A28EQ3TNJNC871,0.1599
A28FAA1PEFDN4Z,0.5622
A28FCXGE7MWO0F,0.012
A28FDO05T15ZZQ,0.5258
A28G0HQ0CHPPPT,0.1578
A28G2OEEHKO2WT,0.175
A28GK42VXT991O,0.1244
A28GS21LBHH1TA,0.5288
A28GTCEVZTOSXA,0.0885
A28GTX82LNA9VA,0.1131
A28GUL66KVW04J,0.0598
A28GYEUYCEV96X,0.062
A28GZFNGKUZRFD,0.0865
A28H1NW7R7AWW6,0.0774
A28HCZYUF6A302,0.2201
A28HE1IYWCEGTA,0.1023
A28HQDUE9R846F,0.1728
A28HTPAL1KNFA5,0.1751
A28I19GM9HQ7IS,0.3534
A28I98PKHZZKVB,0.291
A28IHPXRI76P4U,0.1472
A28IIVKXOE1ATF,0.2825
A28ISUIFUMLQD6,0.6745
A28IV0UO4I73XS,0.0786
A28J1OWDX35U77,0.1674
A28J652GMC2T1F,0.0439
A28JB5IESWSZQU,0.3926
A28JPOUFPT3OJ1,0.1845
A28JYCMR166H7V,0.1849
A28KI92RSY1Y11,0.3205
A28KKIXXND8YDF,0.476
A28KPOWUOCIJC6,0.1255
A28LN6LFOHC419,0.1313
A28LVHOJP8PMCN,0.1347
A28LWEF27KNK70,0.0512
A28M54WGP5V5QN,0.4117
A28M7U4RXBB0X6,0.4736
A28MBNGVHXO93G,0.1228
A28MHC5QYZ9J5F,0.0223
A28MJ51GOXSEDB,0.1778
A28N7G3O49S19Q,0.1835
A28NFGZU8M2L0Q,0.431
A28NFIFQR9J008,0.5998
A28OH8OG9DYIMG,0.1211
A28OZBLQKKYGOR,0.577
A28PDCYDFXBZFQ,0.0743
A28PERKUJPRCEF,0.1389
A28PRQBUX9ZW9X,0.092
A28Q8HIV6O7EYV,0.0172
A28QBMCWQPHAMN,0.1041
A28QKX5PUSZYN2,0.0325
A28QRX1HWDLNL1,0.2139
A28QSAMRQOI27K,0.0883
A28R4D0T6ETNAO,0.0874
A28RBRJAP7L6PD,0.6158
A28RDXPO4HK5ZF,0.0509
A28REER48I4HGB,0.1549
A28RF9UCP2ONR7,0.0376
A28RL6LXMA118H,0.0595
A28RSMADFCBJDT,0.522
A28RWJ08DPAKAI,0.3546
A28S7WBES96106,0.0763
A28T5YCKB44MGU,0.1701
A28T9PVSCSYL9H,0.1489
A28THGTH733J7C,0.0725
A28TW6X3B0VWJT,0.0797
A28U0AZP6A3NQL,0.2642
A28UH0ED1NMA5L,0.1248
A28V9F072E0SGY,0.1099
A28VACO70PJMI7,0.1617
A28VYN4Y6DKRVK,0.0632
A28W7RKKZV625I,0.1743
A28X7NZ02016FO,0.7516
A28X8OSUDWMH1X,0.1911
A28X8QQ97HM6CX,0.2673
A28XEHA0BN9OUB,0.6117
A28XO41DARZM7J,0.1128
A28XSU9CZZBD6P,0.0326
A28Y587UOB6VCS,0.2296
A28YBV7OYX53KQ,0.2332
A28YMQH26AX2KN,0.4202
A28YTL0ZMSBFQ5,0.1689
A28Z7T4VDYXTFA,0.1686
A28ZZGNB6YHB1C,0.5691
A28ZZVJQDTXKLA,0.3303
A2904N7SWGKRKP,0.0663
A29072BT6E61Y,0.2048
A290DE47S21S5Q,0.1174
A290GZQ84UZQ5H,0.2589
A2910Q67HYWNLA,0.1973
A291H4XSTIHHHS,0.1307
A29407ZZXMJFIB,0.1266
A2949BRTINKLUM,0.03
A294QTFYPS4AEK,0.0874
A294SYI3TWEBDC,0.0732
A294WDDU7PKTVN,0.2793
A294X2KGC8ZGF4,0.2103
A2957HNYN1RAH4,0.0181
A2959OYCZX0D4Y,0.034
A295AUT0M2JA8R,0.1832
A295FGR81Q0V6T,0.038
A295GX7EXQ1MHT,0.1431
A2969S7OIGCC7,0.2323
A296EPZRADJ0SF,0.1628
A296HKC8BJZYNS,0.0189
A296NC5H5Z3BGO,0.2107
A296QED1MV1V0J,0.5875
A296W5YVEBXGBM,0.2866
A296Z4WZUOX9HX,0.2241
A297MY8QTKGXW4,0.0553
A298DH3GXNK1DS,0.1533
A298KWIQBBUCZ0,0.1351
A298M3XMKHWBQK,0.5892
A298OODULT08X2,0.2888
A298ZTGCB89MLE,0.2049
A2992O1JIXOHP7,0.5796
A2997T4X2GJF7C,0.4008
A299BC8GNJS5EB,0.1114
A299TTMYL1PDVZ,0.2653
A29A4JT995YHJV,0.0433
A29A59JA6M6RCZ,0.2156
A29AMVPLRCGOB2,0.2696
A29AX4IB7BJWFZ,0.711
A29AZOMZ9UOZOG,0.0893
A29B4PAIOL7HYG,0.4302
A29BD6P61E812X,0.0396
A29BICDJTST1G2,0.0102
A29BUEGVFEKPJQ,0.1387
A29C2MCYZA5AKE,0.1096
A29CEI6U2BLLCK,0.0365
A29CGU5G2YWZZ2,0.3464
A29CJR2LAN3LJ0,0.0941
A29DETROWWTBOY,0.0949
A29DISV9GUBK8P,0.0341
A29DVV1OGO30U0,0.4134
A29E0N5YX7ZB7K,0.3646
A29EAOP4EI5DAQ,0.0496
A29EGA8RIDPUJ1,0.046
A29ELFGIWF1S09,0.0667
A29F7WPJY3OSSG,0.0933
A29FVZP5E2E91H,0.13
A29GAO1CDNU7I0,0.1398
A29GQAGHNCC8P1,0.1428
A29H6EE6U3R9PJ,0.077
A29HHD1M6QPCWX,0.253
A29HJ7V8LS8LYS,0.1022
A29HT9J9U4QPV5,0.1563
A29HUC2XR37KDD,0.0678
A29HZ1L1MSRWAL,0.2577
A29I48NFT6IDCP,0.0966
A29INQQ6X4ENMO,0.0507
A29IP3463JHHIW,0.2604
A29IVL8DK5ZVDM,0.0594
A29JFTRR03XE8P,0.0637
A29JH1CJ1CHMVX,0.1928
A29KJ1B32SL5FD,0.0519
A29KKLJ8BLQ2GN,0.1396
A29L9MHE4WG16O,0.3172
A29LALMN0S0VQ7,0.071
A29LN0NLLO0AJT,0.4213
A29M7XQ2N6AALZ,0.4206
A29MCZ55V6XTBV,0.0588
A29MI0QYBI5WSK,0.1789
A29MI1DJR2JYU2,0.2187
A29N6KX6PCN26H,0.1684
A29NE7SBY16CSV,0.3251
A29NECZQ85Y57O,0.1093
A29NO61G1WH74V,0.4963
A29NV2YITU0EJK,0.0136
A29NV3DTW63GGR,0.1874
A29O6REZ04U6IH,0.1003
A29OGQ83C0KYLE,0.0293
A29PQH8RIUG4KZ,0.7736
A29PRMHNYDC06I,0.0618
A29PYOW1XV6GWI,0.138
A29QQSD7TCAZWQ,0.0474
A29QQUKTUHOA32,0.2863
A29R396BDDEMON,0.0888
A29RWALB7HOGPP,0.0479
A29RZCKZFN6RES,0.4282
A29S1MTFU2DJMW,0.3403
A29S5DRKSYUIHU,0.1168
A29SAOEAAI4PAW,0.1284
A29SB0CL7V5FYF,0.1777
A29SL2BZ5HS7GG,0.0422
A29SRO9Q4Y4VS8,0.0273
A29STFQPT0DAXP,0.0763
A29SZ6ZTP4MH9H,0.0518
A29T318NU5MRE1,0.2641
A29THQFOAB9U4U,0.161
A29TSPI4U7YV9M,0.1844
A29UD0YQU95J2Q,0.5595
A29UH663BZ88D9,0.0666
A29UNW6NB16ZE0,0.0188
A29UXE5B1U2163,0.1268
A29UXGM16BBH35,0.0106
A29V0DD2IE8Z1,0.0623
A29V754TP68LZL,0.1606
A29VOCZXMYJWUX,0.2807
A29VPWQZC2A62R,0.0464
A29Y0UQHVASGW5,0.0085
A29YE3YVXXA4OJ,0.0881
A29YIKVUOHDXDW,0.1268
A29YKT85YFAY87,0.1318
A29ZG8IHLO6F9R,0.0324
A29ZIJZ5GMU4L7,0.1219
A29ZSWFCDGF3PA,0.2505
A29ZTEO6EKSRDV,0.0828
A2A08IJAH5WIKQ,0.0513
A2A0A55YH86W83,0.0839
A2A0NIHH6G57VS,0.1072
A2A0QMAS99TCUO,0.1076
A2A0T5NTYP1UYS,0.0606
A2A1RBR2MG7LHY,0.0443
A2A1XEP9I15P2S,0.081
A2A2M8EGBY2FV0,0.2664
A2A2QQEP8SSAXH,0.1914
A2A30YI03VDQQI,0.0792
A2A34GD6XX5MMH,0.0406
A2A3VH42I16COE,0.0242
A2A46UUJJ5GG2W,0.1951
A2A4C0IRW8OMIK,0.3643
A2A4DJHAVP1QQU,0.0691
A2A4EQQ6CC2T8C,0.2362
A2A4UN76SBQGGP,0.0769
A2A4Z8KEO7R0DR,0.0499
A2A57YUK6GYYLK,0.0646
A2A5LAV5TOL679,0.0955
A2A5LGHYI9YO46,0.0892
A2A5PFTZBFLL68,0.2029
A2A6GJPCMOI441,0.1782
A2A6QBEALE4SD2,0.1678
A2A7A6OILSS9SJ,0.3118
A2A7HAS0GN1I6D,0.282
A2A7THBRZ2OXWW,0.0934
A2A7VL52BWHZHW,0.0685
A2A8HDV5DTGLJ2,0.043
A2A942D1AG87PT,0.1488
A2A9OWDFOTQZP3,0.1281
A2AA3MND6ED8TM,0.2752
A2AAB4Y69I91Y0,0.5044
A2AADPO6J2BVW8,0.0649
A2AAOTWCPRFYYT,0.3404
A2AAU7T113QDMZ,0.2178
A2AB4H9JQJGJEE,0.5291
A2AB573QA87CNH,0.0862
A2ABALJP4ZTH4P,0.0636
A2ABOZF4NB9PIQ,0.2821
A2ABQ5AAVFUOUR,0.0981
A2AC68C4B88P6U,0.1096
A2ACBKGKN0M09R,0.1577
A2ADCV2454LZB7,0.0679
A2ADK5HZNUEDG2,0.2534
A2ADPP8XE7EFIP,0.3503
A2AEIVLT8WUMXT,0.2893
A2AEJYVFS6EE3E,0.0677
A2AEK1YR6AMMT6,0.0743
A2AENCFIE6N3E9,0.3039
A2AEYSAR5T5COQ,0.3832
A2AEZQ3DGBBLPR,0.5524
A2AF379F5RHRAE,0.1586
A2AFAJC73WZNGA,0.0723
A2AFFIW9KTDB8O,0.5977
A2AG9AU28CA4ZS,0.234
A2AGD4UR6E8O3B,0.1048
A2AGI5DX5BKE7I,0.3424
A2AGUIRQZHZK7K,0.509
A2AH4B8LF4S2FX,0.0941
A2AH9CMEICTXZ7,0.0047
A2AHDC5WZ5K7YL,0.0734
A2AHI7N2BXB063,0.219
A2AHNXK3Y5XER9,0.0449
A2AHTUMQC1O3M8,0.2924
A2AIB02RIVPPKU,0.1366
A2AIBHOQVU9IRB,0.1275
A2AIHUT8YFKQ47,0.0939
A2AIK37IWL09X7,0.066
A2AINLLX0560S1,0.4517
A2AIQYXKN9V80L,0.4566
A2AIS7OMPRT5YT,0.0729
A2AJDCY5XJDTYH,0.1046
A2AK9QCWJ7PJHV,0.1346
A2AKDEBXR889PE,0.2679
A2AKH7RKP0RLJO,0.034
A2AL5T8PL9A8IZ,0.0493
A2ALBQEP71X2XG,0.0766
A2ALD4VJP44UEK,0.0503
A2ALK5TW65IHW8,0.0457
A2ALX5U55NTGTL,0.777
A2AMCRY89N3K9R,0.2868
A2AMK2RV8YEAS1,0.1699
A2AMXIGL556D07,0.0852
A2AMYLQF3LGAPG,0.0942
A2ANDETHS4MQ4M,0.0165
A2ANICQ82D7RJV,0.3799
A2ANIO9P7WE1SX,0.1551
A2ANUZS8OB03X6,0.0481
A2AO270D2JMUK9,0.1557
A2AOAEIOSPNZ7E,0.1711
A2AP059CCLBWPU,0.1308
A2AP1E5TILZLUA,0.1244
A2APJH8UKCOL7M,0.1287
A2APN5J84C5T5W,0.0673
A2APS8XYSD9V2E,0.2646
A2APSBKFGSWWRN,0.0173
A2AQ1HP3EVGU8V,0.1203
A2AQMJ449X1OEI,0.1467
A2AQQE7LI2E2C7,0.1174
A2ARBHSFWZN5IT,0.1243
A2ARF1D0NPVPI2,0.0938
A2ARFX9JWJC3VK,0.0482
A2ARGWWXYHQ1Z4,0.2025
A2ARJYDVAG08EH,0.1163
A2ARKTFI3SE722,0.494
A2ARRW8E2WEW10,0.3052
A2ARSKPNMB6NOI,0.1264
A2ARTM82FHYF82,0.154
A2AS90DPWN2LMY,0.0162
A2ASAFOEQ9ORGY,0.2576
A2ASCP67NRAUJ5,0.0998
A2ASFQDIEBK6DP,0.4682
A2ASNCPAZWNTF0,0.1203
A2ASZQRCF9VA5A,0.094
A2AT1JVXDCNXQ9,0.0543
A2AT1VB213NFEZ,0.3722
A2ATV5Z6K00RQ0,0.2441
A2AU2OVD6VT49Z,0.068
A2AU4EKNI8NLWT,0.0852
A2AUIYDQ5DOX6H,0.1443
A2AUJKRW4BX6NP,0.0515
A2AV13FWX8OCQT,0.1388
A2AV81E5SIEIQ2,0.2481
A2AVGSWVV7FDRQ,0.248
A2AVKGSNUB5ES5,0.2083
A2AVQKTJCOA7DX,0.1057
A2AVTAD5M3LQI0,0.1015
A2AVU6O4L6R32W,0.1899
A2AVY1038B8KT2,0.0233
A2AW0SSI0MQ40J,0.2178
A2AX8RFI7M3JGP,0.1292
A2AX9GI68YW8AL,0.1787
A2AXDPIHW22AOE,0.0679
A2AXPXVA8YBI55,0.0378
A2AXQJDHWSJKCD,0.0736
A2AXWQVA5V9GPJ,0.4876
A2AY0K8YR6MZHG,0.2172
A2AYS6DJU73UP2,0.3362
A2AZ16HOB7IE49,0.0886
A2AZ2KEZTKODTQ,0.0663
A2AZ744ZH35WLO,0.1971
A2AZ7F4XJADSAL,0.0852
A2AZI3NU5HGWRL,0.0183
A2AZIQJGBLU7WN,0.5216
A2AZK4US9ZK5VH,0.0381
A2AZUPSFWSBA3,0.1467
A2AZUT2TT2R9KX,0.044
A2B0SFSYA5098D,0.0629
A2B1C21U9FVP59,0.181
A2B1D8NOWQ6LVU,0.0292
A2B1OJ22IYM3NR,0.0703
A2B1QU9EKEEUZ8,0.072
A2B1UZREZPO2EJ,0.1726
A2B2CR2H9FDCOX,0.0805
A2B2EK1UXJ9PJ1,0.0582
A2B2GQQHC6FLII,0.1539
A2B2SMSDQL4QQI,0.1167
A2B2TVVNS6NII1,0.0741
A2B38WJFTN6MRB,0.1566
A2B3B8ALWKSLKR,0.1488
A2B3G7YAO27QOS,0.0472
A2B3GDXI482U2T,0.0548
A2B3H7RQ3MTFGX,0.0946
A2B420CB0KROU1,0.0374
A2B427WBK10VH9,0.0415
A2B4ZODG2GZLIN,0.2256
A2B54000WDS6D2,0.2379
A2B5DJ0IVKTBIW,0.1843
A2B5USYMX4YTUM,0.0737
A2B64OK9YBEQGP,0.0193
A2B7232N5XAOGO,0.0595
A2B8GXSCB1R05T,0.5005
A2B8KX017QWWQM,0.1469
A2B8OUWIMS9I50,0.0082
A2B8WBRBVRFULZ,0.1313
A2B91B2KLDU9UW,0.039
A2B9AGEXWE8L50,0.3747
A2B9AYXPRI38IV,0.1304
A2B9OCYV48AMKC,0.2665
A2BA2TH39PLLTQ,0.1824
A2BABVYTG7S2LS,0.0595
A2BAHBYCJK7JPA,0.2317
A2BAMSA51YSE0U,0.3441
A2BARWBCUPAVAH,0.0201
A2BBBID6B14U9H,0.0321
A2BBZEFTMJ61N9,0.1388
A2BBZGVLEGIAVN,0.0708
A2BC0S3D755011,0.158
A2BC636KMD01UF,0.1634
A2BCE305MUUP8R,0.2616
A2BCH9YBQWYF1V,0.135
A2BCNCXJYDWP8K,0.0925
A2BCV9V0BLJ7RI,0.3364
A2BDERU31EP4RP,0.5007
A2BDV9ZJ2LBH6Y,0.0924
A2BEF5AHXWEEC1,0.1909
A2BENTCRKZ8UA9,0.1913
A2BERMRXE7Y293,0.2834
A2BES4CAPLGTQZ,0.0862
A2BEX80MCLW425,0.0231
A2BFH1VK6JTYNV,0.234
A2BG1N1J4R84GM,0.0722
A2BG2IXO32MWXP,0.5496
A2BGDI7RRK6YJ5,0.544
A2BGEG4Y6W9MHB,0.0764
A2BGIDLFOT84JU,0.182
A2BGMWY2YME09U,0.0913
A2BGO838YJ2YO,0.1223
A2BGOSSTU99NKK,0.1137
A2BH04B9G9LOYA,0.2615
A2BH9DHKBIBDX3,0.3036
A2BH9FCEESTK63,0.0142
A2BHAEL2Q4HR4A,0.2035
A2BHAOAGLNFBBZ,0.0574
A2BHITA5YYWFM6,0.0457
A2BHK8AH22A6FP,0.0404
A2BHND8DKPSHTH,0.136
A2BHNIWHUFKE9D,0.0339
A2BHV2JH2L376C,0.0156
A2BJ3EU0MRTYRT,0.2255
A2BJ5GTHXK2NRT,0.1747
A2BJ9I0BQ1LH5S,0.5925
A2BJK4J9ZI3FLY,0.2754
A2BK8AJS9ASZPL,0.068
A2BKYX16TSC3V5,0.3532
A2BL1ZST2W1C1L,0.1784
A2BLGQ2SCSKCCY,0.077
A2BLIVYF03O1DF,0.2101
A2BMEAPBBH3TXH,0.1318
A2BMJZV0TB213D,0.1331
A2BMMAG1FO41VK,0.0771
A2BMNAW7CF2RB1,0.0865
A2BMRNUX6W4WQK,0.0629
A2BMUKKNIWOOD,0.1188
A2BMXZC6QHRM2L,0.0716
A2BN5QKVZEI7Y3,0.0916
A2BN9DIBP9A0XG,0.328
A2BNKKY4MNVJI9,0.0224
A2BNWAUU4ZS3JF,0.1549
A2BNXPL75IE8TR,0.1975
A2BO13HXMG3J0I,0.3921
A2BO5VNC8C319B,0.4561
A2BO6PLD34SH65,0.2084
A2BODKOL9YT475,0.0737
A2BOQ0A4GC9V41,0.2419
A2BOUB0UM5EJK,0.0551
A2BP7QSZORLM64,0.1755
A2BPNL9FYEYMBW,0.1639
A2BPUF31U5KBBZ,0.2403
A2BPVPHCDERJP1,0.0299
A2BQ43D7E58FWB,0.1461
A2BQ9WCDW3JF1,0.3005
A2BQCZ3ZAX05K5,0.0312
A2BQPOJU599ANI,0.1749
A2BQTNBWIRZ5ES,0.0188
A2BR0LJ24WU79M,0.0887
A2BR1O2N9ZTJKY,0.1437
A2BR6DAI0Q3GNW,0.091
A2BSCP6IOIUQ33,0.087
A2BSNVWUCO9MBU,0.1996
A2BSYDI6DC3EZM,0.1172
A2BTW0ILQAD1SM,0.1167
A2BTXUU7FROCD8,0.0727
A2BU4VOM170W1Y,0.0642
A2BUN9S55ZYMHM,0.099
A2BUXQ05X8GB58,0.1188
A2BV174WH9DTAN,0.2366
A2BV8E2VPVORN3,0.0455
A2BVO9EUDNV3JD,0.2586
A2BVT5QJSEEQI8,0.1802
A2BW2AE4FVJ0SL,0.1298
A2BW52IWO65S1F,0.064
A2BW98LHL7RKG3,0.2673
A2BWCXXC4TW8Y,0.2279
A2BWKOU10YHJNL,0.0623
A2BX0E26599UPQ,0.0414
A2BX8DDQGCCG2J,0.6017
A2BXG6W3BBNJAL,0.1024
A2BXOMMBRCQKSX,0.0758
A2BYAF78D4IUBH,0.0706
A2BYDGGUBHSZ96,0.2896
A2BYI7ZDBNL609,0.0199
A2BYPQKJWFA05,0.1513
A2BYYAC37POD57,0.2368
A2BZ7MYTSNYMEW,0.2147
A2BZ9AJLB77AM,0.069
A2BZJFWHYPSBHX,0.0399
A2BZKDJYDLXXYH,0.3884
A2BZMMDUDSXEQD,0.0956
A2C0LEF72UCMQU,0.1495
A2C1G0L954QFCH,0.2632
A2C1GBKFORV3M6,0.2991
A2C1KT41VPR4JP,0.5475
A2C1VXIA3PH3RW,0.2602
A2C1XRZGFO8WK9,0.1992
A2C1ZV6ESXKYIL,0.1707
A2C247NHT2WZIZ,0.1564
A2C27IQUH9N1Z,0.1325
A2C2AWPJUPSGI1,0.0127
A2C2JOO6DYRMYL,0.078
A2C2WVPRY4H9XY,0.2149
A2C33LSTCOU5IQ,0.0861
A2C34XK49VK1IW,0.0253
A2C352EB1Z0PZK,0.2333
A2C3BHTU1PEPLF,0.1492
A2C3DJR0ODHIF1,0.0919
A2C42R3XN8GSPZ,0.1264
A2C4FZCY8A6W6M,0.1659
A2C4O93BXM5ROE,0.1744
A2C50KBBXJ9PS5,0.5251
A2C56KCZM1VEUA,0.1398
A2C5LCVTHITXFY,0.221
A2C5R40FBW3W2F,0.026
A2C61BXPVZC9CS,0.0667
A2C6DOEV3JWJO4,0.6119
A2C6FXL8ITTMDQ,0.5693
A2C6ISLU0E5K2B,0.1545
A2C6LWCQ10DZ79,0.0636
A2C71LXGUYE972,0.109
A2C7WNWBTF2J1A,0.0403
A2C8CYAXD5VG3P,0.0489
A2C8IUK1PFWPHK,0.2731
A2C8OOP3HT8IGW,0.5663
A2C8WLHQU2L2RJ,0.124
A2C94C8WHKXQH5,0.22
A2C9ZOF0R2JQTO,0.2578
A2CA0FM9SF5VQY,0.0958
A2CA374K5ZZWI7,0.0219
A2CAAZ4SK0SDLQ,0.0927
A2CAV4ZI44POBY,0.0987
A2CBA6D0IIEDNK,0.5325
A2CBAZ9DDPNFME,0.0217
A2CBIY2WT8XCRC,0.1455
A2CBOTHF2PZW9M,0.5369
A2CBYGMX1S6KS6,0.0165
A2CC2CRU24E44X,0.1492
A2CC8MLBSTMKPB,0.0689
A2CCIJ3SM5W136,0.0293
A2CCLNVLC5AV28,0.1979
A2CCNE77SUTEEL,0.1297
A2CCR94U15ZG90,0.1867
A2CDVJ11UOJO6,0.0144
A2CDXJXED5IM45,0.1443
A2CE5IEN54MZFD,0.1347
A2CE7EN4TBTG38,0.0292
A2CEU41NXZ1XGQ,0.0619
A2CF6Z5T5AF6NC,0.1259
A2CFCASXVT8OIT,0.1943
A2CFDI9XX8TPL1,0.0334
A2CG191FKPTJUI,0.0936
A2CG457OVZ0LTV,0.197
A2CGKHHEXOQRD5,0.2498
A2CGORRQGDEL37,0.0455
A2CH2HX82W1KYM,0.4209
A2CH4QDGD6I9KL,0.129
A2CHQ0T21JIZ10,0.1045
A2CHU365MSG0CM,0.0157
A2CI4FAG7AVRVA,0.3292
A2CIIWF8PURU9J,0.1663
A2CIV3WRLZKR3F,0.0798
A2CJ6BOXPMVDZ9,0.1962
A2CJI4MLMO93U,0.1447
A2CJO12IHT54XU,0.0811
A2CJVLER896Q7L,0.1088
A2CKNUPARHT6UU,0.1503
A2CKQA93KUJUH2,0.1551
A2CKR7APRGHUIA,0.3481
A2CKVHP0NZIZEC,0.1833
A2CKYJ00TRTR65,0.4542
A2CL49ZLRKPTMV,0.1874
A2CL818RN52NWN,0.1602
A2CL8Q9M8JM43S,0.0897
A2CLBKNPB1EK0V,0.2296
A2CLDB6BSGRGOQ,0.0503
A2CM5XYT5Q2MP8,0.3706
A2CMCBJSMY0952,0.0909
A2CMDEP1IU7PKE,0.3735
A2CMKRNNI0VIYL,0.1893
A2CMY82W0L2TXH,0.0155
A2CNGARED6OWWU,0.5829
A2CNGDV4ATHD6M,0.1033
A2CNK3GG9IOCWK,0.0118
A2CNO6NW5PJCP4,0.0549
A2CNXS86JY4JV4,0.6027
A2CO0BEL3PM0PY,0.102
A2CO5XM26UPU43,0.1075
A2COR5FWM8EDGS,0.1309
A2CP02KSIYJI3N,0.0296
A2CPCTZ42ZFW8A,0.085
A2CPFXG9FW9DK8,0.0234
A2CPTH3C7XTHPM,0.526
A2CQ3C1AWFVCE2,0.1076
A2CQET6JR59YEY,0.2216
A2CQOUULV6DXTV,0.1259
A2CQUM5WXA9KNZ,0.3623
A2CQXKOR2VOJWT,0.1304
A2CR7ZHVPZQYMQ,0.4299
A2CRDVC0D4J28K,0.2287
A2CRIC1BKMLACP,0.0082
A2CRMNPT0RTH8V,0.1075
A2CRUZQT2OUT0E,0.075
A2CRZP89XOHVKK,0.6692
A2CSABERN3W32Q,0.087
A2CSE0O1AJWUU5,0.104
A2CSPO06UVET3E,0.0974
A2CSRY34KF9J78,0.2305
A2CSUA388LZ26O,0.3283
A2CSW8AYCB0I42,0.2668
A2CSWARA04BS2Y,0.2014
A2CTWMNE7GDZT7,0.0457
A2CUD0JVKVKDL1,0.2532
A2CUK6HYUTZRPJ,0.2308
A2CUWCJHUPGL9W,0.1608
A2CUX3MNG98V1E,0.1811
A2CUZZ2TBBSJ7H,0.2803
A2CV2CH3J9GKAL,0.3934
A2CV33795L4KHH,0.3118
A2CVBE1M726GEF,0.0327
A2CVGAHIPK8HJT,0.4146
A2CVGYQF8HF1OU,0.0658
A2CVP9D0VV02WT,0.1783
A2CVPRPZW9SJFI,0.1053
A2CVUK13N5Q51Z,0.2412
A2CW4MBY9MVC08,0.0701
A2CW6HY2ENGG3L,0.5945
A2CW9GKMNFAU6R,0.1046
A2CWHWWI2A6PE5,0.0916
A2CWKZ1UDLTFU9,0.1645
A2CXZZEJ4QMGZC,0.0295
A2CY0QCZOY787L,0.1538
A2CY3Y1M3FE8QC,0.162
A2CZ8BMPY39IU4,0.2379
A2CZDT27T36DBB,0.4639
A2CZE6Z1ONVD60,0.1199
A2CZPKV10FVJI2,0.0294
A2CZPM110DW516,0.3994
A2D07O23BC35F9,0.1388
A2D0AZNIM2K3YZ,0.0859
A2D0BLIQ7K76HG,0.1561
A2D0CO1OA6DSWY,0.4467
A2D0F87RY5YMHN,0.1883
A2D0PY6HIGTYIT,0.6001
A2D11ZNRSDE5FZ,0.2404
A2D1EMS4E6Y0NV,0.0906
A2D1TP9JF02Q45,0.1108
A2D1ZUE57A8F25,0.0299
A2D29NKMU0ETZ2,0.0699
A2D2AORHOMU0CV,0.0691
A2D2CZEHI7KO76,0.0978
A2D2D2BDLCOIB,0.1505
A2D2ITBLLQFELF,0.0913
A2D2QXESLDNHG9,0.08
A2D2VE1GPKT8YR,0.5715
A2D2YF5XS1G8V3,0.2593
A2D36GBD5IHB2K,0.1135
A2D37IFS1LHTR3,0.0189
A2D37S73MP28G7,0.0331
A2D4FQHV506EPB,0.1117
A2D4S2M8JT2OS5,0.0643
A2D4U992GODEPP,0.0786
A2D4ZVYL5G38N1,0.3973
A2D56VG7P20QQJ,0.489
A2D5IQLB312CBW,0.1742
A2D5MI6CIJAYF6,0.0981
A2D5UXEDE85E5Y,0.0912
A2D61PGNZXL5R2,0.0789
A2D6AOPEWR5Q31,0.0961
A2D6KCMQRX0FTY,0.3275
A2D78B1GH41RRA,0.019
A2D7IHQGEBIDNG,0.1956
A2D7IS8H534D20,0.0498
A2D7NCEHAF50E1,0.2434
A2D87C4DVHLQLK,0.1462
A2D8NTRU97B7F5,0.0783
A2D8OM8XL872DO,0.0934
A2D8Q09LVWM9B6,0.0082
A2D8T8HTOHCR2I,0.541
A2D90XLS3UB6H9,0.3765
A2D91URRGY9ITT,0.0746
A2D924MRQ55QA1,0.3817
A2D9G0F9MAX2OE,0.3999
A2D9P8DLLQAPNQ,0.3692
A2DBAMGJZYH6NI,0.0343
A2DBCAIF97EDRQ,0.0523
A2DBIFTY6CYIBM,0.1329
A2DBJ42XY5OJGA,0.1584
A2DBON8DIR24MU,0.1309
A2DBZJX6JXU9QD,0.1157
A2DC1RCOFNTYIT,0.0987
A2DC7Q6SRNW08T,0.4991
A2DCE0ENI3RZ29,0.3847
A2DCKA5SS68AX0,0.0047
A2DCQA2EYOYZZ3,0.2546
A2DCS0VQMMHP8X,0.2137
A2DD27JIG94A1Z,0.0625
A2DD4OZ9MIM980,0.3713
A2DDCCZCX3XGXJ,0.2798
A2DDD3CWRCSI2E,0.128
A2DDJG9XF9LFFD,0.3277
A2DDTHUPCXB6Y,0.6412
A2DDVALP7ZILTJ,0.0973
A2DEFQ9ZR8ZVPH,0.2207
A2DEXBQ9X3YQWR,0.1196
A2DF3HMOROM045,0.0741
A2DF4YYGG9QCCV,0.0636
A2DF5LM0ED7RN2,0.062
A2DFI9XJYA31AE,0.2569
A2DFM26VLNVYNY,0.131
A2DFSJZC9TSHPV,0.5233
A2DGJOP4PASFZQ,0.2457
A2DGK3VPJXWT22,0.3907
A2DGP7L5CWBWTS,0.1627
A2DH5ZCMQSNZ03,0.1561
A2DHG6FAXBD5GN,0.1013
A2DHHSW7LJYE54,0.1465
A2DHHUN5URIODB,0.5844
A2DIZRC71BBUXZ,0.0179
A2DJ6C1JLY83W5,0.0325
A2DJJ0QOB6QCEU,0.6448
A2DJJ8TJYOWVFS,0.0912
A2DJKLXQLWR440,0.2039
A2DJO68QCG5CLV,0.0555
A2DKON9HPCYRHC,0.1793
A2DKPB5N1CZU6G,0.1239
A2DKUKHFSBCKCW,0.181
A2DKVF1SS3YAHK,0.1471
A2DKVFYCQAICA0,0.075
A2DL5INDOGLY2O,0.1084
A2DLDLDTV3951N,0.3264
A2DLJX2VEEXZAJ,0.1092
A2DM5WQR8I31SZ,0.0437
A2DMOTZH0LN44F,0.3152
A2DN13HKY0A58L,0.0653
A2DN7RUNX06BZ1,0.1868
A2DNDLS28ZW7DC,0.0269
A2DNHSWYF6H5JY,0.2825
A2DNID0AN8FPUO,0.0937
A2DNQI5N0GIEP2,0.2088
A2DNY7AKEZDAB8,0.0422
A2DOLYDQW5IADY,0.1539
A2DOSF40F29ZOG,0.0307
A2DPM2ZREJN1UJ,0.4066
A2DPRU8CY3A4KZ,0.161
A2DPU5N59IFLJ4,0.1216
A2DQ1S9H67YO3F,0.135
A2DQ2U5BYIXNUJ,0.1399
A2DQE5VRXUBMA2,0.5826
A2DQI48Q6WGS35,0.0925
A2DQNUAKCHXLPD,0.0286
A2DQP0DIRKA0C0,0.0759
A2DQPXDKVJXBOZ,0.0593
A2DQQUEPK53ORW,0.1326
A2DQZRZZH1SR5X,0.1001
A2DRUZAE2DULY0,0.0457
A2DRXU8E9ISH86,0.1864
A2DS2LVYY0RF5I,0.0692
A2DS96FWJPBYEU,0.2298
A2DSB3556MW53N,0.2871
A2DSH2Z38Q5WD4,0.0761
A2DSO1VDL1MM8P,0.0859
A2DSSWX5APCF2L,0.122
A2DSYH5G2QKDP1,0.0512
A2DSZF3OWPPJC3,0.2665
A2DT4LXC3A0PE8,0.1144
A2DTL14ZMP26AD,0.0926
A2DTLM6P1FWETL,0.1874
A2DTRR9SEAT878,0.1634
A2DTXMVW1EQEW2,0.1573
A2DUF7NJXDD0O,0.1395
A2DUMM8X66FUEO,0.2494
A2DURJRPTPKUZS,0.144
A2DV0BXASW4P5A,0.1451
A2DVAT6T0JYEQZ,0.0299
A2DVIY648U293E,0.1267
A2DWTMP6T2PEHP,0.1095
A2DXKX1D9FJDNV,0.0902
A2DYCPVP2OAMV2,0.1044
A2DYIX3UCF74L4,0.2781
A2DYMDOAJURO5F,0.7687
A2DZ19N08ERGMS,0.0598
A2DZ6ZZBVW857S,0.0657
A2DZBE6BSNLCNW,0.0897
A2DZE219Q98EB2,0.2322
A2DZI543UHXMZ,0.0187
A2DZJ0QYJQTNAJ,0.0693
A2DZKFLUL3U5PQ,0.171
A2E0CIUQFDAFG6,0.1445
A2E0GCFAWC16WZ,0.0254
A2E0ULZEP3AUOG,0.1204
A2E0ZAS9CUSZR0,0.1011
A2E14J26DQZOAA,0.0713
A2E17KF3CAXGSP,0.1636
A2E1EFNIZL2FVA,0.7798
A2E1JDQSA9ZM9D,0.1074
A2E1KRH6AIXVH,0.1382
A2E1TI3CZUC4PU,0.1662
A2E240DVV4GDJ3,0.174
A2E25BAKYHN8P9,0.2203
A2E276RT57KTRG,0.0105
A2E2AWPNNYL0FS,0.1398
A2E2HGSF06GBO4,0.029
A2E2O0JHU7KDOX,0.0666
A2E30AV53XVK1D,0.4179
A2E3BO2U4Y7N4L,0.077
A2E3CZ7L8QJ02D,0.0241
A2E3NAL9ECE7VS,0.1489
A2E3Q8U8364F5P,0.036
A2E3X55WJCNDEY,0.0769
A2E3ZKRDYRASCA,0.144
A2E42K3YPXNGC6,0.0647
A2E47255AKQCEH,0.0955
A2E4Z216B8LFLZ,0.4459
A2E50O4GW1E8GR,0.0066
A2E52DFWFG4RB4,0.093
A2E5O8AERZV6UP,0.1442
A2E5T8LQ4XZ1LV,0.1994
A2E6BX287O0VW,0.2045
A2E6XES91O86EW,0.0575
A2E7FCYIPTT4DF,0.166
A2E7GVWJU80BHK,0.124
A2E7OT9UAE8CLO,0.0694
A2E7W2XGXMG6RU,0.0587
A2E8FKPFV98B8T,0.6213
A2E8M13C6BWPCQ,0.5778
A2E8WJ6LO7O4ZM,0.4494
A2E8XBJC7ZJ70T,0.1746
A2E95ZZNAQ24GS,0.3584
A2E9AVD9YJQZR8,0.0147
A2E9BKLBKR2ORS,0.0366
A2E9TM9LMEU6L1,0.0985
A2E9VI6KEX2YF1,0.0897
A2EAH0LXVBWEME,0.0782
A2EAH2MHH012SJ,0.1378
A2EAL64PNHVB5E,0.5569
A2EAPHDHNS3ONC,0.0102
A2EARYEYVMMNZZ,0.0679
A2EAX3QSDP8PKU,0.019
A2EB0RM39B711B,0.2243
A2EB26JY3IC0WA,0.363
A2EB3SIQIKBM78,0.1987
A2EB5VNTY8XMID,0.0391
A2EBE4155038HG,0.0636
A2EBTJR7VL9GS,0.1166
A2EC5WQMUBFF3,0.0972
A2ECLEVAXGZQT7,0.6377
A2ECLEVCOXIXZ4,0.2641
A2ECYVU5YQBIXX,0.0406
A2ED4B0VYYQ849,0.0791
A2EDG2TX1LH702,0.0861
A2EDHJ1CHBPWZ6,0.079
A2EDJL8CB3D02L,0.1726
A2EDK3RC645FSV,0.1681
A2EDS2YOGL1541,0.5677
A2EDTVVR9IFNLW,0.5735
A2EDU7RYO6S8KQ,0.1659
A2EDWI5EGP4V9N,0.2294
A2EE0QU19W543S,0.1791
A2EEG8X6D6078S,0.1233
A2EFFHU7UMTTIP,0.0693
A2EFGPAT884USG,0.0165
A2EFQ5VBNODY30,0.3317
A2EG302Y1DJHXU,0.2279
A2EH9PUFVZGI52,0.0913
A2EHUPI8C1LOYI,0.0982
A2EIMJMWXSK5XC,0.4499
A2EINLDKD977BR,0.0703
A2EJ7NFODZPQNW,0.5823
A2EJW0EMH7LVHG,0.189
A2EK1PHU35T2V1,0.0478
A2EK6NJFMONJ5K,0.1238
A2EKH4C5MY0G1B,0.1895
A2EKKSMG2MON7G,0.1783
A2EKMDG516WSH0,0.1091
A2EKPIN655LOW8,0.1054
A2EKQID501FY4U,0.1797
A2EKSOLTKBGWTK,0.245
A2ELBR8G4NOWYP,0.0594
A2ELJT2ETGU2X9,0.1769
A2ELODQ11JPPGW,0.0916
A2ELXAZ8EM4N0N,0.0085
A2EM2HUBXHDWSL,0.1134
A2EME6YC6FR7GD,0.2449
A2EMEY387LFM0Z,0.0139
A2EMKC5VI5MZXB,0.0888
A2EMLEYYYN17SD,0.2239
A2EMMZXMDDV5TH,0.1535
A2EN0EP5VP35BY,0.0263
A2EN1183WM2MJK,0.152
A2ENKCGVPDRBOO,0.2706
A2ENLKDK0C2X6T,0.1041
A2ENPQM2SNDEV,0.0173
A2ENZ4FESUXXMT,0.1741
A2EO0UWN2RGY1W,0.1107
A2EODHQXCCWMDH,0.1843
A2EPEXSEUA32TK,0.0158
A2EPHKB79G8XAL,0.113
A2EPM7073A014T,0.0375
A2EPSSNK2AZ57O,0.1339
A2EPWWX0HUNQNX,0.1109
A2EQ0ENXTRF24D,0.1504
A2EQ8GHKXEF141,0.2375
A2ERFGMJH41TRE,0.5629
A2EROLHNRQ09CY,0.1588
A2ERVAJP1QQ8BI,0.0417
A2ES185YQOZDCW,0.0085
A2ESGTC8OVQCCA,0.0609
A2ESLC1U16C00S,0.0167
A2ESLMQEZLYD1D,0.0388
A2ESPRDOTL01O7,0.4646
A2ESRN0PM7PE7E,0.1749
A2ETCT19Z81YUF,0.0974
A2ETFNZR7O61DB,0.2917
A2EU2DD8LJT35E,0.0952
A2EU3Z7YROXB0A,0.1644
A2EUEYAX5L2STA,0.1719
A2EV399NUQW9AJ,0.4012
A2EVA4NZDQ7RUU,0.0397
A2EVIR0W3WZAQI,0.1388
A2EVPSE98E0XF7,0.3891
A2EVQTMET8J7QZ,0.3893
A2EW0LJBF5514B,0.1377
A2EWRE6S51SPJI,0.116
A2EXG126HPF14S,0.0479
A2EYO7D7R8SNNC,0.4346
A2EZAQ2F8N8DAN,0.0858
A2EZH1R5MQSS8Q,0.062
A2EZIBB8WCEWZO,0.0496
A2EZJUC9NPLJFE,0.1938
A2EZK6SF694OT4,0.1285
A2F02AM051WF7I,0.0372
A2F050JSV0QJB0,0.3815
A2F0KIA4NMIZHQ,0.0632
A2F0MX3FT66GL1,0.6
A2F0POG1KOAP5J,0.2714
A2F0SPVBIWY9SL,0.1121
A2F1WZ7S7CA4UQ,0.1159
A2F25UERHUS5RV,0.2127
A2F26RQJQXRLP8,0.1116
A2F2BVY8DQKEPM,0.4413
A2F2U4O1U6MN9J,0.1017
A2F3CK8F9VIFPL,0.299
A2F3L43I26LFE0,0.038
A2F3NG6RUGZ5K2,0.5284
A2F3WMDZO8OW80,0.0333
A2F3YDC2PKGA52,0.1175
A2F4A55ENQBQ6U,0.145
A2F4RPMM0W2MY7,0.0113
A2F4XBBGUXM19V,0.156
A2F5M9UR2W4JRD,0.1332
A2F6AMFIC7OR2G,0.0696
A2F6CA75VJUCPZ,0.2275
A2F6R85B0XX1CW,0.274
A2F7M6UCTAI4TM,0.0328
A2F7ZZ2OBVMCIK,0.0117
A2F86AC7ID6QQR,0.5732
A2F8L2AZ7HT3G7,0.0658
A2F93QMTF8CC50,0.0898
A2F950N2GRC74E,0.0701
A2F9SCX6EPTYVA,0.0254
A2FA1BX5YJLRXT,0.1759
A2FA749WEY82I3,0.3002
A2FARGJ27YB6HB,0.066
A2FB2HRCHCCA6T,0.2474
A2FBBDB3RZ8SBX,0.1763
A2FBFB9G5IIR9,0.5735
A2FBN7PSS38ZDG,0.023
A2FC08T2K3JT2C,0.0332
A2FC7UNC6SOEBP,0.0442
A2FCC02APD925X,0.1362
A2FCIK8VD2JZ12,0.0868
A2FCMY72XEWMXN,0.1801
A2FCTCWVZ6PPX5,0.1076
A2FD3BKI7STWQ7,0.0531
A2FDW0X0TAEYYF,0.0598
A2FEFZJA3IYX4H,0.0694
A2FENN2XJ14IS0,0.0697
A2FEUSZVIVVYOR,0.1117
A2FF9JSQHEGSZX,0.0887
A2FFFT7SK6VOOY,0.0233
A2FFS7ZFUDUYO2,0.0205
A2FFVRBRGG12O3,0.1107
A2FFVTYZOKJ2SJ,0.592
A2FG061KDA1ARB,0.3619
A2FG2Q6I7855KZ,0.0811
A2FGIRK43VWN8V,0.2293
A2FGKCGJG82CHB,0.0427
A2FHK4PZ6YZQ44,0.1392
A2FHM6DSCFOABL,0.0925
A2FHQR1KU3M27N,0.3518
A2FHVOH600G7A0,0.0686
A2FI3GF4Z7QNO,0.0861
A2FI78JWTKM6IB,0.0177
A2FIFENCW2ULY4,0.1356
A2FIFJ7NXALJGE,0.615
A2FII3I2MBMUIA,0.1592
A2FIWNRMIJ5IK5,0.2219
A2FJ27L11NH6P1,0.1721
A2FJ5NWS5LQ9LN,0.1844
A2FJCSWEV5JNED,0.3283
A2FJCZPI1TWDRH,0.103
A2FJHPHGEKN986,0.6372
A2FJK1ISRDJEDI,0.0658
A2FJNPQ3KK54BM,0.119
A2FJTIRAFPC0U2,0.0211
A2FK4PB4BLODZR,0.2026
A2FKAA9O3ZRT3N,0.0368
A2FKGO9OW1L5QR,0.1885
A2FKP2M7N0S3T4,0.001
A2FKXKW2Z6DUT,0.3926
A2FKY5R4NSHJ93,0.1314
A2FL0CGXE34Z5N,0.2149
A2FL10RHRZ7R0O,0.088
A2FLJCJ3SW0TUY,0.1079
A2FLNQJM3QOCEC,0.1662
A2FMK0SLCHHCW3,0.151
A2FMNEDMYZMXMM,0.0686
A2FN97XZ8IM2BL,0.2272
A2FNFORPTJLGFI,0.0439
A2FNKELQ4881X0,0.0916
A2FNUCWYTXE76R,0.2389
A2FO0GGZMSOOIN,0.1369
A2FO3WE9MBLDY2,0.6258
A2FOH79856YKZS,0.0823
A2FOKHWBXETTPO,0.093
A2FOS8JNPITAMC,0.0279
A2FOV46VEMF9VW,0.2743
A2FOXKIKSKA6W,0.1853
A2FPIBH6WLVBZH,0.1968
A2FPRECIF03DMU,0.2973
A2FPZRKXQ1JUG9,0.0888
A2FQ0WNW94Q2RY,0.1029
A2FQIO7O1R9DGG,0.229
A2FQL3421LQWAY,0.373
A2FQN4BBQBA6A6,0.288
A2FR4QKMSU2Q3B,0.2158
A2FRK3ITDOS9N8,0.1696
A2FSB1E88C7R5C,0.3702
A2FSHMUOIGIDBN,0.0957
A2FSHWQOHC680N,0.1061
A2FSJTL7U70RDU,0.0683
A2FSMTZOX2FTGT,0.0945
A2FT0Z2B4YXEG6,0.0215
A2FT3NUSKCNLZU,0.12
A2FTCDXRCN4YE2,0.0442
A2FU1GTCRPMYB0,0.1785
A2FU6HP81I7FCX,0.1092
A2FUGAK9JYAJ0V,0.0738
A2FVD1560DPL68,0.1951
A2FW7TH5MP6GQA,0.2043
A2FWXZ1JATXRH7,0.547
A2FX5GF335I1DE,0.1373
A2FXLGDTA044KJ,0.2217
A2FXX9VTD10J6C,0.0674
A2FXY47IREHXHC,0.0361
A2FY4H0NI517WE,0.1084
A2FYIB8I55KZEL,0.3417
A2FZ9AQG6ZENRG,0.0318
A2FZN7SO2EK3XX,0.05
A2FZOYLZG6DD7P,0.186
A2FZPWZRDLGTRS,0.2123
A2FZU1BA13HLN0,0.4558
A2G0IXGK2CAU25,0.0548
A2G0YDQWFVJVS0,0.1663
A2G1GZ9JYQ372,0.252
A2G1RV7AU440FJ,0.0648
A2G1W97LWVFM6U,0.2479
A2G238PIUUG1XD,0.3983
A2G2QNKDL1Y6AC,0.2014
A2G32KJR18QZ1I,0.1753
A2G3CQKHDBOIOX,0.2003
A2G3DITF3CHSEF,0.2268
A2G3K9J80PUOUZ,0.0496
A2G44NES0MQOAC,0.1925
A2G466N769EF8A,0.0129
A2G49KWLPJ1IW3,0.3276
A2G4DVTAFH9X6E,0.0733
A2G548RFY03L2D,0.1149
A2G5ZTMSRJLAXL,0.1568
A2G6M1GDCHZE7U,0.1902
A2G75S57TJXXG7,0.1785
A2G7ISWZHL2UPY,0.1595
A2G8K3GDE6R2Z5,0.0651
A2G90W3HOO1V91,0.2645
A2G96JB8MRU43B,0.1648
A2G9HJ1BZ0792R,0.3674
A2G9S6VVEH7S2Q,0.1986
A2G9ZHVA6IOGBY,0.5617
A2GAKPXUACRPRT,0.2309
A2GAV2J0VQZLXQ,0.0562
A2GAXP5TH857W9,0.2618
A2GB8OLVW6Q1QI,0.5584
A2GC5B79QJ5S6H,0.6592
A2GCK4V1UTEQCQ,0.0789
A2GCMADMUX77O,0.2101
A2GCNEOPJERTC5,0.2255
A2GCQ9R1QIUDS2,0.1797
A2GCVTKDDOKRRX,0.3501
A2GD0Y5RBBN6LZ,0.3061
A2GDEB47V3NVKQ,0.2333
A2GDMRYIOK1SUN,0.304
A2GDOF1LQYCT8W,0.0174
A2GDQFT391MA6,0.0412
A2GEJGV36LEY6U,0.2342
A2GEZ75EH5IAIK,0.139
A2GFO28ALCKXJQ,0.3075
A2GFU0LQ7FUVN3,0.104
A2GGB5O6W6D8QN,0.2368
A2GGIAWE0U26EG,0.0048
A2GGNKPGMWI2WQ,0.0611
A2GGS3I5BY7R1A,0.0218
A2GHU6H46Z15EO,0.2077
A2GI5M8ZF15IXA,0.1393
A2GI75ATTEYAAZ,0.1626
A2GI8QZUW2VJ4F,0.0809
A2GIUHN8JU8YOK,0.2829
A2GJZE49751D17,0.2091
A2GKCU6IWROCU6,0.0682
A2GKF3Q0YG4XS5,0.2426
A2GKQ0VAVUIC73,0.045
A2GKVTL9PGDVV0,0.1573
A2GL6WUBSXI3EV,0.183
A2GL70AZ8MWXI3,0.1838
A2GL8Q4NAKK1DB,0.17
A2GLJN7RFWOZX9,0.1662
A2GLLYZ7AUEYFG,0.508
A2GM1CXK7HD5MH,0.1212
A2GMG4W6IB8MS3,0.1123
A2GMZZ6TDYOHY7,0.6443
A2GNATC9V28GJS,0.0632
A2GNK7WUTIWOXZ,0.2872
A2GNR3GUS671Q6,0.0971
A2GOQDL887BYJO,0.0332
A2GP6TUQNXC0TP,0.2077
A2GPBDXR0LJ7EC,0.0823
A2GPI30T42T05R,0.1154
A2GQ1N7URE1WDR,0.0265
A2GQOS4UW54MW4,0.0941
A2GR77INMKX9O4,0.0383
A2GRLLJC2JK9FN,0.2092
A2GRTX4SKTC6UO,0.021
A2GS03YOVGDQ1U,0.2956
A2GS6CYJ1COCLF,0.0233
A2GSR9DWLISRQ,0.132
A2GSTGJBMF5SAS,0.1204
A2GT1E39Q36F17,0.1976
A2GT7O90KSO9RE,0.16
A2GTK26DZ66N94,0.3121
A2GTLSFPXZCYOW,0.107
A2GTNC29WXCRYA,0.0194
A2GU0HP095LTOL,0.0127
A2GUTCKGNRTTZ2,0.1342
A2GV0GSTNKN6Z5,0.1597
A2GV5GI7X215XW,0.3386
A2GV7L9LPZCZXN,0.147
A2GV96XCT8BJPI,0.2435
A2GVF9A64NEWR5,0.3581
A2GVRVUBBGH5V0,0.1048
A2GW1F1LPHQOZA,0.0038
A2GWCK5EO96D7I,0.2167
A2GWDDQNDHE20V,0.3176
A2GWG2MUMFU4P7,0.1193
A2GWJHRQFAWGSP,0.0474
A2GXG1ZNBN75E3,0.0579
A2GXTINOCI3JNU,0.1436
A2GY2P8B9LGLT0,0.2953
A2GY5J4YRICRSW,0.203
A2GYA7OQHBXSI5,0.1135
A2GYD55IIQIWFB,0.0767
A2GYULZXWU1C5Z,0.1425
A2GYV0FI2GZ52C,0.6439
A2GZ0HW54F96DQ,0.0254
A2GZ6DMYRXFADP,0.2314
A2GZBRT6DBCCZY,0.1286
A2GZELKIQTTXGZ,0.0265
A2GZKGGQ6U0YL0,0.1161
A2GZR8E5M50K1Y,0.0305
A2H00CJ30YSNWM,0.0413
A2H0734J35EB5Q,0.3467
A2H0HL54GR32SK,0.0691
A2H0T0PY5IMEFX,0.7312
A2H0U8LGLEXHXV,0.0992
A2H14VYOUVKMKA,0.3339
A2H158QYO4FLPS,0.4486
A2H1K7OCGKCQMH,0.0484
A2H1T6VE1TOHCR,0.0552
A2H26VE2QC4WV,0.0308
A2H2FT8WV5X6SV,0.1321
A2H2Z1Y1KPA84U,0.005
A2H2ZC8418GP0N,0.2475
A2H3F5QEUOED39,0.129
A2H3L41QW1O6BH,0.0655
A2H40LHCZNLDWR,0.0197
A2H48TF6UI4MAL,0.2108
A2H4GMZRHB999Y,0.4764
A2H4YBXW0WRAGA,0.0412
A2H5HEOD8WF59N,0.1299
A2H5MB40X1FZJ,0.1047
A2H5NDVV3WL1HT,0.1511
A2H5VO74HPUR7S,0.0453
A2H5ZMH5TFB9GK,0.1262
A2H5ZR2HM0NXRT,0.2046
A2H69UXCJICBUV,0.2232
A2H6F2TLGS8F29,0.2281
A2H6PV0SSU9DFH,0.0841
A2H7BUVWEUF8G,0.1128
A2H7FQYJDGQP2B,0.0419
A2H7ICQGFXDI4S,0.0654
A2H7J3V44LFCLE,0.2709
A2H7KHOL5W3QQY,0.0211
A2H7W2G83KP7JK,0.2272
A2H80XRLO5LPU5,0.0928
A2H8298OJZ06U6,0.1768
A2H8BR3SPO00I,0.3179
A2H8N13YIAN5V8,0.0738
A2H8QTYB4OG1HI,0.2621
A2H8W05KTHYG8O,0.2415
A2H97L4ZA29PDQ,0.1076
A2H9DLPZY8AJNY,0.1419
A2H9LS7M0RG92K,0.0766
A2H9NDFD8V68T9,0.0071
A2H9NHC0WAE61M,0.0396
A2HADFGH442QE7,0.0659
A2HAIEVVA6EJAI,0.1149
A2HBA4X4YSTPT3,0.0843
A2HBR4J1JWNQZ5,0.1471
A2HBYI24ZNIC8L,0.153
A2HC5WKYJOYY96,0.1271
A2HCGBJESN9UA6,0.1109
A2HCJB4T29KEC3,0.1285
A2HCK72SA64XV1,0.066
A2HCKBBEXELJ3R,0.09
A2HCMW0RU59GPJ,0.0146
A2HCS79UZ5Y66B,0.0198
A2HCT0Z2HSVG77,0.0298
A2HCVRSNTCTUNU,0.155
A2HDGKZTI6VYPB,0.3736
A2HDHOQ4P1OASC,0.4717
A2HDI3FTPPQXJN,0.1174
A2HDJ3CXXETD0J,0.1277
A2HDXVFWJ7PRBE,0.101
A2HE337F3466QF,0.0399
A2HE81NLOBVGNK,0.0165
A2HEAW34EOXR83,0.6698
A2HEI4LGQEIY0O,0.2225
A2HEPQFEHWBY0S,0.0242
A2HEY1NW7A709Y,0.1379
A2HF3IPLRCSVWV,0.0537
A2HF4RY9N1ESJ1,0.1931
A2HG4AFBEP9084,0.131
A2HGAB7KU2X700,0.0705
A2HGVGBEVX1XE,0.2545
A2HH1OUH0VYYR5,0.0818
A2HH672XHIBA4W,0.0706
A2HHEONCQZR6ZA,0.1311
A2HHIGN4KHLUOF,0.2018
A2HHRE5H2U56ZH,0.061
A2HIHB3PSTLSHJ,0.4225
A2HIIO471RE4N1,0.2628
A2HINDVMGI04Q5,0.1571
A2HIPOAQ9T3KI6,0.0785
A2HITJWQ2HVEGR,0.5854
A2HIVAA6PALLY0,0.5929
A2HJUTN2EMIILZ,0.052
A2HJZ45393OX13,0.0396
A2HK9ORUXOL0RB,0.0253
A2HKIMPR8UPN18,0.0985
A2HM6DH3ZJOBTT,0.3074
A2HMIKMPCZYCJ5,0.087
A2HMPWASWACBX,0.1363
A2HNFK432FO6XB,0.1214
A2HOAC7TJ26969,0.2215
A2HOJS4E005E7T,0.0523
A2HOLM5I1ARX9J,0.0929
A2HOZ9K7JFEOER,0.079
A2HOZIW0BRGHE1,0.3434
A2HP12YWQN4ALW,0.0415
A2HPFJEJNI4LG0,0.2556
A2HQDKTIQW3L1F,0.0781
A2HQG03NZO975X,0.0883
A2HQNV53L4FOOJ,0.0233
A2HQWU6HUKIEC7,0.1143
A2HQYQIFMB16T6,0.0963
A2HR9WDG4G93UK,0.5672
A2HRAU41CPCHPE,0.0619
A2HRMGF5HFJH4V,0.1548
A2HRN7YQ5TQ5VT,0.1221
A2HRVIUB28OMJS,0.023
A2HRXKTNDTAI8M,0.0442
A2HRY9WK9T3RUX,0.1164
A2HRYDT4A0W45X,0.1982
A2HSGEZYPKW4DJ,0.0973
A2HSJDSJC57MH7,0.1645
A2HSRTNI97S051,0.0342
A2HT3E07ZSC39O,0.1531
A2HT5G3JJ10WM9,0.1024
A2HT8B667SCRN8,0.3353
A2HTEGASPEA35B,0.0154
A2HTMAYYUNMMQO,0.0688
A2HTR89968YOXA,0.3828
A2HUEA1YFJH1LZ,0.1602
A2HURZ0YX7VZMR,0.3173
A2HV73U1VS6PRC,0.0529
A2HV7COJAVH40,0.5806
A2HVF8ADBJ31GA,0.3852
A2HVWQSWC839QR,0.1557
A2HW0XHWZO3O8J,0.4399
A2HW3C963JY02G,0.1487
A2HW8E265889IZ,0.1803
A2HWCNXF7BG13C,0.0197
A2HWD2SP00BHM2,0.1185
A2HWIB3OA6T3KF,0.1289
A2HWLN72GALMJX,0.2139
A2HWX4QWE6J3VB,0.0511
A2HX5KDLIX1Q2I,0.1609
A2HXCPYDWGFP7X,0.2576
A2HXQ3DVA532KR,0.1545
A2HXVQRK8ALNA,0.1271
A2HXZPG0Z0JKN5,0.1806
A2HY19ROSIW9OL,0.154
A2HY7WUPTSAQCA,0.2049
A2HYEGYQXWXCJX,0.1524
A2HYH9MYPLTPOQ,0.0965
A2HZ0KHJ9MY7AM,0.138
A2HZD0DZXGGUPZ,0.1945
A2HZJP1IXJKJU9,0.0736
A2I07R4RMFIG0W,0.0666
A2I0HWQDL137NW,0.1563
A2I0T6EQ2G3D0K,0.0881
A2I0X163CQDBFA,0.3245
A2I13KQT343NTL,0.5684
A2I14TOX9LURQ9,0.1324
A2I173MIIXW5GN,0.165
A2I1HKX7IUAEF7,0.0802
A2I1OR6G8NZQU8,0.2469
A2I27DOGY79FAF,0.3271
A2I2MOP1YT7JVQ,0.1526
A2I2Y9S75EA6GB,0.0968
A2I2ZAJLC8JQD,0.1246
A2I2ZOS8K15JX5,0.7091
A2I3BWIY35O2SX,0.575
A2I4H8HN08EGGL,0.0341
A2I4LIDZ36OBFZ,0.112
A2I50N9YG5C9S5,0.3023
A2I59QHSC5TRCZ,0.1037
A2I5LVVQ7WXEH6,0.6858
A2I5NVT7IWQ51Z,0.0243
A2I5T8PPSIK9UQ,0.2122
A2I5ZXDA6E9QJX,0.0952
A2I6A8OSTUB1LD,0.1431
A2I6FERI4Q0YIW,0.0743
A2I6K9Z94LDA78,0.1143
A2I6O3SYDQO39E,0.3169
A2I6WHTQT57900,0.0814
A2I7955ZFHEGUB,0.1474
A2I7FNNMP8ALI4,0.5779
A2I7GAO9HAZS9V,0.4768
A2I85TDI7XF3C3,0.4337
A2I8CEEHNOXKO2,0.2253
A2I8I9O542US9B,0.3643
A2I8UBG1QIDEIJ,0.1889
A2I8XZ18IRZUA4,0.0559
A2I8Y7W4BN5XZA,0.2142
A2I923LELEHM0,0.0502
A2I9312U9XA2Y4,0.0303
A2I95GCEK5K1D7,0.1972
A2I97PZ6XMI1K6,0.0648
A2I9Q4DQS1ZSTB,0.0268
A2I9XSZSHXQ3OZ,0.2191
A2I9ZH5CM8RFRA,0.6124
A2IA5Q0TDWE81X,0.2005
A2IA76WQYDVAE8,0.196
A2IAMRTW4K0N6J,0.0227
A2IAPQIHR58KNJ,0.1209
A2IASO091X03AU,0.2205
A2IB95P4CG0Q6J,0.034
A2IBA1IN6HO7CA,0.0643
A2IBIAOWJYGC3B,0.0219
A2IC2904Q8HDPM,0.0488
A2ICKE6A3MJMM5,0.6233
A2ICT9A9NFH6X8,0.2243
A2ID57OWXOXIU2,0.1506
A2IDBXJOCZYWMY,0.0499
A2IDORN8B8YY2Y,0.1248
A2IEB5W097OBDE,0.2352
A2IEHJS1HT4FPP,0.0772
A2IEKS5Z84WVSR,0.5427
A2IETP3EOYU4UW,0.1328
A2IF43VUHB1SOY,0.0579
A2IF9ZFPVR0E15,0.1039
A2IFH6X7DHENU5,0.1965
A2IFN1FBRHOK7R,0.707
A2IFNKUAC5LOQD,0.139
A2IGC6UDL41IFW,0.0698
A2IGDGE2NT15Z4,0.0935
A2IGDO6NZFC4VM,0.1283
A2IHDSWGOJBZ2Q,0.3194
A2IHSK3Z26SOY0,0.1667
A2IHY9YHDXNPO2,0.0155
A2II4B6CJ4O47Q,0.1819
A2IJ276VBT3V7S,0.3167
A2IJ8OWXSJQV27,0.0651
A2IJQ6PX11EHI5,0.0633
A2IJSW8ZB6DKF3,0.0552
A2IJURJI9QC7UK,0.1849
A2IKA7KVW5FEAC,0.2233
A2IKIE2ULQ9BI6,0.0276
A2IL8EBLBZJUEG,0.0731
A2ILR40FV03Q98,0.1119
A2IMB6NQKPCP0E,0.295
A2IMGHMF0LO151,0.6987
A2IMHFYVZ9IHYG,0.1295
A2IN2AD238G08N,0.5648
A2IOGHTCJ3QAHU,0.2009
A2IOZLHBPFWMQ1,0.0384
A2IP926J138AOZ,0.1074
A2IPY2M0U4RU5Z,0.5688
A2IQ6DRQ2I1ZVI,0.1888
A2IQSPOJJTO5PH,0.1011
A2IQTE70LMR07L,0.2031
A2IQTGLZ3PIWAM,0.159
A2IRLNJ5LPMDGE,0.1134
A2IRXRHEIW5B2S,0.5743
A2IS2CYVKQD3DO,0.1284
A2ISD8F0VT57C0,0.1716
A2IT9RVMT0OJMF,0.0933
A2ITKQ42VPHT7,0.0031
A2ITOE0KAQG7KU,0.1812
A2ITP5TDZCBG0C,0.2657
A2ITWFZOOOR7PQ,0.0904
A2ITY7Y27A27ON,0.0457
A2IU0T2Y6L2EMY,0.4349
A2IU6J5HBGEUQ4,0.1995
A2IU90BV8AHYCZ,0.0819
A2IUKR58R88PG8,0.256
A2IV74JCKDT290,0.15
A2IV8OG0ZKO11B,0.0592
A2IVCXNV2WNOF,0.1528
A2IW0326MP3ZZZ,0.2456
A2IW3G3HYTNFYC,0.124
A2IW72T4XLU7RO,0.0366
A2IWDC2FGVR8IZ,0.3397
A2IWNWS91HAEUK,0.1469
A2IWUTIC2D8Z98,0.161
A2IX2BCH9YA2K4,0.1428
A2IX2PCXS5O2FK,0.4969
A2IXOX389FMB4T,0.2146
A2IXWCUR2M3J63,0.0616
A2IY4DLNW5FB01,0.0985
A2IYLY74JONDUY,0.1841
A2IYMS3RCGA7CG,0.47
A2IYN1DD7BRBC1,0.6448
A2IYPAYDVV6ZZV,0.0494
A2IYTXOM5CVQWF,0.218
A2IYX5W3A1N3VB,0.1538
A2IZ07IC2P4KT9,0.0989
A2IZ72037M7CCZ,0.1224
A2IZCQ05CGYINK,0.1964
A2IZGK2RIQOATU,0.2891
A2J08TRRKF0V3M,0.1324
A2J0BQQB1AQLSW,0.0951
A2J0KNW070N4LC,0.2238
A2J110L1LHD3LT,0.0295
A2J1DWBCD63Q54,0.0442
A2J1KGMMPV16VW,0.107
A2J1LVMIFVLYSP,0.256
A2J1PH0ZLSD4SM,0.0763
A2J1WRE1KQ5CS2,0.1188
A2J26NNQX6WKAU,0.1711
A2J29BB7TGCPZ2,0.0381
A2J2FSHOKZ8R2I,0.124
A2J2QJACJU0H9R,0.4333
A2J2ZZB275JUVZ,0.1891
A2J3C8J062VLVH,0.2305
A2J3FNB3NVC24,0.1409
A2J3HAHYXJ9ACB,0.0485
A2J3MR64L567OK,0.1981
A2J4E8HBRF8W5K,0.036
A2J4GBHSDLP4DF,0.1171
A2J4GTZ0EE4W6G,0.1117
A2J4IFAU9LRVOT,0.0786
A2J4KGU14JIH04,0.1192
A2J57HWX95YMCX,0.2405
A2J6204NT47JRU,0.1256
A2J6L9MFRHDQX0,0.1715
A2J6MHI3X8J7Q,0.0599
A2J6P9XUK9ID1A,0.1416
A2J6TO3IDBS6EE,0.0688
A2J6X7G22CPSOB,0.3399
A2J6Y2XJ8VDN1,0.0674
A2J740RDIZVRXK,0.2598
A2J753YWOBIOSR,0.5793
A2J7FHZFKOKGZ6,0.5746
A2J7L11I9NMTF4,0.0841
A2J7LX31PMGQMV,0.5105
A2J7SSMDPM2G3C,0.142
A2J7XVM9MBWVRM,0.0991
A2J88D19AC84MO,0.0319
A2J8C06HW4Z8GB,0.2153
A2J8IE3Q5LLB96,0.1178
A2J8NCGR14OSJG,0.0793
A2J8SD3VYCPODJ,0.1917
A2J90HTLU99AP6,0.1166
A2J95IYMDKZ7DD,0.1575
A2J9HHDCS8HP73,0.2208
A2J9IE6UTZFSS9,0.0424
A2J9K8CD17CBSG,0.045
A2J9NEE5C5D2AU,0.1822
A2JA8EMRNT3ON,0.6755
A2JANBPVCA6XAI,0.2465
A2JAYIHZDFK3XB,0.1797
A2JB8QGTB57N4Q,0.1116
A2JBGG8ZHICFPU,0.1284
A2JBSW27G9FJW8,0.1472
A2JC285XI0XT20,0.1793
A2JCC72EJ85SPI,0.2317
A2JCCDGEMNTR93,0.0489
A2JCLNK64MY821,0.0824
A2JD9NXYN9BCRJ,0.0534
A2JDJZX1ILOUNB,0.1206
A2JDLPSCCV0WPJ,0.28
A2JDMIVEABD4AZ,0.3866
A2JE071UW97J2A,0.6209
A2JEA5IDBHOT5J,0.1168
A2JEE7L8YFO2B1,0.2044
A2JEIU4GYN1KOE,0.2039
A2JEP9XNZ7GQIY,0.0917
A2JEVJKXA6AY05,0.0985
A2JFGWW4ID7OHU,0.3233
A2JFZ640M6BBMW,0.0998
A2JG84JVWIV6BU,0.0333
A2JGGBA7C8C65Q,0.366
A2JGXI2HX4H7K2,0.0277
A2JI25J6JHTJJG,0.0817
A2JIOGISSP492Z,0.1817
A2JJIBBRQ3A3IG,0.6984
A2JJLVXKHGMY7N,0.3687
A2JJM86SG94V5C,0.0326
A2JJMK095BFJRE,0.1701
A2JJO0DNB4QV0O,0.0591
A2JL4DGE9Z7YH1,0.1231
A2JLDKF0RC1FQM,0.0469
A2JLG97160BGRR,0.1091
A2JLKMCQC065Q7,0.2122
A2JLNELHJNG1VC,0.0764
A2JM12NA3D5T3H,0.473
A2JM896LIGPQNA,0.1387
A2JMCZJ4D49A3R,0.4025
A2JMO8W1348Q7P,0.0457
A2JMS15L5DP67D,0.2354
A2JNOJ7FMXNY3A,0.1894
A2JO1JUDWQ19RH,0.2028
A2JO3BYTZWP6CE,0.669
A2JO44XUN4ZVHO,0.165
A2JO8NBR9VJG6E,0.1396
A2JOIAJ45QR38E,0.0324
A2JOTTF0HLND3J,0.3024
A2JOVHS6HEEOOP,0.2635
A2JP0URFHXP6DO,0.113
A2JP6DLFCJFVZ1,0.0339
A2JP9E1H0SF392,0.8273
A2JPP7U4U0LGWF,0.0967
A2JQ6E24ZPORV5,0.0491
A2JQ8IZWUZ18TK,0.675
A2JQBUKWSKBF7Q,0.1374
A2JQD6CWD5MKK6,0.0489
A2JQKIDPCYP2E9,0.068
A2JR10TRIJXJ3R,0.4568
A2JRTXY2SKZ63Y,0.0728
A2JS2PPR6FW42E,0.2548
A2JS3Q4QBJYSNX,0.3687
A2JSU3DOC6BMXS,0.5753
A2JSV2AUDK8NBH,0.0994
A2JTRT3ZZ3Z2F1,0.1996
A2JTXO5JBIEXRW,0.1033
A2JU6PEESZLI39,0.0105
A2JUG93PXMQOI8,0.1429
A2JUO2M5VA8EGU,0.0485
A2JUXF9YXZZX2K,0.291
A2JVG81TAJH3LZ,0.0667
A2JVOO63C16ITX,0.3611
A2JW2A13TT3VXW,0.1394
A2JW65G41QDO8X,0.0623
A2JW9UXEWV0DDD,0.0663
A2JWC1I0MAPIU6,0.1711
A2JX5WDY0UQCFK,0.1613
A2JXCOUGYS5Y4J,0.2156
A2JXF308L7EE2H,0.1101
A2JYFIK0ORM4ST,0.068
A2JYLPZI8HZ8I5,0.0319
A2JYXFC45LGRM5,0.1733
A2JZBS6WFOPTMO,0.3191
A2JZECAHJV8GL4,0.219
A2K0F0QHP6J0RD,0.0737
A2K0HK2UUX8RKA,0.1346
A2K1GAKMW4UT7N,0.0917
A2K21ZQVNBVUDI,0.1604
A2K24F0XR5L2K1,0.0862
A2K2HDLL71QBQD,0.2155
A2K2Q1N5ZI4491,0.2145
A2K2VS1D5CKLFG,0.0351
A2K30WJ3P31AZ2,0.079
A2K33VWYQC9C2W,0.0226
A2K3HGXABW1JWJ,0.0667
A2K3OKH6VK6P5F,0.1136
A2K3UU6RB24VCT,0.4703
A2K41UKIROUWYC,0.1056
A2K4C10NOTVY8E,0.4768
A2K4QZUYQXKBOM,0.6013
A2K4ZBTY3F61K1,0.1491
A2K5333S3ZF9AO,0.2644
A2K5Z8R003TIP2,0.1234
A2K60GJA18YY24,0.1895
A2K64Z8VT8T43Z,0.0592
A2K65GPI8Q84Y4,0.0449
A2K6DCL30HGP99,0.0143
A2K6GTUFMVMNQ1,0.0822
A2K6H0GJA067E4,0.358
A2K767PO8Y3944,0.2186
A2K7EZH6PWU2ZR,0.0739
A2K7FBWBVZUQ1X,0.0797
A2K85QHOSCPTQ6,0.0944
A2K86G0KVE4XU,0.1498
A2K88S2R36PBFY,0.138
A2K89ZPCC9MF6C,0.1982
A2K8AMDK9CVFNX,0.0437
A2K8J2UF36G3AB,0.0598
A2K8P3PA7N6392,0.2249
A2K8PD5X143U9O,0.1641
A2K95026HZM4FQ,0.0637
A2K9BZPOPPS0L5,0.0189
A2K9E1JBKATL10,0.3518
A2K9FN7C23Z2Y1,0.1175
A2K9WH9O6NCXF5,0.1663
A2K9XFC31BCR5C,0.6294
A2KA27UB363RNG,0.1304
A2KA51YHCM9HCC,0.2377
A2KAG3LH2Y86AR,0.0833
A2KAV56P05K7H1,0.3991
A2KB7B2FLDK5MB,0.1741
A2KBQ6ASGK3LDM,0.165
A2KC01FNAQ0K7F,0.1536
A2KC83QL3ZENN6,0.2035
A2KCSXYY2DLKSI,0.2635
A2KE3HCVYS1GH1,0.067
A2KEGRLCHT5KDY,0.0592
A2KETRDA2QWM8M,0.2805
A2KF07N5IY3N2S,0.1466
A2KF6QYQA7LO0P,0.2354
A2KF8FAQQYN9YI,0.1761
A2KFGRNZSPB55U,0.0978
A2KFKEME4A9ATW,0.5207
A2KFWHHUFVKFXZ,0.4908
A2KFZGF1UCL4S9,0.3275
A2KHDA77VENP49,0.1229
A2KHS2UHIYWR07,0.2408
A2KHTNH6BUCKM6,0.3412
A2KHUISKVUGVR0,0.0812
A2KHVRX8N91HWG,0.0188
A2KHXK5GTKBXP8,0.0308
A2KI32LAJETKKW,0.063
A2KI81N844USH9,0.1712
A2KIANXC8CA57S,0.1405
A2KIU9UIY5XTB2,0.2166
A2KJ5XBAA4USG,0.1618
A2KJFN70BVBK00,0.0747
A2KJLDKNOS2QVF,0.1388
A2KJW3P987G4XS,0.4374
A2KJXBI3V1MZNM,0.1646
A2KJXEXBBUDHXA,0.4164
A2KJY8F5O1U5D6,0.2876
A2KK42DC3DHA6,0.3122
A2KKFS9R6VRU5G,0.0129
A2KKIP978LAZ7B,0.5374
A2KL3Q6NMCTJ6M,0.2723
A2KL5382NA5756,0.0977
A2KL733AJ4Z5YM,0.1329
A2KLD87AJ577DF,0.2962
A2KLOQPQHA03ZO,0.0616
A2KLSFIQUUNTJ8,0.3424
A2KMDFXNRL4UB5,0.0697
A2KMTB0ZM61TAQ,0.0712
A2KMUF699ESJHO,0.1116
A2KMV50FN2OS92,0.324
A2KNAMFPU486JK,0.1146
A2KNBUJO7EVNH3,0.2082
A2KNLRRVEHFQ2S,0.1117
A2KNO1OMN0SG6I,0.053
A2KNUQLHRCK5F2,0.1104
A2KNZ7MRTIOIDK,0.1976
A2KO4M7ZJBWGWO,0.1759
A2KO4NTZ8BE86K,0.0734
A2KORPREZO2RHL,0.2383
A2KPPSALMBPRA4,0.1105
A2KPSWV4UONRN8,0.1398
A2KPWEL1IQLNN4,0.0249
A2KQ1DGZH4B1P9,0.1329
A2KQDZ563T254P,0.3614
A2KQEAIQOGRQTU,0.2278
A2KR1481ARVYNP,0.5587
A2KRK21MIGYXBO,0.0662
A2KS9RU4KH8NQG,0.226
A2KSHO9HT7L56F,0.0514
A2KSIBA9G2Z78G,0.2314
A2KSP9GE7PPUVQ,0.1197
A2KSR9HFDEZRJ9,0.4009
A2KTANMYE2372G,0.4695
A2KTI1N6A8E37I,0.0626
A2KTRO275LJY1R,0.0192
A2KTTFGE7G0OIU,0.0709
A2KTY2H7VHKIIO,0.0666
A2KU6QQAFJ2PMP,0.0958
A2KUL2FDGNTXIH,0.055
A2KUOQLRGGHCQX,0.2333
A2KUVD844LL7QM,0.1057
A2KV5EN862N0P3,0.0498
A2KVAGB52EOKLS,0.1364
A2KVK37N7ZWGPM,0.2491
A2KVYT8JX39EE1,0.0638
A2KVZY5EMMNDOB,0.4284
A2KW2CYEFOG5RV,0.555
A2KW2UQUDF2YB0,0.1503
A2KW5FACSTZ2MG,0.0626
A2KWDZVYEIWWSE,0.0898
A2KWQ3YQ5C3SPD,0.0957
A2KWVBHXXERSK8,0.0736
A2KXCSNY9BKMQ3,0.0523
A2KXG3IQF62C0P,0.0651
A2KXJ4CU9YUMNH,0.1403
A2KXQN6JTZCSK0,0.0479
A2KY5FCLA2QXSR,0.0777
A2KZD13VXVTZ52,0.092
A2KZKRJS2WG4QI,0.0592
A2KZOUW7YLHN49,0.1936
A2KZRED7T239UP,0.2154
A2KZRRDZXJVXQK,0.1379
A2L0B0SVEJOAG3,0.1948
A2L0MBN8AE9GE2,0.2705
A2L0WJMOT484GM,0.1571
A2L1DWB4ZCFQP9,0.2421
A2L1J72G3YW89V,0.0682
A2L1Y9EZD5JVYI,0.0458
A2L22QCL5SP037,0.1368
A2L2CLFLIXDUJ3,0.174
A2L2LUA6OJZAI2,0.16
A2L2YTV0TFVL8H,0.1109
A2L3OUGY7OTR3N,0.2438
A2L3QPAWY2V3CX,0.0599
A2L3R2YNQ5UL9J,0.0663
A2L3WXY4GTSJXE,0.0764
A2L3ZOXJL8OR9G,0.616
A2L462D897MTWP,0.046
A2L49Y2XZFL4X5,0.2001
A2L4NHD8CJ2ZGU,0.0637
A2L5CQCAZD9D86,0.0727
A2L606SZFN9ZYI,0.095
A2L6BCJ0SUS81Q,0.0842
A2L6QS8SVHT9RG,0.5688
A2L6T5ECQVCN8D,0.2298
A2L7BGAYUOGC1L,0.1673
A2L7DQQSGCBA46,0.1953
A2L7F1XRZJ6K8G,0.6018
A2L7MYSQH20POZ,0.3405
A2L7WYA5OENV03,0.368
A2L8DLJE17OHMB,0.1479
A2L8FUCG0CYD4H,0.5578
A2L8NERGVGD7NV,0.6548
A2L8RCOVJ0V03R,0.1196
A2L8UUH65S1BJ6,0.1953
A2L9K5TQNR9AHJ,0.1052
A2LA3BYSKCT8B6,0.0334
A2LAJ7X8V05U8M,0.0719
A2LAY7A6RCEGB,0.0702
A2LAZXHJITEC4W,0.1485
A2LB20XRW6SY0W,0.0262
A2LBK3DGMT4LEQ,0.0677
A2LBZDGSNFYAGT,0.2335
A2LCFXXWQDS4HA,0.3922
A2LDIXBFRKO03N,0.1251
A2LDL960FST9LW,0.3205
A2LDWYW38O4N6H,0.1771
A2LE2PXJIQU1ZS,0.1435
A2LEJPX95M1XER,0.0915
A2LELPJEN3H7A2,0.2447
A2LEMVH8KA7DX6,0.3477
A2LER41IZ69GUQ,0.5702
A2LEVJAOI6RJAQ,0.0987
A2LFDMTR42ARM4,0.2938
A2LFPFGMVTNYBI,0.0778
A2LG4FG673JY57,0.1535
A2LGCBD8HB2NRY,0.1844
A2LH2NMV5HQIGV,0.0692
A2LH2X39FZ2LP2,0.1783
A2LHA4VVONDTKC,0.0813
A2LHD5UCM2ZMGN,0.0969
A2LHEMBTH0JS2W,0.1662
A2LHL3RYUYLCN8,0.3875
A2LHNJTI1DG93O,0.069
A2LHNSV6CCCB7U,0.1268
A2LI5FQFGL81GH,0.2817
A2LI5QPDH1WA0P,0.1936
A2LIGTSDHJY7U6,0.1136
A2LJ1M369ZQB7R,0.6429
A2LJ8BHMRRJF1K,0.0075
A2LJBBRLDNIMH0,0.1679
A2LJI7KTRDOB75,0.1792
A2LK7WJS4REDTQ,0.6018
A2LKCLB7M9AQDT,0.3167
A2LKQF1SJAQS1Q,0.2477
A2LKSAOPWU6MKC,0.2235
A2LL4SL2PY673I,0.1335
A2LLHNZOGB9KRP,0.0652
A2LLLG3BYD0CWF,0.1641
A2LLO611FE9XZ0,0.1483
A2LLS2VWQPVJCN,0.1974
A2LLSFQO8O8XNW,0.5582
A2LM171DIUGFC6,0.2297
A2LMB7GSG9ZO37,0.0835
A2LNAI0QUU8DKS,0.1415
A2LNDUKZZJBNWM,0.1165
A2LNG1Q2CXTOFO,0.1173
A2LNHYBQOTXH4K,0.1065
A2LO6UQ9POTJI1,0.0427
A2LP0BPV35HDM5,0.1884
A2LP5AG0KA4GAT,0.2149
A2LP7HFSXB0IL1,0.1459
A2LP92GOP9JFPT,0.0935
A2LPBW9N4VTGYD,0.0034
A2LPJY2QMEYTRA,0.2391
A2LPXUSM4T6VQV,0.1539
A2LR99VQFO6UNX,0.3506
A2LRIURBNT9IDF,0.0931
A2LS217P6F0AP9,0.4538
A2LSEVE6WU83MJ,0.214
A2LT3NLBSTYSMZ,0.0168
A2LT9OF5O2K08X,0.3108
A2LTLMN24GTYY9,0.0305
A2LTTDNALI5484,0.1719
A2LVMQGAATBLET,0.1223
A2LW5AL0KQ9P1M,0.9059
A2LWPZZSBSA416,0.0219
A2LWUTGO03KD0F,0.1461
A2LXG7OMJ758J,0.2722
A2LY37YY016TTR,0.1883
A2LYEP086U3D06,0.0615
A2LZBXPNZ2AIQX,0.1544
A2LZDPPCDRUBG6,0.2213
A2LZF7JK3KS77J,0.5614
A2LZJYDXB3FIR3,0.1229
A2LZX3NDB6RFF2,0.3521
A2M02TL1Q0DP5N,0.4148
A2M05B0RLE1115,0.0812
A2M08G5ZUM1L8V,0.0047
A2M0WUJGXPIHGH,0.0704
A2M1MNG7G40V85,0.8046
A2M1R62VDEI7QY,0.1107
A2M20020A9FQBN,0.0921
A2M23GW3HS0BND,0.0489
A2M2W5SD96G518,0.0361
A2M2ZOU0R6DSCB,0.0771
A2M31FTC3ETYDW,0.1809
A2M3C1SRCBA7F2,0.0877
A2M3N0K43IZC6O,0.2122
A2M3ULAAZDNFAD,0.2718
A2M440KL4NVR31,0.034
A2M488GEE8M0N,0.138
A2M4PQPBV45U71,0.4678
A2M4QRSR8D62JD,0.3146
A2M4U0ZK4R3ZXW,0.118
A2M50NPRYXJW1A,0.5511
A2M53UG6LKUU4Y,0.4779
A2M5J4IKYBPULM,0.0821
A2M5LB2BOQB1VL,0.0674
A2M5VZV3M9BDY7,0.5069
A2M60QNZYP1IKL,0.1034
A2M67NF929W1HE,0.1908
A2M67X3IJ1EMIH,0.1875
A2M69FXV13M1AI,0.1585
A2M6C8OB3Y4AAU,0.0933
A2M6JXJ94DS4YJ,0.1477
A2M79WB6IX1XUO,0.6151
A2M7KU3GGSEXYF,0.1398
A2M7TBPIH1MV0L,0.1796
A2M7TC85DV4B5P,0.0292
A2M8AL6HIX76AB,0.1692
A2M8CJJ5D76NRS,0.0891
A2M8I27ZEERAGX,0.0544
A2M8QD8OHLA265,0.0465
A2M8T1C3YP19NQ,0.1326
A2M90PULG6JFYJ,0.1283
A2M9NIJ88RM4IQ,0.0184
A2M9SDVNQ3Y4PW,0.074
A2M9SWRFUJ4NHQ,0.4268
A2MA96FW3ERNPV,0.1529
A2MAE2ZD37KE23,0.2528
A2MAXHANV8EETT,0.2897
A2MBDNC27NZ495,0.4879
A2MC05CQGEXRDS,0.6366
A2MCEQW2PX65F4,0.3064
A2MCSY6EDXKJ58,0.0949
A2MCZGSS6UJHDS,0.0737
A2MDAAZWLQI0JG,0.236
A2MDF8I6HC7SRB,0.0946
A2MDMNAA58AM55,0.0699
A2MDPP00NTNE5L,0.1551
A2MDVIEKHGPJTU,0.1424
A2MEBPFR8GH30L,0.1759
A2MEC0T7Q65C7S,0.6087
A2MEXWR4GQIHQ9,0.0973
A2MF6MFBOU2LPH,0.5723
A2MFBTVBPSPH9S,0.1055
A2MG8X1PKH7C1,0.1306
A2MGDI3REBECTQ,0.2766
A2MGM6AJYYLSAG,0.2116
A2MGSG2JYJVR6I,0.2253
A2MH6X10UANSQ3,0.206
A2MHP3PSJWI0TT,0.1801
A2MHSUJNKRI1AL,0.0975
A2MHW2078XBNLD,0.0563
A2MI5PQBEII7O3,0.2819
A2MIE470WAKCLU,0.0238
A2MIF552GFBNPU,0.5058
A2MIP3AQVSF2SS,0.5657
A2MIQNIBIOSZHK,0.1157
A2MJBJTGX1RWAO,0.0945
A2MJXZGMRLW9JV,0.3497
A2MKG8P7L2PPPB,0.239
A2MKGEOHOM2VPF,0.1066
A2MKH3FI4YMO1E,0.3705
A2MKN0SI8FLMN6,0.2759
A2MKWNA5WDB7CY,0.0134
A2ML3X6FOB1WGA,0.1589
A2MLTDJRE47XX8,0.1896
A2MLWU5AVPRZ10,0.251
A2MM9UCMTGTWCD,0.2855
A2MML4TOL6Q7BG,0.1421
A2MMPAHJUJAVWV,0.0961
A2MMR62ULDWMII,0.0636
A2MMT8K7KKFTOA,0.0643
A2MMXC9Y2Q6UV1,0.5643
A2MNBG6R6ZXT6M,0.0881
A2MNF0QM9FMC3T,0.1565
A2MO83Q4SLQQ3Y,0.0413
A2MONP3IA495W0,0.0453
A2MOQ0UOLA67K2,0.0722
A2MOVLZ429BFLZ,0.3674
A2MPC4TPFPEB0Z,0.0784
A2MPJN8APVIKIB,0.3845
A2MPWVJYS8V0O6,0.1996
A2MQ3Z1UX5EXUC,0.375
A2MQ804S0RMW1T,0.2756
A2MQMQG85PNI7C,0.1619
A2MQTJU3PSZMME,0.0742
A2MR2WEUU1WLI6,0.0454
A2MROOW2RK9JMU,0.1156
A2MRYP1IT5B65L,0.3502
A2MS78N2IBRX5C,0.265
A2MS89WSIJEZN2,0.109
A2MT1R3WOV50ZU,0.0991
A2MT4ZF52ZECVS,0.2122
A2MT9P1UIHX0RX,0.4864
A2MTHXIV6BJH71,0.0459
A2MTK4IKNT1VYR,0.1962
A2MTMN4A9KGE2X,0.1284
A2MTSYMQ1IK98L,0.1246
A2MU0A5EU80KIM,0.4715
A2MUFVNWMVN9C9,0.6421
A2MUOH68CNKX5C,0.207
A2MVM5BS7AWC8X,0.1145
A2MWNS4UBQFD0P,0.1115
A2MWOF3JHQHDZW,0.3415
A2MWUBN4UJOVIK,0.025
A2MXF31CTW3QSW,0.2104
A2MXGVIVMTPIQX,0.0435
A2MXILAH05EAMR,0.1148
A2MXO5Y4KDTV82,0.1475
A2MZ4XPFN6YH37,0.1156
A2MZ6PSSONC8AH,0.2909
A2MZSBCCDVR5QO,0.1848
A2MZXLN9TLP1R4,0.0667
A2N0E1LXZRD92K,0.242
A2N0UGB60G110F,0.176
A2N1VI3PB6IXMP,0.2451
A2N22MW91MM9NB,0.0901
A2N2W7U15BNGCO,0.2606
A2N2XSX54EJQ7C,0.2416
A2N2XU3U2LYUZS,0.0833
A2N33H4VCFTWKV,0.1389
A2N3DPMEBNP4PK,0.2364
A2N3J4RJC9338A,0.151
A2N3W25U3BWB4P,0.0859
A2N46OZ9QHNMG,0.1631
A2N4QZ92NBKJZZ,0.6393
A2N54ZFUSS4A4W,0.2229
A2N56YII67PSHS,0.0801
A2N593BNQQT32S,0.0587
A2N5AP6TS4U08W,0.1445
A2N5IGKWLVPPVJ,0.0374
A2N5IRY6FAB5GV,0.101
A2N5U5ZGTYCMHW,0.1394
A2N610H6ZG2PHU,0.1324
A2N67CK7G2TE5Q,0.2575
A2N6MS2FNKU5PS,0.1041
A2N7HQSO32I41O,0.0892
A2N7HYUPR03WOX,0.0885
A2N7PIXYHW7GLC,0.1806
A2N815OYPJMOSH,0.0714
A2N8EWW3X1C8WD,0.0626
A2N8XZLOKCNGW2,0.1762
A2N9ASLEAEDE06,0.0791
A2N9ESSELDUEY,0.0248
A2N9HBBEAKQILD,0.078
A2NAQARWN79ZYP,0.2695
A2NAU4O6QZIFMA,0.3072
A2NB8SDKCBWYC5,0.2357
A2NBLG314SMFLB,0.1291
A2NCFKGIT3QDTN,0.0155
A2NCKYW35JTQ5E,0.1177
A2NCO79BXDXVCQ,0.3191
A2NCSPA53VB4OK,0.2722
A2NDSIYCBTGMCO,0.0254
A2NDTLX2E2W2DZ,0.0127
A2NDTOMATPK9EU,0.2211
A2NEIQVG7CJS9I,0.2483
A2NEOZ5QYG7903,0.1243
A2NF1D0WK8KR4V,0.046
A2NF3G1I4WOPVD,0.0953
A2NFAGUYIQF616,0.5132
A2NFPQ44U90N7W,0.0929
A2NFUAZE2P4DB3,0.0534
A2NH76ZNF448J5,0.123
A2NHERI3W195Y,0.0592
A2NHID60GOWHD0,0.2736
A2NHJUNCKX7QKH,0.2048
A2NHQ63UM8E8FV,0.2071
A2NHXRO578LXVC,0.1644
A2NI55A6S9WG64,0.3816
A2NIAXIV81WRNN,0.15
A2NICGGIGIFU22,0.0213
A2NIJK4754AO0I,0.0933
A2NJ0YI21O0OBP,0.0953
A2NJG2VNE0CHV1,0.1068
A2NJV5ICURIAUJ,0.0829
A2NK8U95H5L4VD,0.138
A2NKC5YR4YJWOY,0.1476
A2NL9VKDN1E60M,0.2128
A2NLQMPSF70M0C,0.0962
A2NLWBYRUBR1MA,0.4305
A2NLXA4BU86D94,0.0188
A2NMFVD61EGMY2,0.0719
A2NMNIQLTP01CA,0.1538
A2NMOEGCL5J2MR,0.0942
A2NMQPDUAYCPWA,0.1032
A2NMQWBDWT3SQF,0.2181
A2NMY5UF624JGE,0.2616
A2NN765NTRCFP7,0.1857
A2NNEDEXSKFDY,0.0803
A2NNJA7OXW5WOA,0.2462
A2NNZ4KJWEGPDM,0.2305
A2NOGPQWHWU4GT,0.3306
A2NOO7PE0ERT8G,0.054
A2NOZB6VZCTOI4,0.1903
A2NPN06SYI5VL3,0.2898
A2NPZW0MXZVKPZ,0.1616
A2NPZWLWFIG6QM,0.4114
A2NQ8BMH2ND6XC,0.0726
A2NQMVTQ4PVLL,0.9014
A2NQPZKEUZYGMX,0.09
A2NQTZEM32F9H6,0.2205
A2NQVA7O7VY7XV,0.4477
A2NQVPLLJ05E98,0.2018
A2NR61K6LW79XP,0.0963
A2NRCDZ8H01TTH,0.3074
A2NRK93KC3EYAG,0.0567
A2NRSIXF9WEOQ4,0.0694
A2NRY1J2AZ38QV,0.1541
A2NRZOEIT6X2DX,0.293
A2NS2BWQKIS13C,0.518
A2NSA87MCQUKI4,0.1369
A2NSD7SB60DPY0,0.0409
A2NSGRECY3TAGH,0.0791
A2NSH5VV3GXO2A,0.2984
A2NSHRP9SA0S8,0.166
A2NSK3LSXZBSVF,0.1197
A2NSRYACBTFVJU,0.0929
A2NTF338YPQWER,0.1254
A2NTJP431L754V,0.1566
A2NTPZZ5FS19Q,0.0926
A2NTQGX09LI49G,0.1373
A2NTV6MHFXP4M,0.0913
A2NUESIGVXY6D1,0.0731
A2NUHWMHA9XNKV,0.6021
A2NUIL6PXKY4T7,0.2593
A2NUQTXN66GVKJ,0.0956
A2NUURIW9P5YJB,0.0766
A2NUZTGO22PLGG,0.1099
A2NV44ZC41GO0X,0.0471
A2NV8WALCNREHN,0.1186
A2NVHN96EI2SAV,0.3282
A2NVNMLC0AFL08,0.2539
A2NW02SOKHZBRY,0.3003
A2NW4O9BJLWDDY,0.5586
A2NWG9WAAJ5YF5,0.1741
A2NWO99H6PHFMN,0.0354
A2NWQRHDCX0AD1,0.3166
A2NWY7C5JUHHHW,0.1879
A2NX5ES3PQOS2C,0.0458
A2NXAV1SNXWA9H,0.2796
A2NXE4YRAUXSF7,0.081
A2NXE533TGQXKQ,0.0654
A2NXGS34F5QMKJ,0.0454
A2NXH3BQMAFAV0,0.1511
A2NYC9OQW4KT51,0.1615
A2NYLAJ4PI0CVK,0.1919
A2NYV0SMW7ZQTA,0.0468
A2NYVKZP11SDMK,0.2529
A2NYY8Z3CWT3IB,0.0884
A2NZ146W0D92UT,0.1137
A2NZIWIMG9VTIR,0.1417
A2NZYU7IV0BMYQ,0.1962
A2O0V7VKB9OH11,0.2178
A2O10GL2UI75O9,0.3787
A2O1DRX47DEJ32,0.167
A2O1EW7WHQD3ZH,0.1157
A2O1OCGUR6V1K,0.1788
A2O277IJ67ZGAO,0.0506
A2O2TMGV7XIPBG,0.0034
A2O2XN26EWSIJL,0.0784
A2O33VJMOZOQ2R,0.0799
A2O3AY9CJ9O5W0,0.063
A2O3JR1B7CGJM2,0.1643
A2O3PEZMIXQ748,0.1643
A2O41CV6GXOJPG,0.4496
A2O45NYKDQCVOD,0.3059
A2O489VAPVIH35,0.0822
A2O4BRCQ3CM9UI,0.0399
A2O4JDX3T2PD57,0.1398
A2O58ZFZPJCLTX,0.1045
A2O59M3ZBNSXEG,0.5374
A2O5GZN3H3ZV0G,0.0318
A2O5LFRY1R43VU,0.3592
A2O5QOHESWQGPB,0.0965
A2O5R82FPF396I,0.0953
A2O6H9LGBFY1NR,0.0498
A2O6I424ULQ7QB,0.0612
A2O6UC665MSYUW,0.0196
A2O6WLMSNF5UMJ,0.6206
A2O6XJII4VSS5G,0.0171
A2O740E5T5TVY,0.0332
A2O79E4NI6SKK9,0.6502
A2O79K4X79IBUX,0.1503
A2O7I93691XGU,0.2477
A2O7YVGKZSXZRU,0.1528
A2O8G8CEMOHKKG,0.0476
A2O8HD3YQZOV1X,0.1002
A2O8INAXQHP7CP,0.135
A2O8QF1THCP46H,0.4645
A2O8YEXGPQVX69,0.2139
A2O9L2LA6Z5LXJ,0.0817
A2O9RHWN64LBPY,0.1841
A2O9SIBNRR4ACS,0.1066
A2O9Z5PQUB8F4G,0.2025
A2OA8TE8CGQCJO,0.3702
A2OABAFWWLOG4G,0.0953
A2OAESBYO73VA3,0.0225
A2OAJ9XK6U3U5Z,0.1956
A2OAKLK72E93EV,0.0571
A2OB6RN6RY1VB1,0.0463
A2OB8P0VUTRT3V,0.023
A2OBCFTB0GBKJY,0.0
A2OCFY81BELYVJ,0.127
A2OCHGNKHT63M9,0.0648
A2OCPKX6JGRN1M,0.0742
A2OD59YO1ZNX46,0.0614
A2ODFS4LXRC9W9,0.0885
A2ODIMSHACDTYD,0.1875
A2OE14KT0PQEXS,0.1086
A2OE2YAOWFT38R,0.2229
A2OE8HYRN1ZIV3,0.2149
A2OE8MQ67X0JJB,0.0371
A2OEROP2QM102N,0.0792
A2OF3TQNUV3ODJ,0.1019
A2OFEPUS66UDAO,0.4684
A2OFJM2LUN893Q,0.0506
A2OFOUA4N2WW1L,0.5423
A2OFQ3SYP7RL41,0.1898
A2OFSDJB3MVQ16,0.1143
A2OG33EMMWA39Z,0.506
A2OGD55O0KF31J,0.0272
A2OGJ8RAIYGS90,0.09
A2OGP90092D2TG,0.0262
A2OGYUDNJMHIOT,0.1287
A2OH7DSY7VP276,0.3827
A2OHU7D2MOBR3T,0.0861
A2OHV9YQGJUQCM,0.1206
A2OIZKEL38N8O,0.0113
A2OJCUJL5LBVZU,0.1462
A2OJDXF5WEZG6D,0.6039
A2OKH2CABY8JI2,0.0752
A2OKPSJXDU53Q2,0.138
A2OKU9Y9NVNKUZ,0.0308
A2OL1U6PORECE,0.0636
A2OLJ3NHHOHCHQ,0.0099
A2OLK54825GS35,0.0587
A2OLKDXUBEB3KT,0.1863
A2OLNUH2YGMWWO,0.1166
A2OLV76MD4DAOO,0.4844
A2OMG3GYEFXOC9,0.2613
A2ONS58BJ2H6NW,0.4349
A2ONV0Y12XXI6P,0.0843
A2OOHCDVT87EGL,0.0211
A2OOX3ZIHEJZ7L,0.1717
A2OOZ6XQG32H07,0.2019
A2OP960R2626KN,0.1289
A2OPC1PTXPU7FG,0.1518
A2OPMV7HKB8VK5,0.0567
A2OQIBCFVAOW0I,0.0184
A2OQTWEJU5WXAW,0.1475
A2OQVKCMKLR8SE,0.1538
A2ORAYGSS7LAEL,0.3909
A2ORJUL3VJOL62,0.0728
A2ORX8KQVGLJVS,0.0778
A2OS3DOVLINRFT,0.0929
A2OS7U9JJD0GYH,0.0974
A2OSEL4JDMPBAS,0.0157
A2OSV8MGH0Z1BH,0.0885
A2OSYYN8BM09RA,0.071
A2OT4VDS8QACNB,0.1499
A2OT5UW4ADG05A,0.1351
A2OTJK6D3GMGV9,0.5447
A2OUO6CGHQ57EO,0.2913
A2OURPCT7H9TLM,0.0673
A2OVIMMHMBEVIX,0.0344
A2OW9MNF06N6UK,0.184
A2OW9VTX019OFQ,0.0783
A2OWH0V1B4ML7U,0.1775
A2OWLG8I9Q3HA6,0.0617
A2OWMN8VXP138V,0.1571
A2OWNMFMQ68287,0.0295
A2OWOPUH3JJ862,0.1533
A2OXOP2ZMY9H4A,0.2298
A2OXTG5HSU3NWC,0.1765
A2OXTTN0C1LP54,0.1938
A2OXTWJ4FTHF1,0.1932
A2OY5YNT2040OT,0.3435
A2OYR2U58OF2TI,0.0738
A2OYS122Y99VKY,0.3756
A2OYWMBQ50V2K1,0.119
A2OZ18OTQL61EP,0.1494
A2OZ3DOCGIZQTB,0.3541
A2OZ5ERO1D2YOX,0.307
A2OZ6PW2W5FQTP,0.2455
A2OZKM3TCCG8VG,0.2256
A2OZWIOU6BXPL6,0.1546
A2P0EJ47SRZ10B,0.0237
A2P0LLCFFDG1AQ,0.092
A2P0NEVNUVF89Q,0.1436
A2P1T6XU32PGL,0.0182
A2P2ST28QAZMJI,0.1386
A2P43L9EEWS23N,0.2674
A2P4620BCU0558,0.0745
A2P4DZ9LG66F7M,0.3247
A2P4EJM3VQ7Q5V,0.0298
A2P4NJ9MSJ301X,0.0147
A2P501XVUALQHN,0.0805
A2P569CM75RRH0,0.3573
A2P5DAIPQO6W7C,0.1362
A2P5E4O3ZG1CEM,0.0367
A2P5SVUM7AWZLN,0.0489
A2P5ZRK30ST2SX,0.119
A2P66E1ULH1M9H,0.0065
A2P6FU1HQ1OFAP,0.1338
A2P6J6KGQL4Y8S,0.5501
A2P6P7CG18HH95,0.089
A2P6U7HBYZ3QQO,0.206
A2P71YT477629P,0.5365
A2P7DM1Y9W75BK,0.282
A2P7N9VW82JOKE,0.0836
A2P7T94KQGQVZC,0.1749
A2P801T73DG8IO,0.3729
A2P80QL4JD89IE,0.2322
A2P8A9SINJ4NZR,0.06
A2P8VIX6WRANZP,0.2198
A2P9B2TJQU4DI9,0.0452
A2P9O277WZLBR0,0.0718
A2PA2IOWVC9YZZ,0.0386
A2PB0WVUSEDCJE,0.0848
A2PB2R5Q1JJQRU,0.0872
A2PB5UJ0FJQ111,0.0517
A2PBSJ9TA733YQ,0.2271
A2PC10FIDXYR6Y,0.0695
A2PC1YCLTB3EY9,0.0437
A2PCNXBSKCABG5,0.1314
A2PCNYR9AU2AUO,0.2333
A2PCY2349HNKYD,0.3237
A2PCZULZ0TLKET,0.2133
A2PD07NCY2EQKS,0.0771
A2PDE2VACHYWGK,0.1626
A2PDH9I8A4LOJ9,0.1016
A2PDHNHGAWM9YS,0.0426
A2PDNGELZSWCQG,0.1613
A2PEB5BBJT2TW9,0.0035
A2PED5QNFA6T64,0.2347
A2PEF3V2SZ6XZK,0.0803
A2PEGY2MOBMOR0,0.2084
A2PEJJLVU2MNTW,0.0299
A2PEUFPOYLY3U7,0.0218
A2PFCI71478DWH,0.1586
A2PFG2T3CBO7EY,0.2842
A2PFLNSUF7H2CC,0.0544
A2PFSNZM3YNIXW,0.2606
A2PG1K6YQSUGX9,0.0183
A2PG2B03OKT3G,0.0667
A2PGD4RIZLW45O,0.4442
A2PGIPHMEK6BUP,0.073
A2PGMJ050G1460,0.0827
A2PGR4POLH29A3,0.4464
A2PGTQ4W07S8I7,0.4695
A2PGVDMTQ9DC3R,0.2081
A2PH1LLQ3EAP3E,0.0664
A2PH7K6MFXT08U,0.0424
A2PHB51IVZU4OM,0.4727
A2PHRDWHBCVL1,0.1194
A2PIAYX0E3OVDG,0.629
A2PICNZWHEINQC,0.6843
A2PIF7SAJX14GJ,0.0931
A2PIQ3696HW0OR,0.2639
A2PIT951YS2ZBK,0.0373
A2PIX11F2XYZWS,0.0701
A2PJ8PJJ68RJ0B,0.0854
A2PJRJOA9L2CXH,0.0763
A2PK7I2GEBUHJF,0.0233
A2PKD2F1Y03APN,0.1945
A2PKU42ICW3T0,0.0919
A2PL06HW6KZH2,0.7615
A2PL7ZNZNA1S68,0.6195
A2PL91BWC0GWHS,0.4434
A2PM1K1MNB0328,0.2677
A2PMGMHYKH3DY5,0.1239
A2PMO6E76SR72O,0.5879
A2PMWKB5V5U1AS,0.0496
A2PN8S9QT7INHE,0.2995
A2PO02915V2PKH,0.2009
A2PO0FGZYPO6T2,0.1226
A2PO4RRGNWDLH5,0.6508
A2POZ9KKZ60HGQ,0.0327
A2POZTSCS6PAM9,0.2155
A2PP7KANDCFGM7,0.0584
A2PPFK6BLS6DUK,0.0464
A2PPIM5L36CMMK,0.0537
A2PPLQK9FV0WTA,0.0948
A2PPTN3DTD8QNW,0.1192
A2PPU4YCLBID07,0.2638
A2PQRC3DMESIWF,0.2752
A2PREU4LOFQRB1,0.5175
A2PRVTLJRLKRSU,0.0216
A2PS6H6NHW0ZVK,0.1449
A2PSWW5K06KL29,0.0113
A2PT4GPXB6LSHW,0.1001
A2PT8TJJ9MM5WH,0.281
A2PTGR23MFFWTC,0.2984
A2PTLFFHT4ZESI,0.277
A2PTMZFEYNLO2E,0.0954
A2PUBU5TI3SVOM,0.0769
A2PUKFH7AJPAC,0.2718
A2PUT0OE8XFLYE,0.0771
A2PVDS90UJCSN2,0.029
A2PW3RB7WWTPMJ,0.0801
A2PWGRZH6ANIWL,0.0798
A2PWPFX9071IYL,0.0434
A2PXE9IN87SOMP,0.1772
A2PXZLNVKFU45J,0.0521
A2PYJXSM0P4YL8,0.1561
A2PZ1W2Q4JQQWA,0.1373
A2PZEWI22ZNOU6,0.123
A2PZJYHC2342W,0.3096
A2PZWYQYTLSOP9,0.0537
A2Q01G2AKHVKAV,0.188
A2Q0453VEQDU3E,0.229
A2Q0EY4OC887I6,0.0843
A2Q0GRPEGYUMX9,0.1099
A2Q0UGKMVOO7T3,0.0844
A2Q0Z9FSVR3XTS,0.1011
A2Q1046M09398P,0.3579
A2Q12G0CRKK0KP,0.3736
A2Q1GTF6UKJ3WQ,0.5362
A2Q2IQWU49WDT5,0.0895
A2Q2QZH42ZEIFF,0.0334
A2Q2R65WCHJMCI,0.05
A2Q3E0DKHG3FG6,0.3537
A2Q3MWU81FSM8V,0.576
A2Q3P65H0I5QNS,0.0654
A2Q3S5ZMZM4X47,0.0801
A2Q3UD9GHXSMXZ,0.0644
A2Q3YNSIBA52UX,0.4087
A2Q4R551PR34DB,0.0729
A2Q5010V576P71,0.2581
A2Q50A3MXUZTY7,0.0984
A2Q56KBVCS8WD8,0.0669
A2Q5BBLJK3SIJB,0.0556
A2Q5W11GOA08IJ,0.53
A2Q5WRB9HYVBJK,0.1777
A2Q5ZYHFA8EYHL,0.1811
A2Q67H3PJ12UD5,0.1282
A2Q6GONZZTI3Z,0.0105
A2Q6VIQLGXXLGD,0.2008
A2Q6XGKWNW3LLC,0.2654
A2Q6YZK2IR3TD,0.1294
A2Q6ZTNU682AT,0.2265
A2Q7DE6NA7VKAJ,0.1933
A2Q7IUIZK1BTIE,0.1493
A2Q7MXBQS12PSX,0.1429
A2Q7OJTVPIO2XH,0.3492
A2Q7PWP4Z6AESN,0.1258
A2Q8M9CVOVVH13,0.0996
A2Q8OARZWB4S6Z,0.1164
A2Q8Y9D4KOI2HX,0.1732
A2Q8YOYXC8892R,0.6255
A2Q9JKXADL7J87,0.2039
A2Q9KU7J7TAOQN,0.182
A2Q9ORIBPMCZ40,0.0646
A2QA249SAHO289,0.0453
A2QA2D6DK8MJGT,0.1372
A2QA9IR0FKHS2Z,0.0177
A2QAFTL5ZOEU1Z,0.151
A2QAH6UNUXCSP1,0.0679
A2QAHE0SRBOG1Q,0.1521
A2QAQAPX153LTG,0.6448
A2QAR5YZ0DF7X8,0.0655
A2QARKV955ZPYI,0.0459
A2QB1MCE726PYX,0.2242
A2QB2ISYKMLRU2,0.0701
A2QBPD0PXOAUQX,0.0984
A2QBQAGUTZUFXQ,0.2036
A2QC4EH5W3NT8F,0.0296
A2QCHWZRIOFLC,0.0408
A2QCO6PGQPENZK,0.6245
A2QCZND2AXDCPG,0.0102
A2QDOJFFLFGF18,0.933
A2QDSC731OQC3P,0.1137
A2QDV7YNOJLKT1,0.2087
A2QEQIWO5JXHAA,0.0299
A2QEYP28U6YXM4,0.0623
A2QFLRFUOIY270,0.0665
A2QFO64UAU5N18,0.1954
A2QFT6WMLJYXCL,0.045
A2QFYYVU9ENO4F,0.2026
A2QG1DSSFY43DW,0.1343
A2QG57J57D1XU5,0.2267
A2QGI7AGHKSTKL,0.1567
A2QGLZST7ZYEOJ,0.2578
A2QGMG2NZ2ELBH,0.3244
A2QGV8WEHIYXDX,0.277
A2QGVVI9PYOV9V,0.1197
A2QGZ87JF9TL9W,0.3811
A2QH51T8VKXFMB,0.1822
A2QHECRZAUHXM0,0.168
A2QHELZXAX6R8S,0.0862
A2QHFJQX3Z2WU6,0.1701
A2QHJEHAIR5OCU,0.1456
A2QHJLS9C5VK3M,0.3569
A2QHM5HBSIXRL4,0.0667
A2QHMZ6KS29TB7,0.1356
A2QIF3E0BW9OZ9,0.1542
A2QIHQ4HE4G9HE,0.2179
A2QIL6MHF0S9S5,0.1359
A2QIX73WKLLDRV,0.2553
A2QJ0UUPY2GBRT,0.0728
A2QJ1NBKASHIXW,0.0883
A2QJAV6DBTB5I5,0.1092
A2QJK0VG9NOM9B,0.2132
A2QJUYVC1WY6BX,0.004
A2QK351LFFPV6H,0.2047
A2QK7UNJ857YG,0.2221
A2QK7X7QC5EJR8,0.0915
A2QKCW4Y1GE3GC,0.099
A2QKEU7GJSD6FN,0.1992
A2QKGNHFZR9DEK,0.1301
A2QKM789NLTRBF,0.092
A2QKQGCSPCUN8,0.1099
A2QL0FZQH70LJB,0.0804
A2QL1HELUMR8XZ,0.1694
A2QL3AISOKZCX3,0.6259
A2QL8RR6HVSXR9,0.2535
A2QLDDD9457XZ,0.1334
A2QLJ5ID50HHJ6,0.0705
A2QLVIOTPGRYOQ,0.0567
A2QM7IJVFO3JJ0,0.3492
A2QNN81D7PH725,0.0569
A2QO15JRZZZIAT,0.0852
A2QO1YPPDVY8LN,0.0739
A2QOMCRWX9DUVQ,0.2722
A2QOWOE2HD7T5J,0.3508
A2QOY4ZCC0VR1D,0.0143
A2QP6Y4A0FP3E8,0.5752
A2QP9ZPGXPM2P9,0.0772
A2QPB56799AGUX,0.099
A2QPK00DN3LSL1,0.0743
A2QQ06GUU1APAY,0.2445
A2QQZ3U2MLBF6C,0.0521
A2QRF6PGRQPOD2,0.134
A2QRL06SYKTNGG,0.5821
A2QRQ57CINSWJM,0.1793
A2QRW6IQ7CSK5G,0.6298
A2QS722FL9DLQ4,0.0619
A2QS9242KCRYPY,0.015
A2QSBOAAGW1I1H,0.098
A2QSC9US12F2GH,0.046
A2QSGOSPEX3UTO,0.2294
A2QSRNN45LX9X1,0.0559
A2QSTT1N2WAFKG,0.2314
A2QT19W0RHNMEW,0.4939
A2QT3TUZKVW5ML,0.143
A2QT6I1I0S25GY,0.5586
A2QT8WUR0GKB2H,0.0413
A2QU5F21WQIQ6J,0.1574
A2QUKI8AR0C09X,0.0283
A2QUO0EI7UQLGY,0.1505
A2QUOJMLPOO086,0.25
A2QV91DEEUSV1V,0.1497
A2QV9NHU89KVC9,0.0712
A2QVGV8RSNDBLZ,0.0669
A2QVJFVM7SJ2I7,0.0469
A2QVOKJJELVES3,0.2799
A2QWF5AKT107SQ,0.0256
A2QWWTX41EAKB,0.0391
A2QX6GV3L8A3Q2,0.1158
A2QXI6IJV0SBZP,0.03
A2QXQVUQJX5EPB,0.1446
A2QXV8M0R3NVGP,0.0929
A2QXWI3UGU9FX2,0.0774
A2QXYPVUF82HB2,0.019
A2QY3LF1CYDITA,0.0575
A2QY4X667Z3US5,0.387
A2QY6MDH3J7VF0,0.1329
A2QY72A7YMHL5E,0.0474
A2QYAUN6LSI2X6,0.0419
A2QYD9ACMOG9AU,0.1956
A2QYZ0G4OXPB6W,0.0233
A2QZ5DZDHJSRWR,0.0921
A2QZAFCCMGQSUK,0.1146
A2QZT9L3HLEFTL,0.0339
A2R05UN1V4OBFM,0.0842
A2R0MH3WVKSNGB,0.1523
A2R0RLAIYI1FG,0.159
A2R18ABO80KPEV,0.1401
A2R1HAXRNU0QX7,0.7156
A2R21CYRBXX1HL,0.382
A2R2EOXV5UXHGH,0.5452
A2R2F4ZQ6I7CDP,0.3251
A2R2HS6F0JX5O7,0.093
A2R2VFYKQMYHN3,0.2033
A2R3FNML40YI1D,0.0644
A2R3VL86M6P8ZJ,0.0955
A2R49ZN3G6FTCQ,0.3202
A2R4GEWPLORVSO,0.1618
A2R4LSV1WUYWJX,0.0442
A2R4O3UBZCRHGX,0.0929
A2R5592L08AQVG,0.1283
A2R5C0QOL6VCNO,0.0623
A2R5FNKBK3C8ZP,0.192
A2R5Y32AJVKG8L,0.0793
A2R63G2FXERHHP,0.0929
A2R6RA8FRBS608,0.4431
A2R6SB61DQ1VXU,0.0136
A2R7MUQE5N13OC,0.2989
A2R7YRSL3EE7ML,0.2438
A2R7YV17RBJDX5,0.2234
A2R863PT6DVK1I,0.0912
A2R8IS5OHNY41X,0.0615
A2R8OSYR8QW8MY,0.0543
A2R8UTVQN2YX0D,0.2566
A2R90BBOXDDHYC,0.0188
A2R9308CQZ222H,0.0786
A2R99WC8AQ9GVV,0.0142
A2R9C3RTFN2H2Z,0.0597
A2R9G9YPBDX2PK,0.0711
A2R9KY1HOEKTLR,0.3841
A2R9O7HU3B3FI2,0.1539
A2R9ON3MXJTXAE,0.1252
A2RA207HEJD5LN,0.0185
A2RA2SK1H0WLQG,0.056
A2RA6L4F4QLNWE,0.0451
A2RAJU3R2XXKT6,0.3897
A2RBHQRDWU6KDP,0.0143
A2RBUCHBQYPUXM,0.0684
A2RBWILKKLAN4M,0.2339
A2RC79RKL9Y1Q7,0.3275
A2RC9W12WGIG2P,0.3245
A2RCHK7LHU7BU4,0.1313
A2RD6GZES9XFEK,0.0587
A2RDMVJI8LL2BY,0.0455
A2RDOIDPJUW1AT,0.1577
A2RDSGNN39CECE,0.0907
A2RDWKRODPO01C,0.0035
A2RE3G11H65P4H,0.5917
A2REXQEEPUS6RG,0.0803
A2RF9FHC4HC3JO,0.1191
A2RFA2MDIDEGQL,0.0344
A2RFZIFM2UH9C5,0.4101
A2RG0PTQMRDYC0,0.1448
A2RG8BGT57HCTW,0.0892
A2RGCN1EW1JK1M,0.0776
A2RGJK0EG8XDDQ,0.2061
A2RGPYB80E9LFB,0.0364
A2RGV4R3OR1UHI,0.1117
A2RGVO7DDWF8R2,0.0951
A2RGWM5OACPAFT,0.6465
A2RGX1B7ODTT61,0.3586
A2RH40BEAX3V8P,0.3801
A2RHRT08HIMJOV,0.034
A2RHZGIN762ZAG,0.0311
A2RIARU7CX5ZX8,0.6009
A2RIP2R0ZJJU0H,0.4371
A2RJ3QSY16HQP8,0.1826
A2RJ4O4BMAGJVS,0.1365
A2RJK4198RFSI9,0.1313
A2RJOSXT2OQONA,0.2817
A2RJRDQP9UU6E7,0.1467
A2RJSDN6FXLMAL,0.268
A2RK3QEUEFRNAN,0.1749
A2RKDHBC8VGY0K,0.0648
A2RKHAC4KH1309,0.1418
A2RKJQ1GFZLJFQ,0.2253
A2RKLGDQPRP9FJ,0.2167
A2RLAECZP50SUV,0.158
A2RLB0XXOLFRCE,0.3083
A2RLBSUV58Z0HN,0.3619
A2RLPPNHIBSM42,0.3883
A2RLQKE9NHSSZB,0.2908
A2RLS5F9LOSF3O,0.294
A2RM5ZSZJQL7WY,0.2055
A2RMXOGA18ZOVD,0.1611
A2RN04J6VCZBKP,0.1278
A2RNCBWB07O1MB,0.095
A2RNEAD6CE3BDS,0.1097
A2RNEC25P6LEM4,0.0635
A2RNMSNX5Y5J3T,0.6105
A2RNQ7FEEC0O1Y,0.026
A2RO3DC31WU3LY,0.0877
A2RO5BKNBR7BSR,0.1889
A2ROH84922AKQ8,0.0868
A2RP62O0MVH3EJ,0.1891
A2RPQJIYCDGREC,0.046
A2RPRWKVCY13FI,0.1945
A2RPZ2CAO0S490,0.0598
A2RQ3XE9S01IYI,0.0432
A2RQ6169KG5PIU,0.1714
A2RQ7VLAK1SHPU,0.1236
A2RQ8MN9EY5OMY,0.1149
A2RQOO8VYAEZZG,0.618
A2RQP1BQ3LP0R4,0.2702
A2RQVKSWEB0F6J,0.0741
A2RR5BA3UKUHTG,0.2778
A2RRAUTLILRRGD,0.1643
A2RRWGS5XEJVCC,0.1209
A2RS66Y79Q8X0W,0.5484
A2RSJQURZV7MEF,0.07
A2RSTT7LKR8UYO,0.0472
A2RSUJSHWVZJCX,0.0843
A2RSY6T4WX09YI,0.1821
A2RT3GQ9ZBCOR0,0.1768
A2RTFYFK624YVB,0.2196
A2RTGA7VIYVIOG,0.238
A2RTGJ0ZR93ECB,0.5331
A2RU0H9MD4IH5M,0.2165
A2RU3I9HV8SQNO,0.4204
A2RU908WLCUTJY,0.1749
A2RU92TLE29NKH,0.0584
A2RUTZJRUY9HTL,0.0421
A2RUV29J253TMV,0.138
A2RVBU35XQXENU,0.1948
A2RVU8GR9NA346,0.098
A2RVULTBUEVRIC,0.1105
A2RW6EZBYTMS58,0.0324
A2RWCDXMX1C597,0.4645
A2RXEGCYQQTTYG,0.2335
A2RXSOAUN9SLWZ,0.0441
A2RXTOII0X0BES,0.0848
A2RYW5DZWMFHOD,0.2351
A2RZBX3UYN6K9C,0.05
A2RZCNXMHFUUS6,0.0465
A2RZESQH3U5LJQ,0.2411
A2RZJQ6TS017SY,0.0919
A2RZP40SE7AQQ5,0.204
A2RZPV3R0GT83Z,0.1818
A2RZVD8A0T6ZF1,0.1065
A2S00H4CKCSGS6,0.0511
A2S081Y72FI34Z,0.107
A2S0V82P8N0873,0.1186
A2S11NSTM645SN,0.5204
A2S15FGMUNDX4S,0.0403
A2S1ESRNMBH60G,0.1938
A2S2OG27OP2JDY,0.0679
A2S2VP5J3WCT6J,0.0214
A2S3DQ0BL6KSM1,0.1292
A2S3G3C84ATVST,0.0594
A2S488ENSE2HRP,0.3126
A2S4AXMCUREB12,0.0657
A2S4DN72TMWC2C,0.1013
A2S4UO73LBY2EZ,0.0894
A2S50OCZDINEWV,0.2029
A2S52LEXPAS2ZQ,0.1241
A2S5EPJ451WL3I,0.1388
A2S5JZUWE07V35,0.0643
A2S5O1D5TQTLG0,0.2205
A2S5VQZJP7PCRY,0.0495
A2S6318E1GAX5D,0.0704
A2S64SH016IMG0,0.0842
A2S7E6XB9N5YK5,0.1587
A2S7E88PJ5PJ1F,0.1037
A2S7FFKWXIUNIT,0.2286
A2S7OZ62GYQPDC,0.137
A2S7RFZVUCWOVR,0.0881
A2S9AKBXRMTXTN,0.0631
A2S9LDX7X32Y0L,0.3925
A2S9NA9G451UMI,0.1492
A2SATJUL36PAQM,0.156
A2SAW42A2VQ1P3,0.0728
A2SAZDL7G8W3I7,0.0764
A2SB4CSWRXAXJT,0.1168
A2SB8BFB6OHH8H,0.0677
A2SBBMXYNC81V6,0.1666
A2SBIQB6NJGQ3,0.078
A2SBLA889ZRFBT,0.0673
A2SC0ULPLIUT9S,0.1513
A2SC10UKHUEIS8,0.1311
A2SCDCVP3X3RJ2,0.451
A2SCLDRJVILF31,0.0199
A2SCXTX9QMTJIV,0.015
A2SD5AIM5NU2LN,0.2361
A2SDFXSJ1EVDUF,0.1628
A2SDO260QWF9O0,0.1854
A2SDUCWPMK3TPK,0.0537
A2SDZU40PD9WSY,0.6013
A2SEDOJBJURR3Z,0.0681
A2SEGI6R458QDW,0.0745
A2SEHOBX4M0OZ0,0.3014
A2SEXPAN8UK8MX,0.0446
A2SFL3B69JZCVT,0.23
A2SFRKP53UQ8SQ,0.1564
A2SGLEPIUBWNQ8,0.2219
A2SGX7YCZ7WCV0,0.2961
A2SH4497XM1HET,0.261
A2SH7OWE8QJYNC,0.3989
A2SH8OUSRC7A7M,0.1134
A2SIAAHJEOT8AW,0.0557
A2SID5XRX582QL,0.2172
A2SIJG16D12XJI,0.2581
A2SIYEILHP3EK7,0.1344
A2SJ2SD6WIG56,0.1512
A2SJERUM2UAHUC,0.1167
A2SJGBCCFA7GD1,0.0322
A2SJMA8DQ44Y2A,0.3032
A2SJPRTIGUWAJ0,0.0742
A2SJWKPX3QXHD3,0.1584
A2SL73LVZCS7I7,0.1647
A2SL86G42FLRZ1,0.1198
A2SLT4L9C7W5LM,0.6537
A2SLTO5Q1MWWRB,0.4098
A2SM40FPY16Z6R,0.159
A2SM4OZXOEMTV1,0.1483
A2SM99TS205PEP,0.136
A2SMDJ7L0JRQPC,0.4008
A2SML48V402KCO,0.0789
A2SN114I6X1WTV,0.0538
A2SN1QF4HH7G0K,0.0598
A2SNMMSKX224GR,0.0307
A2SNQ14U4ZUXSD,0.2224
A2SOAGWQYVXDIY,0.2251
A2SOEYV4W8MQJD,0.2056
A2SOKOONUQ850N,0.1207
A2SONKFWNN2R2R,0.0892
A2SOQ3OK9D8DA2,0.6326
A2SP232BQ3EIK6,0.2811
A2SP31SYMV2PCR,0.0625
A2SPT2LQ387HP0,0.2215
A2SPVJQEJCUIWM,0.1849
A2SQ4D1YGGAQ5T,0.2709
A2SQ7LA7Z8PH2N,0.0738
A2SQRADU3Z281M,0.1759
A2SR4F8QA1LN5M,0.3533
A2SS2U1H5Z2082,0.0113
A2SSY9R7799N9I,0.3469
A2ST6L3TOFEIOK,0.1148
A2ST8E3Y65EUVC,0.0386
A2SU3YFX8T4UJ7,0.3221
A2SU7HA9UFJN2O,0.3544
A2SUDI1IF5FWF1,0.0993
A2SUOPBCED1VJA,0.5728
A2SUSMSKDK6JL0,0.7
A2SV1MW01DA32L,0.1304
A2SVJWQVC7ZDMT,0.0831
A2SW560X584UEF,0.0974
A2SWE0PE557YYS,0.3959
A2SWH8G96IMJ2G,0.0509
A2SX55KGWDM5NB,0.0948
A2SX8FFFC56KDH,0.0537
A2SXFMVWDYXBHC,0.0746
A2SXHP3384ER6W,0.2942
A2SXIZ7N55VE6B,0.0985
A2SXL0NDPTP9X9,0.4998
A2SY6QYMH8A8F8,0.3329
A2SY92ZXU2FOEU,0.2002
A2SYI5R91KOZX3,0.1136
A2SYPAYM9ON3F1,0.0672
A2SZ19WB838HN6,0.2278
A2SZ8KBF07ZTTS,0.102
A2SZWMS0CRJ0T2,0.2875
A2SZWR0WW6BPUX,0.2028
A2T09DJZA3G918,0.2913
A2T0D9S16SPR3M,0.034
A2T19CI7GUT9HE,0.2505
A2T1IDDWHRUYN8,0.1715
A2T1IDVDROXB0N,0.0436
A2T1OLYFY6XTE1,0.1994
A2T1S6MU2H0FKK,0.5464
A2T1ZKNNUVVS2C,0.0341
A2T208UNIH5WA3,0.121
A2T24N91NOC27H,0.3018
A2T24Z5QP2OMXU,0.8459
A2T266WTXRX4V8,0.1943
A2T28XGN21AZ0A,0.0798
A2T2CBLOXM9AGA,0.034
A2T2FUY1H5XAX8,0.0525
A2T32DLU8KJJ3L,0.0321
A2T3BZ7OPQ8864,0.0165
A2T3L5VLPGLO50,0.4418
A2T3PHED9C8ED6,0.1037
A2T3R3E038PSYR,0.1833
A2T3T4DFFMK456,0.1071
A2T463WX091RTX,0.0679
A2T4KPVN5XQ5V6,0.0533
A2T4OX8NH9LIIC,0.1685
A2T4P8075Y0KZH,0.0538
A2T4XPDLZBP7XN,0.6325
A2T55TZ4YDS87U,0.2275
A2T59UVX1561HG,0.0785
A2T5W3OS7HLK4N,0.0503
A2T6A1P581H1R9,0.2855
A2T6CKTWZ4V1S,0.0063
A2T6F02K26AU5E,0.0673
A2T6FVCI7U4I5V,0.0716
A2T6I3YFXVQ5XG,0.1759
A2T6KCBCS8QL6E,0.2764
A2T6NHGBW0OUIB,0.3563
A2T848P8LWI8HA,0.2265
A2T84L1YI1ADGZ,0.1972
A2T89J6UK5IC5A,0.0856
A2T8N83Z0FDZSX,0.1688
A2T8OJF2DQ4DPE,0.0464
A2T92TA2O1TI2Z,0.0683
A2T98FTJRCN4QP,0.081
A2T9948RI5PRZD,0.1084
A2T9E9RPWGBH96,0.263
A2T9FTF1YHS9IX,0.5542
A2TAV3LXF0FQ14,0.3197
A2TBRJ1H3JDFNM,0.1379
A2TC83DVNMGTVB,0.4798
A2TCH9QEB68CYJ,0.0211
A2TCJYFNUFU5R6,0.6002
A2TCNUT0304BYF,0.3699
A2TD2X84AUXFZ1,0.0928
A2TEG25L70Z6GK,0.1794
A2TEN6VIVPFHU,0.2546
A2TEQ1U0O4LYDZ,0.1567
A2TER5V6RWWS2T,0.2698
A2TFRNUZOE5OLQ,0.2207
A2TFS8T9AWMDVP,0.1249
A2TFW9CPTKJAS0,0.1945
A2TFX3UL1VRHGV,0.1909
A2TGF3A2Q5JYN8,0.4723
A2TGRYOFYB9BCP,0.0594
A2THBPVDEOF81B,0.0939
A2THMERC1JBE5H,0.1734
A2THT2RZIGOX0F,0.0568
A2TI4Y4OJEFDJF,0.5441
A2TIGUXKJXBX2V,0.1707
A2TJ6NF6JCVRWF,0.4602
A2TJ7RVA2HNM64,0.1028
A2TJEZCL7BH9SD,0.0274
A2TKG2HV6WPMPU,0.0771
A2TKHRZ5SW8M5,0.1684
A2TKMA52AMCB31,0.4101
A2TKXVZVRAQDE0,0.086
A2TL151W1VURGR,0.1067
A2TL8K0XURO82Q,0.64
A2TLKD3ZPEWJX1,0.1418
A2TLM016YV34OQ,0.1115
A2TLO6LGFUP897,0.0979
A2TLS4JB7EA48D,0.056
A2TM83BIPGJLMW,0.083
A2TM97N0X3DM7D,0.6659
A2TM9IXXCCDY6H,0.0478
A2TMIG9ZVHXUQ6,0.182
A2TMJON7YWB8CW,0.3313
A2TMTZDJYNFRQK,0.0538
A2TN0U8173HM7A,0.9114
A2TNR31JQ8JTSN,0.5809
A2TNWUOVW8OIX,0.6292
A2TODK68E1N3JP,0.0998
A2TOGRO8GK5J3I,0.0233
A2TOLOXNDL6SKR,0.0949
A2TPCUVV4A98H3,0.1213
A2TPD6IFVJ8HIG,0.0311
A2TPH171QFO6ZH,0.1585
A2TPHVJUHK9SKH,0.0898
A2TPKFTT24IPF3,0.1111
A2TPQEZ7FYRVEP,0.0608
A2TPT1G2DGYEA8,0.1431
A2TPZW2V21LH2R,0.1658
A2TQ5275ZB2ASS,0.026
A2TQBTE41AUBE5,0.0749
A2TR84TPB5Q7LQ,0.166
A2TRC2TQFZ68UX,0.1168
A2TRFRIDTRKT57,0.1062
A2TRLGHT2BX98,0.1677
A2TRXEZYU9GYY8,0.7999
A2TS1X0QT7I1NU,0.1335
A2TS471DAEZTJU,0.0857
A2TSEMR6PLQP98,0.3505
A2TSTRYQ5AA9U6,0.1223
A2TT0EA501Y6IF,0.1006
A2TTP36DJ41PQP,0.1353
A2TTP86LUT27C8,0.0786
A2TU1LS17UTRF6,0.2304
A2TU6GRU30N6TR,0.0524
A2TUB2KO6KKA0P,0.1573
A2TUD0VXUTNO7N,0.4
A2TUL1U56VMPJJ,0.2468
A2TUU7S19L7RYU,0.1216
A2TUXUOKJHAYCI,0.3689
A2TVSDJQ8LZE1M,0.09
A2TVZXYHMNTSW2,0.0276
A2TWF1PYUKNO0C,0.1289
A2TWFW7CCZQORL,0.1924
A2TWHEQLTFAWD2,0.0485
A2TWY656F94W0Z,0.4881
A2TXBQMIFNUWKE,0.1362
A2TXGN8ZJDUSGH,0.0653
A2TXIYMIN78I1V,0.2222
A2TXMYYGSZCSZ1,0.5834
A2TY7A4X7JTYB8,0.0661
A2TY8XFIRF0VPH,0.0655
A2TYKAXDDND7OE,0.066
A2TYRZC2C51E2W,0.1677
A2TYUM8DDY2UZI,0.6992
A2TYWKCMHUYVK9,0.1416
A2TZSM0GNHU9CN,0.0406
A2TZTKQWJXVK3E,0.5656
A2U019BJGLQWSI,0.1648
A2U16CWOXBD4LI,0.0505
A2U19SNA2ILW1W,0.0594
A2U1D7A4HBJSQS,0.0848
A2U1I8QDQNCY5E,0.0136
A2U1IZ6SOWOQH5,0.1595
A2U2MG0JUPIE5V,0.116
A2U2ZOV0IYWSC8,0.0835
A2U3CBFKJA34NA,0.1759
A2U3GNLOT28XCH,0.1529
A2U3NOMO7FA0GM,0.0791
A2U3NQFC2ZT0SO,0.1605
A2U3PPXI73BN96,0.1102
A2U3RXXQAC0GHO,0.1632
A2U3Y1Z6H7PE4G,0.261
A2U4107AK2O2GN,0.377
A2U47O0P6F27C2,0.1222
A2U4Z76U7DF68,0.328
A2U5HFDRMADQDB,0.1442
A2U5K5WNTJWQF2,0.1203
A2U5U2WZMUZNPZ,0.0237
A2U5URERUIB253,0.1382
A2U6HBHYLCPU1N,0.1381
A2U6WZT6VBKL11,0.0086
A2U6X0GHPCODVV,0.3357
A2U7HQI5DQUT61,0.3251
A2U7KGKNGN0JM2,0.4418
A2U7KJVIJKD5Q,0.1001
A2U7L091GVMVJ1,0.1866
A2U7T72Z0EFR9P,0.0235
A2U80IPZXN5V1U,0.2119
A2U80U8KAR1DL,0.1025
A2U8D5JZ5RKRIL,0.1508
A2U8K190L4H8GM,0.2238
A2U8XR2RA512N8,0.1352
A2U8XSU8ZCVPX9,0.0425
A2U9BKVZKODE5A,0.0821
A2U9VGUR4URMLB,0.3902
A2U9XX4Q5NQBG6,0.2553
A2UAM0ITC30078,0.1833
A2UAS6OGCR8IUG,0.0538
A2UBJ9XS14PRQ7,0.0667
A2UBYEOEW6HKOR,0.5633
A2UCIHKZ93ME0C,0.1013
A2UCLE5P59MKWD,0.2941
A2UD8WW52IRDH4,0.1947
A2UDFXKJKPL8G5,0.0366
A2UDK0HL00GYBL,0.4683
A2UDM58AXW7O3V,0.0905
A2UE437XZ2QY86,0.0669
A2UE49UQGINCJW,0.045
A2UE7IZWQWC1JA,0.4003
A2UF03KWEQ1G64,0.0555
A2UF3NLORSWUI3,0.324
A2UFLC250UOE3L,0.2598
A2UG220UJU5DO,0.2265
A2UGCLWKF2DTK6,0.0656
A2UGMUPCW2ZVSH,0.1389
A2UGRZBOCL0JB0,0.2859
A2UGXIAGSJHHDB,0.1971
A2UGYHNUISVGYP,0.2248
A2UGZFWCCIP44G,0.0499
A2UGZJVDFKEMIB,0.0425
A2UH53Z5LKV0BI,0.161
A2UH5HZG2WX3R2,0.2678
A2UHCJM6359S4F,0.0019
A2UI8UBAS7DJVD,0.0593
A2UIBTSN2FRSFQ,0.0613
A2UIO3PM86K6N0,0.0626
A2UIO8RXYYT6MR,0.1478
A2UIQYJOGAUPSS,0.1592
A2UIYULZNTGQ4Q,0.1528
A2UJ8YE9HLGIQ8,0.3929
A2UJC17IDFQ3AL,0.1715
A2UJWVAPHU1OOW,0.0954
A2UJXKYCGZWZ3U,0.0788
A2UK2ZTPZQLEAL,0.3537
A2UKOHFEAN1XUZ,0.0256
A2UKPJZCR6NIO2,0.2048
A2UKZQCU85ICYM,0.0649
A2UL7BPWRTY0IV,0.0584
A2ULZL2YWJGV4D,0.0687
A2UMCGRN8YOU5Q,0.0235
A2UMKYU1LZZE00,0.0986
A2UMU58TNGB9AE,0.272
A2UN2RCYKJH0Y5,0.1503
A2UN4NLBBF4YRN,0.2081
A2UNEEEJNHGS2D,0.6696
A2UO040HWOP0C2,0.0398
A2UOBPRIH6UBEM,0.2481
A2UOC6T2I7RD4D,0.2328
A2UOSYIC8D0LBP,0.2267
A2UP9RWR8DQFCK,0.0184
A2UPY4D7T8EW6L,0.0197
A2UQBQ0DOSY6DL,0.0766
A2UQLK3IYEV94X,0.046
A2UQSIUPX1C2Q1,0.0081
A2UQUJWVY2L5TQ,0.1906
A2UR1OUGLYWJ6S,0.0231
A2UR2C7TIMBMZX,0.1403
A2UR5UYOIQQYRB,0.0503
A2URMGQQRLPQYS,0.1678
A2USCSEPARB0H0,0.0476
A2USEB0V03F5XN,0.0512
A2USK85WGL8AVN,0.2559
A2USR6TZWUFN7B,0.1585
A2UT8SCC8NMVR0,0.1053
A2UTEA9QW087A0,0.3685
A2UTHRUDG8DP07,0.1112
A2UTTH4T27JTRE,0.0608
A2UU8E5QSXJGOM,0.2117
A2UVNWWAPGYXFV,0.0134
A2UVOEFDQB20OT,0.0648
A2UW9WI22QKMZE,0.7252
A2UWB6VLN6NR2D,0.0876
A2UWDYNG7MUETA,0.0698
A2UX49C3ZKV8T8,0.1092
A2UXCJHEOD9SC1,0.1298
A2UXMXX5Y8CI8G,0.1268
A2UXQ9L0RKPXRL,0.1643
A2UXZ9YW1ET0QH,0.431
A2UYEPDX2FLJVW,0.0957
A2UYNRUAY69W0W,0.1763
A2UYUQCBFV9D5S,0.2483
A2UZFUR2PS5YZ4,0.3163
A2UZVC9I6G1LQK,0.1075
A2V04K1X31OQ6H,0.0942
A2V0C4HU494D37,0.1381
A2V0CAZDWCPX62,0.166
A2V0CNBJ63G6TW,0.1179
A2V0TX1N4A5DB,0.1167
A2V0U62C7GD4KD,0.1307
A2V11FOULOL8VG,0.145
A2V1IH9V1PBO0G,0.0326
A2V1UWS6P5S6YU,0.1531
A2V24SPBFPCMQ3,0.1578
A2V2WSB5AVI4N7,0.2035
A2V2WY7ZQF9MJ3,0.1288
A2V2ZHP2WM94QI,0.1489
A2V3K5ZQ0Q3A8R,0.0888
A2V44P7W37Y9MA,0.1281
A2V46ZQ9WSA1HG,0.0332
A2V4F453JTQVQ0,0.059
A2V4OGW5TODMSF,0.0986
A2V4V78CDKYGMT,0.0739
A2V53BZ9H8U1PO,0.1347
A2V5TQFZUPAR16,0.5012
A2V601AE4465ND,0.0432
A2V6CYMNRWU2HK,0.0267
A2V6YGGQ9BVZ4V,0.1191
A2V7QLHYZJDO6A,0.1162
A2V7QXV0H1ZVDE,0.5712
A2V80K8RI924EJ,0.0056
A2V80ZROVHV2YT,0.5967
A2V84NV5I1UE79,0.0687
A2V85X981A4RQW,0.1186
A2V8JWK27NMRO8,0.1632
A2V8LCUQZVJWTG,0.5854
A2V9DTXTQ5YIMK,0.8148
A2V9I6XYXP2WV3,0.3603
A2V9PLC4OWPW1E,0.2312
A2VAH77L2MY1Z5,0.1807
A2VASD2OFJ4Z4K,0.0197
A2VB5FKZMKLVPV,0.1247
A2VBOW7BLMTC8Q,0.1068
A2VBT7ZK6CH7K1,0.1626
A2VC2CCXZH5LQN,0.1684
A2VC88MM8BZ452,0.0897
A2VCILWWI4OD7Q,0.1351
A2VCRAVSBYUG6O,0.0311
A2VDC0NVWWWG0T,0.0119
A2VDL1W00E2V92,0.0846
A2VEBBU8VVPJ4U,0.1582
A2VEI09OYPRHW2,0.0169
A2VEU46CA5QZ4O,0.1208
A2VF6TEWSJZ1WG,0.075
A2VFHRIG06OV6Z,0.0353
A2VFN33XFSDW9C,0.6855
A2VFS563I4YB8M,0.1991
A2VG6CVUGSQ81D,0.1084
A2VGE3D5HHNC9D,0.1422
A2VGH1NM7L5JUZ,0.2302
A2VHK3A0FOBDTK,0.1167
A2VHVU4OT13FUO,0.0929
A2VI7695Q89WML,0.2218
A2VIP1K8YKIX2U,0.0632
A2VIUUWR7B11KS,0.0342
A2VIX50K7SO6SZ,0.1972
A2VJENCCV8LWXQ,0.023
A2VJJ2POCLMED7,0.2297
A2VJSRI3AOCAD6,0.0944
A2VKGCVMVR21C0,0.1342
A2VKHMLLFGIPU9,0.0416
A2VKNHJ13XED7D,0.0877
A2VKUQFGKQ7D2H,0.0577
A2VKXIBTH1E4VN,0.3328
A2VKZ8BVFUM55T,0.0332
A2VLF9FE68LFX6,0.2765
A2VLK05BC8OTRQ,0.6679
A2VLO1J42YCWJK,0.049
A2VMQQ1WK3LJ17,0.0221
A2VNGOYFQ0PUER,0.0623
A2VNHSOB2EO2YY,0.0086
A2VNJ8FNOD62W9,0.0361
A2VO0DC7L19X4D,0.0849
A2VO1XDMSA0UVZ,0.405
A2VOMDHZ5EE320,0.1692
A2VPDO3G3E2TPT,0.0704
A2VPFFNPP58O91,0.1886
A2VQ3JF3TCLFBU,0.1662
A2VQ3NXP9KWLE4,0.0387
A2VQECD0DA38E,0.1258
A2VQKZXU3215O7,0.5715
A2VRKFYCAV1VJ2,0.1325
A2VS2ZGJDHVAVV,0.2486
A2VSD9D09W2W9B,0.082
A2VSE81NGRBMZ1,0.4744
A2VSKF5CIOWDBI,0.2207
A2VSKUR61RYPYH,0.4109
A2VSNXLGNFUNMY,0.4084
A2VSQ54H9KC2OR,0.1481
A2VSUA9IJWTDJZ,0.0636
A2VT44MCMAW8RD,0.1965
A2VT7PM6MAFZI,0.221
A2VTEO649TXYEN,0.3867
A2VTVISFZQWOWY,0.2073
A2VTYAHL30ID2W,0.046
A2VUYZAEVAIQHW,0.0944
A2VVPVI9BGYM7L,0.0852
A2VW1WFXXEUBT0,0.135
A2VWLW8JMDWW9W,0.1039
A2VX0QFQR113VH,0.1725
A2VX5SAAEGF4DH,0.0341
A2VXGBYDQN5C3F,0.2294
A2VXO7I3JTMJ8T,0.1969
A2VXWDDIU2YMRX,0.0149
A2VXWQ2M6QAO38,0.1215
A2VY6PIZHB12QK,0.0844
A2VYCMDYUVF4ZU,0.1109
A2VYOLP8BJDQYW,0.2047
A2VYRRDJN2UKWB,0.2171
A2VYSDQ4Q7B2TC,0.2394
A2VYSW6T63JF2W,0.372
A2VZET5SXXG5AJ,0.3114
A2VZHBZXSPEWXQ,0.1703
A2VZNEM0V65R10,0.1013
A2VZRPRIOAYJEV,0.1964
A2W0K48M6KR71F,0.0392
A2W0RBHXLMJC93,0.1454
A2W0V8O0AKY42R,0.207
A2W0ZE7WICAEH3,0.0355
A2W19U5DEIH0BP,0.0989
A2W1J5Y8XUK9NJ,0.1851
A2W1J67OS0VIAO,0.2015
A2W1LLW1Y682PW,0.3061
A2W1MVC5OR0I92,0.1173
A2W1PVYIOI5A30,0.0841
A2W1Q7NMW6HOYO,0.3681
A2W1S97NCY0VWD,0.0254
A2W22DUZFKQCM8,0.095
A2W22F71SEOLYK,0.1566
A2W26CPV6BTAXI,0.0686
A2W29HD38V9F8X,0.2991
A2W29JPY9UBVZ5,0.0791
A2W2BGVTAJ2PSM,0.0972
A2W2KU6RA6EHHC,0.2039
A2W2L97Q4B8Z4C,0.2985
A2W2Z5ZL8A49PH,0.0113
A2W3B8UA45I25Q,0.6057
A2W3U5MHPVUP7E,0.0218
A2W45RK6AFUFNK,0.0812
A2W4GRVON8APBU,0.2259
A2W4L816N62KPH,0.0868
A2W4VJCOBFJWYV,0.1574
A2W4VUPFGYA385,0.1193
A2W57WDWTR2ADQ,0.1486
A2W5S26XTAFD97,0.0309
A2W6L43ZQTUT94,0.1162
A2W6N8135DJ4Q6,0.0222
A2W76H87DNXXIQ,0.2322
A2W79GCSMW9S9I,0.0595
A2W7V9ZZE91UZV,0.0168
A2W8E2X9358OC4,0.2768
A2W8F49QLULA4U,0.1063
A2W8GQ93VU8LZV,0.1641
A2W8HPGBRXTDK6,0.3572
A2W8L7O2RC73OX,0.2381
A2W92MBAVSOWLO,0.0418
A2W940MKHSJ1XI,0.2074
A2W9MM3DJ6N0R8,0.077
A2W9VGCIJQG0NI,0.5607
A2WA1A33IHLZZJ,0.1121
A2WA3CPIL2W2GT,0.0272
A2WAIJVHEORMBK,0.343
A2WAODVHIPS6U3,0.0694
A2WAQ2W3QJL5IM,0.2488
A2WAWYUHWUL215,0.2787
A2WBSLTE5D541H,0.2916
A2WBZTSHU61UOZ,0.2155
A2WCA7FVGSIWU5,0.4144
A2WCB04X1TTSDS,0.0929
A2WCQLJFTE23OG,0.1111
A2WCZZ304SM5HC,0.1669
A2WD17QIWU2CPZ,0.0847
A2WD487DM2UDPE,0.1147
A2WDCDU02FC2T3,0.2606
A2WDJ3YB0JG42J,0.5437
A2WE24HCTKKM4X,0.0613
A2WE4JPZIFA4K9,0.4882
A2WEF2MJ7MWNJT,0.2341
A2WF3ZGDOQP4B0,0.0211
A2WG310V8BKUEW,0.132
A2WGADU89UO0EB,0.2161
A2WGEGJTW1ZZYF,0.0882
A2WGGH4ZEPPLZD,0.216
A2WGIO96GU5F9F,0.31
A2WGQJA3TVVECO,0.0877
A2WGSEXR7TNZM5,0.2692
A2WGUP4EZFUNZJ,0.1753
A2WGX6E60UZU9J,0.0327
A2WH4ISAUH3EK3,0.1317
A2WH4JGAKXOYMJ,0.0228
A2WHMTOQN6BOX0,0.1451
A2WHU3Z9LYOB86,0.3154
A2WI15EXYOWBK,0.0773
A2WI5XJCEL035S,0.2099
A2WIQ02JR8P4HC,0.4157
A2WJ59L9ARDQVH,0.1748
A2WJ6JR6AX7YAZ,0.0464
A2WJBJUR22RX6B,0.0437
A2WJFVGN7CTOS9,0.3679
A2WJGW3BF6MPMH,0.0802
A2WJUICEZVACHW,0.0977
A2WKAMTWACF7NU,0.0692
A2WKKLZHMMBSFC,0.1316
A2WKRFZLWM7VTP,0.1991
A2WLA2JUPM0ED3,0.2271
A2WLPHRRNMQX2V,0.2093
A2WM1KL9DQSQ18,0.2945
A2WMYZU3UCI8U0,0.0618
A2WNLRAF6OC72V,0.0917
A2WO1AMGXON0QH,0.2003
A2WO3HGK1KET9,0.0933
A2WOE8UPO9VFVU,0.0726
A2WOPG2BF0DDJD,0.2102
A2WP3WEYA1SQCA,0.3244
A2WPEGMHNDK7UO,0.0926
A2WPLAK5I76N8N,0.3239
A2WPWLEO3XCDP0,0.0674
A2WQAYC0V7I6GH,0.2896
A2WQLFB6GN33EG,0.2836
A2WQPBT1JGLAMV,0.1252
A2WQW48F4J8VNF,0.1582
A2WR2QBMR00X7C,0.4517
A2WRKQY6L32JJV,0.0751
A2WRPCA4TS0MEB,0.0682
A2WRQ8H0HZ79FY,0.3768
A2WS0U0603Z04P,0.2328
A2WSE6LXKM1DP8,0.2494
A2WSFMY6NI495E,0.1502
A2WSS3BDIT1IGI,0.0196
A2WSTRQTOHLRC4,0.0267
A2WTKQBN78TXD2,0.0701
A2WTPZ00M8LSMY,0.389
A2WTZZ1O3XXY5,0.0609
A2WU7IKAQINJAY,0.23
A2WUGQKN584PCJ,0.2498
A2WUHKA1I75SL3,0.1545
A2WUL4TA8JPU97,0.3406
A2WUNBBBK6LX7B,0.236
A2WUOZN2O3HEFK,0.5631
A2WV816Z0MR2ZL,0.2424
A2WVBEKO391ZH0,0.1451
A2WWH0RGA7DVVN,0.273
A2WWMB8JVVHZMQ,0.1246
A2WWY5ZRADZRZY,0.1637
A2WXL2NC39ROBS,0.5677
A2WXLCO6E6T1Q6,0.4452
A2WXSJAESQSBIC,0.3066
A2WYCI7OJKLMVZ,0.2793
A2WYGVGWA1NQ72,0.0755
A2WYOUNJ93WITZ,0.0706
A2WYV9THCT8RCX,0.254
A2WZ7GEZN18W23,0.0031
A2WZVWFVVI8BF0,0.6101
A2X005PTEXF08S,0.0155
A2X05YN42VQ1D5,0.1869
A2X092QJNTY30A,0.2419
A2X0EUS0IURU7Y,0.0437
A2X11U5JCPGBAT,0.6017
A2X1E214TRA9Q4,0.1818
A2X1IIDFC7YSZI,0.0893
A2X29Q2OV8D6PZ,0.4429
A2X2MGHUCNOQ68,0.0971
A2X354HYO55NFX,0.1102
A2X3DNDW9LGSOZ,0.0203
A2X3LO7U57XG5,0.0702
A2X3PX2HTKMQID,0.288
A2X3T4KQEYNBZM,0.0863
A2X3TOL5HAU6OA,0.3705
A2X3W1DA2HMRJL,0.2488
A2X4U0ZHNQGRXX,0.0889
A2X4UL21EF653R,0.1167
A2X56FQHPZF48A,0.03
A2X5DRMW0F5DOZ,0.0348
A2X5THJS0N2Z2M,0.373
A2X5YQDN4P5RHA,0.0642
A2X674TN3P7AVU,0.1032
A2X695AM08AIN1,0.5108
A2X698OHEBB03P,0.3376
A2X6COYUI9EKID,0.0778
A2X6DCDHW4UYUP,0.0452
A2X7NBUETXC19E,0.3831
A2X82DNFSIKWYY,0.305
A2X8ORQE9W3GIH,0.1385
A2X8TPJV5HBD65,0.1209
A2X9SQSKV4WKT0,0.2398
A2X9T5SNNDLV21,0.1173
A2XA6JM1SKBSHV,0.5664
A2XAKGRUHIE2ZA,0.4412
A2XAM27PKFKKWB,0.4078
A2XAQ3LB4QPEV9,0.1263
A2XAQ8EG6DUKWY,0.0953
A2XAQOWHRPY98K,0.1679
A2XB18IXOKUV82,0.039
A2XB9ZAJKW7QNL,0.2369
A2XBCBPAJT6W40,0.073
A2XBFJZRMF9BJX,0.0676
A2XBLFO7ZO70VO,0.2558
A2XC4LA4D89ZA8,0.2639
A2XCA24U4LQ4CF,0.0478
A2XCLHO7US1MI0,0.0815
A2XD36ONYLNU5J,0.1947
A2XDJQJY4GCETF,0.0227
A2XEX0P6SDSDVS,0.0664
A2XEXPBAXWRQUS,0.2319
A2XF6YX601SZ1Z,0.2117
A2XFBCWNNNG4OQ,0.4217
A2XFGIOU6DQWMX,0.6021
A2XFM8PN6G0B02,0.0732
A2XFQFYADPW7SB,0.1567
A2XFVTEQ7FDQJH,0.1919
A2XFWW56M0ORQ3,0.0203
A2XGFPVV6P815H,0.056
A2XGTJPI83DHW2,0.0546
A2XHLFN893T4QQ,0.0257
A2XIRK8WCGR6CF,0.7922
A2XJP3MRBSGYKT,0.2722
A2XK8WOE7ZP52G,0.1822
A2XL2BZVJHTDNP,0.311
A2XL91CP36T8F1,0.1314
A2XLEVG4HE14CQ,0.2827
A2XLKF9IMROL8P,0.237
A2XLT12TLO0WUB,0.1562
A2XM50BCI5A9ZT,0.2279
A2XMR9ORMNKKM6,0.0033
A2XMULYNIYD7T9,0.1233
A2XN2L0AFZ0PLG,0.0414
A2XN4ENQSOS7DQ,0.1193
A2XNI4DVRX9VAM,0.0667
A2XNJE10EFSQ2M,0.2936
A2XO7E3FDFFLT3,0.3353
A2XOA9ZXR2D0DF,0.0256
A2XP34OHJTF1EI,0.349
A2XP5EU9157FV0,0.1206
A2XPJ5FLVMFJAY,0.5296
A2XPTIYJO4ZMWT,0.0981
A2XPTPB0OPNSFA,0.3194
A2XQ2YMOF1FP0H,0.0632
A2XQCM6C945HSO,0.6933
A2XQHHYC2XY902,0.3241
A2XQY2UZRMC2U9,0.1019
A2XRE6MU9BIG0Y,0.0494
A2XRJ29ZLECVP5,0.0826
A2XRMG58UOPU8R,0.2762
A2XS1EVB21CI39,0.2959
A2XS29627974V2,0.0985
A2XSGH4PUZ9V8M,0.1618
A2XSKL7SCYK63T,0.0075
A2XSM2DWMPR1MH,0.466
A2XSN3IKSH7QJL,0.0956
A2XSV602WJZGAM,0.0985
A2XSWCW099J942,0.2436
A2XT8C2ASRLF2M,0.4752
A2XT93QTEMFMXM,0.119
A2XTG1CMAM6QU2,0.178
A2XTJ3W96MYEBB,0.2262
A2XTR0MSQ0275D,0.1934
A2XTRIJIRKVZIU,0.1515
A2XUMHOILXH9AM,0.0882
A2XUYFBCXRO21E,0.0335
A2XVR5MH3843OR,0.1596
A2XW1QLZVLXZ6L,0.0183
A2XW35P5KF9UJY,0.1602
A2XW3V01Q8K7RO,0.0985
A2XWDHTF1F8X3N,0.0086
A2XWEYNZ5EX1PB,0.0783
A2XWNP8DFXIF9W,0.0187
A2XWVY6ETBH4C,0.086
A2XXCCT0TBVDIE,0.6628
A2XXHWJTWB33WQ,0.2133
A2XXRN2ANQDBKO,0.0614
A2XYBR08JXB6FM,0.0175
A2XYMZT92ECAD8,0.0683
A2XZCMCRPQDW6J,0.2116
A2XZD1EQ7FMYN3,0.4439
A2XZEJTY5EJ64K,0.4463
A2XZSVLQMMDJ89,0.4094
A2XZUB2TPKC95R,0.0804
A2Y07FRF7ZMZVF,0.0729
A2Y097UFHJ7HWG,0.1824
A2Y11TVW6NUK8A,0.0183
A2Y12OJTYAYDDL,0.0603
A2Y1D9287MGNQ4,0.3613
A2Y1WCTQSD4PVP,0.3135
A2Y2YN8TJB9U6P,0.1411
A2Y3AZK6UM3LLM,0.0563
A2Y3BH7YAF3B1J,0.1153
A2Y3E9ZMKAGHK6,0.1437
A2Y3EV4HORECFJ,0.4852
A2Y3F3C8N63JD7,0.2205
A2Y3F8RK5SE2ZU,0.0174
A2Y3MMINQTYZZ1,0.4235
A2Y3TB6MSBZCK9,0.2643
A2Y3WO0FT1S4M0,0.0827
A2Y43HLB7AHNQX,0.0775
A2Y49KA0M7XKQD,0.029
A2Y4LA2GGM133X,0.1596
A2Y4N0IFVNNP46,0.247
A2Y52HTHY4ZK1J,0.0419
A2Y567F4VE6MYB,0.0941
A2Y5ABSRE39BDN,0.2242
A2Y5NI5AOZMK6D,0.0226
A2Y5REWKC7TUHO,0.165
A2Y5YLEEP06Z6G,0.0703
A2Y6IDYSDC9QTY,0.2946
A2Y6LMN47WJOXN,0.1537
A2Y6N1BFQND1XG,0.2681
A2Y6YYPH84E0IQ,0.0778
A2Y739CRM15WDL,0.631
A2Y741UP4ZD9FL,0.0855
A2Y7Q9NAZ3D2W0,0.5681
A2Y7SQ2Y0XT92M,0.1344
A2Y8EGG96GD6T1,0.0272
A2Y8VMXX743FAN,0.304
A2Y8XRPFCJERHX,0.1022
A2Y92FJQ35V0QR,0.0412
A2Y9P0B8JGSY,0.2155
A2Y9YCQBMCFUDL,0.0645
A2YBKKLYAMSJMU,0.0668
A2YBOK9Y0R0Q5E,0.0969
A2YCT7G3HKOJJ0,0.046
A2YDJ928L04Q1C,0.0213
A2YDK50S4K2JCX,0.0663
A2YDSDW61A7JCW,0.159
A2YEA8F65SHGON,0.0172
A2YEB6ZF3L9XV1,0.1244
A2YECFMBM0ZS6,0.1988
A2YEE23RGYURJU,0.0196
A2YEGCDUUAE94N,0.2465
A2YEKL4SKHI5Y0,0.0701
A2YEOR4XJ8N3QE,0.4857
A2YEU6L6OCPEC2,0.1678
A2YF4URKFGNEEV,0.2091
A2YFFCKWBT4ZL6,0.0919
A2YFTFT043RCIR,0.1351
A2YFUJL8RXAZM5,0.5491
A2YGPF0A4T8DY,0.2858
A2YH5ELVY1VKQ7,0.2632
A2YH7F9YH12NIS,0.5661
A2YHJG6LDK8A4W,0.1419
A2YHLSCFPDQZBV,0.046
A2YHQ1K8U290GN,0.023
A2YHVZ52FRPAOR,0.2604
A2YI6MELL2JWUG,0.0886
A2YI80B81SFQ0O,0.1442
A2YIBBPK6JFVQC,0.2348
A2YICFDQ540B0,0.2496
A2YIFMKUZI1OGA,0.0099
A2YJOPWG7R7OWT,0.1757
A2YK4UP8YHQAUC,0.3823
A2YK7YPFT0FNVK,0.0919
A2YKI9I12FWCHG,0.0371
A2YKJMO5F61YKS,0.0859
A2YL701K4ILF0O,0.0184
A2YLHJD0GC77J9,0.1476
A2YLOBC5AMABSK,0.1245
A2YM9OX2D5LSE,0.4186
A2YMFTKZIGM281,0.136
A2YMH397HE8D0Y,0.0969
A2YMH80NS16MQ8,0.6149
A2YMH8JBTRKZ3C,0.0143
A2YMP0GYNVPLNT,0.5775
A2YMTU63QRXULP,0.0656
A2YMUWJM04EWUL,0.342
A2YN17EABMMP9D,0.1053
A2YND5M9WCFXID,0.5874
A2YNYGO660LOTR,0.1312
A2YO5LAIK7CB2K,0.1968
A2YOH9LHZ0XYG9,0.1111
A2YOKHEFFT43MX,0.2699
A2YORCT7S58Y39,0.628
A2YPE1GC2ORYJ7,0.2389
A2YPJM6WS48YAO,0.4921
A2YPO3NT7VGXW1,0.0932
A2YPOJ88NT674A,0.0097
A2YPTBUWEAMXIB,0.1116
A2YQ67DXLWBA01,0.2077
A2YQ8MEMUOWZK6,0.0143
A2YQGFJRHAZEX,0.036
A2YQICWD7C1F9U,0.4816
A2YQNNNQCZ808D,0.1603
A2YR272YWI5USX,0.1795
A2YR7E5AWU2X3J,0.044
A2YRPZERLLTFK5,0.2267
A2YRX8J4WM5BRX,0.5732
A2YSG47MVTUX1L,0.1952
A2YTASK1N6F7N1,0.1152
A2YTI37KKD7KMF,0.1675
A2YTKXHY0R0SUU,0.1381
A2YU6764AC04DJ,0.1907
A2YUB71HT3NHBK,0.1448
A2YUDQKESBIEEU,0.0356
A2YV1BOXUMTF03,0.1895
A2YVDKPJ9BRPAD,0.2899
A2YVT8YVTMKJ3G,0.3025
A2YW6XOID7GV6G,0.6386
A2YWCLGSB71VFK,0.1787
A2YWHND2TY7706,0.5445
A2YWHYLGHUTXB5,0.0974
A2YWN109M4NK3J,0.0406
A2YWT1Z459TX2Z,0.6554
A2YWY9BZ9KRDR,0.1108
A2YXFEGFI46ZDN,0.0849
A2YXPUODEY5LC2,0.237
A2YXSMAP0A5TH0,0.1797
A2YXYJ4JJC5BQB,0.1977
A2YYGSXDHMQKSI,0.1003
A2YYX0UOJDYPBD,0.2357
A2YZ5I3CKKV6LY,0.0888
A2YZDI58BIHUHY,0.0317
A2YZEZ1ZQCFRTA,0.7253
A2YZVO7HB60BO3,0.5361
A2YZZW6MQC1SVQ,0.5852
A2Z0DRMXU98TT3,0.0513
A2Z0IOV7LLSICF,0.0914
A2Z0PH91IV8WE,0.0742
A2Z0WHBPBRWB9K,0.1878
A2Z143QC5T90WG,0.4309
A2Z183MNV4D7IY,0.1061
A2Z1FK6BTK1IIQ,0.328
A2Z1TUR16L5SVA,0.073
A2Z20G52ZTG3TG,0.1481
A2Z2FF0A2YUW6M,0.0404
A2Z2KYL81P4EGM,0.1451
A2Z2RKOFT8BZW6,0.0378
A2Z377QLXFD4VH,0.1757
A2Z3VJH6GJKHIS,0.0035
A2Z4HOWGB3O2NP,0.0715
A2Z4KEZ66CD0IT,0.0652
A2Z4VIJN83YDOG,0.3177
A2Z4W5JX3R4D7L,0.0197
A2Z51NHQ9FYO7A,0.1158
A2Z57VNAIKJ1E4,0.2801
A2Z5D065JAEB3,0.4338
A2Z5RHGZN1Y09E,0.0648
A2Z61J4CUFPBA7,0.6022
A2Z6M29DOKM8EB,0.0609
A2Z6WUBUEHL4IY,0.1515
A2Z79NJW2QXSG5,0.1237
A2Z7ESXZL3H9PN,0.2774
A2Z7HNOUSJ8NWT,0.1789
A2Z8ZU2FQ8R5Y6,0.3137
A2Z93MCK9VL8PM,0.1701
A2Z9LV56BDY6EM,0.3732
A2ZAOZ1TYBJVUM,0.1525
A2ZB213G4PRCM4,0.1778
A2ZB25DSTJH8YZ,0.0455
A2ZBCBD0R8S72V,0.3435
A2ZBRW5Y9FU11R,0.2313
A2ZBVGD9NMEFCX,0.0272
A2ZCD901QJP827,0.0865
A2ZCG424VQZFSP,0.2684
A2ZCHU5ZNKMCYF,0.28
A2ZCWFNMC84GPY,0.2111
A2ZCWSZICBSO8Z,0.0969
A2ZDJTAXWCQRU5,0.0707
A2ZDMIP49N36UJ,0.3941
A2ZDU057E1Z65V,0.0537
A2ZDX2GRH96GL5,0.1514
A2ZECYNBMKNY78,0.0802
A2ZEP41O7N9OEV,0.073
A2ZF8MATF35N48,0.1905
A2ZG3TLZAJ1SM2,0.1842
A2ZGDSN7DH5ERF,0.1364
A2ZH26QW2ZPK2C,0.2063
A2ZHNMF8EDSA34,0.0305
A2ZHSHIVYKUFQQ,0.1639
A2ZIIOORFKU1S9,0.1052
A2ZIM0MV1D1CNU,0.2413
A2ZIYV6Y9FLYEC,0.0549
A2ZJAJPVFH9PE4,0.1733
A2ZJMLZ1IA2YA9,0.6549
A2ZK6GEC4045K,0.061
A2ZKQC0XCIIAEM,0.4043
A2ZKSY7U1UYAG1,0.1451
A2ZKZFCPLF0ROJ,0.1911
A2ZLGZ6V1UV5FX,0.1652
A2ZLYKRCOKAP1D,0.1933
A2ZM11MEGHZ4ZA,0.0129
A2ZM5YCX8XFZZ4,0.2089
A2ZM7O40B01QJ6,0.6238
A2ZMBVLU9GR4EZ,0.0571
A2ZMDF5DYWB7II,0.1172
A2ZMGBHL8HQADQ,0.0299
A2ZMH05LYXCVT7,0.0868
A2ZMK9EZNTII62,0.2364
A2ZMT1JMXG4YBB,0.0474
A2ZN4Z64QH3321,0.5983
A2ZNANUA9P1CUT,0.1921
A2ZNDM5U1QWHZ2,0.4029
A2ZO2WKMD42MI,0.1365
A2ZOG2EB2AA4MX,0.1362
A2ZOJ0TES9MMDJ,0.0659
A2ZOL3X7TU4NHS,0.1681
A2ZOM5ZCF115OR,0.2268
A2ZOMLJSE5BK0D,0.1891
A2ZPBQ3VEKPTYA,0.1207
A2ZPUPNKC6JEL7,0.0696
A2ZPV9O5HMJCLG,0.0789
A2ZQ3XIF26IF8N,0.1741
A2ZQAJIXZTZME5,0.1049
A2ZQFEEE4CR8HN,0.1418
A2ZQVMW5RF4OYZ,0.208
A2ZR3YTMEEIIZ4,0.1713
A2ZRQ6XQ8XNMTO,0.1896
A2ZRSG04YX4S9J,0.1741
A2ZSL86ZBX1PXT,0.1077
A2ZSR37M3KHK8C,0.1316
A2ZSTNMENRKS5T,0.0854
A2ZSUHT88VU7BT,0.1008
A2ZT2JGCO95CL2,0.1336
A2ZT5LYQVJQJAU,0.374
A2ZT9K39C45LEF,0.3773
A2ZTT1HI6H604G,0.0897
A2ZTUIWXR6FED1,0.4744
A2ZU4L8XD8B8JA,0.2469
A2ZU4ZTPJ8PURX,0.0229
A2ZUBV1VSZ28SF,0.3893
A2ZURRQF0GINKQ,0.0914
A2ZUZ3YCZZTV25,0.0203
A2ZVQL2Y73ND45,0.0402
A2ZW7489DI8K63,0.1637
A2ZWHO87S7L5DA,0.4451
A2ZWT8VQXLOFLL,0.0725
A2ZX53OTVSE6RU,0.0804
A2ZXBFBA7EKYNR,0.2536
A2ZXE6NS78MKIB,0.2076
A2ZXYCWPNS6KX4,0.0127
A2ZXYKQYUYS9PW,0.2334
A2ZY14X18VVJAI,0.5576
A2ZY23X9IKXMON,0.2594
A2ZY49IDE6TY5I,0.7711
A2ZYEJTUAN7DFH,0.081
A2ZYHMQDLQ8O76,0.0917
A2ZZFET0L13WX8,0.2354
A2ZZGQXU0CXLOU,0.1698
A3000WU5V0DPHY,0.0501
A300B9VXTHK1A9,0.1927
A300JNN2QFGDQW,0.5358
A300M5BZZ1FWRX,0.1056
A300MWWJMG56B3,0.6364
A300O9HLPSZNVS,0.23
A301T1CYM0BURT,0.085
A30228FLDRL7S8,0.1814
A3024PJIRXPB8A,0.0299
A302D18ZNWARQ9,0.0223
A3039A0S3TWLIV,0.2125
A303C6K2T1EUMI,0.114
A303UDTZGJRFL,0.2497
A30411QNHGSW5Y,0.4772
A304D7C3WL901L,0.1038
A304GUEPCPYM3Z,0.1896
A304LZ9EO9V1BV,0.5235
A304VKMBH70XKZ,0.2598
A305AFH0GCV6TZ,0.1119
A305EHGTB1OGTA,0.0318
A305XJYZOLQ4M2,0.0604
A305YZ79VZR02F,0.2804
A30611NHKR82CL,0.2223
A306153FTKS9PL,0.4815
A306LNS6H0P1W,0.469
A3077MQTAKOVFZ,0.9335
A307D760B04CAJ,0.0311
A307HH9TTFX1YK,0.1459
A307N15HTJLGO8,0.0376
A307U8GALLGEEZ,0.1304
A308ET1SK00U6V,0.066
A308JP3BK4VAL7,0.0529
A3091RP0SPZLMN,0.4008
A309CY4X0WL3ZN,0.1755
A309U5BPYF81ZY,0.1531
A30A1GBJJISEHH,0.1428
A30AD1EAHR7YRM,0.0458
A30AH4DU1TR8Y4,0.4013
A30AIF9C8AK6OB,0.1129
A30AJN6GOZ7IXL,0.272
A30AKFPDU5DRR2,0.0139
A30AXUOZHZ1T61,0.1837
A30B0085T09TPK,0.1562
A30BWBOI4I0GZC,0.136
A30C7MD4KY9J9W,0.2242
A30CIM3WEKPH2E,0.2116
A30CLL9WM1ZJL3,0.1346
A30CS0KX2NDAMV,0.0671
A30CV4T4I9Y89P,0.2366
A30DNUNVTNHVYK,0.2122
A30DRGHSJJBZ9I,0.3242
A30E9ISJUEZ96J,0.0102
A30EUHEZEC6QOZ,0.1609
A30F8NJMFB3W3O,0.2352
A30F9840P74GAQ,0.1983
A30FBO6KDEOUEP,0.0898
A30FFIEH8EWYPM,0.2229
A30FLSURDH2YYX,0.0909
A30GWE163ASTPX,0.0887
A30HAGYXB3WZ1E,0.1995
A30HYOZKPSCRMP,0.1141
A30I5HN8A28V00,0.0922
A30I71BY5AUC6F,0.1211
A30I7QW6LY5MTL,0.0583
A30IB598ICYWVZ,0.1682
A30IC78OWIW5OW,0.1016
A30IKMZYBU5DKU,0.0168
A30IVDY024K9OE,0.0552
A30JLW5XPHUNKA,0.2178
A30JO83LNHPMI6,0.1234
A30JQO0QLNDG1D,0.1754
A30JRFHETXW187,0.0411
A30KCMASCI2X95,0.0489
A30KNLUAYQ73F2,0.0646
A30KO9VSROKOJT,0.0917
A30KRK43C7UWCL,0.068
A30L1BE7U9WL2I,0.0813
A30L1N5XL04S7Y,0.0677
A30L1TZXGV9DBH,0.5278
A30L4U879FOWLK,0.0587
A30L5HM24RSPI1,0.0299
A30LDKZQ0I6O92,0.0407
A30LG4SAVOAVEO,0.0868
A30LTCNBG96J9Q,0.3079
A30LVBJ8016E45,0.1274
A30M43UCEU5JU4,0.0988
A30M6GW99Q00VM,0.1209
A30MVW1RBJ1YGD,0.0476
A30MWMKIF9CDYN,0.2191
A30NKV5H3TPHIT,0.0397
A30NMZPFOSQ5SZ,0.2215
A30OF3ZLZEJVGT,0.1525
A30OQMX8UVGBHO,0.1169
A30P43E8XJ6LBU,0.2235
A30PPJVP7QJ5O4,0.1032
A30PPSLQCGPNT9,0.0455
A30R6CO2E87H0R,0.6234
A30RCYJTRHS325,0.0506
A30RMQZADGBG6V,0.3279
A30RV8W573LWCA,0.0567
A30RWRLGQLX13T,0.0871
A30SAI9X2TR91C,0.0368
A30SCXATHF163U,0.1974
A30SKOMU0QQ3UN,0.0203
A30SRC26KR8HZU,0.0871
A30STJ6DT9RUMY,0.0682
A30SYUJXR23NXB,0.084
A30TT3NLCYM8MF,0.0497
A30TTTKW51FMMT,0.1726
A30TY4X7L29NVR,0.0666
A30U2WBMAUMCGC,0.146
A30U514GXPA8E1,0.1688
A30U7KWGFN9P8J,0.4129
A30UBGZ6MBVWH9,0.015
A30UIX94KZY50P,0.3314
A30UMRBVWX0VPX,0.2375
A30UNFIT9XNPQ1,0.225
A30UPB9E4W92MW,0.16
A30VBMHGJG11A9,0.0168
A30VSH8GRQOGH9,0.1435
A30VU58M8C44WA,0.0936
A30VX6KH8RZS4R,0.4478
A30W5HJP2AL008,0.1849
A30WCR0A3N1MNH,0.2145
A30WDIW9B3XQY1,0.3107
A30WN3YKW6PWAO,0.2847
A30WUE24YE26CV,0.0949
A30XJ7QUNXCXYW,0.1309
A30XNW5IY98TC0,0.0197
A30XQ7TPHLPS2Z,0.1123
A30XRA4GPXPKPT,0.2539
A30XVXQHZAYMPL,0.1945
A30YDEJLEWS5GT,0.0334
A30YDYGEAUEA73,0.0983
A30YIKKMLUE5DL,0.1418
A30YIR4OUR48S8,0.0319
A30YLS4CPWB5L4,0.0256
A30YO2G0MDE1PG,0.3098
A30Z2DHA1GI70Q,0.223
A30Z6II1P7UHPZ,0.0687
A30Z9EWE8VY95B,0.2477
A30ZI78LPFJ7JR,0.1509
A3104U1ODDPBHR,0.0563
A3107N9T58B4GI,0.1273
A310SKH8L08AQT,0.3998
A31178M47FKV2V,0.2537
A311FQPRTQ5QIM,0.0197
A311K0J49AR5OK,0.0657
A3120UZEVFKPD7,0.4636
A312AADW1ZEZ8H,0.0946
A312B9IUJTD7F9,0.1481
A312FYFS8KVEYX,0.2237
A312JHV2DVYQIA,0.1862
A312KWJ4J39879,0.3006
A312XIVHMELE2P,0.1205
A312ZY7Y941JVA,0.2342
A312ZYCZXPIZFT,0.0449
A3131NCMSV2A77,0.761
A31335U0SAOJLH,0.3286
A3135J347MDKYK,0.0198
A31397SXJE1HM0,0.1454
A313CT4P8KT0IA,0.0914
A313ERD5CL2RRQ,0.0583
A313H6238N589,0.4784
A314RIYBEK9KSC,0.2424
A315S8YEMWY7CX,0.0687
A3167BZWGCNLI0,0.0701
A316LLSM7YZL72,0.0541
A316RLHHO9Y24T,0.7045
A3182WCBCFNZ3N,0.046
A3185VDI67NBSX,0.3323
A318JXOPGBBDPE,0.0085
A318VRHUBIUMB3,0.1167
A3190RJ4JEAO88,0.513
A31A9ZQS18XLAP,0.0369
A31AH7RPW17NI5,0.138
A31BGUC1TM5MWD,0.021
A31BOB0PPGTKWA,0.1408
A31C0SXAAHXODS,0.1958
A31C14LOP2B610,0.0339
A31CQSAL2PI371,0.0649
A31CXNIS5OS9FL,0.0869
A31DHUTTHE2PWF,0.05
A31DIPWS4RP3J7,0.0303
A31DVKL8JE4XAH,0.6123
A31E8SJGJJZGL9,0.1811
A31EP0THMKKG0T,0.1158
A31EUFYV87EKZF,0.1144
A31EVGYGBHIVY3,0.0661
A31EWOMMBH9IEO,0.1966
A31FH6VPXY3YCP,0.0278
A31FL3W1B9N7HR,0.177
A31FUWP3DWIXH5,0.0698
A31FYGE53VGBH7,0.0838
A31FZ4PMHCZRG0,0.3697
A31FZONKD9L6J3,0.0197
A31GMBLPXYVO9J,0.0983
A31GRYHE6LS3JT,0.0121
A31H33Z895OO6V,0.076
A31H79QO2MPOJ7,0.099
A31HE83MU98GBV,0.5168
A31HJAE2E3R1LX,0.2114
A31HJMR8S7OI9V,0.1277
A31I5YKPPZCCEQ,0.0881
A31IDGEGJXGOPD,0.305
A31IXCWL50KRR7,0.023
A31JJ826HPP05W,0.4704
A31JSQMJGDUR72,0.1485
A31K5AKV01KA8V,0.1059
A31K6XBC9DQWN,0.2635
A31K74ADR1D4QR,0.0196
A31L4F663NFGBZ,0.0411
A31L95HWZ3PF97,0.2709
A31LPS0TOFNNOT,0.2002
A31LRPDDZ59TBU,0.0985
A31LX0K4MEAYK7,0.4693
A31M42RZO8ULPX,0.1679
A31M9Z1035S349,0.1802
A31N1284OQUN61,0.1183
A31N71BLI9AA1B,0.1082
A31NN7I7VXGTXA,0.1428
A31ODJAFB7AG1,0.2108
A31OHK8WP6F99L,0.1554
A31OJ0ZL2S03UF,0.085
A31OJB6LNOLZKU,0.2152
A31OP1X74MIK2E,0.3578
A31OQEN2R4QZKE,0.1879
A31OTIE1FCYEU,0.2188
A31P0ZB0P6N6H1,0.0531
A31P3WRM4BRRAV,0.0502
A31PQ63OHGCMFP,0.16
A31QC8CFQL7MBU,0.0599
A31QFTRBRCF293,0.0749
A31R0Z6UJYJC2D,0.0199
A31R16WH927T4B,0.2099
A31R7NIWFV4EUC,0.2193
A31RC0XJ193BPN,0.0721
A31RGXJLHDTW3S,0.0473
A31RLULNKYYBVX,0.3368
A31RZMVAFMLB8B,0.312
A31SFWPRTFTC8M,0.2583
A31SGDR2YRIULB,0.2741
A31SGQKRQTDAGK,0.496
A31SNH08CPZHTT,0.4029
A31SQTLRDWJWED,0.089
A31STDRE9UAFZD,0.0621
A31STZHIXMVP17,0.133
A31T1AW7P3S3QQ,0.0665
A31T2HI8SX0D39,0.1831
A31T3R11BANT93,0.0675
A31T5S3FA0GCD2,0.1879
A31TKXW3QPH9T,0.2316
A31TT5G7U1TK7C,0.5547
A31TUX8NSV3LGE,0.2606
A31U58XL0RCA37,0.0521
A31U7CXJXK4J65,0.2133
A31U9SQBR2ACLM,0.0623
A31UM38UFS5OF5,0.0636
A31UN01C95N0TV,0.0683
A31UNBJSKHNS2D,0.0711
A31UYC5VYQ3UB5,0.0635
A31WACMHGEDJ4D,0.2449
A31WE2V3SK3N5B,0.2361
A31WW12OWRZTH3,0.1295
A31WZFZUUMB98W,0.1612
A31X0C345WKWQU,0.0436
A31XF50SK13JUU,0.2826
A31XF91YCEX4CP,0.1401
A31XKIQVPUS8CG,0.0841
A31XKTSBWA49HK,0.3328
A31XXJOZ0B99T8,0.1356
A31XZFAU4LE4C5,0.1643
A31YKTYMKAKOUX,0.269
A31YYDDZNM6NAG,0.3355
A31ZCZACQYOQ5,0.3882
A31ZO2G7KA11AR,0.1634
A3207R1RILQLRO,0.1148
A32096D3NJCP6H,0.1624
A320A9LP5UZOP5,0.1397
A320BFX1GRFV70,0.2069
A320DLHQTRFL5L,0.0618
A320E5XIKD3CX4,0.0455
A320JNJN2YYRFM,0.0412
A3211IGL56WLBK,0.1416
A321LGD46B3M9Y,0.0175
A321W5W5IJ9R6N,0.1484
A32200PYEKDNOG,0.1343
A322607AHOM6VW,0.0515
A3226KN23XIR3R,0.1155
A322I8YLQCAAPS,0.0395
A322NTYHYMO6W9,0.0851
A322Y55VLYPBWP,0.0631
A322YPEIK3K7CY,0.5265
A323304W2UIUTX,0.0476
A323432OPZ02V1,0.0474
A3237FOR4LVBZO,0.0533
A323FTYFV1BHWP,0.0746
A323TWQ90A893U,0.1299
A32461FE1TE4O6,0.3918
A32486VW05BJ04,0.0625
A324K5P0SHBMSY,0.233
A324SW0DP2B6AR,0.1293
A325Q3IA4V0A1X,0.0535
A326BMSKB0P4BK,0.0942
A326CJOIAVMKIR,0.6158
A326F499MZ3E4Z,0.5684
A326OWAO1JPZT5,0.0898
A3270K93DE9U9F,0.1876
A327HI0M9QL7JR,0.3214
A327Z3X65QX9HC,0.0736
A32831OS3YG326,0.2205
A328N302OQLHE1,0.3898
A329B6BKTHQ41A,0.1379
A329H2RZIGCHMH,0.0798
A329RQ0HHOEMA3,0.0785
A329TQLDBZDAAF,0.3586
A329Y0V124S0JU,0.1076
A329Y1VLYDVU4R,0.1389
A329Z94PQ8SZSK,0.207
A32ASCXHNJ2WXB,0.0778
A32BKL0Y52DG2O,0.2431
A32C4861CNAWUX,0.1156
A32C7VS9Z1GM80,0.1607
A32CHHM2748WGJ,0.0904
A32CLSXADCES9G,0.1817
A32CPMVK9FMNHO,0.207
A32CU4DK7RQ80Q,0.0758
A32DAI53JLA77L,0.4121
A32E0D8WI1IN87,0.0196
A32E39AHV2YO9Z,0.4118
A32E7OZA09LXN,0.1844
A32EI3R8L7D8SU,0.1881
A32EIO7RUPSEHV,0.112
A32EN42NQB9CVD,0.036
A32EO0Z06GJZ8,0.1186
A32EV2FASZ74YL,0.1169
A32FHXA0OTGZZL,0.0248
A32FL5THCMR03I,0.5614
A32G2MFT6TQYW6,0.2183
A32GCOTGFJ9XC3,0.2915
A32GLSH2IC98Q3,0.1089
A32GMLDYTT4U9H,0.1224
A32GNWYY55V46J,0.178
A32GOCI9S6U7KM,0.2043
A32HC53TLUW5E0,0.516
A32HCP37MHXUUY,0.1329
A32HSNCNPRUMTR,0.5257
A32HV88TYXC2TZ,0.0578
A32I75VKDC6WTM,0.2153
A32I9B725XTH5O,0.0143
A32IAFXRNXS5DE,0.0726
A32IAWS84M6SYO,0.0832
A32IWRAVI28J6L,0.154
A32JCI4AK2JTTG,0.4395
A32JHJ3MAVZWEC,0.1702
A32KAMWV31JB5O,0.356
A32KIUW9DLG5S7,0.5469
A32KND16K1Q0U4,0.2138
A32KPKL0TZBGH1,0.0677
A32KPVM41CIAB2,0.5406
A32KSZ8V0TD216,0.2401
A32LFAZI00HT5K,0.2077
A32LGCASLKVU1H,0.0804
A32LX4XJ2LU740,0.5811
A32M615C8BU958,0.1508
A32MAGYKFBTIX0,0.3689
A32MIVILCUX18L,0.016
A32N5OT2QFH5WE,0.1813
A32N8K9NMZI9WK,0.0836
A32NY5D9QT8PGE,0.0598
A32O98PFC3OP7K,0.4129
A32OTVC6T1950L,0.1107
A32P0B3INF7HF5,0.1852
A32P3HU33QU0VN,0.0091
A32P97G8AHOS22,0.2154
A32PKVIFSLZ9G4,0.1441
A32PPV91DD8QDW,0.061
A32PSWHOP9U5K8,0.0292
A32PU0DJRLW662,0.0913
A32PY9MW5928O5,0.0857
A32Q3XMDR0FW7N,0.1227
A32QSKCT69C2Z3,0.1389
A32QVJFV7K9MBF,0.0613
A32R9X6MNUK9NS,0.2344
A32RBCVLN1U4V4,0.2488
A32RMQZM5OE6C1,0.0246
A32RNPMHES1MPC,0.2188
A32RPB6FLF89D0,0.0106
A32RPLXTAEHP3Y,0.0368
A32SJN30HT35O1,0.1608
A32SLM7H0TJE7B,0.1392
A32SUIEEW3K443,0.2585
A32T83AHSEPXYA,0.1153
A32TPHU48QT21V,0.2767
A32TX0ZUK2VK3U,0.6209
A32U0ID54APPP3,0.0691
A32UEYHRSMBFOU,0.0305
A32UIQ2A8MUVS2,0.075
A32UJOTFMGTIX9,0.2458
A32UYROEFWE7VH,0.0657
A32VHSD0V87NOU,0.0965
A32VSTSDEPUBHU,0.3875
A32W0SHFI92UN4,0.1596
A32W5H5BP4F4FV,0.1569
A32WNM9FLDJ26,0.0426
A32X1RKETGGT9W,0.1257
A32X43MUU0Q71,0.1653
A32XANGZU24VUZ,0.182
A32XG564YNF13O,0.046
A32XJ2MK5GOJ10,0.2794
A32XRSZYBKRCKS,0.068
A32XWBSZWC3SNR,0.292
A32Y856BT9L89C,0.1614
A32YB9U0KAVJCK,0.4993
A32YM08E2M5AKK,0.0458
A32YNG1KEBE4BZ,0.0555
A32YP7TLINXUNZ,0.1577
A32YTSA6EGLDMQ,0.2964
A32YXLEKYMHL53,0.074
A32YXZRI6YI6OI,0.0796
A32Z0BLWJ2RRUA,0.1701
A32Z0J8VFYSFP1,0.309
A32Z83NM97LCEW,0.2248
A32ZMEIM5LUR59,0.061
A32ZQM50BX6OIW,0.0951
A3300ZHK4SPWC3,0.3154
A3301UCUPKF804,0.1163
A330HCCXCMIDH4,0.0691
A330M90TY3AKP7,0.0679
A330QQ7R7NORF7,0.1914
A330UXVKJ9T142,0.3854
A331FRZI9GP1RP,0.1309
A331IK9CXHQVUN,0.0674
A331YUZJRQ6X3W,0.4076
A33219UGY70PH8,0.1016
A332PFV02HENHO,0.458
A332ZFX8S3A155,0.0548
A333QFWWKW04BU,0.3258
A3345VA7RM6GVP,0.1674
A334OGRMSEH0F8,0.1804
A334TNUXZ3AEXI,0.4898
A334V6ANP848E5,0.112
A334VXUGQJWNOQ,0.0127
A3352XH8HO681W,0.0663
A335713MZIGYB1,0.5878
A335BNHUAEHFU,0.0942
A335RS5O80RITT,0.0812
A3363TZMWGIHW7,0.0648
A3365UYX8NJBG2,0.1427
A336FCPK8ZVMYT,0.3034
A336FE20YZZL3A,0.6336
A336OCR8QA0H36,0.7002
A336TE6K4X3EDR,0.5174
A336YW9R8E8HDE,0.1109
A3376ZXV304DQV,0.0144
A337G9P4TQ0AQX,0.3424
A337U81HJ55SRB,0.5568
A337UU54VPYJLP,0.6412
A3385TFEHR0CF3,0.0766
A338E7G3VJGA7N,0.0608
A338QXPD9Q64RW,0.144
A338WMJ8QUF79,0.2009
A338XVK8ID7BI,0.1408
A3394J1F9CN9W5,0.0844
A339D0QQYH0ZRG,0.5826
A339DV3S739GE8,0.1361
A339E19PUWLOXX,0.1527
A339VQ2QZQD3WK,0.046
A339YSP3KOGWGX,0.1968
A33A05EQDYFC01,0.1221
A33A88VHSU05HZ,0.1487
A33AAY3HXZRU0Q,0.3195
A33AJ1MSMEIA3C,0.0322
A33AQ2P7JP4JT,0.2731
A33ARQTZTM214,0.1938
A33ASQ3O2MIPNP,0.1881
A33B1HIZLPZ9J9,0.0832
A33BOML0WJ080R,0.1432
A33BUDQJJ1K41Q,0.0776
A33BVOFXW2WA8M,0.2305
A33C24BN831LGS,0.1177
A33C796KG4J1P0,0.1919
A33C7HDK9COP0C,0.3163
A33CDYFTQH0P4U,0.4908
A33CK9OFDUOVJ,0.7656
A33CL9Y8Y90652,0.0655
A33CXFQX85WS3H,0.0143
A33E5TPTGCSV9N,0.1187
A33E89SN3A43L4,0.0635
A33E98J5V9YA9B,0.1422
A33ECPWPO5YMBK,0.0879
A33EJYK8MGVVK1,0.294
A33EX9TG2TJEO4,0.138
A33FCAYYWPMCNK,0.1582
A33FUQ2QMIVLKP,0.1481
A33G1ARAO3MEH2,0.0216
A33G6IMAYCDOP7,0.0665
A33G8CAKT87UMW,0.0287
A33GDKWCI2975V,0.1396
A33GNK4YENACDJ,0.1319
A33GRWAT9U82WC,0.1129
A33GYMWL5HC4FQ,0.0238
A33H636AMBLOSB,0.2634
A33HA1VRI3NO5V,0.0572
A33HRCX7I3P7GK,0.562
A33I1HW57MWWPT,0.137
A33IJGLTVS5MDS,0.6768
A33IZMZLK5DBDJ,0.2773
A33IZTCQMITB0X,0.2157
A33JSOFSXBW75I,0.1268
A33K44M069VSGB,0.0371
A33KBT88DP4IZ4,0.086
A33KTZZRC1Y1YN,0.0895
A33LE6I8L0YU52,0.5647
A33LMPPMQ4AZ52,0.0354
A33LQ9MA6PCUBK,0.1705
A33MCQL5ECAIT3,0.0455
A33MPD2VRYV038,0.1614
A33MPIK17YGMID,0.0272
A33MRAWZ999838,0.0455
A33MT4QRRMZ8SJ,0.2316
A33MVB71RINBIM,0.0967
A33N3Z9MYSIPRO,0.5574
A33NKF3Y0CRGCQ,0.4078
A33NS2AEUEMWE2,0.0689
A33OR6LDGCDRMY,0.1094
A33P7IDKZDDC4W,0.1849
A33P7MDWX7YCTO,0.2687
A33P9AWYR79336,0.3624
A33Q00PKGDAUY1,0.1609
A33Q9OW16V8U8W,0.4726
A33Q9OYFBP0RF4,0.1375
A33QGRQWND3CD3,0.1864
A33QJIRYEWUII1,0.188
A33QOSYADK6BWK,0.313
A33RAEZ92S50WB,0.1526
A33RAJU0FDA0S3,0.2416
A33RF29QGMDFBC,0.0915
A33RHP67MGM9TI,0.0143
A33RWVLA7G95PW,0.0909
A33SAL1G5AYLST,0.3823
A33SDWQL0LLBS6,0.4822
A33SFSEVHL5SHK,0.2838
A33SG2UA24DJ9P,0.4467
A33SX0AD5PYD9B,0.6766
A33T7L3D5TC899,0.0509
A33TF52MM6PLXS,0.0255
A33TI3SYTQRAZR,0.0918
A33U0FE7WFQTUN,0.1641
A33U104WVD0P0S,0.1167
A33U4A0EQZ9CEM,0.468
A33U6WJI6K4501,0.0679
A33UPDU4NKY1TT,0.2047
A33UVHUZLQV2SV,0.0727
A33UVKESE10H0X,0.1625
A33V25KHAU1SP7,0.1096
A33VDZQ6KCDYAZ,0.5386
A33VGI0MKANP2D,0.0127
A33VVP46NKZFJZ,0.0741
A33W1UL0U03MGD,0.0818
A33W5XU72IHJHM,0.2569
A33W69G5FMVSE2,0.1159
A33W7XE9L9KSZ9,0.0733
A33WA5TQZB8TP4,0.0082
A33WCFR4H649H8,0.0668
A33WDT56961F78,0.0224
A33WE1Z6QPUM0Z,0.0491
A33WIOGK6QCN26,0.0644
A33XVL3C2P8SVO,0.0944
A33XZNU0PFPX3Y,0.0903
A33Y2M8RJV0P6A,0.054
A33YBNKTV8ZCKP,0.0479
A33YCAC4BGQDY4,0.0546
A33YH22HNC1POY,0.0133
A33YZNZIRA3H97,0.6308
A33Z1S45LYVS6X,0.1812
A33Z9OD619G2IA,0.1501
A33ZOFIRMX9FVC,0.0375
A340AUQWQ33Y69,0.0278
A340UXAAOC9CWE,0.378
A3412L0GXNIJ01,0.0481
A341595E71FG6J,0.1137
A3415H58HNGQFV,0.1638
A341D1ZT0JJLY5,0.0506
A341ND7Z67G63N,0.5695
A341R01E7PFE06,0.537
A3427XYL4MFELD,0.0127
A342CY43D6VO4C,0.3017
A342E0DTJDH67M,0.5446
A342HSASQVD6FS,0.2113
A342LSQCE5UESO,0.1639
A342MYGBNTOD24,0.1603
A34334ADAWRQXD,0.4274
A343AJVLMNSFPD,0.1536
A343DRIS9U4LR0,0.1519
A343JJWEUQYI8M,0.1287
A343KS12TIHHTC,0.0189
A343RYJA8NVYRJ,0.2762
A343V8TMY024M8,0.4907
A343WSMKJORRXM,0.0428
A343XI0NEV2YJ,0.5482
A344BMJP6A5KL1,0.1197
A3455ESW3HKWGP,0.2783
A345R93H7ZN1JT,0.1228
A345SZACMR0TE0,0.1798
A345XOQZWYOXSN,0.1847
A3466AHPAVYL1A,0.0667
A3466OP6D0UL3B,0.5542
A346BF42LAWFDR,0.0737
A346BFBYE6DZAD,0.595
A346NWHW7LJAND,0.0727
A346TVWIG7OPR4,0.1777
A346V0H52GTB14,0.0268
A346VOTWKT6OED,0.1905
A3479RW745KMYT,0.0278
A347BI7BGI0MS9,0.1149
A347QOXYW7B40E,0.3172
A347RFNEV7UUYQ,0.1388
A347S2EMXPKHXA,0.2195
A3480F18ZTLMWJ,0.0367
A34870WLB3MOGZ,0.1521
A348R9FN52XQP5,0.0842
A348WQNXBUQ45S,0.1409
A349DA14ZSJP2H,0.0438
A349DYY7AEJSJA,0.0033
A34A8ABI9EDW5K,0.321
A34AB6PSS7QMHR,0.3031
A34ACNQ83OICT1,0.1464
A34ALDHBMFXGU7,0.2996
A34AWDRG4TSAWL,0.4366
A34BV1IWJ99BRT,0.2265
A34C6YRZNGW4F9,0.1203
A34C98SJU4M7DD,0.6526
A34CE623TDL7LU,0.3721
A34CFG3JR0IKB8,0.077
A34D8QAQ6WF5TB,0.1591
A34DPO7FIMXN5J,0.0113
A34DUBX49DD1ZR,0.0637
A34DX2CAAF6XPR,0.1402
A34F0HOVDIG7EU,0.3896
A34F0VOI55PC0S,0.116
A34F1PBHEBXQVM,0.109
A34F6T0FUCIAED,0.1926
A34F7RFEA65WH3,0.0726
A34FQ8BFFZCJKO,0.1643
A34G4GSIYY4JJ3,0.2681
A34G9R0WJSKZQZ,0.2092
A34GB0RNIWFTKX,0.0801
A34GBGX9SYTJH7,0.1136
A34GFZ0XBOZPZ8,0.0412
A34GH8QDLI43CL,0.2635
A34GM17T6WTJDK,0.3817
A34GN6SG5IZG0K,0.1209
A34H36KQ3COLGH,0.0165
A34H67N8LTYX8H,0.0
A34H6K51ZPU0UO,0.451
A34H6ML6I28PJ5,0.371
A34HMG1ESIWHXA,0.1291
A34HWXA8RBVUYA,0.1134
A34I4NJJ8QI40Q,0.0874
A34IQ082I5DK9Z,0.2636
A34J5MULVRT7WM,0.5498
A34JAFEJIQBDVP,0.0626
A34JCJQ6BPWKVS,0.1588
A34K0CI3HJF1FJ,0.0474
A34KC9EY3ZQ5T8,0.0376
A34KOJ0D6D5L6I,0.0321
A34KSC23EUZ4VX,0.1078
A34L9NGKXTZSI9,0.1686
A34LSA5O1AEEMB,0.0706
A34M6G0X61GZQ7,0.0794
A34MI172G0EFSK,0.1088
A34MR9UNFFMWIT,0.2076
A34NE60YJ974D4,0.1328
A34NI8DC5AAE2W,0.6042
A34O53HKDQGM3U,0.062
A34ONYQE6K56X8,0.1549
A34OS716X8ANZT,0.0536
A34OXK9SP7TNCT,0.2462
A34PFAD2MRS5WA,0.0735
A34PNK1ZUUBJ8G,0.1446
A34PP7YI3H5PE5,0.4635
A34PW8LIMBOY9J,0.136
A34Q3GVQ1CHUFT,0.2109
A34Q9YMABSHM97,0.1482
A34QAQ042IRPVW,0.0663
A34QGASOS933XG,0.012
A34QZDVDJPI0JS,0.2326
A34R6K0JJPAXJP,0.0861
A34RVWGIYC3M67,0.023
A34S5KKOKVXHUE,0.0943
A34S97MHBCP0JA,0.178
A34SN3J97JNH4Y,0.198
A34SVYKCV281IM,0.3139
A34T45TR4JHAO3,0.0571
A34T990CNM3GI7,0.0737
A34TAOY2MWPQBX,0.1467
A34TCNUZL7G0EN,0.2027
A34TIA7W1XE99N,0.0349
A34TMG18DABIEJ,0.2166
A34TVUVJU9JY0X,0.116
A34UCDZFYREDON,0.1331
A34UPXR4P3MPZ4,0.2255
A34V5D2UE7YJY9,0.0341
A34V6WYI3PH8MF,0.0756
A34VKO642QP76Z,0.1431
A34VSRTIN67M5A,0.0479
A34VV29RQJOQS0,0.1433
A34VZ1PLPX3Q3D,0.3396
A34WFQ6ZZ5PP83,0.0541
A34WTG5RVZLSZW,0.0464
A34X4SQTAAJ8WP,0.2481
A34XJ387UFHCCR,0.0597
A34XLUDPFWS2GB,0.1148
A34XPLVFRJOG6A,0.0409
A34XUO0QD2CBWV,0.1028
A34YAUY8PU8M8Y,0.103
A34YGCAGMN6R21,0.1651
A34ZRXT4B3LDPV,0.1998
A34ZYX6UEGNK8G,0.2281
A350058SEN0CUX,0.1138
A3500Z479KGT73,0.1634
A3501IX3XH35RW,0.1434
A350C4QPBONBWK,0.2195
A350COGDFIC2NE,0.1585
A350E5BDIELJNG,0.1487
A350EJZ9ENJOYQ,0.2704
A3510RM2GZ61QS,0.666
A3513M2E6P93SD,0.0221
A351HF8KZVLRHN,0.2041
A351KOZWOOEKKU,0.4351
A351TM1V66NOEJ,0.1571
A352BSU0MFD7L7,0.1918
A352GEDAW1NGTZ,0.5765
A352I41THL9WMT,0.0918
A352OV0KQFTMYE,0.31
A352Q286VM04K0,0.2939
A35306Q96YIBXK,0.3324
A35391EU327LSC,0.1606
A353EKNGGWE1ZY,0.2297
A353HUHJ0N65YD,0.1923
A353PDHL60VR9H,0.1373
A353TBI3BIHYAX,0.0923
A3545LP1ZS00TN,0.0139
A354PU9OQZ77OR,0.0309
A354U7O8WQQHSN,0.2132
A355091D0MRS8E,0.1475
A3557R25YAZV8U,0.0797
A355QXBVAVOQ6O,0.1634
A355XPVHHEWW78,0.0489
A356DA8NRGJMQ9,0.5115
A356GWW87MKDFI,0.2814
A356NXEBZRMYHX,0.2422
A356PDI67MS3BH,0.1648
A358094LXAMQHX,0.0741
A3586U304DN7IG,0.0693
A3587DRF68URDU,0.18
A358U1JEA514P6,0.0964
A358UQ5Q330AAE,0.204
A358ZRQ7AV41HJ,0.2709
A3595DSUBZZ8U5,0.0595
A3595N4IFNEAFI,0.4854
A359SIEOJZZ5S1,0.0544
A359T9R7B5QU10,0.074
A35A2L18E20MNP,0.5784
A35ALVIKF6GTGV,0.4151
A35B3978F4XJ44,0.1632
A35BHMEMQWVKGE,0.2885
A35BVGH5X6Z4QH,0.6734
A35BY3MLPMNXZT,0.1602
A35C08P4HELIMI,0.5534
A35C0YWI99ZPZ7,0.5788
A35CA8HLN740PC,0.2701
A35CKPJUWDIYLK,0.2997
A35CMZVAD0LHWO,0.1151
A35D265U8EGRFR,0.0644
A35DCM2NQ1DNER,0.604
A35DNVCVAFTT6W,0.0265
A35EB9VHT3W42P,0.0231
A35EC54TIQQN01,0.1354
A35EIZ0JS0DNOC,0.6453
A35EMMRF48BYCG,0.1199
A35EVMJVZMIMWE,0.0233
A35EXX8NRARZNY,0.2733
A35F0XZTL3NV60,0.1456
A35F6J8A31N43L,0.0674
A35FBEXJKN6IVP,0.1026
A35FQ1CFU3FAAG,0.4457
A35FQK5Z6LLKSL,0.0237
A35FRM2753VB49,0.1217
A35GFKX7HHOMPX,0.0219
A35GJ4PW1UM6Z,0.1045
A35GSI5ZVHQBB6,0.2917
A35HBWVZV5CYC2,0.2769
A35I0BV972HD83,0.0488
A35IBL52PCPU3R,0.0663
A35ICSOCTCOVI6,0.0649
A35ILBIBAXYHJW,0.1938
A35IX45KGV789,0.0115
A35J04KGFR4PME,0.0472
A35JCASWZL0XBH,0.1309
A35JVCLNW7AXU0,0.1514
A35JZ5OWVFSS7G,0.0316
A35K4ABMETJD0L,0.1469
A35KHAKSZQGO39,0.1528
A35KMUCK6WILYU,0.0795
A35KQOGQNFWV35,0.0423
A35KV5LA01A7L4,0.0221
A35KZFV5RV6ODE,0.376
A35KZRR2D6YP6Z,0.0513
A35LK30GFWIX6H,0.3823
A35LK4MOBB5N5W,0.1016
A35M5X7LV6QLFT,0.1881
A35MH7NEVSBENL,0.0339
A35MJQTTE5MDYL,0.0147
A35N0EICBY7X8J,0.1295
A35N8F5V2PELR9,0.3944
A35N8RNEDMKBC3,0.1223
A35NAFXV5GHZ92,0.3405
A35NBCUEJSF9VT,0.5186
A35NPDPDH4FO4Q,0.3861
A35NPKN2RKX8LH,0.1531
A35O1KRKZ5RIA5,0.3638
A35O65MI01L2CX,0.0682
A35O8UUCUF78F,0.0626
A35OJTOYM4V79B,0.2409
A35OKQRL9CP02K,0.5866
A35OLQS0B4PUWV,0.1404
A35OLTAXX6JR61,0.1813
A35OQ29USFZHDN,0.0938
A35OZBE1LPKDAP,0.015
A35P1HCORE6B3L,0.1099
A35PIJ9XIK1QDG,0.0154
A35PLVUM40TU2X,0.2368
A35Q3CBNFQABN5,0.0823
A35Q3Z7M3FDV2J,0.1198
A35QMY5TQY2HFA,0.1846
A35QO8V2C4AZDK,0.1292
A35QR07ZW63T65,0.1247
A35QXDXTPP4IRD,0.066
A35R3MMOSISYTQ,0.1965
A35R6ZWYHCKT0J,0.1728
A35RFH5GSZYGG8,0.1849
A35RG2LCK02XZ3,0.066
A35RL1VLUIBQSX,0.1925
A35RQLK7B2ZPGA,0.17
A35S7OUMIXVXH7,0.132
A35SXNALXC54WU,0.2647
A35SYEGKVOO3OD,0.0224
A35T53SV5XMWAB,0.0534
A35TOWGG1F5CZM,0.2955
A35U2FNE1HENDF,0.1567
A35U3QBAN21005,0.3636
A35U50OX5E45VW,0.0522
A35UATBZE5785B,0.0075
A35UDCJGVPIPG6,0.1822
A35UO4FBTUV47Y,0.0242
A35V3Q68DUJOZT,0.135
A35V43VUZJ7B9K,0.0443
A35VI0H5AFHOJ5,0.4301
A35WINR58PK2NS,0.669
A35WJ3R00CR68W,0.1342
A35WYADRHFI1AZ,0.1891
A35WYJH6MPPIFV,0.0878
A35X2AUUX1NO8I,0.1911
A35X2JJI49OBZP,0.5296
A35XX338I7IO84,0.2115
A35XYOMCL95Z1W,0.1381
A35YCECKSFFPBG,0.1819
A35YDDGFERKDG0,0.1482
A35YJ7SBI8ZTME,0.0616
A35YTPB3GMNNKO,0.0631
A35Z12H2G089VU,0.0882
A35Z6A2J7CFW2,0.7706
A35ZYZ946LZAHG,0.0219
A3601K1PQOHHEK,0.0332
A360GABZW288X7,0.0019
A360PXVXU0BG7L,0.3952
A360VP3RBMJFDL,0.4784
A360YNNFODEVX1,0.0346
A3610IT0GYY2HU,0.557
A3610U4ZX0GMEK,0.0427
A3614LPKCNCACE,0.0113
A361AW750ZO91K,0.0644
A361E4DLNER2AQ,0.3461
A361U4SXK7FCQE,0.8423
A361WT227IG886,0.0914
A3625B4RPH3ZPR,0.5497
A362RDKIELNGRO,0.1146
A362UTDBQ8XKEW,0.1523
A362VDK5C5E33X,0.13
A3630Z6584GCOS,0.1136
A36318XL2QE196,0.1839
A3634UN2OZ0CBS,0.1615
A3636TWKL4BITC,0.0969
A363G0MV1P1AHC,0.2208
A363R8DIVEZWMG,0.18
A363ZK0C034T1I,0.4092
A363ZVGZ8S8U9Y,0.0158
A364CHD6QJB4W4,0.2002
A364E6HC1XRQ1Z,0.018
A364RZZQNA3UO4,0.0681
A364XVYQX9N4FE,0.2381
A364YOXAKXTXP5,0.3824
A3653I99U1PFUF,0.3428
A3658CRHO5BD9W,0.2282
A365A90ZY1Q80T,0.0696
A365B5NVWO9E0Y,0.1508
A365ER41CFUALF,0.0647
A365FZ1L1M0YZK,0.1639
A365GBG39RPZVW,0.1167
A365IW5R8V53KY,0.0199
A365OL1IDO9Q7H,0.1698
A3665Y5EX7POIT,0.0453
A366DQELNIHQYZ,0.1971
A366LSUBRHCS0L,0.1138
A367EGFI0OGGVW,0.3735
A367W0KWG7UX2L,0.031
A367X6YJ5UY0GC,0.1701
A368102P6NW38L,0.0305
A3682XY0PFAF6A,0.0711
A3684CSCCDP8G9,0.2111
A368F4GUTOUZLE,0.0737
A368IHRX64LWAC,0.1992
A368ITJ9X13UQZ,0.0636
A368LY0EVS8I4S,0.284
A368MBFD8SMIBM,0.4328
A368Q44U8LKWNH,0.5913
A368S3GKDJP8Q6,0.0595
A368SHGLVX8Z85,0.0432
A368Z99N6SJ6QP,0.1424
A3692YRGPJ0M8J,0.0389
A3697CQDNPEGS0,0.3529
A369BU62O5EGDT,0.5264
A369FK9VQ8BAJP,0.0822
A369I8AET8AT29,0.183
A369QGLXCPJU4C,0.1215
A369YHM3JMH0FS,0.0172
A369ZU3YLFRDIC,0.4419
A36A5EVFBS8A0K,0.2044
A36AQ69ZYQAKCU,0.0784
A36ASG57KUIZU8,0.0623
A36B57JPW6W9Q5,0.183
A36B7TZNERS5IW,0.2556
A36BDWLPMQQR66,0.0671
A36BQQD67VJOD2,0.062
A36BTNRKC5TF5,0.124
A36BYUUDNFMMJI,0.1074
A36C3VOFHIGLBK,0.2488
A36CCEDNN5YPXZ,0.2272
A36CLOAPBX3BCN,0.0341
A36COCV5K2KYZ2,0.2105
A36CTP2YSXLSFV,0.0991
A36DWWV2RBTIM9,0.1112
A36E35E8LF43AJ,0.3432
A36E4R6NZ6RQZZ,0.2048
A36E572BVUHLWQ,0.0229
A36E6BAC4TQGLM,0.205
A36E9BF83I6WID,0.1631
A36EE7VSYZPLDC,0.0433
A36EQWR20L3J97,0.1974
A36EWFSZD2Z6X5,0.072
A36EWHJIBQEQRZ,0.085
A36F231OIEQ6YA,0.2155
A36F8E6RDKOVXA,0.0522
A36FBO3GQUZVU6,0.3351
A36GLI6L44EN1Z,0.0711
A36HBGDEFPWD0U,0.11
A36HII9NMV7MM8,0.0635
A36I45CYY9VV2H,0.0919
A36IHC0K68NS2,0.7303
A36IIG7OQ9BRG8,0.3714
A36IKBCY8HZ3CC,0.1514
A36ILKG74E8MIX,0.0832
A36IMNECM7APT,0.0332
A36ISPNE6X7YJ4,0.1419
A36IVVBABD60NU,0.2411
A36JYKPPQWOETW,0.2029
A36KGUR06YA950,0.0899
A36M29ZONPCRV9,0.0767
A36M4R7MXE5EFD,0.0196
A36MD4KAVIPLB2,0.1471
A36MNWVXILRRT,0.0233
A36MQY2HNRIA2W,0.1739
A36N2I7T8KSQEF,0.2318
A36N61L5UHXSHI,0.6194
A36NOPIR1IQ0Z1,0.0711
A36OH2397JR45,0.0985
A36OQE3RAOO63J,0.0117
A36P7G6CFLS0GT,0.0362
A36PWO2T4N0U3E,0.1596
A36Q0DDNWYMGNK,0.2134
A36QDBEKAL43ML,0.0067
A36QMI74GGDBVU,0.1358
A36RHIF28BRJ9Y,0.1424
A36RI10PYLLLME,0.0503
A36S71AGIJS7EO,0.0587
A36S73HYRCQESE,0.0878
A36SAY6XKQSHXV,0.3755
A36SBADPFE19GU,0.1434
A36SIJOOLSM1PV,0.1556
A36SIZMB2LMX7W,0.1209
A36STUKO48873O,0.2333
A36T0MYKF1TTUR,0.2737
A36TC7G6ODJMLT,0.1561
A36TCVCZV2IG2W,0.0681
A36TESIFKLU2LW,0.0741
A36TL65B926P38,0.0061
A36TS4LH4Z6N32,0.0208
A36TX67TAV4WJQ,0.0374
A36UME3IFQF24P,0.0799
A36UQDBO05QJ0R,0.1495
A36UV9RVMTN7ZW,0.198
A36UY8TVX4CFLU,0.2981
A36VH5B1T6CFOD,0.0219
A36VOKTKWP4NHI,0.1338
A36VP7N8G3GEW2,0.5497
A36VR7NTE4DOI,0.0289
A36VXLB8BM9NNE,0.0233
A36WA7L88C2NW1,0.2683
A36WCLY7UYFB3S,0.0203
A36WTQL2AW6NR5,0.1446
A36WZYU2N9RTW0,0.0924
A36X82VV95S49L,0.2753
A36XFD575YHUVG,0.2117
A36XQ44DN6ZH7Z,0.0365
A36XRGX51WTMWS,0.227
A36Y6XNMCGK1DQ,0.0274
A36YCHSQM22B5H,0.1498
A36YHL63A0913P,0.2701
A36Z1NGOHWHPB7,0.2888
A36Z5BR07LYDKG,0.077
A36Z7W2U0Y2XDT,0.058
A36ZLGJ7S9QEYD,0.0855
A36ZWTPNXUWNLZ,0.2992
A36ZYJUSMDQNIH,0.0175
A3703KZSXV6GTO,0.045
A3703OQMNHC0KR,0.1384
A3706RFWUE17U9,0.068
A370LEGDL7SL3N,0.0327
A370O66TDIC35T,0.5337
A370Q4EYH8BPVE,0.0033
A370TRGMLS8C3U,0.0841
A3714OUKTR3ETX,0.1256
A3714PC23K9SUB,0.0897
A371AP43OX0K4V,0.1101
A371ZZU2LXL3E0,0.0331
A372207IXHMN43,0.1583
A372BZI7VCSFQ9,0.1051
A372F5MYGWSCVN,0.2364
A372UKGN0YXF6L,0.0743
A373DEIH9BXSNZ,0.4788
A373OFVTKBW4JW,0.4628
A373UXV94PMRVZ,0.1112
A3745URBQID4P9,0.1676
A3747YGYHT8ZBK,0.1105
A3747YPXOBXRAT,0.1849
A3756PRIE96H7J,0.0392
A3757UTNEKT5T5,0.1018
A3769JRQXK31M8,0.0542
A376FVU0W578M4,0.032
A376NZN9VF144Z,0.0626
A3775OP5VTX5ON,0.5342
A377B0FPXFDCDR,0.2754
A377B9WK86I75Z,0.179
A377CKA2MEIR54,0.6461
A377DC2CPICKNZ,0.0485
A377FC67NR8G8H,0.3753
A377L4SG94MXKX,0.5787
A377R0BSYTY0L2,0.2688
A3780L25J3J74M,0.1975
A378EEQ7GJSZVE,0.0731
A378Q0RQHTKY8J,0.0757
A37936J0E19BZL,0.051
A3797HHQXCI1CT,0.4158
A3799H9AD5QRAE,0.1527
A379EZKX7CZPKH,0.1309
A379GSZSBQU222,0.112
A379OEVJVIMEQN,0.1498
A37A72Y18II54B,0.3782
A37A77TEUCY1QL,0.5973
A37AB65EC0QQHZ,0.1823
A37AGASI7HJY3H,0.3412
A37BD8UL0J3QGZ,0.2947
A37BOA4UAFAUFW,0.4029
A37BQ9SEZ4OTH3,0.2077
A37CIHW31RLJCM,0.1932
A37D2BPGCF1N89,0.2318
A37DAPPPH6OKIG,0.0856
A37DNOODK5VL4Z,0.0411
A37DRA4PX3ITYP,0.1659
A37E8PSTUH63W3,0.0122
A37E989NZ2JAJ0,0.3122
A37EBZ96T7C0XO,0.4855
A37EIKQQP1HMSZ,0.2263
A37EOLAE5SITDL,0.3598
A37FCSX7K7GEFT,0.13
A37FEUF5TAIJYB,0.0242
A37FULV9NLQYXU,0.1415
A37G47RPC4ILX4,0.2178
A37GFKV81AL1VF,0.1598
A37H3YO3SHVJU8,0.1339
A37HON08NH2H2R,0.217
A37HQS636V4VPL,0.1781
A37I3SRFD7Z8UH,0.1536
A37I8W2JNGJFJS,0.1261
A37IK1LNQS7ZVK,0.1042
A37J0Q46FKFUYA,0.2313
A37J5MKKCOIEED,0.0509
A37JIHG3VV3SDC,0.2125
A37KG9AQK1PN10,0.288
A37KUM78F2DOIZ,0.1407
A37KXO7BGF1NMK,0.3186
A37LBY44GNQI51,0.2929
A37LGB6R2BN2DK,0.3306
A37LMQLN8B91XA,0.2859
A37M2K2A21RAZY,0.1588
A37MBUKTG3ZQ7I,0.0782
A37MH7ICH80QOX,0.2973
A37MLLZ55ZO3PP,0.1128
A37MNCN9T7TKQI,0.1525
A37MQ7Q47DUUD1,0.1355
A37MY3XX9FCE6V,0.1203
A37N2NT484FWJC,0.2899
A37N39M6CYFRYJ,0.0649
A37N4W4RD4LKLA,0.3194
A37N8GOFS7QRD1,0.1392
A37N9PN29TVI1M,0.1289
A37NC7ASD6ZRKZ,0.5705
A37O35UDF9Y89U,0.2678
A37ODKCLWL2D1U,0.0462
A37OKIYEP0FB5F,0.0901
A37OXQQ2E0W4Y6,0.1768
A37P3UTPW2ZY92,0.0821
A37PS3J7E4FC4D,0.0509
A37PV350EIA54K,0.0975
A37Q2W4UCWAUN6,0.1723
A37Q3M3RUKYEAH,0.0598
A37QUQPYFMR9Y9,0.4542
A37R0V3ZGYZGPW,0.078
A37RDWOYNNJ9Y9,0.1549
A37REYJN833CNN,0.0383
A37RT5L5KIYKWG,0.0629
A37RTM7Y7O6GLN,0.1586
A37S1BWQA09EZL,0.5174
A37TBVL9EBQP7C,0.1742
A37TLGG82YPU2V,0.0722
A37U4HM0UG7FQ0,0.4981
A37U5PRGBURC2V,0.5533
A37U6OGB6BRJPQ,0.1969
A37V8WL882EL7P,0.0563
A37VRV6T3JL4FL,0.0865
A37X2RTRBIINLQ,0.0301
A37XPPDH5H11HN,0.0197
A37Y2BGD9738WW,0.4226
A37Y3E9YI7W3JD,0.099
A37YB879ZOH501,0.1039
A37YG5MYEF96EJ,0.1951
A37YKHNNLBFGD3,0.0869
A37YSQCST33ZG8,0.1908
A37Z3FWDW7JFDI,0.1521
A37Z9GKGDLNVIZ,0.0995
A37ZBHBHMUJHK8,0.5049
A37ZHFN7VC5BIV,0.0143
A37ZXRU31QUB83,0.1878
A3806IQJSQDK8Z,0.0594
A380C5HNF0D153,0.0187
A380P8LHEL3DZ9,0.379
A380VP3THUKNFZ,0.0938
A380XZXDJJHIJ5,0.0613
A380Z4R0KX24VV,0.1388
A3811QEYJOCC1A,0.158
A3817HPVMZWMNE,0.0967
A381AI1X2V6RA8,0.0127
A381CQ49WWBDKM,0.3715
A381HM3XAV5SA,0.1998
A382JW3N7WA2PY,0.1047
A382RS1CDQC4I8,0.1797
A3834H4VG8SD5F,0.1341
A383TMZD2YGSN3,0.0627
A384E8RXKKG79X,0.1661
A384N59VR99VCE,0.2137
A38508I5LHU5QY,0.0648
A385HZRPXDDFCL,0.9149
A385IY0SJNV374,0.0554
A385JPUADFO7IA,0.0973
A385MVBV8LYB3Z,0.2856
A385OZ6LAF2CJG,0.0273
A385XZUTI3TVD9,0.1425
A3864PI6JFC5R5,0.0824
A386GKLWYGRY52,0.0205
A386LG0LRWKJZP,0.6853
A386NVAVQV5WUO,0.3513
A386VJA8LX6G18,0.1776
A387R9JE3JTY8T,0.1614
A3882RXW8MO4J4,0.7008
A388D9114PLJM3,0.2362
A388RNU7XC3OX7,0.0862
A389C3UKVN6U99,0.2332
A389M5HYNF26PN,0.0949
A389SDJNGOVAUC,0.227
A389U7BPUTJRG3,0.3855
A38BBO3CJO2NRP,0.1042
A38BK5RE00M29X,0.0585
A38BKI1P3U4K87,0.1462
A38BKTQDTI72A7,0.0197
A38BMAZQER781H,0.5032
A38BMJW8WSSFI5,0.0886
A38C5I84OVK1OE,0.2374
A38CD2EO8I1WG2,0.0819
A38CMGE13AYG6M,0.0068
A38CQJJOWSL8A7,0.1029
A38D1RKG2YKC8E,0.0975
A38DWWT3CDL5OJ,0.0497
A38DXXYKK5AQD4,0.0489
A38EAEOIEWZS0F,0.3476
A38EPIQBBOSTOS,0.0365
A38FBLDJ2CXEOU,0.0466
A38FFIG80GTSJK,0.0244
A38FR90W06FI1C,0.0622
A38G4QQJCB3YUY,0.1189
A38GAD521LDIK3,0.1576
A38GJUQN2TNIDD,0.546
A38GUF88M7BFX9,0.0311
A38HDVN4KCB9QM,0.0926
A38HGOQH42GLVW,0.124
A38HPJZBNL8LRA,0.1681
A38HZPA85SBMPM,0.2931
A38I2YE5DPF9PT,0.0567
A38I5MODB0RZFV,0.1349
A38I79MHZLL1VX,0.0513
A38IC3IFCJMQZI,0.0739
A38IE6LVA4181P,0.1022
A38IEU7EV1ORQL,0.1887
A38IJCQMF91VFR,0.0029
A38IK9OPAD774Q,0.2257
A38IVDBV0842E0,0.2794
A38JNSBJMF69O5,0.1195
A38K3NTKCSZK3F,0.0517
A38K9AJFJCOY6I,0.3663
A38KBKJ3364PST,0.0469
A38KRK4Z0AXC59,0.1248
A38L25NCVGB365,0.1755
A38L5I9MY8A959,0.0273
A38LHDJH1DLRBI,0.0667
A38LIG1BID5GOD,0.0846
A38LJVOSBQZZ5T,0.0127
A38M0YMISYLKM9,0.0227
A38M3N5TYLY10S,0.2144
A38MQHVEICK46P,0.3398
A38MXF5T6LI47A,0.1856
A38N0O4TIZE4FJ,0.042
A38NDZI33KHXHR,0.2048
A38NNYFZWCZZDP,0.0803
A38OHH4FYEPQTN,0.1944
A38OJOEHJH28N9,0.0741
A38ON1MOZNBCGE,0.2939
A38OTGE6KDN670,0.261
A38OZ1J21BH6IT,0.144
A38OZB49IG281H,0.2268
A38PD0OG5N5UG2,0.0815
A38PGQT3UVXHEY,0.0457
A38PR6HL2CIN4Q,0.0559
A38Q2EI3LM24VT,0.1765
A38QAUO0ADDPWA,0.0673
A38QEATH3NODFM,0.1482
A38QKP56U86IAW,0.2263
A38R5LMQS7LP4,0.0722
A38R82NFXD83Y3,0.1451
A38RCV37IFXFQ8,0.0809
A38S9UIL0GT46R,0.1508
A38SBW89EUB4WK,0.3564
A38SIOKK313R6T,0.0442
A38SK72V6NORUP,0.0754
A38SN37XVGG1R7,0.0028
A38STL750JQ45W,0.0885
A38T130YDQ9894,0.2353
A38TJEAYHA5A2B,0.0446
A38TMOGSEJE676,0.0733
A38TT29T79FXIN,0.3005
A38UBKOFR21D8I,0.0476
A38UDTT1L7AWFH,0.22
A38UFB0JJ9NN2L,0.4987
A38UKFBS0Y3KZY,0.1686
A38UTTLBZUEP3F,0.0181
A38UZ9485PIJXF,0.1061
A38VL8GYG7H6RN,0.1363
A38VOK8KNNPWFX,0.2337
A38VVOTC7EG8YM,0.1981
A38WIFTJKMIOZ2,0.287
A38WX315LV2X48,0.0598
A38X1W2635YYG,0.0489
A38XASLU6I50VZ,0.0231
A38XFBDC2Q1FRV,0.3588
A38XH1KTP2HTPA,0.3377
A38XXIIRBBLDN1,0.0539
A38YBA1OIA3ZFX,0.0328
A38YG54NBD5TQ,0.1032
A38Z1QNI3H0JDB,0.0222
A38Z55RTJB5QCI,0.1072
A38ZIRJRY8XK4F,0.1139
A38ZKGP6U1QOF0,0.0201
A38ZT0F5VUTOFV,0.2923
A38ZXR62HBHBJ,0.0173
A3902IXDBI0AA6,0.1066
A390IK2RPBHURJ,0.1138
A390IOW0IYA4IF,0.08
A390UFRRO2BLZS,0.0703
A3910BAMCHK81G,0.3433
A391FZTMOOR6J9,0.1038
A391KXVQH22CM0,0.0948
A391RJ8646SYY1,0.4022
A391TY07SIQRV7,0.1136
A391XWV7A098ID,0.1705
A391Y0FX04U814,0.179
A392MGJ4TRSOKV,0.1538
A392X6TCJXFLLS,0.0817
A3934OE0XW59IC,0.1057
A39357QLRB3A9R,0.0965
A393A1LXMSHDVU,0.0469
A394CFIQH570SM,0.545
A394PAPPDKM2H9,0.1841
A395962NEERHRR,0.2345
A395AS6KKFY2NE,0.2119
A395MR8CHOO4R8,0.1304
A396MBRQOLC0KQ,0.2481
A396NFQG38D131,0.0288
A397CWU6DM3O5G,0.6943
A397F7NDYV9LB6,0.1136
A397L22366PEV2,0.1176
A3980WMG4W2QED,0.0371
A3982CFMRCT3BG,0.0575
A3987Q3PVJT07A,0.073
A39888CBNH7R6H,0.117
A398I6GWNZPF92,0.0485
A398R165PXFOSS,0.0836
A398UFN74E60OW,0.1738
A399EKS22NOME3,0.188
A399MNJ2H60ODE,0.0798
A399U44GZOGRC8,0.1358
A39A1G7LG6AFXM,0.1849
A39ADPAPZO95IG,0.0669
A39AGYZ2WBPIJT,0.2025
A39AN0PCOVX3HG,0.0727
A39ANGL5T77E0B,0.3099
A39B1M31T3QRPW,0.0847
A39B8FVIZJRJG5,0.1367
A39BW25SNOBOS5,0.2044
A39C34NKIELF1S,0.712
A39C4NUUYCORVT,0.1105
A39CQY9EQSZ65Y,0.0669
A39CUR83QW70CP,0.0685
A39CW2E40PTXJF,0.1131
A39DLJWTHCYTY6,0.5552
A39DMGB8IVZ9UI,0.0318
A39E456RQ65ADY,0.3015
A39E8DC7MVKD70,0.1997
A39EEI8WLCVVAJ,0.1136
A39EEQOPVGMM4V,0.0195
A39EHTPEZLRYW6,0.0885
A39EIIHJC8W6CW,0.3841
A39EKY30J4BZMQ,0.1701
A39ELFSOYEUX9U,0.1679
A39EMMLBW6SLSB,0.1288
A39F5L16R1ATFS,0.0426
A39FALMRTZ0K5J,0.6513
A39FBEWBFBIOZD,0.3066
A39FC41M290EZQ,0.1937
A39FR0EWCU8RWY,0.1497
A39FTQREZYV5U7,0.1138
A39G7Y40RTNKC5,0.0354
A39GJTSNHQADX5,0.2483
A39GSKP0I3NO3S,0.1439
A39GUZ9P21Y00J,0.138
A39GVHR55CO51P,0.3101
A39HCHNGWCD40E,0.203
A39HI7BT9HG5W5,0.4509
A39HOV8FSH4717,0.1117
A39JDEY3EQQQ89,0.3592
A39JPS9DAMAPY9,0.0127
A39JSH024LXE75,0.2996
A39JX161Y31771,0.5527
A39KAB22WT4VLW,0.3403
A39KDVU5JAXJIF,0.3569
A39KFOERWKI0SS,0.0168
A39KGEZEGOLVBW,0.0416
A39KS438IBRU6E,0.119
A39L1VHF52OOSL,0.0649
A39LM70NNI3B1B,0.0537
A39M0KYKJSR2AV,0.1115
A39M5JEGVNX8DX,0.3733
A39M6RURHUXPR,0.1129
A39MYHVEU0SZM,0.1847
A39N0RX5K9MM8S,0.3807
A39N6IZKYSPK4H,0.2617
A39NT9EADS87V1,0.1058
A39OLM0L2VMN44,0.5998
A39OM050G38BRN,0.0648
A39P69WIIWU2TI,0.273
A39P8TB9YS99V9,0.1407
A39PEEQWG7EB2G,0.0315
A39PURIANJL87S,0.1423
A39PXL8TQKMNRY,0.0228
A39Q0LE0OJ5PMF,0.1537
A39Q0NPZRS09UH,0.067
A39QDDMNPGYU0H,0.0886
A39QIR7OLW7K66,0.4363
A39QO5TOD610ER,0.4124
A39QRAAJTOVST2,0.0968
A39R411XCSWEE1,0.3307
A39RHYTGB63B3L,0.078
A39RI7B3HQO0X4,0.1449
A39RLPMJBR4P2Q,0.0868
A39RYTM5FN8OY2,0.8044
A39S9W9IRIFYX4,0.377
A39SJJZ2W6MUTI,0.0248
A39SSIZA5FVCD8,0.0406
A39T79ZGTDV1C7,0.1875
A39TCW4S6OSYAY,0.0575
A39TTX5S1N8SPJ,0.1374
A39U7CYRJGN71Y,0.1012
A39U8I1YS5ZCP8,0.6888
A39VG04UBAEZTI,0.5862
A39VMVKQ9N0AFL,0.0564
A39W3263A9HCMN,0.216
A39W3Y7SPKX8CD,0.0839
A39W42R8ATQ8V2,0.1173
A39W5J9BK460RT,0.3373
A39WBQCIVRV5RD,0.0598
A39WI8U2N35SWW,0.5074
A39WU7E2QYISCH,0.7502
A39X0TAGETRBFK,0.2362
A39X251TKM75TW,0.3707
A39XJJ6RAVV9X7,0.1329
A39XSMAPJ2P2TX,0.1111
A39XZ0QVEJZYNE,0.0127
A39Y1MYKFJNY9H,0.021
A39YK3YQGCW7WZ,0.0817
A39YOVIDE1S1VG,0.0923
A39YPTSCZOZG7S,0.1396
A39YR4I81V7XHH,0.0253
A39YTKNMZRMBP8,0.137
A39Z80I79V4XRN,0.4825
A39ZBGF2DWF8FY,0.1127
A39ZCHSENNXDJ8,0.2222
A39ZD63RMA23RO,0.1696
A39ZM5JBI8XYZB,0.1214
A3A06OY1SI120O,0.241
A3A0DX3Z1SYNR5,0.2815
A3A0EY9K8QU27V,0.0954
A3A0KNH534BKPX,0.2517
A3A0VWP9PGZFFO,0.0537
A3A13SJCR45A13,0.1437
A3A1717ZOXS8DY,0.1545
A3A18ELO01FE5R,0.1211
A3A18QLK7CNIVX,0.0203
A3A1AQCGJ2WGNO,0.3947
A3A1ENOW12T0QY,0.0231
A3A1V0EH2V47MC,0.077
A3A1WDSKLIMR38,0.0705
A3A29LS5XXXPVQ,0.1399
A3A2Z3KKF6GEH,0.3002
A3A33D1ICDT5FH,0.0491
A3A4A1AG8TF11S,0.2156
A3A4BWS21IXBWB,0.1567
A3A4CP4PAY4IDQ,0.0411
A3A4DMTHZCMLQ5,0.3332
A3A4SDX123VAPM,0.0872
A3A4SO0D56D538,0.6067
A3A4UYJ4UOA8HS,0.1806
A3A4ZAIBQWKOZS,0.7247
A3A52F9SSJ5JAK,0.0464
A3A52LCHHYK6C5,0.0532
A3A579HO297KV6,0.0586
A3A59WOOIH35HF,0.3358
A3A5D1GXEVSVSX,0.0106
A3A5UFV4RWFIEP,0.2297
A3A5VMQMYTLXV9,0.082
A3A671GTJDBYP7,0.3058
A3A6BXU6KC9X43,0.1265
A3A6GKV3QMYXS1,0.0435
A3A6GXILVT9JNW,0.0636
A3A6MEPNP0VYYK,0.0479
A3A6QA4LSECDX1,0.2018
A3A6YT5IU21RYH,0.2686
A3A710BRD6R85W,0.1493
A3A770EP3KUHKM,0.1238
A3A7AC59A6N9RO,0.2296
A3A7L06G2NO4QC,0.1767
A3A7PT3FT593NX,0.0473
A3A7RE595KQZYZ,0.0215
A3A7RI8WFST71E,0.1437
A3A7Y3TSPPZU9T,0.6222
A3A7YEFVZKD9AW,0.087
A3A824JSE446Z3,0.0617
A3A87YT15TD4KH,0.0244
A3A8IQ3BFGBKT0,0.0671
A3A8LENJYSEFUM,0.1862
A3A8ZN9JAXZJ1V,0.1347
A3A95AUNVSTPTL,0.0762
A3A9IBYV6IG1A7,0.1025
A3A9J3Y6CQYSTS,0.16
A3A9LLRVAHU6YU,0.1434
A3A9NZZOEEWI31,0.1354
A3A9VAKP7R9YMS,0.052
A3A9YJ75YESYUK,0.0633
A3AA17V5OVXYDJ,0.0644
A3AA38LCQUMP5E,0.0801
A3AAIDZA2MLATY,0.2119
A3AAII16PVA6DN,0.221
A3AAK33K3BUUTM,0.2464
A3AANUGV2YN5Q1,0.2619
A3AAYPVX3JDHG7,0.0696
A3AB41A1G2XWDK,0.0666
A3AB5SIFFCG1WS,0.015
A3AB7K0YC972U4,0.6352
A3ABEL1IT8CFRW,0.3182
A3ABFLYV1Y24Z8,0.0331
A3ABLRE5BSF4OH,0.0687
A3ABTGBKXE7SOS,0.1138
A3AC5CHWVNXIQX,0.0672
A3ACGIYNMBWGW1,0.1006
A3ACTW7A04OX5A,0.1186
A3ACYFENA2AUWU,0.0935
A3AD0K95CHD0JJ,0.3081
A3ADA0BCU2PZ0O,0.0742
A3ADGCLUOJ2LCG,0.241
A3ADQW6TACZE73,0.0485
A3AE0LPHB7PM3M,0.3192
A3AEHM4ABSUDEV,0.3348
A3AEN6JWPGUWFM,0.1009
A3AENWF1WBHLKB,0.0664
A3AF42J6XZZ20Q,0.1855
A3AFDN9UFIHVN1,0.2248
A3AFNU8W7WNBDK,0.2157
A3AFXRIGFC5JZJ,0.1144
A3AGDWDXYDAE39,0.0987
A3AGKQWJQEDX0X,0.1167
A3AGQAXTX6VRJ3,0.3018
A3AH30XR3MXSD1,0.0897
A3AH5JYRIIT87E,0.364
A3AHDR4F2J7YXX,0.3533
A3AHQZPFHGOSAQ,0.1419
A3AHUJU81AMMOC,0.3405
A3AHUTCNUOAKU8,0.0284
A3AI5ARLA29X0,0.1216
A3AI5VYYRM8ZWK,0.2594
A3AIBJ1EKW4AZ4,0.6702
A3AIIQ50S1XVST,0.4991
A3AIPHL8GTS7TZ,0.1522
A3AJN73TINRTA,0.2253
A3AK2R0N3CKTUP,0.1323
A3AKG18MHAV8X3,0.0206
A3AKZ3BL9SVBCU,0.6246
A3ALXLASGICTBU,0.279
A3ALZXPFI06ZE,0.0137
A3AM4Z6ZW1Z7TK,0.1304
A3AMMGLNBBMLM,0.097
A3AMRBCBFAAAN4,0.3858
A3AMU23EBVBZJZ,0.2084
A3AMZUOR3VFBHQ,0.0741
A3AN5YZVGQ9JK2,0.0554
A3ANGVTYA4BDH1,0.0633
A3ANGWW62RQBHS,0.4003
A3ANL6FN35BL3J,0.139
A3ANSAC9DMR1YK,0.1186
A3ANXE7U6MXS8B,0.1353
A3AOA2QC3SEPME,0.216
A3AOEYOF9XWHGH,0.111
A3AOJQJ7XHZMPY,0.0891
A3AOV2SQ629OMJ,0.2705
A3AP1YQY23PMZU,0.0541
A3AP5CW2ZKWHP,0.1301
A3APIP5GYBAW6Q,0.1726
A3APYWFBBRANU3,0.2863
A3AQI84JR8CRB7,0.2967
A3AQOIFJ13G0F2,0.0941
A3AQP2VX0TJQ73,0.3437
A3AR0HV4FZKXRY,0.1772
A3AR1IP86YNNY3,0.1401
A3ARA5ZCC57FGP,0.1312
A3ARFUXVMCCTGU,0.0459
A3ARN8E5ESYZLZ,0.0399
A3AS9N080BXO58,0.016
A3ASAAI4TXHY44,0.2057
A3ASE9NTBCK5TQ,0.117
A3ASXR3CDDUA70,0.0136
A3ASZ2P01CWR75,0.0333
A3AT1J0CUYDWQV,0.0353
A3ATDZESH9V4SL,0.1632
A3ATORX9LJWRUM,0.178
A3AU51R4MOTN55,0.1938
A3AU76PF07KB50,0.131
A3AU772P0RNGDF,0.388
A3AUAJ1JNDGI3E,0.0603
A3AUT07D3WL69G,0.5483
A3AV4IM469GOIU,0.0705
A3AV5JPTMEJ3U6,0.3952
A3AV9MJFIES8Z7,0.0538
A3AVFQIEWTIHY5,0.1965
A3AVNYNNCYGR3J,0.0315
A3AVR76CBULZ1,0.2536
A3AVXHU880YWQY,0.6738
A3AW05VYWC3LX8,0.3289
A3AW1Q8IH25A0L,0.0234
A3AW333ZK3A0C8,0.0979
A3AW81UKSWXEIO,0.2237
A3AWFOTNL6XOOR,0.0532
A3AWHO15RK4GGE,0.1995
A3AWQ0KN8681FH,0.1342
A3AWSD2KF5XGZ0,0.2156
A3AWVPK4VJTQAD,0.5256
A3AX4T4PETTDCA,0.1127
A3AXAR8XTR5MXE,0.1454
A3AXV6P7APTPVM,0.0644
A3AXXUSU4KJQ6R,0.0975
A3AXXZ417JLEZM,0.0915
A3AY8SK3PT7ICL,0.0983
A3AY9AHGKSOXY9,0.2093
A3AYBS85O1FCZS,0.0801
A3AYF9CD4PXDJR,0.2932
A3AYRPF58SU3UX,0.0905
A3AZ5LDRPW19VM,0.3436
A3AZFMRI10XLJF,0.1114
A3AZH0OO0GUAI3,0.1502
A3AZI828WJN1CD,0.4754
A3AZR7F2KYC2TA,0.1048
A3B0CPRWB5GANJ,0.1553
A3B0D8Z49UW0P9,0.199
A3B0DCIAW8CXR7,0.0395
A3B0HUYVGFCV46,0.7105
A3B0UITO0IYDHZ,0.0371
A3B1DDPAP945HC,0.1344
A3B1FSW9UWIWHA,0.1192
A3B29MGQT63NL3,0.0199
A3B2DTQ8U3VB2Q,0.0149
A3B2FTFN1H62FO,0.2323
A3B2GOPZHV0RJY,0.0258
A3B3MSK7L7ZGY2,0.1906
A3B3UJ6ZKJ1NOO,0.095
A3B42N6O9HBS4W,0.1292
A3B52GSCAYLP2G,0.1261
A3B56D9QCIIBLQ,0.0113
A3B5767B1YDFSS,0.0402
A3B5EANJ7H3VZ8,0.168
A3B5IA8958VL76,0.1191
A3B5ITYRN84C4H,0.0168
A3B5NUWB5SII6Z,0.1006
A3B62CEEBAKM7M,0.14
A3B6ITFACJZ5KK,0.0642
A3B6R766FEI4AD,0.582
A3B6UM8QZVGXUH,0.0965
A3B7NC8B7D55IE,0.0122
A3B7PGE6CL3XCO,0.1479
A3B7VQBL6KA86F,0.0617
A3B7YGT8GBUYKS,0.095
A3B80QB9L9XIKF,0.0621
A3B87N2ME1NIWH,0.1233
A3B87PEZW8VD1O,0.0554
A3B8EK6491CYYY,0.0912
A3B8SCNQYXFCMU,0.0676
A3B927BOKGR1FQ,0.0875
A3B96A42A921L4,0.0318
A3B9LN5M6DGTJR,0.1271
A3B9R1IJE5YHX6,0.0892
A3B9V3H9S0JREI,0.1226
A3BAMQVU8O5O9,0.0737
A3BBC8E7QT7N9I,0.1681
A3BBK2NIEKQAK5,0.0716
A3BBRTJN94YXUX,0.0823
A3BBYU3RHYNLLQ,0.4866
A3BC2ED60L90FK,0.0384
A3BC51PZJ8L67R,0.206
A3BCKSMWMD6TTD,0.1162
A3BCO4WO19HJKP,0.0594
A3BCVC0JJX39MO,0.1959
A3BD37LBTM1AIZ,0.0104
A3BD73KWYQBV9P,0.0677
A3BD8J8XDVAGP9,0.2984
A3BDOYTCH6BPP9,0.2203
A3BE6T44EVYM68,0.232
A3BEDO0NQMAVOC,0.2694
A3BETHI0E05M22,0.168
A3BEWW7DCT39TI,0.0493
A3BEY3VE3QIM81,0.0985
A3BEYFBHNGZ9S6,0.0723
A3BF60V2PEK3YA,0.1335
A3BH8UHBA0EU9V,0.1934
A3BHG24Z2M1CZX,0.2148
A3BHQ7LPHF7PJG,0.0843
A3BHY0S3M3WGW7,0.2283
A3BHZL1K0TFI5,0.1512
A3BI8WEX7PATA5,0.2548
A3BIG91TAC5TWJ,0.2506
A3BIMAUO4JKCRJ,0.5561
A3BIUVACFBRBGX,0.5886
A3BIZ03TTGO10J,0.0649
A3BJ2MFE8LZ8Y5,0.0127
A3BJA6RB901DU3,0.2919
A3BJIB38MZKWD4,0.0549
A3BJIFKS5CNPJB,0.1334
A3BJILZFD22RX3,0.6758
A3BJIYGKM4G2WU,0.1488
A3BJU6NN26AK2M,0.1621
A3BK2MCK26FK6J,0.0155
A3BK52GUVRR5QC,0.059
A3BKBQ9O8WUX23,0.2192
A3BKO45UKYSNR9,0.4541
A3BKYY14V7DPLH,0.0791
A3BLZ3TUU5OKQE,0.0875
A3BM5LHI33OKUW,0.3941
A3BM8IMDTP1OMD,0.4505
A3BMH52AZICG58,0.018
A3BMI7VGJT60Y7,0.247
A3BML92579N03T,0.1071
A3BNEAYDD0I6RT,0.2048
A3BNLRJGD3QYKY,0.0477
A3BNMHRW2R35LK,0.5699
A3BNOAP5P1X5ZG,0.1368
A3BNYC25EOEURJ,0.0826
A3BO3CP0OJ5U0R,0.0821
A3BOO51NPM0QNY,0.026
A3BOVG0TPTDRBA,0.1619
A3BPC6BY3LB1W9,0.0741
A3BPDUPMEL0IA4,0.3254
A3BRJNA6LLJ62A,0.0752
A3BRY2NIGRM1QM,0.5737
A3BSJ9LR74UWGS,0.0165
A3BSQDDPIHJTEE,0.0893
A3BSTSEFL0ZU1Z,0.0939
A3BTBIV6N9BZFR,0.5702
A3BTDFZI3FT6I7,0.6631
A3BTXV6QZ89Z5U,0.0272
A3BUE5YXUU7WBH,0.171
A3BUG7RMIYITBK,0.0756
A3BUGCB190CCM4,0.242
A3BUONF9B5RP1J,0.0355
A3BV4PHLEC8UOV,0.0615
A3BVAR89MMZMR0,0.3923
A3BVWFD2BG3OE8,0.3907
A3BWM8DFJXSK79,0.2498
A3BWV6ZIIH270,0.1437
A3BWZTDVP7Q8KN,0.1005
A3BX8QBKDDC2GD,0.0792
A3BXBT48RU8YG7,0.0474
A3BXDHBAKLA5Y6,0.3241
A3BXEDV2RKHDIV,0.0703
A3BXPLX5RNFSO3,0.0711
A3BXTGA399UMYR,0.1207
A3BXXXV9JCUQMN,0.082
A3BYAZWRFDX87D,0.2767
A3BYKHRPDEMS7B,0.0409
A3BYQ2DXMPHKNP,0.0881
A3BZUQXA2QHDI2,0.2037
A3C00N4UHA5XYX,0.1554
A3C0EP2G95BRLT,0.218
A3C0EQO9OFSSLT,0.1371
A3C0HEJBLZPM81,0.0881
A3C0RJHV2BZR7J,0.135
A3C12AAWXPYUYF,0.3616
A3C14A8Z4835PY,0.0682
A3C14XYDRWUWQZ,0.2003
A3C1AAFBILRFT4,0.178
A3C1JVFGOIZ7LY,0.2628
A3C1LGN7TUBN33,0.0641
A3C1OB9KGOO53Z,0.0346
A3C1S22BR7LVOZ,0.0535
A3C2C18MXKHVUB,0.2553
A3C2CPTCMB7S4N,0.1491
A3C2NA2JYBO9YN,0.5318
A3C2P53X7OVOKX,0.0316
A3C31ZCNPF66SO,0.1404
A3C38ORL87V4,0.2954
A3C3JA161N7VX7,0.0786
A3C3K44XOT6HOX,0.1378
A3C3SI8ZZ87FV8,0.0412
A3C3TEMF8OMCRC,0.7831
A3C3UF3XI70A6F,0.1431
A3C44DO400PQY1,0.3053
A3C5I40H91W1V8,0.4412
A3C5NG192XR4FS,0.1929
A3C5WTJO996F0X,0.1198
A3C670CL1WQM4V,0.1851
A3C67YYQ9S1BEE,0.1636
A3C6PEKINAHWD,0.1228
A3C6RY5QEY89CE,0.1488
A3C7O6H6YY0MIQ,0.2914
A3C7PUJ7THYRNY,0.1369
A3C88ZDIZALRMN,0.2172
A3C89WADVMXRNL,0.0658
A3C8DRO2ZFI7KC,0.3506
A3C9EA3U3VPV4G,0.0888
A3C9Q3KTNNLJJ,0.4213
A3CA5SBRLFJUC1,0.6656
A3CAIZ5D023DAO,0.0709
A3CAR6QTQMMR2B,0.1486
A3CB4RLQTT2VV4,0.1407
A3CBCVHIK3G76X,0.373
A3CBOHS80ZI5A7,0.1637
A3CBTWDZPPVOK5,0.0033
A3CCEKRJ9N0XWV,0.1128
A3CCIWHN9OT64W,0.154
A3CCU6W5UEUE6W,0.174
A3CD3LQQT05APQ,0.0191
A3CDG4XCEKIFEU,0.6059
A3CE14S3ZGG3L3,0.0561
A3CE3ZL0HX1WH,0.2984
A3CEPHVCWDNAWZ,0.0543
A3CEPKXGIWY94C,0.1501
A3CET5ZGLV1ZF2,0.1313
A3CF2O10PT4HQ8,0.2015
A3CF34MCS2SJB7,0.0953
A3CF34XU4Z82JL,0.0682
A3CFCXWSS5FF8H,0.1577
A3CFJ3ZH3FJMG4,0.142
A3CFPNU36KFSRL,0.3511
A3CFSH6OQGEN7R,0.1981
A3CFT9D3SKQKSL,0.3162
A3CGGVHE9UPECB,0.1154
A3CH4MIJPZUOBU,0.064
A3CHD7NHUBAGKN,0.0314
A3CIMLV9NH6ZTZ,0.0478
A3CIUEZ2PEGR9,0.1076
A3CIUKQUK68HRY,0.0489
A3CJ2VH56T4TCW,0.1899
A3CJ3DKELFXX59,0.686
A3CJGCQI6RKRNJ,0.0964
A3CJGOATIQ948P,0.2678
A3CJJ4BS997781,0.0695
A3CJOB7CHOSZUG,0.2928
A3CJTRKTVC6ND5,0.2812
A3CJVJEA2Z0FUO,0.2211
A3CJZO1C5WMFUD,0.5713
A3CK4DZJ8PJZ2W,0.1808
A3CKOQ37K4LBT7,0.0743
A3CKW0OKATSXW3,0.1596
A3CL3DNUSEG1I6,0.0433
A3CLQZ22LQZOUX,0.0868
A3CM0AX26SSRXQ,0.13
A3CMO2KZDBJ0X4,0.2969
A3CMWSWT18EWP7,0.2951
A3CN1QFX2KCEMQ,0.0806
A3CNQOZVF2EE45,0.2037
A3CNSVJ2I77TMW,0.0499
A3CNZRC6Q39ZHB,0.1467
A3CO12S3VULW4G,0.0418
A3CO1JK5J5D9IP,0.4421
A3CO8ZO6K5R8FR,0.1039
A3COACPUVQCYM9,0.1878
A3COOJ2OFFKF6O,0.0258
A3CP3J7OEGQMD5,0.4355
A3CP4ORVF8KIBO,0.2695
A3CPEBWPEK4JTF,0.1549
A3CQ8VN9YO84JQ,0.4476
A3CQAN96YXZ9U1,0.05
A3CQJ45A05RX1O,0.0473
A3CQUQ28OKOMMT,0.1361
A3CQXDCHHMBC1,0.5286
A3CRLM2N7D4S56,0.0929
A3CRLV6975TLRL,0.1739
A3CRTOJK54P800,0.3873
A3CRUFCJPVXUYH,0.1163
A3CS0GM5T5FFFM,0.6028
A3CSDS5RW4XUPG,0.234
A3CSLB6IL8IKS4,0.0846
A3CSPZK663HVU2,0.2716
A3CSZH55OOTYHM,0.5588
A3CTXFPNJCCUVO,0.2136
A3CUOO2EY29OZ4,0.0575
A3CUWRVAKGEFHL,0.1004
A3CUYX2VXZM9KO,0.1483
A3CVD09ZSLUHD5,0.2711
A3CVM0YIUB2FAN,0.1451
A3CVS1QPS1418G,0.0369
A3CW30KDTF6TGS,0.3417
A3CW41T1M0N5KC,0.0667
A3CW5EHY41TCH1,0.23
A3CWDNDWKYVPFK,0.1446
A3CWEK9HY2VPDL,0.6541
A3CWSI8T1AZ2QI,0.1159
A3CX02IGUE2FV9,0.2236
A3CX61RNLUPA2E,0.029
A3CXBIC1O7RVPB,0.0308
A3CXKFT2IB9N0V,0.2203
A3CY9DK7MHYFYR,0.1143
A3CYMG7BXOYCDF,0.2825
A3CYSC7Y6M0143,0.7262
A3CZ1DYKRUN9JB,0.0673
A3CZLCXXJ1VAHY,0.2924
A3CZO6QZHJ8IY3,0.2576
A3D00UUFE1KNQ5,0.1519
A3D06W341DO1XE,0.3235
A3D0HJGBT511V7,0.0643
A3D0HMC6RQT0N0,0.4167
A3D0ITO1D83PV7,0.1245
A3D0LG5DON0UL9,0.1986
A3D0O63636I5ZU,0.1993
A3D0PALWMQ02HN,0.0829
A3D0Q8CLVGMA67,0.0785
A3D0T6EHDQREDJ,0.4043
A3D0UM4ZD2CMAW,0.9134
A3D0W0NU7YP9CJ,0.045
A3D0XENFHY64QU,0.0944
A3D15FB4VZ9AG6,0.1993
A3D17H71KO0CSD,0.0878
A3D18C1P125F10,0.2718
A3D1BGECNN9QK2,0.056
A3D1CQ05LD9Q86,0.0673
A3D1F33TQKQNWG,0.2083
A3D1J3L5YEZH90,0.2153
A3D1KJLJOCKDEL,0.2629
A3D1NSB3FMPTMM,0.3859
A3D1WT0CA6HD0B,0.1809
A3D296RVX0JVKB,0.0657
A3D2P6JA2HXJF9,0.1395
A3D2VIUT2HWP0Z,0.5085
A3D2XMRV8DSK3J,0.6376
A3D2YSJGYH6HNL,0.0861
A3D3DQKOLFLHJO,0.0653
A3D3EFG4XMO1XG,0.7018
A3D3O3HPJ4MV4T,0.0158
A3D3QN44EHAZ9J,0.3063
A3D3UNHLOWALK7,0.1689
A3D41ZJ56Y01E8,0.1359
A3D42ZX96FA6EW,0.2231
A3D4BDY2HRDUB2,0.1927
A3D4BEOQOZIYPG,0.3189
A3D4JW4757IYTH,0.0656
A3D4S5HQDD2L1H,0.1084
A3D4SZH6KB722J,0.1363
A3D4U8CX40RODD,0.1375
A3D4Y3MDRMLJX3,0.0194
A3D5JTM5LPQBFS,0.1272
A3D5OJA3XIQS18,0.7862
A3D5QBGBL1KAMV,0.0792
A3D66WN3OSC3K4,0.1839
A3D6N44J8SJXF1,0.4097
A3D6P1CR4FYLUQ,0.1298
A3D6QKR9Y3X86A,0.0931
A3D78E6Q2YTTNN,0.1643
A3D7WE62FTMXEG,0.1911
A3D7YSUWYQW9MK,0.6555
A3D84NOUIQ6T6I,0.1178
A3D8ZM5S6SBTOW,0.4209
A3D9AGR9GGHRBO,0.1068
A3D9BTRM4JOU41,0.6098
A3D9HRB3K5G03C,0.1561
A3DA2AUU9G79BF,0.3085
A3DANLZDS1L6WC,0.0696
A3DB30ORA17VWD,0.0956
A3DBAJI75FXNID,0.0692
A3DBBUH2WA1VI5,0.2796
A3DBI4NMKN2X7C,0.1519
A3DBR7DVZ0WPMW,0.1567
A3DBT98KW7KDGC,0.0541
A3DBY64880HILA,0.0931
A3DC6E6I749UZR,0.0985
A3DCFG1N5AS2LZ,0.2444
A3DD7MNNRTRVUE,0.1996
A3DD8A1H8ONN30,0.1847
A3DDI8QH436FPE,0.2295
A3DDPLYMNIVED0,0.3669
A3DDT4XJVGKCEE,0.1874
A3DE2OSSVJ45SN,0.052
A3DE9B7KEQD4UD,0.0548
A3DECRYWZZM0SO,0.6035
A3DENEABFQ9EUR,0.1458
A3DEU11RZ375IG,0.557
A3DF7YA7S6FMJ4,0.0238
A3DFEIOXFDS6EG,0.4044
A3DFGT63ADLNI0,0.228
A3DFJLAXEBNA6Q,0.0165
A3DG6QF9K4NOXM,0.4606
A3DGC4BR3V89H1,0.0994
A3DGMJN91IUKGU,0.1161
A3DGWKQPMMC3AF,0.2552
A3DH3CLMPWPSLH,0.0536
A3DH53FPYSP9E,0.759
A3DHGK7RQ3OI9Y,0.0571
A3DHOQ1LTTP9A,0.0614
A3DHS97DOBZDBW,0.0883
A3DIKPCW3H8RET,0.2821
A3DIN9E5QQZ6VT,0.0613
A3DIS5O83SQJWW,0.528
A3DJ2W6UT4C05K,0.1449
A3DK3R7XJJ2XA6,0.3135
A3DK484SKLAPF3,0.2432
A3DK8GXK3EUVDX,0.0697
A3DKBDSNB5BFIX,0.2357
A3DKFD50KE1AX6,0.0078
A3DKM0STAF66Z5,0.109
A3DLG94HA5KPMP,0.0721
A3DLX9Y127ZDZU,0.364
A3DMF04VMA1B35,0.0616
A3DN6IOE75YQDL,0.2285
A3DO7TL2HJ70SB,0.1368
A3DODUI5D91JKN,0.0066
A3DOKABTH0A6LD,0.2451
A3DOVR5V1BFRI8,0.258
A3DP9OX06EFWLQ,0.1083
A3DPCV2Y835PP2,0.2066
A3DPHU1UEI919U,0.0721
A3DPMS9ECQMNMB,0.3943
A3DQ2FQTM28LWJ,0.0777
A3DQ3F153IOW5V,0.3752
A3DQWFWINN3V5A,0.3348
A3DRKL6OHTSI8O,0.0991
A3DS0VAXL90E26,0.7631
A3DSAV0455ZHCI,0.0326
A3DSEVDT8C98ZE,0.2255
A3DSIE82A3T20B,0.2376
A3DSJHNR0W71W0,0.2104
A3DSM4Z2J0DLJ0,0.1367
A3DSQVF3G8JOBW,0.1888
A3DSUPA8E67I7R,0.715
A3DT2R9QY2U1FQ,0.1414
A3DTI03DSFS8MG,0.1481
A3DTRBOZM4NEBI,0.2678
A3DTYFXHB3M6KJ,0.0113
A3DVUVPASGS9EW,0.015
A3DW8WD4TGMNF0,0.0649
A3DWI49RAMSADS,0.2355
A3DWJPNIMV9PMG,0.1039
A3DWO5RJDA430F,0.6234
A3DWVJFUMLPYDA,0.656
A3DXWLHCHTB5OB,0.1449
A3DY97VK5PE7S8,0.3364
A3DYG3P7FJW9WI,0.1658
A3DYKS1F9MD3V2,0.0604
A3DYO4EJP0F5MU,0.0175
A3DYUFKEC5RCC9,0.7097
A3DYUYQ6UJEWJ8,0.0698
A3DYVRFG2W1RZZ,0.0719
A3DZ16GGJBLAH3,0.0142
A3DZ7DLD5PY3WN,0.2108
A3DZFEICHK5LF2,0.4555
A3DZJGZNIFZBFO,0.0733
A3E049PVKG7NDK,0.2736
A3E0C9CTNPS4F8,0.0702
A3E0EMWPWTC0L8,0.1533
A3E0KTI82FU0NG,0.0827
A3E0N8NDZW7TMP,0.0844
A3E0R5R2DGYLGN,0.2196
A3E0T1O7ROYK5,0.0235
A3E0VAC3EXRCQ1,0.1383
A3E0XBS2HKQRVN,0.6584
A3E11WHSG52T0M,0.3761
A3E1INNFN4N19W,0.0492
A3E1QT4LLYZ0Z8,0.0897
A3E1SL0NL05H1N,0.0994
A3E2SQ61RG4KPF,0.062
A3E367A1TMAHI8,0.03
A3E3O1QGHFUOUF,0.1876
A3E412PFYYOX5S,0.0739
A3E45HUCUX2XGQ,0.0134
A3E494XO44QZJ3,0.544
A3E4QWRCLIPMUS,0.2319
A3E4TW25TGL3FL,0.1164
A3E4Z8NHLI5D2Y,0.0986
A3E58222VWYH4K,0.1743
A3E5A62QNYWUK9,0.1693
A3E5E5M9X6EVI0,0.0212
A3E5WIDHCTLFAI,0.1669
A3E6AEDC0JSFPD,0.0459
A3E6DQHSW5OH5X,0.1893
A3E81751S55308,0.0031
A3E83GTCA7W3YL,0.0545
A3E8EMMFHJ6VVU,0.2459
A3E8P7J7WN7UA2,0.3116
A3E8ZFKCZ9EN2Q,0.0985
A3E9857YP2TYEN,0.6296
A3E98CN49QC7TY,0.1796
A3E9L45NX4BXZA,0.2417
A3E9O1VNJ3U324,0.2951
A3E9O825OSV6R5,0.0456
A3E9RDQW2ON89G,0.1136
A3E9T7UNC3JLIM,0.2236
A3EA1SPV1V3G51,0.2127
A3EA63Y0I1SDEP,0.3777
A3EA7KGYC8LB0,0.2774
A3EAAFGS0DU8R6,0.0966
A3EADR2QSMFRKC,0.05
A3EANUH7WV1AGU,0.7669
A3EAP2VG0BVYWX,0.6923
A3EAS9X3FYT7O1,0.1816
A3EATUZD2CA3RG,0.1545
A3EB3MYMFLEGTT,0.0171
A3EBI7BWH8AXS4,0.0134
A3EBJDZ5N1UEI5,0.1612
A3EBSA5XZPSD0V,0.4016
A3EBTEVWG2XKQV,0.0588
A3ED1UP7WYCPVZ,0.0318
A3ED6SV7OVKL5L,0.28
A3EDDOZCRF1D2J,0.0465
A3EDNLQ8I9P3LL,0.1264
A3EDRXVKHE3GD1,0.0667
A3EE2Q7XB44KXG,0.0636
A3EE88UYGWUSST,0.2547
A3EEAG299EHJ8U,0.0342
A3EEOSVTUGB4YE,0.0885
A3EEWQC5IBKDTZ,0.1366
A3EEZG9EOIQFVI,0.2383
A3EF9MS04X2W4W,0.0358
A3EFEASM8S3MSZ,0.2849
A3EFHXEF9SC7DG,0.1761
A3EFTC52RU17O1,0.5221
A3EG3EFHNKE81G,0.0613
A3EGS9EO6EXDBA,0.0797
A3EGZ6NHMB6QWN,0.1865
A3EHHW1OBQG11A,0.0365
A3EHOSGONBNFZ7,0.1472
A3EHTUPS2S1OXT,0.3507
A3EIJ5HBA6H1N8,0.0085
A3EIPX668CCYY,0.1183
A3EKILCI3RJKTX,0.6257
A3EKNB6HM09LN8,0.0354
A3EKPJZT9STBUD,0.096
A3EKT50Y361K32,0.2466
A3ELJI0OU61AQT,0.0509
A3ELX8BUTC9EVP,0.0744
A3ELY19S6SCEYZ,0.0927
A3EM32S9AYBZVA,0.0648
A3EM40VV41YOHH,0.2908
A3EMG0HA76J7Z8,0.0376
A3EMINMW9O6YOZ,0.0911
A3EMQKYFSJ0TVC,0.1448
A3EMZ433QPZU0O,0.0127
A3EN48HL6EXS9M,0.1676
A3EN7YSDC6V5BN,0.0535
A3ENCI99UDNP4O,0.2869
A3ENMC6TOG1Z4M,0.2815
A3ENO7ZDMZ62TK,0.0475
A3ENUOZLLQEIA,0.0085
A3ENX1Y48DJQVK,0.513
A3EOHJ6IV8548X,0.0996
A3EOLZ1GSSXNNG,0.1841
A3EOW9X7Y8JP71,0.0238
A3EP26M3QHINXT,0.3583
A3EPLJDHXSIR3X,0.3134
A3EPZNFF590EXL,0.3812
A3EQ16EV3AN0G2,0.1832
A3EQMYM2D9A0QD,0.1339
A3EQRG0AYCU91N,0.6283
A3EQUD17SM7VD4,0.2286
A3EQXYIGJPI497,0.5976
A3EQYQ8Q3KSBUP,0.1719
A3ER3JDSFVX5JH,0.3941
A3ER3V2E06DH7D,0.1548
A3ER6ARJ23CIN8,0.8118
A3ERH01X69ILES,0.1059
A3ERIYU56MOIZV,0.0113
A3EROUQNIQULVI,0.0419
A3ES9GMLKNN5TJ,0.232
A3ESMG31XIRL1R,0.2216
A3ESOTEAESKH37,0.1594
A3ESPB9KIXW0LZ,0.0468
A3ET35NGQ2VDN,0.0925
A3ET65973XPUQD,0.5842
A3ETUBMI2F5I1G,0.0143
A3EU23F5C930TA,0.0985
A3EUFGSTIBRF6U,0.1379
A3EUL7LI5UYE8P,0.087
A3EUMLKEJQOWJ9,0.0937
A3EUP6JL17VQQZ,0.267
A3EUS4JC68Q476,0.5736
A3EUUD8HXMEB3I,0.1553
A3EV2R77V65VGM,0.5089
A3EVWMJ2I8TLK,0.0906
A3EW0BKQL8UBIU,0.0881
A3EWRMOMV84TXC,0.0161
A3EWTI4UIVR7UV,0.2122
A3EWUMHYMPD7IB,0.0165
A3EXJSCK1RWV2Z,0.0459
A3EXKNVJ9W62NT,0.5677
A3EY0L5NNRT2UP,0.0746
A3EY6XMCV29ASL,0.1184
A3EYQ06LJKNOKL,0.1146
A3EZ6WB5WDD6FD,0.1224
A3EZAA4F1UY1FM,0.0574
A3EZN5XWOR5FA7,0.0898
A3F007O5Z3SJII,0.0715
A3F0HJLB79JQJ4,0.0845
A3F0LGYV5ZSC7K,0.0248
A3F0PKX1ZJIQ3K,0.0031
A3F0UFBUB2FHX0,0.0258
A3F0YK0OIDWOGA,0.2107
A3F11LFK9YRGV7,0.0129
A3F172PBMY1AN,0.1053
A3F18SDKBDF2WR,0.0033
A3F1GNJZMOOM9P,0.011
A3F23TNCLI3PTK,0.139
A3F2414TEKJJW0,0.0942
A3F2926FPOBNL,0.1033
A3F2AUIISSQ5PH,0.072
A3F3T0M58SE33C,0.2685
A3F4JBU5BMJ8W,0.1789
A3F52D6MXA8FF8,0.1228
A3F52K2N8MMN5Q,0.0674
A3F5A7WFK4QSAX,0.1671
A3F5E8N7LHB0N1,0.3425
A3F5FJ5T8B6U55,0.3504
A3F5ST8CFY4D6Q,0.142
A3F62JHOWXS44E,0.1159
A3F64EXUHBLTP6,0.1187
A3F6O2RD11GNDR,0.342
A3F6SL8QNEVFFJ,0.091
A3F70T6TTMAS2X,0.1974
A3F74TEV4ASM24,0.2357
A3F7AAPD8WM8LW,0.0599
A3F7F7QKQP2FKT,0.6524
A3F7IUGLIDU9IM,0.0632
A3F879SKNN47RG,0.1671
A3F8OLKGTJ4NIL,0.1274
A3F8PT0H9Z517V,0.1732
A3F9AG94G7EH43,0.2452
A3F9BX46VF4QYZ,0.0769
A3F9UCQK9Z4GGL,0.1355
A3F9VZ3YJ17SN4,0.0941
A3FA3C83G0TV2V,0.5578
A3FA9RMVUGHSO8,0.1316
A3FAQFPIADHY2A,0.1931
A3FBVB7XP9I27E,0.0989
A3FCBZSKZ0UNEY,0.1987
A3FCSXIUNGZSEH,0.0678
A3FD6PPAC0BYFK,0.119
A3FDBMNWA9QI4I,0.1394
A3FDOJDBRENI8K,0.1891
A3FE88OSGEVLNM,0.0894
A3FEG08IYQZPTT,0.0513
A3FEKADWPY8K4H,0.1113
A3FETWIN9GFV68,0.0535
A3FF4XNRBT13MP,0.2478
A3FF8R08LI61J2,0.1897
A3FFDJS3CFT6DQ,0.0604
A3FFEZ9CZVJT17,0.0342
A3FFNE1DR5SI1W,0.0033
A3FG0FTDQ1557I,0.0981
A3FG23YJXY1OOO,0.2049
A3FG70JHP6A6PX,0.0885
A3FGOOWBV8SUCA,0.7363
A3FH2H55MGDARV,0.0855
A3FH8ZKYJVE5ZE,0.1595
A3FHI2J1NKKE3U,0.3315
A3FHTGEFBYZWCY,0.0649
A3FI0TJQX1TTAC,0.3498
A3FI46T2P4G34Z,0.1614
A3FIA2QBJZJUIA,0.2327
A3FILXI12RWHS4,0.1915
A3FINRNI579RA5,0.2404
A3FISGTK0WD7JK,0.0452
A3FJE1JPA27CFR,0.5304
A3FJW4LBNLJJ1N,0.0138
A3FK275D13K5WJ,0.0342
A3FK474L7GD0U8,0.0375
A3FKDHFZ129CVV,0.0358
A3FL2RSS95UQXI,0.1626
A3FLILNMY2OD8R,0.1453
A3FLNCYFL7465Q,0.2025
A3FLOWOKVNQ72S,0.2141
A3FM766C6A13Z,0.3188
A3FM9BHIIDME0S,0.0909
A3FMH2DGZHTIT0,0.1293
A3FMHTRW1C4DAP,0.1789
A3FMKEREO1F9O0,0.1265
A3FN1OZ2TJ5HS2,0.0655
A3FN4G5Y8GRZ5S,0.0902
A3FNA0D0GBPNIE,0.161
A3FNOSCPPESDF9,0.2143
A3FNRHCR34K5LD,0.0187
A3FOERDM2P3X46,0.1651
A3FOEYIN9ZTFK2,0.0257
A3FOWTOACN5TNU,0.0725
A3FPDVCYKN68I3,0.1584
A3FPMKMYYXU9YC,0.0156
A3FPOOEMDCW962,0.061
A3FPPA6B77MR2A,0.1059
A3FPRZAPR38UUG,0.0774
A3FQC80PE9MDZC,0.2309
A3FQRJBI5FTEFG,0.226
A3FQZH8PJB535A,0.2367
A3FR3PTQJXF6B8,0.0335
A3FRCFOIM9URJW,0.0485
A3FRKYF74RXHCW,0.1111
A3FS4QJGZZEMOU,0.164
A3FS5IXG6F66SQ,0.2765
A3FSCAKJJ7I9S6,0.4121
A3FSUK6BB76S8U,0.1886
A3FT1K0M5OY1SQ,0.0634
A3FTAH0NKM6OVQ,0.2668
A3FTTCWY67R5O7,0.0592
A3FTUN2MUUGNQD,0.1401
A3FTXHHJFX62FS,0.2379
A3FU8T75Q5YGC7,0.4188
A3FUAGZZ6AF8XM,0.3587
A3FUFO0Z5G5P0Y,0.1249
A3FUKG6UDKUQ0T,0.5525
A3FV27DQQ84523,0.0852
A3FV9Y5U0F6DE7,0.0773
A3FVTOHP5V9W3G,0.116
A3FVYH7IJSDMM1,0.1498
A3FW1LCISRPOYC,0.1132
A3FW23J5MUPKUO,0.2913
A3FW3KF40W5N6R,0.1357
A3FWLRL772578H,0.1456
A3FWSOTC1OZWR7,0.1966
A3FWUJXSIIKHIX,0.0887
A3FWVV13DJELLV,0.1096
A3FX463L5XQ4MD,0.2676
A3FXVBMZ32Y0SV,0.1296
A3FXVCKXFXZW8O,0.0471
A3FY06FJT8I8DN,0.0669
A3FY1GXS48WR8B,0.1479
A3FY8Q6PWOFPOB,0.4756
A3FYED7IS5YXRB,0.0165
A3FZ0J725GFE08,0.0342
A3FZ0O8COAW8KX,0.0506
A3FZC71CGQNMOM,0.0831
A3FZDGKLU5IA88,0.0641
A3FZPHQPQLALJL,0.0197
A3G0CC5TOD9D6F,0.203
A3G0QU7L8J2Y2D,0.1116
A3G0U77E8RQO4N,0.026
A3G11WF34W2IN2,0.0906
A3G18QG04I71B7,0.1477
A3G19B09K43OAK,0.1183
A3G19SJMZO3NZW,0.1884
A3G1BD69ZJQ4O8,0.14
A3G1NGQAAE28PP,0.0127
A3G2AAMHUT1N1U,0.0809
A3G2PUJI3MHBSR,0.1573
A3G2UODFWBT8OE,0.0789
A3G2WCDU8JAVSH,0.1277
A3G2XI1VWI6SVK,0.1185
A3G35MZTC46DA1,0.1027
A3G3FEU8AXPMVW,0.0889
A3G3HPYV1DBRC6,0.3299
A3G3LITI9EWHPM,0.5617
A3G3Q0WO65I8Q6,0.1577
A3G4059JVY9VYB,0.0129
A3G4NSG8P49G4L,0.2354
A3G4W0QIOZ2X0S,0.159
A3G52XWKNLBC3,0.8015
A3G636N0YXQA7A,0.3311
A3G6JEPMHP8H1W,0.0488
A3G6N1LDACZQCD,0.0564
A3G7BC1IGTAMZP,0.1285
A3G7UEG64KNGNY,0.2339
A3G7Y8TENKTB6Y,0.4517
A3G8BQH1TMZR2S,0.0813
A3G8GD1KTLFBLP,0.3526
A3G8HND34EXMBG,0.0485
A3G8RKFB0UTTCT,0.135
A3G91TWL7TQ7OE,0.5573
A3G9FZJ3WMNHA4,0.2482
A3G9XFGG1EZRNY,0.4851
A3G9ZJLMZNVYKO,0.1061
A3GA52KVFMDNLO,0.132
A3GAHSKFONFZRR,0.1574
A3GBL2GYZDJ2VR,0.199
A3GBWL7H4U2S5T,0.0701
A3GCDS9S7YKUY8,0.1357
A3GCQ30FRM9MKQ,0.0631
A3GCWRUCFAMZF5,0.6037
A3GDDH47T69OZZ,0.0318
A3GDMDR42JPHTA,0.1742
A3GDN39HIKKD13,0.1418
A3GDYVCSYEW1SN,0.0742
A3GE8NHFZ5R05X,0.1137
A3GEDBJNKQG161,0.0366
A3GEDRZKWRT2HF,0.1308
A3GEVMQ38ZEV59,0.139
A3GFQ3HF6Q8SHL,0.1186
A3GFVTJ4C0S9DN,0.1164
A3GG2F2936IPS3,0.1472
A3GG7QSSI58HJV,0.232
A3GG8AP181TC01,0.1382
A3GGC0QUGFHZUT,0.1444
A3GGUBZMTQD1B9,0.1117
A3GH5XMSPELEW0,0.0366
A3GI2Q50RKE7J8,0.5623
A3GIBLGFLDNX7T,0.1036
A3GIFH6IJ9T3V2,0.2443
A3GIFP83R1K7Y2,0.0254
A3GJ8PZKDN97CK,0.1971
A3GJLYCMZECXQI,0.0794
A3GJUXQOKUNIJM,0.0273
A3GJZIH58UCNYX,0.0593
A3GK146A9DQK8O,0.061
A3GK2YW141RDWR,0.045
A3GKMK6KQH3Y1H,0.2671
A3GLQPJ3TLXM09,0.2402
A3GM71QJ64A275,0.1739
A3GMCGNT2ZO04V,0.0732
A3GMIO4FFZWC27,0.0939
A3GMS4BCKQORV0,0.2177
A3GMU0VTI9IPEP,0.1639
A3GMVCTJTHYG1F,0.2176
A3GN3H910MOZ5A,0.015
A3GNAV1I28EJCA,0.2595
A3GNB3WUBWXU17,0.3961
A3GNZUE5BIH395,0.3732
A3GOS8Y7DV0E4X,0.4171
A3GPDH4FMH514Y,0.1854
A3GPGNTI8KV9B5,0.0773
A3GPIUGCM7GDX8,0.0766
A3GPLGYP1MLWYS,0.2105
A3GPTJ9WUTT6N0,0.0919
A3GQ97I3V3LB7I,0.1048
A3GQM9ZLFA1LHU,0.0097
A3GQZO7IS2FDGG,0.4317
A3GRNFBJE3UQ29,0.1143
A3GRXU3CCYU2AL,0.2269
A3GS12USHLMPR4,0.6157
A3GSIHEWYIKBAP,0.1193
A3GSQBNE4O9Y5E,0.0631
A3GSYEL2O5A65,0.1398
A3GTDLW2YVC8XB,0.1286
A3GU5WBPH98GS,0.0804
A3GUTB5HY7N5SS,0.5603
A3GUVZ4QJEM247,0.4755
A3GUYFGEQGW4F,0.133
A3GVDH2V3HK9IG,0.0918
A3GVK4BH4Z7XJ1,0.1041
A3GVTK181RD96Y,0.2591
A3GVWUCMN6NDTP,0.1789
A3GW8KCILR2E8L,0.5906
A3GWAWL1Y68YMP,0.0456
A3GWQDR4DNXPMG,0.0596
A3GX3CEXT0B5U1,0.293
A3GX7EVYDJZTWJ,0.2118
A3GXMPG6R0LER7,0.1424
A3GXQTX2Y2CKSY,0.0615
A3GY44KEUNEGQY,0.2838
A3GYAB5SN9UUJA,0.3113
A3GZQJZLSMETLI,0.268
A3H00BFSIO8B0R,0.1661
A3H0AW7EAWQEWT,0.1933
A3H0DQ1FJF1VAK,0.1377
A3H0GG7X0XKDE5,0.0504
A3H0NEHDHQ96D6,0.0671
A3H12CND4I3EM4,0.0256
A3H12V31XEYD1D,0.1396
A3H1316H0IEZTQ,0.0779
A3H15IMJTTZROE,0.2424
A3H1AZ031TPWD8,0.1215
A3H1CE8T6GDVWV,0.0898
A3H1OY96C9ML65,0.0786
A3H1U5UV5LYJ9Y,0.1645
A3H28BN5IS3VP8,0.529
A3H28VNR4FG6CU,0.0365
A3H2CKTFZ3B3GD,0.0937
A3H2DTODV3M1QS,0.066
A3H2TN29DG1SS3,0.0535
A3H38JP56IKQJG,0.161
A3H3CBID5TL2DA,0.0034
A3H3HZGVI37AQJ,0.0506
A3H3NOOQN5EWTO,0.2129
A3H3QYKO5LAYCP,0.277
A3H3T9Y0FHNH0F,0.1036
A3H474MO4CM2Y5,0.0533
A3H4FFQ4AYZORO,0.0775
A3H4HGNE9TJ1K1,0.0122
A3H4HJ30KWIMEK,0.1531
A3H4TIVTTA5IBB,0.5571
A3H501ZDMBZLRO,0.2744
A3H5A4OAWZ4YF,0.2211
A3H5CVICTMQRS8,0.0589
A3H5H9DE84JIKI,0.0175
A3H5WKVJRED0BR,0.138
A3H7DG1R6VXLR6,0.0248
A3H7EDIC6M40BY,0.168
A3H7J5POTR9TZW,0.2286
A3H7R5QEFUBZH7,0.1269
A3H8IE60X1L8ZY,0.2524
A3H8QYB549URIT,0.0203
A3H9FJL67HJA3D,0.3675
A3H9YT0P97I34O,0.1712
A3HAA7H8PBVM78,0.145
A3HABMO1YCQCAK,0.1681
A3HADHOS4619R3,0.0709
A3HAG5HVXP3V54,0.0663
A3HAMBCVJ615PO,0.1516
A3HAS6A4BD8T6S,0.0881
A3HAU9RI9D07F7,0.4588
A3HB7EDZF0ZB8J,0.0777
A3HBASBZZVT2N7,0.4118
A3HBGR9WEIIA5K,0.0368
A3HBK3JS4VU4II,0.0861
A3HBZOPOJFVV8Z,0.1984
A3HC2220JYRF6J,0.0995
A3HCG8U4ATKXG4,0.0405
A3HCGSOLAHATVQ,0.0466
A3HCMJOGRRSAF2,0.5273
A3HD1742YP624R,0.2803
A3HD6PT2FL2BYL,0.042
A3HDSPFMOCEUTA,0.0964
A3HDW0BQ5Q46G2,0.2359
A3HDZO6UOFNK3B,0.1202
A3HEGIOHBTEM32,0.0741
A3HEU19KYGI5YX,0.1387
A3HEX74HFC0VM5,0.033
A3HFA497LX7BW3,0.0923
A3HFG905TQ77FL,0.2054
A3HFNEDU0KSYVR,0.0231
A3HFUVIA168297,0.0568
A3HG2DNHVU3M3R,0.0836
A3HGKLYTBE4QX0,0.0571
A3HH340REI4J47,0.9087
A3HH4M0CU5GWTB,0.0426
A3HH6ZWIOWIYOU,0.2315
A3HHCD6UU62VNH,0.1585
A3HHEF1R6L7651,0.0718
A3HHQXOMMY99Q9,0.0382
A3HHRRVRF7OLCJ,0.0356
A3HIXLGOEH2OEN,0.2201
A3HJ6FNSURIH42,0.1209
A3HJIOWKO7R1DR,0.3072
A3HJL3TXRC472T,0.1239
A3HKJUDAXMZHFE,0.0763
A3HKOWAT6BP059,0.0499
A3HKU0HXXWAVEI,0.1917
A3HLH7UOHXEX94,0.0863
A3HM8N429OW7V6,0.0734
A3HMJJ5T9GQY1V,0.1385
A3HMP6XEGFD7S7,0.1811
A3HN318DL1X2G3,0.4821
A3HNLJGBLFBJIA,0.3982
A3HNMKMU0YJAN7,0.0677
A3HNYXH7NW2LGD,0.0862
A3HO0FX4WC9YTU,0.1276
A3HOO29NMD09UN,0.2062
A3HOQZJ3HDUQRH,0.0223
A3HP14Z1CII981,0.0503
A3HP4VTP6952XA,0.1957
A3HP5DC0RR17DF,0.2676
A3HPBB9V036H6K,0.675
A3HPP56WYGDVPC,0.3149
A3HPZJY70DOYYH,0.1972
A3HQ6IPNE7PUO7,0.0035
A3HQKIJ6ZFQB87,0.2639
A3HQP9BYC4I9CL,0.0602
A3HR1PRCZTMOER,0.2829
A3HR5WMYNUOXO8,0.02
A3HR5WRS2KN0DB,0.0623
A3HR9EHWN2A9FT,0.1923
A3HRAXFHBPBBCA,0.1367
A3HRICS5J0RVR2,0.0406
A3HROY0XROW4S8,0.1134
A3HROY1ML8ZQIP,0.1432
A3HRPYUMCSE8SW,0.0492
A3HSFWAJGSSVZS,0.1495
A3HSKN33BTBMCO,0.0361
A3HT7V9SDMR6U7,0.081
A3HT8Z717DVTNZ,0.3397
A3HTIGE4Y8UW3L,0.0376
A3HTZK9SXHK5S5,0.0614
A3HU6DC49QTI2D,0.1576
A3HU75ZKLB9GFP,0.0573
A3HU8TU3T5LNRV,0.1046
A3HV10458SSRVM,0.8107
A3HV79NDXN3UUX,0.0642
A3HVBHXEQD472E,0.0254
A3HVH753MBGBX1,0.042
A3HVHFOQGPMV3U,0.1022
A3HVRW8WS7TCV5,0.1135
A3HVX1Q10UBL3B,0.1499
A3HWQ1J6KI1JP0,0.0469
A3HWXBF7B1ND74,0.1379
A3HX2OHUEFX4HQ,0.151
A3HXGSMCIOZEW8,0.7013
A3HXLBV8IUCS88,0.0969
A3HXO3MMYYHHHD,0.0925
A3HXSHUIDLHS55,0.2237
A3HYC0RY9VVYS3,0.0683
A3HYE2EHPFPK2J,0.4157
A3HYFFRQD1KE36,0.0437
A3HZANL0GB61U8,0.2463
A3HZFUJ6WSBV6R,0.0236
A3HZG7E435SH90,0.0085
A3HZGKQN0UF1CH,0.1173
A3HZOPDA4KKC5W,0.1544
A3I04CBXGNEX6,0.5602
A3I093DEFVCUUY,0.222
A3I0BG02LR5SRW,0.0157
A3I0EQUFL7WZ7J,0.0736
A3I0I0YHZB013F,0.6588
A3I0VTX1RS5NMK,0.0794
A3I0ZJFJ5OE7MV,0.0902
A3I18N3IVJOOUS,0.0515
A3I195NZP83EU1,0.8307
A3I1GZ3Z7AXSNZ,0.0921
A3I1I949XB220J,0.0544
A3I1LYDUSZSGUY,0.1172
A3I1U3ZBZCUMMB,0.0752
A3I2AIBC3CYQMH,0.1309
A3I2E3IWY7RW00,0.1441
A3I2QAIABQSK79,0.1084
A3I37YQFNO548K,0.6482
A3I38VP7ZNCKM9,0.2229
A3I3BYJ6PIODG1,0.2946
A3I3OQ2B6EKOXY,0.0571
A3I3SRKV9V02G9,0.0949
A3I42CDG116KKQ,0.2534
A3I4FNN00CJ3QS,0.1779
A3I4KR7P3MGN3P,0.5384
A3I4PHXEKVY40L,0.4466
A3I551RT5B4KLF,0.1515
A3I5SGVPSQARNJ,0.2938
A3I5TRZZSO8C0B,0.094
A3I6U2RZL3WL7U,0.0616
A3I6XLHKVUU9FB,0.4628
A3I73QMJPPMZ3Q,0.5623
A3I7ZQV5QDUSP7,0.1356
A3I88QYGHGTWKO,0.2667
A3I8R0PC35026S,0.1184
A3I8VKL1FVKY0C,0.0749
A3I8ZUK0UUUXQ8,0.2821
A3I98FCRUS9L72,0.6125
A3I9CG8HA38QJ4,0.1368
A3I9GK5OO42B0I,0.2524
A3I9NLAKW3L4WI,0.0447
A3I9UCU2T8HIKS,0.1847
A3IAAVB63OE76I,0.1492
A3IB5F5UTKNG5D,0.1353
A3IBH5QRQFH97Y,0.1399
A3IBY99O59EW7J,0.256
A3IBZN5AUG04I7,0.2566
A3IC1RAA9W8RGZ,0.263
A3ICDLUQ3V2QY2,0.1318
A3ICEC2KAKMBML,0.1352
A3ICH3NHPG7W9F,0.0474
A3IEAYDS24L2IK,0.5332
A3IEBFQFROGCKN,0.1593
A3IEEK4JCSF336,0.068
A3IEGFLUNPKRV4,0.191
A3IF5BJFPH8OG5,0.2362
A3IFAGP5ELDMHU,0.0762
A3IFCL2696IUER,0.4015
A3IGETH1M17L0W,0.1894
A3IGF82JII638Y,0.0933
A3IGFS3NAIL6PS,0.0784
A3IGLE6X6RSNZX,0.241
A3IH5LXI0YVYXE,0.2039
A3IH5TH6AKY6KR,0.1196
A3IH6INLYZ7RAY,0.0677
A3IHEEQDOUZKS0,0.0645
A3IHTB81B9HDQ1,0.0365
A3IHZP2530M05N,0.0971
A3II1BHNKL2HAL,0.1477
A3IICSS30MRX9M,0.1948
A3IID9YHOZZHNO,0.1445
A3IJFYE918YC4Z,0.15
A3IJX6L3BALFVM,0.0365
A3IK7FKX7OV93G,0.1783
A3IKK57TI9BP85,0.1273
A3IKOI71108FUB,0.1624
A3IKQ1HN8KQJFD,0.0694
A3ILC2L5EOTHY6,0.1444
A3ILJX4T7N4QX5,0.1043
A3ILMKW88W1TIR,0.0674
A3ILZDO340H7BQ,0.172
A3IMQRHC2WBG0G,0.2277
A3IMZIPHBDMANK,0.0784
A3IN7BU0IY6QXB,0.1837
A3INFMKPU6ZU3F,0.1454
A3INIL5S7HNKB5,0.2046
A3INKBDWXCL8LP,0.1451
A3INP2ULA50M5I,0.1273
A3INUENVJRK20B,0.1496
A3INXYG0TAJQ61,0.4799
A3IOINIAOMUJK3,0.0672
A3IOMFM9VQNGGS,0.2038
A3IONEIQB9028N,0.0664
A3IOQ7NVVLAUEE,0.8545
A3IPDGNMA9GXJ6,0.1154
A3IPHMUE2TBDSO,0.0409
A3IPKDIL9DVUH2,0.0691
A3IPN12WPXYTEI,0.1386
A3IPRGWKSJ4BBW,0.4103
A3IQ16G6QSPU78,0.1347
A3IQ3HU1SIL6RD,0.4163
A3IQ5URWAKDF3H,0.1501
A3IR5HRM2K58TW,0.0862
A3IRJT9J0C6R9Y,0.0273
A3ISA8LBB5P34E,0.1601
A3ISVYONRK0TPQ,0.0713
A3IT51CB8K392O,0.143
A3ITD2GNEMBXO3,0.1419
A3IU2TOMXONMU,0.0529
A3IUPHLK5U0MVL,0.1956
A3IUW081KXD3PE,0.6144
A3IUX9ORAHPQRV,0.4198
A3IUYGMS1GYVSF,0.2782
A3IVDLIXVJCRDQ,0.4475
A3IVOBRF33TWWI,0.0592
A3IVW9455F3NBT,0.297
A3IVWNSONC6EHJ,0.3572
A3IW6HJF53384O,0.1894
A3IW9TTG36O24X,0.2838
A3IWHS6BZL9RLA,0.0769
A3IWLVCZ0CH36M,0.1717
A3IWUICVZ4AH7Q,0.1225
A3IWVKGBWBGLEX,0.0552
A3IWZ99KRTRK2R,0.0197
A3IX9M09JQCHKR,0.113
A3IXCF92PS9B05,0.3987
A3IXF3BZMBQTJU,0.2014
A3IXLWYLOF5ICE,0.0698
A3IY8S20GL2IP4,0.0966
A3IYA4H79ISAEH,0.0321
A3IYXQEMMNFN9L,0.138
A3IZHB30ALHJRH,0.0366
A3IZXJRV8RHUQC,0.0162
A3J0FSNHFNUH9H,0.2471
A3J18C4T2JWI2F,0.1851
A3J1RP6WISTKU4,0.0737
A3J1UD9K9G21R2,0.0874
A3J20HDHEMAS4U,0.0723
A3J2G5QM4U3ZZA,0.0835
A3J2JFWCQY5JJ1,0.0346
A3J2N3MC99CLB3,0.6331
A3J32XYCB1F5U,0.1407
A3J3DSTPE51WGT,0.3733
A3J3QD1GK2VMR8,0.0802
A3J3RY2TMR19IQ,0.061
A3J40I08JKD4N1,0.0609
A3J40JUCYGXNPN,0.1529
A3J427EII1BJ3C,0.1599
A3J4DCLWS6CAHW,0.1652
A3J4OATZUDX8OS,0.0689
A3J584XUXWACTH,0.1151
A3J5FNFCQFQ5AP,0.355
A3J6KZ3VKXU676,0.2335
A3J6SVDM96JYQF,0.0316
A3J6UIFFLPCMD1,0.1887
A3J6UOVQMZXS1Q,0.1112
A3J7H61WESSUL2,0.4933
A3J7Q94UJ4LQKR,0.1889
A3J8G09MLB4YHY,0.0163
A3J8O8PE56EJBX,0.134
A3J994FVYOM3Y4,0.2824
A3J9C2WMW0TZYB,0.2171
A3J9O3GEES45SK,0.0879
A3J9R9J4R74L0G,0.1282
A3JA0WEPU6ONK3,0.0365
A3JA30EHGT7TU4,0.1165
A3JAITM5A93M0U,0.0065
A3JAJG8H9U6FNR,0.1935
A3JAY3B09H5JJP,0.2003
A3JB4P1HZ74BIS,0.0685
A3JBJ4DD3RWYDV,0.0127
A3JBMN4PPGOTFJ,0.0619
A3JCP0OA7XRRQZ,0.1371
A3JD7WHVHEPCPP,0.1525
A3JDBMF683S6G9,0.161
A3JDCUXO8Q4AD1,0.1759
A3JDG8DWTFTXG7,0.1596
A3JDL0QTF3S4HQ,0.0792
A3JE752C5H1CDT,0.2749
A3JE9MGEBFOPJR,0.1034
A3JEHY6YI4OQLP,0.2718
A3JEI47EQBK2IY,0.0865
A3JEQOGQUBE9XO,0.015
A3JER1SISEII76,0.1416
A3JEWGKJ0X4Z5J,0.1627
A3JF001WP479T7,0.0048
A3JF0TXPGIYHYY,0.0815
A3JFA3XLR020E4,0.281
A3JFMJUG3W56YR,0.1976
A3JFOZM9TQ686Q,0.0917
A3JG635P2UPX59,0.0598
A3JG7F04KBUH1O,0.062
A3JG9IR27BDP6P,0.0656
A3JGE56B1T47VX,0.4371
A3JGFVWBUSNR70,0.0852
A3JGIXQPX65TGJ,0.2571
A3JGWPU67E3IVY,0.0311
A3JH18T58CY65P,0.0931
A3JH6XM7CPVPEO,0.0977
A3JHC8O59WDHFZ,0.479
A3JI1ELQKBH8SH,0.4426
A3JI6DI1JLT64D,0.0702
A3JIGBRDRPKHXN,0.0886
A3JIXQXC6KARBH,0.067
A3JJI4J8XAMK5Y,0.0292
A3JJO60MHSX3PG,0.0704
A3JJUCA6K4P31H,0.1982
A3JJVDYQL39YPF,0.1046
A3JJWPJGG8IOIY,0.0415
A3JK77PGI49VM6,0.2297
A3JKK3VYJU990R,0.3586
A3JKQBXT5ZLVV8,0.3862
A3JLBMXPEENJ9T,0.0888
A3JM1MSD1G97R5,0.0921
A3JM5I8YUOR6D4,0.0985
A3JMYUXPG9NA3B,0.0825
A3JN8DMA0EC9YL,0.0615
A3JNS16SMDIX98,0.2993
A3JOCFD1SLS5ZK,0.4242
A3JOGUHYHZV8LD,0.1591
A3JOTB0BUVZ69W,0.1797
A3JP4GUOZ4QKDO,0.2588
A3JPE2AYIMKB59,0.0403
A3JPRLI6012U5B,0.2212
A3JQ58CZBV3FOZ,0.3541
A3JQ7JBTC4M50Z,0.1403
A3JQDCCN8OJ2OL,0.1025
A3JQKKDSX3PELZ,0.1329
A3JQMVCMR3XHWG,0.1515
A3JQQ2TWTKFVNH,0.1094
A3JR5JFYBQ98C8,0.2035
A3JR66FUSQFHGH,0.6186
A3JR735LS372L8,0.019
A3JREFQ0PB1GNH,0.1645
A3JRJE9F15JJU9,0.0364
A3JRJYI36TKMA8,0.261
A3JRN9WZJM0Z7J,0.1753
A3JSBSXZRB2BBJ,0.2938
A3JSZW4RU63B6B,0.0337
A3JT0N7V6GQ3NY,0.0914
A3JTLS4M8EGFD8,0.2396
A3JTYP3IOAHWWV,0.0597
A3JU990UTN5RQP,0.7316
A3JV41WP2W5628,0.0677
A3JVCX9M5VQACQ,0.1086
A3JVMJ28T65VJ0,0.0366
A3JVSNEJXVUBEC,0.1942
A3JVYU0Q17BXYC,0.0187
A3JWD0WQ3VEZEX,0.219
A3JWED7KFG0AT6,0.2131
A3JWERVKJQYMR3,0.1299
A3JWXTHSZHMVWH,0.1354
A3JX1D26WFEXOS,0.6815
A3JX979OZAUECT,0.0432
A3JX9A63XH05O2,0.1162
A3JXAJDGMYNI47,0.0985
A3JXQFBGI78YVW,0.0703
A3JXR3KRNFANVO,0.0437
A3JYKP076RBZKX,0.2646
A3JZ217FAPBVAR,0.1372
A3JZ898Q8XXL6K,0.1812
A3JZ92BV0YZ6PB,0.0859
A3JZFZ8BFQWISI,0.0137
A3JZORIWCLAS6P,0.0881
A3K0X1VTJ1W8NS,0.1364
A3K0XRQ8U93TTA,0.2142
A3K14PAV2AXJAV,0.228
A3K164C3Q8JX8I,0.0942
A3K1JZPUXSADRJ,0.1342
A3K1KA3F4HLUTD,0.0368
A3K1ZWRWAPO1HI,0.1187
A3K225TUAJG7UW,0.5362
A3K29V6MYWL2GI,0.0203
A3K2ENY2T3U84Z,0.0112
A3K31WDCP9J2SC,0.057
A3K3NAP5LJ6DDD,0.5738
A3K3WV35QBGF11,0.1865
A3K42B9C5AEZXZ,0.2967
A3K4A8EDZM22OU,0.0156
A3K4O1HILYDNU9,0.591
A3K4SK9HWHLJL,0.1823
A3K59W3T8JL82,0.1253
A3K5CX3JICKPO7,0.1612
A3K5GGGMR11SA7,0.0762
A3K5NP63E32ZBG,0.3116
A3K649G2P9C8PY,0.2308
A3K6F81PI168Z9,0.1823
A3K6FXL68M7IED,0.0354
A3K6JECJIXECT9,0.081
A3K6TFP9YB5HCS,0.1271
A3K6Z80X3DK8OV,0.6049
A3K7FHPI1HHBN0,0.0672
A3K7IRZ5DX8Y8B,0.0702
A3K7YTUYLN7QMC,0.2619
A3K7ZA8LG1KWYP,0.1856
A3K8375JA9XX8R,0.0253
A3K8A2GUNZYRXD,0.068
A3K8CXT7LTCH46,0.1125
A3K8PHTBHPBIJJ,0.1549
A3K8VNJ6CLJSVM,0.0839
A3K94GILOTHNDL,0.1513
A3K97RXL1J3CQ5,0.1086
A3K9A8EDRVBMXK,0.0257
A3K9FPTO7VDSVM,0.0785
A3K9MIR8R9XAFQ,0.328
A3K9SJHCEAFHRM,0.1298
A3KBQ9YE2WFHO5,0.0791
A3KCB6IMTFBPZV,0.0619
A3KCZC992HN4B7,0.0775
A3KD0XKP6PV9DK,0.133
A3KDO3XV0MK1GX,0.4733
A3KDQMSWQMQJFC,0.2432
A3KDSJV4DH8F8W,0.3937
A3KDZ6MARIAC7W,0.0692
A3KENRBITA2DET,0.0482
A3KEUSZO5VTO1W,0.2535
A3KEZLJ59C1JVH,0.329
A3KF46ZAB3XEMB,0.159
A3KFB0U7M82L96,0.1313
A3KFJ6FDEI13XK,0.0786
A3KG8K6GO9SJJP,0.2388
A3KGDTSKKTDEDJ,0.1011
A3KGPES66TRIP2,0.036
A3KH60GFEYUBDK,0.0615
A3KHBD3YRNY5WO,0.0933
A3KHE737E13QGC,0.295
A3KHEFM5LI7WAM,0.1386
A3KHIBFERCW890,0.177
A3KHRW6ZC2EQIL,0.2441
A3KI5DWHG0G0Y,0.4345
A3KIROVPB2Q7Z6,0.1382
A3KJ8RMIQTQKEG,0.059
A3KJB65OASA5IP,0.3578
A3KJME3TOKVZ4J,0.17
A3KJQ5BA7AVOCN,0.062
A3KJUHJDY4D033,0.0782
A3KKDY0D0B4OJF,0.2498
A3KKMR2NISUND4,0.069
A3KL5GL7LH6541,0.113
A3KM9UA6MAVURN,0.1715
A3KMTRDUT0T1ZJ,0.2271
A3KMUHGAZME8VN,0.2048
A3KMYHC1E69P32,0.4339
A3KN2OBPZ6QJLF,0.3975
A3KOASATK1KTI,0.1934
A3KP2LB6GX8VCY,0.5703
A3KPBZH4CQZMTW,0.0339
A3KPL5GWT82YSB,0.2156
A3KQ6GTL8T5409,0.0254
A3KQM3KEDFITWI,0.1203
A3KQOKDNFSHKT1,0.0926
A3KQQ7A604R2RZ,0.1243
A3KQZ9AGTZD3OF,0.0968
A3KR1VQWDFFD01,0.094
A3KR23KCFKZBGH,0.1525
A3KR42X6V874C5,0.0467
A3KR9841V0VBKV,0.0851
A3KRL10VOIMOT,0.0696
A3KS7FVBBMGQCL,0.1289
A3KS883B0SZ10L,0.0912
A3KSCKP9WYB99V,0.0113
A3KSPF2TN7QTZS,0.1631
A3KTN2CBQRW3I0,0.3798
A3KTWY04ET3VRT,0.2029
A3KTZMHLWU3U7U,0.1749
A3KU1BUGA67Z2T,0.0339
A3KU1YPYP28N7Y,0.0658
A3KU4FFWKD8SVL,0.0197
A3KUE8XSAGRZLU,0.1211
A3KUP8IQ3JMS0P,0.0944
A3KV1N6N34D6XA,0.0165
A3KV79GY53BXS4,0.1418
A3KVCK2EGBTJKY,0.1593
A3KVTI413BG1WN,0.0955
A3KVXROGIY42XS,0.2626
A3KW4BQHU6FMQ2,0.0731
A3KWLE7H7QYUOJ,0.2217
A3KWZ941YN0KXA,0.1459
A3KXHVYY8SPAOB,0.0664
A3KXUGUD7GGD3Z,0.1441
A3KXVF03HN6MBV,0.3901
A3KYD8IQCLIMS9,0.2746
A3KZ481ZRRROR4,0.2411
A3KZ8TV912VVGF,0.142
A3KZCNV1N8R9GC,0.4263
A3KZDS16VTCBCD,0.247
A3L0JLM9CB0IW0,0.2592
A3L0OZ1CG1ZTNO,0.2248
A3L0Y9G1R9BETG,0.0512
A3L1B7VRRD6N19,0.1007
A3L1LUERHVTNJ4,0.0168
A3L1S8MJRO28W9,0.3977
A3L1SUL071K0GV,0.2312
A3L23F8XEP0QB8,0.4316
A3L2D08MNW82NC,0.092
A3L2RO17VVWYHF,0.1139
A3L30T0VFGDECI,0.0201
A3L32IZX05JYBE,0.16
A3L34D6WMMDI91,0.1015
A3L39PERV5GAAO,0.5568
A3L4UZ6RU66UUL,0.2368
A3L593MSEEKE8M,0.018
A3L5DG003XLN9T,0.1639
A3L5FJJQNE15AX,0.1177
A3L5WHP35307RW,0.3732
A3L5XNWP23GKGM,0.1986
A3L6O8HKTGG9VE,0.2117
A3L6XHA5FVMN16,0.1853
A3L706G7TP4AWK,0.053
A3L72D03KB4JD2,0.0406
A3L7EQAO3CI00Z,0.1569
A3L7HPEMZWF5YD,0.2628
A3L7ZYMCIV5U79,0.0857
A3L8JOQRY8I27L,0.0032
A3L8QR8WW719L3,0.113
A3L8YH446HUCVM,0.1678
A3L916IN6IEOY7,0.2176
A3L9E7ZRZS42HN,0.1311
A3L9WR7LGB4ZZV,0.1982
A3LA01MBK3Z6C3,0.0493
A3LA5HHYYVPUWO,0.0739
A3LAOPDVS08O98,0.271
A3LAZP5JAIVDVO,0.1354
A3LB1B61S50FEK,0.7046
A3LBVRW7KNMC4V,0.0453
A3LBYMMXIMYEIC,0.2351
A3LBZX8UCV5H82,0.0651
A3LC1SBE4UI23F,0.0623
A3LCEXRTNHGCS5,0.0861
A3LCOCCWI7B95F,0.0926
A3LCPA6TPPX8UR,0.0575
A3LCRHFTUB2AGS,0.0158
A3LD1I935CDUYR,0.0912
A3LDCW5T2KXPRR,0.0459
A3LDPF5FMB782Z,0.5208
A3LE4MRHK9KACO,0.2419
A3LE9G7OU2O8EK,0.1268
A3LEEWD0Q3UE9O,0.1387
A3LEFYBPA40MF5,0.0324
A3LEU5RR9JGK3V,0.197
A3LFA4EH8K2K98,0.0316
A3LFD1D8HUJ241,0.0373
A3LFK82LONVKRW,0.1364
A3LFV4YUTA7Z8U,0.1604
A3LFZRWUYXMXSJ,0.3247
A3LG3OZUN6K6CX,0.054
A3LG8SVCC25FBC,0.0515
A3LG8W19C1TVRM,0.093
A3LGQDBJCNEENV,0.1498
A3LH07E8KKT1Q1,0.3075
A3LHCDEWYC9JZA,0.0446
A3LHDVXVRWGM08,0.1855
A3LI50AX5WYICE,0.2559
A3LIF253SVDRMW,0.2275
A3LIFZB4RC49DE,0.0324
A3LISZ01VY6PI7,0.1175
A3LJ3S3JO0YVIB,0.1202
A3LJ781MNY5UKN,0.1511
A3LJINXW8JL7WD,0.2513
A3LJLRIZL38GG3,0.2183
A3LJSX6TD7PY4I,0.2762
A3LKZ7353APU9T,0.1313
A3LL7087RQ0K3A,0.0221
A3LLRWHESIV3BE,0.0224
A3LM3M4CX4RBZD,0.281
A3LMILRM9OC3SA,0.1228
A3LMQ7IRNGQSCJ,0.1701
A3LMVQ8BTEL4VY,0.1443
A3LN6Z0Q7OQLGH,0.0078
A3LN8XSXO5FQZ0,0.21
A3LNKTMYB6NW5Z,0.1479
A3LNKX22ZWRHUA,0.3385
A3LNYIYQXESY3X,0.362
A3LO1K2IV0KGO5,0.2137
A3LOC24GCZBZ0N,0.3342
A3LOTHAWNM7BEF,0.1024
A3LOTS9QPVBVQA,0.0561
A3LP1TBTDXECQP,0.0913
A3LPA9QC00M146,0.2211
A3LPLQV6J658F4,0.1214
A3LQ4LK4GVLU0D,0.1233
A3LQJAR83FLTPV,0.1154
A3LQNRS81TVFKZ,0.0565
A3LQUHXUA1CYUW,0.0047
A3LR17Q1F6L5EE,0.0366
A3LR3TGNYOHMGM,0.051
A3LSEIG2PIJYBL,0.3905
A3LSLLR3OAJI7Y,0.3032
A3LTHVGDTSY67A,0.1419
A3LTK1JJA7G052,0.3523
A3LTQ216SK2E6,0.1359
A3LTS0Y25P9V88,0.4179
A3LUJDFUYGZNV2,0.6407
A3LULJF2MQSAAQ,0.1919
A3LUO1R6EUGM21,0.2918
A3LV0S0100ZR52,0.139
A3LW1N4P1VIZFI,0.4085
A3LX7B0YT8D91Q,0.4458
A3LXDGX32E7E57,0.0486
A3LXDQABSYT0A4,0.5455
A3LXELWUW7QIL4,0.012
A3LXENVI2AAAWL,0.6207
A3LXP6GO4BPRRR,0.0593
A3LY2VQ6K0TL61,0.0867
A3LYGFCK85V4IS,0.3691
A3LYJZN8A4PPLP,0.131
A3LYX5ZH17L7SW,0.0173
A3LZ7MVTW83ZVS,0.0859
A3LZA0ZL5IA0MS,0.2449
A3LZNFUSNQM19D,0.2728
A3LZQZMCIZDXK3,0.222
A3LZVR1DWU894K,0.2756
A3LZXB1SBY0GVB,0.042
A3LZZ99N4SIX7N,0.4646
A3M0514264KY3I,0.2438
A3M092JAVYA0EM,0.018
A3M0LQOJ45BX1C,0.1101
A3M0W7VFDPD8Q9,0.0681
A3M1H4L96NQPKL,0.1199
A3M1I9KLSN69U2,0.0659
A3M1LZWDS19XM9,0.2381
A3M2HDFADNLIKG,0.0394
A3M2IUVOKVDGD4,0.1111
A3M2RRKZ72YHVB,0.1133
A3M333GYMKIG8A,0.078
A3M34NPTGTSIWI,0.4821
A3M39CD642BHP4,0.3885
A3M3CZ0MVUOED0,0.1584
A3M3DVNZFJ5BAU,0.0272
A3M3M4DTJKXPAX,0.0299
A3M40K7VET8SCN,0.1705
A3M49MLZN9JI78,0.0732
A3M4PNSKK5ARC2,0.0049
A3M52G49M3LD5N,0.046
A3M5EOPA4ME913,0.1189
A3M6FSDG784SXG,0.2069
A3M6KV5PDU46YI,0.1192
A3M6S7Y1FNPOLD,0.1454
A3M6XXS223BSPI,0.1646
A3M7ROZKQW6F69,0.1572
A3M7VAYKYYHEAX,0.167
A3M7ZYYDLPLHLJ,0.0373
A3M8AIQNGECWE6,0.2107
A3M8N4KMEYR3QL,0.1396
A3M94M3EJM9WGO,0.1948
A3M9ABRW2VB84J,0.0813
A3M9MILGTJKRWU,0.1877
A3M9VU3HIDYFJN,0.1192
A3MA5KHUR406R4,0.1388
A3MA8GE6Q5N3XW,0.0203
A3MAMHEH3YFW30,0.1426
A3MAT1NQF6UC4O,0.5455
A3MAWKBNY7SD2C,0.2725
A3MB37I1XR1FNW,0.1319
A3MB5OEXZK8TBF,0.046
A3MB9041DVZDUM,0.3185
A3MBBC80DD58HM,0.1976
A3MBFWZCPDKPC4,0.0833
A3MBGHTKEJUTE6,0.3054
A3MBHQBIF9XTOG,0.1218
A3MBRKEMNBASQ,0.051
A3MBTTDPBX43VV,0.2043
A3MBTVX9FJQU2S,0.3513
A3MBTYL3P3QWDO,0.0449
A3MC268M00JR8R,0.2089
A3MCJIDGZ10JU2,0.0914
A3MDA891A1EPT8,0.2549
A3MDFAL5F5S2CU,0.0695
A3ME6T538ERZ8X,0.1634
A3MECTXMXYC8XZ,0.615
A3MEDEQS42LWCM,0.2311
A3MEVM441KX831,0.1017
A3MF0WGXKF9SFZ,0.1515
A3MF5GC81U7W4Y,0.1264
A3MF9Z2VJ7VZ4U,0.2301
A3MFGULNTMAJS9,0.3282
A3MFORLOKIOEQY,0.8308
A3MFU0GVZUVH3K,0.6644
A3MFX6X10LAWGL,0.0205
A3MGK847FOITPS,0.0929
A3MGPKTHSKRFUW,0.6343
A3MGZ9EBB1NCFO,0.1129
A3MHEXLAMSL03F,0.2561
A3MHQNXFM2NK5Z,0.4309
A3MI09LIZEQ1QD,0.066
A3MJ1OH04JQNQF,0.1457
A3MJ2QVZOK8R3O,0.1438
A3MJGFNQONLYN9,0.169
A3MJIXDIQT5S16,0.1039
A3MJR0F0NUWJL7,0.3998
A3MJYQFHRYLUUB,0.3304
A3MKAUSIYREEQ0,0.2816
A3MKHBPA5FGD8W,0.2469
A3MKMGJ23QOQKM,0.3213
A3MLBG29YH52YT,0.0165
A3MLMULW2D9UIU,0.1107
A3MM1BZP26D5NC,0.036
A3MM1ZN3IV9B2R,0.0785
A3MMDL4UP9H9L,0.2849
A3MMDV095IKMLQ,0.0636
A3MMTCR4WCGJWC,0.0233
A3MMWWENH3Z7GS,0.128
A3MN08LMEB3CCR,0.1818
A3MNQJQSE4K1Q8,0.061
A3MNV6BP0YENP7,0.2235
A3MNW51H5XH12D,0.0399
A3MNZKOFEMKRFI,0.0255
A3MOOBGS5JCP11,0.0686
A3MOR10UWP4B1H,0.3014
A3MOZABSXJZIMN,0.0644
A3MPHJMEIAWSCR,0.1176
A3MPWONT80G4RQ,0.6499
A3MPX1S83LFLM0,0.5399
A3MQ15651KGVLJ,0.7071
A3MQAQT8C6D1I7,0.5762
A3MR29TUT7E9M7,0.0677
A3MR2JZ8CRK79A,0.2231
A3MR4QBSYAKJ6C,0.0068
A3MRBEZTRYUBWM,0.1639
A3MROP5KA9LRTP,0.1504
A3MS07XVG2V5TD,0.1613
A3MS1B2NBKZJNT,0.0919
A3MS4HABNNHDIR,0.1181
A3MS4KNF0H5FYI,0.0181
A3MSF0AFOFX6KP,0.0223
A3MSIMW9K5METI,0.1586
A3MSXYMTCN2Q1Z,0.1057
A3MTGH0GYRUV6J,0.1576
A3MTJ97L38S7P4,0.0658
A3MTSDMQAZ37VO,0.1746
A3MTTQ15FMD8M4,0.1367
A3MULQX51L9VBO,0.3722
A3MUVI9I3WUC7O,0.0295
A3MV583EGBUBPK,0.0664
A3MWB1V96BE3LC,0.0942
A3MWU3LIRG6GHO,0.0458
A3MX5WX93TVPRL,0.5362
A3MX8MDSCHB642,0.0727
A3MXHZD3BSB1LQ,0.2289
A3MY87GH376958,0.1906
A3MYIPSGFRLEFI,0.1019
A3MYOPYP9VBML,0.1523
A3MYZTZN6F0EGO,0.1432
A3MZ092W9K5PHZ,0.2519
A3MZIAFQFJ1NP1,0.5133
A3MZSWSG6L8EN2,0.151
A3MZWM75KSM1P6,0.1761
A3MZX416YIS5IN,0.1225
A3MZZU5Y2INTU1,0.0623
A3N035E28XRS0M,0.0618
A3N0HN4WLGP62T,0.1151
A3N0KQSPPMAZF7,0.0414
A3N0OINVM9NVB2,0.084
A3N1ASTPM1GUKS,0.1698
A3N1GJI2UPJAWZ,0.0301
A3N1KKOGKXBICU,0.1367
A3N1M1L9A1NY2G,0.1034
A3N2EW8WUJJRS2,0.2102
A3N2VW90SOCQ2N,0.0663
A3N35H0A9RB6AE,0.2116
A3N37IWYXIEFL0,0.3346
A3N3LPHLB7V9NV,0.0732
A3N3QK4DKTL0FM,0.2854
A3N3VQA7DEGT18,0.1644
A3N3W4ZZ8JS8L3,0.3208
A3N4HVZKE14PY7,0.1304
A3N4IZIY5Q1RNO,0.0142
A3N4SGWWMUTY1Z,0.2016
A3N4Y4970YSIA3,0.0485
A3N5DHGLORF8UT,0.2668
A3N5GQN3FBUMCO,0.1385
A3N5NHI0RVXICR,0.0347
A3N5PA768EFIDP,0.1388
A3N5WP36O2IQBY,0.1514
A3N6N8RWXYX7AJ,0.0157
A3N6ODWP7FP7II,0.2002
A3N6VBAVGRAKP4,0.4689
A3N6VQ7CI1BCVJ,0.097
A3N75I60JM46JX,0.1153
A3N78KTM2DRY04,0.026
A3N7BE9GC8PBJH,0.0381
A3N7GBJ5NC8RUC,0.5302
A3N7VLUBMMBE5Z,0.1985
A3N7Z7NU7WSWCX,0.1684
A3N8EWFA0BZUJD,0.1385
A3N8ZNS77F03GJ,0.1534
A3N92N6M0UM0RS,0.0967
A3N9946VS9D0CC,0.152
A3N99REXKZNENT,0.0686
A3N9GM8O1VTJ9S,0.4181
A3N9XYDXHU8J2W,0.0391
A3N9XYXUZA4XCF,0.2772
A3NA11HX8HY85O,0.2199
A3NAJLO81N0SEY,0.4362
A3NAMRA9FFI82P,0.535
A3NANTF1H34FVA,0.1663
A3NAVOYKS20MQR,0.131
A3NBKB0M5Y9KI9,0.0203
A3NBXTHSZ156XP,0.1654
A3NBXUHHJZTZLF,0.7055
A3NC3O383HC9MJ,0.4433
A3NCF09IT8RX5A,0.0636
A3NCIN6TNL0MGA,0.4733
A3NCN2C3HI5SNE,0.1552
A3NCQ8HU1UJVLM,0.1006
A3NCYNYH30C12D,0.1379
A3ND5JC6AP5D4R,0.3342
A3NDUBKYPI47N2,0.4261
A3NE86TIVJUKOX,0.1453
A3NEEH12ATP6X,0.2358
A3NEK46JOQBXRS,0.0726
A3NENMWZ6D536G,0.2706
A3NF1RKSXG8BIU,0.0997
A3NFOS8RTO0X1R,0.0248
A3NG9N42VMUCP,0.1128
A3NGGF2CL59JY7,0.018
A3NGX35C4OQNBV,0.2141
A3NH30B70DU5IH,0.4083
A3NHDH12CBHLXR,0.1453
A3NHUQ33CFH3VM,0.7428
A3NI86U3HF2ZEH,0.1418
A3NI9A259E5YL,0.1585
A3NIOYLDUOVK9S,0.1363
A3NJ0PP190OOR5,0.3097
A3NJ6E612ZDLP,0.0113
A3NK89SEOVQFCQ,0.2796
A3NK9KAVKUTST4,0.295
A3NKL43SIFR3CK,0.0477
A3NKRADYHW2CIP,0.2082
A3NKSK4VFKY521,0.1606
A3NKSY3I0UW3KK,0.1197
A3NL3DO9J4SWDC,0.0432
A3NL827F09Z00B,0.0785
A3NLCKSEDQ6546,0.0544
A3NLG4XRJNNNBE,0.1274
A3NLI44GQY8K48,0.2122
A3NLJZI5NEOT0K,0.0067
A3NLM1ATIFSFGD,0.1492
A3NM0RAYSL6PA8,0.2073
A3NM39O6R8H3A5,0.103
A3NME3SH3VHQE8,0.2331
A3NP4JF896RLX5,0.0567
A3NP7IIMI89BD5,0.1977
A3NP7RA38FVQIB,0.1788
A3NPZ24PG7U7VU,0.0184
A3NQ51Q3Y7BQKP,0.0742
A3NQSN3D19ECZ7,0.5628
A3NR0GWVTTJNLF,0.231
A3NR0P3PKQBXKG,0.1587
A3NR679MU3D4UQ,0.0616
A3NRZITQMFWFGC,0.015
A3NS0A7ADK3ROB,0.1735
A3NS2ZZYH6GOV1,0.0694
A3NS98ZQBS78CE,0.0122
A3NSUUSP9MCOUX,0.0206
A3NT2DO5BKENZL,0.0312
A3NT52GB169L24,0.0483
A3NTAQ473SV08U,0.1783
A3NTW4UFWJC11O,0.1982
A3NU8FUAUL3WY1,0.1931
A3NUC07PCIWBCW,0.0907
A3NUDZ45VG16ZI,0.1117
A3NUQ5C61CTK4E,0.173
A3NUUJF2S2ZWAD,0.1221
A3NV2LRNA725XB,0.0918
A3NV3JFYTMQN30,0.0743
A3NV9BJPA3FJYB,0.6948
A3NVDL0K6Y0W28,0.0567
A3NVHI6NQQLJLM,0.1143
A3NVN3D15Y8U7I,0.188
A3NVRBHJERYH9V,0.297
A3NVZTGPORNPRW,0.3617
A3NWG7ID09IMAR,0.0579
A3NX1H9ZAP4I5W,0.5645
A3NY0831XBYKV7,0.0746
A3NY49QVQJQK7P,0.0574
A3NY5IA9FQKMZD,0.2086
A3NY94QMTA1411,0.075
A3NYBI5VMVEEIK,0.3119
A3NZBKAK7T3PE,0.2629
A3NZGQ0RG93ZAG,0.6354
A3NZU7DVK2VZ2X,0.1282
A3O0B45D9VG1E6,0.0802
A3O0BNG7D76BAD,0.3594
A3O0MV1HSPQPF2,0.0667
A3O0SB8I1QXKOZ,0.1355
A3O0UK01P4PB8R,0.1292
A3O10ZTQSU6RKX,0.0624
A3O1EFKA6UXFHR,0.083
A3O1EHYSM0XKCJ,0.1452
A3O249OLH61S1K,0.1803
A3O2MCWGYEFKHR,0.0212
A3O3EBPR8JIQOQ,0.0678
A3O3GOWB1W51DO,0.1892
A3O3MI0QJ5VEQ9,0.076
A3O41AYYBVV98E,0.0272
A3O49VCR0F4441,0.1872
A3O4B7VGPSAH76,0.6534
A3O4L958N9G8VK,0.0572
A3O50CWH0MPE5V,0.1048
A3O582NDVVNWSD,0.6004
A3O5NY2ZPM7UWC,0.066
A3O63IEJTNWPTX,0.1215
A3O63SOVRFOEQE,0.3141
A3O690L0GM5XMM,0.0889
A3O72DJ2MQ8930,0.183
A3O7LVFESZEMH7,0.5707
A3O7MJLEXEXJIN,0.081
A3O7N0KGB3UZIQ,0.1722
A3O82AI3BEFMP3,0.068
A3O86JFA1REME,0.169
A3O8OQ2PBXM4T2,0.2902
A3O8S6NG2UHIJM,0.0675
A3O93FNXW1PYOH,0.0157
A3O969BRYQ347T,0.1239
A3OASMBSVBWUVY,0.1754
A3OATWIFEAST8F,0.0639
A3OAX0WCV109IQ,0.1389
A3OB66O9FB9RRC,0.2589
A3OBQYGOU05960,0.2936
A3OC1P26505FV,0.1183
A3OC1XBXM9XQKW,0.1088
A3OCL8JJFD4X1A,0.0695
A3OCR4UBY0TXN,0.0797
A3OCSNE59Y4EAC,0.046
A3OD29NBB95KBC,0.2551
A3OD2SIQZTH4PK,0.1637
A3ODQQDGMRX3UV,0.2645
A3OE8046KWT42B,0.6219
A3OEBOH4IX9GJJ,0.0623
A3OFA1UM5F1SAC,0.0909
A3OFJES10PZGEH,0.2783
A3OG220BB9S5F0,0.0104
A3OG7KKY52MMLE,0.1846
A3OGKCJ5FLU588,0.0196
A3OGRASETKA292,0.1428
A3OGZ5RW9MQRFK,0.0448
A3OI24430N17SA,0.0293
A3OIGJHNDIU7OV,0.0631
A3OIKVX3SJKXFG,0.1342
A3OJ0V1TQYZ71W,0.0779
A3OJN23WKQFOP0,0.0678
A3OJVGKKEBH2HT,0.1018
A3OK8MJ9Y68FAL,0.1339
A3OK9A083IZA2N,0.1655
A3OKE6J65HD49X,0.2309
A3OKKZM41VOZK7,0.1972
A3OL48K0OQ7DH1,0.064
A3OL74I0JQZAUE,0.0273
A3OLAZKM77XR6P,0.1074
A3OLCY79DNKSNO,0.0762
A3OLNEGDP5UGGL,0.0412
A3OMCZ1CRVVB5H,0.1313
A3OMFMKQI32K3G,0.071
A3OMLWL3Q45FCA,0.175
A3OMM3CVRUANSD,0.0634
A3OMWGJO8GYH5L,0.3851
A3ONWXEZOB7ZDY,0.1506
A3OO7POTHBPQIE,0.0433
A3OOBDU2GJSQND,0.1407
A3OPGNQT5FDBAF,0.0187
A3OPLLHN1C14R6,0.0426
A3OPMJ7REL1RIF,0.0249
A3OPQEQPRNW79G,0.0145
A3OQ6VZLTZ9FPO,0.188
A3OQJC5R0QTWTA,0.0567
A3OQYC0HNQGLYW,0.2028
A3ORGSWL6S5I2Q,0.0063
A3ORHGR6SCLA3R,0.2994
A3OROIQVEIQ87A,0.2437
A3ORWMLSWJJAJ0,0.1642
A3OS1SO09S3WRJ,0.0439
A3OSYLMU0H5O2H,0.1491
A3OT8KJ0QDVER9,0.0184
A3OTGI4MOW85KA,0.1067
A3OTW643LEJTA8,0.0664
A3OTWTGU8Y37SU,0.0642
A3OU1EOI9ESAJ1,0.5943
A3OU557B4BK32S,0.0256
A3OU6E9SSMVU9D,0.1131
A3OU9P0YR8W7VS,0.1929
A3OUH3ATL4GO18,0.2195
A3OUYFXUOHDGH,0.1847
A3OV100QQCDOTJ,0.0617
A3OVCRAAYM5BK7,0.0763
A3OVN5HBTNF89H,0.0473
A3OVY1RN145NIY,0.1396
A3OW12V8O7G5LD,0.1236
A3OWYXTI802I48,0.1523
A3OX26QQQS51XK,0.4289
A3OX4XPLBWSXQJ,0.0208
A3OXHEV3U8YOAZ,0.7641
A3OXKNZT3RQU2L,0.2295
A3OXRK2TRTIDR6,0.6027
A3OXZEQ7WZNKER,0.6681
A3OY71ZRALZKS0,0.2897
A3OYMK6UMM871F,0.1079
A3OYQ3L7Q6X3F9,0.1987
A3OYS3SSHB4KL1,0.0923
A3OZA8HNJM26DC,0.9327
A3P0JI73T7GAA8,0.1148
A3P0ONOLQOKE9G,0.1718
A3P0UPCQC7BR0R,0.0543
A3P1508PZ0UADD,0.7845
A3P162WRKMTV1R,0.1388
A3P1GPCA3HYIN,0.1116
A3P1R0OA5RME2C,0.1949
A3P20M898R18T8,0.084
A3P222CN9HAPTF,0.2647
A3P235R8CZH82V,0.0699
A3P29S8XMVF9EU,0.0332
A3P2DBXIJUPJEC,0.0894
A3P2INZJEROUIS,0.0731
A3P2TXT2WDMZR6,0.2365
A3P2WE9PKTWM2R,0.3588
A3P2WGUW82Q6EC,0.0589
A3P34VT9VVIOJY,0.0419
A3P39U9AGOIHP3,0.1372
A3P3J6QFE7K230,0.197
A3P3JUJZ2MFW2M,0.1715
A3P3UJZF2NEHC4,0.293
A3P3XP70BMBX06,0.5172
A3P4BKWNJ6UUS,0.1336
A3P4I2ZG03O2M0,0.0721
A3P4KG4X4LKDY7,0.0513
A3P4WOECOANW1M,0.5312
A3P52GDRRWJLSU,0.3482
A3P69ARHV1WCKC,0.2089
A3P6PDCTO3O96K,0.4319
A3P6RM1ZDRPIUQ,0.0556
A3P7S3JGBGCGOM,0.1217
A3P80NY5BNL418,0.0876
A3P85GOGY4MDE6,0.0577
A3P864F9KY5LC,0.1502
A3P8D1HOYW3HMQ,0.1809
A3P8LAJ1MWZNO6,0.0442
A3P8W2BZ4K1EB4,0.0592
A3P93T4J28EDVB,0.1131
A3P9BN02LLPDPH,0.487
A3P9HWSQG4YWP3,0.0788
A3P9NBQ6F4DR69,0.0693
A3P9VNS4JCAVBI,0.1084
A3PADQ74NYUN6M,0.0218
A3PAE40PWT7NYD,0.0986
A3PB3ZO4XGELZS,0.026
A3PBNFUWTZCUFF,0.1324
A3PBPEFMYAX0CT,0.2995
A3PBS7LDLRFGB1,0.1573
A3PCIV1KQC0C7H,0.1273
A3PCMBD36OWHME,0.0921
A3PD8JD9L4WEII,0.6765
A3PD9P3DOS9OD0,0.2328
A3PDFQOVURWZY,0.2182
A3PDGWYC08DXF4,0.0506
A3PDNCT9HOUF3Q,0.0575
A3PDNN5MJF9ZJ0,0.1062
A3PDSVXNSBA9ZQ,0.1427
A3PE2ASRMWCDST,0.0708
A3PE884TA8529G,0.1724
A3PE9GL8IQXZOP,0.2105
A3PEDW2XE6W08V,0.0903
A3PEIM3T6Q8CZU,0.2375
A3PEJHC7PRDCG9,0.2813
A3PEN6PH24S5DU,0.1305
A3PEO98ZQVHWOK,0.197
A3PET7UFYAAGMA,0.3066
A3PEZSF99K0GY2,0.0
A3PF319KRS0HMY,0.0653
A3PF5Z6QKR5UZA,0.1569
A3PFA1N90MQ4JR,0.1332
A3PFLKE491X4AJ,0.5846
A3PGGVAY8PKSAY,0.4188
A3PGPWZ7KUIAUQ,0.2725
A3PGR8QXG6FVXI,0.2153
A3PGVJF37JSHFO,0.7852
A3PH4ZOVNB7PZE,0.3754
A3PHEC426SCQW9,0.0585
A3PHFAG8VPL6S2,0.1427
A3PHK2DQKHLEG2,0.4345
A3PHKR5SYBONZ2,0.0241
A3PHMIBO7ZYHLB,0.0479
A3PI5UWQK3P659,0.0956
A3PILS1MN6GEHP,0.1053
A3PIVKCLKIAHHT,0.0682
A3PJV1MNED650H,0.0957
A3PK1CL0ODOQBJ,0.0733
A3PK3C1J8P23PO,0.0219
A3PKIZR71F40I5,0.1311
A3PKR4Z22DCFV7,0.2152
A3PLBJLY8T7L7B,0.0108
A3PLJJIN80R9K5,0.1019
A3PLOKOVGMLK41,0.2184
A3PLX087S71H5D,0.0594
A3PM5DH1D3E1EI,0.0692
A3PM9IBH4RD1RS,0.1224
A3PMLWI0SNB3DF,0.0265
A3PMX751MDK3AC,0.4061
A3PNK1JFOIC3YH,0.0299
A3PO55MPTOWUV0,0.1578
A3PO95UD7TRYPT,0.0665
A3POAF988GPYCQ,0.1242
A3POTE9LL0L5NH,0.1718
A3POU3A52PSWR9,0.1604
A3POVDRP5U5LP9,0.0054
A3PP7UGDW3VG4N,0.2421
A3PPBVJ2QZBOHI,0.3532
A3PPI3EFN594PG,0.2214
A3PQ36C3EFB04Y,0.2452
A3PQDGK9DS2YZZ,0.2672
A3PQHS6R9WKVA9,0.2244
A3PQRE0KKPO2J3,0.0921
A3PQSL9TBTCG6C,0.3
A3PQUSU35MJICT,0.0851
A3PQZHO4YDNNDS,0.4942
A3PR1ZJD3R0CKI,0.1323
A3PR4W9COZVVF8,0.188
A3PREF4Z95NCCN,0.1644
A3PRIEMQJDJWY0,0.2752
A3PRQ5HBAX8DW0,0.1103
A3PRZ9F89UREJJ,0.3903
A3PSGM7T1GK049,0.3108
A3PSJCHRBQEOAF,0.0942
A3PSL549ERGXLD,0.1853
A3PT42JTV5OTWB,0.1536
A3PT6XPUDULKG6,0.0408
A3PT892Q65UTXG,0.119
A3PTG5V447NJNW,0.2205
A3PTSN0CFNUYJ,0.1187
A3PUOEWQEQKS1J,0.0987
A3PUWIKP32K41A,0.0704
A3PUXJQUQYXJGD,0.1472
A3PV2UN5HWCMGU,0.1584
A3PVKJAIGQ0C3I,0.1528
A3PW4EWMNEMAEK,0.4279
A3PW73FDBORZTZ,0.0931
A3PWDPQ4B1S7G8,0.2592
A3PWPNZVMNX3PA,0.2913
A3PWSAC6ORW33Z,0.2815
A3PXF6HP44DY7H,0.139
A3PY3AMUYBA2RZ,0.3021
A3PYCGZZC3DVSV,0.2359
A3PYJA6KCKYO22,0.2112
A3PYON8WF41MMC,0.1856
A3PYSV48S6GFFE,0.1858
A3PZ56NBFYZZUL,0.2028
A3PZD2IVEPMQ8J,0.3705
A3PZM15SU7V48N,0.0892
A3PZM2HY2I2UJD,0.0548
A3PZYRZ8YFTZSF,0.1203
A3Q0D8U4I1FCRM,0.1942
A3Q0UCHM8DSDG7,0.1113
A3Q0XZQB9RA3HP,0.1239
A3Q0ZG1T0HYS4N,0.2739
A3Q12NUZUM5ECC,0.0909
A3Q1AAC99311LI,0.1935
A3Q1AR7PVTFRSM,0.1557
A3Q1KIDFJ8THMP,0.1434
A3Q1WW2IOCO38Y,0.2305
A3Q31LGZSP33KH,0.1814
A3Q387RL6ON95F,0.1921
A3Q3N3WSGM5QP2,0.1059
A3Q4RN776W6HYQ,0.1776
A3Q53CV6IV7SIQ,0.1499
A3Q55E6MRPLJAB,0.0605
A3Q5GZ46OUL4H5,0.0715
A3Q5IRZ3ZJV4P3,0.2289
A3Q5KTK592FVV2,0.0328
A3Q5ZQAL0E0JR5,0.0367
A3Q6AFZFX58URL,0.3589
A3Q6EL2PFKJK76,0.126
A3Q6V0J8NUSR23,0.1734
A3Q6YFJ4SARWGT,0.0796
A3Q7NGN14THEQN,0.3726
A3Q7WYYAZ12B7N,0.0293
A3Q82T5MFPDN2Q,0.1082
A3Q9BX67GBXRST,0.2744
A3Q9IQUZQM3SXZ,0.1736
A3QA0BBQW08DLZ,0.101
A3QAC7JK8RWKJ7,0.4203
A3QAD1BD3NIIO4,0.2365
A3QAE3B97FVU42,0.0711
A3QAY3AZH0P6P4,0.3857
A3QB47YYMIN3GO,0.0432
A3QBMZHPQSCG5V,0.0873
A3QCC7PV6EG4YC,0.2286
A3QCCHF4TVH97P,0.314
A3QCHHUFTZWV7P,0.0181
A3QCLEQ7F77V6C,0.5397
A3QCQY083YLM3J,0.256
A3QCXIDIO5DF00,0.2482
A3QD42AP50YE7G,0.1392
A3QD8ADZ5ARVO0,0.1647
A3QDDEW6RXVEAY,0.1439
A3QDMDSANPYGUX,0.6783
A3QDPQBJAJC6C,0.298
A3QDTYCY651Z2S,0.2935
A3QDY5F9BA5V0B,0.3137
A3QDY9I0CNMD2W,0.6956
A3QE3P6JJCPIHW,0.3158
A3QEIPJMT9ISQ,0.0708
A3QF87EWX0K9MR,0.1217
A3QF9RS5O37QXK,0.0075
A3QFUNJ0L81OOD,0.5561
A3QG1JW6O3SD96,0.0457
A3QG1KCB8HB5AQ,0.6359
A3QG32P5IF3JAK,0.1243
A3QGDEFBDG2AGX,0.046
A3QGK1KW95V6O0,0.1129
A3QGL7LZXPDQE3,0.0416
A3QH15ZP9MNC6V,0.1387
A3QH5ABN8MVAT,0.163
A3QI0A547ERENA,0.0208
A3QI3AR05267SG,0.2905
A3QI63WBTTCNG6,0.1466
A3QIIRJ72EC0V9,0.2106
A3QJ2H1R16YPIG,0.0873
A3QJ8QL3TOGVFF,0.1644
A3QJWPMUQOCZXY,0.0665
A3QJZFR41U8IGA,0.0789
A3QK41IM3X2CUF,0.6094
A3QK723XT3MJXZ,0.1461
A3QK8LDWVJHI7D,0.0769
A3QKHWD77WXLJO,0.0983
A3QKPPRBJ6C0ON,0.0555
A3QKX6N77VHNGQ,0.2401
A3QL4FUUL2DT51,0.1352
A3QLBQXF441AW1,0.553
A3QLCKK2SOZTXZ,0.2029
A3QLJT5IQ5A1O1,0.0302
A3QLMRL114BPEE,0.5681
A3QLQS0AV282FD,0.2224
A3QLYWNWI8DTKW,0.2353
A3QMV7LPU3YMFK,0.1866
A3QMZVNXQT60OY,0.1804
A3QN1DHU09PHZ5,0.1851
A3QN5PCFZYOHHI,0.0188
A3QNDSQJFA360M,0.74
A3QNFP46L7TRSC,0.2639
A3QNMK4Z8QDTLN,0.1839
A3QNNCUZ04JW7R,0.0399
A3QNPWAS1BQVOC,0.1182
A3QNR732UXVH9X,0.0706
A3QO2M6G9ZMVT9,0.0898
A3QO5UPOCBMAR5,0.3628
A3QODVJ5K4QAWZ,0.1304
A3QOLITU5R8J3R,0.2547
A3QOOW0G6D0X9V,0.1352
A3QPSFGLHHK7JX,0.1888
A3QPXUOD684ZYO,0.1262
A3QQCEQ33O0GJU,0.6998
A3QQLWRK7ZFW8E,0.05
A3QQOKTQAZWN6U,0.0073
A3QQVWKE32ULEJ,0.0791
A3QRW0UJPKIAX7,0.5627
A3QS3UKZ8GYAZU,0.2492
A3QS4WWC1LCA6H,0.3074
A3QS8K9V8BS2H7,0.3324
A3QSCN94V60VR7,0.1591
A3QSM5XHPL1T6Y,0.6579
A3QSSI1RZMP6P8,0.1319
A3QTIH4K1OYIQI,0.603
A3QTOZ50MIBS96,0.0729
A3QTZOYENFR3NV,0.1521
A3QU3O79AGNWCY,0.4621
A3QU5OILKT9T0M,0.2328
A3QU89RBYRMR67,0.4302
A3QUTY8XPNJ1S6,0.3803
A3QUZG4J7L8D4K,0.2457
A3QVAL6M4AGSSV,0.0157
A3QVAVJEBPMGBB,0.1835
A3QVN3OVRKKCT6,0.0449
A3QVRCSJ9TXYM7,0.0616
A3QVSNBVHDIIRU,0.0188
A3QVT8LVXRA7MG,0.1479
A3QW8EI3B9D4I4,0.0086
A3QWC68BASQSCF,0.0528
A3QXDQF5L6XOTS,0.389
A3QXLT7SOW6XC7,0.0529
A3QXWA0QNDLF4A,0.0908
A3QY178HG7F8S,0.0691
A3QYAZL1LKMRZK,0.1715
A3QYCGVIZSO97E,0.1596
A3QYFYTMKII7TV,0.1868
A3QZEQE9T2660L,0.1587
A3R0ZDQWANTOHM,0.125
A3R19YKNL641X3,0.6179
A3R1LZMZN1BD5U,0.2374
A3R1Z9PCJ6BBW3,0.0977
A3R26SD2ESFC5Z,0.0139
A3R2I26IFPI0OZ,0.0624
A3R2L1WMJHB8V0,0.2226
A3R2SH4H4TNH0T,0.0703
A3R37EX54XC8Q5,0.0764
A3R3KMN9V95D5T,0.0916
A3R3LZN5NDXAJQ,0.0537
A3R3SS28ASLWBD,0.1391
A3R3SXLYQZIH61,0.1682
A3R3ZRHXV3BXXQ,0.2951
A3R3ZVSITXMVB,0.2405
A3R4Q2UEPTZPSQ,0.2615
A3R59J6WB6INQB,0.6192
A3R5GTYQ50QVMD,0.2473
A3R5LZ29W7TGCH,0.1187
A3R5OQTF2A9C8H,0.3282
A3R5QIGAFV0CRR,0.1614
A3R5TV4CE8UJMC,0.1216
A3R5V8QZVAWU2B,0.1126
A3R5VT4UW4ZVSE,0.1778
A3R64H4RC4CH5V,0.0056
A3R6B4KVUNSM88,0.237
A3R6DA93CFNPN4,0.2634
A3R6IGKV182J6Q,0.2674
A3R6L0P2Q15KS8,0.0879
A3R6U22E5A1ZW8,0.1375
A3R71B7WE6Q7SY,0.0726
A3R7DYXM8HP4OW,0.188
A3R7EE1SEQJ728,0.5968
A3R8FQ1YNRE5RP,0.1033
A3R8KVIU7VPUST,0.0142
A3R9KRIO25CKZV,0.2251
A3R9RGOOUID7YK,0.292
A3R9Z9G4L7U0G0,0.1359
A3RA0IYGOM1FMH,0.1122
A3RA9ATCEEQFV7,0.0898
A3RAYL7IX9HMS6,0.1379
A3RB1JA72Z0TUN,0.0935
A3RB9PECLH84S7,0.3627
A3RBTKH8OI4X6X,0.0697
A3RBVDH87QF1A,0.3885
A3RC2OSA1WWYJ3,0.113
A3RCGTO0O4WUOM,0.0679
A3RCRB71D777GA,0.184
A3RCY0OBPZ5XWF,0.0574
A3RD6YA8UMLLEX,0.0631
A3RDD3NQWIW17B,0.074
A3RDIQ577D0XEU,0.0577
A3RDNGSC1OQEQ5,0.0744
A3RDQS449HC370,0.0127
A3RDWN2D0YJLMC,0.2225
A3RE92TU1FLGJ0,0.24
A3REBHTMMJ9MIB,0.2469
A3REKZPYAFOLUJ,0.0822
A3REW00RHL6GUG,0.0624
A3REX4XML9APRX,0.2548
A3REZPNBF49ME4,0.0263
A3RF5L5NIAPEH,0.3494
A3RFNCMOL3FSE8,0.2014
A3RFS2PZ2FK97N,0.1524
A3RG3S43T1TTH4,0.3584
A3RGQ4R9M2ZGWY,0.2202
A3RHFJXM8J5N7H,0.1949
A3RHSVCDBL52MR,0.2219
A3RHXRO17DLWQN,0.2123
A3RHYWBMDX7J8D,0.4928
A3RIOBX7NLKJ7S,0.8106
A3RIRKGU4F6X9S,0.2022
A3RIVB2A5PER0D,0.418
A3RJ0LX5R4CJRY,0.0073
A3RJBK9U9FITGA,0.1906
A3RJO4ALM3CAG2,0.1696
A3RJVINZDBOUNE,0.1392
A3RK90I0ROCI0R,0.2993
A3RKMKBVUCBSJR,0.1504
A3RKPP9QT474EX,0.0426
A3RL3JVFKCKDNW,0.3492
A3RL80EVOZ0LJK,0.0563
A3RLAG3TLIOCIZ,0.0332
A3RLD38GOU0VM1,0.0257
A3RLDR83KEU2M5,0.0674
A3RLL5GRAIYZDG,0.1124
A3RLL7N9RWR9RO,0.2137
A3RLLU7CU8IRV1,0.0531
A3RM4WTQL8VAU5,0.4142
A3RMAXAL6RISE5,0.0754
A3RMVM067JNZKJ,0.1567
A3RMXNZMYN0U43,0.0822
A3RNPV0BV4SLDK,0.063
A3ROELHHTEZLMX,0.127
A3ROH61D71HSPT,0.074
A3RORUAONZHYD5,0.3229
A3ROWBJW70FJF,0.6227
A3RP75O13ISVP8,0.2776
A3RP7YZ5DHAXH2,0.0796
A3RPDN9247BQHK,0.2627
A3RPWK92E3SG1V,0.0218
A3RQHCUVSRHU21,0.05
A3RR1VQAGMKZZX,0.0787
A3RRL3MZAN0VQ4,0.1203
A3RROR8EUY0IFY,0.1455
A3RRR1GSIXUAZD,0.0762
A3RS3NOBP4X1KV,0.0844
A3RS44P0PNEMJ,0.0434
A3RS7PAN125FTL,0.0196
A3RSVR9ELA3U2E,0.1204
A3RT9VQL58FMSO,0.0583
A3RTAH3INJ40HW,0.1125
A3RTDU3X791JO0,0.1438
A3RTQUBL19STRE,0.223
A3RU4VT25HZ60Y,0.2444
A3RUMVZZ7W2E2S,0.0616
A3RVDXHXWXI6K4,0.2377
A3RVF0PUY8BVOH,0.0509
A3RWUEZ5U8OT0Q,0.0776
A3RX6RA5WURQJ5,0.1344
A3RXEU8N2RD320,0.1062
A3RXJ4A6JZKXLX,0.0813
A3RXQZFJRX5DS0,0.0287
A3RYK0RT54MRVC,0.0728
A3RYUX3AW5RW19,0.2128
A3RYVZ9T4LXPRZ,0.2877
A3RZ23VUW00A3F,0.1281
A3RZ3PXOHNYC8S,0.2547
A3RZHCAMAV3E40,0.0404
A3RZM875TV2Z65,0.1456
A3RZN4OD4Q82WV,0.0927
A3RZOPQ42Q50B1,0.7068
A3S03DVUVT11JB,0.046
A3S0KTQB7SQ9K2,0.3244
A3S0LG7590F4MG,0.1157
A3S0N3CJPUJ2HC,0.0543
A3S15J9WWXXOCB,0.1307
A3S1MQ6SAPVKQI,0.0616
A3S1WRDSRF1XE7,0.1639
A3S25YPCZ63OQL,0.1253
A3S3F6PBF0PA91,0.0686
A3S3MOT7JM82FA,0.2879
A3S3NGWOXWKXKH,0.0623
A3S3NT5VS54FC8,0.0911
A3S3Q1739PMUVM,0.1885
A3S3R88HA0HZG3,0.9179
A3S3TGIWP6785Z,0.7626
A3S3XESYDHV39U,0.1077
A3S4YVPGHSD5I8,0.1762
A3S58J9HNVKP32,0.2984
A3S5AME3Q5SFDD,0.3099
A3S5CU8SKTVDC4,0.2998
A3S5DNGZLH87XO,0.2806
A3S5E00AAJC446,0.0588
A3S5J3FJQSDSI2,0.0949
A3S5QARP3IAMP3,0.1753
A3S5VDRPAFYFOU,0.114
A3S5Z6342WZWRN,0.026
A3S646CCL57YA7,0.081
A3S68HGRLVGXKZ,0.1035
A3S6N7PEWZRLSI,0.1569
A3S71WW0FEU9DR,0.2044
A3S73MX3KSMGBN,0.2118
A3S7997A6GYVDW,0.0829
A3S86II8A99U86,0.1736
A3S8C41QV6G2QL,0.2278
A3S8F9XZLS8AWC,0.103
A3S8N7AO37BEIV,0.0704
A3S946UETX4NTK,0.0785
A3S96J0R2IB1IW,0.1957
A3S9962G73SNAP,0.1011
A3S9MTAMV79BX8,0.5422
A3SAH3ZIWSXZU2,0.1593
A3SB5E688J9HVG,0.064
A3SBCWMLKF6H32,0.0824
A3SBL75CSO5PUK,0.6507
A3SBTW3WS4IQSN,0.3166
A3SBXIOSQ3455W,0.1321
A3SCDYBZ7I0P87,0.1945
A3SCV6FML8MLMS,0.0265
A3SCYVE2ANQ94H,0.1223
A3SDEQCEKNED4O,0.0676
A3SDEZYAEY4AQX,0.1401
A3SDW6TI2CBCT3,0.1529
A3SDXX0IE7T2BD,0.1135
A3SE4XL71KC56G,0.1744
A3SEDVZYQGTRVL,0.1874
A3SEZY62JRWVAC,0.0208
A3SFEHDHGCJ0GC,0.6927
A3SFEO8X4JIW3D,0.0129
A3SFHZ326WL184,0.3655
A3SFNV4NNRSUS4,0.1559
A3SFWN1DLJLURS,0.1667
A3SG2N77KI8365,0.6301
A3SG7CTHYG1QC2,0.154
A3SGBRA0BQTB7J,0.5026
A3SGITD7AM2KZ1,0.1046
A3SGLP7CEZ9SGQ,0.0324
A3SH855WQ0JLCX,0.1517
A3SHAOQ7FI3JLN,0.1546
A3SHECVIYG1LJP,0.0297
A3SHUHOUB1BFEV,0.1223
A3SHYHT4Y88AS7,0.3275
A3SI5CN0K8U2H0,0.189
A3SI5H12GE0WG0,0.0232
A3SI9Z6G0NYNTO,0.1486
A3SIZZF8M4P891,0.1066
A3SJBFCTJWBFT2,0.322
A3SJFCGN99S7O2,0.1721
A3SJOO3QCY4R67,0.1058
A3SJU1AGUIIH91,0.0201
A3SJZ8ZS6PDTYS,0.0566
A3SK20MFK90J8H,0.0089
A3SKD1PCCN1X0V,0.1422
A3SKNNNW3H1J9I,0.0168
A3SKXRB5QQWMLZ,0.0031
A3SL2O5KOVWBGK,0.2447
A3SL6PMPLMCB2L,0.0535
A3SL7UWG7Z4H4T,0.3529
A3SLIVSNS5DFYF,0.3339
A3SLNCRKJ9UFJD,0.2748
A3SLQHHWES42CX,0.0792
A3SLRAY7SYG0WY,0.6238
A3SLUAWDK43B7R,0.2208
A3SLVTZGDINW4C,0.1379
A3SM3TCURJAEDL,0.064
A3SMH6EOXOYNX3,0.3459
A3SMPC84SOLLL9,0.2758
A3SMW95H6703IV,0.1395
A3SMWBV1QHQ3AA,0.0391
A3SNELGI09147J,0.0347
A3SNQ2R7WVE7I3,0.5846
A3SNXW2VFQ6EQD,0.1668
A3SO7Y2NLF76LI,0.1065
A3SOT3ANV2EJLL,0.2595
A3SOWXCQ3VOCT8,0.4371
A3SP6GHL4UVUMZ,0.1996
A3SP7NUDZWAB0Z,0.1206
A3SQ3W73LZECJV,0.7464
A3SQANJATF1BU3,0.1506
A3SQBB48X66XXD,0.2586
A3SQCTNYQFVBWM,0.5278
A3SQWFNXXRTRKC,0.0692
A3SQXDQAPTZ7HC,0.1938
A3SR05SMKQ0ZS5,0.0654
A3SRDVCD2ATIIS,0.806
A3SRJ2JNFHWQBZ,0.1269
A3SRJRM4GB1YJQ,0.159
A3SRNWZY4RNNWV,0.2749
A3SRQ9QJ1CJKGB,0.2365
A3SRTRD7RQJSEI,0.0489
A3SS02EYXQIUO2,0.4049
A3SS10UCJ5DEYB,0.2093
A3SSGWK9T1AFO3,0.0733
A3SSSVZHCZDCVG,0.1894
A3SSWDB9F7LPCG,0.0032
A3SSWY2DMD37Z4,0.0783
A3STDPXRUJQBOQ,0.1752
A3STDT3602PFK4,0.1762
A3STK5WDK5UB58,0.0956
A3STLGY53AYP6B,0.0863
A3STQ45XNMV62B,0.1827
A3STUYYPY03ZAT,0.0535
A3SU9RTSDFFQFL,0.2797
A3SUBHQ6PZ4RHQ,0.1726
A3SUXSX1LL81ST,0.0681
A3SV5AOLDP8HW3,0.053
A3SV7SVGH9OQF,0.4586
A3SVDWADM5BA0C,0.0983
A3SVMHD77WOYUY,0.0679
A3SVOFSBPMLW5F,0.0958
A3SVYWA9O1KUQV,0.3618
A3SVYYD8E3MERB,0.1371
A3SWCGTOYLM67A,0.5132
A3SWCMOF9HRSY0,0.1826
A3SWQE01EYV7FM,0.2442
A3SWVIM7A8UE7D,0.0558
A3SWVY7NZ4DMDX,0.0458
A3SX1K1N7VR310,0.3723
A3SXFF9QGG3ZI9,0.2407
A3SXI6ISNLWOV0,0.1896
A3SXP858XO6OCZ,0.0171
A3SXR1YCJJTG50,0.1699
A3SXYB8JPQ44LN,0.0985
A3SYB4E5MCEBZL,0.0386
A3SYSOI4RPHRDO,0.0734
A3SYYDOCTL7P8Z,0.0711
A3SZEYY6ELTTJK,0.1731
A3SZG4S2MGE4SH,0.154
A3SZGI1HEP1VTQ,0.2344
A3SZHD18TB5G3A,0.0552
A3SZHF95Q773JV,0.159
A3SZLHORO83C6V,0.0855
A3T04M0BMTEA3F,0.1501
A3T07RJR2T0TPC,0.0197
A3T0DQ3IMKX25Q,0.53
A3T0LQU40KRLZP,0.1943
A3T0NKG7M9L96K,0.448
A3T0QM1TQMFBAG,0.0699
A3T1GBLPD4I6GH,0.1889
A3T1HR8ZU00BSJ,0.2416
A3T1KRR2SPF3TD,0.2226
A3T1NQELNJEDTE,0.0308
A3T2F40NCAB6TO,0.5591
A3T2J7YMQT11Y2,0.2244
A3T2URSMLAMFEH,0.0848
A3T39GSZA16IM,0.1497
A3T3MJC3ZTFV84,0.1829
A3T41DSAR6AN4R,0.5483
A3T4OHEAHOJ700,0.8631
A3T4WZP2ANHR5D,0.1186
A3T4Z1IBRLEL88,0.0224
A3T569ZAJAGF2H,0.5343
A3T5V76AQJ85IJ,0.0762
A3T5W6DUDBM8WA,0.28
A3T5Z5PRLDMCLZ,0.6939
A3T6HX48F66512,0.6322
A3T6JD6OZETMCH,0.1948
A3T6TYHHUBB9FU,0.001
A3T6UL4EBK9SY7,0.5399
A3T6W3UKZBIUTB,0.0543
A3T73GUWOVNN0T,0.2167
A3T79VHPTR9J97,0.1404
A3T7OVWAIIASJL,0.1948
A3T7W83MU4M125,0.0673
A3T7XQ1CZISZGI,0.0498
A3T85CZHNQIA9N,0.1142
A3T8NXP95KWTMP,0.061
A3T8TV7DCNXGX5,0.0986
A3T8V93US6KUNP,0.1817
A3T8XGEOFSU5UI,0.0671
A3T8XGSS2HGMBW,0.5788
A3T98ZFLXHTY7A,0.0825
A3T9B1YISRJMMI,0.1431
A3T9HNU52G8Y4Z,0.1433
A3TA1UJWRJF9NC,0.5573
A3TA4RVYYDMUWK,0.1154
A3TAMNYKRLIC3W,0.3667
A3TAY117P2YQA2,0.2522
A3TB9HNQR54B5V,0.2876
A3TBM744VFAPPR,0.2322
A3TBMAWIIHKHFN,0.8617
A3TBMYC360M2G0,0.1213
A3TBTRRK100RIZ,0.0609
A3TC2CGUIOJF8X,0.2491
A3TC5EV3EN00SF,0.0951
A3TC6A6PQQG2VO,0.2622
A3TC9PXICZ4ET5,0.1072
A3TCGIUJIGXRJ9,0.0566
A3TCHBGG6IS1OZ,0.1304
A3TCN2R34CBOTW,0.0082
A3TCT5JUXOYERC,0.2021
A3TDPKBH9FQYSE,0.3676
A3TDR5VQPREEMA,0.0481
A3TDYJPBZ7DXE7,0.3356
A3TE4YZEDRLHF6,0.0616
A3TE6K94I09YV1,0.1792
A3TE9EHDPX18KU,0.1872
A3TE9OJ4E7ZTH5,0.1066
A3TFBHVF12XYFL,0.0556
A3TFN9X5MBCDJH,0.1191
A3TFNUO6A9CY7T,0.3381
A3TG01YS74D3OM,0.3377
A3TG3SYHMGVXI,0.1752
A3TG61RSYK082T,0.1077
A3TG7ZOOE80YOF,0.3981
A3TGO4V3LFIXJ3,0.4648
A3TGQLV658XSGE,0.2401
A3TGW1OJUDVNVS,0.1136
A3TH59CZ5RNNGU,0.0529
A3TH7TBJSHXIBE,0.1157
A3THA7HBIVPD2F,0.1899
A3THMVCBWN0X01,0.1638
A3THQTGE68U7DJ,0.0743
A3THUA1MU3ZJY8,0.1393
A3THUD3HY7P3K1,0.0557
A3TIJLY4VX8CH3,0.3472
A3TIJQPOMLWQHI,0.3546
A3TIQ3JPQ9UU8Z,0.1615
A3TJ5HSZ6MBZO1,0.0901
A3TJ735KIV1CTF,0.0724
A3TJBYOGVGJ9K1,0.1962
A3TJDFV180X1HZ,0.1373
A3TJXGZ6DE38R7,0.2118
A3TKHAC2G7G0H1,0.1263
A3TKV1WC3DBO1O,0.1633
A3TL36D4EDYWS0,0.7885
A3TL64H6FMF4EM,0.0466
A3TL835Z8VT2AD,0.1692
A3TLWU6RHMKFMT,0.1451
A3TMB4AHCY6VRJ,0.0197
A3TMF8E4YQFIH8,0.0117
A3TMQ1QYP1PQJT,0.0693
A3TN04NK4MGMMR,0.2948
A3TN9J60Z0A1IJ,0.081
A3TNEKWE76N0M9,0.2588
A3TNJOLY8S5W4U,0.0736
A3TNLIPY5MAZVF,0.4696
A3TNTDRTVYO1SN,0.1284
A3TNW65BBL5QIH,0.2804
A3TNZIK20GVBQD,0.2076
A3TOB6873G5JC9,0.0142
A3TOTZ8JPY4THV,0.0599
A3TP5DV40NMPI4,0.0995
A3TP5QO1Y4J93J,0.1849
A3TPDMYDNGGNOU,0.1922
A3TPK023S4NK93,0.1796
A3TQEF7QWHABGE,0.6202
A3TQIU3Y54TLEI,0.2778
A3TQOZ5EGVBP63,0.2266
A3TQRHIXSTUAR5,0.0203
A3TQTYD0D6AUO3,0.8621
A3TR4J71PYZVU9,0.4903
A3TR5ZSEXQWQHG,0.0157
A3TR9UNLC08A30,0.1393
A3TRT5AAQNB1H9,0.3275
A3TRWR80K580WS,0.4301
A3TS3E0SKX3UXG,0.0789
A3TSASUCOVFOP8,0.2046
A3TSQAWFANQ6TX,0.2991
A3TSQVDK4TZ1VD,0.5225
A3TT3O6MY52E0N,0.2051
A3TTE0TY1DXGD2,0.0796
A3TTG579DHLYZW,0.0746
A3TU2Y9IOFNPB8,0.1921
A3TUA2EVIAVM1W,0.0666
A3TUZOJZM9008Y,0.0453
A3TV4MVPQP7M4Y,0.0662
A3TVG6RNC19DS5,0.0953
A3TVZLJ6CPRGDC,0.144
A3TWBW1B17R151,0.2819
A3TXKZNC4I2VUQ,0.0725
A3TXV05NP1NZGC,0.0186
A3TXZJQWCPYNVS,0.4337
A3TYXVPPKM0QGU,0.0695
A3TZ66W7YQK6BX,0.0631
A3U018Y06X5TRN,0.2986
A3U027SLRGEIRA,0.0157
A3U09E4BQ2EDES,0.0588
A3U0MFX1PMY9R4,0.0899
A3U0XOJELLY43E,0.3408
A3U10NUL6CBDVT,0.0798
A3U15MB3IULBXE,0.5803
A3U1BZEMTXOA1B,0.0829
A3U1CIZXF2QEJT,0.0335
A3U1NLCVPFM3KV,0.6035
A3U1PLAF04R3LH,0.2291
A3U1X630S1OOY2,0.0332
A3U2L3V3MOEYLC,0.1677
A3U2NUMDTC86XX,0.0827
A3U2RRXMXBQB73,0.0361
A3U34D9O8CUPCT,0.3693
A3U34R8EGKA461,0.1398
A3U37H35WL6WGO,0.2138
A3U3K3I2HJ1QPX,0.6028
A3U3PXRAYLZMKK,0.0809
A3U4A914JS9QVS,0.1793
A3U4AFML9SZPWK,0.3083
A3U4B12A1IQWIO,0.0478
A3U4FCEAT75XLS,0.1068
A3U4XE70BIUUOB,0.1365
A3U52V5ZAHZZKU,0.6841
A3U5O91F3IMRB,0.1039
A3U5YY6V7DZB9I,0.2875
A3U62T6MYQ3J20,0.2496
A3U676NLLX1JQY,0.143
A3U6U68Z9K2UKD,0.0807
A3U7PUBA4R031N,0.1629
A3U88U92DCKRE5,0.1584
A3U89SLWUOEI7O,0.1528
A3U8GAX8OEQATQ,0.0474
A3U8J6HOIYKIFM,0.0581
A3U8NZO54UZRVU,0.0468
A3U8RIVABKC987,0.0211
A3U9ECP0UKZYO0,0.0478
A3U9KACCAE0JDY,0.2392
A3U9SQNM1CK7BM,0.2049
A3UA33CYG5JO0O,0.0752
A3UA7AX1MI437Q,0.0942
A3UAIOKNS8SX7V,0.1661
A3UB7T4RXTP7R9,0.0221
A3UBE74RTPXUKA,0.2963
A3UBYYUZQHN7RR,0.1212
A3UC3YT2E65LZO,0.4395
A3UCKG31PUKC3H,0.0459
A3UD0LC8A5MKAA,0.2906
A3UDW0YGB7MKSL,0.1674
A3UEFI9RBNOWE9,0.097
A3UFFJKLHHA7NC,0.175
A3UFLDM3M3D7TE,0.1057
A3UFXJ1RVC0FYX,0.058
A3UG1RJQ5HY4IA,0.07
A3UG7CA50W8B2H,0.4346
A3UGZMQD328Z6B,0.085
A3UH7Q5PBLXBFK,0.1375
A3UHVS1AHF0J31,0.0499
A3UI9U9NOOAM9S,0.0643
A3UIB3XINRBJWX,0.0982
A3UIF7HZKZDU83,0.1072
A3UIG77O78JTUV,0.0417
A3UJBG1NLV9IZX,0.0125
A3UJJGEVXNN8QW,0.0278
A3UJSWR0FGBVNW,0.0868
A3UJXBHSZBHGCO,0.0695
A3UJXFGRDTMWN8,0.1599
A3UK7PD6S21CO5,0.1118
A3UKIMS698FI6J,0.595
A3UKOUX3DQQHQU,0.1564
A3UKXRRVD2WDZT,0.0683
A3UL4LRWWTKEF,0.1154
A3UL6IOH9F4HU4,0.1371
A3ULEB5AWEMRCE,0.1904
A3ULGF8NVVABAA,0.1604
A3ULGJ13NXUS1E,0.1088
A3ULKG89L2HFY0,0.1162
A3ULXO7OU7IUSL,0.2192
A3UMA2D8DXOXGC,0.045
A3UMY01C29OAE7,0.2094
A3UN01P1W379C3,0.1983
A3UN38OZEGXI13,0.2608
A3UNP5AKEGLW17,0.2784
A3UNPHHPR3ECYH,0.0386
A3UNX2X3N8R5I1,0.2418
A3UO7TPKCH3D4,0.2052
A3UODPDKNHJ00W,0.2285
A3UODYFVHXDIM7,0.1673
A3UOJSQM80ILY1,0.3704
A3UOK4B9B2PCG9,0.0413
A3UORBSIKQ56ZB,0.3049
A3UOVTZ0NKCQDL,0.6723
A3UP070UDU89I,0.1658
A3UP3IWJAX32QE,0.0804
A3UP97IQAI6LJH,0.0514
A3UPCZTJ5DBSKO,0.1392
A3UPEV60FD84VX,0.0193
A3UQ0CZNQAUJ3Z,0.1646
A3UQEEFTW73F22,0.0909
A3UQGBOPPQ9F4O,0.1577
A3UQITEFZIXXHD,0.1219
A3UQNOLPIDI9TT,0.2005
A3UQPMXRSHUBFB,0.0618
A3UQWO38N396JX,0.0541
A3UR7FEDR770E2,0.0626
A3UR8MBDZSBB2,0.1331
A3UR8NLLY1ZHCX,0.3241
A3US5ZQU4A1FDS,0.0277
A3USFXB8EHZWV2,0.0264
A3USWH19MW0BG9,0.1684
A3USXQ0SFFP22P,0.1406
A3UTEDNLSJF3Y8,0.1431
A3UTQJC81QEJIV,0.0222
A3UTX46FT4FZC,0.1015
A3UU3FQHJKTD77,0.0208
A3UUYTE3JNDOVY,0.1943
A3UV770ITVY68S,0.138
A3UVXRXBQLH0Z1,0.1394
A3UWD7E7P9LXJV,0.1007
A3UWE1FEN3VFUF,0.2478
A3UXE1BG6RY52C,0.0587
A3UXHE0P73PG1Y,0.0433
A3UXM1D3I5A0ZN,0.02
A3UXW18DP4WSD6,0.6052
A3UXXGZ955DM55,0.1072
A3UY2ZIAYCK4DQ,0.6699
A3UY7XZZ7H9PLI,0.2369
A3UYBRB74RJFXB,0.514
A3UYJGCDON7FBL,0.0197
A3UYPEI27DC879,0.2017
A3UZ4DI04LV0GC,0.2412
A3UZ4YPT0SM2SH,0.2297
A3UZFW0JK0DJ2B,0.7371
A3UZMJ2JPHF8SY,0.1044
A3UZOR226INB7H,0.1701
A3UZWI4MSU8QKB,0.3962
A3UZWT71Q2UWHH,0.183
A3V0JSSESO1STO,0.0913
A3V0NS2UB8H0BB,0.0899
A3V0PEIMOBU8H5,0.1765
A3V10TJNFQM3ZG,0.0564
A3V1F2LGDQE12E,0.3297
A3V1MV24OOGX36,0.0537
A3V1T6WFSPV9CG,0.4668
A3V21JUJFONHFN,0.1493
A3V2DRC1RRM8TO,0.0651
A3V2HN4WZXGFO9,0.2428
A3V3DZNPOC49H7,0.0802
A3V3E76MMO3XQB,0.1959
A3V3QIO99RVBFU,0.1136
A3V3RLS3UJB4D9,0.1256
A3V3RQLNN5KFL8,0.1894
A3V3RVPM5XH01O,0.0741
A3V3RX8OT98IJV,0.2284
A3V43343RY8C52,0.0733
A3V47Z0S4TC17E,0.0479
A3V4DQ1L3W6P8Q,0.0677
A3V55DVYU80LDS,0.363
A3V5GIEVJ2E5NW,0.1686
A3V5ORI6T49JOZ,0.0396
A3V5UUVTM43S2Q,0.2271
A3V62HVAC3YVZC,0.2333
A3V68RO7DD7IJB,0.0148
A3V68SE6TOGK32,0.0786
A3V6KKG9N1EHCL,0.1286
A3V6NZYJGS5UAK,0.1125
A3V6RB64N8IDIB,0.3058
A3V6Z4RCDGRC44,0.5966
A3V772MIKBBETE,0.162
A3V77OX73MYEYM,0.4821
A3V7CDBG8SDO6Q,0.1267
A3V7G0CQ3P1I1B,0.3616
A3V7H58BH72AYT,0.1211
A3V7HRQR1OQPQ7,0.068
A3V7PWRZJP9DRN,0.0926
A3V7TIQP76LTZP,0.2988
A3V82A8JCDVYN2,0.1916
A3V8CMR9FM7IZH,0.1246
A3V8DDNLHFFPYS,0.2757
A3V8P0O224OBDB,0.5013
A3V8SZGX4VHDK9,0.1186
A3V95JQXQ00FLY,0.4361
A3V95X9W2MSZEK,0.0894
A3V96MUBN97A8Y,0.0307
A3V9LHBRQZJLZ4,0.1759
A3V9PAH3MJULH,0.094
A3V9VA2LVVXM0,0.1167
A3V9WR7O9GCQDC,0.0386
A3VAFCEYGMFVRW,0.1141
A3VAHUFXKVQ4ET,0.0414
A3VANVPTUJUIUE,0.054
A3VAQB4LRWLZIZ,0.0327
A3VAQJ0LHVA9EI,0.1233
A3VBC0KXTZJGLK,0.4913
A3VBDVGH06EPMA,0.1165
A3VBJB69BAGE24,0.1454
A3VBMSRAWIY6S1,0.0232
A3VBXQKRM7A4JR,0.5461
A3VCACVA90GFT,0.0171
A3VCOPG1MJSL6X,0.0496
A3VCTDMWRDQLZM,0.1866
A3VCX6SB4WREFG,0.0648
A3VCZ0FTUSMX8R,0.0949
A3VCZYKQIIZPSY,0.3757
A3VD2K03D71AUS,0.0791
A3VDC5IYVMK0NA,0.4246
A3VDJOQI6643D4,0.4149
A3VE9ONTVM7UTV,0.2142
A3VED9GZ59WUV5,0.6176
A3VFHUM2DOQB89,0.1369
A3VFKTWXI89UYX,0.0465
A3VFL3F7ZEP42H,0.0657
A3VFLFVFC3K7L7,0.1192
A3VFQVAH039VXT,0.0409
A3VFR3DU6D8W7E,0.0468
A3VG1RDWHEYK6V,0.6733
A3VG5C8YHID0LM,0.2801
A3VGDP7B40MC0F,0.0647
A3VGERAK44VQMT,0.0499
A3VGP2NLDSEE8F,0.1165
A3VH5ONYTEHZ9V,0.1026
A3VI3A2G8Z9LD,0.0503
A3VIAJ48BGUQ2R,0.5604
A3VIXAZNPR8QS1,0.3071
A3VJOJRTL2LQI2,0.1907
A3VK1L51BUTYM8,0.2712
A3VK8X8WHKHTXT,0.3601
A3VKOWGFI7FU3Q,0.314
A3VLRV3OMTS22N,0.0759
A3VLVOVWP2ZX63,0.3788
A3VMDCADR79X1F,0.3212
A3VMEIB7P4BL75,0.184
A3VMGMP00Y9VOY,0.1124
A3VMNLJNDP5GJU,0.1461
A3VNAKMYO27RFX,0.0697
A3VNIBTS23YXME,0.1657
A3VNN7KL0JN9HI,0.1728
A3VNWAPB2XTKFM,0.1335
A3VO0M0R2JZ0H7,0.1402
A3VO38XMXZO13F,0.4276
A3VP6TKT6D8UKS,0.0469
A3VP6VLK4IVVCP,0.4808
A3VPFM3KVTM8GZ,0.0739
A3VPYQGLFH9XAD,0.0958
A3VQ260CKD5X31,0.2424
A3VQ77Z5SI8ES7,0.5346
A3VQA7DON9YTWO,0.1513
A3VQE9WTS0WGUR,0.1542
A3VQFUAB6WQXMU,0.3777
A3VQPNUVOH1OKI,0.0658
A3VS22NB6W0358,0.0885
A3VS2CT8YN64L2,0.199
A3VS52146VFF65,0.1347
A3VS6IOPI47EC4,0.3551
A3VSHLS9K329RP,0.656
A3VSLX634BWQ9I,0.1553
A3VT3GFXXM3LCL,0.1813
A3VTN80U7FIZ5K,0.2969
A3VUUW8CQ0ICK7,0.0948
A3VV72QH3SHRN3,0.0748
A3VV8NW2KDD1YD,0.0726
A3VVARA7BW5U3L,0.1872
A3VVBEKCAGIEPK,0.046
A3VVERBE2JDBI4,0.1104
A3VVFDWY855EEP,0.3778
A3VVL9YV9GB8N,0.2052
A3VW15GKQB6LPD,0.0723
A3VW2WTJS2B8S2,0.0877
A3VXFX9E5KL0LB,0.4267
A3VY0Y0J93ZO59,0.0203
A3VYDLL7WN5ZCM,0.1014
A3VYE2ZBAJX54W,0.1115
A3VYM3NY7W4MX4,0.3371
A3VZ21TZSRB4HC,0.0644
A3VZSX37QLKF68,0.6191
A3W04G0GWQ9FSC,0.1245
A3W0QBWMP2V3K5,0.1658
A3W0YPC3VSUXYY,0.1926
A3W10PUF6P8IMV,0.0359
A3W1PWZ64LF7HV,0.2092
A3W22UEN8UJ3UV,0.0829
A3W246UFS9Z69K,0.0925
A3W2B4QKKVG8ZS,0.0867
A3W2GML230S766,0.0503
A3W2R3ZXDHUJ75,0.1938
A3W2USMOUVP33,0.2079
A3W34JPK2MMQM1,0.1994
A3W34TUQJD6GQF,0.146
A3W3EZ9CVA2NFO,0.1129
A3W3HF7ZQ45UWL,0.1976
A3W3LC1O4TIK9Q,0.0489
A3W3R3AAYXOOMK,0.1574
A3W42RDSFZ8JRJ,0.0575
A3W4LI6NBHBJW9,0.2053
A3W4NLU1LAA153,0.3302
A3W4ZUQ4HGCIYV,0.0594
A3W530PAYA6XY0,0.0088
A3W597SQT6AW1P,0.1761
A3WAQEX5H4F3A,0.0637
A3WFXFCLASQMP,0.1716
A3WZ86666UYVO,0.0743
A3WZMVT4ZMAT4,0.1703
A3X2W3R9V3M09,0.1233
A3X59FM57CGNG,0.1587
A3XBWFQEPGC,0.0443
A3XD7HLD4EEBY,0.1437
A3XDIM0VN7CQR,0.0812
A3XGHG3XSPSWJ,0.6299
A3XIG9JBA4B2K,0.105
A3XMQ7TF7EB1S,0.0399
A3XP79CF1HOVM,0.3131
A3Y1704RKF2OL,0.429
A3Z7M3KBLHOH,0.1954
A40FHA1I9PYF8,0.1187
A40H8OV831NRP,0.2162
A40IV5Z4RILSC,0.0954
A40JKC4FZMPGI,0.6293
A40UTSS993WSK,0.6515
A4179VTCQWILS,0.0847
A417SZZ6IWQI3,0.0846
A41OY4NQ4Z98U,0.0648
A41R0AZODNX91,0.2918
A42HINFMHFB9C,0.054
A42PJ9K10RLMT,0.0201
A42TAR55F3LTS,0.1363
A42V0WLOUSA9P,0.1484
A430A53XNWCIJ,0.0567
A43ATVS5VPJKB,0.2112
A43FW1GMI9FZC,0.0348
A43Q42VMUAWG4,0.522
A43QDXPU9PW9G,0.1183
A43YX2KSCNE09,0.178
A441JEIQ80ILP,0.369
A44UKZE6XEV9,0.1841
A450WKBT9ZIM,0.5173
A45AGODHSB6G9,0.0168
A45QFXJXNKNOQ,0.0725
A45XNILIQC839,0.1769
A46BVNKYZZ0DD,0.1004
A46VYCWWIGDIV,0.1286
A471O6OGIQ8VU,0.113
A473NG4FPX47O,0.0507
A47CI1YQRFEVN,0.1344
A48105KAFLYI6,0.0316
A48CUUP3YUKOC,0.062
A48HQD0ND9BZL,0.0978
A49BMCWB3NTT5,0.188
A49SZ0LCRA0RV,0.0881
A4A6MLFG9MOK5,0.0917
A4A6REIF6F23V,0.0661
A4A9CR4EPHFN2,0.4564
A4AF29Y2BHYEY,0.1058
A4AJEM576CYBZ,0.3378
A4AN73D43RO1B,0.325
A4B6ZBXLRRIHZ,0.0817
A4BA6M0HBU56A,0.0309
A4BFMYO9VC2FR,0.2685
A4BUMGA3NN9GU,0.0767
A4BW957GKIJUM,0.1773
A4BY23UXAZUWI,0.22
A4C3SCYZUJWSG,0.0136
A4CD5NJD5GA25,0.3575
A4CNZJC77AIRY,0.015
A4CVTJ2LMTDKG,0.0947
A4DIZP2S9FPCK,0.1207
A4DT7GWEURSW6,0.0511
A4DVTFHDRJJC5,0.2931
A4DX9KMMZ9WLS,0.4112
A4E0I88T1MS4O,0.0315
A4E3ODS197TD3,0.094
A4E9H23O2Q9SR,0.4631
A4EHTR4LKWPW3,0.0525
A4EKU9GUHI3BB,0.0749
A4ERQV4ZQDWVT,0.0148
A4ETDBJYSJEUZ,0.0021
A4F5EXG9A3P78,0.1441
A4F9T7K5B5AKK,0.4834
A4FLWKIVU6HC7,0.183
A4FRO4ZM0C8HM,0.2197
A4FT1XK3VSOB3,0.2961
A4G51W9PC7TJL,0.1783
A4G62S1VYQ3VG,0.2773
A4G733AN36ARX,0.116
A4GY0PTRX9QQQ,0.1245
A4H5BAIBHIGDD,0.2693
A4HITS9OE53AA,0.5873
A4HT7FH6PGPV6,0.5084
A4HVZEGJORF4Z,0.2073
A4IFS6HW8MS1L,0.3513
A4IMHV1ECJG2G,0.0127
A4JD7DJC94VPR,0.1344
A4JZKOBW6S8CP,0.0413
A4K8B7I6RC1GW,0.0683
A4KIYRMFSXGEY,0.0596
A4KOQMKRM3DU4,0.394
A4KVL7NBTJEUH,0.1408
A4L6LXZG711CG,0.1226
A4LC2671SUPT1,0.0977
A4M2EHKT0Y7T6,0.3359
A4M8IQFCNUUU1,0.2294
A4MITR1JLMU4F,0.0445
A4MJN3KW9UQSD,0.0173
A4MR0PYNBLHJ,0.2518
A4N1S4TIMG9ZR,0.2741
A4N2VK9DYK2JQ,0.1834
A4N7V27LJPYQM,0.1178
A4N8LGB5CXGMT,0.0433
A4NBM4A8ZND0S,0.0419
A4NRNOKZAZMZC,0.1913
A4ODWP5ICN23N,0.0703
A4OPNK2K0EDLG,0.336
A4OQ4ZU7JJLH0,0.0421
A4PAWL8DBZ8P1,0.1467
A4PEKQQD7XZ4F,0.0231
A4PNU6ZE85B96,0.2893
A4Q1AC81B9TO4,0.0476
A4Q4J7X9WMYDX,0.0749
A4Q65S8MUUMY5,0.1719
A4QCYNKAT2UN,0.3494
A4QFND00RDEH5,0.0671
A4QHA5ZKH6DYD,0.0728
A4QVHCWC1RD7D,0.1424
A4R0K0K8OWHYB,0.091
A4R0P9O20UQN4,0.0731
A4RDE2GAAYGA1,0.0298
A4RHCT4A10OXR,0.1442
A4RIBNWMELKIG,0.0439
A4RIDHWMZMTC8,0.0415
A4RKKE3CJE588,0.1546
A4RMYVRMYOU7D,0.1263
A4RSDNO8QY35N,0.1085
A4S62AASPV1RK,0.2302
A4SCKVU6SM223,0.0398
A4SD8F79JBYG2,0.4022
A4SIT9HM6BKWW,0.0599
A4SOCDD3YVH83,0.0796
A4SOQCD2P0N0R,0.1366
A4SXWAK9P6G63,0.0432
A4TMXOVCB07RX,0.4429
A4TQD3WTCN7JG,0.154
A4TXDGMX5CYJQ,0.1387
A4U27URFECK1U,0.8559
A4U952S4FN0T9,0.1139
A4UB0QAQF83R8,0.046
A4UB2G1A52XLV,0.1614
A4UFU4WKYEUGO,0.2747
A4UGMKUSX9XHI,0.9096
A4V3MZPLN3XUU,0.2437
A4V63DQQ4ROHX,0.1316
A4VAE3W39G7IX,0.0653
A4VKGG2E47CR4,0.0799
A4VM54X0QV30W,0.0127
A4WCB01IZPU5C,0.3139
A4WCI1XNXGSA3,0.0091
A4WOKTVA4HST9,0.6765
A4WUBX3LGT8FY,0.0785
A4X357Z0AJY8A,0.1533
A4X3DZ41QN5BW,0.0342
A4XCTN5YLC89U,0.1316
A4XF0Z4VW0QBP,0.179
A4Y347HDC5PL5,0.0465
A4YEJSFAN8RP7,0.1424
A4YH7UXJVXPMO,0.3927
A4YKENOECESBL,0.1116
A4YV49T8Y0X94,0.6604
A4Z12I3D81BK8,0.8376
A4Z7AYP2KIPVZ,0.2592
A4Z9FWK2J34BP,0.5816
A4ZELSQCE9GRB,0.1313
A4ZP6L59MJJ16,0.0666
A4ZPR1AI15ZHM,0.1467
A4ZS9Q2RHBTJQ,0.0505
A4ZZ6E1Z2JVZY,0.0478
A50EKG08BL5DE,0.2567
A50WVRL15SP9U,0.0112
A513VEBQYIFTV,0.0649
A51455EJUUO5D,0.228
A51DA3QCP4OL2,0.063
A51FILOGPFMUX,0.1562
A51GV4F3AHVUF,0.1944
A51O4THXIPGSU,0.4423
A51TSKKQAA3ET,0.2302
A523Y3LMTBY5Y,0.0921
A527S9S9AMALU,0.3122
A529YUMB096DX,0.0571
A52CNGFJTZZM4,0.0239
A52X1I4UT56KL,0.0619
A52Y39SZ0HMRX,0.0921
A53LYHZR1J8OS,0.2338
A53VN3M2TZT8C,0.0197
A54CXMDHKSQ4T,0.0955
A54GN0U250O8M,0.5374
A54NEOWDRAFW1,0.3338
A54S9CIUV5VNB,0.6865
A54TDQ0KJ0HJE,0.1392
A54WV030WSMJY,0.1751
A55PCTJ6NINET,0.5018
A55Y5PYGB7CTX,0.0677
A5640GELN9X9X,0.1393
A56IAIR71TPP5,0.3821
A56LFTL0JT23D,0.0494
A56RRRF6TIBLB,0.0925
A57QS8CXFWMV5,0.0965
A5834FSAH2HZQ,0.2241
A58437AUQICZF,0.4383
A58F10T4OE58C,0.3282
A58HWDUOYBE80,0.0589
A590KWYVGQTFN,0.0616
A599O3M1DJKUR,0.3902
A59BC7H4T874H,0.2066
A59JQ3SGRVIB0,0.1323
A59KQVAYG5CXP,0.0715
A59NGBUI2VYZS,0.162
A5A8ES4SE0P6R,0.0692
A5AHQNQAHYQKI,0.0694
A5AZ67NUDZISA,0.16
A5BBX79MTKHQ4,0.2226
A5BFBXMYI5JEN,0.015
A5BLA0D9TRCL,0.2012
A5BUHKHEV2XHN,0.0913
A5CX0CH4F41RF,0.0198
A5CX29PQEAKAX,0.1158
A5DJONXRNID33,0.0405
A5DLLWALGN44L,0.0231
A5DNDIWL0SW37,0.0364
A5E89BNDLFGBY,0.3456
A5EZ4HIONOTRB,0.1453
A5FNO2P7JHGZ,0.3789
A5FZF3K6MBD65,0.2098
A5G0OFSQYPK26,0.1589
A5G21E8OCXITS,0.0921
A5G3GY4XV6E7A,0.4237
A5G6IZ7F2B7XA,0.0685
A5G7TBRTBSLRU,0.0148
A5GGNXJS00EM8,0.1184
A5GPH59NDWJRB,0.5146
A5GTSRKAQOFJ0,0.0715
A5GZNZM1TGETA,0.456
A5H5RINYG5QWR,0.3232
A5H6NKS0797P4,0.256
A5HGRRYG905RR,0.1773
A5HPJMT2HIXBE,0.0786
A5HQFPD9LC8PK,0.1566
A5HVB143T35CE,0.0807
A5I2OROFJ0UMQ,0.0215
A5IB4TLAEY7SU,0.305
A5IDSJ659KFU6,0.5181
A5J8IRAJ89NRX,0.1368
A5JFMRT6DTZQT,0.0297
A5JJMC4D2L18D,0.1242
A5JLAU2ARJ0BO,0.7879
A5K5DIDKAML5C,0.6691
A5KBC6M1KUIC8,0.0227
A5KG8KBOKE8BG,0.0966
A5KMMY627T3W,0.6517
A5KNGKBC9ZEN2,0.1154
A5KVLN94M3U1V,0.0757
A5KXS242C761Q,0.1832
A5L34G2P8LQKJ,0.0644
A5L3659SM6PYG,0.1784
A5L8M7EBZG7IV,0.2037
A5LG9E00VDCGH,0.0515
A5LHM8M30C5EA,0.3268
A5M6G3QLLXBVF,0.1286
A5MHUYJHLUC99,0.4533
A5MXNEKQSVHEG,0.4437
A5N0QU8JBRVQQ,0.2684
A5N5DEJ0ZBU8V,0.1591
A5N5YI3VZM00H,0.0705
A5NNN4CXDDEYB,0.1427
A5NNSSZRMVFMJ,0.3205
A5NPTG4QQU9JN,0.1746
A5NPZGROYFVIX,0.0165
A5NTWG8GTXO88,0.2789
A5NYUBEKXFLX5,0.1308
A5OAWF1PUIC93,0.2823
A5OF2KARX7J5U,0.0462
A5OY9OA1Z2P6T,0.2527
A5PE58QC7H2M3,0.1627
A5PEVCGMRAITO,0.0165
A5PL1JVHV5V31,0.1059
A5POZKK5JOL2M,0.0325
A5PSNCI685HGL,0.0677
A5PYEJWN7FS1S,0.2123
A5Q6TAWM1YOFI,0.0615
A5QDFTKL2AJJ5,0.2902
A5QTF6GMCTE04,0.071
A5QVKA6XGNNES,0.097
A5R8IN688K7A2,0.1666
A5RM7VF99O19G,0.0546
A5RMME9GIC2T2,0.4632
A5SF5XIV42MW5,0.1311
A5SIBQZJ2G8YL,0.4143
A5TD6SGRF5786,0.4338
A5TDOCTCGY19V,0.0348
A5TKLXLIR9R8W,0.0791
A5TS1Z9S7PD5Z,0.026
A5U5JJ8HXPLMP,0.561
A5U5T6EWH90O0,0.2444
A5U6BUMPQ8TKF,0.0197
A5U78TECINI9K,0.1209
A5UFS2KBEGYFN,0.0206
A5UG32NSZEL30,0.0349
A5V4PMU0M4ILG,0.0652
A5V97TZZOSUUK,0.331
A5W21FCENJQ4Q,0.0799
A5W5LJNL3UOFG,0.1544
A5WRKFUY16F17,0.0682
A5WV6BV9Y5RB8,0.1634
A5WXMP1BROF0J,0.3723
A5X1B2HBQUR3P,0.4152
A5XN61891R13P,0.0618
A5YBNNSWA9LEM,0.119
A5YBU9HNQ9TZ3,0.1261
A5YBZQ14BWDCR,0.4014
A5YRYCYXQRJ8B,0.4147
A5YWF3BZZYR95,0.4511
A5YWJ2DTETQRO,0.1672
A5ZT2R76N28PZ,0.0113
A5ZW1R47LT4HM,0.2307
A608AREVHD95E,0.012
A60A31DFFUMAW,0.045
A60D5HQFOTSOM,0.0746
A60QQU4N5MJ2S,0.0299
A611J1TAB1VGT,0.1859
A6156ZBTAIOOO,0.0671
A618OXK15BZR2,0.1138
A61D3JICC4XKR,0.2857
A61DKOMPGIXH,0.0665
A61FS7L32ZCWC,0.2191
A61SNNE29VSVG,0.1888
A61WIKEMXXMIP,0.2455
A62CTOSCWYNKD,0.0263
A62H8RHR7DNPM,0.0199
A62R496DI8W34,0.0367
A639SSAX07GJK,0.0769
A63GSML234W5B,0.0619
A63MK7CF9BCN0,0.0383
A63Z02K7Y6DI0,0.1891
A64A14YBQOD2H,0.3056
A64C9PCOGYIEY,0.3795
A64EG33PLEGLP,0.1491
A64VV64H3KKYQ,0.1399
A6523LMB2930M,0.0899
A6577W0IEUMA2,0.4324
A657G6UZGX5H1,0.0809
A65AWQ5U0H98T,0.0481
A65VEN5RKAEA8,0.1388
A65ZZAYUKMWC1,0.1913
A663IHPPCBF4I,0.0299
A66G347VX35WW,0.0689
A66G3VKBFTXLT,0.0555
A66HGFENQO4IG,0.1451
A670I74M0ZIMA,0.1935
A677SAWN907Q4,0.0656
A67EXHR7TTEX,0.304
A67S8FWOZQYMA,0.0031
A67ZYQ0GIF1S3,0.0697
A682VSB1KBA5R,0.029
A685QH4I53XJL,0.1978
A68I27YTWAHAY,0.6008
A68K0JCWEACRI,0.4682
A68S6HCI1SALX,0.1171
A6910CDX3JK92,0.0371
A691XU34BVWME,0.2673
A6975NKAWMCOY,0.2455
A69LKULD5QF0K,0.4103
A6AJPZK7QIOUF,0.0235
A6AOKU1LXS59S,0.0877
A6AXA6U8WIXC3,0.35
A6B53E1Z258WX,0.1759
A6B9NE4KUM75I,0.1344
A6BJCVLQ54ZYU,0.087
A6BJWBPA4P2S4,0.5593
A6BMK5LUK71M0,0.3752
A6BPKZG60HQLK,0.0341
A6BPVS5UMMWVH,0.1071
A6BTPZ102XJGE,0.1338
A6CAYJIV2Z9B2,0.078
A6CDFN0DTACXV,0.0766
A6CES41QW3M2A,0.1222
A6CKFRLTL3E41,0.2137
A6CXO60VYUKL9,0.5887
A6E0C8SL7Q9TG,0.0668
A6EICNVQEW4EV,0.1153
A6EIGEXEYDK8E,0.4422
A6F2N4ZICYHTU,0.5512
A6FGKXU6ZPW64,0.0985
A6FNS064DS223,0.1157
A6FR266LGUHQR,0.1038
A6GDUWATWOH8B,0.0127
A6GNN25N3M7E9,0.1951
A6GO2J8IDHEFV,0.3879
A6GZN55F1X4TW,0.0407
A6H29NLU11YOQ,0.0686
A6H419V7I87CF,0.1921
A6HBQF4IJL4PB,0.0327
A6HJRWK8DNLGP,0.0628
A6IARH52O77RB,0.1076
A6IH4MLEBCR03,0.1594
A6IWFS5DRX4I5,0.1293
A6JFU52LM12T8,0.346
A6JQT8CK2RWLH,0.2076
A6K6N2LXDS32B,0.1356
A6KOZNBOASGHK,0.0653
A6KS978KER7LE,0.1304
A6KZ9YPZOWL46,0.095
A6L4TRWZU8XHF,0.0223
A6LB5TKEDDCC8,0.1769
A6LL1EV6YK3DO,0.0582
A6LV4NK1MQAN7,0.0146
A6M0NRI5OC4Z0,0.0669
A6M4N31LHHZUA,0.1268
A6M5U2YWC3YFF,0.1868
A6MAV9H0KDLA9,0.1129
A6MDKR51KQWUF,0.0086
A6MEH8UAL56XE,0.0203
A6MKAZKUCUWYH,0.5702
A6MZY30UK8FZ4,0.1965
A6N6FELD4DTW3,0.1578
A6N8YJNAGKS50,0.0616
A6NEEUV9QWV1H,0.3588
A6NGURBNLLVTI,0.0973
A6NQN8TY3VDOR,0.1354
A6NZMIOJXTBW6,0.1772
A6O6DLR6N3FO3,0.192
A6OCU7DV3NYL3,0.0775
A6OKB19K5L1K9,0.0627
A6PBOLHOT13X9,0.0453
A6PGY3XAJSYH2,0.3074
A6Q7WKH6CXPLO,0.1191
A6Q8YZ8FQVD97,0.2809
A6QOYC72C3XVV,0.1018
A6QU128IYO0UO,0.4152
A6R1QTUCT0PDL,0.0472
A6R8TU1OCBXCR,0.1503
A6RJAEW8IDNDD,0.0974
A6RW94Z9A6VVJ,0.12
A6RZ0GCULOOGE,0.3467
A6S9AKRSORG2G,0.6614
A6SP4RJSNITOW,0.2541
A6SUG7KKCCM82,0.074
A6SZEICLFF9TO,0.3771
A6SZZSMX7DQG1,0.6677
A6T02WJLLG3X6,0.1545
A6T2B13WYCMJG,0.1889
A6T9KVIV4HQ4,0.0177
A6TBXL1JJXNMT,0.5934
A6TD81IZFH5FH,0.0956
A6TEG5HXCDMEX,0.0084
A6TFJPYZ1F4FD,0.0849
A6TO2PGST0GW3,0.0986
A6U2AE2X7DOA1,0.0522
A6UCPIORJBAGB,0.1226
A6UN73GHJZIXB,0.1462
A6UVZAU2KXMYM,0.0102
A6V7YUPA4U3ED,0.0683
A6VXZ1EEPRTLV,0.6674
A6W32J4WZ1AR1,0.0945
A6WG83SQPP7Y4,0.3389
A6WJQ1C01N36K,0.5729
A6WYBGYM7CE4I,0.2641
A6X1O3A5C5FX1,0.2257
A6XDOE6RJAB47,0.112
A6XDZ1MJ0B1A2,0.5628
A6XW5OOZPNEG4,0.0198
A6Y1NR701XI3G,0.0995
A6Y8G4A9DM7VK,0.2272
A6YA25TZ6IDWH,0.3314
A6Z212SNV77EH,0.0032
A70K5OJVE8MF9,0.0665
A70M6A06LDI3Z,0.0542
A70OQKQU37IRY,0.1716
A70V21OI7QZEZ,0.2367
A70YGMFQTPYEC,0.1676
A710WH88AVD7S,0.0636
A7173ZR5TX1U0,0.0824
A717A0PJOWV7N,0.13
A71C9EY9JFVNW,0.1478
A71KB54J4IKU0,0.1466
A71MGIJ6PQMM8,0.0479
A7210A582B74E,0.1567
A72H3SEM77Y25,0.1922
A72K096ZOUAJL,0.2428
A737TRR7XGC2I,0.31
A73N4TGUPZV7V,0.2634
A73OFBDIBB0W0,0.0211
A746UCJAGGA0A,0.0113
A74IPZ1MNI6GI,0.0937
A74L0RCV1BI18,0.1113
A74TA8X5YQ7NE,0.1101
A74ZXSK0GOMXS,0.1111
A753NB2ZQ2J9U,0.0512
A75X38YKOGQ77,0.0766
A75XQ5F2VTLF2,0.2643
A764CVJBUAJLT,0.1324
A7657U6RAV1BX,0.6687
A76E5FPXTTH08,0.0809
A771BHQGXJ2D3,0.1986
A77LSZ526K877,0.1407
A77MI7M9JSM3Y,0.0509
A7829CRHD25WU,0.2398
A789GSV7QEECA,0.036
A78J8S9GI06HN,0.2241
A78P2SIVDKN6Z,0.0381
A78PJ50UNRJV6,0.5839
A78QO0H1WMGDF,0.0653
A798ALE8CVTAV,0.2445
A79B4GJHA9W3L,0.0211
A7A5N79VKRKBK,0.378
A7AJ8ZAQVERJT,0.17
A7AXIDOKL27M7,0.1637
A7BO124885Z32,0.0065
A7BXOCVBJ530O,0.3306
A7BXUFESDLFKK,0.2477
A7C3DMXKL78HR,0.0075
A7C45E7ZN46SH,0.0739
A7C85BP9H7UGE,0.6547
A7D2CHGKQ517K,0.0249
A7D2TLDGXHQXS,0.1589
A7D7RK06TKY62,0.1785
A7DD9Z0LSAYFG,0.0159
A7DY9OIFCOMWE,0.0575
A7DYBDGVB2LC4,0.1193
A7EK88GF8N40F,0.1535
A7EO623JIO3GS,0.0807
A7ERY8BQH1SOB,0.2325
A7F5CUX2GAUVG,0.0314
A7FC7ALKQRAP0,0.0503
A7FLQY3PIVLMQ,0.0935
A7GKJR97QBSBF,0.1328
A7GSAXOHLDDYP,0.725
A7GX1H55D8L70,0.2393
A7H879OKN6WB3,0.075
A7HCFR8M45HFL,0.4453
A7HF2IW708I8M,0.0692
A7HPQEWKPSFJ6,0.2318
A7HY1CEDK0204,0.0773
A7IFFMH44G9MO,0.1633
A7IH7JB75UML2,0.1382
A7JHC4AZYRX23,0.096
A7JJ0VXY3QTVO,0.0318
A7JJ3MTS8TAUG,0.0707
A7JJ97AMCV7BZ,0.1382
A7JVZFSXVY9RL,0.1772
A7K8SHKR3NG7L,0.0887
A7KIHIAHP48XJ,0.1223
A7KIPOL4IQ8L,0.0645
A7KU590ITPEXK,0.2225
A7KVMEIDJP0JK,0.3224
A7KVU8N30SQQI,0.0457
A7L96GS2RNTCY,0.112
A7LQTXGRMVD6R,0.1253
A7M9520FHBX2,0.0086
A7MN22NBKJTBX,0.1958
A7MVSPT0JTTMT,0.0196
A7MY0K1TA1O4J,0.2109
A7N2EGO2ELQ3Q,0.0571
A7N7E89WRC4UU,0.0933
A7NF03970DAXY,0.0168
A7NKKP0FUGFHU,0.8296
A7NREKKZ0E4JU,0.5395
A7NUXXOKGQQKP,0.2648
A7NY6BRPLN1VA,0.1209
A7O1XESFWS0BB,0.3976
A7O2CGZ4LQOXU,0.0623
A7O2TSLP1CBW1,0.3684
A7O7304QL7K7B,0.2557
A7OABP6TW418J,0.509
A7OQE283RLQ3T,0.3346
A7PHXHQRUSG2Q,0.0771
A7Q33422HO5YE,0.0196
A7Q6CND42YMMN,0.1144
A7QD47PSJDVI7,0.2722
A7QOOJUE2THEC,0.2272
A7QRC2A39CBV8,0.1687
A7RA8HUCLBM6U,0.2393
A7S2UATR39U5V,0.4392
A7S8GTJRTHCXE,0.2155
A7T67XA3U5J8B,0.0848
A7TM1HVD8EVS1,0.0197
A7TPHVO84W8OD,0.1906
A7TX6O50180TX,0.0829
A7VGOOVZ8XGQU,0.1176
A7W4T3F2X31V2,0.2205
A7WBN2UA742J5,0.7174
A7WO11FUH6VYN,0.5083
A7XMOAALJQNFP,0.1425
A7YQQP4R2D24J,0.0361
A7YT7X7MIWR16,0.0448
A7ZJYSM02AMQ1,0.0361
A7ZKJ86MUO5JS,0.3872
A801LG6QTIIW4,0.1163
A808R98RIW1KF,0.11
A80FU4Q23XN7P,0.0698
A80SK99NL9PX6,0.2125
A818AYBEBGQCR,0.1055
A81M9AEYSQMF9,0.3251
A81QUF4H36U02,0.2404
A82F83197HNMJ,0.2392
A8311F1VOH1PO,0.1062
A833IDN7PVOY5,0.1023
A83D3H7AEVNWC,0.1395
A83UBOTWYVQ2A,0.5442
A843GHVYU3MKI,0.1447
A84JRYIZJ132D,0.1986
A84VS1GJ2V5Y,0.2429
A850ABQTJNSC0,0.2748
A859VQNNIYQJ9,0.2122
A85FJ55B5VWW,0.1763
A85OUN9U4V35H,0.1405
A85PGE2FRU7J8,0.0395
A85QO1YEJLS3B,0.1394
A85XOXI57795Q,0.1382
A8601B4HXM34W,0.0674
A865MVWJN4HSH,0.2288
A86AL23DZQP2K,0.1195
A86H99Z3TWDVH,0.0236
A876CB05XPJAH,0.045
A87EKDKFDHH6L,0.1173
A87R87ANLCQ09,0.1622
A88LXLS3O0XLR,0.109
A88Z3SGOJ4YRJ,0.0694
A899CY91B7WBD,0.1763
A899KWJ99OW4D,0.0701
A89SXAFXQCUSE,0.194
A8A2AF5NCZ867,0.2649
A8A94TEE61CUR,0.2048
A8AF6TUXMA86H,0.1258
A8AK2HEXCZN4Q,0.106
A8AK8YTXQ1NZF,0.1328
A8AL0L199H1QI,0.2094
A8ANIKJF5OAKS,0.0197
A8AO9Z7V3SCIS,0.4799
A8ATC5S7R11IT,0.0722
A8B467TCT4ECR,0.0882
A8BAGCZLC43QA,0.2025
A8BGFC6VK46OW,0.1309
A8C2GDGVQKWKM,0.1479
A8C94HIGE57XG,0.3598
A8CMCOTPCAZ3S,0.3364
A8CPQ7D8WSK2,0.1404
A8D0R2PBV7HMJ,0.0848
A8DH9N3F5KRNN,0.236
A8DTDSELPM3GT,0.3251
A8DU5VFCY9ASK,0.1012
A8DZW6P86TDZ0,0.1721
A8E15E5KKAQLJ,0.2325
A8EALICITYTVX,0.2972
A8EBWQZIDKF78,0.0579
A8EBXKFTIY13M,0.3357
A8EDTKSPOMRWK,0.1756
A8EF0IKKHZKLQ,0.0963
A8EL45N7HNRL2,0.3053
A8EYC54BUYHPU,0.2277
A8FHVEA3F1ETX,0.1173
A8FUOMTIFIZLM,0.2639
A8FZSIALO6TGG,0.0188
A8G1INE6I1IA0,0.2145
A8GM3S7RAA5VT,0.0127
A8GXR32W4K6JO,0.0352
A8H1EPW5OP3EL,0.036
A8HDMZ529KZ9W,0.2524
A8HL1SNCKZN54,0.121
A8I094XNJMLP,0.2924
A8I72XWK3R2IO,0.1255
A8IEV4J6XX2JB,0.166
A8IZUL3X0YDQ8,0.087
A8J3GET1NMLG2,0.4251
A8J6HKCD8ULQX,0.3969
A8J79440ZC99,0.0077
A8JHMCSJ2ZPG6,0.1349
A8JKZ50QBRXZY,0.077
A8JQR21CWZUNS,0.1238
A8K0QSKFK97WA,0.3419
A8KSFTRTQSFU9,0.2598
A8L0Y8B8MQPD6,0.1594
A8L5CCEWQB6LG,0.3445
A8L8R694BPWE,0.1326
A8L8U91R992XJ,0.1273
A8LIC48AXFIZB,0.4822
A8M0HF1XBZLH7,0.015
A8M1ZR6XTSMDY,0.6041
A8M33XHTPUMEG,0.1525
A8M6Z1QQ1PNS0,0.0233
A8M84NBNEWD08,0.0489
A8MTE6SIYM0GY,0.1736
A8NIZAIRT4EF7,0.0538
A8NVIXC75F7LF,0.2328
A8O2E6UBLWWFM,0.1936
A8OFN5T8D1JHG,0.1548
A8OWYUFPJLSOE,0.1164
A8P38A0JS5IJE,0.0715
A8P6GIIQ6YQV8,0.5339
A8P7XZLMXKT6W,0.2271
A8PJN5U8C88W,0.1738
A8PNYY5G8714P,0.1131
A8POIV41IOOTM,0.461
A8PVY0TEPYZV6,0.613
A8Q2MNKU8H9T6,0.1468
A8QG6JH1LO2OV,0.0902
A8QIOZKTSQPYE,0.1962
A8QUY85XR577A,0.2995
A8RNZWE4GUWHZ,0.108
A8RXB974Y20PK,0.1273
A8RZ4KKXBX5NQ,0.0686
A8RZA4T43QTVP,0.015
A8S3630MGQOND,0.137
A8SHQZ9JUBNV2,0.0684
A8SIXLOCJP77G,0.0102
A8TPMYYCV00OB,0.0141
A8UK6I1TYJ1HX,0.3361
A8UWEGAX77U76,0.1031
A8VL134ND0RSP,0.044
A8VL3RR9UPWYQ,0.2389
A8VRWQW8N3735,0.4673
A8VT5LB42G79Y,0.1916
A8W9CDKDLI8XY,0.3588
A8WAYVOKYBLO6,0.4261
A8WCY8F616U2S,0.099
A8WDG81D8PMXI,0.1158
A8WEKW81IT6IY,0.0326
A8WMVITPT6NP7,0.0715
A8WWT8O05LCBM,0.2679
A8WXLST0944GZ,0.5196
A8X8D4BUY5DFU,0.6904
A8X9DON2E1CHN,0.0969
A8XBVAXZ4ZLKJ,0.3226
A8XLDY1JBIHHO,0.0148
A8YFJMSXIFDXW,0.2975
A8YM93QZWCB23,0.3847
A8YQPDSJRCQYR,0.3239
A8YWUV45T5G18,0.1049
A8Z3WD5ZWBOO7,0.1079
A8ZEIMTD8NDOV,0.6797
A8ZFHHSCRWQS5,0.16
A8ZIS2SS22TQ4,0.5465
A8ZTHXSROIMZ3,0.1059
A8ZVKQT47JSH5,0.0865
A900SF7QHJKWP,0.1128
A9021T3HAU25X,0.1281
A90G79F72RWIP,0.4609
A90XRYEU01197,0.0675
A91451LWGKHON,0.2813
A9160ZNKW176Q,0.3575
A918FR9LOWPH5,0.0805
A91BVZEDZYEWW,0.192
A91ETEOOZOV80,0.1492
A920ZPU0N924N,0.221
A9298U7GYVQG4,0.127
A93L49J4JR84B,0.1338
A944SUQYY8SJZ,0.3007
A94S2Y2RON2II,0.421
A94T3B9K7RYOM,0.0171
A957FCRXL0EIP,0.0239
A95ASBVSBZTCT,0.1265
A95Q9A3YF8NHO,0.0299
A962WLCJKA1CI,0.488
A96O6X2YQCG89,0.0673
A96TVYCTIM44J,0.5022
A97HGX3UGK1U5,0.1928
A98PZRXGCS8Z2,0.1352
A98WI1QPC5BAY,0.2984
A99AC7UERI09X,0.2938
A99K7S15XOQ45,0.4601
A99QSLY0QF2YQ,0.0957
A9A50VD2EU93F,0.3595
A9AE8WIC34BFJ,0.0725
A9ALS50Y8XRPV,0.1246
A9AR5T9OE95WU,0.3099
A9AVU2D9H7QJD,0.1407
A9BHUHDEQ6ZR7,0.112
A9BHWSD0ZWA71,0.1394
A9BKB4OAEJ8X2,0.0756
A9BKIPTBOUDSV,0.1237
A9BOMBZCJD2WE,0.0954
A9C5ZLYHUWY20,0.1498
A9CJG1AOHUOP9,0.3136
A9CUKGWMQ6CCJ,0.0386
A9D87WNSGOGLW,0.2356
A9DEERYV064PX,0.0807
A9DIYBDBJDOJ,0.011
A9DJDNEH706XG,0.078
A9DL1VVBWMRC5,0.5242
A9DP44D9RALB8,0.2996
A9E9Q0BC20AAC,0.1949
A9ECPHDJKWX8I,0.023
A9EDWX9SR4XT6,0.0173
A9ESYY3ZM4N8P,0.3084
A9EZ9FFCDD1V8,0.1714
A9FEC5FQ3NZ8B,0.1168
A9FJFURSISMVT,0.1511
A9FSJD6Z7QGJE,0.119
A9FUQA04WK9N2,0.3316
A9G7HOCY9AASC,0.0241
A9GADKYN21JN,0.134
A9GB16Y3ZUC1R,0.0325
A9GGVIWIAZ5F2,0.1857
A9GIGJUB98JNR,0.4065
A9GTIQJE4B1ZQ,0.0538
A9GTZU854XN0G,0.2661
A9GV9FUPGMIY1,0.0852
A9GWBCKURNXZS,0.6776
A9GYMUHAVWR6L,0.1601
A9HDC08HYY349,0.2084
A9HLVZ6GVAIJC,0.1388
A9HR1VAVA865N,0.2633
A9HYSJ3D0D6I2,0.4655
A9HZ8C9WTNRQI,0.1401
A9I5M2OT66XAX,0.0842
A9IDBNSHX7UEX,0.0196
A9IJKA13VAXD6,0.5684
A9J5SLYXUCWO1,0.3312
A9JAJQ8OMOVUC,0.132
A9JDOM7L4EML9,0.2205
A9JH3CD9AB4IZ,0.0255
A9JRPVUF7LXJR,0.0838
A9JXM8PIRJM9L,0.0627
A9JYA18JY89VC,0.0666
A9KAKO9RHE3QN,0.0242
A9KKFAEVLQIEL,0.0655
A9KPXWI692QBM,0.0871
A9LIWCGS2SM0K,0.0671
A9LNA3OQU3X7U,0.6505
A9LZ5IBKWWKVR,0.1453
A9MCXIOVSSCCW,0.1066
A9MF6OT936TOB,0.0426
A9MGHMVZMJL9Y,0.0658
A9MSL7WHLDC3O,0.4092
A9MWI9S0HEIRA,0.15
A9NK4CE537Q0,0.2818
A9NOZ2HSXI4YJ,0.7761
A9O1YRZAT1I1X,0.1277
A9O2V66QQBFPM,0.1427
A9O504G7QUDPS,0.1409
A9O6AL247M1F6,0.087
A9OD7T1MY5FPI,0.0046
A9OV4YH35B769,0.0683
A9P1AXK37DLDT,0.0978
A9PLL1T5F5ANK,0.0941
A9PP0WPACZNC4,0.0332
A9PSPAXL7YIU8,0.3655
A9PT136VE8M6L,0.091
A9PWX5IY0R2XW,0.1065
A9PZY5RPK6OTQ,0.0791
A9Q1Y0PLTCFHO,0.0862
A9Q6TCZSUF6VV,0.0941
A9QMGWXG4CO5D,0.114
A9R6BTJP1BD2O,0.0528
A9RMM8GWJA8F3,0.5701
A9RQYUTHMXC2P,0.0754
A9RSHEI4Q8NQO,0.1263
A9RTRKZM3IEOY,0.0188
A9RV7IGIQTUL2,0.0682
A9SBTVG7ZBRAR,0.0807
A9T0I39FSJMM5,0.068
A9T55I800OFXA,0.066
A9TPQNB0T8R4P,0.0984
A9US4NGLYLM37,0.1803
A9VGWFG3EJ8P2,0.0814
A9VQXTNY9XKG6,0.1204
A9W2CF4Y7W790,0.2609
A9W62AZ31YPGB,0.4132
A9WXGBR0J71N1,0.0363
A9WZ9C8L65XOA,0.0367
A9XT888YY5TPM,0.0736
A9XWNKSBAWCDE,0.1268
A9YD1S6VJJMOV,0.1741
A9ZMG8FBA0GAV,0.0253
A9ZUKCYDWPPUB,0.2135
A9ZW1V5RKVGQB,0.3749
AA0MHZSAEZ707,0.1913
AA0TCIQ0BQSZP,0.2857
AA0WSIDW7YNHI,0.1258
AA10CO0GN1RQZ,0.1011
AA1FBD24BCUK,0.5641
AA1KH7FKRXULW,0.0331
AA2NO95QTZPIY,0.2318
AA34OPIOEVOLB,0.0791
AA394CGT3GNYH,0.1615
AA3JKQ31FKJYN,0.0915
AA3KEAOFOXG90,0.0711
AA3PKF7NQTBBE,0.0208
AA478JQL0UG57,0.3564
AA4DN04Z069ID,0.2543
AA4KMZ9FPUJGW,0.0303
AA4YMELM0MMI9,0.2049
AA5S8E460UZ1J,0.2812
AA5W2UHXCEDUY,0.0637
AA6176V2HKG16,0.6856
AA66O1V57XZX7,0.69
AA6K9WCIIUR4M,0.8147
AA6KG0FLEC3R3,0.1674
AA6M6COS1GFMH,0.1933
AA72VFJ3GJOV,0.4207
AA7QI6JRNNYOH,0.0749
AA7TUT7H5KMW,0.1048
AA801ZW32BAFZ,0.5114
AA80FVLRVRBRM,0.3838
AA8UUMTAC5NI0,0.124
AA904BKV1Z2PQ,0.0917
AA99UPLC20VI2,0.2279
AA9PV73DST0J5,0.1631
AAA89DEVXPQYN,0.168
AAA9Y0JPSDY94,0.1072
AAAETID0EK92P,0.1611
AAAFFVZC2FCG8,0.0685
AAB9AT3LYIDBT,0.4256
AABB0L1IH04MW,0.1077
AABH31PCKVX2E,0.1377
AABQ639S3SESX,0.2458
AACE9HX9DWSU9,0.2045
AACI5VWXSEP4A,0.0118
AACKRUEFSCZOW,0.0655
AACRB2LDV8OV7,0.0196
AACXVPEUAD32F,0.0208
AAD1W9GBYWY1W,0.1313
AAD2KI8D3R2F4,0.2299
AAD5UVXYNE14D,0.0749
AAD9YI26PB7R5,0.2745
AADASLP6FC00G,0.1512
AADCC339C0S95,0.0433
AADCXICH3XZW3,0.2746
AADP7ITZJMZEG,0.0524
AADSJBKCD7C94,0.2271
AAE3YYTBHRASD,0.0701
AAEL2K5N3EO04,0.2856
AAF3A2OXL7PRC,0.0729
AAFN35L808KGU,0.238
AAG7VAB67Y47Y,0.0265
AAGGG7ONSYD5V,0.5096
AAGZZMXI0XX0D,0.3967
AAHHLNG0XHRIP,0.6529
AAI784Z4JBI15,0.0149
AAIII2YVYS4T6,0.1367
AAIR44YSDC90S,0.1421
AAIU4V0FTRZ2N,0.26
AAJ7RUTWEYC3B,0.0142
AAJB79DB0AIEL,0.2124
AAJN633OF65R6,0.0865
AAKHRCDJ9W5GT,0.1498
AALJN5EQ3RVSX,0.0646
AALU4MBSTCOAL,0.0881
AALWZCFMGNAG1,0.1785
AALYWAAECEIGS,0.1255
AAMB5EMKAFBEN,0.1847
AAMP772ZWFKY3,0.1101
AAMR8DYZV4H7O,0.154
AANW43Z1L5S92,0.1739
AAO3HB5GFT0IN,0.1314
AAO8TNZNKDFGB,0.015
AAOE8GBDLZBXX,0.0256
AAOEN7B4L9DHW,0.1723
AAOPX9PTTOP3G,0.5678
AAP9OJFJI0IZ3,0.1739
AAQ2805X6BKI6,0.1142
AAQHD9J4S1PU5,0.2512
AAQIW26UB8HRK,0.1411
AAQXRTWPQNNFB,0.1721
AAR7JZA4TKHZH,0.1811
AARA6Y6F78JCN,0.4949
AARTYIHQDUH0N,0.287
AARZIUBJKKQPQ,0.0371
AASHXVH43EX0E,0.1478
AATO5M2LPTX9L,0.3175
AATXK33K48V2C,0.3062
AAU0SFEEHPUED,0.1796
AAU2F3F59OQ70,0.3957
AAU8JJV2A38CO,0.1795
AAUDYQICF0SLA,0.348
AAUXC1L5QR4UK,0.1606
AAUZ79CDTSVCP,0.605
AAV05XDUKH2Q8,0.0462
AAV8Z26IIWDA1,0.2909
AAVN8J9EC21AS,0.2398
AAVSL38E1GU2L,0.2243
AAVWXO2TVQM1K,0.1154
AAW4JYVF4B845,0.5754
AAW7URHWA2VHT,0.0112
AAWMXR87RO9PZ,0.1287
AAWU8XQM3XL79,0.1217
AAX5JSZIIUJ1S,0.4268
AAX8GK2XM57NK,0.0582
AAXCF93TQFM5G,0.4513
AAYANAEX0B7MW,0.1339
AAYKPY50SCXHW,0.0299
AAZA7B023FEDW,0.0541
AAZTMLVDQUHZK,0.5527
AB00KQZ88BSAZ,0.56
AB047SLZ8DU3K,0.3486
AB07GJWJBDAQ2,0.1952
AB0E5X8SHI8GR,0.0157
AB0NI2PYVJR3M,0.0744
AB0XHMMI00PYP,0.2905
AB0ZI13CLWPL6,0.6498
AB1HG1W6G6Y8D,0.0148
AB1I5IQ2FTFQC,0.1047
AB1P9Y6D8S0E4,0.0845
AB24LMHHPLUEG,0.1733
AB26FPFY8E6AA,0.3518
AB2GEBSPR0Q22,0.0316
AB2XX40JVWV69,0.2622
AB399AECXCDT8,0.6952
AB3MCV2X60JW,0.148
AB3NP00D9CJF1,0.1451
AB41N80UM8BLW,0.3155
AB4ELQX285UKL,0.3067
AB4OEYZVJNHZN,0.1391
AB4ZBN3S7WTT0,0.0786
AB5N4A5118C7S,0.3229
AB5S5DS16EVMJ,0.1617
AB5SX4EPBKYMG,0.3021
AB62IZA9087G4,0.5189
AB64ETZWLCB5U,0.0571
AB6BXYA1TFLTP,0.0582
AB6VPLMNJA51F,0.1859
AB6Z7SZM9QOR,0.1615
AB76THS0IXKAQ,0.0909
AB78B157ZMYF3,0.576
AB7DR7FWLMGZ9,0.2769
AB7T1DDG1HUOD,0.1918
AB83NX9D3EGSY,0.056
AB8FFJN338JP2,0.078
AB8NG5F9LTGMI,0.2517
AB8QIVEKL4ZLN,0.2716
AB8X1GAJLQX1C,0.0587
AB91W3ZUSW397,0.1949
AB959Y75NXZOY,0.3173
AB96RGQGHKRS2,0.2045
ABA1WB1SVFHTW,0.0227
ABA2GCVCMVENO,0.1303
ABAFTT9IM7GZK,0.0789
ABAKFHTLH7JVG,0.1318
ABAXZYRBJ7KUT,0.0687
ABB9MFBMQCD2C,0.1703
ABBENK1LTDEUF,0.3809
ABBMO87FVDXZ9,0.0498
ABCXQCFQ5U9HL,0.1407
ABD5U987ZBMPN,0.1617
ABD6TPKC6ADF4,0.4833
ABDHBMIC5F1IC,0.0238
ABDIEN5LT0PII,0.166
ABE3U70G8R5HH,0.0488
ABEAUXVVB2E1M,0.1619
ABELFZY1RYG0R,0.1409
ABFPSOCLBFTSS,0.0905
ABFX5OPQD50P,0.1153
ABFZYCGJGY580,0.1938
ABG1YM60SJILN,0.0229
ABGD4FXC1AJPJ,0.0211
ABGJYLBMM68T1,0.0614
ABGUYZ6CWA2V1,0.2072
ABH44EA9XNRHH,0.0682
ABHEAEBA726JI,0.1879
ABHU2CJAYUPHW,0.3807
ABI1D4CB1TZP9,0.0332
ABI1V8YHNUK87,0.629
ABI3JNYR69RUA,0.1061
ABI5KIHILDCP1,0.0331
ABI7ZAFVUMU8G,0.0605
ABJ4SLPVOM7PN,0.1477
ABJ5RVCQRJ08A,0.0666
ABJNCFD48KB8,0.1312
ABJRP4JJOHJHH,0.2506
ABJTM65X62TD5,0.2336
ABJX7EJ6H5U2H,0.2259
ABK33U7YRNOFV,0.0577
ABKOVXEYT0DPE,0.1257
ABKQWLUFEW3KB,0.3933
ABKR7RC02WQLU,0.4734
ABKSY74FEIGUI,0.015
ABKTE34F2D5GB,0.4145
ABLCKVHML5QVB,0.078
ABLE2G1YIJX13,0.026
ABLI32M2CZOLW,0.169
ABLOQ5V7QL137,0.0143
ABLOQZIL42W7I,0.196
ABLV9L4MQO7ER,0.1291
ABM0Q995KC344,0.1737
ABM6WJ30UKD1L,0.1363
ABMGPIWCYYG70,0.1136
ABMQTSJL33EDH,0.1538
ABNSCJPMH6GV7,0.1762
ABNSZMW305TON,0.1211
ABO3W0PSHFLLG,0.3624
ABOKSGJ7EFF0G,0.0827
ABOL0PZZZHRN1,0.3056
ABP1RGWP15YVF,0.0158
ABP6FLBI86XF6,0.138
ABPP6J9PWJ25O,0.2467
ABPX680DGJ5AA,0.0012
ABPYBCQWBPRLW,0.1345
ABQEDHBG91BBR,0.2469
ABQWEL10KO46C,0.1546
ABRB6T9FET2Z9,0.2161
ABRCBGS5DP0GE,0.1156
ABRLSSBF1EV83,0.0905
ABS1TJ1OKRKPZ,0.0946
ABSBO832VAJ36,0.2031
ABSEYAX48XK2I,0.0667
ABSI2Z5TVSP84,0.0658
ABSIVDSNICG8N,0.5607
ABSYIF0ONC2AF,0.5925
ABT31V7PY3MHA,0.1379
ABT8W1CAXD7XX,0.0129
ABTGHMEDB7ZCM,0.0746
ABTGKKAJWZQ0H,0.2405
ABTUNH7645QJL,0.2414
ABU5AVJ05TWXW,0.0599
ABURBAEJ21T52,0.0568
ABUTJHGQAUW5G,0.0459
ABV6I0MER7GXX,0.5487
ABV8DV842X40S,0.1384
ABVHVYB9VQEWD,0.0944
ABVUI9GWVE5WW,0.2383
ABVWKW1VUECLJ,0.2208
ABVYGB2TKBO8F,0.8877
ABW3BG0PV5KDQ,0.2482
ABW68OIWFRRGY,0.068
ABWDNZW06BSN5,0.0953
ABWPT22HGDTBJ,0.1585
ABX8BQ088K1KI,0.1174
ABXANRX4GPYRZ,0.5857
ABXSSBGM48SZ8,0.1516
ABY7ZUPSW3EQ9,0.168
ABY803BNE9PJG,0.0341
ABYC6R55E1K11,0.2424
ABYZ4VIV01HXA,0.0419
ABZLFL9N5TI4R,0.3139
ABZN96PUQH2WV,0.1148
AC09OIFJYTUQK,0.3061
AC0HPFQVBZVGY,0.1785
AC0PI7MD4E415,0.1349
AC0QNBQB1V5CG,0.0888
AC11GZAL5N99C,0.4092
AC1577HKKQGBB,0.1451
AC1A0YFXNWOKM,0.1204
AC1GUNT7IBLDH,0.0856
AC1INZK10Y3WB,0.6909
AC1QHKELS0VDC,0.0691
AC1YYSNH6ZZIQ,0.1148
AC2EGRJTJYVBA,0.1459
AC2IWMCGG70MD,0.1762
AC2KX2856CJPQ,0.1953
AC38EBJ5IML9T,0.2355
AC3K8C43DQDHX,0.5108
AC3ZP91KBF1L0,0.2855
AC49ZI7CUTTH5,0.5565
AC4MKYMRD0V15,0.0298
AC4ROPT6A9R5A,0.4315
AC4TQ8K03VU7C,0.046
AC4XLUZBAH94U,0.2025
AC4Z1ESFAVGNH,0.4638
AC5299TP9UFK7,0.0229
AC5MFKNUBK388,0.0701
AC5OU76YOTP4F,0.0656
AC60HVSSKPWEB,0.0129
AC61U16AJQ8X7,0.1163
AC62SNVRI158P,0.2996
AC63VUXD7H1U0,0.0554
AC79EKSD1S2MB,0.1026
AC79HAUD1J7RU,0.0958
AC7J8ZLWJIKNS,0.3244
AC7QBADE054CN,0.4097
AC81CGJ6K9QW8,0.1946
AC82TH39WO32T,0.1512
AC8E3L5ZM01P,0.429
AC8OLNK3M3H87,0.0792
AC8QOXIVQ70XT,0.2695
AC96E3OMZ48EY,0.085
AC9LJIQA1OVHF,0.1583
AC9Q7B5V8OJ71,0.2984
ACA0VTA4HXZNM,0.176
ACA6DWWWQDAHY,0.5333
ACA98CAV02ODL,0.0963
ACA9RBJUG04ZN,0.0705
ACAO2P8SHVSIK,0.0842
ACB7AIGP2VWOS,0.0792
ACBBT4Y7S7MBZ,0.0578
ACBH45KYJF1V7,0.4388
ACBILA6GEC4SU,0.0697
ACBIXBSWSCFR,0.1223
ACBO76L6K8I9J,0.0249
ACBTRDBXC322U,0.1102
ACCDYVXJKFSXK,0.0489
ACCL4DJSFD20A,0.065
ACD6VY56XTA64,0.3
ACD9P76EDBILT,0.0453
ACDHUPAMZR7DC,0.197
ACEFBWOGU9M9K,0.2086
ACEGMV8RTBL8H,0.566
ACEW2AUO3AEA4,0.5265
ACF5TTRUHTJIJ,0.1382
ACFPNR34ZFMAQ,0.1579
ACFZGF41QF4DQ,0.2962
ACGM3FWR8985F,0.1609
ACGRP8Z3JDDA4,0.2981
ACGTYE5R2EXVF,0.0904
ACH5PJUBU2BZG,0.252
ACHMAK6A8MHH,0.149
ACHMMTLFPH6DU,0.253
ACHPP86D37DRY,0.262
ACHTDPEQYSEQL,0.837
ACHTJT49MY6O9,0.1774
ACHVCY9QRTN2C,0.4789
ACIHT0Y2I2YHF,0.1636
ACINECQRU9XMW,0.1588
ACJ125D7GPG5C,0.0574
ACJ7G5LEGWSBU,0.0065
ACJKBT89CTT20,0.1707
ACJX7DQOO5P5M,0.3186
ACK6AR1MQ92UK,0.0402
ACK9P6NQ66UDX,0.1457
ACKAZVADOU8EG,0.0165
ACKIX4X8OZSN0,0.0703
ACKRS3SSRUWDR,0.0575
ACL00TUP0CN4R,0.0712
ACL11OKQWPXGV,0.0977
ACL4OV0KUAJ9Y,0.1577
ACLFVHG1NWII4,0.2101
ACLKV3VV6FGDU,0.2354
ACLOZB3K7EUCL,0.0085
ACLU576JJXM93,0.2427
ACLV747KEB0HL,0.0132
ACMTBJKXMYCW7,0.0637
ACMZSIXW1JC1O,0.1875
ACNATFT0CN0HO,0.2301
ACNFAOWLKCJ9Z,0.0212
ACNQI6RTN3IAD,0.4142
ACOAXGKSE4LXN,0.1452
ACOECYWS6Y9IA,0.1106
ACOF64EAN08QQ,0.2787
ACOO19LQNRQ7F,0.0127
ACOT1FCV9ZFX6,0.1164
ACP5CQC6JVPPS,0.1192
ACPES073674LC,0.0457
ACPJEDEYRH1JL,0.1696
ACPNPETJGE9FW,0.3241
ACPR51DDDNWJR,0.2157
ACPT29J3JOMYO,0.0614
ACPV29SBTSTBS,0.8946
ACPZ5GKPVOLNS,0.2392
ACQ49QJVQHR2X,0.12
ACQF3DSBMIYI1,0.2069
ACQGF9PXBB35M,0.0831
ACQYIC13JXAOI,0.5637
ACR5NF8LQ9WF4,0.0986
ACREH4UJ7IEKU,0.1648
ACRLL3VXRM4V1,0.1329
ACRSBYVX737SS,0.5951
ACRU2ZKIZ5ICA,0.0711
ACRUPCVEFLP4X,0.034
ACS10ZOB8XCGO,0.7298
ACS1SMITQ63F4,0.1357
ACSB6YEM3Q6Q1,0.1097
ACSC1GIHEG8PR,0.1129
ACSRLM63AVH1F,0.1362
ACTE5JQ9ZEMA9,0.2009
ACTPKR50TGN7D,0.2381
ACTSPBEX8BB03,0.1536
ACUMU8SJT1WOM,0.0386
ACV0DOQBKUH4O,0.0967
ACV2QOBZ4Y00W,0.0676
ACVF82ZXCWP31,0.5385
ACVGH6J8GWEH6,0.158
ACVKFV8LD7HDH,0.1663
ACVU7OORPTPVX,0.112
ACW1Q5ZX1A31W,0.0894
ACWAN8W8AXVJZ,0.0761
ACWATJN494ICW,0.282
ACWSLC5PSZAXF,0.0733
ACWTHJJQCYG03,0.1636
ACXPRSPIVAS6H,0.0869
ACXRG7Q1U86F5,0.119
ACXUVW6BIHU6C,0.0806
ACYC9OP9ESIM6,0.2025
ACYR6O588USK,0.3035
ACYSIALDXXOHI,0.227
ACZ7G0OF0XZKI,0.2918
ACZ7LPQ281ZR3,0.256
ACZD1BCN2YU67,0.039
ACZYLE440LNVT,0.154
AD00RQLTDBIO2,0.0727
AD09AO2MAQFWS,0.0587
AD15YMGAUGXFB,0.0759
AD1BODIB6WLQ2,0.1617
AD1MRUOBFE8FG,0.3691
AD1WVH9MP1ZS6,0.0386
AD20KMDUDP5EF,0.1704
AD2871D0DKXS0,0.365
AD2GPNMQJNV9X,0.0989
AD2HJFO8KQNHT,0.0674
AD2KEOIA6BSUZ,0.0696
AD2XR1U9LMTOH,0.0409
AD3T2UHBH86B9,0.1163
AD4157JAQ17T9,0.0697
AD49US86GSQ4V,0.159
AD5OQXJ9OP6UO,0.0814
AD5SB64C76M0I,0.1072
AD62LD1Y5N2D7,0.1175
AD62SC9WY4QY5,0.0236
AD638WKA31YYL,0.0339
AD6OWWB6FO7Y0,0.0931
AD75DV2LKDOW7,0.0852
AD7WMABMPXIOY,0.1675
AD8B5TP4BSP9C,0.1486
AD8EAN16XJVP6,0.1224
AD8G6JC492GZX,0.1093
AD8T1ATRFOVYE,0.1065
AD8UOWO6YKG0Y,0.1021
AD9GX8BYR4377,0.0171
ADA6AMI54Y4X0,0.0886
ADAVEDQ2BK3XE,0.0155
ADB8XCKNSDY5Z,0.1728
ADBG81ZG0O7SI,0.1038
ADBHIPICHGAM8,0.4125
ADBMC6M91XYPW,0.188
ADBQ1ZDM5KL1G,0.1074
ADBU4Y14RP5PN,0.1551
ADC4LHC9YFI92,0.0506
ADC846Q1W4YHD,0.5416
ADDSLR3U3UJD9,0.2379
ADDSMW8LJ31Q3,0.3057
ADE482XHZSXKM,0.3467
ADE9Y7MODO51A,0.1067
ADF2HJPRW1BZG,0.0865
ADF86HAB3K6EF,0.5981
ADFEY653CEBZ9,0.3974
ADFKQEK4TP0TW,0.0736
ADFPSCR19NA33,0.2026
ADGGGIV1I1OIW,0.0917
ADGO5A1QI41T,0.2996
ADGOVXOE7QXXI,0.3027
ADGRGP45LC5JZ,0.0985
ADH0O8UVJOT10,0.0097
ADHABLMCBV9CG,0.1482
ADHK5MKMKEUHZ,0.0147
ADHLG6CZ597MY,0.0861
ADHQKNPEHLE17,0.1631
ADHSORA794GWJ,0.4542
ADI2V9PO71H81,0.0911
ADIDN6XPZSXWB,0.4615
ADIEIQTLKI89V,0.151
ADIHEOOO6PUZ4,0.2674
ADIY38MRLN2ST,0.1084
ADJC7UVU5C4NT,0.0819
ADJFEZLUTV7LF,0.1187
ADJH3RUOLDJVL,0.2732
ADJHDFYZSVAPF,0.0905
ADJKQDACHPWCX,0.2291
ADJMETBPYJL7Q,0.6666
ADJOGYVD3C66D,0.0764
ADJYPGPJHF1K4,0.0371
ADKDLVC83NZN5,0.0667
ADKHI1TUGAX4,0.2149
ADL51Y71SZ07K,0.1517
ADLBBN13D7TR5,0.0234
ADLP6U3FUNG70,0.0659
ADLV35W3JE3WF,0.4686
ADM7TYXR8KV29,0.0219
ADML0D7XXX1A6,0.179
ADMLMHWFGY3Q7,0.1162
ADMSZ0X6EZUA9,0.015
ADMUMWBE64BMZ,0.2239
ADN0RCVJEJUWI,0.1257
ADNJJMUSQ2IDD,0.1054
ADNX0ZTI9L1PY,0.0935
ADO1FR4GR9KG2,0.0824
ADODSAZA0QDOB,0.1391
ADOGOPFTKOQW9,0.3241
ADOQEB6QHONTY,0.1096
ADOVS5KA4XGBO,0.2682
ADPA0H8V1LG2Q,0.2755
ADPDMLUDAMML0,0.1051
ADPEAW8G1AQID,0.1204
ADPLZ2BRR4ACQ,0.1324
ADPP0TXH70ON8,0.6933
ADPQXAFVQ653F,0.3469
ADPSGEUFKXAY6,0.1984
ADPWNILB9BN9U,0.0465
ADQHHZAKMOJZC,0.277
ADQXVKPS5CFK5,0.1505
ADR6157NMQOTV,0.1082
ADRALQ5LX7UXP,0.115
ADSBLGTMHO0DP,0.0362
ADSF2TWAQS044,0.0718
ADSXUQX5KWV6C,0.0293
ADSZFYL0DP2R1,0.2361
ADTG5DS3C1XPB,0.0981
ADTGWOXJWWAY7,0.0761
ADTRPBYXKK8BE,0.1899
ADTUS88NFTW23,0.2485
ADTUXCFI51M0D,0.0415
ADU56N9Z46FTF,0.119
ADUD85JE0U4GF,0.0894
ADUT3M0FDX7Y3,0.2395
ADUT8PGXFQFNQ,0.0127
ADUTTER4DACSE,0.1414
ADUYUQHXRD6F1,0.0709
ADVAOWPCRO67,0.0795
ADVNOBKDZROPH,0.0952
ADVSW4W1HHYF7,0.1149
ADW9VUM2NREY8,0.0697
ADWNP4AT5HTGV,0.1364
ADWUBOHYNBG9O,0.0877
ADWW5BZJ1VWLT,0.0548
ADWWNMEYNO12R,0.3968
ADX13PR5U2JKW,0.0566
ADX2LGXIE9NDS,0.1194
ADX2Y1FI2JUYM,0.2814
ADX81OJF8C5CF,0.1126
ADXK3LKHL8ZSV,0.0541
ADY22LZ9XAYV6,0.2341
ADY6USUU26QTZ,0.046
ADY9HT6IIILB9,0.0963
ADYGE1FVW9U72,0.4174
ADYRLMDROBAXW,0.4222
ADYZKTC3R4X63,0.0791
ADZ2QODSMGAUG,0.8248
ADZ4D4V9NDZ6Y,0.2702
ADZIJQN6MNRAB,0.382
AE097AM7851QN,0.607
AE0O9GNP52DQ2,0.1208
AE0TH3NM24IB,0.2815
AE12AEJFCOGGY,0.3889
AE17J3ZHWQBY3,0.0944
AE1SRLTQI4VDH,0.3252
AE1W1CSPT13R3,0.07
AE1ZYTA2ITPK0,0.0923
AE2DR6ZLPAD2R,0.0118
AE2GQSSEJ8G6O,0.2236
AE2H22PR0TSLC,0.0218
AE2HQG8WJM545,0.071
AE2LECGAQU83Y,0.1585
AE2Q1F0D62IXE,0.0215
AE2URYCBT0SX9,0.1192
AE2X30STEHHY8,0.267
AE363F9UEW576,0.1844
AE3BHWNJCRO8R,0.5246
AE3PQYXY49FJB,0.2268
AE3R42KJ3IWLS,0.2271
AE3S5S2B77PJX,0.1032
AE47VC8XN6342,0.1553
AE4EIEY8O9GZW,0.3966
AE4G4UGH25UKG,0.0843
AE4PE48Q2794I,0.1142
AE4RENZ3VSFCZ,0.0111
AE5O0B4Z1OHX,0.0177
AE5O9M61UEA9Y,0.0593
AE5X7VOCIXCCD,0.33
AE6GO9O8C0C83,0.0818
AE6TMSEK2YVSG,0.0318
AE74FA4VJ8Q4,0.3116
AE7OVAB5CVUPV,0.0579
AE7V5RBBRKBVF,0.0971
AE7ZCUUEMWGFZ,0.141
AE85UF0WKD80A,0.0692
AE8CF0V7WEY6Y,0.0899
AE8LCUNRSTTW2,0.1912
AE95ZT9BI2ZFG,0.1219
AE9F14HQR1YS1,0.2259
AE9GUJOQKSOAA,0.437
AE9Z0T5VCMESA,0.0258
AEAIND7LLDW4D,0.0328
AEAYQJZD5K0IZ,0.138
AEBAUPOM4TF9S,0.3572
AEBBAHNV53ZIW,0.085
AEBDPHCCG6TO9,0.4727
AEBPVHLHFDZVV,0.4018
AEBXWBD99FWW0,0.3014
AEC0I4XOMJJ72,0.1843
AECFRE7C0CCLU,0.6127
AECHHFHD89CI7,0.2297
AECZ9AJ2GTNI9,0.2406
AED24PGN5EZRX,0.2543
AEDDSCHVX31DO,0.0935
AEDFR5E06UPJW,0.0545
AEE09CTHJUKXR,0.0796
AEE6K6S63EXMY,0.0145
AEEMMKYX27YQ,0.1691
AEF12MHCWA243,0.5351
AEF5XY40EGG6G,0.0823
AEF7CR8SNCYF2,0.0046
AEFMWTH14ZFWT,0.0392
AEFRL0YRN389H,0.5612
AEG3OFU1ALMIF,0.0832
AEG7G69MYOTZC,0.145
AEGRQ8VFNT71T,0.1046
AEHO5T9MU0MJY,0.2023
AEI18WXR9RWT4,0.3547
AEI6MBDTGGIQU,0.2236
AEICY0E9YMZDP,0.1004
AEIILE1PUV2W,0.2297
AEIIYU21PLLBM,0.0604
AEJAGHLC675A7,0.932
AEJLYLYX4DBB5,0.1294
AEJNWMXJS818O,0.0577
AEJQ6Q9MSOVHN,0.2368
AEK22R8KSM2QG,0.1988
AEKID8YBJSV8K,0.1151
AEKJPCJC2IH3,0.3698
AEKNT5K9X1ZI1,0.0845
AEKXPITBQW6XO,0.0942
AEL4F8EL8V3L9,0.0699
AELG460KTFJNA,0.2993
AELKG7P19LYHA,0.0537
AELV8AB69M51M,0.4451
AELXYY8U89FBI,0.2107
AEM5JDYC0TATE,0.0268
AEM7F3Z6U9L30,0.1513
AEM9CCSE7CQ9M,0.0655
AEMSGB00FL3YO,0.1662
AEN44U6T9R93,0.3067
AEN4ZZEL2L1CZ,0.468
AENK4X1X4C5CM,0.1653
AENLD33KQ6MJ4,0.0815
AENU742EV17J7,0.5044
AENWG241KH1LX,0.2109
AEO7XW62UARQZ,0.0978
AEO822Z718KEL,0.0736
AEOKL03H269BU,0.245
AEOO3M4PS72NM,0.221
AEOOZBMUPDHMM,0.0498
AEOXSEGPBXHIF,0.0115
AEP6UQQQXO48B,0.1929
AEP6XSF7UQK5O,0.0075
AEPBD0MTKK9X2,0.1161
AEPWMQOZYDB5J,0.0544
AEQB8TBZA5EL4,0.5487
AEQDE049FICNF,0.1514
AEQKUNN8X67EN,0.1194
AEQO1ZGKVIOSB,0.0412
AEQYAG42F9128,0.3215
AER08DBAXGT5Y,0.0261
AER2EZOUZSKYB,0.2731
AER38WSDYO72S,0.0349
AES1WLHGAVKAD,0.1618
AES62N9JMEF8O,0.1358
AES94FXOUTHMB,0.0677
AET5BFTM2U0GS,0.2331
AET7IKQNT5CEG,0.1894
AET9D5GAZ4MFB,0.0342
AETG43ARLZDZD,0.2182
AETN1JFSVB8FS,0.061
AETVLNIA7RYT4,0.209
AETWNVLTEOTSP,0.0354
AEU0PXF31KEOC,0.1105
AEUNTDZLLTQWD,0.0736
AEUSUWLS9Z4MG,0.0474
AEV29BSA522EC,0.167
AEV9CT81N33CR,0.11
AEVNTIQFU2TQ6,0.0034
AEVOIRKIAR9SR,0.1321
AEVTPBSCCPD9A,0.2907
AEWD45LTOTWDA,0.1988
AEWYUPCNDV7HY,0.8862
AEX4BM6L3TRNF,0.0674
AEX6CST6WV7ST,0.043
AEX7F29JQ8HKB,0.248
AEX8HIT291CQU,0.0137
AEXS7M2VKYQ7D,0.0688
AEY6RDKCNLKGG,0.0834
AEYFQ3FYU4WG1,0.1346
AEYG1U7ILRM2W,0.2209
AEYIBQTRNUBP8,0.2668
AEYRKP8X8L9M,0.0612
AEYTIBELV1G2R,0.0675
AEZG6BJSPF832,0.0713
AEZIYSTR1GZLF,0.328
AF00SVHXXZ5C2,0.3446
AF0E5TGS52NRD,0.1596
AF1FTIRQEUIEG,0.2565
AF1NVXZ4A86XJ,0.0873
AF1P3RC6MPU4D,0.0238
AF21G0G3GTV2C,0.05
AF23PSFR9R89W,0.1603
AF27YM78JY8TK,0.0404
AF2DBJX3RQVF7,0.348
AF2RGO0246GPY,0.0416
AF2TVLLDYTX7,0.0893
AF3D31QX07BWW,0.1143
AF3HHL61IMR25,0.284
AF3VJ2YW3BB92,0.6445
AF3YNCFFKKOOO,0.0643
AF3ZIGIYXZUMH,0.198
AF3ZRKVXJPDK1,0.0861
AF40ONNQIRMXF,0.0906
AF4MGQIQR9V0S,0.1492
AF4QSN0KVJWY9,0.1315
AF4X6HPAJ7KA8,0.3474
AF4YRU0KFXLIE,0.2857
AF502FLL5WFZ3,0.5155
AF5ESP1ZPJVWK,0.2292
AF5ETZ8HTFJVW,0.12
AF5FTJL71VB7L,0.1742
AF5MSCBHDDID4,0.0097
AF5MYIR1E75L8,0.1248
AF5NGZ9YJA3J8,0.25
AF5UPK1K0TZVK,0.4503
AF5Z5CNJW28WW,0.0312
AF64NAM5XBWAY,0.3322
AF67P6581W0JC,0.163
AF6F8M9MNUWUG,0.0285
AF6G3FWPES2BM,0.1667
AF6PSN8I17GSU,0.0825
AF6VCO8270L2N,0.2349
AF6XN610YKQLH,0.2893
AF71V4Y923I63,0.0474
AF7CWQNEAW1UZ,0.2842
AF7D0R98AI0NL,0.164
AF7NWNPFJX4XJ,0.2299
AF7REHI1Y5DQD,0.1669
AF7ZY22W9KG0L,0.3686
AF8NC7SYC33JB,0.0503
AF9FUZJBGH76W,0.0313
AF9GHFH7O50ET,0.5203
AF9OYN557Z77I,0.0741
AF9TYXG5OIMZL,0.2123
AFBHNWYD37MJG,0.2401
AFBPWRW6HBLDF,0.0803
AFBUDZ63FOLVS,0.3033
AFBXQDFJF33VS,0.1065
AFCAZIM440BI4,0.1267
AFCLR2ITPE5AZ,0.0651
AFCQ78N0GKHRZ,0.2557
AFCVVCYYP4Y6L,0.1091
AFD37Z3CRRQMM,0.1107
AFDW8D6VMCZBO,0.2309
AFEIDDS1U2U3O,0.0637
AFEK14A7MNGTV,0.0852
AFEKIJE6YASCB,0.2248
AFERMR9RNPIWQ,0.3153
AFFASX0TNO0QP,0.1592
AFFIQR4UGBCBC,0.1782
AFFJSLANB28F7,0.2436
AFFY9QXWHZZST,0.0339
AFG005J657WY5,0.2717
AFG12IEZUKI2S,0.0887
AFG4D2RELLZZI,0.1749
AFGBQJFS46U9E,0.266
AFGLC9EDU5DDY,0.1438
AFGTF6XOJUC8S,0.0579
AFH3LIQXXEB6B,0.112
AFHBSL4JPSJ04,0.1757
AFHM8LWBUDBO2,0.1545
AFHYEO3Y1IIDD,0.4404
AFI2GX7CAYGC1,0.0719
AFIR57I2Y901O,0.3006
AFITFTAG0FKG4,0.146
AFITTL8QQB8N,0.1595
AFIYOQOG778DA,0.2717
AFJ6ZVBQG4LRK,0.2067
AFJIA32NLIHSI,0.2925
AFJSV43FD2ZRA,0.1008
AFK892KY3M57U,0.0842
AFKMY7WCDGUL2,0.0661
AFKSEPX9W2CA0,0.1956
AFL8DI2C1ZPU8,0.1338
AFLSOO2COOI7A,0.0412
AFLT6UHXHRU87,0.0952
AFLT7BQX5ZI4I,0.073
AFM77XOJX20C,0.0272
AFMMYIN0TXT7V,0.1153
AFMVQ27SB2N8U,0.0746
AFN1L4WPOV13K,0.3332
AFN32PGTZ31MV,0.4023
AFNE6AFYU3ZVD,0.1347
AFNQ627UCEQH1,0.0741
AFOI8LFZOXMFX,0.1522
AFOPIBDOIDIG5,0.0253
AFPQPO5INP7C3,0.4886
AFPSKCPSXE7XZ,0.1598
AFQDG0BKGQ6BK,0.0088
AFQLV1X8EY042,0.0937
AFQNB98RN0LYU,0.0882
AFQZQYJZ8HR2V,0.2028
AFRNZC5XAWY2J,0.1405
AFROGMQUUAQK2,0.1482
AFRPS2HGKKF7Z,0.2127
AFRU4OKWMJJIR,0.0211
AFSVO2X2ECRD2,0.1409
AFTA0RLE9ELTM,0.0537
AFTOJCGW8QXAV,0.0875
AFU75NX4Y9WA8,0.5146
AFUBIHEP3H76O,0.1498
AFUGQP2NS6IMD,0.0846
AFUZA5L0OBGX6,0.0587
AFUZXN7X0M1XV,0.1444
AFV2584U13XP3,0.3234
AFVISOZWL410F,0.1278
AFVO217Q5P5XF,0.1147
AFW0DOKAFVQYF,0.0157
AFWIQ3NRAWYAV,0.2331
AFWMVMPB2WVP9,0.2266
AFWNB49LVPXT2,0.0449
AFWX74XOJQEVY,0.0649
AFX4E33OXUB76,0.1491
AFX6DK3RMHQGO,0.0196
AFXNXN8TMGKZF,0.0552
AFXQKP2AVULA1,0.3236
AFY1YIAQD5Y0J,0.3739
AFY2MWSB3HI1C,0.0762
AFYSJG723ZV12,0.086
AFZBF0RDO8G8,0.0788
AFZKMBCM5050L,0.1739
AFZL13QCWF7AS,0.2526
AFZWQI2GHZKUF,0.1123
AG00PGSTKXI9E,0.0778
AG051YWDHHR13,0.1034
AG08KHIO8TVPY,0.0935
AG0GNIZ34DZP6,0.1502
AG0LPI8LN5U9K,0.319
AG16PRCYMVTOA,0.5612
AG1MDK0TA0GUM,0.1178
AG2HIXA3FF28S,0.3164
AG2MQJHQ80DUP,0.1362
AG2SVK72GTWRW,0.0584
AG2U1NI7EZ5V,0.3075
AG2VAQY6DCI5R,0.3245
AG2ZX0UKD6F5E,0.108
AG365K2OBU3Z7,0.0745
AG39CXVXZVJBM,0.0988
AG3JJ7E89AYP,0.0276
AG3MRUYCGF5CG,0.0761
AG4CVJALRXJC3,0.1538
AG4LBEYRCWT9S,0.4995
AG4MMQYOIPNIV,0.0544
AG4U11RFDY7LU,0.061
AG507BWAFAO50,0.2274
AG535XPWWJ57J,0.3559
AG5GOXV38CWFY,0.2538
AG5KHHZ6RADRF,0.4606
AG5KVHO71PYBJ,0.1976
AG6D3NM93UO3Y,0.0142
AG6QJKU6WXSE6,0.0031
AG7UPJV2IDKTO,0.1946
AG83MQBMP77GP,0.1595
AG8AC5PYQ565C,0.1508
AG8E2F0G98ZTB,0.4468
AG8XXURGEVC3,0.1178
AG8YP2XTC5X1I,0.4909
AGA6B9FHJ6HY0,0.1352
AGA7LFNS3YUXC,0.3408
AGAEUZKE4SKT2,0.0877
AGAH1DTP3T5AG,0.0716
AGAHIHVVDJZQ6,0.1485
AGAN6583I4QSF,0.0511
AGB7UQZMVHNUJ,0.529
AGBFIQMV9L61Y,0.2217
AGBNZH8PJF2UY,0.3817
AGBOCY4VZ3NYE,0.2546
AGBYQA6RPY6VN,0.0721
AGC3LVDTAXMS4,0.3305
AGCQY1LAZ3NW2,0.0073
AGDP18EW9AE37,0.0426
AGDRYPBKTYBGA,0.0705
AGDWVRFL81B4O,0.0954
AGDYZCLB7HMCG,0.1947
AGEI76UGZHFN3,0.3811
AGEMHKI1MXI0E,0.1577
AGEOKCBGVUQV6,0.0936
AGF5IF0DR32RQ,0.1353
AGF6MOOI4225M,0.0594
AGFFKWIQYKEYH,0.0932
AGFUJAPEIOEXR,0.722
AGFW667QNHDOY,0.2466
AGG0XJ3JGRQ5S,0.1357
AGGIG4GSY7HAB,0.0307
AGGK2X8P26FFY,0.2243
AGGR4VMDX9Y01,0.2961
AGGYFNOAD9SBJ,0.1573
AGH9FOHXRAQ5E,0.1681
AGHXKB22N9DYR,0.4009
AGI2TGGQEEY9X,0.0215
AGI34T5QZWBBC,0.0735
AGIK1GKXXV6PY,0.1066
AGIQQVLJ58EBL,0.0182
AGJ89OG4HNWW5,0.0314
AGJYODE19RSGR,0.0799
AGKUW5GIDYSG2,0.1311
AGLLRYG6Z3LUJ,0.0996
AGLMA1JNSJTTG,0.2105
AGLQ6ZKYYT4R4,0.0825
AGLQXI48J4AI5,0.211
AGM7ATQ8V6B9S,0.6972
AGM8AI8Z6SJ7V,0.0796
AGMK7YDO9AIWP,0.1933
AGMU95SWMYVPZ,0.1385
AGN7HY13L1RJU,0.4823
AGOEVYHKSNPOR,0.0309
AGOH8N902URMW,0.8671
AGOIS4LC6AY9I,0.1433
AGOMW95M7MIV,0.5488
AGON589HSB0P4,0.2846
AGOZAFK7KYFQD,0.1039
AGP19FB5K1OIC,0.0229
AGPAM84DY7EMX,0.4246
AGPOXH2TDCUHG,0.3014
AGPZ9FW0WD0PF,0.5952
AGQ3WPCQHF43X,0.0544
AGQ45LLYE4LQO,0.2076
AGQ832NX4979M,0.1567
AGQFB60B5A1E8,0.036
AGQIKGB66P607,0.4846
AGQV1ZHY2TK3N,0.0603
AGQZGMC4WLPGO,0.0206
AGR1G5S0BO3R6,0.2442
AGRK0C0FGMQKK,0.555
AGS3TT2IXQ9C7,0.3938
AGS9MKJO7DLGZ,0.0617
AGSC327PXS3W6,0.1652
AGSNR3BDHBQ7C,0.2955
AGTKEYTCDZXO4,0.2077
AGU0FWLEWIQBP,0.1027
AGU7N9HSQQ57C,0.1082
AGUIDZ5H8LFPQ,0.4172
AGUO8C8CIUBPL,0.0545
AGUQZUI2AR6XW,0.066
AGUR7X3147WQE,0.4072
AGUUL1TIUPEJM,0.0873
AGUXXFCVUZ8HK,0.2534
AGV5H61U4QUJW,0.1569
AGVH2UVB4QZSS,0.0883
AGVYD8F7E5TLI,0.1228
AGWE0KVWYJ7BR,0.4245
AGWE8Q29BAZ84,0.0651
AGWPEF3TA2U42,0.0432
AGWVKYM50CZ5E,0.2878
AGX0E3F1ALEG,0.2811
AGX8N8O95L9NB,0.0725
AGYDSR2K2FS2V,0.1071
AGYQ2ZF0J0K0K,0.0883
AGYYVP030GSR,0.0389
AGZM4K17J4CRU,0.07
AGZOOPI6GJXFD,0.0848
AH0HULTQ44W2,0.022
AH0MSSIX2E0R6,0.085
AH0UFACML9IH4,0.2438
AH13107WXGG9A,0.0999
AH1KJ45IQTM4T,0.3196
AH1SZFTJE4VPZ,0.1576
AH291OIQ6DYEB,0.0341
AH2J8GCUT37KD,0.0703
AH2QPLXRNB7TI,0.0459
AH31JJKXHMV6W,0.138
AH33TB4STCJ2Z,0.08
AH3C1S2P7VS16,0.1866
AH3WDMLRQHE2Q,0.3711
AH4B2J6Q0X5F7,0.145
AH4J9SNZTFE48,0.189
AH4L0WGP61WJ4,0.0801
AH5BCMZELZSKG,0.3022
AH5NDKZ3YK0AE,0.1329
AH5NO0H1U5HZ9,0.2224
AH5Q5ZFG54E96,0.2836
AH5VCWQCHT1Y2,0.2351
AH6OYB8SIKPE9,0.7325
AH7BDAN6I61QV,0.247
AH7DLKHSGZKCR,0.1429
AH7EUQC22OVTD,0.1681
AH80J0RT7BMEQ,0.1114
AH869MKQO31B0,0.0913
AH8I6HH2VLRY7,0.1187
AH8S7X7AJKK81,0.1356
AH940Q0BZN5DD,0.0635
AH9IN34WRKTZA,0.2301
AH9IOH347K5A2,0.1414
AH9TPX4TW5JIO,0.5602
AH9VK6BEE5A44,0.2081
AHAE60LDLIEU4,0.0643
AHAIR9GE4IRUH,0.4714
AHAOH3G74S3LI,0.0918
AHB6RAJ33HYOU,0.1458
AHBEOUSMFQNF4,0.087
AHBOQ0N02OG4U,0.4921
AHC5V0LEKN2II,0.1149
AHCNMT02HZ6VE,0.2362
AHCRMQF0LPV81,0.0895
AHD5AKX3NH314,0.066
AHD78O90BIZHE,0.0818
AHD7VJVY32IT7,0.1014
AHDHIQGIQTVCA,0.0791
AHED8DKPQ1ER1,0.1597
AHELID40G3KS,0.2828
AHER5NLWJW5IC,0.1488
AHETVC0QYJT8H,0.0113
AHFGCH8LANEZK,0.3094
AHFX3J2EFPIZ2,0.0657
AHG7OKVJWQCUF,0.0689
AHGT53AWMWCSR,0.2388
AHHCXZQCV8287,0.0535
AHHV038KLC9H,0.0472
AHI9X5MKQH3J2,0.1821
AHIHM3F4P24TF,0.0712
AHIJR9QVBQFFV,0.4967
AHIUV8RE75DXK,0.3492
AHJ3Y5H9NAPAO,0.5114
AHJ8BT6HG4L0Z,0.2171
AHJROGTYWMWBU,0.1062
AHK9Z99W9UQE0,0.148
AHKDSWU5HEH9I,0.1833
AHKJXWMSUWE2U,0.0894
AHKMPSVVJ7MYD,0.3368
AHKOPVTQ3IEBL,0.1618
AHKZMAV762S4E,0.012
AHLDQ5UNL75KC,0.2718
AHLF5V8B3Z8C7,0.4657
AHLJS790VGKNE,0.2502
AHLQKNM0CCHJX,0.0599
AHLTAOM2825VQ,0.0904
AHM04SXO4IQDW,0.0136
AHM1BQAMNAGY6,0.0506
AHM54PJQF2JA9,0.1961
AHMDD7LQJ53TB,0.2573
AHN0TOFN3GK5Q,0.1414
AHN86VFJIJ2JP,0.4202
AHNT7KPCYI0E7,0.0339
AHO3ONWH3S63H,0.2966
AHO6D2H0W140S,0.5726
AHOIPPX45NJML,0.081
AHOTYSSIOS4TS,0.016
AHOXK15HIY6KG,0.0773
AHP1SIOY57W8Y,0.1627
AHPPSX065I54D,0.1496
AHPS2A529W2SQ,0.0663
AHPX71LWPYX04,0.0113
AHQ0RRZQU9RD8,0.0173
AHQ4S49YMAYSI,0.1279
AHQFWUN77ANXB,0.1354
AHQIFXFV3A8LZ,0.2721
AHQTXJQX2584I,0.0807
AHQUWEU6OHWL5,0.0774
AHQZ83VQ726ZH,0.5135
AHR8JQWC1P11F,0.123
AHRCOMX6HVLVV,0.1003
AHRHARRRG24QU,0.6149
AHRMLJZTUC6BE,0.1612
AHRXKIIL7DFD5,0.0683
AHSSHK7X6I1ID,0.0353
AHT55KXRUB3N5,0.1313
AHT8F2VO9T2D5,0.0075
AHU9AJXPMF7R1,0.0478
AHUD64YB90TQ4,0.0708
AHUNA332Z2NB0,0.029
AHV3UGWQ74JEA,0.3237
AHVAH9UPSLD77,0.1396
AHVHP0J5Z00EC,0.3198
AHVLDNLA5IRQ1,0.3328
AHVM1K3YGXMAE,0.1548
AHVV0165ZYBT,0.1937
AHVWHHTYV3GMP,0.1858
AHW7XVP6Y9ZG,0.0826
AHW9IEC4YL4LE,0.2194
AHWAWAIAJQFVN,0.0716
AHWDHH3MPRLFV,0.081
AHWLPGLOAGPAT,0.2136
AHWLPKVOV84U9,0.0238
AHX1NLJVJH49,0.1195
AHX3FSCB9SRN3,0.0766
AHX8FSNAVR156,0.0975
AHX8LNAYUCL8W,0.1927
AHXN03152761I,0.077
AHXRHFIH8TXI5,0.0663
AHXV3DA6QJRPY,0.23
AHY3LIK8QYUY,0.182
AHY6I9IFRSD4A,0.1596
AHZHWRR0ZHB3X,0.1117
AI01HV7G98FJP,0.2081
AI0MFWI85NG0H,0.2461
AI0V99FGBKWLB,0.2373
AI10BK8OABRA1,0.1498
AI161PX1MPODJ,0.0726
AI1J8UQELHK8L,0.4412
AI1SBMID464QA,0.3902
AI20IWUXDTR30,0.2297
AI29WO72IV7ZM,0.0693
AI2C78Y29TP9H,0.0299
AI2JX4DXMQSYH,0.0478
AI2P9ZSBTP45X,0.0941
AI2QJ4JZT6EEM,0.2184
AI2TFA864UX2S,0.0857
AI2WD20YMB1TS,0.1627
AI3EA48EJQW2Y,0.2224
AI3JPX1S4RNQF,0.2098
AI3KZUQVAZXO5,0.0538
AI3QWUBQFVP3M,0.0276
AI3WJVTOS9QND,0.0451
AI409ODT5ZPS,0.0086
AI42N06EHAGBH,0.1117
AI46TT7QSHRYE,0.1229
AI481UO6Z3V0A,0.1092
AI4AUESH2VFBD,0.0185
AI4P413T9GWMB,0.0883
AI4WN15VV8AYB,0.0196
AI57OQ89IH6IF,0.1357
AI5BIQGRWBTZH,0.2722
AI5MIQYR3JZC5,0.5189
AI5N269JP7JAA,0.1257
AI618IBWLLACA,0.1045
AI6H0BAY1YIHZ,0.0359
AI72WJFB7ZZ8U,0.0197
AI7FG0JAGX77B,0.1715
AI8CKT111WHK5,0.1978
AI8HOA8K4QU2L,0.2952
AI8XMO4X4JJHK,0.0284
AI93LF8UZEBNX,0.1424
AI9NFEZEWVO7Z,0.5088
AI9OK9EA8JAUM,0.1296
AI9VYV5E5ZCBY,0.3502
AI9YI4IVOA504,0.119
AIA1GFEMLPEF,0.0234
AIA874OBKAO0N,0.5391
AIAB531WQ3QK4,0.184
AIASR7GJGDVJ5,0.0548
AIAZPWEWIUUYJ,0.022
AIB1C4AQUNY0Y,0.1433
AIBB1A7AT82FD,0.1594
AIBGSX2D3EXU6,0.2105
AIBRTGBN07D6A,0.4445
AIC77P1TNFED0,0.0207
AICCYGY5TWSGW,0.0534
AICFNGZ0CQT1C,0.2426
AICLGJYPMXBL,0.0438
AICRTSIHQ02F5,0.0295
AICUWMWG4NX95,0.0867
AID96A35CQO18,0.0656
AIDUSLPZR97XD,0.2142
AIDXLRK9XKSQZ,0.149
AIE14EPI8YQBV,0.1172
AIE3DUTR5004K,0.0536
AIF0IIY7Z2I9V,0.1349
AIF78X3QVRR4E,0.0196
AIFLY2HF8NS8U,0.5651
AIFWCOS6FFYCV,0.0692
AIFZ33Q7LFJZ2,0.0802
AIFZOA3790SQM,0.226
AIGE3H2MTHR9N,0.1165
AIGI4MMOFYO46,0.0692
AIGK3405J6NAI,0.0333
AIGZW643OAYGT,0.0902
AIHYN9BY05T3H,0.2285
AII03ONHNQXCY,0.118
AIIBD0NIYCK5K,0.6049
AIIL4JVB5I2ZQ,0.0879
AIINQ2BZC33RO,0.0529
AIIZTJHZLV158,0.1003
AIJ2BICYGA6Y7,0.0938
AIJ7JO6PKLM4Y,0.1684
AIJ9WDUMGAJ15,0.0487
AIJJ8WUEGRYH1,0.6347
AIJXFWDBODEMB,0.144
AIKK1SADHVOZS,0.1444
AIKTAE6HIX853,0.0682
AIL6VNBJC2MDF,0.4252
AIL8Q0STSY5Y5,0.3433
AILALRKB4WYD0,0.3756
AILN4G9TNJCE,0.0386
AILN4NLF6FMB8,0.107
AILQZN2I7LQOY,0.0211
AIM5EDU0UAY4Z,0.0824
AIMGHPI1AGVRF,0.1068
AIMV33HXTEZOI,0.3114
AIN25734EXYX,0.3043
AIOODIDBZFXHE,0.1823
AIOPIWA4Q6GAJ,0.42
AIOYY9UE33E5S,0.0555
AIP7X9PXRM3KY,0.0765
AIPGSRPV67ER0,0.0832
AIPZ2355QWR8J,0.1187
AIPZEBUEDO7ON,0.0906
AIQDXA5BDLDJB,0.2722
AIQETHWF8VAYI,0.1156
AIQF9JR56XHFO,0.3617
AIQHYSPJHKUHB,0.3116
AIQKROLJIXBET,0.1884
AIQZK8PU1F5RA,0.5305
AIR0D9JGATVTQ,0.0733
AIRRBOGXMMN7M,0.2333
AIRSSUN0LG3W5,0.3823
AIRXY9NIF06S8,0.0599
AIRZAEK6LLYQ,0.6029
AIS11K1PYBIYW,0.077
AISINXK2MAD7U,0.2893
AISSIRI0N0I57,0.1755
AISV534OKNAVM,0.0975
AIT53A8U4QSCE,0.0426
AITMQEIJVODJ,0.0365
AITT09G2W02VB,0.0811
AITYLT5P5EKQ9,0.2561
AIU9H93YC7Z1C,0.0725
AIV0F2Z2343QM,0.1803
AIV0YBBAOU26I,0.1271
AIV4KG0EWH77I,0.4671
AIV9JO2GTK22L,0.0393
AIV9PF4EOONB3,0.1255
AIVS9YBY06OP5,0.4508
AIVZJ8Q2PKOHI,0.0506
AIVZMEFEAGF3,0.1748
AIW4CHZOM5W7D,0.2451
AIWDGRTLV7IQF,0.6222
AIWIEBG568SKP,0.1019
AIWIVN4UAFCA4,0.1187
AIWM3C7MT397S,0.6402
AIWS26QOVOATT,0.2231
AIX474FEGC1KX,0.075
AIX8QN3F94ITC,0.1044
AIXOU10V3MKGJ,0.0311
AIY8MK340XSRN,0.0947
AIYN7QCMDJUL1,0.0097
AIYUFROT6F0YU,0.0401
AIYWBXF9JZV34,0.1287
AIYX8VIO0EV13,0.1209
AIZ0P42ZNV8E9,0.1134
AIZ8JZTWS2GCY,0.24
AIZEG6DBYDT4L,0.2694
AIZLNGBECYQMN,0.0452
AJ00LNJA8WHBX,0.3858
AJ08CA3PQUGO0,0.3123
AJ0B1WKMHMMF7,0.117
AJ0J196VK6C32,0.4411
AJ0LVMSVJ0CN1,0.1401
AJ0YCHUSMWCGD,0.056
AJ29ASQPZAEVZ,0.4315
AJ2DU4JFF2DYT,0.4493
AJ2LJJRXAU0WR,0.0412
AJ2Q1T7TX2BSW,0.0587
AJ2RVTE5ZN68V,0.1736
AJ36VJHN8B9XY,0.0894
AJ3M8ZLT6W5CC,0.2072
AJ3N4HYOU7VLH,0.3649
AJ3XED46BCQL9,0.0689
AJ4049SB12OB5,0.0231
AJ40PN4HY4Z0I,0.23
AJ59VMEWJN64K,0.1231
AJ5GTAT0SNFLH,0.0341
AJ5WCSJ8C8Z5W,0.1641
AJ656YBL9S5HP,0.0923
AJ6AEWN1MZNSX,0.1354
AJ6DZGGVCIMO9,0.2297
AJ6F7A837UREV,0.0877
AJ6KO5Z74DXKC,0.0695
AJ6LKHPJ6APFW,0.0208
AJ6TMOHHFJJAJ,0.3443
AJ6WCVOY4HP06,0.2435
AJ74FSZTDUYWP,0.0158
AJ757PG2TZA3H,0.0691
AJ79L3NEILJ4G,0.0157
AJ7H1WKQ0D0DU,0.1389
AJ7XTRLI3EUC4,0.2635
AJ813BX869YD3,0.1268
AJ8SF1EJW9NT1,0.0882
AJ94C7KUS8669,0.3017
AJ9AE2BVND0GS,0.5081
AJ9B4KNSF9SVR,0.1373
AJ9QKWTRRQXAI,0.1581
AJ9VCY2178066,0.1435
AJA7BQTVLRSXH,0.387
AJA8ABXYA9B5O,0.64
AJABCCOWPZFB7,0.0771
AJAGJG5G1B7PL,0.0113
AJAWJEOLFTU5L,0.039
AJBF0L0KVJG8J,0.0127
AJBG5H2G9MS2M,0.2171
AJBHBY6FHBP5N,0.6696
AJBLCBYL4VG8X,0.2339
AJBY7XQNN49P7,0.1378
AJC7WTO025631,0.3899
AJCAVTHZFM0J3,0.1706
AJDH7H33X44YS,0.1055
AJDYMAFXHWY1R,0.0697
AJEA6BL7GF7UT,0.4434
AJEDVT3OSUZCF,0.0061
AJEFRZFGMQQWF,0.1873
AJEJE6MDNGYM6,0.0215
AJES485KARIKQ,0.1364
AJG1EUV3ZC8EF,0.1576
AJG2H4MZIB478,0.142
AJG6W1PKOAR4U,0.2122
AJGAWZLLHCUQ3,0.0344
AJGR23V4M0ZNJ,0.0733
AJGVMFBYDA4K7,0.1346
AJGXGXR76J1C9,0.0196
AJH0DNDG54P4K,0.1344
AJH5HL0FQ4MW9,0.0712
AJHL6V79ZGVZI,0.3968
AJI5OQYWJVJ0L,0.1115
AJI77XXUZ28QK,0.0116
AJILFYCDNPDDG,0.1025
AJJAC2OAI0I7D,0.0407
AJJQ188TFNITV,0.0443
AJK4MYXU5MC73,0.1239
AJKFFVYFRO30O,0.0899
AJKKP6CCW27JK,0.1006
AJKM5DVTQXDOT,0.0299
AJKN1OQ368JGH,0.1071
AJKNXOQIBMYEZ,0.3726
AJL3U764D7NI3,0.5631
AJL9UH9G5AC9P,0.1917
AJLG4KTC18BYI,0.1301
AJLPNPDPR5HAB,0.1335
AJLXGXB2DLECG,0.2116
AJM1L6YIO1M56,0.0691
AJMITQE9R3LMH,0.5708
AJMVSLUWY20S,0.1324
AJN6H8S332NFE,0.0485
AJNDDOA4QJSD6,0.001
AJNMA4PQZE3YE,0.1352
AJNZQZVL8MG6P,0.293
AJO5UGNMFVDJN,0.1604
AJOF1CZXBB5BG,0.2098
AJP44QXY4JBOZ,0.0636
AJP7IKVQXDJ7G,0.029
AJPCB8S3TFLOQ,0.1239
AJPKPYAOPSWK7,0.0841
AJQ6SOEETLPOX,0.0795
AJQDIT55SZ3ZX,0.713
AJQFNOFTZ7GOX,0.3434
AJQLO9QR8R396,0.1189
AJQYFOGBU47W9,0.2753
AJRFZ0VZ0LD26,0.0961
AJRPVCNT3Q7W5,0.2506
AJRS1BBEWQCMG,0.016
AJS808O95CSWI,0.3127
AJS95SB2XJXHN,0.3092
AJS9A3LU92BNG,0.1077
AJT08ZT4NQBYX,0.0799
AJTLKIV78ZT8B,0.1136
AJTP3N1B4MS03,0.1479
AJTYN2L8T5FER,0.2733
AJTZ1CZ8Z3NIN,0.146
AJU0Z0TMBAYJI,0.1061
AJUEAE35LR20G,0.2005
AJUOFW4Q5KGJA,0.0085
AJUVSCLST3HW0,0.0713
AJVF3100286GE,0.2582
AJVOF2MAURIBZ,0.0333
AJW95IX15AIGE,0.046
AJWS4HTM4B0XG,0.0168
AJWXQZZI1Z9PK,0.0929
AJX9A4Q19UTJU,0.6056
AJXV6T2EMQHF0,0.1889
AJYUFKL1YV6O,0.1658
AJYX7A3IOAD71,0.071
AJZIS9MKUF7IB,0.0129
AJZNROJ3BYNT4,0.2128
AJZR37LXKSI7P,0.5502
AJZWZ9SPFSGIA,0.1041
AK02U8QCN7FLK,0.221
AK0AZ175B3XSJ,0.3344
AK0JFKYJOJ4V5,0.0198
AK1JDQDIX0OWJ,0.1384
AK1MWX130DC0I,0.2169
AK23S56B6O5D9,0.0774
AK27L2P414KKD,0.0384
AK2PEM3N8A78H,0.2619
AK2RNPCHB83EW,0.3169
AK3D1F2TEULT0,0.5701
AK3D3Z8DCAZ29,0.0574
AK3GKIV8DEY8B,0.3997
AK3J3SVYLR6ET,0.3956
AK3JBBGGT2ZD7,0.0722
AK58HIH357ER,0.4162
AK69BPBJ5Z4I5,0.2466
AK6LCV7GQ6MQF,0.239
AK6Q7BEBB8NTY,0.2405
AK71WC8VXY47I,0.2085
AK72GKAD61UR2,0.3002
AK8B4ETE3G6UB,0.2608
AK8FHIM9NVY3P,0.0891
AK8SW2H4XXR2M,0.3721
AK9G9DKV97BNP,0.0688
AK9K4I5BCGQPV,0.0445
AKA60HW5OO6Y0,0.2437
AKAM7QXKZMJK1,0.3362
AKAMPNA389X6O,0.0883
AKB50QCV7IM7J,0.1555
AKB58HW6EV9MH,0.4069
AKB5F44SK4AN9,0.1173
AKBGBE9H1C0L6,0.2641
AKBOZ61TYE5X,0.1114
AKBV1OEQHCDN4,0.1529
AKC1EDKP416DO,0.121
AKD0HR91GEYD,0.1071
AKDDMEE4NAX15,0.113
AKDK6T50F52JP,0.1469
AKDVPBUOZGM6Z,0.0944
AKE4NR62FLGUC,0.0954
AKEU9BS434Y0R,0.3373
AKFFLOPBYHOP4,0.0683
AKFOKF9L25MCK,0.1515
AKFTR2Z33Y0BJ,0.4345
AKGD1KMEC5FEN,0.1526
AKGY8D4J1TIAX,0.1133
AKGYV341V3N3L,0.2535
AKH0LJQ1FR2U2,0.0999
AKHE159EZIOT5,0.1318
AKHU75YBXHVS0,0.015
AKHWZLV8HFIPS,0.0849
AKI0XQTMH49QA,0.2602
AKI21YOBXB5JH,0.1726
AKIAD2NULPM14,0.0457
AKIWNQOHKRA9J,0.0491
AKJ6CB76PLQ59,0.1238
AKJ7NAX0W9L1E,0.1607
AKJASO7IH993C,0.1491
AKJPUR7NJOKTY,0.1379
AKJQHKWN3GM5L,0.0699
AKJYF99A9JBQ5,0.1497
AKKBLVSS4X699,0.0959
AKKIGH65S6ILU,0.038
AKKSGOGMZ897X,0.1938
AKKUP5GZMQB1S,0.1492
AKLHMR5FK8BAR,0.2014
AKLPA7CAF0192,0.1078
AKLUFVL8A311U,0.2693
AKLW74HZFKGFZ,0.0165
AKLWPU59G2S46,0.0633
AKLY5TNY606U1,0.2916
AKM0FX3BH20V3,0.1858
AKM6H2Z59BVYS,0.0881
AKMD3RNXJKEX9,0.0127
AKMLTHX647BDH,0.2342
AKN40DPD84M5R,0.1326
AKN5NF1LOLJVI,0.1202
AKN6JB6WWI6JA,0.0207
AKNERXLCNZ00G,0.2348
AKOWINWF4HUA1,0.1098
AKOYIJFDDTC46,0.0253
AKP4LF4UWT4SZ,0.1657
AKPKPMWM6IIU5,0.2126
AKPTQUDBDL8OF,0.2056
AKQ63Q51PID2V,0.075
AKQHNTUAL056P,0.1496
AKQLMC9400YZW,0.0339
AKQLYSUN599GO,0.2084
AKR5AFA0X3FAP,0.0158
AKRFGKKU6WI79,0.1484
AKRIBMA658JSL,0.0761
AKRPHZ41ASEM8,0.1241
AKSKSQ4PS7HQF,0.1365
AKSYSW9FQUOPY,0.0143
AKT8JFVXGG2TX,0.2517
AKTDFNQ1Q008E,0.3205
AKUOQRDLG9NXV,0.2462
AKV87H8H5TYQD,0.0488
AKVE4HEHX75UZ,0.2313
AKVHD27CVTEOJ,0.0953
AKVN9N4N3UDJL,0.1902
AKVR3JML9UJKN,0.2059
AKVUBE6NBDYHY,0.1129
AKVXJMLUFOOJV,0.0644
AKVY3FDMU42ZA,0.714
AKVY41VH6TO7X,0.2189
AKVZKGT6ISQCS,0.0493
AKWFWHW5ROIZS,0.284
AKWGHI5ZZKFOP,0.1943
AKXY559IVWBI6,0.2083
AKYEM423XKR8U,0.1787
AKZRG5WSSXT3B,0.3492
AL031S3E74TOF,0.0734
AL0MLF4AINGY3,0.1774
AL1708MTIB1MD,0.0593
AL18MV3HEGJJ3,0.5679
AL19JDYS0DJXA,0.0816
AL1P2YLM5DJD9,0.3178
AL1R38R4Q03NQ,0.1613
AL1RGKM6KZKFA,0.2866
AL23XHPPEGQ7R,0.0535
AL2K5GSTRUIY,0.1491
AL2M6S0TZME77,0.1181
AL3397YBXLQ6Z,0.3816
AL39DRW85MNRC,0.1655
AL3BK83FWLMJX,0.0833
AL3JCDQ3DTGFE,0.0426
AL3M61X9YMUXB,0.0711
AL3TILX5ZWU73,0.5433
AL3UDDIXOOS18,0.1873
AL42IHQOXJF6G,0.2196
AL42PIIG5DXYD,0.4801
AL4IZP0C8F58Q,0.1587
AL4SB31UAZLXL,0.5865
AL4XJ4SYQRB3P,0.1074
AL5155YRTFTF1,0.0021
AL595BBGO5SGW,0.0722
AL5Y9S3SDQDX4,0.0459
AL6BBQ6E0V098,0.3037
AL6NLI16VNICJ,0.4036
AL6S9YJ9L4IU4,0.0228
AL71NTSZF6S6J,0.1054
AL73NEC9YOLQB,0.5773
AL7SIGH0AC5D6,0.1582
AL7ZQN0HVE2SE,0.0869
AL81TQK7KDOW6,0.1304
AL8U6FF27WZF2,0.4299
AL925GI83NJSG,0.0269
AL9MTILKJR4Q9,0.0464
AL9VKODB44IYK,0.3733
ALAD52ZT30A0W,0.1447
ALAEE9UOW8F0N,0.0873
ALAEX6Q8ZYQDM,0.0597
ALASUQ48KNV0F,0.0812
ALBKKU3QZ611R,0.1956
ALC5GH8CAMAI7,0.2719
ALC6LWQXBHIPG,0.623
ALC7PB2DB3C50,0.1039
ALC8I6BZ0QDJE,0.0682
ALDAF4VVLFRHP,0.6778
ALDDF3C3PNX70,0.1144
ALDKIUG0HY4A,0.3341
ALDYVPJB1J69N,0.1118
ALE263M5L7C5,0.1408
ALEG9QCIUWK81,0.1398
ALEJLSSNM439V,0.1316
ALEUQQE118NEW,0.367
ALEZOIB1WIVXW,0.0711
ALF0HXDJGI984,0.077
ALF21I8E0Y4MA,0.4996
ALF5KJPDFHLEX,0.0342
ALFKIVR4GXVWU,0.2308
ALFNK2WHIO8XR,0.085
ALGDLRUI1ZPCS,0.0127
ALGJ0HO4F1CSU,0.1046
ALGPQD44E1RC9,0.076
ALGRTA7OUHP23,0.018
ALGUXW3P7JEL9,0.1104
ALHA37HKYVZUA,0.2266
ALHNJGPDV4EC0,0.4027
ALHV7EWV2XNGL,0.1737
ALIM7SV8S51EM,0.042
ALIN01RFOIX3G,0.6684
ALIS67L1FYITU,0.0367
ALIZ13E04IN5D,0.1889
ALJ4NMTVSVPOQ,0.1965
ALJQEKXUZCL39,0.1444
ALJVYXJJEX9MK,0.2628
ALK9TZQVPJXAA,0.077
ALL66HA1SSK9P,0.12
ALLB2W6UMJIPQ,0.3911
ALLO5TSNKH2HB,0.1303
ALM6KZL6JNFH6,0.1141
ALMAQB7P7PLRI,0.0358
ALMCJNB8KA2OR,0.16
ALMK0YBTI72RL,0.0155
ALMPIA33W9YXJ,0.0798
ALNAXN9SFT7BB,0.1544
ALNDOOHC7L4VE,0.0044
ALNFAA0XTWP7G,0.2965
ALNH0LZHUYS91,0.2159
ALNLAAH9NNOVI,0.0075
ALNM6SLBJSBBQ,0.0664
ALNVUHXW9QX6G,0.0629
ALO7PEIIIGXA9,0.1548
ALOFWDKRECMK0,0.3461
ALPNXYJVO25LX,0.3517
ALPP0PTG46UYN,0.2297
ALPZ97AV9UAY0,0.179
ALQ4USPEQ9L5N,0.8997
ALQT1NJRZ5W06,0.3503
ALQVFEKRWU4TL,0.0479
ALRA6T40GGNR3,0.107
ALRI5VCFB206H,0.121
ALRI7LZS1CPA4,0.034
ALRJ3PZCFW72E,0.2702
ALT4TFZTMNY0J,0.4201
ALTD3G36MJTGO,0.1962
ALUM9UH24LC5L,0.2069
ALVES1OA7MBXP,0.0033
ALVGZZGISIROG,0.2169
ALVO1A5UB8DG0,0.0829
ALVO51HPY14QX,0.6423
ALW2XXJJ184RL,0.0425
ALW739ZDOWYLW,0.1531
ALWFD0B4M6EFG,0.1846
ALWG57JEKN9DV,0.3528
ALWNVBP10WKJN,0.1602
ALWRNPDSUBMAG,0.2071
ALWYH3FK2EU3Q,0.0592
ALX0BW1CWSU2J,0.1443
ALX3DEOD3RQEG,0.0741
ALXD45SPH5K9A,0.0258
ALXJQKYN0R8F8,0.0851
ALXRR13LFL1Q4,0.3211
ALXXIDQSHMHYE,0.1441
ALY0PX65WSYZC,0.6612
ALY2N0T7Z3VRL,0.015
ALZ796TTBBDBL,0.0777
ALZ8EVPGN68LO,0.1855
AM004PHO6F3FZ,0.3037
AM07FQ8JBYLQG,0.2548
AM18CU72YEWH5,0.0824
AM1JRR4EYXGO3,0.1864
AM1UWIGYKTGDY,0.1829
AM285URLQRKEX,0.0273
AM3FNVNAKXAF6,0.1979
AM3XNQU9TZBD8,0.5346
AM41YXC6WY4N1,0.1494
AM42286XLFIEP,0.0876
AM4JK6BZS7UY2,0.1297
AM4RLASQZPTA1,0.1668
AM4WBRO83TGM,0.2702
AM4XF7DFRDD6M,0.1146
AM5F7ZJVS2ZSH,0.008
AM67VZ3Z4HUTR,0.0177
AM710FPMDASUB,0.0677
AM716P8GCOU1K,0.1362
AM71JIFY00NKJ,0.0558
AM7B7RNT99CC6,0.0449
AM7FT45V417W1,0.0642
AM8470CK9G46V,0.3641
AM8CCN7XZF1HF,0.0328
AM8T9VU4YJVTJ,0.0571
AM91X8KQOXB55,0.2759
AM93KBB79O6YQ,0.1639
AM98RSFMKAV9U,0.21
AM9HWE7DE791U,0.0167
AM9HZUQETO9R9,0.1318
AM9IH3TFEDBY0,0.0416
AMA701V6ZGRGZ,0.2005
AMAJ9ZHR0J999,0.0677
AMAYG9JRU9ZTR,0.0641
AMBD13R31ENKV,0.0665
AMCS8V9N7XOQ5,0.0149
AMDAU1WCBC0S,0.2316
AMDBZ5P0GAT69,0.0891
AMDPB7ABG8HWE,0.0378
AME0H0WM3WAZE,0.2931
AMECXHREA9I60,0.1044
AMEEB2LUVM41P,0.1915
AMEYGLCD4PFKQ,0.409
AMEZJVXMSEPY0,0.3156
AMF4EP7723WMQ,0.0397
AMFBWTEGTCISK,0.026
AMFDPQX94YR0T,0.0426
AMFFX9I9RWELU,0.1639
AMFPJEN89FYY1,0.1171
AMG67CSC5IJWN,0.0842
AMGFZD2GQG0MR,0.0915
AMGGZCWY3VNZC,0.4437
AMGMR24HZQV1P,0.0272
AMH3MVGRC2YG,0.0464
AMHCNH4EMT58Q,0.2337
AMHE73T0KPO2H,0.1111
AMHGIF73NE1WS,0.069
AMHHU5XOD4R6D,0.0657
AMHPDFQDPB1M7,0.075
AMHZ90YOXWWBG,0.0671
AMIGVTZZIWS6I,0.0136
AMIJ0W6I1CN2N,0.3605
AMIM6DCCZLFCV,0.0343
AMINF18H9ZF21,0.6532
AMJ1HZZMXDTFO,0.3376
AMK5ZFNWXTSDE,0.595
AMKBKGDGQDJ0O,0.0801
AMKUP6159S7PF,0.0127
AML0A32NHXJJG,0.1513
AML2Y0FRVP25Y,0.1441
AML9JRK4SP222,0.032
AMLDED53I2C28,0.2601
AMLJIPD9K3BW1,0.1062
AMLQ9URT570WJ,0.119
AMLXY5B95T869,0.2217
AMLYJZEMPMAV0,0.0722
AMMBTOPV467NP,0.1836
AMMEQHH65S74L,0.5397
AMMJUXDUA9O09,0.1384
AMMUZIC8NMTFM,0.1041
AMMWWWWNAJ22S,0.0697
AMMY92R9JJGZ5,0.0319
AMNFIJ6V497VU,0.0142
AMNO74IMDTYLO,0.0175
AMNSIWTH2YPU2,0.2853
AMNWYADFBFU6Y,0.1063
AMO1CR5KN8T4P,0.009
AMO1MLSIJSQOF,0.3967
AMO1MZ9GDX3VI,0.0544
AMO77BLLJ70RP,0.1508
AMOFAUGROGKR8,0.1375
AMPG1OHMOPGJM,0.5664
AMPKOIPK02W6B,0.7424
AMPS7FYT8YHLS,0.1957
AMQ84FSNHW0O,0.1666
AMQXANAHZMIRO,0.0366
AMRUJM3KWO0JL,0.2018
AMRYLIEKOJMLW,0.1489
AMS5SN1517K4Z,0.0331
AMSBCSGY4EYJB,0.3122
AMST19F9D96J3,0.0823
AMT22S17QG1DN,0.0156
AMT3RC78XAUHK,0.0522
AMU12A55W5UB6,0.0542
AMU56E1HI6EPR,0.0423
AMUM002MXEXV4,0.2069
AMVJ9LHG7EFBG,0.1261
AMW6LVNP9HMMM,0.1937
AMWFNF7Q64L9K,0.132
AMWXJ5YS0WFBS,0.6115
AMXBU7IQI0G9O,0.0581
AMXFYABGZGMXL,0.0891
AMXOA0TC2QPF6,0.5855
AMXOES34C90K0,0.1571
AMXSPPGOOS1CY,0.3679
AMXY26ABPVDDA,0.0725
AMY8AQS6K4VXW,0.07
AMYG28A2GVG93,0.0626
AMYLICF12M47G,0.0425
AMYPMYY8EAMU4,0.2174
AMZ1Y9HCOOXDO,0.1039
AMZ6FEOEHBCFO,0.1704
AMZI3ABA7O19,0.0636
AMZMQZ8XWYYQM,0.495
AMZYKZ1Y2M467,0.0815
AN0432Q8WEIA4,0.1329
AN04V9HBJKQKF,0.1313
AN07AB5HE4U5J,0.0842
AN15R7KT7KEGB,0.0597
AN175XHIN3P8C,0.319
AN190T0W0BTQJ,0.1278
AN1JYRA1MDHUD,0.0031
AN1M29CUG0MG5,0.1175
AN1MS7QNQT2WL,0.0195
AN1YHIAI07MIU,0.0961
AN2ATCYJWU3WA,0.2629
AN2R1PM3G46UJ,0.2355
AN36CFXMPZAIM,0.0975
AN3EDRNDF9TJF,0.0685
AN3SJJ4XPJ252,0.1316
AN3XJ4BHFW0PT,0.2926
AN402FWV4UDOF,0.0666
AN430ORNSIY80,0.155
AN4EZ0ALG3M6E,0.3244
AN59OX193K1XK,0.1126
AN5FR9XOS0ORP,0.2105
AN5FTAWSS5DMO,0.0978
AN6WO355FGB7C,0.0626
AN73K3EXEALIS,0.259
AN77Y28KYR3XF,0.0671
AN7AELA3YHNZK,0.3313
AN7DH1WHK5XXN,0.0086
AN7PYDVNOVQOA,0.2762
AN7QQ1EEAB97I,0.1956
AN7ZTHQEJLJW,0.0664
AN80WN9BWDHFE,0.1906
AN85G70HW0YQH,0.6142
AN8EPR2B5UMUU,0.5764
AN8JP4WQIA7YJ,0.0917
AN92S28RV1FQ4,0.5474
AN92U23LYTQBR,0.0535
AN95O46L97YJL,0.0238
AN9766RTX9ISB,0.0278
AN9J46667D80O,0.486
ANA1W92UTZ0VF,0.1271
ANAFOVE8AE3UI,0.1676
ANALOM35NWNNF,0.0941
ANATJ6QFQJX3Q,0.0679
ANBI9UGOEN8RZ,0.1501
ANBORSEKMXIIF,0.2283
ANC58RQKSQ5DG,0.2896
ANC8LUXJU31JN,0.084
ANC8SQX3EDMOE,0.1712
ANCOMAI0I7LVG,0.2368
ANCTEVATRGO0K,0.2226
ANDBHQL4I1CWT,0.0362
ANDV40FXSP1QN,0.0741
ANEA9U64SYH0Q,0.156
ANEARFZ8JJB1W,0.1083
ANEDXRFDZDL18,0.5191
ANERNVFSBEGSO,0.0273
ANEVEWN5Z9XJL,0.3525
ANF125J5HIXP,0.0744
ANF6TEV6NFYRN,0.1052
ANFGKQ2G4LEKM,0.1982
ANFHRU4HCNSTQ,0.1948
ANFMETZP2OODT,0.2684
ANG3S30XQ0BFM,0.0375
ANGB2NDP866XC,0.0603
ANGQ1S51W33TQ,0.3339
ANGTXZIY1V1TI,0.4502
ANH4SSC0JZ7DT,0.2907
ANI02M2R6JRJ0,0.1884
ANIHMU5MFG5KY,0.1331
ANIP9H69JNG0,0.3662
ANIQM5ZY1KS69,0.3251
ANJALC6WRXG4S,0.4336
ANJEBGHPRZ6RO,0.0168
ANJY75Z24A6AG,0.0297
ANKLA1Z5NY4L4,0.0988
ANKW2Z0H0KVZ0,0.064
ANKYVQ6CNOB7D,0.2059
ANL1RN4IRTMOT,0.0642
ANL24YSB8KB4Z,0.1277
ANLQEZPXB7473,0.2792
ANLQIKDJM1C60,0.0789
ANMB89ON8576X,0.1933
ANNFX92QXSH7A,0.0032
ANO3PLR7O4VBF,0.2239
ANO453594L7JX,0.0371
ANO7EAXPYVRB3,0.2436
ANOLSCSFPHWMX,0.1688
ANOPTZAQSU0DH,0.1488
ANOS716UE925L,0.0158
ANPIELRQWLR54,0.0741
ANPUFXIDA9OSI,0.1271
ANQ5H0KG2IXNO,0.2707
ANQD84MKG8GAH,0.572
ANQN644VHQBA3,0.0778
ANS0YHPGX93LR,0.1255
ANS38UFJ5F91V,0.4377
ANS9R3MM9ZU7X,0.0468
ANSFRRLSKV39G,0.2181
ANSHZ9YVAKWTA,0.0778
ANSV4TGRPI6CZ,0.1253
ANSVB7OYSXZSL,0.2713
ANSZ8P095QVA7,0.1136
ANTJICXHIXAPE,0.4433
ANTN61S4L7WG9,0.58
ANTOV8XD0YB0W,0.842
ANUGPFWYN38AW,0.0656
ANUJ17BGW9UU8,0.1343
ANUMFGPD79H6P,0.3146
ANVPLS56WCKL2,0.1057
ANVXNAKAC4D59,0.1082
ANW6EGY12V5XS,0.9048
ANWK394NM6LWO,0.1336
ANX51Y0Y4TXAK,0.0584
ANX7EL9512XDQ,0.0741
ANXJJML65M5TF,0.1538
ANXNTFUW0HKXZ,0.0736
ANXXKNIGXTAS0,0.0432
ANY0YPK9N6SXQ,0.0132
ANY6L67JQPQJ2,0.1398
ANYKKMEHB0ABA,0.5392
ANYN4KAJR5R37,0.036
ANZ2AZ4PE9H55,0.0665
ANZGC4YCEQC6W,0.3792
ANZLKWV7VUBXX,0.1284
ANZO21PXQ989Y,0.1435
ANZOBVEVYFPE1,0.1698
AO04G5TZ3R8L2,0.1267
AO09RWV40IX78,0.8033
AO13TNMQBPLZE,0.1674
AO1A43AFC3RBG,0.0449
AO1C5VKTWTDD2,0.0257
AO1OG64J0SYPY,0.3877
AO1Z6ER9FPXDC,0.1215
AO2BSY9E345DZ,0.1582
AO2OSS7TKDN74,0.3317
AO3DUMLF2SIQC,0.1075
AO3E90T97U1XQ,0.0917
AO446XXSZS7ME,0.0912
AO4EEX602894D,0.0656
AO4LJ777HXG8A,0.2705
AO4ZORR05SSFZ,0.0367
AO50HSYM1N6XG,0.0679
AO5B7TLBAHMK6,0.2253
AO5DMVKG4UGQ3,0.1862
AO5QBNCXTVSUQ,0.1714
AO68X66YOJGQI,0.2139
AO6AV9VWS82IA,0.2816
AO6JDOIGQTTZP,0.1267
AO6U7AVUYDT15,0.5776
AO72DT6UKHI0I,0.2163
AO73H7AZLL3AF,0.0726
AO7HMB8YVRBUP,0.1135
AO7W7WGOU6UIW,0.4344
AO80YNX2GKKSG,0.1488
AO8F2P769YIA9,0.1838
AO8RJE8TIFJZA,0.2676
AO9YR9LQ6AHWC,0.0655
AOA1HBE3BS9Q5,0.0741
AOABTPH9XCSOL,0.1845
AOAGX6XYHLS6C,0.1036
AOB5V6AHO66HE,0.2051
AOBSTWSH6UUL5,0.1215
AOCEW3GPQH1F4,0.2893
AOCOIFM61SA7F,0.2047
AOCZATW9T853M,0.0676
AOD8USTJR95UI,0.1385
AODKB0THUTN7W,0.5649
AODOIMDU38S2I,0.4155
AODQI51IBW7WN,0.2213
AODR1I0ONAW25,0.1309
AODSDJXUR4CGZ,0.473
AOEDXOKYPII2Z,0.0389
AOEG7G97HCETR,0.287
AOESSGBVV5TC5,0.1867
AOF3IT5FFBI0H,0.1031
AOF9I5DN25AHX,0.0588
AOFGOUMXLMVZS,0.0659
AOFYOL08MJDJS,0.0926
AOG5IJS9T4HYR,0.2665
AOG7NMZWCPQJ4,0.0695
AOGMYIIP9ODCW,0.0392
AOGV0STIII2RQ,0.0791
AOGVYZO1QFA4Q,0.188
AOGXZMSQVVF3D,0.1595
AOH3SU7NAQFAX,0.6567
AOHIR1VQW8PNG,0.1135
AOHNLSWSOLK8N,0.6179
AOI15M1DOYHHV,0.1925
AOI2MD752ZWFU,0.3727
AOI81AB9625WK,0.0303
AOIADNJYCHZI3,0.0868
AOIARHI764ML4,0.2376
AOJ1KCAZB1T2Y,0.1263
AOJ6HB7JC3V95,0.2084
AOJA1LC8PN7K1,0.4831
AOJO5IHH8OLAW,0.077
AOJR0L4FM2PL5,0.2287
AOJT7DS8K78U,0.1045
AOJW1NEG3A13Y,0.6579
AOK76CXIYF77E,0.1508
AOKASVMQ129C2,0.2926
AOKHOR1YFPSVF,0.1226
AOKO24WAU7RKU,0.1214
AOL0W1DYL8LUT,0.1214
AOLVIXRW16GQ5,0.1802
AOLY6K5ZYP9L4,0.029
AOM9AX5AGB5LO,0.0791
AON3HUR9J10VU,0.0477
AONUCJBC85BL,0.8979
AOO6FZHDMZO1S,0.1264
AOOQCNY6ZXFPT,0.6217
AOP2C0LV629TY,0.0135
AOP2ZRNSHY2Z3,0.6839
AOPRHJQ3IHSG5,0.0544
AOQ2V2E7XA5IH,0.0746
AOQ7TF6JSG04C,0.0198
AOQGVVXK6BYI1,0.4678
AOQMN4EDMQIKL,0.3589
AOQOZUIJZ6J8B,0.5947
AOR1LY5MMSRL3,0.377
AOR67L7N4X4OI,0.0481
AORSH1CU6IPHC,0.1811
AORXNI4GOQNSY,0.0769
AORZWOULTSN19,0.0001
AOS4WVF9W3L8L,0.017
AOSD9E171QO9,0.2294
AOSMOGUP5XN7V,0.0925
AOT46P5S8YLKQ,0.0496
AOTBQZF21MUGY,0.5468
AOTJSFCTHKF20,0.0171
AOTY05YYW58RK,0.0723
AOU1YLOGUJP0U,0.0534
AOUIWUINZ8I9P,0.0912
AOUQ2P71C63FB,0.191
AOV5BX24NBV29,0.113
AOV6N4S7RAO3G,0.2627
AOV8L3S4QEMJF,0.0863
AOVCHTDDFIYPH,0.2642
AOVILDVMRNVM0,0.2007
AOW1JG0YNDF6C,0.124
AOWXKCDLZJNCE,0.2651
AOWYNR90LA3AO,0.0565
AOX744G76OR1Z,0.0778
AOXSL69K4Q18L,0.4745
AOYW301DRHH3S,0.1197
AOZ3JQQ4DGGGS,0.1633
AOZBVGFIUY44X,0.1206
AP0WGB4RR3H7U,0.2003
AP1HYW434MZEG,0.0883
AP1NM1HDT821Q,0.0356
AP1YNJCELGOSM,0.24
AP2EPKWJE01ZZ,0.0341
AP315X1IW0YAW,0.1159
AP3JKMVMR6IWV,0.0506
AP3V63JVKLEO5,0.2065
AP48YXARZY42W,0.0419
AP4MT9U9KP22H,0.0999
AP5257J86Q977,0.3985
AP5448DCATXSJ,0.4689
AP58E84QFYYVT,0.0102
AP58IJNZ3YTVX,0.0711
AP63OYVCLW6XU,0.0885
AP69VDGEJABTE,0.038
AP6CSXSJNZG15,0.0187
AP6H4EYBPVS46,0.2055
AP6H8LNMY0Q9E,0.1341
AP6L54VTCJKCQ,0.4685
AP6UY891F9AKW,0.0558
AP71M7YQIL0MP,0.1955
AP73L7OLDCDIK,0.065
AP790IUU3HY5D,0.2459
AP7ELOKYSDI7B,0.0798
AP7EW3TXFZGO6,0.4161
AP7IT6ZJMDVUA,0.0986
AP7QXN18TC2S9,0.1707
AP8A20WHNV392,0.2456
AP8IOGZJC9CPY,0.2161
AP8KIUUU0VZMH,0.1245
AP8ZY1UNYQP1P,0.1897
AP9FFNQM4DZWV,0.026
AP9HA7KU2SP64,0.2175
AP9J6VOYRM1SL,0.1339
AP9MD16WV9NYA,0.6071
APAA7N2VTURIM,0.0945
APAEBFIM1588A,0.1304
APAEK95R7T8RD,0.2003
APAF9E7SGYWE8,0.2555
APASW0USALPXM,0.2438
APBAS0SCK6GEZ,0.2258
APBDBT90MAALM,0.0293
APBJAFSQ119O6,0.2375
APBPXPYBUKE1W,0.0434
APBVFX85FHKAY,0.1058
APCCZ9RNT0FZM,0.0138
APCGKWFKN5BAQ,0.5518
APCJSTR0EL514,0.0664
APCK0LYT3GMGP,0.4599
APCUI22CRPL7F,0.0299
APD8JEGCYC28M,0.1165
APD8K5WTYASBY,0.12
APDFIJGKJPXT0,0.1114
APDNEF1XXVYDU,0.1658
APDTFL0NS0OHE,0.0299
APDTWLZZVJON2,0.1293
APEFMOE6CMM1J,0.1396
APEJ8EJCC8PQ8,0.0568
APEQ5VWNN1QA1,0.0881
APEWIIOVFGBIY,0.0605
APF0XNUTXT0PZ,0.2266
APF7ER67O2KFX,0.0876
APFGI8278CTA2,0.1972
APFNDSGVBG7UG,0.11
APFSFA4B91BOI,0.079
APFYI8EVFRYTX,0.2067
APG7Q8CPCBX69,0.0509
APGE05SC50SPL,0.2275
APGESIHRV27WZ,0.2843
APH1NC19O4OFQ,0.02
APHAITDWEDSCX,0.1429
APHCUHWSA2R4H,0.1164
APHX8VOWVTCHG,0.309
APHXWZJ22M17M,0.3159
APINWZ75KE9TT,0.0886
APIP8ZKGBMWBH,0.103
APJ30DZNPFU6K,0.1508
APJOQ5U9NBEPW,0.0219
APK4R7CIVTKWU,0.0489
APK74RJ5E0DDX,0.0067
APLIQGV6ZSMA1,0.0936
APLMY6N587W0D,0.1736
APLOH4IOOBJOI,0.3296
APLY7V4J0NLAC,0.0387
APMERM3ITCMWE,0.2784
APMG34X89DAI5,0.1464
APN3EN8KYQZZB,0.6243
APN50UILUQ3FZ,0.3366
APNIAK7MKD4HH,0.397
APNMLMXPR7FJI,0.3505
APNTTC3TIK0EX,0.0644
APNUW5FMA10S0,0.2122
APNWNUW7LT2DT,0.0894
APO2Q77TABHCD,0.0991
APOFQFXC8K645,0.3284
APPJM86N03ZMG,0.1903
APPP4P483RZ8W,0.532
APQRGQLWZI4LM,0.1268
APQU90CFJS0AE,0.3177
APQUBV1HRO5QU,0.0917
APR4B9PWWEPKX,0.0346
APR5994RLKVE,0.2505
APRJDKS9CHS61,0.653
APRNHY9YZA2VU,0.045
APS18PNFSYKS0,0.0942
APSLFVQALWV65,0.063
APSOLWPTAS8FJ,0.1179
APSSRJEZ09F3V,0.0515
APSWOU8J77CVN,0.1
APTCHDEWTLVTD,0.1039
APTDMTPFJEOGM,0.1692
APTLMVR9J0FZS,0.3275
APTZ8ATM9RJK0,0.0086
APU2F4UI1I9PV,0.3975
APUGL98BRKRA7,0.1324
APV3AE88NLZ2X,0.1425
APV9N3FBJRH6D,0.0428
APVG1LNNJJKJL,0.0906
APVKSHPDJLOXS,0.1651
APVNJKKHYD0X,0.0375
APVVQ866N4T2S,0.3927
APX99TCDHNEFH,0.0198
APX9B5RSL81YJ,0.0314
APXFWNEAJR1O6,0.07
APXQHFTTYERDE,0.0554
APXWLGX4CN8EV,0.2328
APY0PLR9RNL2D,0.4136
APY64JBMB369U,0.1996
APYK8PLTDISMD,0.0694
APZ74YCJM4YO2,0.0741
APZA8SXX9DMT8,0.1511
APZBU2T2NM7LM,0.1033
APZCMJNDEZ94V,0.1116
APZENT0V05RJJ,0.1121
APZXAGPCGAC8Z,0.022
AQ0Q4CES379O4,0.0727
AQ12KA2MADRIS,0.126
AQ1DGIWEF4S5A,0.2782
AQ1F3NP2G15S5,0.1884
AQ1FWUP3I93IY,0.1391
AQ1L03M7CTSGR,0.2106
AQ256WL61ZFK5,0.0791
AQ2FC1DLKVD8H,0.8673
AQ363X9VQLD84,0.1517
AQ3BVPWA301ZF,0.3783
AQ3GHT17PGSBL,0.0469
AQ3MJ8V783YYQ,0.252
AQ3PNEEG79976,0.0427
AQ3ZKNRD1RWO1,0.4541
AQ4DV2S7XBRVF,0.1968
AQ4G1PWWDDO9U,0.1542
AQ4P5VTU2RASK,0.4601
AQ4QE7INQGYZD,0.0711
AQ50CV0TRJ21F,0.2699
AQ5216XVE0ORU,0.1549
AQ55H30MZSV0Q,0.5135
AQ5CIWIFDDCB9,0.2071
AQ5Q0Q69HJSL4,0.152
AQ5QUFT0D6RCM,0.2253
AQ64NMZDUVYN7,0.1998
AQ66EFBFY7JXY,0.1729
AQ69WQY9ADEX1,0.2893
AQ6QKGG4369FD,0.1281
AQ6UE5MKP9QQB,0.3114
AQ6XS10RR7CE0,0.1168
AQ7QRW8UFXKH8,0.1262
AQ831E972J4VI,0.6058
AQ8PYQ6CD7YLO,0.0572
AQ8YM6P74DRE5,0.1277
AQ9GVQAH3ZU0,0.2919
AQ9RTW5BNHRNZ,0.0871
AQ9Y2L3B8L597,0.1479
AQ9Z9QQ1I9YEN,0.0442
AQAPF257W6PTY,0.1526
AQAQLXGKRS1VY,0.1245
AQBBCMSM0RTXL,0.2542
AQBER2BLR3XZS,0.283
AQBJQG8EQEEL6,0.0851
AQBLWW13U66XD,0.5458
AQCDIKR9S3610,0.0224
AQCDKQI0X2WV0,0.293
AQCJSZSRUEOL2,0.0785
AQD6T7EAZOVY4,0.025
AQDBNNXVK21B4,0.1649
AQDZH1FRF2RB6,0.1462
AQE5DUAHBG34S,0.2954
AQF3D0KX5SFCM,0.3006
AQFDQVYNLJFT2,0.0324
AQFIN342CUSRL,0.2266
AQFRVC52BIL6,0.1411
AQG2MV13YKB1H,0.135
AQG58UVSDEBWI,0.0716
AQGDGMPN2VW0U,0.1498
AQGDI4H921BOU,0.0077
AQGKMHAVEI8L3,0.0703
AQGQ2G07LY6FI,0.5147
AQGXXZ3YNMCEJ,0.1336
AQGZS64X42K2W,0.0502
AQH9RV53R1VRH,0.1979
AQHCQ1ZA717U7,0.1258
AQHIVQZ41PZ19,0.0715
AQHLJ57UZNNPP,0.1062
AQHOV9T6LV141,0.1613
AQI4DWRDKQYP8,0.0363
AQIDS17OBKTVW,0.0538
AQIEN3BHQFFQ,0.0944
AQIX4NJD7ZP7M,0.5891
AQJG2NIMJFQ2E,0.343
AQJMHTDSSQRJ0,0.0851
AQJT4VD2L0PFE,0.2253
AQK88QPESAINI,0.4564
AQK90DXWYQEC5,0.2171
AQKB53Z700U72,0.4253
AQKBRTRAQU80N,0.1082
AQKCUA4HXLZFM,0.0221
AQKX4W0XRUHKB,0.3098
AQL3D70CKNTL8,0.2297
AQLMVE6SH4A07,0.2782
AQLZB3YNGD8QQ,0.173
AQM9CPBRYW3PL,0.1996
AQMK432JCBSSM,0.0824
AQMR22T44FKZB,0.1309
AQMRWYZL3J73D,0.1321
AQNB3HB79ZE3F,0.0789
AQNN6QAUHHZSC,0.1419
AQNPL942Z64BA,0.0694
AQNQHPRR3WQU1,0.1696
AQNZ2KY3XFMUV,0.0842
AQO3WGQWXZDTJ,0.102
AQO46JIGXXCXB,0.1016
AQORKOBQ65E7N,0.1549
AQOUNTL90OL7X,0.3555
AQOY334UL0B95,0.5434
AQP1QWPHVYQ2R,0.0702
AQPH7UFOWXFW,0.3251
AQPIILREUKLZM,0.0924
AQQBS3F0XW3GC,0.3049
AQQUT7GGV4PNX,0.1461
AQR33IW7V25K6,0.0226
AQRGWCXL7H0R4,0.1578
AQROTS0HU1RDL,0.4919
AQRWJ5X3JIUJC,0.281
AQRZ0A75053WY,0.0203
AQSW6WDVCJGB8,0.596
AQU9CN3I8Q2X2,0.062
AQUBH41VHFX8T,0.5009
AQUNOQN431WO,0.0372
AQVFU0II67MGC,0.1139
AQW6EF0LLZB3N,0.0973
AQW7P4UJPOZ0U,0.0367
AQW9DXYSUFJP8,0.2447
AQWRBA6CWHYD7,0.0211
AQWUH8RS2SYT7,0.1661
AQWY903J4L3GK,0.2097
AQXB4AR9HCZTE,0.0704
AQXHMLLNSC4S2,0.324
AQXME4FKZVR4S,0.1779
AQXS8G7G6OMAT,0.0544
AQXZJ05XAHKUZ,0.078
AQXZLDVB746QS,0.039
AQYIBLOA7IQSN,0.5645
AQYMYM94LI3TB,0.0053
AQYRDT71W7RIE,0.0694
AQYRQ7H4BQJJM,0.1375
AQZ4PHIEEV5N5,0.1242
AQZBIM739YVLM,0.2796
AQZMDF5110XY1,0.2325
AQZR0RKKTPYW8,0.1453
AR040DQNCVR0H,0.1695
AR0YQVAAOQUDJ,0.2827
AR18DH5SL9F73,0.3488
AR1HHA1ZU3SWU,0.1132
AR1IGHMRINL58,0.0157
AR1L6HRY0EZP9,0.1716
AR1MQAJK70YYU,0.3039
AR1N8F3U6L7CW,0.1566
AR1T36GLLAFFX,0.3989
AR20XNSS9EQ7S,0.1951
AR2BPDZWGJO65,0.1534
AR2CNS0JK09ET,0.0897
AR2IKIJRHKB3G,0.0689
AR36NHA9Z5WGG,0.2751
AR3BASWRALK6X,0.0305
AR3S87A99KL9M,0.0689
AR3UP8Q9L3K3N,0.0452
AR442TLFL83IR,0.4128
AR4ANGTNDT5AL,0.1452
AR5TAXR46YB4L,0.1921
AR5UEO0OIYPO1,0.1789
AR5XJEZR0LWWW,0.4798
AR64CEBJWBICU,0.1902
AR6G1SSIGV2R8,0.1499
AR6QTTIQ7P4DV,0.1748
AR6XDGONYRMXB,0.015
AR70GLFIA9IYV,0.3278
AR7BDC8P5L33L,0.0894
AR7NQ4SR4MHAL,0.053
AR7O653NMY6QQ,0.2423
AR852WPM2BLCZ,0.0411
AR87CWP6KEL4A,0.1364
AR8989NYYS825,0.1875
AR8AC8KLBQJVT,0.1006
AR8BPMAREHIJ7,0.4857
AR8VTCDOAW3VO,0.2248
AR9ZOUQV552O3,0.0902
ARAKTT5M3DDYA,0.2705
ARAQ1OYYY1A2H,0.0906
ARAS5VERQ8BH2,0.1234
ARBMBLFBK10XI,0.0823
ARBR8471NTSMH,0.0353
ARBRZKQK5T2HA,0.3428
ARBZDB242HSKR,0.0601
ARCRRF9N99NKF,0.0414
ARD2SLF2BZ4KE,0.1676
ARD48P7NQ0UMT,0.0602
ARDB79V42CX6P,0.6778
ARDE4URY8Y21O,0.1716
ARDG1AF0V0AS8,0.1026
ARDN9Q3CGPXSI,0.0887
ARDNBELWO5NZ3,0.213
ARDNFF5F8B68Q,0.1145
ARDVU917SUNSX,0.04
ARE879SUUYGVP,0.1649
AREOC3C9WSI74,0.0986
AREREJA1RM5CK,0.3362
AREUJN0YBOO9K,0.2241
ARFCORBCTKX1J,0.2166
ARFI5Y23Z9RSA,0.0211
ARFP7DXIYEF35,0.147
ARFUG2ZWAESC5,0.0819
ARGOEBLR298BC,0.0673
ARGTYQSSUISS9,0.1773
ARH371SGCNEQE,0.6152
ARHJIHRRPTFX9,0.5575
ARHK2BI3TLRNB,0.1332
ARIA1F01A9YIC,0.1189
ARII62ZL070KW,0.0741
ARIKA2NKDLA2W,0.0633
ARIOLFRAJ0KZ7,0.1924
ARJ1P9IS56IE4,0.0867
ARJ27NMILTKQ5,0.5912
ARJ2L3J5GPHRM,0.2848
ARJQ1IX5YJYA3,0.154
ARJTFLXYAG3X5,0.1654
ARJZZSU737UC,0.221
ARK2IGE2NHGT9,0.1403
ARK6DN3QMEEGQ,0.0249
ARKL8PLBDB4T5,0.356
ARKMN3KFA6I29,0.3655
ARKQYQ6FMLT3H,0.1119
ARLAX11SGSVS7,0.3369
ARLWNHSRBGRRM,0.3304
ARM5E8GB9NPFQ,0.2111
ARN0NGBOUDTJQ,0.0545
ARNAOSKQZMM2J,0.1192
ARNC8S59XW6OV,0.0433
ARNEUO7BF3J55,0.184
ARNFN34LW54GR,0.2186
ARNJFBT4GPSEH,0.064
ARNPHPJFGZB6B,0.158
ARO2QPEW8764T,0.0971
AROEAJRHBJ9ZT,0.0177
AROT0NPZQIB0P,0.221
ARP6KJ123AUT0,0.1538
ARP8236ONTNS8,0.1655
ARPDVBJWAW9E7,0.068
ARPF0NHQXZ9YH,0.2375
ARPSY2N9PJ2HV,0.0897
ARPYMLS4I8ZWL,0.0234
ARQ4HTA950LU9,0.1356
ARQEOGP3QRF0H,0.157
ARQP561C45DNA,0.138
ARQSD25TVS6OJ,0.0786
ARQUEOZ6N818C,0.1874
ARQYG8RE8BA4U,0.2337
ARQYXX7HLBOQ1,0.0122
ARQZQ0TZCYRMH,0.3154
ARR0IQDH327WC,0.1318
ARRJAV2KHRXIM,0.1501
ARRNOA2H9V4ZZ,0.3116
ARS05BZQOAAIY,0.1266
ARS5AVXUVTAA4,0.0995
ARS90NOPKNPHS,0.0423
ARSJDZVPPIO8N,0.0782
ARSQ2F9U315WG,0.3727
ARSWIFGUAZQCV,0.1359
ARSXOIYDDN688,0.0564
ARTA78TP6H73D,0.641
ARTAIB14VKZ9L,0.1751
ARTD3JJCN9R5C,0.0636
ARTQX4YFDBI9C,0.1977
ARTTRRDS4T90O,0.102
ARU2MQU98AKER,0.1839
ARU2YQZ03KRMR,0.0813
ARVDECVMI814S,0.268
ARVURPPZ5QPMJ,0.0691
ARWY7DY6IYWBH,0.0868
ARX7Z3NI6O0F7,0.5945
ARXB74DM82MIS,0.0168
ARXWCKE4TW84H,0.0458
ARY6ZLCIYE3DN,0.0865
ARYULZM7VGXHM,0.1119
ARZBTTBLIVS24,0.2387
ARZKZB56T6JYO,0.1687
ARZV4QKG5AJ9,0.2522
ARZYUYZQ5P0T1,0.1386
AS09NJQAOR2UK,0.2156
AS0HYJB5KLECM,0.5171
AS0NHWAHNU79K,0.1728
AS0QA5FERKCW6,0.04
AS0XMKDE2XBB6,0.1131
AS1HODBTW58PF,0.0616
AS225FTMC1Z95,0.2196
AS2ARAQ2N857W,0.1513
AS2FY9P0LASZA,0.1376
AS2GTZMT994IB,0.2465
AS2UNGK9SU34A,0.0884
AS2UOOMNAST5D,0.0356
AS2YF7K3EVFJM,0.3635
AS2YLGCQCUSI,0.2547
AS3JKGKD1JZR0,0.2909
AS442SAG9R7VO,0.1337
AS4CM6IQHKUC6,0.2692
AS4CROGEGU4HV,0.2107
AS4LRK5R5MSX1,0.1806
AS4M3JU83PCCW,0.0692
AS4NITKUC3433,0.0184
AS5U0DWZLF00Y,0.1013
AS5YAE2PCK7A7,0.1119
AS6DAKFBL309N,0.1938
AS6H78AHJTF38,0.1056
AS73FR9T4X0OL,0.3653
AS753Z6KQOKP3,0.2415
AS787QGV3F7U5,0.0764
AS7KCCCL764O9,0.5901
AS7KWY7OSLSWJ,0.1016
AS7L1BAZ41CCP,0.0241
AS7UVT2ZIQP15,0.0125
AS7VUSJJCIPTG,0.1955
AS7ZUHKLIOSSN,0.084
AS8849FSQZKS6,0.0499
AS8C336DDLSO4,0.5063
AS8EKS03DLGKW,0.3288
AS8G023GUWYVV,0.0677
AS8N3ZL70X16M,0.0832
AS8VENYN17UTI,0.2234
AS93JX4ZOK4WA,0.0329
AS9QG7SIVR793,0.0293
AS9S7SXQ93QYG,0.0269
AS9TFMMMSTH5M,0.0619
AS9VE58KOCNCR,0.0865
ASA4ECJJKPSY2,0.0574
ASB1GLV27L3GG,0.3673
ASB1KEISYIW12,0.1436
ASBXPSKRS6NCK,0.138
ASC0T61UMGTZ,0.1457
ASC3KCX0KU1GX,0.091
ASC41ECE7SQ5F,0.2371
ASCDKHYY2QAJH,0.236
ASCE5545RQ01I,0.241
ASCU0TZ1WAAYP,0.2597
ASDCYQT0UQ1ZF,0.0031
ASDLA40CWIV19,0.0104
ASE5XYM721UKC,0.3723
ASEB4OTLFYK0C,0.2111
ASEEKJ81SKR28,0.082
ASEMSABXHAEYQ,0.1341
ASEUOCYB6NUH0,0.1098
ASEVYBV2GDMBQ,0.122
ASF3Y44957VA,0.1548
ASFCFS140K5M5,0.0369
ASG4O0QDVG5KR,0.0635
ASG7NBUSYD1QN,0.6838
ASGA88GAYZM4Z,0.0637
ASGMNKBLYEIM5,0.0659
ASGRFP1GXHXPZ,0.1085
ASHQ4ZVYKWR7M,0.0442
ASIEPLI4UPV1R,0.1715
ASIGWEBZ5VQFH,0.0942
ASIQE7YQGQ09Q,0.1395
ASIR27UMBJ4A0,0.0885
ASJ0MKRFZC47B,0.1478
ASJ79H9SSAK94,0.0433
ASJ7QB66JU4RL,0.0185
ASJAA7R14I0PT,0.1818
ASJE1XJY3EIN2,0.0936
ASJMTXLAR1JXH,0.1185
ASJN2S1YUJTNS,0.0256
ASJUQU9ZFUMUX,0.0779
ASJVFP1DVLHN1,0.1754
ASJXDBC4Y4PB4,0.0826
ASJXXFAU1VY18,0.0711
ASJZT7DM51QEM,0.836
ASKSYSSAET1PL,0.0067
ASKZO80Z1RKTR,0.16
ASL57WBGMX1AL,0.101
ASLITWH5GJ1T5,0.1715
ASN43XCURMGC0,0.1983
ASN6R2PY63EN1,0.0967
ASN7G9U1F1SZ2,0.0233
ASN8RFXSFXYW,0.3326
ASNBQ4EH7QIBM,0.0946
ASNGWRZ0USEBU,0.1098
ASNW8MGNC91D2,0.7548
ASOG5QER5G0CE,0.0685
ASOQROO9OD3XG,0.0833
ASOU1OEHLJVK,0.1837
ASP5ZEENZOF86,0.3076
ASPPJEYFLHJD0,0.0973
ASPU6ADKLXPRT,0.5754
ASQ5357GTL3PV,0.188
ASQA0LIPYW83A,0.0905
ASQE6CIJXX6HH,0.2632
ASQHJWFIU7KPZ,0.2524
ASQIHJMQ3KRPI,0.0743
ASQXQ2FQLOIO3,0.0507
ASR5S5Y8DVLQY,0.0583
ASRA2UZ3JV87B,0.5088
ASRB1QZFWWBFK,0.6873
ASRSIUQG1Y2ON,0.2091
ASSE0W7ZGDQ5V,0.0725
ASSJSDGKOECQP,0.2312
ASSK2SYA6BD7U,0.0868
ASSRQUXGGU1EO,0.2376
ASSTUWX09ZE44,0.1204
AST2ONK4XYHVV,0.0876
AST8ASRMJ9DXN,0.0656
ASTWTE1T2G97I,0.1233
ASV7KW7R2XABF,0.1458
ASVIFMA39RQ5F,0.1505
ASVMB71AFFK4A,0.1996
ASVMD19XFJEDB,0.0698
ASVPO5I9DB8L1,0.0884
ASW1PYT75GW3Z,0.2048
ASW66VC3E3GQ5,0.0396
ASW8LWLAWCJXF,0.1048
ASWA0KKLPFBNA,0.217
ASWNAHFDP756N,0.1328
ASWVPJK2BJKOA,0.2208
ASX2P0RUJVDBP,0.1136
ASX5I2SCDJ9RE,0.4099
ASYGCF8ALSKB8,0.1405
ASYJKDQYOG2MM,0.1528
ASYY5KQPUQCL7,0.0127
ASZ9IGGB0BPNK,0.1369
ASZH31OURH3H3,0.3091
AT06IH6MT1G84,0.1132
AT08OIE54ES6I,0.1263
AT0HNPNF5WMR6,0.0499
AT0J9IP8XD95F,0.2062
AT0O3TN2GYZT5,0.0941
AT13SX4Y9GPXK,0.1081
AT1A4VABGBB2H,0.0127
AT1E48MBZGDU2,0.21
AT1M1DIZTZGUR,0.0878
AT1RF4WNPGGLC,0.1182
AT20M9E7UT834,0.0258
AT28RL25Q2OLK,0.8424
AT2E568HG58Q8,0.1629
AT2O14B0M5RI2,0.155
AT2WQIS0H1TZG,0.1433
AT32E5NNEV9HO,0.0786
AT3P5M14UHVCX,0.0031
AT3PBSXNDECQJ,0.0588
AT43SKTJU1PKH,0.0986
AT4910QYDNWR9,0.0515
AT4KBG3R728L8,0.1544
AT4N4Z6Y039KR,0.1286
AT55OGD3DQCVF,0.0904
AT56W2971GJYN,0.2985
AT5QV6L9HXISY,0.0887
AT62NTOYP8OIL,0.0316
AT64QTBR9YT9O,0.0498
AT66IKVKXSI46,0.1854
AT67M5M451URR,0.1477
AT67NFEOBKWUB,0.0648
AT7NFKYW1DG5X,0.1693
AT7O8BQA55XOP,0.3911
AT7VYL4EDM1HP,0.2385
AT82QJHYTC0WM,0.1297
AT897K1S617TL,0.5099
AT8P4AQH689MQ,0.3615
AT8SRN98QXD64,0.055
AT8TS7XTO8TIE,0.3825
AT94BH5KB83AS,0.0799
AT94Y5QR05BCR,0.0134
AT95G0ICGEMRP,0.3783
AT9PJHO9NMIYX,0.1117
ATA4HXOF4M4QZ,0.0881
ATABX4R68VMQD,0.3293
ATAGSUNJUN8B2,0.0981
ATBDPMXM9ZBOT,0.0442
ATBO1P0I7TQJ8,0.4793
ATC11ZNBDGXYN,0.0755
ATC4M4P7UYIKL,0.1501
ATC79W2A44517,0.0413
ATCBACS15O0FM,0.0666
ATD1D0F327TF1,0.1958
ATDC0L7T08W18,0.0754
ATDC6GCUBYPVJ,0.1194
ATDEEQHTV3PD0,0.0746
ATDIRUCQ12K5S,0.0604
ATDPOI21DJC9H,0.3021
ATECU14VUIOJ0,0.0196
ATEOE16NL33QQ,0.165
ATET3UCACOMAS,0.1248
ATEUCBITZJ5XO,0.1915
ATF9GIT9E3X5S,0.3693
ATFUXSRE8ZAQH,0.3581
ATG1ZJO23HPKU,0.1324
ATGLHCY1BZ0TO,0.2263
ATGUQI7FB188,0.2008
ATGZRB5HB3TLM,0.6255
ATHUN0PJ0MG0P,0.135
ATID2LB9AB1UL,0.1344
ATIESTXNUFNSW,0.4765
ATJ2UC6HOLRH1,0.1304
ATJC38IEXTC6R,0.0413
ATJLU6CEVG74Y,0.1141
ATJYTSVEEAQWC,0.2157
ATJZ9T302O5BY,0.0636
ATK0I1GVC0XCU,0.0414
ATK7997D39GIM,0.1349
ATKK7850YKQBV,0.4137
ATLCOMAE8J7FO,0.2698
ATLUG77OU14XW,0.0389
ATLZNVLYKP9AZ,0.2596
ATM9RQI7FHTGI,0.129
ATMHSONJ55YN6,0.3415
ATMIH8039GOP,0.1427
ATMIYV6HZ5KLR,0.0642
ATMMKSHD2CS59,0.0046
ATMQFK1UA9QX0,0.1526
ATN552TF5V40Z,0.2344
ATOL6Q2QDM64Q,0.1503
ATOYEEJVJEXJ2,0.2727
ATPCNB0VHIKK8,0.1473
ATPE249G00DZ7,0.5614
ATPFVDGZE62NO,0.0613
ATPOJO4IRA66W,0.2471
ATPYXVY2OQBAC,0.0192
ATQ0GLFRWK3ZU,0.202
ATQ2BHHMZ0XMQ,0.2357
ATQ9X7AO9OETJ,0.1143
ATQF0ON46HYK0,0.1466
ATQKUP92WSYMA,0.0298
ATQLCHLWG6KKY,0.0766
ATQOX56QY27FO,0.1237
ATQXFJCKJQN46,0.0086
ATR2QH9XSJ5GF,0.2999
ATR49FDUXU1ZV,0.0979
ATRM25L6SDDFA,0.272
ATRZDZST8GM5W,0.0932
ATS2855497V0I,0.8942
ATS7LYGLUX34L,0.4154
ATT0725Z83G7Z,0.1095
ATTKW4MOR8BX6,0.3752
ATTRJX1NFKJZ3,0.1514
ATTW9S95QG3XT,0.1077
ATTXMB0ABCE3M,0.045
ATU0RE358H8NE,0.0113
ATUO9BOO1017J,0.1447
ATUPETKG5KNZT,0.1264
ATUW4B272XLDH,0.4258
ATUXRLKLA6LMH,0.1993
ATUYQK90VSGKC,0.6369
ATV3FJGSC96UB,0.1022
ATV9MQQR6CSI7,0.1695
ATVDEUJL7KV93,0.547
ATVH10TP7BZNL,0.0846
ATVKWO1SY9JZM,0.0509
ATVWPWH2JAFF1,0.16
ATW5OXFA2QZ1A,0.0412
ATW9780A01S7J,0.346
ATWH7VX6I3LH8,0.1661
ATWM509SVUWZS,0.138
ATWPVC644K29Z,0.1108
ATWT58UMWTFGM,0.4427
ATWTKK5MU6RCI,0.4862
ATWTPHRRPCGHO,0.1615
ATWXM6IL9UO5B,0.0925
ATX4O1XOK743A,0.2149
ATX5L0IA9CGA6,0.2599
ATXOOY9SEKZCL,0.0623
ATXRV6Z3N08ZX,0.3251
ATY57E9TGD90N,0.1132
ATY7KZY3K9VUC,0.0864
ATYRRM7WF8094,0.1448
ATZDGPMWR6N5D,0.2015
ATZX92WLL9OK0,0.2172
AU06LDFIN2Y3O,0.0608
AU06Q31JFTTF1,0.1
AU0LBH9Q2NKQG,0.5596
AU0PB0NB7R2TX,0.1852
AU1H008SC4LDL,0.5069
AU1N8A8XWHHTP,0.1197
AU1NBKDYSV6DQ,0.1418
AU23IVEPBNZ4J,0.2285
AU23M8NFNISHE,0.2732
AU2BTPE4NPRRF,0.1022
AU2J5CNYCD4EG,0.4466
AU2UMK1VLL19A,0.2041
AU37CZS0ND42K,0.3823
AU3GYRAKBUAEU,0.6798
AU3TU82KAYJR4,0.0631
AU46GKT840J0J,0.2528
AU4CJTXVMJ0N,0.0449
AU4H7OG5UFDWO,0.2858
AU4HCPNI9LJ0U,0.3092
AU4UCKS3CJ8VB,0.2816
AU4X3BLQZLK98,0.015
AU4ZDB7EVHTNL,0.2048
AU564VA2CFP0E,0.3563
AU5CY9MOGYRA5,0.0907
AU5MD0YHR4VCD,0.1731
AU627A4UGIW6V,0.3193
AU63ANDZKYW39,0.0246
AU6EXXX5HA29T,0.0033
AU6T5D5O0H3E0,0.0127
AU78XAPTTYNLD,0.3681
AU7UARXFICEXI,0.1863
AU8NWB4ZX1KZ8,0.0543
AU97NMPYKIN5R,0.0262
AU97PQCU5XV47,0.1042
AU9ZRQLTFTFYC,0.3629
AUAAI01BJ4K81,0.2036
AUAE07XD9Q758,0.2984
AUAKMD5QN403I,0.0695
AUAWGSUO5QXGB,0.287
AUAWPV7UYOZES,0.0653
AUAX1QWUCYKSX,0.0851
AUAYWVD6R4SUJ,0.2212
AUBJ2NWYA97HY,0.0796
AUBKXJYRKGOF4,0.2434
AUBLW04GGSMBI,0.1826
AUBR4V8GI5N23,0.2516
AUBWD9SXPNN4M,0.0958
AUBY6XCWNTXH,0.081
AUC09M6D8DA00,0.4348
AUCISQA1YXX86,0.6058
AUD0C37FRGAP5,0.138
AUE1YLH1GT266,0.2621
AUEXSC1B6SATW,0.015
AUFDV3P6MSDH0,0.1265
AUFFI151JVH33,0.1338
AUFM312TQX1WI,0.1168
AUFO472RK8V6K,0.1596
AUFSPD7TNY1FO,0.0488
AUG0C084W05KI,0.1547
AUGCJZ1D3OYEU,0.1677
AUGQVPHCJX8Z5,0.0824
AUHLCN812MREP,0.1778
AUHMZ6SOE46OQ,0.2311
AUI5SVXVIYAAA,0.0558
AUIPHU68TVIHI,0.026
AUITG1DJ3QUGK,0.8328
AUJ7BG2QB7VPJ,0.0506
AUJIW3Z4ZUZP2,0.0327
AUKA7TOTBOBPI,0.2464
AUKDBDI2PVGTA,0.2901
AUKEU9CW56TT4,0.2238
AUKQYNHAWG6MS,0.2878
AUKWNDIIYA3RD,0.233
AUL5Z2GBEJ0LE,0.0589
AULRJZWFX7VBB,0.6154
AUM9K0KZGK653,0.2626
AUM9XEFU0G6FI,0.0832
AUMEXYGZUUTFO,0.1295
AUMGIMSSZ3DZM,0.0509
AUMJC6WY81CEI,0.0325
AUMP63AH52BUQ,0.0661
AUMX8JMQ8264G,0.1851
AUN6B2USJ4EAT,0.1774
AUNJSK273Z367,0.1017
AUNMCFIJ4WL57,0.0258
AUO6OHC2P1UZM,0.1581
AUOJ2V0OLK7GO,0.0461
AUOLSRH3HNPG1,0.2628
AUON1TNON1I7O,0.2343
AUPCERMZ6ASML,0.3649
AUPGKKW5DQAF3,0.1583
AUPVZSUN0MRET,0.0463
AUQ0DCR3H2G2C,0.1962
AUQ4YLHHS478X,0.0884
AUQBS4XALH5LN,0.0182
AUQI1CORO38VK,0.0857
AUQPP5X315VRM,0.0189
AUQXHVC9TY049,0.1464
AUR5YL1JGCOS7,0.0442
AUREJ50XIHEER,0.001
AURID7J89LEPV,0.2149
AURYDRE57COGF,0.0224
AUS0U5KPLAAQH,0.1318
AUS20K2W0DVXQ,0.0736
AUS5X6IMFLJBD,0.4032
AUS81YHTM2MPY,0.1209
AUSWLXSORY1X6,0.0324
AUSZ8TID884WF,0.116
AUT43EX76LS8J,0.1323
AUTDY38RJE7HW,0.137
AUTM2QX38G84,0.0973
AUTUYKL8525WP,0.1684
AUU4G4TASZUWV,0.4787
AUUQQEUWUHEEL,0.1556
AUV8G0IR8A7LR,0.0703
AUVC2ANKZKVI7,0.1514
AUVWX0TO7M1EW,0.6015
AUW0OJE2CQN2Q,0.0881
AUWS4WEQ3GS53,0.2805
AUX1XJDP7O04K,0.1075
AUXE4JH175DZG,0.1565
AUXM0JXUPIJ4I,0.1287
AUXUABCSVKL4E,0.1445
AUY3DSH6LCR48,0.5354
AUYHXISW4P6XV,0.0412
AUYVMLI0CBMYS,0.1405
AUYVYKGG46MYL,0.0318
AUZBZYDUYWZ3Y,0.1801
AUZINV544Y1ZC,0.1787
AUZPD6XI11Z3E,0.0242
AUZSSRFZZ7KXP,0.0149
AV034E9ER1DTE,0.1911
AV0489YC5R5R7,0.148
AV0508KTPCRY0,0.0649
AV08XZ7RCLH3J,0.0765
AV0E7GJP6BPDY,0.1866
AV0HACBR1TYYV,0.0636
AV1CICDLNN1O5,0.1058
AV1NGW1LMA3RT,0.0595
AV1QZXZER06U2,0.1043
AV1RZXX36JE1I,0.1405
AV1SVDOVACDM1,0.0974
AV2MMKAUI8QBC,0.1604
AV2S13H4IN9V4,0.0162
AV341ZTVJAZ8D,0.1457
AV3AUFSA1DXVZ,0.0636
AV3R4NDNCUVA3,0.235
AV3ZM6RWKCLUU,0.1794
AV465VFM6O19N,0.1547
AV4RA17E5H8ZR,0.1335
AV4T8W0O4MOO,0.0919
AV53MXUZ3V4ZU,0.2373
AV55668AXJRJX,0.0303
AV59PG80FM887,0.0503
AV5OYCF0TNUZZ,0.1278
AV5V1UKSGI6GX,0.0353
AV6AAKV0C6EED,0.0511
AV6KU6YSCYZPZ,0.0706
AV790JT0AMUM9,0.1894
AV8C8AYMSVPD7,0.1432
AV8OK6OHJH3DE,0.0243
AV8XORAUWHHZJ,0.0727
AV9ABODU1BPYH,0.0321
AV9HIKT97JPVF,0.4131
AV9VXU2QRJRVY,0.1967
AVA1IWQAXNFUY,0.2794
AVAJTV1FJMERQ,0.3054
AVAL1T27UJ5HD,0.2278
AVAOR9U1HIIJG,0.046
AVATJWYV4L8T9,0.0888
AVBF6H343QCIA,0.0555
AVBJ5TGRE0WAV,0.5446
AVBMBEQ65MU7M,0.0266
AVBY9OUQRRL4U,0.0692
AVC5MU630ANTH,0.0548
AVC8YCCJQ63SJ,0.0749
AVCGVXDPC1Q5G,0.0973
AVCR0OO79Z0H4,0.0639
AVD55UJSN07DU,0.0565
AVDEE5B87U9OQ,0.1557
AVDIBV09WX9Z4,0.0663
AVDTTR1GQ7XWK,0.1196
AVF4B0H9FGHWP,0.142
AVFEUY7OZAN91,0.0458
AVFG7HSNVX0W8,0.0956
AVFN0WAVFDO6E,0.0818
AVFNR0RCQB8Y9,0.0659
AVFSBQPKATH2M,0.1847
AVG7CAF2AW9S6,0.3159
AVHLBB159HOAM,0.0973
AVHMOENRENU3L,0.2145
AVI5XT84G22LK,0.1982
AVJ3NPRYB8RAW,0.0143
AVJJ2D4G5I0Z4,0.32
AVJL8MZ07K22K,0.1959
AVJRYJHGXR3NX,0.2739
AVK09LGQTSX33,0.2564
AVKD1VAGEBGVK,0.0815
AVKW0NA5XXRGN,0.0196
AVKY2C0E2QOAY,0.1009
AVL03EBQWSS0L,0.4768
AVLJSYG4P63PH,0.0354
AVLWZUZ594UT4,0.0683
AVM3ZQ49SV6ET,0.1996
AVMZSQQ5ZG3EM,0.0929
AVN5GNW2QXDGI,0.2646
AVNFGFRFPAFK4,0.6969
AVNOFAZO1QLJD,0.0355
AVO7BODO8D51G,0.0361
AVO8LK2G6ZHKO,0.0234
AVOIQL3XNCA5P,0.0743
AVOJP3PW6I3RR,0.1971
AVOSDKS4BAHKJ,0.0914
AVP1NL6GYMVR,0.1533
AVPJ9F4OR0VRB,0.3034
AVPU9G2NT6TXX,0.124
AVQX6E6ONA6RQ,0.41
AVQYECKS321SX,0.0196
AVQZ0JG8OP8P7,0.0156
AVR5YRTT8DKD8,0.0112
AVR7XAXTFT3K9,0.1646
AVRFGGCCCR6QU,0.0253
AVS9S3Y14HSFG,0.3884
AVSL92QAC7JZ0,0.1461
AVSMRPI23DQI2,0.439
AVSRC5QCAOIIA,0.0938
AVTI4J2IVUSV7,0.2592
AVTUGFY5N5U0I,0.0221
AVU0ZFQ0VIKRE,0.0865
AVU2NWF4U87PK,0.1771
AVUJQ7L84Q5M2,0.1323
AVUZM7BPEDA8A,0.2641
AVUZR6RWL3YH3,0.0951
AVV664GID1Z13,0.0265
AVVK4R7TCCT7R,0.0795
AVVPLN83JUEMS,0.0723
AVW1IPZBGJ4YD,0.2951
AVW63MOA2GZPM,0.1561
AVWDWDBJWPJI1,0.0634
AVWK4D1A6AXVQ,0.0974
AVWPSL9OBMYMS,0.0529
AVWSD2L3CXTDV,0.2623
AVWYGS55AV3CT,0.1629
AVX9Z96Q17OCQ,0.2635
AVXC6UHG42PPW,0.4246
AVXCANUBPM1VW,0.5242
AVXHHT7OU5HLI,0.4677
AVXM5L8WYWCDL,0.2441
AVXSOEBBSPX2T,0.1623
AVY6R7MZX2DER,0.1578
AVYLD30R3GH5F,0.4641
AVZ7X35GFSBYA,0.0657
AVZADRFFY55DJ,0.2291
AVZDJYULA3P3M,0.0422
AVZNMHB53QO48,0.0989
AVZVZ4D6423I6,0.0821
AW0HG2V3L47EX,0.0437
AW0SOAPEY2I7,0.7048
AW0WNX2VH05NI,0.1914
AW1D0F3JC13LW,0.0478
AW1LXZ4VZ2XSA,0.1403
AW1O8Y2BR7U22,0.1294
AW1VA3H8A5N12,0.0471
AW2POXRDGDYWR,0.081
AW2S1W4PZEFNA,0.1911
AW38C6L08OLP4,0.0157
AW3F8EY5348LI,0.1268
AW3TURX6EHXP4,0.1408
AW4DO75BWTYLM,0.0871
AW4E5435HJAAD,0.2795
AW4GC20Q3F1ZA,0.2373
AW4PWW4MM7NCO,0.214
AW50YJKKHKN5S,0.4434
AW5B1V9DXC92Y,0.0754
AW5H9S2V44ER2,0.4159
AW5LOSVDH8872,0.1739
AW5PUMROKC1DG,0.0656
AW63IRQWH10GF,0.3131
AW68KVDV7BBRS,0.4601
AW6J9IILGOZY3,0.8511
AW6L1VPI9523L,0.0636
AW6V8F61AIFTZ,0.1405
AW6VWZDVZGTZ9,0.1074
AW6WC53M3BAOP,0.0785
AW7BIYHXUIZ62,0.2324
AW7FPY7M6PSXI,0.0537
AW7LWPCMUXS4P,0.0885
AW7OOW21LVQO3,0.4145
AW7UC1NW8QTCM,0.4065
AW85O560ZJZ34,0.0956
AW8ESDU0C82O0,0.4196
AW8PSA7L8UP7E,0.3207
AW8QJ1C7FNTCE,0.0785
AW8UBYMNJ894V,0.4781
AW988J3XN3PPF,0.1467
AW9FZJ63RBYK0,0.1881
AW9G8C6AP23FK,0.0756
AW9KJ409U3A2Z,0.1506
AW9XZSR88W4DZ,0.1083
AWA3JDMMR8D5X,0.1839
AWA3U2TAU0KYP,0.7191
AWAILX0U9SBF2,0.0741
AWAJMNILLVEID,0.1081
AWASLZ63WKIOR,0.2531
AWAV9TGXRIXI,0.1369
AWB5GMLSKC99Q,0.135
AWBCLW305NT6J,0.0316
AWBIPRIWOV495,0.3247
AWC334QR1RUW6,0.1323
AWC8CTW8N2XVE,0.3148
AWC97DS45VZA6,0.7187
AWCCLPOB2FO1P,0.1738
AWCLUJUDN53HH,0.0754
AWCO1MAELHKSE,0.0917
AWD7QR9OBNR2I,0.1126
AWDLNOMB6IQ6S,0.0712
AWDTLL6SR7BUO,0.1067
AWEICQXZ0IFKZ,0.2466
AWFSTV5LU10AO,0.046
AWG569JBE8EPL,0.1709
AWG6B7GT6MPDO,0.2497
AWG6ST93A8SI9,0.3801
AWGD0ACATDBKT,0.1323
AWGV88ZDE5X3I,0.2305
AWH39PTZU7RJ4,0.0485
AWHGFLCS6YKRT,0.1197
AWHJLUPKZO2QD,0.1991
AWHMRZ3M71H2S,0.1108
AWHZ4K1IXPFRZ,0.2095
AWI0W8GVDX29P,0.0745
AWIF8AR75LL9L,0.1649
AWIO52MFKV3RR,0.2119
AWIVDZVELMVLE,0.0324
AWIYJRD6PI7NA,0.1434
AWIZ4J524S9XU,0.502
AWIZNP1YQS6W1,0.1244
AWJLQZ4UP2TNL,0.159
AWKZAUC0D8DYL,0.0158
AWLI7KW63QGFB,0.1684
AWLUBRTNZP5FL,0.0843
AWM3T83J6WBLT,0.2039
AWM93J55EIIYT,0.138
AWMRFDJEQITSN,0.1311
AWN2SYXGWA021,0.0645
AWNF2JXWOKBMF,0.125
AWNNZDXDDYSZI,0.0719
AWNRZJHY8856F,0.0187
AWO3ZGVMCIHO4,0.0695
AWO7I8YIL4WM3,0.1119
AWOENK6Q1WJ70,0.1373
AWOGYN4YMNDL5,0.1023
AWONXK9THB0J7,0.0794
AWOR2ME4GSWON,0.1615
AWOR9KIKQLVK5,0.0793
AWP1WU0NXZAEA,0.3295
AWP5F6CCNM1LZ,0.2349
AWPAKXAU3EREX,0.0842
AWPC7EEVYZ813,0.0873
AWQ0M7AJW1KKF,0.116
AWQJ2PTB65XQR,0.2342
AWQLHZVD5GLKG,0.121
AWQLJND6OSF9C,0.1836
AWQME4WLYK4QQ,0.1313
AWR0RSM6L1M3E,0.0868
AWR4I5Q2A0JGP,0.0648
AWR4OB7P0AN34,0.0494
AWRNNDFD6B89V,0.0581
AWRPJJZS7ZKDJ,0.0065
AWSVR3BDMZLTP,0.0291
AWT7D55N90S0Z,0.2233
AWTK44IG21GHY,0.2009
AWU0ODS3EY1LX,0.0894
AWUBTQZOBGFKK,0.0634
AWUCLJB7IW3SB,0.0613
AWV2Z3QGCXBSS,0.3412
AWV4RZ9P2G1XA,0.5744
AWV8TQM9C55OD,0.0168
AWVVOFZ5BS1SO,0.026
AWVWTHNZWQ6G7,0.1173
AWVXQ653QRE26,0.0028
AWVYYE4E54OC4,0.1883
AWWJYUX2VV2A5,0.142
AWX4JLXCNRK9L,0.1721
AWXO4UAEUGUCL,0.6099
AWXT27XKDSMWQ,0.0796
AWY4LMNAC9DWZ,0.2578
AWYCDQ6CI18G,0.1361
AWYE428W5MRQN,0.119
AWYE6QTHPR2KQ,0.0952
AWYUJUYZ8XK3T,0.0919
AWZ62BY6RWAKQ,0.3166
AWZIOVDLU1VA1,0.0996
AWZJHLU69PAH7,0.106
AWZLJ20XCNMSM,0.1276
AWZXZL8P7UYON,0.055
AX0LBOG3SJMOX,0.1465
AX10QUSLAHTBB,0.0527
AX11FBDLWE2J5,0.2518
AX135BENGHTJS,0.124
AX1ET3E4WMJXB,0.0933
AX1QE6IR7CHXM,0.2024
AX1UDPWT3BQPH,0.0438
AX1VM8UG0N4VC,0.1717
AX20C2C8R8NMS,0.055
AX2OLJ9APK5CB,0.1715
AX2WJBNKRBESK,0.3335
AX329NHW6B7BA,0.1803
AX3E6577EMASF,0.022
AX3NJP2M2X1R6,0.2216
AX3PI52BG90PA,0.0237
AX3T5TI76TOJ1,0.0307
AX3VPBCU8F4RF,0.3375
AX3YE01Z0T6BT,0.0644
AX3ZCB8RTRV7C,0.0511
AX4IT87INWPV,0.1181
AX4M2UC9D5UXJ,0.095
AX4OUOYP645H8,0.4886
AX5DNZ7O7AWII,0.0426
AX5O0OCTGKKPD,0.2107
AX5O7AJMA503I,0.0385
AX5UP2I9RDS6A,0.115
AX5WIM00C7TGY,0.0746
AX63A74CRGQL9,0.0249
AX66QGPE128UF,0.0935
AX6VJBN34MXFP,0.0509
AX7JSJMSYQBST,0.2076
AX7SZ0O08N48E,0.6281
AX805Z5FBUMMK,0.1091
AX8HSOXMFX2XU,0.0411
AX9X1RYNHSHUF,0.4751
AXA0N2GPNM02X,0.1343
AXA5C2WZL1F82,0.0648
AXA8VZ9W0ECQW,0.1924
AXB34CAI8SBWU,0.1805
AXBC52UXVOIO0,0.0514
AXBQIEP47NSSC,0.0848
AXBQK5CJX2QN0,0.0253
AXC5N53Q3KJD9,0.0571
AXCT4BX4TB5RO,0.041
AXCWZ8HUF332W,0.188
AXD8163YYZGXA,0.2923
AXDM1069BD601,0.0552
AXF7HOXQDTVOQ,0.1435
AXFRGXDWEUPRF,0.1717
AXG6MCKKUS2OC,0.2855
AXGPU830TXJ86,0.1894
AXGUXYYKE0K29,0.2596
AXGX9FQES7P65,0.0143
AXHA3VR1LWSS4,0.234
AXHVINNKPBCFQ,0.1424
AXHZH1N09V2XA,0.3182
AXIP5MDGVXF0N,0.1445
AXISEPTJE884B,0.142
AXIW3EH7ZVEY1,0.1328
AXJ529STIZPYJ,0.3404
AXJCB8EB2BOV8,0.1807
AXJPZ4ZUPENG2,0.3033
AXK09IYBE9HLG,0.1563
AXK4J0HV5IBT3,0.0229
AXK87Y0NG4P5E,0.0821
AXK9O1OC2I2PD,0.3061
AXKT39QI66CY7,0.1124
AXKVDODFCKHYJ,0.325
AXLEZROKSR2M2,0.2615
AXLMQU5ZL4P38,0.0686
AXLXZ7ZGT9Z24,0.1249
AXLZG59WZKC1D,0.0665
AXM10753UQAD9,0.1993
AXM3AY167XPKR,0.0909
AXM76I9V0451M,0.2006
AXMSPNA0YH7YZ,0.1946
AXMW38OL8H5Z1,0.0602
AXMYSNB8FIP8U,0.3137
AXNUBN4760VKA,0.2
AXOGBZN6J5OTH,0.026
AXOIXDUV1OGOL,0.0211
AXOKMY2J7E2LY,0.0636
AXOL3KV6HQ5ZE,0.0519
AXOTP83EVD30T,0.1531
AXOY9UHP9HJNX,0.6321
AXP1TBM6RTF8Y,0.0644
AXPI2DDXXLSYF,0.2996
AXPWFZRVRAQQ7,0.0791
AXPZ2OZ3TLU9C,0.2212
AXQ0USZ9HZLXP,0.0377
AXQA1GSXRT3RO,0.015
AXQPJFOALBYAH,0.0843
AXQQOPWPU3QUL,0.1402
AXQSRFZ1LJWHT,0.0086
AXRMYCBFI66O0,0.0882
AXRPLD8BC0UDY,0.1251
AXRUQR9G623OS,0.0868
AXSTY40VP4M45,0.0509
AXSXFWGRFZAPW,0.0951
AXT3SPOXM2BDJ,0.1225
AXTFOQ18157JT,0.0752
AXTSVZLLG7WNW,0.0211
AXU2CNLS5EGPP,0.1075
AXUJOJ21SN31V,0.1365
AXUK67O9CO9PB,0.0532
AXUY77QFQ14FY,0.0985
AXV4D4KFEHN8Z,0.0473
AXV5IWNDCEL76,0.1311
AXV8JMRRAGLXF,0.1421
AXVJPYJH7D4WF,0.1039
AXVQCGSE0MOHU,0.1377
AXVR5IES2DZYG,0.1877
AXW5NZW1YG56P,0.1116
AXWEDJJO5US3Y,0.0667
AXWIXCC9UIFWG,0.0085
AXWKZ12SZZ5T2,0.1772
AXWNWZUJ5M85Q,0.1047
AXX1R3B8LRTCS,0.3876
AXXBFLBH3DAXR,0.085
AXXMNABHZCKI3,0.3498
AXY0MPS364L09,0.1118
AXY9UT706CU8,0.2177
AXYE77QP5MMFM,0.1585
AXYEHZ5T2KDAG,0.2043
AXYFT4O2K38N9,0.0315
AXYN6499TOW82,0.03
AXZ1SJ2P22PQT,0.1722
AXZOKHGMOVLRE,0.2361
AXZXPKSCETSO2,0.5556
AY18E24VXG8FT,0.2456
AY1EU52Y141ZY,0.2405
AY1KVUBYAFQJZ,0.0857
AY1S6SEF4A9AH,0.058
AY2GF06SU2GID,0.1666
AY2MOV0CPE0XL,0.22
AY2QGTN421KDQ,0.0785
AY35EIADBYZE,0.1472
AY3NHL5MZ71EL,0.0663
AY3U3V1PSV1NB,0.2687
AY421R4WR458C,0.37
AY47FJHN9G139,0.1639
AY4DHL7PFN6M0,0.0821
AY4HXCO6Y4GM4,0.1651
AY4IDJ6LQ5IQQ,0.1116
AY4IFSFLOGB4J,0.1311
AY4WBASLMW65,0.0905
AY545C8MV07G1,0.5587
AY597Z0KZ5RN1,0.2831
AY5HXVS86N71L,0.0127
AY68U1SJ0UB8B,0.2113
AY6RU44I9ENJ7,0.2248
AY6UJN7232IUS,0.2249
AY6VA1SM227JF,0.1744
AY711KUG8ZRFN,0.2637
AY7L5XGIGSLTD,0.2253
AY7QLRH2EB0TX,0.0477
AY8EW0SSHC7FN,0.0728
AY8LGCP6HPLI,0.1369
AY8NHFOL0L7A0,0.2376
AY8P1PR6OWSJC,0.1741
AY8Q9ZK6JC40W,0.3613
AY9A8H1PYPTW3,0.0556
AY9Z10YOMHHX3,0.2916
AYAB5W263OGA3,0.1623
AYAHQ2VQZ2ZO0,0.1003
AYAIPWFKDLUHA,0.172
AYAJ426I0B4CM,0.3417
AYANKSMR7OVJX,0.4048
AYAR27EBZUK2Y,0.1838
AYAXH6RFUFQ2Z,0.0118
AYB2055DJH4FX,0.1067
AYB4ELCS5AM8P,0.6931
AYBYW8A36A7VB,0.0886
AYCEOTSMIG428,0.0688
AYCGB2VC7N4UN,0.1856
AYD4CJO7KYQ2X,0.2404
AYD5S2J527DT,0.1779
AYD8266ZVTHM9,0.0764
AYDG0HAT1NJLM,0.3653
AYE5YSTOTQXDD,0.0398
AYE7KPXUXTLN6,0.3162
AYER70HYIHG61,0.0653
AYEU47H4KVG0H,0.1617
AYFCB09QBD0M0,0.0338
AYFXSDO9OR4IW,0.0371
AYGB2EFZ3O3IW,0.1279
AYGEKID3G7DPW,0.7456
AYGH7FBKKPO2S,0.1091
AYGSKMMMTZFCA,0.2075
AYI3EMZAXS6E8,0.2657
AYI71AJ2788Q4,0.1674
AYI7HRLXRZN2H,0.0958
AYIJLVURX3QO,0.1358
AYIMQYSNJ96YS,0.5978
AYINNKPX9D60N,0.7308
AYJFP2AJ5Y64L,0.1897
AYK3AN5M919SK,0.0569
AYKFN6Z2Q457S,0.0947
AYKOEZFVI4TGP,0.2644
AYLAZUCGWB6IE,0.0831
AYLL2F3ROSY7W,0.1834
AYLLSFYS3UP1H,0.7181
AYLMCMFXM4PZ2,0.1796
AYLNKK6ZM69D3,0.5111
AYMDZIOGLRS4Y,0.0675
AYMU8V0X3NF0Q,0.1933
AYMW143FPF0I5,0.131
AYNRALJ4X1COS,0.3154
AYNT5C1OET10E,0.02
AYNZLCTCWR8JW,0.2502
AYO1146CBIV5C,0.5739
AYODRKQUO459H,0.1553
AYOMGJCM4I114,0.1003
AYP1EZ5J226KU,0.0737
AYPHGQ4Q53N9D,0.0327
AYPV38S9KU7JZ,0.0881
AYQE71DM3U093,0.099
AYQP8XMHTG2YR,0.2453
AYRDMFX7ZWLH4,0.195
AYRYSRXCMCN9H,0.0344
AYRZHAOXLMS66,0.077
AYSB6HMZF2LJ4,0.0526
AYT3O05POKXAY,0.0792
AYTASL21B89RO,0.1059
AYUNGFLQJO0A8,0.0339
AYUQ1P5TW08SZ,0.0207
AYUXLBP7L99TN,0.062
AYUYJTVD93CL4,0.0812
AYUYN94XNKTKQ,0.0353
AYV2T5UUEYAOP,0.0181
AYVG9FJPVWKL,0.1039
AYVI0BX70R3M6,0.3284
AYVJY4Z9CYQWU,0.0248
AYVKIW30H8508,0.3155
AYVLSZ278OAXH,0.1352
AYVO5HJQMG2U0,0.1448
AYVTL1U7FEG00,0.0641
AYWFZANI32XYB,0.1331
AYWLKI4FCUW8K,0.3633
AYWN5NVIV5VWI,0.0973
AYWZMAXPD6C53,0.1397
AYX2TT34OYN19,0.045
AYX5D8YZM7LKP,0.0413
AYX9H1S2A92NL,0.1546
AYXXVPFF5F8K7,0.3008
AYXYB6KVF0C6K,0.5176
AYYEJHRZKBDTQ,0.5967
AYYFMTM2HHK61,0.536
AYYHC9WQBLLB8,0.0586
AYYK18ACR15ZU,0.1562
AYZ1JCYETV0OC,0.1649
AYZ8W4UV3GVGE,0.0632
AYZEIUTNQC1BO,0.0782
AYZHBVG0RV2A0,0.1694
AYZKCHLHJMIVZ,0.1959
AYZW37JMK7QZ8,0.1946
AYZXOI9XAJIU1,0.3382
AZ0TA88HQ76QK,0.2456
AZ0TTQY6728LE,0.3275
AZ0VCB6MAVDPO,0.2318
AZ13J5C18ZV77,0.1372
AZ1ATMSL2MZB3,0.2283
AZ1RAP7SF84I3,0.5121
AZ1ZDUANJZQR2,0.1653
AZ2035CKU68FH,0.2305
AZ28PB8M6DST8,0.1253
AZ2J2NVFUW6OG,0.1228
AZ2MVA5EKADON,0.0579
AZ2RU0AHEWR3A,0.2657
AZ2WIB5P2QKOS,0.6217
AZ2X2P045ZFH2,0.288
AZ34737QMSG8Q,0.3279
AZ35JLUXSV08E,0.0143
AZ3PAA6ZISCST,0.0504
AZ3SQD0QXH7RN,0.5492
AZ3THHFLG482S,0.0956
AZ4231UPH44XV,0.0563
AZ44SXOVO0YOO,0.082
AZ4AUVT0AV8AF,0.0883
AZ4JNRNOM3E0J,0.1016
AZ4M9TWB8ZW63,0.0194
AZ4VKFF136FKR,0.065
AZ5977P4TLSKG,0.158
AZ5K8OBTYNLFZ,0.5508
AZ5MKBJV84BE3,0.1469
AZ6EE36C8AZU8,0.115
AZ6RTW2S42JR5,0.3354
AZ6VTF1BULHFS,0.0575
AZ71F750K09FR,0.5224
AZ7QS05TQGD7D,0.0143
AZ7V0A2YD4D68,0.1077
AZ8YN742VWOOW,0.3055
AZ9SM1N8KFLI2,0.0537
AZ9UU7D78CGEZ,0.0669
AZ9WH6VX30LGO,0.1506
AZAC8O310IK4E,0.6447
AZACPIA0ZLXMK,0.0139
AZAG6POORO16Y,0.1759
AZAJAVD2KRWYN,0.0766
AZAJZCDMXNGSW,0.0498
AZB4WCHH2QJAT,0.077
AZBPNMUMFVFCR,0.1739
AZBQJRYUAS2M2,0.281
AZC2D47OPF5I2,0.1165
AZCE11PSTCH1L,0.6347
AZCE82VP4M19E,0.292
AZCOE68N2HOCZ,0.5567
AZDIQSFQNSB8Y,0.1938
AZDJN0CVUU0YN,0.1389
AZDRBHGJXOEZP,0.1503
AZE0K91O79UCO,0.1096
AZE2ZP618W1EP,0.4564
AZE5TY5Z31Z6Q,0.1841
AZE7DX0MAJ7OM,0.1545
AZEOD0JSHXYUD,0.3613
AZEQJ2Z1EL7CK,0.1863
AZF1OBUBAZRK2,0.3393
AZF7A44AW3K0I,0.1438
AZFIDAN1MPJUJ,0.1661
AZFIIGPJY8NYL,0.0791
AZGR3RDJRJOSQ,0.1066
AZH1J5JIBIE8G,0.0486
AZHXG4UKZZLAG,0.015
AZI6N13G9KPJ5,0.1797
AZIFVX289JTS,0.1418
AZIW7RZH3X3ON,0.0985
AZJFWALLYUEUB,0.1889
AZJPD5R24OOLP,0.0947
AZJREO7ZSD5BB,0.086
AZJSS1DPDTZ2P,0.436
AZK4C3APTBSX9,0.2836
AZKBV3NJQHIHB,0.0776
AZKFEF6QN0FVO,0.3039
AZKI33LLUUHXD,0.1416
AZKPBWYY14GK1,0.164
AZL0X34JPMQNK,0.0921
AZLDKR28KT3FB,0.0825
AZLHS6YHI1FKZ,0.4413
AZLL91DCSO4Y6,0.1539
AZLLV98JQGBZP,0.0633
AZLPTIV8XQ5A0,0.3155
AZLT7FTCN6JO5,0.1616
AZNFZ0CXKSQ2G,0.3081
AZNQDDC78PRFL,0.537
AZNWYLV6Q296A,0.0905
AZOBKWMANXQ3J,0.0086
AZOKTGJICFZHY,0.0681
AZOSIAZRRQLRS,0.6055
AZOT0A86U5RC,0.1164
AZOXA4GJSRQRE,0.0881
AZOXOPGFVXAGM,0.0995
AZP2U25R0TN4E,0.0335
AZPB6D27V00CR,0.2984
AZPDO6FLSMLFP,0.0696
AZPEHG4OH4VET,0.1411
AZPGJFN3TE7MD,0.1415
AZPXMVBRLNEQP,0.1539
AZQIXORSR4LH2,0.1726
AZRAGVPSIS3MN,0.0736
AZRM7PCZIOX3Z,0.3086
AZSNQ9FYC5SQO,0.0952
AZSPWMLZ8NQOD,0.0699
AZT5LAAL450FN,0.0626
AZTJJKMETZ21D,0.1223
AZTT2LJ6BCXLN,0.0138
AZTVJYM4RWO5I,0.0824
AZU2Z1Y81YR0T,0.4306
AZV06A0QLV15F,0.0382
AZV6K0PIL8X0F,0.1803
AZVCNOOQK36DH,0.5837
AZVODYJ9CJCF,0.0067
AZVRBJN76UWV3,0.1351
AZW10G02DNJI4,0.0967
AZW2RVW8FK2C6,0.046
AZW49LJWVL83Q,0.0331
AZWOAIK9NREG3,0.1338
AZWXG6KBXXC2N,0.289
AZX52MBY59CL4,0.0591
AZXJ9RA2EQK1E,0.0184
AZXJJM4F1SY3,0.044
AZYIAWJR9972L,0.0479
AZYOBQYNH09NY,0.1573
AZYU8M791SIFC,0.0636
AZYYUCMIK4Y4Z,0.0582
AZZ1QIEWIUC1G,0.0198
AZZ2HXC308RW1,0.1639
AZZB1GSHMEBUS,0.4267
AZZBB05CJFP35,0.4691
AZZNK89PXD006,0.154
AZZS13C32YSPH,0.5373
AZZYW4YOE1B6E,0.511
