user_id,review_count,reviews_per_day,extremeness_ratio,rating_deviation,product_level_spikes
A0103849GBVWICKXD4T6,5,2,0.8,0.524498506188647,0
A02712303HM5RXRLNJUB7,7,2,0.7142857142857143,0.6422619047619047,0
A027717628HVUA4XE5VL3,5,3,1.0,0.9856387988910784,0
A05793033A673QTUT56XZ,8,2,0.75,1.126833900606114,0
A098370928I0YSRRQV0YI,5,1,1.0,0.46003607503607497,0
A1009TQJ2AI79F,6,5,0.6666666666666666,1.0424439198840298,0
A100AM334XZS3V,6,2,0.5,0.9816553393992785,0
A100H2245MF6NL,8,3,0.875,0.8386434837092732,0
A1018D502E27E6,12,4,0.16666666666666666,1.1214075010400053,0
A101C99CG8EFUH,11,3,0.09090909090909091,0.9104115436229713,0
A101I364EBG4A7,5,3,0.8,0.7327252429103301,0
A101L4HF0IZ33C,16,4,0.625,1.3257429647708485,1
A10263A9LH3MTS,5,5,0.4,0.7553801169590644,0
A102KJN3FNZMO2,6,2,0.3333333333333333,1.9169999534515663,0
A102MK78XH84JN,9,3,0.7777777777777778,0.7785532620249077,0
A102XBFOWJT4K,7,3,0.42857142857142855,0.502562151515287,0
A102YRTA0CBQ6I,7,4,0.5714285714285714,0.8184196417585122,0
A1031R8HD3E4GL,10,1,0.6,0.9579290884554043,0
A1036DL5ZHETR,5,2,0.8,0.5466218487394958,0
A103HJCK4SDW9X,5,1,1.0,2.0113725490196073,0
A103UGG4SMU1KF,6,3,0.5,1.7275956106242987,0
A1048HOW441Z1L,7,1,0.42857142857142855,0.38729524230676293,0
A104F83PVACKQF,5,2,0.8,1.3977876194466057,0
A104GLKB0BC0X4,12,4,0.8333333333333334,0.7264469140337965,0
A104MU5UT8V2RB,6,3,0.6666666666666666,0.5050155845049489,0
A104UMJG7UJP2K,5,5,0.8,0.6986227489661052,0
A1050XS5BK823I,12,4,0.6666666666666666,0.7291835833499891,1
A10513YT9HLDD8,6,2,0.8333333333333334,0.4429314466627901,0
A105ER3X3YSN4G,5,2,0.0,1.5384920634920634,0
A105UR65IECBCA,6,2,0.16666666666666666,1.18086917562724,0
A106FGNOG02FI3,5,1,0.4,1.0549502529990336,0
A106MB2IVYFRWR,5,1,0.4,1.0524493979421732,0
A106TZO4J5G1WQ,9,2,0.4444444444444444,0.967586974729832,0
A1076PTK36UDX2,15,1,0.8,0.7972304239587634,0
A10795M6XA74JN,12,3,0.5833333333333334,0.6118402261576708,0
A107CTGSINY3GJ,22,3,0.9090909090909091,0.6097066987251611,0
A107K10JTO8NSH,23,7,0.34782608695652173,0.5224103920998294,0
A107MZZGZEW58W,5,1,0.6,0.49574161267117967,0
A1086X0XXO401X,5,4,0.6,0.6912753147235906,0
A108EEYSHGDL6O,11,4,0.6363636363636364,0.5207035569431384,0
A108UJC8MQ0REU,5,2,0.8,0.9410777126099706,0
A108XCVOYNW3QV,5,4,1.0,0.5242818972949312,0
A1099JALGGQRRC,8,3,0.75,0.6161837686326176,0
A109KHEJL08HW9,12,9,0.75,0.4811059737049362,0
A109LJJFZ7M4JR,5,2,1.0,0.713095238095238,0
A109R5PSA254JS,6,2,0.3333333333333333,0.8174814356134755,0
A10A7UY5Z38EHQ,5,1,1.0,1.4935860365651636,0
A10AAULK3SQEK1,17,14,0.7647058823529411,0.7434613687612264,0
A10AJN0K32OUER,6,3,1.0,0.858413096542313,0
A10AJVTRP6Z3D5,6,5,0.5,0.6409980204235678,0
A10ALOMJECNL2H,7,2,1.0,0.39829073043358765,0
A10AO3WYHO8CUL,5,1,0.6,0.3005942702284166,0
A10AODXNZLXROV,6,5,0.6666666666666666,0.5475344611528823,0
A10B4QUXAHU2TW,6,3,1.0,0.6190749434880892,0
A10BE5PNDI5EWG,6,3,0.5,1.147968380212211,0
A10BOZ1ZHLXBBG,5,4,0.8,0.5009032634032634,0
A10BYTL5JBGPWR,5,3,0.6,0.806992562542258,0
A10CSQI215I2DQ,11,3,0.6363636363636364,1.1854284300610514,0
A10CT6NX3DLQ8B,13,2,0.6923076923076923,0.6870335175247928,0
A10CY1HLD2P2Y0,7,3,0.5714285714285714,0.9221720308676832,0
A10DB8F2M9TTOJ,10,2,0.7,0.8926087997481528,0
A10DQTWKNB57NH,13,3,0.6923076923076923,0.5242678427583207,0
A10E37WON4IR1F,7,3,0.8571428571428571,0.7340929905633918,0
A10E96GAMPIYS0,7,1,0.2857142857142857,1.0205885384456814,0
A10EGS56HCNHNA,5,2,0.8,0.47075630252100853,0
A10EII7MQD4N28,5,1,0.8,0.7582608695652173,0
A10EWWXIMO6MNL,6,1,0.8333333333333334,0.7039399092970521,0
A10EZ3EJY8G7G5,6,2,1.0,0.672490253411306,0
A10F51ZKTIA4O9,5,2,1.0,0.3240716131413805,0
A10FBCA2RGV549,6,1,0.6666666666666666,0.7683760683760683,0
A10FGXGHS2VS9,7,2,0.7142857142857143,0.6668961437648522,0
A10G4BPT5MGBHY,30,4,0.7,0.6117331602080588,0
A10G79D1O9W0ZG,7,5,0.42857142857142855,0.8008334965795371,0
A10H073G5MOLJA,6,2,0.0,0.7675189393939394,0
A10HF2N5KPK43M,8,5,1.0,0.4000704887218045,0
A10HHVAYJZZI4L,5,3,0.2,1.1840816326530614,0
A10HMR6HK3G7ZT,5,3,0.4,0.5872269636915954,0
A10I7MYH5IYYWP,5,2,0.6,1.291230685822716,0
A10I7YDVGDWFB0,5,2,0.8,0.36433184040843847,0
A10IJO19OWREX1,5,5,0.2,0.39454545454545453,0
A10JVQAKUOK2A7,13,3,0.7692307692307693,1.0118443172687779,0
A10KGRO01ZOXK5,18,17,0.9444444444444444,0.6548791449732313,0
A10KQRUNBALNIM,5,5,0.4,0.5432254549417023,0
A10L0WS2R7YMHP,6,2,0.8333333333333334,0.402998327855619,0
A10L3Z0WNJCYKI,5,3,0.6,0.565233265720081,0
A10L6764RJO4X4,6,2,0.6666666666666666,1.228768145434812,0
A10L7CIY9S38BM,6,2,0.3333333333333333,0.968968062265164,1
A10LJMK9LDR2KM,7,2,0.7142857142857143,0.5800067985855344,0
A10LJTXXDQFTVZ,5,2,0.6,1.0290724637681161,0
A10LVT7DEAG2G2,5,1,0.2,0.7165398327163033,0
A10LWFKVC21F82,20,3,0.45,1.1570409721816843,0
A10M0GF5ZFODYU,24,4,0.7083333333333334,0.6268539356111292,0
A10M36I150QVPH,12,2,0.5,1.206925833186438,0
A10NJJ9PUSIYTI,5,2,0.8,0.8744833990125471,0
A10NR1JXIFZYLC,12,2,0.9166666666666666,0.7052466052466052,0
A10O225MJB7UCB,6,2,0.16666666666666666,0.8407753452258095,0
A10O60PRPVMN1X,7,2,0.7142857142857143,0.5543792007983654,0
A10OHFF195UFO4,5,1,1.0,0.8980123818833494,0
A10OI0SDFKDW93,6,6,0.6666666666666666,0.5334685322799941,0
A10P4PJBF8A4QI,6,2,0.6666666666666666,0.5842598759265427,0
A10P5LYBOSE58I,14,3,0.8571428571428571,0.8298262509673141,0
A10P9PAB9B8GX7,9,1,0.5555555555555556,1.3552313195075918,0
A10PBSZYM32QA0,6,4,1.0,0.7260226343117694,0
A10QQWAYZVX2QS,5,2,0.6,0.5489915966386553,0
A10QVHHPD3GY6R,7,1,0.42857142857142855,0.6660026799604871,0
A10R1SL31CJII8,19,7,0.21052631578947367,0.7158397484790214,1
A10R3W26XIZH62,5,2,1.0,1.2483784100222457,0
A10R5CSRK0US7A,6,1,0.5,0.7826622790037424,0
A10RIH4V8O16YS,6,2,1.0,0.504769921436588,0
A10S9NK38WEQ65,6,3,0.6666666666666666,0.4144650488400489,0
A10SX0QRXY0C2Y,22,5,0.6818181818181818,0.7297531864818766,0
A10TI8SX6OKJ23,6,2,1.0,0.5159356725146197,0
A10TO6AQOY9IA5,5,1,0.0,1.1,0
A10U3785QY0BIN,5,4,1.0,1.1014354066985645,0
A10UWGXXFPB3RP,5,2,1.0,1.7281148748159059,0
A10VINMGIEJOD4,5,5,0.6,1.2641965877259995,0
A10WTI6XS1CX37,5,3,0.8,0.8762142321323679,2
A10X36AI6TJVLH,5,5,0.4,0.6552947957839262,0
A10X4PYY8XSIZ6,5,1,0.8,1.037177756348441,0
A10XW9CASORTU6,5,2,1.0,0.41823210943547817,0
A10Y0ES5AD7MET,8,4,1.0,0.39764322273947106,0
A10YUGAL1IKYYD,5,4,0.8,0.6348048968468889,0
A10Z0A0CLFJLP3,5,2,0.8,0.32777777777777783,0
A10Z12GG4QRHH0,6,2,0.5,0.9047199421412229,0
A10Z8FC0SMU5VQ,9,2,0.8888888888888888,0.8786515388628064,0
A10ZBR6O8S8OCY,58,2,0.7586206896551724,0.6959925727484846,0
A10ZQX5Q8UNUUU,6,2,0.5,0.4777828385667844,0
A10ZTG3PIBRPLC,6,2,0.8333333333333334,0.5721531727445076,0
A10ZWUOV6ULAAB,13,2,0.8461538461538461,0.8335833154467107,0
A110JW1MCO3ZN,7,2,0.7142857142857143,0.366417735925539,0
A110N8NDHN35C6,6,5,1.0,0.9115977546679477,0
A111CVE9JHVQAC,7,2,0.7142857142857143,0.7625457875457876,0
A111FJVLOFXZYD,9,3,0.5555555555555556,0.7713458942860721,0
A111Q8GAVAHH6M,6,3,1.0,0.8294900371496117,0
A111WCUF5KA2I6,11,2,1.0,0.5780979497896349,1
A112925MFD2T4J,5,1,0.8,1.4908580274214949,0
A112HXFPHA2VU7,5,2,1.0,0.6316820212309217,0
A112N37IP3Y1HI,10,2,0.8,0.42838979984347453,0
A112Q77IXN1DNJ,11,2,1.0,0.9336439571042189,1
A112SYEKX4ZTUI,6,2,1.0,0.47218506131549615,0
A112UZSIUGN3FG,7,2,0.2857142857142857,0.6130628441852932,0
A1130AMY9KKIBL,10,4,0.1,0.5103027391246929,0
A1134QXO79NG7B,7,5,0.7142857142857143,1.257495590828924,0
A1134ZM69D5FAH,6,3,1.0,0.7259720554888623,0
A1139SNSYGJV0V,6,3,0.8333333333333334,0.939721359558316,0
A113HJXC799GSR,7,2,0.8571428571428571,1.4525186307100333,0
A114HWN9SU0MB2,6,3,0.8333333333333334,0.5885841609371021,0
A114M3LC4GFGRF,5,1,0.8,0.7314025909317388,0
A114ROI4MRZRQL,7,2,0.8571428571428571,0.5185635204647825,0
A11510FLJ2SCHM,5,2,1.0,0.6248459680797025,0
A1151KGEGG0D2J,5,3,0.8,1.91267217630854,0
A1156DYSJ6K614,7,2,0.2857142857142857,0.4983364022300651,0
A115CGOFVI1TKX,7,1,0.7142857142857143,0.8247051695350157,0
A115F55TD6QRDI,6,2,0.5,0.39781992201347044,0
A115W8XKK6KNQ1,10,4,0.6,0.538509467842323,0
A11617B1NW474D,7,2,1.0,0.5049501223414267,0
A116JE9WSXSETB,8,2,0.875,1.5234353337294513,0
A116UOS8EL9KO1,9,4,1.0,0.491758352878949,0
A117KQ6A4UGXY9,5,2,0.6,0.8236804599337457,0
A1186VP35L3PE1,16,3,0.75,0.7338672040833979,0
A1188LXSJLEP1C,12,3,0.75,0.8062040840186814,1
A118A5A1YWAZE,5,2,0.4,0.7207099957099958,0
A118GK08650JY7,10,2,1.0,0.9694444444444444,0
A118KCQBNDLCYG,5,1,0.6,1.5547619047619048,0
A118KD11PMSH7X,6,1,0.16666666666666666,0.787614468864469,0
A1193GYDEZ59X1,6,1,0.6666666666666666,1.2364923747276688,0
A119HWR3ZUN1FQ,5,1,0.6,2.1527400050929466,0
A119NOJLISZUGP,5,3,1.0,0.8518998667428136,0
A119QJ6TQ922RH,11,2,0.6363636363636364,1.202367280416061,0
A119WPCLHDVTUT,5,1,0.8,0.8682134965153832,0
A119YJZOAWTWID,5,5,0.6,0.8700466200466199,0
A11A00VAMZNSSI,6,3,0.6666666666666666,0.8109800793377028,0
A11A0MJKQFP3QR,6,2,0.6666666666666666,0.7466026176552493,0
A11A83SM55W8M7,7,3,0.42857142857142855,0.9562285008156375,0
A11A85Z916SLHK,14,2,0.7142857142857143,0.567182280636714,0
A11ANM1C813GGV,5,1,0.8,0.7923868825238689,0
A11AVO8B3DBD7Y,8,2,0.375,1.0012934662719144,0
A11B8XHBEIOLA,10,1,0.5,1.3665954283811428,0
A11C2FBX83TS07,8,3,0.875,0.9773896558631386,0
A11C2ZX984GQW6,6,2,0.5,1.1283050062130116,0
A11C7WV61TRCSJ,5,1,0.6,1.0456866804692893,0
A11CPO8OUQPXL2,6,4,0.6666666666666666,1.8750027614850164,1
A11DD4IJZ4NCNT,16,5,0.6875,0.6006766989183274,0
A11DESCRU03QNT,5,5,0.8,0.5153161078008079,0
A11DJSEC2Q423B,5,4,0.8,0.6563478483578036,0
A11DQ7P1RID4ME,5,2,0.8,0.5905102040816328,0
A11DT447YV7AAH,5,2,1.0,0.8215186162415712,0
A11DY12WLIB4UN,5,1,0.0,1.157807981492192,0
A11DYYOB53LIZM,7,2,0.7142857142857143,0.9449951072555552,0
A11E3G4BX5MPAC,5,2,0.2,0.35402597402597424,0
A11E68589YZ1QF,5,2,0.4,0.6258333333333332,0
A11E9KUJDWNPD2,12,1,0.25,1.3765273310178774,0
A11EEK26EYITTX,5,5,0.6,0.35261562305172856,1
A11EELLPLULTY8,6,3,0.8333333333333334,1.6554829266593973,0
A11EICIOKYVJPN,7,4,0.7142857142857143,0.8365066715151764,0
A11FEGYNY5LEAO,9,1,0.2222222222222222,0.6802284471789115,0
A11FPV18WFXQCF,5,3,1.0,0.6711180124223602,0
A11FTACZ2S9IOS,13,2,0.46153846153846156,0.7469028350419499,0
A11GCF3KECY6HO,6,3,1.0,0.4170507388592495,0
A11GERG49DYFF9,10,7,0.9,0.5506615596844471,0
A11GGL60114AMI,6,3,0.8333333333333334,0.47386210899315734,0
A11GR14DRA1IEE,5,1,1.0,0.49676981302969525,0
A11GU5Z86KUYNC,9,3,0.3333333333333333,1.575702858229948,0
A11GW7K1BH2H6N,5,1,0.2,1.5559875068570719,0
A11HBOXOX7CXR3,5,3,0.8,0.6170163007950065,0
A11HWSN9XT3229,5,1,0.6,0.24477633477633481,0
A11HZMKR7CJZP8,13,1,0.5384615384615384,1.6549925086981054,0
A11IHV8N5A8IC7,18,5,0.9444444444444444,0.6647458856740854,0
A11INR8WEB20VM,14,8,0.6428571428571429,0.7209022007802496,0
A11IW3NNICDT8I,5,2,1.0,0.3457249654479204,0
A11JDT8ZOQ2AUF,7,5,0.42857142857142855,0.5166766752733628,0
A11JHZASQN0AAA,10,4,0.4,1.092158637544906,0
A11JI4CX8C84OT,15,1,0.4,0.9429982224933137,0
A11JSNMZFPPLSL,6,1,0.6666666666666666,2.1365156369166582,0
A11JXS9PB728PD,16,5,0.75,1.1308138723989931,0
A11K2HXZB4Z1VY,8,4,0.375,0.9974726542894875,0
A11K8DAS19K3OW,5,1,0.6,1.736172161172161,0
A11KZ906QD08C5,124,3,0.7338709677419355,0.7596352335595706,0
A11L0WPWZ6EECO,9,2,0.3333333333333333,1.3104498348578495,0
A11LCNIDOV350J,6,1,0.8333333333333334,1.1043097756141236,0
A11LIFTP3X8SVP,16,4,0.5,1.3325262720557431,0
A11LRVWS3OTF87,8,1,0.75,0.7835635077482903,0
A11M65SJ9RUODX,8,3,0.625,0.6376092783990858,0
A11MFOTM5AOPL3,7,2,0.5714285714285714,1.2115791833759435,0
A11ND10DD5E65O,5,1,0.4,0.24333333333333326,0
A11NID9C5V1T8E,5,4,0.2,0.5852520325203251,0
A11OPVWSE8L9ON,5,1,0.8,0.907624750499002,0
A11OWHWCBEDVXN,7,2,0.8571428571428571,0.5404561824729893,0
A11P8P5YPBW8VU,6,2,1.0,0.6608465608465609,0
A11PKTC7A95ST,9,3,0.7777777777777778,1.0352063618971832,0
A11PWDHFQ7ZMMD,7,6,0.42857142857142855,0.6190749629344826,0
A11Q1C1LPEECNH,9,4,1.0,0.6612481769097267,0
A11QBSZ2ZDW786,7,3,1.0,0.9773253013048931,0
A11QD7GL1AEV67,5,4,1.0,0.8310884529928295,0
A11R1JP6KKDUMX,7,4,0.5714285714285714,0.66786716282109,0
A11R43WN681ROX,7,6,0.8571428571428571,0.2001133786848072,0
A11RJ2HYQK47Z4,12,1,0.4166666666666667,0.8708667183909302,0
A11RS5W5MDYCSF,5,1,1.0,1.534679487179487,0
A11S4NOJZGS28Q,17,2,0.7647058823529411,0.6207253235103427,0
A11SXRGPD5IW7D,5,4,1.0,0.7093254040360243,0
A11T09I465FUST,6,3,1.0,0.47301587301587295,0
A11T7CEFCSAM9W,20,9,0.6,0.6463014637092913,0
A11T807LX2EF00,67,8,0.6865671641791045,0.750113822742146,0
A11TUYIJ7ELHWI,8,2,0.875,0.673444721137883,0
A11TXE0D42UH1A,13,7,1.0,0.8622800045707255,0
A11UFTSISCZX07,8,5,1.0,0.31959498834498845,0
A11UHWNZCRMMZL,6,2,0.8333333333333334,0.8605707531239447,0
A11UMT3MKBSPW2,5,1,0.8,0.4809630606860159,0
A11V6ZJ2FVQY1D,16,6,0.8125,0.36219799166361955,0
A11W7GGC7PO28B,5,2,1.0,0.7990006448688847,0
A11WKK964L0CJM,7,2,1.0,0.5620599844412233,0
A11WYHDB1YEZOX,6,1,0.8333333333333334,1.3901709401709403,0
A11X9HWN09P7MC,7,2,0.7142857142857143,1.0952183647734,0
A11XT24G3PZ8CQ,13,1,0.9230769230769231,0.7800710949170307,0
A11XUHFTNZSL6G,6,1,1.0,0.7288172353961828,0
A11YAPIYIFL6YX,5,1,0.2,2.0044466760311166,0
A11YGG6PXLJLMC,5,2,0.6,0.5666917644742993,0
A11YKHECDV0ZTC,6,5,0.8333333333333334,1.2871230158730158,0
A11ZP93TJED4T6,5,3,0.4,0.95875,0
A11ZSVQGNB0LGF,5,2,0.8,0.29301587301587295,0
A11ZZ0CJQKEJ87,5,2,1.0,0.7339682539682539,0
A120KBT5UAQEZP,18,2,0.3333333333333333,1.029210548038931,0
A120ULF73SUTI9,10,2,0.8,1.1164228802806389,0
A120VDCYC6HMO7,5,2,0.6,0.5677591036414565,0
A120X9G1RQEXQX,7,3,1.0,0.7213901689708141,0
A12144PESJTFGO,5,1,1.0,1.0999783549783548,0
A1214595FW6QUN,9,3,0.8888888888888888,0.9056585027173263,0
A121HDE6M2YLUA,5,4,0.8,0.7386903334132886,0
A121QRWXZIO6UP,20,3,0.65,0.5335546713416167,0
A12253AMYN39IP,5,1,0.4,0.9806448666423092,0
A1228WXA2HAKDN,8,4,0.125,0.5851738920351132,0
A122IHCV9NQOD9,8,2,0.75,0.8247159090909091,0
A122R2NTS8VO3G,9,5,0.4444444444444444,0.8994170072326662,0
A122VI7ZG9IANO,7,1,0.7142857142857143,1.3404452690166977,0
A122W2UUIAN426,11,1,0.7272727272727273,0.6094987762528992,0
A12332BWHBJ1T8,6,3,1.0,0.48242955874534815,0
A123YPS6XTTEBA,6,1,0.8333333333333334,2.2232867600637345,0
A1248FMSJ6L7O6,7,2,0.8571428571428571,0.40257787325456496,0
A1249PZ3T4C5Y4,5,2,0.6,1.0538290598290598,0
A124S43ESZI5VA,5,5,0.8,0.940668044077135,0
A124XFKG7XD0IV,8,1,0.625,0.7142267655854613,0
A1257GYGK493US,6,3,0.0,0.7441280588152274,0
A125LK3ZXED37O,6,1,0.5,0.8652027796764639,0
A125VUC98HIWBF,5,2,0.8,1.4505263157894737,0
A125YTPPTOD3XT,11,2,0.2727272727272727,1.0736163491977448,0
A126NFOEDMGWJS,5,1,0.8,1.3636654135338346,0
A126OK5X360TMM,8,5,0.375,1.4526972184222526,0
A126OTEVY1QMGS,9,2,0.6666666666666666,1.0107460916116353,0
A126YJTSLQG5OI,5,1,0.6,0.2640816326530612,0
A127GWY9EUMS33,6,4,0.8333333333333334,0.6656197448033149,0
A127TSFHYRZU9M,5,3,0.6,0.9182539682539682,0
A128DOY6FTRVFQ,8,4,0.875,1.2296650115580872,0
A129DYT9HJ0W1S,5,1,0.8,0.9926999316473001,0
A129JA5N3CROTY,6,3,1.0,0.5112574499787144,1
A129ODJ5LISTF8,9,4,0.3333333333333333,0.574507210291524,0
A12ABV9NU02O29,13,1,0.6923076923076923,1.0752936042687407,1
A12AG9IF5ZOGZ,8,4,0.75,0.5795861981156099,0
A12AW4WFT0HXYR,12,12,0.75,0.6134077349783366,0
A12B899PWJI8AB,17,2,0.5294117647058824,0.7175351266918578,0
A12BD1BM69K25L,6,5,1.0,2.019664401243349,0
A12BUKR6ZSOMXT,8,2,0.875,1.033895121777125,1
A12C85BCA4ZETJ,8,2,0.625,0.9537554672909234,0
A12C9JKW3OQ5XU,8,6,0.875,1.0155767453975195,0
A12CAGU314Y22N,5,3,0.8,1.267280701754386,0
A12CJQP7CXTRPB,6,1,0.6666666666666666,1.14409998603547,0
A12CWWEKXZSBAW,5,2,0.4,0.6884624230924042,0
A12D57PPO04TUG,6,3,0.8333333333333334,0.5135488749619185,0
A12DHI42CBTWFS,20,5,0.7,1.0778980327318701,1
A12DLJESJKM1OQ,5,2,0.6,0.7466666666666667,0
A12DN7TAI020H2,8,6,0.875,0.4699900793650793,0
A12DTCU4NTWGLJ,6,4,0.16666666666666666,0.47500000000000003,0
A12E2KPAXV0ZMK,7,2,1.0,1.19156284606866,0
A12EFX9QNDUJ2I,14,7,0.7142857142857143,0.8687357633921053,0
A12EL464UVXGQ7,7,2,0.7142857142857143,0.60332149631341,0
A12EVK82QUTSA6,47,5,0.6808510638297872,0.7186445718011715,1
A12EZMJO8APZJQ,5,1,0.8,1.0673770673770675,0
A12FV6RGJDTEJK,5,4,1.0,0.5104052940570604,0
A12G3TH850QSZX,5,5,0.6,0.5875621118012421,0
A12G6KMHMD3UEM,10,3,0.8,0.7894804380493499,0
A12GKGMTXDHNW5,8,3,1.0,0.6247562404485245,1
A12GX216LFBI8T,5,4,0.8,0.48079240198782147,1
A12GX7ZUGK638N,7,2,1.0,0.21374430816031292,0
A12HAPY022GVPE,5,1,0.6,0.8157200419495503,0
A12I4SN5FFKV6E,5,2,1.0,0.6639393939393939,0
A12J88VJESWKK7,5,5,0.4,0.8194383612698456,0
A12JCBP66C16WU,6,3,0.5,0.4998673127956619,0
A12JXN1PEZA8MK,5,2,0.6,0.7776247622794937,0
A12K5H2MPVSP00,5,2,0.6,1.596958267255297,0
A12KWE1MN0I9A6,6,3,1.0,0.6297460395438953,0
A12L31UZ9HH4GR,10,1,0.8,0.8985374856016304,0
A12LGET6D9KLEK,5,2,0.8,0.8629179516136037,0
A12MWPD224ZABK,5,2,0.6,1.6100699300699302,0
A12N1AI7AFCWPL,5,2,0.4,0.7129465979940363,0
A12N3BWTRHTMAC,6,4,0.6666666666666666,1.6881870172311348,0
A12NI2IUPE897D,6,4,0.5,0.7287035301678765,0
A12NOROCXAPTU5,13,1,0.6923076923076923,0.5613579210840126,0
A12NVLOY8TZXPX,6,1,0.8333333333333334,2.540727083666613,0
A12NY7SQBLALT5,5,2,0.6,0.905288566243194,0
A12O92ASZ1S4TO,7,7,0.8571428571428571,0.9568210816196908,0
A12OILS0DDD1K9,5,2,0.8,0.726141741963243,0
A12OPFEXX5OA98,5,2,0.8,0.2980630925138934,0
A12P9MVV9ER287,5,1,0.8,1.1939655172413794,0
A12PAA7R2U81VS,5,2,1.0,0.5290912104964756,0
A12PH00HFV7N7Y,5,1,0.8,0.6246341463414634,0
A12PJD32Y6MGSK,5,2,0.8,1.2887492792065505,0
A12PWO55I1DD9L,5,2,0.6,1.6283975936560022,0
A12Q4A8T7C2N1J,5,1,0.8,1.4899868247694332,0
A12Q9DAI5A6GN1,5,2,0.6,0.9877610458024332,0
A12R6IA3B51BTQ,12,3,0.3333333333333333,1.348977800899867,0
A12R72ZG1GP4WY,5,1,1.0,0.7097076023391813,0
A12RC688FIL54Y,5,5,0.4,1.2553940886699508,0
A12RMM93L53URA,13,4,0.46153846153846156,0.7905012921603828,0
A12S8UQEIPZJKE,22,2,0.6363636363636364,0.6892284186401835,1
A12SNT5498ZHNO,5,1,0.2,1.5096500983293435,0
A12TF4K3ST8G4,10,3,0.2,1.0651458134949594,0
A12U4DDHUT7AYD,6,4,0.3333333333333333,0.3150752920914211,0
A12U5BTKIFRH95,8,3,0.875,0.47226316553579073,0
A12U67U4XQK8RQ,6,2,0.8333333333333334,0.4847009998113562,0
A12VFCTTG3FFRW,6,3,1.0,1.2497605363984674,0
A12W30W23UU5K,5,1,0.8,1.7121390374331553,0
A12W8NRSYR593I,6,1,1.0,0.38785253610154696,0
A12W8RRXU5DUAC,6,1,0.3333333333333333,0.9873015873015873,0
A12WI6F5DSS8JX,5,2,0.8,0.676100560321317,0
A12WNOF88S894E,11,7,0.8181818181818182,0.4103354781136834,1
A12WV3TL2PXS5Q,19,11,0.8947368421052632,0.5350879575572488,0
A12X4GPRZKCUA7,7,2,0.2857142857142857,0.8347211683107687,0
A12XWF0V6MN5M4,8,6,1.0,0.3957727882819796,0
A12YEFKGOAJQ5M,12,8,0.6666666666666666,1.11276918887213,0
A12Z5X037TK440,5,1,0.4,1.1154761904761905,0
A12Z78HEDILMPK,5,2,0.4,0.45335272152807704,0
A130BB7XI2FFQO,7,2,0.8571428571428571,0.6536804212336126,0
A130CQASSZLPTG,7,4,0.14285714285714285,1.2217912834866056,0
A130VGG4P4PW5J,15,1,0.9333333333333333,1.0401892435580116,0
A1312B1367WVOB,5,1,0.8,0.7549350649350649,0
A1316A39SBUV38,5,4,0.6,0.7566542619174199,0
A1317QE44GXBCW,5,5,0.4,0.9240070765148165,0
A131EK7QBO1PBE,19,2,0.631578947368421,1.017844736435589,0
A131KQZQ5TUI4V,5,1,0.6,1.9753968253968253,0
A131UZDRV9FQSW,6,2,0.3333333333333333,1.12400393421505,0
A1322OXUGWSSAD,5,2,0.8,1.2793339227821987,0
A1323GVRLTJ6LC,6,1,0.6666666666666666,0.8781135883174374,0
A132H66QDUL54L,9,3,1.0,0.5829476861429688,0
A132L0QWXE6B1,16,3,1.0,0.9195547165122088,0
A132STQ0KVAPWK,10,4,1.0,0.7819980688184742,0
A1338LC1J4GR3T,5,3,0.6,0.8974430641821947,0
A133FK8886PGZ2,6,2,0.8333333333333334,0.8600433335727452,0
A133PRBW9TD9G8,7,2,0.7142857142857143,0.6582372079266491,0
A133UN16DP7AZL,5,3,0.8,1.0832467532467533,0
A1345PBNQTJLU3,7,2,0.5714285714285714,1.6594514401505283,0
A134BO5FSFIZ7F,8,5,0.625,0.7741673996066771,0
A134FLGRITEKQU,5,2,1.0,0.5713995395729141,0
A134OXKUUA2N57,11,1,0.7272727272727273,1.5870146391506792,0
A134XZNXCGU7JD,7,3,1.0,0.3520681336536682,0
A134YX8MCJKY9X,7,4,0.8571428571428571,0.8627928586922662,0
A134ZZ342PLBDG,19,6,0.42105263157894735,0.6309644156752645,0
A1352CY7YSYAJS,9,3,0.2222222222222222,0.8913401843335014,0
A1358SQFP6J17M,6,3,0.5,0.43331781180078366,0
A135D9A7QG4PS2,6,1,1.0,0.6514942324905846,0
A135SILTA7MLTE,11,2,0.6363636363636364,0.6784784961415397,0
A136GYNC7N6VJI,5,2,1.0,1.0629509379509379,0
A136QHBYMSF3QA,12,5,0.8333333333333334,0.8720932242360814,0
A137TFG83UJFYW,5,1,1.0,0.8668083257073664,0
A137YN42MHHIVX,16,1,0.5,0.6830402236652237,0
A1384AO8T3310I,6,1,0.16666666666666666,1.221936274509804,0
A138HQQKDY777Y,6,1,0.3333333333333333,0.5292633676867804,0
A138KVPMCTXA68,5,4,0.8,1.152307436226325,0
A138NZC60X2CJC,7,2,0.7142857142857143,0.8553221288515406,0
A138Z5HK8H0CLR,7,2,1.0,0.41188768897449396,0
A139084IQ5GB0I,7,2,0.8571428571428571,1.087546582324768,0
A139TW6D1NB95V,5,4,0.8,0.4908093203534625,0
A13A8O2M91RZ4Y,9,3,0.7777777777777778,0.8082786537990558,0
A13A943ZWQVT0Z,17,5,0.8235294117647058,1.3763313513192958,0
A13AMF3QJK1S15,7,2,1.0,1.1363900963513465,0
A13B7T48AHY6AV,8,6,0.625,0.3988883894518904,0
A13BBZNBM0WZNU,7,3,0.8571428571428571,0.5247841952226314,0
A13CGIHLMZRYRR,7,5,0.8571428571428571,0.6861153326578858,0
A13CJCCDQOO5RA,5,4,0.6,0.6601008403361346,0
A13CROC9CRHZR,8,1,0.875,0.6698486412108702,0
A13CYSZFD71BWJ,5,1,0.4,0.45713388061214155,0
A13D4AOJLCKNSY,8,4,0.875,1.6584702105847904,0
A13D89IFXE9UFI,5,3,1.0,0.3952767861762121,0
A13DOYABNZ49MV,8,6,0.75,0.8514790212845825,0
A13DTH893NN3ZM,5,3,1.0,0.9314534084987447,0
A13E0ARAXI6KJW,10,3,0.3,0.8630982354359636,0
A13E2O57POISO7,9,1,0.4444444444444444,1.4661106394619494,0
A13E560OURMHVA,6,4,0.6666666666666666,1.1417151372466183,0
A13E7XVEXH3Y40,5,1,0.4,0.5612578616352202,0
A13EILK2QBFULS,5,2,0.4,0.9459705491610195,0
A13EQE9EY2ET93,36,2,0.3055555555555556,0.767859151761392,0
A13EW30BASZX4D,5,1,0.8,1.4248558731860135,0
A13FBPNGRJXECS,5,5,0.6,0.9111159160313497,0
A13FNVCPZYKIAM,11,5,0.45454545454545453,0.8765961754518361,0
A13FPF2T69TQJH,7,6,0.8571428571428571,0.4496079776703401,0
A13G3DQVH8LYNW,8,8,1.0,0.5328895623325907,0
A13GH275PGH7MG,6,5,0.5,0.8157924637091304,0
A13H8Z0F3FJ5AO,10,3,0.6,0.6069793184310927,1
A13HI5K3F3OMMA,6,2,0.6666666666666666,0.6081871345029239,0
A13HRBF6V8E8K2,8,2,0.375,0.7746441058941059,0
A13HUE4D2KGH8O,21,3,1.0,0.4572359448899392,0
A13IEAQ1T6PT98,5,2,0.2,0.9,0
A13IF3AK5HAFIS,6,6,0.6666666666666666,0.5927735133158177,0
A13IGL87IS7LHI,7,4,0.7142857142857143,0.9262075622789909,0
A13IOOE7SHE08W,5,4,0.4,0.35540424455095965,0
A13IV0A6P6VY0B,5,1,0.8,1.4490688259109312,0
A13JB1PC2F89MY,14,5,0.7857142857142857,0.6474633769800894,0
A13JEXKJPGLXPK,5,2,0.4,0.9669066976384052,0
A13JK2W22MD4GY,5,4,0.8,1.0823665223665224,0
A13JMJCADZLYIV,11,1,0.36363636363636365,0.6504637608928822,0
A13JP4NNHYMLYJ,6,2,1.0,1.6135477582846003,0
A13K362S8JRU1G,7,4,0.5714285714285714,0.4257549989692847,0
A13KU488TJE4PV,6,2,0.6666666666666666,0.7008669727385121,0
A13KUKTVB3HOCT,9,1,0.7777777777777778,0.991115520282187,0
A13L0WDH5UERTA,8,3,0.5,1.5696485136361653,0
A13LHEW3590QSS,6,3,1.0,0.6494887480741937,0
A13LIHZAH2RYG,6,3,0.6666666666666666,1.007170542635659,0
A13LOB9GV3LY39,6,4,0.3333333333333333,0.8104066985645932,0
A13MPH77KVE9NH,14,3,0.2857142857142857,1.0752118401002608,0
A13MPIMRWHTQ2Z,8,2,0.625,0.7965213773681514,0
A13MWIJU54DJEC,9,3,0.8888888888888888,0.5949798660167029,0
A13NBCL0X46802,5,3,1.0,0.927601809954751,0
A13NK37MCF7Y49,5,2,0.8,0.9876623376623377,0
A13NRL82GSVEA2,7,2,0.7142857142857143,0.5529108587826855,0
A13NXNI1984BHP,7,2,0.2857142857142857,1.218501313568906,0
A13O00BU4K4RG2,8,5,0.625,1.0866704816867823,0
A13OV96DEUAR1F,16,5,1.0,0.5308025230945536,0
A13PD0PF0KAAUO,22,2,0.2727272727272727,0.9408103346040416,0
A13PDEZT29QGR0,5,2,0.8,0.6986478939524668,0
A13PJB7TZIT62U,5,3,0.6,1.4102932809686366,0
A13QDKVQGRNMAY,6,3,1.0,0.6331264939624073,0
A13QR60U8MRNXP,12,7,0.75,1.4400504941225716,0
A13QTZXOSEGJD8,9,2,0.1111111111111111,0.727469492260781,0
A13R0MVWXP08NL,5,2,1.0,0.31835188809161413,0
A13R0XX727WQB8,7,3,0.8571428571428571,0.39271293312646705,0
A13R24I6V73XS8,5,2,0.4,2.483059038662487,0
A13R2XAYRDCF13,6,2,0.8333333333333334,0.5615801679631466,0
A13RN2I934Z0N1,5,1,1.0,0.5895843045843044,0
A13S73MK9GQG4Z,5,5,0.4,0.9043685300207042,0
A13SAAHO6SPIRC,5,2,1.0,0.750296819122906,0
A13SC4R3K4C8P2,13,3,0.8461538461538461,0.8977691430241416,0
A13SU76YMPHSKC,6,1,0.3333333333333333,1.224746532400869,0
A13SV3DZKFOES9,5,5,1.0,0.5649689440993788,0
A13T2PI51VAYEQ,10,4,0.8,0.9008143627291789,1
A13T2PZDL9U3ES,5,5,0.6,0.30860836778867745,0
A13TDBULHW91RK,5,1,1.0,0.821111111111111,0
A13TRW12RTM5GR,17,5,0.6470588235294118,0.42423603024597134,0
A13TZE5YEGK4K0,8,3,0.625,0.41274647230352474,0
A13U3T3L4DHAE0,5,5,1.0,0.6592517006802721,0
A13UPO9KLR2SFL,5,4,0.2,0.44303236905823873,0
A13UQNMCNE8LPG,5,3,0.6,0.7662091085667877,0
A13UR3BO2I06WM,5,2,1.0,1.4495268210050818,0
A13V1YUISXUH2P,9,1,0.6666666666666666,0.696257797572604,0
A13V1ZWGVTHU6Y,7,4,0.2857142857142857,0.559472273757988,0
A13VHU0AT3JOLO,6,1,0.3333333333333333,0.36536025662533606,0
A13VJYR6NWK0A7,6,6,0.6666666666666666,0.2686390167523576,0
A13VKWDIQWTZHR,5,4,0.6,0.8333028747411548,0
A13VP7IOKP9WZV,12,2,0.6666666666666666,0.7149902374095921,0
A13VPFBI3J7ORD,5,3,0.6,0.47319924862544005,0
A13VQH68WGWYA9,5,2,0.6,0.7900046008741664,0
A13WF5JLZ9S22U,5,2,0.8,1.184833635813672,0
A13WMC6L7CYJY,5,2,0.6,0.490995670995671,0
A13WVPOHBUYYK8,5,3,0.4,0.37333333333333324,0
A13X3973E54KAX,5,1,1.0,1.6043090243090243,0
A13XLRDZESR1DD,5,2,0.8,0.6525697865353036,0
A13XSC3JNIMHJX,6,1,0.8333333333333334,0.6425662702836615,0
A13XV5E9GO2RTJ,7,2,0.8571428571428571,0.7096319903470556,0
A13YCEHOME8UYC,10,2,0.9,0.49371300764533677,0
A13Z8N2KPJQIHS,5,1,1.0,0.6999675975653418,0
A13ZFIPTZ0IVGF,5,2,0.8,2.14981684981685,0
A140EBPRD09JJ6,11,3,0.7272727272727273,0.5566065250625294,0
A140I400C1OSHU,5,4,0.8,0.9054874949611792,0
A140OJ8868CWG2,6,6,1.0,0.4909776727750583,0
A1415U52KHEJ14,17,13,0.4117647058823529,0.7772092773538433,0
A141FQTJZSENM5,6,4,1.0,0.6321341833636916,0
A14227U9GV9WP5,6,2,0.5,0.6970952964519141,0
A142B32XNL4ATO,5,1,1.0,2.2305916305916305,0
A142J8H87K9W54,5,3,0.4,0.5759883113274205,0
A1435L5L25DGN1,6,6,1.0,0.6100817735745093,1
A1437CAM9CNC1E,35,2,0.45714285714285713,0.8411434403564085,1
A143H5DG75E3I9,9,1,0.6666666666666666,1.1921058751644902,0
A143LJ4G2OPP7T,18,7,0.8333333333333334,0.8135946635841594,0
A144FHU3VKL4P9,19,4,0.7894736842105263,0.6601740751739137,0
A144KMKIYK1CXC,5,2,0.4,0.6280988640988643,0
A144LF2QWLG1ZL,9,2,0.6666666666666666,1.9407462604183914,0
A1451WNQDLL505,6,1,0.6666666666666666,1.0753445165945166,0
A145B8OHVNNFAJ,45,3,0.6444444444444445,0.6914344203801521,0
A145J9GK9QXOED,7,4,0.5714285714285714,1.2993390338591575,0
A145LBW8ZHF0TW,34,3,0.7647058823529411,1.0097905347618603,0
A1464H4HQV0G78,8,4,0.625,0.8811898654810761,0
A146CA37V0450V,34,5,0.5294117647058824,0.8820734603101567,0
A146H6A41B26QT,16,2,0.6875,0.9388858583919067,0
A146L0JWX6KKYJ,5,2,0.8,0.5294264558232932,0
A1473FE8B0XFEE,5,1,0.4,1.2940959040959044,0
A147I3OUHEPT8U,5,2,0.6,1.4900241705119752,0
A147M79UHMEBN5,6,2,0.8333333333333334,0.8372145455612273,0
A147NR0ZMEVCUP,7,2,1.0,0.4621166474614391,0
A147ZWAKYXYFB0,5,3,0.8,0.45467213114754096,0
A1481F3USW2ONT,5,3,0.4,0.4823403019744483,0
A1484U2Y4YFX2R,9,1,0.4444444444444444,0.8363965469228627,0
A148G2MH3DV2NU,8,3,0.875,0.6395771071313945,0
A148NV6Z0HM46X,6,1,0.8333333333333334,1.1863695090439277,0
A148RD0JTFTUWU,10,3,0.9,0.9126382488479262,0
A148SVSWKTJKU6,10,2,0.5,0.6754059995183626,0
A149189MMFBN43,5,2,1.0,0.8835016835016833,0
A149D2HQAWI9BG,7,4,0.5714285714285714,0.87619864153822,0
A149EPYL6YG1EI,5,1,0.6,0.724864158829676,0
A149K25QOJMH04,5,2,1.0,1.171468202851775,0
A149OJG2Z2WE00,10,3,0.7,1.026952704676487,0
A14AQ94H5UFUDJ,7,4,0.2857142857142857,0.8946652345148587,0
A14B7QB8G61LO5,5,4,0.6,0.5563449062112971,0
A14BOQH9MGNDAD,9,4,0.5555555555555556,0.5448983477645979,1
A14BVDLAQH9ZXA,12,6,0.6666666666666666,0.6892627242076642,0
A14CMQKJDXG9P1,8,3,0.375,0.604539512850088,0
A14D3GEKTC18JU,7,2,0.7142857142857143,0.5878418803418805,0
A14D9Y2FDJEMX4,9,2,0.7777777777777778,0.5416121345301289,1
A14DI9HDK2JTEC,10,7,0.7,0.41005410349876037,0
A14DKZ3260HJ8Z,5,2,0.6,1.4864594101550623,0
A14DQVZM2SCWZN,7,2,0.8571428571428571,1.1869682196004498,0
A14DZ4DT1H96HI,8,2,0.375,1.6000752966583216,0
A14ENWEKTHCBXR,16,2,0.9375,0.8531314148630337,0
A14EQKDO4QXMRR,6,1,0.8333333333333334,0.9993983614951357,0
A14EU6NWFFIIQQ,7,2,0.42857142857142855,1.1407482993197278,0
A14FFSOOTP0FR,8,3,0.75,0.914357082666942,0
A14G1JNAHOYX1,5,1,0.8,0.8014035087719298,0
A14G6HY50L3UUW,10,1,0.6,1.408655633582104,0
A14G7W2YFFNM43,5,3,1.0,2.989273182957393,0
A14GOIC2XB5CAD,9,2,0.8888888888888888,0.8040353492086708,0
A14GS1XORCUL9C,16,5,0.875,0.49361089410954484,0
A14H32NA22S9WM,10,3,0.4,0.6466336172787785,0
A14H409B3FO7OC,5,2,0.4,0.866060606060606,0
A14H4JFNIDZ2GP,6,3,0.8333333333333334,0.5513709606254745,0
A14H9KMAMC590S,6,1,0.5,0.47349798382028346,1
A14HCTUBLWDJJ2,5,3,0.4,1.0121509316471697,0
A14HHZ0MHJ0O27,12,7,0.75,0.6414671825805027,0
A14HLXYXSDAON9,22,6,0.7727272727272727,0.6891769203943569,0
A14HTFEFWJCGFN,5,1,0.6,0.7870952380952378,0
A14I5GLI33UV6Z,5,3,0.6,0.8564634057176284,0
A14IDWDVENCTJJ,10,2,0.4,1.866711344453103,0
A14JBDSWKPKTZA,69,2,0.7536231884057971,0.780062276611159,0
A14JPYWVG9FBYC,6,5,0.6666666666666666,0.42110717971399086,0
A14JTNLOWCAOP5,5,3,0.4,1.1174147167784496,0
A14JUNRPE04MBE,6,3,0.8333333333333334,0.49075448361162644,0
A14KIKKVC2HVRS,6,4,0.5,0.8696391040653338,0
A14LG64GIVZIGS,25,5,1.0,0.6882475094804188,0
A14LKBOG9SVEFT,8,3,0.625,0.9126079383769994,0
A14M1D3PBFTGTD,7,2,0.0,1.055359281746486,0
A14MITEXWCKIXW,5,2,0.8,0.49096529622209745,0
A14MK0W83CBEPN,7,3,0.2857142857142857,1.1347272759232891,0
A14MMUI3BSFKS6,6,3,0.6666666666666666,0.8346494169696541,0
A14MURR1WAXFA,6,6,1.0,0.6034078341885337,0
A14N0K6CXW35AG,5,2,1.0,1.7844283659409712,0
A14N4ZL3EDJ0LO,8,2,0.625,0.8474364177489178,0
A14NA0W8ESGDSI,43,2,0.46511627906976744,0.6492814152689327,1
A14NNYLYNREN3W,8,3,1.0,0.815692007797271,0
A14O7JQPKJPUF6,5,4,1.0,0.9875498975078217,1
A14OKD0J24VOGI,5,3,1.0,0.36990485148379887,0
A14P4Q15IN6DDA,5,1,0.4,1.4254965634066086,0
A14PBX4WJINLCT,7,4,0.2857142857142857,0.4670761423211155,0
A14PGOARRULTX8,7,3,0.8571428571428571,0.49019836584771664,1
A14PK96LL78NN3,8,2,0.375,1.3319752804666596,0
A14PR3SQOSUDJU,5,5,0.6,1.3691802096524552,0
A14Q3RGHAZ8YD6,5,3,0.4,0.9814123440210395,0
A14Q68Z8YBVQF4,5,3,0.8,0.9358951409398282,0
A14QNO4ZUWADO0,12,2,0.4166666666666667,0.7765854795526458,0
A14RFF9JUIM34U,25,8,0.52,0.8870667215355448,0
A14RRB1ZFHD28Y,6,2,1.0,1.6090354090354089,0
A14SA1LJIIHWW7,6,2,1.0,1.1621961333138047,0
A14SQ4R697K29U,5,3,0.8,0.9485015140513365,0
A14TIPMVK2NXBC,6,2,1.0,0.7830675172780435,0
A14TJSEED0J63F,6,4,1.0,0.43982870353958764,0
A14TKD5T3K1QEW,6,2,0.6666666666666666,1.4976608853505475,0
A14TKH1RKODH67,6,4,0.3333333333333333,1.2417847833170412,0
A14UCY3VQ6BSMV,5,2,1.0,0.5679761904761905,0
A14UDM760R8HEA,6,3,0.5,0.5068027210884353,0
A14UE4XQKDZN13,5,2,0.6,0.3914035087719297,0
A14UEG7J3LVT4F,7,3,0.8571428571428571,1.136002886002886,0
A14UXJ0TN7VIST,10,4,0.4,0.7718210247157616,0
A14V2EWHFBU1VG,6,5,1.0,0.8788156288156287,0
A14VAT5EAX3D9S,5,2,1.0,1.2450522138680031,0
A14VBOK755MQ5L,5,1,1.0,0.6174358974358974,0
A14VM6RP7G4UP2,7,3,0.7142857142857143,0.8245733381071726,0
A14W3IKCNQ77KM,5,4,0.4,1.042462962962963,0
A14WOPD0VY6EKO,6,2,0.6666666666666666,0.6263537675452663,0
A14WR90IP2ZITO,12,5,0.6666666666666666,0.963748765116183,0
A14WY8OB3G5OGH,8,5,0.625,0.9619047619047619,0
A14X9ZS4UVLLU,7,4,0.0,0.3370157536698889,0
A14Y0K6ELUJZPF,5,4,0.6,0.6598044965786902,0
A14YJ502Y9HHL8,11,4,0.7272727272727273,0.6331815486520813,0
A14YZVQTMRO7NE,10,3,0.4,0.4732701097185438,0
A14ZIWJ40SAIN9,5,5,0.4,0.9379806468041763,0
A14ZM0AX0LZNT9,18,5,0.7777777777777778,1.1627000618049348,0
A14ZMPSQIQYMQX,8,2,0.75,0.3727750637213255,0
A14ZU0V7CFWMJ3,6,5,0.8333333333333334,0.7647025813692481,0
A1508N0BTINOGU,5,4,0.4,0.27428571428571435,0
A1508QCTX91AYM,7,4,1.0,0.327481376508095,0
A1509H7UUWN90Y,6,2,0.3333333333333333,0.7947119940827035,0
A1509YCCYCYQQ3,23,2,0.43478260869565216,0.5834121754619956,0
A150ELARPGPY4T,7,5,0.7142857142857143,0.8194433324741769,1
A150HGBMERW2T2,11,6,0.9090909090909091,0.9067466172000003,0
A150Z08BYUXGPR,5,2,0.8,2.094444444444444,0
A151EUL2C4GJNE,6,3,0.6666666666666666,0.5545500251382603,0
A151GLGBH5MUV8,6,4,0.16666666666666666,0.5513143498822499,0
A151IA6N46ZMQA,11,8,1.0,0.4327659311549791,0
A151ZCR9ZLGI5E,5,3,1.0,0.6106897295361792,0
A1522TN5FVJL0Y,25,3,0.64,0.5353172302520135,0
A152KDPYT6YX32,19,4,0.7368421052631579,0.9128234674825207,0
A152W19JNMN6VP,5,1,0.2,0.6752123938030985,0
A15333ONNT2R0F,5,4,0.6,0.472857142857143,0
A1533UHM87FNCQ,12,1,0.6666666666666666,1.1687098373911875,0
A1537UDR8AHNRB,9,2,0.7777777777777778,0.7801229731277133,0
A1539C26K9QX29,7,3,0.0,0.4896174863387978,0
A153OJR22XJQF1,5,4,0.6,1.8666485834840265,0
A153WVL696ZWZC,7,2,0.42857142857142855,0.8469468419778979,0
A153WZ28YAHOHS,6,2,0.6666666666666666,2.1776761517615175,0
A153ZGL6N79SK7,5,4,0.8,0.6316231633754451,0
A154IITKB9DL6I,6,2,0.5,1.0956196581196582,0
A154R0EH8V8J23,30,3,0.7333333333333333,0.6461266536490418,1
A155904W2BPBQB,8,2,0.625,0.5696226956417173,0
A155WK4J425WSQ,7,1,0.8571428571428571,2.6721706789304505,0
A1565CDTDK79WE,5,4,1.0,0.4802197802197801,0
A156CN4CBPIZHJ,5,5,0.6,1.2143174603174605,0
A156KK9U5E8PE9,8,1,0.75,1.8763278388278388,0
A156MJLYNC0N9I,8,3,0.875,0.5996534549398249,0
A157QVHN4DCSVY,9,8,0.8888888888888888,0.5975811021559203,0
A157SSOG9HR7PJ,6,2,0.8333333333333334,0.3498776521746168,0
A157UIVPN0NYNN,5,1,0.4,1.0150000000000001,0
A157V5FZZNHC9U,5,2,0.6,0.5717216117216117,0
A15814Y2OQV3PP,5,3,0.4,1.242239949438895,0
A158Y9463OB29M,10,1,0.7,1.4268532224004051,0
A1591PJYM84XQT,20,3,0.8,0.6401608050593989,0
A159MP5R9JG06G,5,2,0.6,0.9801577418015773,0
A159OC051GQAVB,10,3,0.9,0.9464813325068695,0
A159RWUMB4WW86,5,3,0.8,1.096260288730877,0
A159XCYYWP5ZAT,6,2,1.0,0.6974041563864111,1
A15A0ZP0U8TWR3,6,2,0.5,0.5466666666666667,0
A15ACMKT7KBS67,9,2,0.8888888888888888,0.7011585380698997,0
A15AJIAQXLPBQ2,5,2,1.0,0.6942690058479533,0
A15AS4VQVMO9DH,11,3,0.9090909090909091,0.831157614586915,0
A15AWJSRSMYJ60,5,4,0.6,1.1897383866133868,0
A15AXDU8XPIWTW,6,1,0.6666666666666666,1.2137862635174466,0
A15BWMJ9L9BMZC,11,6,0.8181818181818182,0.5320259746476893,0
A15C61PMI4SSLG,6,1,0.8333333333333334,1.0994782706770252,0
A15C76EQOSOOED,5,4,1.0,1.0410311493018258,0
A15C8OVM4U0DRH,5,3,0.6,0.8155299002688217,0
A15CGKCIFLL8W6,7,5,0.8571428571428571,0.6879595799210053,0
A15CKZDUMULGOW,5,2,0.0,0.5355092364532019,0
A15CL28ALB7MTZ,44,3,0.5454545454545454,0.6732515304584438,0
A15DESEJI0EMFT,7,2,0.7142857142857143,0.8432350639444461,0
A15DJ0PXR7E9FC,6,3,0.6666666666666666,0.4751742160278747,0
A15DS9D143VMN5,9,5,0.5555555555555556,0.8658299217122747,0
A15E1U71O19I92,9,9,0.7777777777777778,0.46956392373059025,0
A15EQ28RY9MC5S,8,4,0.5,0.6843115260978533,0
A15EQ9J0E2B95M,19,4,0.3684210526315789,0.8155456015150224,0
A15EW3G10SZ1VE,10,2,0.7,0.4389039408866996,0
A15F0X7UOLWKT4,9,4,1.0,0.51688966603251,0
A15FAIM6JVNHT1,5,2,0.4,0.3328607726212082,0
A15FE1GJSZH88D,5,2,0.4,0.9685042735042735,0
A15FT1LE5BN6XA,8,2,0.75,0.7490444214876034,0
A15FU4A0FN5I0R,5,5,0.2,0.5784863072314932,0
A15FWJHO4VIPJS,18,4,0.9444444444444444,0.9756500766131357,0
A15G3AAFWI98CJ,5,4,0.4,1.0435625353706848,0
A15G70V9OBTOVO,32,2,0.3125,0.8208830668843871,0
A15GHGDXRX4VH1,5,4,0.8,0.5652283364958887,0
A15H05LXTY7WQU,5,1,0.2,0.9481604236708222,0
A15H3C1F9GTIV1,5,3,1.0,0.7402564102564103,0
A15H94OLXGM2QE,6,3,0.8333333333333334,0.9265469967982441,0
A15HDQYFJHFYGN,6,5,1.0,0.5610178997300626,0
A15HQC9HRAEBQ5,10,2,0.8,0.7651550646417099,0
A15I8382ZMJYVI,5,1,0.6,1.6393624584336657,0
A15IEJ5PYMYY6V,5,1,0.2,1.7238966452491042,0
A15IF5XBJY2VMB,5,2,0.4,0.904648952579987,0
A15J253JLRZK3O,5,4,1.0,0.6988888888888887,0
A15J7NDEFKDO57,10,2,0.8,0.7381487649548538,0
A15J8ZIH998DQ6,5,5,0.8,0.7387395110799367,0
A15J9VEAZGFYOD,5,2,0.6,0.3829545454545455,0
A15JC246UXZV5Y,28,2,0.9285714285714286,0.5583870360552856,0
A15JSF1ZVFO3LA,7,2,1.0,0.33443073409441115,0
A15JXW5JKJGFO8,7,2,0.5714285714285714,0.4954980014533104,0
A15KEPPOHK334E,8,7,0.75,0.6235687149211055,0
A15KU106QR0UXI,6,2,0.6666666666666666,0.9339255560099642,0
A15LBV9P4WA7SE,5,1,1.0,0.7777391127391128,0
A15LFZFZ389K72,5,2,0.6,0.649533620043479,0
A15LRA0O06IW92,7,3,0.8571428571428571,1.0611896432736014,0
A15LVXQI2YXB4Z,5,3,1.0,0.7692958459979737,0
A15M18BY0Y5VG5,7,1,0.5714285714285714,0.7383549525943944,0
A15M87NSH1OR7G,6,1,0.8333333333333334,0.9777096494487799,0
A15MFTBDJP4V56,6,3,0.8333333333333334,0.4699735449735451,0
A15MM78R3WY34F,5,2,0.6,0.6117275984203886,1
A15MXB5POWA78E,12,4,0.5833333333333334,0.7263148956163663,0
A15N98C8HBYE85,7,5,0.8571428571428571,0.36425377349799504,0
A15N9GJS15RB1Q,6,2,0.8333333333333334,0.8068065159836294,0
A15NBG9R0ON7UL,8,2,0.75,0.7446012847380715,0
A15NDUR69UAT7Y,7,1,0.42857142857142855,1.3083895339745093,0
A15NF7U92DCBFK,6,3,1.0,0.4266702907477032,0
A15NFAT4JJBOO,6,1,0.8333333333333334,0.6994658598106872,0
A15NH8SJ369C07,7,6,0.42857142857142855,0.44119936197564547,0
A15OAV3WRDB3HF,12,2,0.5833333333333334,0.9746811297791244,0
A15OR1LSXMMMXF,5,2,0.2,0.6113978494623654,0
A15PNG5DK1C4AW,5,3,0.6,0.5109584859584859,0
A15Q4EKG4Y9HH6,6,2,0.16666666666666666,0.46446302327930117,0
A15QDF29CM6ZD5,12,5,0.3333333333333333,0.9638192515262028,0
A15RAKU8EGD6OX,6,1,1.0,0.8665258057245887,0
A15S673QB0NKPS,11,4,0.8181818181818182,0.6178056078942997,0
A15S6B2C2IGFK8,5,1,0.4,1.3072727272727274,0
A15SA1HFUOHNAE,6,1,0.5,0.8361111111111109,0
A15SB5FXRONN7N,12,3,0.5,1.2654090764544728,0
A15SGFFV68SQ98,7,2,0.7142857142857143,0.8158401324015395,0
A15SK0MDCPBDYA,8,1,0.75,0.4182681999750899,0
A15SRXZKLL3GEP,5,2,0.8,0.8086363636363636,0
A15TBSQXO92SVK,6,3,0.6666666666666666,1.2030516105077507,0
A15TWJFPQKWQ3L,5,1,1.0,0.3566108452950557,0
A15TWWWESR6LDV,5,5,0.0,0.8013333333333333,0
A15TZXUC8B98B7,5,2,0.2,0.672905982905983,0
A15UA3U23AB7AU,7,4,0.5714285714285714,0.6998706029510833,0
A15UUAL4CUZKC2,5,1,1.0,0.47796296296296303,0
A15UUL13Q9IGTB,5,2,0.8,0.6665346057451321,0
A15VUE5G0WQMYB,13,2,0.8461538461538461,1.786669728516994,0
A15X0PLH5OQAK4,6,3,0.6666666666666666,0.9015111017516578,0
A15X64ZP06H8GP,5,1,0.4,0.6011481056257176,0
A15YEPP645K2KD,6,1,0.5,0.9685355214960478,0
A15YXD429EZ5PI,5,2,1.0,0.7288278220635201,0
A15Z6DU12HCENF,7,1,1.0,2.249834451293484,0
A15Z6LKYCKH79L,5,2,0.4,0.7645454545454544,0
A15ZEX6Q7MAZFK,5,2,0.6,1.1879620927318295,0
A15ZFIUS5H3IKF,13,1,0.6153846153846154,0.5820295085150428,0
A15ZHA83WYW1LX,7,2,1.0,0.9109307567112868,0
A15ZM3XM78HBTD,6,2,0.6666666666666666,0.44120879120879125,0
A15ZT939DXGJ3G,9,3,0.4444444444444444,0.38016273849607174,0
A1600SB454LHE5,7,4,1.0,1.1854649692924626,0
A160663SCQJIU,5,2,0.8,1.1424426450742238,0
A1607VTP4S9UTD,5,4,0.8,0.26720779220779234,0
A160RLYLLCYD2E,5,2,0.4,0.7828828828828829,0
A160UPRRDIM2I,6,2,0.6666666666666666,0.6197852152218792,0
A1616BYDZSJ0O1,8,2,0.5,1.0887896825396823,0
A161CYGM4UDE2Y,5,2,0.4,1.2944343891402714,0
A161GHCOYQM6WH,6,2,0.8333333333333334,1.294862668967501,0
A161MTE56L17RK,6,4,0.6666666666666666,0.658912909893302,0
A161NHWBIPVC40,5,4,0.2,0.8718899521531099,0
A16259GQNNS1Y6,5,2,0.4,0.6264423174829448,0
A162BBV0C0ZFNK,8,2,0.75,0.7044403513153512,0
A162H0GEEUFE18,5,2,0.8,2.2128701535258912,0
A162M4KM9LLKIN,10,5,0.7,1.564091268252725,0
A162N7DWV1DJSM,5,1,0.8,0.5566396332576072,0
A162RT5UH3BP33,10,3,0.8,0.9282658730158729,0
A163G3NOQZF8OJ,5,1,0.0,1.0299866480900963,0
A163PDXNGQBQAE,7,4,0.42857142857142855,1.574746683383822,0
A163S6S1WXMGV8,5,2,0.8,0.9395011337868482,0
A163X9BJ4G2WLH,5,5,1.0,0.7189355742296921,1
A164B091QEZH56,5,3,0.8,0.544171790054143,0
A164C5LOEXDOWQ,6,3,0.5,0.5525405648991116,0
A1656PD7I7HNRX,6,2,0.8333333333333334,1.0951058201058201,0
A165M5I7VOJ663,5,2,0.8,0.7550793650793651,0
A165SDH11RSHYH,8,2,0.375,1.166534280936455,0
A165SIAGH1GXF6,7,4,1.0,0.7607535321821037,0
A165V5XOD0LNSR,6,2,0.8333333333333334,1.9592500092500094,0
A165WJDRP7ZJYS,7,4,0.8571428571428571,0.6716665205102004,1
A165ZGKC9YH473,6,3,0.6666666666666666,0.5385948097878215,0
A1663X1FKJE1SM,8,2,0.25,1.0015822809695962,0
A166NRU4SYKDL4,7,5,0.42857142857142855,1.1635476324917318,0
A16727S8XTRN9I,6,4,1.0,0.6203548085901026,0
A1676VG7B8R9U3,5,2,0.4,1.5961355405674487,0
A167HY16B0J4WV,5,1,0.4,0.9773279352226721,0
A167IZ4SSYEGEB,8,7,1.0,1.1679186076604555,0
A16891I4E68KES,5,1,0.6,0.8902093596059114,0
A168ANO6TSR29N,13,8,0.6153846153846154,0.8806968919429946,0
A168B0VAQ1RXKB,11,1,0.45454545454545453,0.6886273463653434,0
A168KEHZ03AQDT,17,12,1.0,0.733771635284335,0
A168U3MED8LMH,5,1,0.6,0.8279089026915114,0
A168U7KECHODCJ,9,4,0.6666666666666666,0.6276992976494787,0
A169GRGIF24X1Y,5,2,0.4,0.5019551631022899,0
A16A33SHL9D8K6,9,1,0.6666666666666666,1.5358024691358025,0
A16A6P4SV7P2AF,5,2,0.4,0.9650329051160693,0
A16A8L7F22TFTC,8,3,0.75,0.4176164640726413,0
A16A9EAUXT946Y,5,1,0.4,1.6940458937198066,0
A16ABFLJE4WCE4,6,3,0.5,1.263079995190971,0
A16ACKP8KU4Y45,9,2,1.0,0.5318611455923079,0
A16AGIERBI1O5Q,8,7,1.0,0.5425561296252547,0
A16AMS3UZAD4F2,6,3,0.6666666666666666,0.9430748436463542,0
A16AXQ11SZA8SQ,22,3,0.5,0.7359082670025436,1
A16AY9KJA9V0A0,5,2,0.6,0.5915823307127656,0
A16AZDBUMOGZVW,10,1,0.6,0.6553187134502924,0
A16B67Z2FNDMK1,12,5,1.0,0.8564170279148047,0
A16BHCJ0MX8SVU,6,2,1.0,0.8047271045029133,0
A16BJ1ZSJ5BJ0S,6,4,1.0,0.4040933140933142,0
A16BL50YMMQDJQ,5,4,0.8,0.5382948955178506,0
A16BZCZU77GO12,5,1,0.4,0.6179281954776675,0
A16C4WEP3NSNWL,7,2,0.8571428571428571,0.6782558052460751,0
A16CMQUS2NUA9J,9,4,0.8888888888888888,1.065993265993266,0
A16CQZ4ILGGWON,9,3,0.5555555555555556,0.7714065255731922,0
A16DCK5GG96HYT,8,2,0.375,0.7361830070233777,0
A16DFGS27CCRO2,7,4,1.0,0.8177651885726419,0
A16DLBQYL5XZB0,5,3,1.0,0.8592396386287457,0
A16DOLGLYL51IJ,7,2,0.8571428571428571,0.5785464564295019,0
A16DRUJPZFAZ02,5,3,0.4,0.9057142857142857,0
A16E2MZ0QB3ENG,9,2,0.4444444444444444,0.9804716161988729,0
A16E4SG1MFPJAP,9,2,0.6666666666666666,0.7039583618304126,0
A16E6MN3K2K25G,6,3,0.8333333333333334,0.8087485135320129,0
A16E9YXBRFX4G4,5,1,0.8,0.5938095238095237,0
A16EBND18E5ZHB,8,1,0.875,0.6238925756782899,0
A16EEJL5KR8D41,15,2,0.8666666666666667,0.5844937630624112,0
A16EIVIBBXFAQ0,6,1,0.5,0.586525974025974,0
A16EJJEAWOUNKV,9,2,0.6666666666666666,0.7940550753140596,0
A16ER04N6C56AI,5,5,1.0,0.5027263162117046,0
A16F8HVXAW8OU0,5,4,0.8,0.4994315245478038,0
A16FZ6XSG8YG62,9,3,0.7777777777777778,0.9482432390136126,0
A16GBXDS51J019,27,2,0.2222222222222222,0.670207434114287,1
A16GS3X4N6BTBJ,5,2,0.4,0.40562121212121216,0
A16HHIZOJRV9QZ,8,3,0.625,0.8519709361074081,0
A16HIYVI6ZHSWQ,6,2,1.0,0.5393799670115459,0
A16HVAT198LDZW,7,2,0.42857142857142855,1.4043202332479383,0
A16IFD5H3B2SSJ,9,4,0.6666666666666666,0.6052986321444169,0
A16II8I82LUNW,6,4,0.5,0.5514551905272695,1
A16ISYMCYGT0NB,15,4,0.4666666666666667,0.6245911176107166,0
A16ITYYOPBBP2R,9,3,0.2222222222222222,0.8674319281019219,0
A16JAUA4EVY7I7,5,2,0.8,0.6820769216861613,0
A16JKS53PQNLJH,12,3,0.9166666666666666,0.911766598915989,0
A16JZZ0DQ1L9RB,7,2,1.0,0.7865727060914114,0
A16K0JF4B8GTTP,7,5,0.8571428571428571,0.6706344859959316,0
A16K2HN57B03T2,5,1,0.8,0.623147160235989,0
A16K31S8LKPNIU,8,2,0.875,1.091130015817516,0
A16KC5M09W1TZP,5,1,0.6,0.4629220373122811,0
A16KHSWVOJ9FAS,8,7,0.875,1.5172447344322344,0
A16L2NTYZTVAFS,8,6,0.875,0.5498051356657914,0
A16L40NUWWCL3F,7,3,0.42857142857142855,1.4497490685350845,0
A16LE2XBKYYRJJ,19,6,0.8947368421052632,0.8405529514068801,1
A16LGTTUBTLJFO,5,3,0.4,0.23942389107541748,0
A16M1TWWCCB1ZP,6,3,0.3333333333333333,0.4049222460325732,0
A16MAT54GTKJYS,18,9,0.2222222222222222,0.485965733266707,0
A16MILIILH2L0J,11,1,0.9090909090909091,0.5061877015887764,0
A16MJG4CJQCQ2L,5,1,0.6,2.1874074074074072,0
A16MQJZIJS96RK,6,5,0.8333333333333334,0.6428714419010307,0
A16MSQND289BB9,7,1,0.5714285714285714,0.5849315193182429,0
A16N9FHL60RAST,5,4,1.0,0.4530094925632449,0
A16NKN3H0S8X4R,5,1,0.6,0.3148459383753501,0
A16NLVVDH53YXL,5,2,1.0,0.9037087912087912,0
A16NVHD01VD0OO,8,2,0.25,0.7175442353742725,0
A16OU6WSH4KO3N,11,3,0.9090909090909091,0.5405503114010692,1
A16PC6OQEZ97D3,5,2,1.0,0.3015463250517598,0
A16PERDJHILDUB,6,2,0.8333333333333334,0.7368259926836159,0
A16PHGHWVJJ7ET,5,5,1.0,0.3999300349825088,0
A16PMQP17VCNRG,13,7,0.6923076923076923,0.7852244971248248,0
A16QISHQDP5DRO,7,2,0.7142857142857143,0.7284361056250458,0
A16QNZVAPU4QLM,5,1,1.0,0.7518790849673201,0
A16QS56Z242DFR,10,3,0.4,1.0056711816240143,0
A16QXEPKD4L3YD,6,3,1.0,0.48051361691054745,0
A16R1OO0S7GQT1,6,2,1.0,0.33384855889914694,0
A16RE3TUG5NKH7,8,2,0.75,1.3371880570409982,0
A16RSAY1DXB6PI,8,2,0.375,0.8251633039579467,0
A16SAFL1YSO4HJ,11,1,0.6363636363636364,0.5442413962300324,0
A16SDGZE5TOE9G,6,4,1.0,0.49180620882415643,0
A16SPGA83A4J8H,16,5,0.5625,1.0183016116907448,0
A16SSSU1OMPH7Q,7,5,0.7142857142857143,0.7876047007868162,0
A16T2C41GZYAJZ,16,1,0.8125,0.5371053277425617,0
A16T3UK6PT4U1C,6,2,0.8333333333333334,0.37155055347654536,0
A16TDHT7MD010,11,3,0.8181818181818182,0.6611731223541475,0
A16U05YI0TGT45,5,3,0.8,2.2414565826330533,0
A16U3C7XTPTN9U,6,1,0.6666666666666666,0.9715096223674654,0
A16UIR2SWHISLV,6,1,0.6666666666666666,0.5242155870445343,1
A16UVP57IFSKM4,5,2,1.0,0.5205706991421277,0
A16V225AC428S,9,4,0.5555555555555556,1.1620197019185652,0
A16V2VDFMVENYZ,11,2,0.45454545454545453,0.752497430581742,0
A16VJ1B9TGRI83,16,3,0.875,0.7714202600543292,0
A16WOC81I9577R,5,5,1.0,0.2792557932263815,0
A16WPA6JV83YXT,7,1,0.5714285714285714,1.0269998255712542,0
A16WUUPTVZY5Q7,6,2,0.5,1.136190354918132,0
A16WXVAM19TK7O,5,3,0.6,0.6033700364892818,0
A16X2PZ0YL4YGT,6,2,0.5,0.8280945419103314,0
A16X7ULTP37ZB5,11,3,0.7272727272727273,0.5152191164042922,0
A16XEVZNVOAV4J,5,4,0.6,0.5550582846568751,0
A16XGFNF7S96S5,5,1,0.4,0.7374919484702094,0
A16XMAV7A6O8T,6,1,0.8333333333333334,1.4256910235358513,0
A16XP5QR6W3I10,6,2,0.3333333333333333,0.6894043241963583,0
A16XP68XX8K6TO,9,2,0.3333333333333333,0.7599133255996002,0
A16XR62RVQZIIW,5,1,1.0,0.5424637681159421,0
A16XRPF40679KG,9,1,0.5555555555555556,0.5602597330373642,0
A16XVKLTBZ8JTE,7,1,0.7142857142857143,0.9622981446289717,0
A16XW35Y0GNA9U,7,4,0.8571428571428571,0.8542023132437987,0
A16Y3GMJREN2BJ,6,1,0.0,0.15987190197716514,0
A16YNNT757JVUE,7,1,0.7142857142857143,0.6591763718009565,0
A16Z2SSH1G2931,12,7,0.6666666666666666,0.8547298162787293,0
A16Z372TZKBYTB,5,4,1.0,0.962210392023314,0
A16Z9OKB0NVI3F,5,1,1.0,0.9866296606619187,0
A16ZMNTYWML6T0,7,4,0.8571428571428571,0.8571408288481459,0
A16ZR5JCWVCE8C,5,1,0.8,0.743517251861985,0
A16ZTIWRM5LPR,10,5,0.7,0.847803383830781,1
A16ZUVMJB0TUA3,5,2,1.0,0.9984698634698634,0
A16ZVVG5I2GY1Q,5,4,1.0,0.40730590062111816,0
A170GY15JIVYNL,5,1,0.8,0.4063531499556346,0
A170RZH0I1IYY0,7,4,0.5714285714285714,0.6609113412806984,0
A170TP8EJWHHNT,7,2,0.8571428571428571,1.5883458646616542,0
A170Z7HTN9NDIJ,6,1,0.8333333333333334,1.1950792577567426,0
A1711PPDF8ZA29,8,3,0.75,0.7804158675335864,0
A171DCQMND21L6,5,2,1.0,0.6211272387742975,0
A172128JFW8FLY,6,3,0.6666666666666666,0.6006611855426084,0
A1729GBE8V1U52,6,4,0.8333333333333334,0.7377912853102693,0
A172E07O62AMFQ,5,1,0.6,2.7297798688492385,0
A172E9UTRMI70M,9,5,0.6666666666666666,0.7347342117006751,0
A172LET5CHK02U,11,2,0.7272727272727273,0.6559926122243422,0
A172PS6VXSQOHU,5,3,0.2,0.5485051708433755,0
A1730IEKFGKPET,5,3,1.0,1.5102149539936598,0
A173814OIKA2OY,16,6,0.625,0.6721760151574766,1
A173E67DTI967D,18,8,0.6111111111111112,0.6534933020684006,0
A173WMKILCSAK6,5,2,0.8,0.5531469979296066,0
A173YMJ9XFVRSY,6,2,0.6666666666666666,0.6072491074365137,0
A1741583PWMYLQ,14,3,0.42857142857142855,0.8559377032545824,1
A1741H3K1XUOQ1,6,3,0.8333333333333334,0.9299932523616734,0
A1749QO20EC9IZ,6,5,0.6666666666666666,1.02735793899587,0
A174ATN0RIDJCC,6,5,0.6666666666666666,0.5582010582010583,0
A174GZFJGYH66D,7,5,0.7142857142857143,0.5746317161204441,0
A174P367YZ02ZE,7,2,0.5714285714285714,0.7292268126762901,0
A174P9KKDTL25G,5,1,0.2,0.834200670214863,1
A174ZF0GWJAPY9,7,3,0.42857142857142855,1.267648411020504,0
A175CUNTIOUTQH,7,3,0.14285714285714285,0.7932271696557411,0
A175LCRLFN26Y,5,2,0.8,1.8156739811912224,0
A175MRV9G6VH1B,6,1,0.16666666666666666,0.4582602339181287,0
A175YX8SLVMJUH,11,2,0.36363636363636365,0.5098144754829247,0
A176A3B6B22F2S,6,1,0.8333333333333334,0.8793091168091168,0
A176HPVTIMJNNT,5,1,1.0,0.6906775687239903,0
A176I91EKBXT0S,7,4,1.0,0.6068559736642428,1
A176V4EOHPY3AK,5,2,1.0,0.6203330516309389,0
A176ZAH15GF16S,5,3,0.6,0.4500303367377894,0
A177CNX1I141Q6,6,2,0.8333333333333334,0.9810090702947845,0
A177DLT3J5AYBZ,5,1,0.4,1.4589196310935442,0
A177EE11AYO4XW,15,1,0.9333333333333333,0.9205533510104511,0
A177R7NZ4APQU,6,4,0.8333333333333334,0.5095938375350141,0
A177VGRGU5B0S3,5,3,0.8,0.9664295125164692,0
A177W67WLX5I09,6,3,0.6666666666666666,0.7547470317207159,0
A178BH1Z4UPYS0,7,2,0.7142857142857143,0.4878510378510379,0
A178M2AHNWQZB0,37,8,0.9459459459459459,0.5923202222213076,0
A178PX99UVJDLV,13,2,0.5384615384615384,0.6345279257752268,0
A178TVO71BE58N,5,3,0.6,0.8052088209289021,0
A1795N8UEAGJP8,6,2,0.8333333333333334,1.5661749708624708,0
A1798NDDG99BM8,11,10,0.7272727272727273,0.7940988835725679,0
A179FCFOKQGJFN,5,2,0.8,0.662699871456476,0
A179KXIPWL14XW,7,4,0.5714285714285714,0.8154465296004545,0
A179LG0EC4JJQJ,5,2,0.8,0.5846376811594203,0
A17A1GLCQ6QOEY,5,2,0.4,0.6441904761904764,0
A17A1GNT0CQS8T,11,2,0.36363636363636365,1.5942148760330577,0
A17A1KTVI3DG6U,21,1,0.5238095238095238,0.6617037546323591,0
A17A2WL6R1FTBZ,13,2,1.0,1.0361719581231776,0
A17A35HNLZ7Y4V,6,2,0.5,0.9656247494789163,0
A17AMUJB3JB7FU,6,1,0.8333333333333334,1.420959249084249,0
A17B74AEQVYYXH,8,2,0.375,0.9094359587780639,0
A17BXEYO3C9K68,5,2,0.4,1.0242857142857142,0
A17C2HMQ53BOXX,8,4,0.5,0.44258445982277284,0
A17CBF9U0J82SI,5,1,0.8,0.9423404255319149,0
A17CEBYTEJMAB3,6,3,0.3333333333333333,0.5775579612699117,0
A17CXXQUDPQASN,5,1,1.0,1.1680465587044533,0
A17DSCGDJ6MZXS,5,2,0.8,0.49777777777777776,0
A17EO1YJ50LGZT,6,4,0.8333333333333334,0.8192583380610686,0
A17ES5MB6H4WTY,5,1,0.4,1.4970121951219513,0
A17EUNE7M6D0EO,7,1,1.0,1.05814415653902,0
A17EX7ZF5GYTYD,12,1,1.0,1.5367768923287473,0
A17EXZEX71ZTMU,6,2,0.5,1.0415272212502587,0
A17EYZ6YY4TX9I,6,3,0.3333333333333333,0.5457663532726186,0
A17F0TGZJ4KIGJ,5,1,0.8,1.3091260997067449,0
A17FECPT6KFOLG,6,1,0.6666666666666666,2.190390383126935,0
A17FJQIPBINI95,6,2,0.5,0.7888704604648877,0
A17FLA8HQOFVIG,6,2,0.8333333333333334,1.1367313362856162,0
A17FW3I6CJW3S0,9,3,0.6666666666666666,0.6354158841058773,1
A17G4Z16NXFJJ9,5,2,0.6,0.7780329066937326,0
A17HCRR6EEXOML,6,2,1.0,0.6423555973362552,0
A17HVJ3WXQXJ8J,8,2,0.625,0.9421510734383127,1
A17HW66D6M1QUR,5,2,0.8,0.5184210526315789,0
A17I1OT1IXYUVI,8,3,0.625,0.46217488651699173,0
A17I4QSLUA9QES,5,2,1.0,0.5289342946946339,0
A17I90HQZKOFT5,7,4,0.8571428571428571,0.5269038714749673,0
A17IEN99LC0MSZ,5,2,0.4,0.4554025821806274,0
A17IG5H5WQQIAX,8,3,0.75,1.014425382702999,0
A17IVHMQPJW54Y,6,3,0.6666666666666666,0.6018957228281383,0
A17IVJ1L8E8PJM,6,6,0.6666666666666666,0.9474005496888314,0
A17IZXXVPZL8JB,5,1,0.2,1.4485714285714286,0
A17JFHJ8BBIR4R,5,4,0.8,0.377044252044252,0
A17KHJK5E1GMQ4,14,5,0.6428571428571429,0.8143044234101028,0
A17KJPB5F0OXBL,6,3,0.6666666666666666,0.6976390040219828,0
A17KP8THH33QU4,8,2,0.625,0.9194571850479323,0
A17L0DNOEFGS59,10,5,0.6,2.054692431628522,0
A17LB2OT2Z6MZQ,6,3,0.8333333333333334,0.3616057961646197,0
A17LBX7T648JLY,7,3,1.0,0.624203669893325,0
A17LGOGVLECFJM,21,6,0.7142857142857143,1.2646946149709029,0
A17LIW1UGS6IKT,7,1,0.7142857142857143,1.5862663906142167,0
A17LP8AGOIJXE,7,2,0.42857142857142855,0.6331901181525242,0
A17M1CS6VCG3YZ,11,2,0.36363636363636365,0.4071364026791175,0
A17MAO3MXYP3DL,5,4,0.8,1.1874718196457326,0
A17MCKXQWD7GHM,5,2,0.4,1.0600861883214823,0
A17MJK0QV9EEV3,6,6,1.0,0.3216167182881427,0
A17MS7UUC1SPFF,5,2,0.8,0.6582007920319017,0
A17NIV43S4TR6K,10,3,0.9,0.4888527894624576,0
A17OF6WF11SFPG,9,3,0.6666666666666666,0.3817463274838754,0
A17OGDN4Z87DN4,5,2,0.8,0.8849350649350651,0
A17OOVKR08H7FR,6,5,0.16666666666666666,0.5915179357797182,0
A17OR6G6WSD07,10,1,0.3,0.7386836247800416,0
A17ORYLLNUPMOO,6,4,1.0,0.35277777777777786,0
A17OYW896EY37V,6,2,0.6666666666666666,1.0877286566800632,0
A17P2D34W0OREP,12,4,0.6666666666666666,0.6244942107540998,0
A17PADFFUPKPEZ,7,1,0.5714285714285714,1.0780488207723962,0
A17PBBI33RSYY4,9,4,0.6666666666666666,0.8605137547350048,0
A17PI8O2JV8NT9,8,3,0.375,0.654274318235696,0
A17Q1SQXKDRIQQ,5,2,0.4,0.8768186724190471,0
A17QK08MMNRNJF,5,3,0.8,0.9649859943977592,0
A17QK5UZE1ZX8K,5,4,0.8,0.47557437465694347,0
A17QQD15JX5SCQ,5,2,0.4,0.4529123260383859,0
A17R2CTKPKJUXA,5,1,0.4,0.4077777777777779,0
A17R93Y4NQYM3,5,3,0.4,0.7268815789473685,0
A17R9HPXLAXB92,7,2,1.0,0.7804346689139317,0
A17RCM9N1K6JL2,9,4,0.7777777777777778,0.44187625750282383,0
A17RJCN1548VXD,6,2,0.6666666666666666,0.8100284348566458,0
A17RWEME19SOB3,6,2,0.5,0.5638888888888889,0
A17SLR18TUMULM,9,3,0.5555555555555556,0.42921335887352874,0
A17SVSSNUU318W,6,6,1.0,0.9033271861337342,0
A17SY05NPN8IF2,6,2,0.8333333333333334,1.2798552589516268,0
A17TASZJT6Y39D,6,1,0.3333333333333333,0.5763888888888888,0
A17TDZP3FJUKV2,10,4,0.8,1.73957766120417,0
A17TKHPATJ7MOP,14,3,0.8571428571428571,0.976967212393879,0
A17TLYHRMU7RZL,9,5,0.4444444444444444,0.671396504729838,0
A17TXJ5ZVYS42Q,15,8,1.0,0.6441905992933421,1
A17U0DIVGKQ9Z6,6,3,0.5,0.3404559702156453,0
A17U12E2LNDSYL,13,4,0.46153846153846156,0.6318872168187515,0
A17U77D5PE0ICC,5,2,1.0,1.2671428571428573,0
A17USV4BLET4JX,5,4,0.6,2.38972804972805,0
A17UXLU67F0CCM,25,7,0.92,0.783477986566689,0
A17UY1A5RVK5ND,6,3,1.0,0.4473766449376206,0
A17V2N0N8CXSA9,19,3,0.6842105263157895,1.0833048187614294,0
A17V6P0K051ITN,6,3,1.0,0.6076649107563086,0
A17VIG8V3RAUCK,5,5,0.4,0.5884210526315788,0
A17VNAQGV5ZTQP,5,5,0.4,0.6792098883827486,0
A17W3Q783YMMQP,12,2,0.75,1.0479486164997633,0
A17WDJD8RP754M,5,3,0.4,0.6960808028821409,0
A17WER66R17JEF,16,3,0.875,0.44087470602963474,0
A17WJ14DHCVPIY,7,3,1.0,0.3597430083144368,0
A17X91STB6652Z,7,2,0.8571428571428571,0.7201571075044992,0
A17XSLVRA2XKG6,6,2,0.0,0.48978861257044964,0
A17Y00UME9QN76,11,7,0.7272727272727273,0.7847894529712711,0
A17YJINEKNFWLE,7,7,1.0,0.5558621133281798,0
A17Z9D1UHLZDXR,5,2,0.8,0.4375790875790875,0
A17ZAVJP17IPAY,5,3,0.4,0.8096305018222598,0
A1800JFPSFGBQJ,6,5,1.0,0.8362426130893983,0
A180FNDDHI6R25,9,8,0.6666666666666666,0.47164549658571037,0
A180GT4JL6MXKV,9,9,0.7777777777777778,0.549485596707819,1
A180IQJFK1MNQV,7,2,1.0,0.6083699867744959,1
A181KV0SBM1OIT,5,2,0.8,1.3755579353180551,0
A181OOSC0988MC,5,2,0.2,0.7005882352941175,0
A181QQKDEDIBJG,6,3,0.3333333333333333,0.861111111111111,0
A1821YCY7HBQVM,6,3,0.6666666666666666,0.7666666666666667,0
A1822R5FKWCW0J,9,5,0.7777777777777778,1.0029499210734982,0
A182EKEXZIKGO7,7,4,1.0,0.49210240536944394,0
A182F9QHQGWQWC,6,4,0.6666666666666666,0.852209526650554,0
A182LVN6WX674A,7,2,0.7142857142857143,0.5068469408874208,0
A182M922SDMOP3,6,1,0.3333333333333333,1.1461086968614684,0
A182MBZN9TDOEK,8,4,0.625,0.45322052767787613,0
A1831FGEZY32GB,8,7,0.75,0.6192118544030686,0
A183ECSGK2NME3,7,1,0.8571428571428571,0.48110086139719044,0
A184DYJSMSSR1V,5,2,0.8,1.6058496240601503,0
A184F48SN5WFPU,9,4,1.0,1.0665161346979528,0
A184ZFZZBWEXMS,7,2,0.7142857142857143,0.6721978299843911,1
A184ZNI4K5ZSHY,9,2,1.0,0.5069711315325349,0
A185KFSQEB0R2,5,2,0.8,1.8224999999999998,0
A185W1N5XXAJA7,7,5,0.8571428571428571,1.063956668148942,0
A186697K4XKXQL,66,2,0.2727272727272727,0.7646629710766853,1
A1866QAST4YXJV,5,5,1.0,0.5292698412698412,0
A186HWFQGSTCZF,5,1,0.6,1.2105686274509804,0
A186TVLL333OW9,7,1,0.8571428571428571,0.837730314797984,0
A186WJ3EFN42GH,5,4,0.8,0.48904278721883054,0
A186ZAYP2L4CDZ,7,2,0.5714285714285714,0.8257662625900293,0
A1870HSJM51K62,14,7,0.7857142857142857,0.41215657673093753,0
A187DV2IG7HWIX,6,1,0.8333333333333334,0.5278766499269588,0
A187ELDGUJ8X0M,11,2,0.7272727272727273,0.567722395348577,0
A187JICONF2643,11,1,0.9090909090909091,0.7936756100816098,0
A187T302SATLGL,7,2,0.8571428571428571,0.5321150752185236,0
A187UY8VACGA78,5,1,1.0,0.6697906749425017,0
A188I4122HPDGO,5,1,0.8,0.6658711899655554,0
A188I9PAAM0YH2,5,5,1.0,0.20120448179271708,0
A188Z4OYGLUOE6,6,1,0.8333333333333334,0.8281773646596196,0
A189KTQMG3B8AF,6,6,1.0,1.43710318863023,0
A189L1FE2V8U,12,5,0.3333333333333333,0.5945092971527343,0
A189U0RDD32SY2,7,4,0.7142857142857143,0.5787071137817407,0
A18A2Q0UNZU1LQ,5,1,0.8,0.6887912087912087,0
A18A43JT24I2G2,5,2,0.8,1.4420843326211137,0
A18A5VSD0IPN14,33,2,0.8787878787878788,0.7598449848294689,0
A18AMM8NYFR5M8,14,2,0.7142857142857143,0.7172752152662867,0
A18ATM2Z5S0DMF,5,1,0.4,1.10153405316172,0
A18BBRD8CQ8IZ2,7,1,0.5714285714285714,1.404710419515517,0
A18BM80EIEB47P,5,2,0.6,0.41655495667123577,0
A18C3Q2YDXAE9M,9,2,0.5555555555555556,0.7847167738677173,0
A18CF0Y6UNYQQR,6,3,0.6666666666666666,0.3177064961787184,0
A18CTDP62JZO4N,6,2,0.8333333333333334,1.2180391386769844,0
A18DMS1M5J2AMM,6,3,0.5,0.5502318264613346,0
A18DRCI6HX5I3E,9,2,0.3333333333333333,1.1229834955541438,0
A18DV63JGL02ZS,6,2,0.8333333333333334,0.8172791893526922,0
A18ECVX2RJ7HUE,21,2,0.7142857142857143,0.9718788137291442,0
A18F32WLCGCJF2,5,1,0.6,1.3220532657507449,0
A18F4NDM538NH8,5,3,0.8,0.5341736694677872,0
A18FO6832LOCKS,7,5,1.0,0.6292042578113627,0
A18G0T8TBKCDKX,6,4,0.6666666666666666,0.6891677391677392,0
A18G1LXEBCA94I,5,1,0.6,0.35928571428571426,0
A18G4OGWT2BLJV,7,7,0.7142857142857143,1.0919751684457568,0
A18G57WD2NODGF,10,8,0.4,1.1044481108240614,0
A18G913CY3JSA1,10,3,0.6,0.9755868861173124,0
A18GA9A0RQHZ9N,6,3,1.0,1.1414953102453103,0
A18GAH9I8BJEY5,6,1,0.8333333333333334,0.8278110778110778,0
A18H6KCOM1IPDZ,5,2,1.0,0.753640906062625,1
A18HE80910BTZI,118,2,0.2627118644067797,0.7554798274302316,0
A18HHON17J3LH0,6,1,0.5,0.4685286935286936,0
A18HOTPCF2137O,9,2,0.6666666666666666,0.6607221016661626,0
A18IG1JEQV7NWH,6,3,0.16666666666666666,0.8507314036725803,0
A18IGEWK027X8Z,5,3,0.8,1.6608425430592217,0
A18J43NUXI5L58,9,6,0.5555555555555556,0.8885498664809011,0
A18JJ4NIOCHZAT,5,1,0.6,0.7444841269841269,0
A18JJO2Q7HFI3R,10,1,0.5,1.1258818100883763,0
A18JLLELSIXPFD,7,2,1.0,0.7293857416116553,0
A18JZAS20LJ9L3,8,3,0.625,0.4083187049305471,0
A18K3WAHLBIAFR,6,2,1.0,0.8406565656565655,0
A18K553B4TYQLN,5,2,0.8,0.5663929216210308,0
A18K7GSANTGS4M,5,3,1.0,0.734310606060606,0
A18KD8UPOCS5J8,11,4,0.5454545454545454,0.8972419225717547,0
A18KTZDRCDQLRR,8,2,0.875,1.249075814536341,0
A18KVG5DR2T8IQ,8,5,0.875,0.775932196087737,0
A18LBGL7L9FEZV,19,1,0.8947368421052632,0.6893980207061761,0
A18LGW86QQK3CY,6,5,1.0,0.7424960087498788,0
A18LRCJF3KT86S,6,1,0.6666666666666666,0.2824334102111881,0
A18LRTMVC79HGL,6,3,0.6666666666666666,0.6515312115954601,0
A18M104D8EJ3KZ,12,3,0.9166666666666666,0.7863375503815243,0
A18MG1GPSEAPE9,6,2,0.16666666666666666,1.924719887955182,0
A18MKVZDPEFYDB,6,1,0.5,0.6344360485262595,1
A18N6XHHRXGVGR,7,3,0.5714285714285714,0.8687782805429863,0
A18NBARHR5HI7J,6,3,0.8333333333333334,0.9211415626856803,0
A18NCWBIHF6E7Z,12,4,0.3333333333333333,1.3023279873750304,0
A18NKC7YBJ88WN,5,2,0.4,0.7394444444444443,0
A18NRQBOI8QBO9,6,1,1.0,0.6102623456790123,0
A18NSH50T6W3NG,7,1,0.8571428571428571,0.7212976845158521,1
A18O2IQ58TLSFY,9,2,0.7777777777777778,0.7603117059700314,0
A18OM5314O9EEF,8,6,0.625,0.587700893828865,0
A18OW97MOJRTEU,13,1,0.8461538461538461,1.0006247506247505,0
A18PF70EX5JFUD,10,4,0.6,1.3699740343820663,0
A18Q0YU1FMO7TE,21,2,0.7619047619047619,1.0939215199871644,0
A18R0KXH8HVBEK,8,3,0.75,0.5974377205994852,0
A18R250OO3TNBH,5,1,0.6,1.6401194521676448,0
A18R50B4PS1Z5X,21,2,0.9523809523809523,0.8983837841759955,1
A18RGYRCEN181M,5,2,0.6,0.6928123399897594,0
A18RQT2T3WT3N4,17,2,0.6470588235294118,0.801913124003879,0
A18RZLFVFN6697,20,6,0.85,0.7393839337103081,0
A18S2H6K385GS4,5,3,1.0,0.6691666666666667,0
A18S2QNFRUHRBV,11,2,0.0,0.7047234335230396,1
A18S2VGUH9SCV5,90,2,0.4222222222222222,0.6569359229157142,0
A18S63SLWHGY4M,5,1,1.0,0.7538095238095236,0
A18SGFP8689G2W,15,4,0.7333333333333333,0.5299724171410919,0
A18STJN3901AV7,5,1,0.6,1.6198412698412699,0
A18T59LANW5KTH,7,7,1.0,0.48627907764913747,0
A18TN82BDX2KG6,11,4,1.0,0.5689438251757366,0
A18TNHAESSPB6V,5,3,0.4,0.4507594756340838,0
A18TQCVWRDHFF3,5,1,0.6,1.2489326765188833,0
A18TRCSB0YO78B,7,2,0.7142857142857143,0.935216076958177,0
A18U49406IPPIJ,38,2,0.9473684210526315,0.6102490716092122,0
A18UYPP6BTEYWS,7,2,1.0,0.6265440386680988,0
A18V2UV5KMFDJL,6,2,0.6666666666666666,1.2307033270387306,0
A18VT1DRJ4ORA3,5,2,0.2,0.7681257957728544,0
A18VVXX4N85277,5,2,0.6,0.5209305944600064,0
A18VWWTYGGR18Y,5,2,0.6,0.5704679589605586,0
A18WXDHTOSE24Y,7,4,0.7142857142857143,0.4178747280495089,0
A18WZF35AXZGOP,6,2,0.8333333333333334,0.6198354027991125,0
A18X0BKCUBO1MC,17,6,0.7647058823529411,0.6567397546037096,0
A18Y5LAQT3FHYW,6,2,0.3333333333333333,0.6500156470035988,0
A18YAHLIMDQ8AE,10,5,0.7,0.9509744394772113,0
A18YNOGKAVBWFK,5,2,0.8,1.022762289068232,0
A18Z23L1WQA527,5,1,0.6,0.6026373626373627,0
A18Z240JZC5A4M,12,1,0.9166666666666666,2.274554363800687,0
A18Z7ICRLVHBBP,5,2,1.0,0.47188469153401424,1
A18ZUAFAVH99DR,5,2,0.4,1.007906039608826,0
A18ZYBZLR66IWK,5,2,0.8,0.5744015430095898,0
A1906A0LU2NT43,18,8,0.16666666666666666,0.43794849676871345,0
A190J7U7F31OJ5,7,4,0.8571428571428571,0.538169440652565,0
A190N2UMF2QB2D,15,2,0.6,0.7596046279158234,0
A190QOMI2IBLTC,12,4,0.25,0.9925026173529551,0
A1912PQLG8WJQX,19,3,0.7894736842105263,0.5161508591128229,0
A191BPZUTLYZQ2,6,3,0.6666666666666666,0.6028981688537568,0
A191CSYUO99KB7,6,6,0.8333333333333334,0.6296296296296297,0
A191HG4NP6G4E5,5,4,0.4,0.8102432712215322,0
A191JMHNVH9HHX,6,2,0.6666666666666666,0.5542842708540382,0
A191NP0360BC6C,6,2,0.8333333333333334,0.6801524365202122,0
A191YSK36U58TK,6,2,0.0,0.8904761904761904,0
A1923ZN928LINT,8,7,0.75,1.3932056117901706,0
A192TR06IXSTBL,11,1,0.8181818181818182,1.103331389000914,0
A1930DWCIQQKYI,16,3,0.75,0.4853640545991573,1
A1932LBH7T4OS5,7,3,0.7142857142857143,1.1382523336404848,0
A193KJKYP39WMD,5,5,0.6,1.4768689643689643,0
A193N9XJMK8TJE,10,2,0.4,0.9992246683913351,0
A193VA3R7KJ0SK,6,2,0.16666666666666666,0.8249800096618637,0
A194CASS07MYI7,5,3,0.4,0.9479031393978357,0
A194CK73XGVO32,5,2,1.0,0.5631379794220762,0
A194GR8CAMVSYD,5,2,1.0,1.0958280452905313,0
A194M4Y4BGPQAR,7,2,1.0,0.5955567798807364,0
A1959BRLKVD2JB,5,2,0.6,0.8758470353761834,0
A195GMC8TGVQWL,5,2,0.8,1.3202169059011164,0
A195HVGDYTAKTU,8,1,0.125,0.9670983734402853,0
A196D8WNI6JXBZ,14,7,0.5,1.0840143491403995,0
A196RS4OJDRUFM,9,2,0.6666666666666666,0.6527627955994544,0
A196SEEGLL4OGD,5,1,0.4,1.321933621933622,0
A19777EFL2WG1V,10,8,0.4,0.8361817270216093,0
A197GOEU3AVT4W,7,6,0.8571428571428571,0.496619984025999,0
A197N1F33R2NVJ,6,1,0.8333333333333334,0.6865942028985508,0
A197U8ZO3G4VMI,5,3,1.0,0.49138141246836914,0
A1987KVD4EHEM5,6,6,0.8333333333333334,0.5173404850445925,0
A198M311Q3VRYF,5,1,0.8,1.08147106897679,0
A198M9M2PUJE2Z,29,24,0.896551724137931,0.5193860859715212,1
A1991DX3FIMS3P,6,3,0.8333333333333334,0.7077484670138179,0
A19950XRZ3CEC7,8,2,0.875,0.33031573673854564,0
A199NH036BRF1B,5,1,0.6,0.4646327869451602,0
A199YXNUJNG8U9,13,2,0.6923076923076923,0.9642313452655511,0
A19AJJWH6HIGIV,8,2,0.75,1.0147626678876678,0
A19AOPAJWE74PS,11,4,0.6363636363636364,0.6093948727599746,0
A19BA3QWTJ1ICZ,5,1,0.8,0.9604098854731766,0
A19BD31F0JKOJH,6,1,0.8333333333333334,1.1685750315880912,0
A19BRO8JAP3QHC,5,2,0.2,1.5871988795518208,0
A19BS4L407BH4H,7,4,0.8571428571428571,1.0753275948060383,0
A19CHPJYCCIJ8B,6,5,0.5,0.2341050389113517,0
A19DK14D7WNY69,5,2,1.0,2.2228144239226033,0
A19DZGQO039QEC,7,3,0.8571428571428571,0.5915829127349864,0
A19EVOYPY0O1V1,5,2,0.6,1.4723702895569903,0
A19EVWARPV18L8,9,3,0.6666666666666666,1.2986579003125167,0
A19EWWCKANUXOY,14,7,0.9285714285714286,0.515183977867556,0
A19F4FDY84A7QC,5,1,0.8,0.7695617832459938,0
A19FE20SX8RIE4,5,2,1.0,0.647986027255477,0
A19FK9FZ19RF36,5,3,0.4,0.823111111111111,0
A19GL7DKIMQHTB,5,2,0.4,0.8553905185302796,0
A19GXNAYV5B9HW,6,2,0.5,1.0561473311927034,0
A19H2IOBOD17W6,7,5,0.5714285714285714,0.6359977391192605,0
A19H6TQ0NFXKVT,5,3,0.6,0.9996212121212121,0
A19H8SQC5NI0YB,7,1,0.0,0.9566793384020276,0
A19HX7W7B7COQB,18,3,0.5,0.812846151024448,0
A19IASZ83L5KEP,5,3,0.6,1.0766410912190965,0
A19INAD8AIII7K,8,1,0.625,0.6358675236550618,0
A19ISZDEMV7EHE,7,3,0.8571428571428571,1.0595057374088714,0
A19IUOWRTAMJP3,9,3,0.5555555555555556,0.8583547089711772,0
A19JA9J3BFBKNO,5,4,0.4,2.1449690035365094,0
A19JGPUJAX048H,17,2,0.29411764705882354,0.6247480408042659,0
A19JJNZU9P2L3J,5,1,0.2,0.9026984126984127,0
A19JO0D9LYFJZF,9,2,0.4444444444444444,0.9142028348882317,0
A19JQDF4EJ5FLL,5,1,0.6,1.0461215826832526,0
A19KDH5T27HHHF,5,3,0.8,0.7172475268800877,0
A19KE1KWDSKPK3,9,4,1.0,0.887235850569184,0
A19KKGYEK7824J,5,4,0.6,0.35219373219373223,0
A19KRW2BE0J5MK,5,2,1.0,0.7242810268287976,0
A19L0B0F5YXJNK,7,2,0.2857142857142857,1.0843506150827196,0
A19L5FPNB5CWAR,8,1,0.875,1.2619994335111533,0
A19L6EW0AW9V80,6,2,0.3333333333333333,0.6254188990440173,0
A19LEE1KU5Q16E,8,2,0.75,0.6796215830273358,0
A19LEPDX379Q21,5,3,0.6,0.840185703911194,0
A19MDJ4YKXPLQH,10,2,0.5,0.8926389552476509,0
A19MJDGYRZBJAD,5,5,0.4,0.48976426769193815,0
A19MQXMGUZBAAP,10,2,1.0,1.0301522933588152,0
A19NCLETYECEZA,6,4,0.8333333333333334,0.8668582375478927,0
A19NDX9QNV74DL,6,2,1.0,1.0827113192759197,0
A19NIDRZK9FKVI,6,4,0.8333333333333334,0.4182659932659932,0
A19NJZYYSYJXV8,5,2,0.8,1.0192954990215266,0
A19NLU301K2AWX,18,2,0.2222222222222222,1.099520604737152,0
A19NP8YYADOOSF,58,3,0.4827586206896552,0.9039377389337498,0
A19O4RWULCJ62M,5,1,0.2,1.9316666666666666,0
A19OGAG7JJ8G8D,6,2,0.5,0.8261313745356298,0
A19OIYZWTM912O,5,5,0.6,0.5498850574712643,0
A19OOBH96A90ZV,10,5,0.6,0.9907775841917097,0
A19P079R8YSUTK,7,5,0.42857142857142855,1.1671236576434354,0
A19PU25XXOA33T,18,12,0.3888888888888889,0.5944948501912852,0
A19PX0R54DDD3V,5,1,1.0,0.4498205741626794,0
A19Q3HK34DR5H7,5,1,0.8,1.0545577064444989,0
A19Q4KWHKVMSWW,5,2,1.0,0.6024824355971895,0
A19QM6GJ0AFT0D,6,3,0.3333333333333333,0.7977185340539377,1
A19QS32Y3P4EG6,9,3,1.0,0.3332514984987915,0
A19R1AVTOCCR17,5,2,0.8,0.5789696969696971,0
A19RE9BO3CCLOE,8,3,0.25,0.29257105599318717,0
A19RE9LBQIX90B,6,1,0.5,0.7170330622629867,1
A19RRTKHBS1MY7,5,2,0.4,0.6870588235294116,0
A19RV6KY64DV95,5,5,0.8,1.4630403297363828,0
A19RW25Q6206I3,27,2,0.8518518518518519,0.9257110526833954,0
A19S0PVHO7GF1G,5,1,0.6,1.0700479725294147,0
A19S2EW8N827YZ,6,2,1.0,0.8791039470794905,0
A19SK8A79L0R1J,6,2,0.3333333333333333,1.0184523809523809,0
A19SQGUKEU3II8,7,3,0.5714285714285714,0.5044328894079321,0
A19SXS5PEC80UQ,10,9,0.9,0.7453817941317942,0
A19TDQ9HVYEDJP,5,3,0.8,0.5783730517848167,0
A19TGW2FCAVBPH,9,5,0.7777777777777778,0.4617029707596266,0
A19TVD4NHYOQO2,8,3,1.0,0.343422137258543,0
A19TY4TV2FZDRT,6,1,0.6666666666666666,0.8694080804657952,0
A19TZDJH8SNS6P,5,5,0.8,0.5679340864237891,0
A19U3O29EUH8HC,5,4,0.4,0.28773242630385487,0
A19UKL133P7SMJ,8,4,0.375,0.5317160472183263,0
A19UN7G3Y8FVCX,5,5,0.8,0.8561101928374656,0
A19V0CXWYKWLZQ,5,2,1.0,0.6657126696832579,0
A19VATAS1SQ4GN,6,5,0.6666666666666666,1.0444344670350862,0
A19VISO9EHD1OM,9,2,0.3333333333333333,0.6403525357196064,0
A19VLJLK7K1ELX,7,3,0.8571428571428571,0.5116562858909798,0
A19W77ITO6I1CN,8,2,0.625,0.610385164972931,0
A19X4BF861LQST,41,2,0.43902439024390244,1.1547864017404803,0
A19XB1S822WTEE,10,2,0.6,0.8867014442010455,0
A19XJ23SIL59LR,5,1,0.8,1.369714333285762,0
A19XTT96R6PCUI,5,1,0.6,1.132051282051282,0
A19XV8E7ERDUGV,6,5,0.3333333333333333,0.4298589468774228,0
A19Y5KKXMSPM37,5,2,1.0,0.40775146731430867,0
A19YA6G6J25YG,6,2,0.16666666666666666,0.6207351290684624,0
A19YURQJ1XIYT8,5,2,1.0,0.7048571428571428,0
A19ZGLT6MCEMRT,5,3,0.6,0.5717553688141923,0
A19ZKIVEDKJKBQ,5,4,0.4,0.7267806267806268,0
A19ZRAIDBMQD7M,12,2,0.6666666666666666,0.8638539451140258,0
A1A00YVB26GBWF,5,1,0.8,0.9161592505854801,0
A1A09RGNSOV0CI,5,4,0.6,0.48771349862258956,0
A1A0XTCWVSYV7W,6,2,0.5,0.9058901338313103,0
A1A13SOBLDFVNX,16,4,0.3125,0.6976071238583813,0
A1A14VELOGLKKP,5,2,1.0,0.828709576383995,0
A1A1G5Y5D280ZA,13,3,0.6153846153846154,0.8407252026207245,1
A1A219MG5KOKIF,5,2,0.4,1.066904761904762,0
A1A21GIPMY89BZ,5,1,0.6,1.8248656065766866,0
A1A24NBE5WZRPR,11,11,0.6363636363636364,0.8747393223808193,0
A1A2F1ZOWOPNJB,20,2,0.3,1.2446368205045608,0
A1A2I3VKA3EVU4,5,3,0.2,1.7360590577131696,0
A1A2QC2ZRG923O,6,1,0.3333333333333333,1.634310134310134,0
A1A2VXX90FYSB4,10,1,1.0,0.6223387147370317,0
A1A2ZIA8FPQLG6,8,2,0.375,0.7433880081650346,0
A1A3BVKMTVRJKZ,14,11,0.9285714285714286,0.5679677301313127,0
A1A3JIMJCG87GW,7,1,0.5714285714285714,2.2074263038548754,0
A1A3LRH05PKTBD,6,1,0.6666666666666666,0.6221600503515398,0
A1A3N6YJ9NARD7,5,1,0.4,1.8325249169435218,0
A1A3SWARGP6OF5,5,2,0.8,0.7673024807171148,0
A1A3SWY3JMRBWG,5,1,1.0,0.8966666666666668,0
A1A4Y89JVUJPLI,5,4,0.6,0.422755293487001,0
A1A4YDTTVHB81E,5,2,0.0,0.8140680005956031,0
A1A5FHAPYTNF45,5,3,1.0,0.5835644768856447,0
A1A5YCDT4CWDHO,12,2,0.5,0.9527731247119169,0
A1A64AHFX5A2GY,8,2,0.25,0.7557173295454546,0
A1A6C30655N426,5,1,0.2,0.5400247371675945,0
A1A6L6E9JC948Q,6,2,1.0,0.5349559341494826,0
A1A6P7R5UUKELH,13,4,0.46153846153846156,0.5573579941296872,0
A1A6S41ZJ9T516,6,3,0.6666666666666666,0.7363493091156799,0
A1A6S63BPS6OVT,11,2,0.7272727272727273,0.72026607468362,0
A1A6UYFNC1L304,27,3,0.9259259259259259,0.7152613717101665,0
A1A7HMNIBKFSCK,9,8,0.8888888888888888,0.43444730357905825,0
A1A7HRQ3TZ6ACA,7,1,0.8571428571428571,0.7255311355311355,0
A1A7J8DXEDVLBE,7,5,0.8571428571428571,1.4675876504447931,0
A1A7OAQB7R304S,6,2,0.6666666666666666,0.3895586297760212,0
A1A86MEB7ZT41G,7,2,0.7142857142857143,0.6916099773242631,0
A1A8JQLSNLZ4RO,7,2,1.0,0.46734339385618906,0
A1A8KFAUEZLFU5,5,2,0.6,0.49180124223602484,0
A1A8R9JTQ8ZSXG,7,2,1.0,0.9678932178932179,0
A1A9APSQBT5M5L,5,2,0.6,0.35932601880877757,0
A1A9BAB8AO2GK4,6,2,0.8333333333333334,0.7785714285714285,0
A1A9IAZ88UAUY4,7,2,0.7142857142857143,1.0504761904761903,0
A1A9PD00UVHHVI,6,1,0.16666666666666666,0.47108529650425196,0
A1A9V7CX6ZV2L3,10,2,0.9,0.393491183353456,0
A1AA1JLOJMLKSR,7,3,0.8571428571428571,0.34008474079286893,0
A1AA56T6AO1206,16,3,0.5625,1.0731542574757773,0
A1AA9SKVKUTJ3H,6,2,0.6666666666666666,0.7173757669833903,0
A1AAIB4Q9S0Z7S,5,1,0.2,1.6388116458704693,0
A1AAN6JOPT86NQ,7,1,0.5714285714285714,0.48004926108374385,0
A1AARMR653JKX,6,1,0.6666666666666666,0.6452380952380953,0
A1ABL4XPOB0HEG,7,2,0.5714285714285714,0.7801020408163265,0
A1ABQZ25KYD4W7,5,3,1.0,0.7963790624101237,0
A1ACAALYJIDMXI,7,4,0.8571428571428571,0.8259863803207457,0
A1ACAFJGX98XOM,6,2,0.16666666666666666,1.3207977207977208,0
A1AD92Y0NN54OH,8,4,0.875,0.4310045948203842,0
A1ADD3J2AQXY1X,5,1,0.6,1.1118602511590463,0
A1ADWGC7NVZTCU,7,2,0.7142857142857143,0.4357724026498478,0
A1ADXPG4IZ7OFV,5,2,1.0,1.3538655479329327,0
A1AEAEG5RH5HS3,8,4,0.875,0.49131523651076564,0
A1AEMJE2R27T56,11,4,0.8181818181818182,0.39641901395413276,0
A1AF8M8XHV1B8B,6,2,1.0,0.6621703513184686,0
A1AFY8WLHKC20T,16,6,0.8125,0.6569196416495158,0
A1AGAMA2YMJ90Q,10,3,0.9,1.1095365885462973,0
A1AGATO4YTQTFE,10,2,0.5,0.8870011420546181,0
A1AGEK302YU5WF,7,2,0.8571428571428571,0.7411468015884363,0
A1AGSWYLP41VA6,6,6,0.8333333333333334,1.3846612499827273,0
A1AGUO5PPZQL6S,11,2,1.0,0.9267091670512873,0
A1AH19J23TGC1X,5,1,0.2,0.6741848523748397,0
A1AHE1OU0ZFJYQ,6,3,0.5,0.7839242202729045,0
A1AI98IW5RK9JL,15,3,0.8666666666666667,0.6431659795162313,0
A1AID6QR7MDFZL,6,6,1.0,0.8098880286380287,0
A1AJS3HI2VSHU2,9,3,1.0,0.7559768795365671,0
A1AJW4ZAS9OJ87,5,2,1.0,0.6015296665392794,0
A1AK3CPQK4ZCG5,5,2,1.0,1.2507870929764227,0
A1AK3IFQKND63Q,6,3,1.0,0.6422968243583244,0
A1AK8W2LC4NQI0,12,5,0.9166666666666666,0.5112929618261804,0
A1AKC5L44ANZZN,5,2,0.6,0.7064923813891861,0
A1AKDHST4X5P6A,5,4,0.2,0.7847431726313715,0
A1AKGNR0ZIKCSL,5,2,0.6,0.601096681096681,0
A1AKUW9E4W77GT,8,3,0.75,0.617096018735363,0
A1ALIH2Y62LO4O,7,1,0.42857142857142855,0.9413899564670954,0
A1ALN7226TTZCE,5,2,0.2,0.9437815126050421,0
A1AM81W30PWP9U,5,1,0.8,0.7603940410056219,0
A1AM8VAJOH8CSZ,5,2,1.0,0.631132075471698,0
A1AM97PWBXRM6D,7,1,0.7142857142857143,1.15041637344593,0
A1AM9PCG8QROMY,5,1,0.4,1.8794805194805195,0
A1AMYI63702RLA,7,5,0.7142857142857143,0.5391160377022385,0
A1AN52QBXRDMUV,6,1,0.8333333333333334,0.9528047116282412,0
A1AN8720TXNMLI,9,6,0.8888888888888888,0.6316871175059257,1
A1ANR7457JAB2Q,5,2,0.6,1.105084925690021,0
A1ANW4N2EU5BGF,8,4,0.875,0.5888021658886652,0
A1ANZW2PEFQ7HO,6,4,0.8333333333333334,0.6639501912229185,0
A1AO429BRZ1CBR,5,2,0.8,0.721110221336897,0
A1AOH69GE3SPS3,6,4,0.6666666666666666,0.42799156699716917,0
A1AOMG2Y0QR6N1,7,5,0.8571428571428571,1.4344763711936384,0
A1AP1ISMSL6GD5,8,2,1.0,0.7952562388591802,0
A1AP7GZOMZ7GQM,6,1,0.8333333333333334,0.9393755825116484,0
A1APEMHBJD6FQJ,11,3,0.7272727272727273,1.0445177303673079,0
A1APT9S64ARZYX,8,7,0.875,0.8858762521920418,0
A1APWGKYWMMJ93,7,3,1.0,1.0458395335103694,0
A1AQ84YBVRAI2Q,5,1,0.8,1.5957560097094983,0
A1AQSF3Q1YCMFX,5,3,1.0,0.9326432022084195,0
A1AQZL6GGFNZYC,7,4,0.42857142857142855,1.1216143536401149,0
A1AR2S7Z21D1TX,7,2,0.42857142857142855,1.011348822075552,0
A1ARJHCZ39UZBG,8,3,1.0,0.8947682709447417,0
A1AS0WT5Q7WE9M,7,1,0.7142857142857143,0.883075131692021,0
A1AS9UM2UGNUTO,7,4,0.7142857142857143,0.5744073239051717,0
A1ASEZSAJBL10W,6,3,1.0,0.5315733892972697,0
A1ASQLM5XCBT94,5,4,0.2,0.6514339633768534,0
A1ASTWUGEZV2YF,16,7,0.6875,0.7273003735496364,0
A1ASWDAEDTTY5I,36,8,0.6111111111111112,0.8289111187889919,0
A1ASWOUFFGBT37,5,5,0.8,0.5706382518974691,0
A1AT5RE89LSXTN,9,6,1.0,0.7170379420616741,0
A1ATGZJ0H9O9S1,5,4,1.0,0.7857297297297298,0
A1AU12CZ4G4DWC,7,5,0.5714285714285714,0.7825846667951931,0
A1AUIULRO9ZQVR,5,3,0.4,0.5285068584132281,0
A1AURFRHFDDVMQ,5,1,0.8,1.7697310349043343,0
A1AUX76Q045X4B,6,1,0.5,0.4352506945790528,0
A1AVVSYDH3C3X,6,2,1.0,0.5444444444444443,0
A1AVX8UBBZQX3B,5,1,0.6,0.6785642991176587,0
A1AW49AFO0N7HI,6,3,0.6666666666666666,1.8697650980259677,0
A1AW4QYZTK1VGA,7,1,0.7142857142857143,1.0591551459293396,0
A1AX8QQ37VJSGC,7,4,0.7142857142857143,0.5998112067105434,0
A1AXRTJMBD57XZ,11,2,0.18181818181818182,1.606410555131626,0
A1AYCDPTKJ0MZA,5,1,0.0,0.8236956521739132,0
A1AYGGS9XE6V27,6,2,0.6666666666666666,0.7038222482245674,0
A1AYQUCG73HKA,10,3,1.0,0.9565283400809719,0
A1AZCY9B02R1YX,5,1,1.0,1.1064827586206896,0
A1AZO2ALUTA6QW,11,6,0.36363636363636365,0.7620452334429505,0
A1AZUEFZNTUWVJ,17,6,0.47058823529411764,0.6548910896686477,0
A1B04MLSX8DDPX,5,3,0.0,0.7125906432748537,0
A1B0DAWWRH46UI,5,1,0.8,1.2914285714285714,0
A1B0Q49HG8LABS,5,2,1.0,0.6569030969030969,0
A1B0YO04O40C3M,29,6,0.896551724137931,0.4229575291735171,0
A1B10WMNK4YMDV,10,2,0.2,0.8771042378345747,0
A1B16PGS65QK2O,5,3,0.8,0.8856382495026995,0
A1B1LNTPTCRNJQ,5,2,0.8,0.7122916666666665,0
A1B1S6XMDBYOIW,6,1,0.8333333333333334,0.7965542576679794,0
A1B21AUH29LEM2,10,3,0.2,0.9119665370584806,0
A1B26TNQEWHQ4K,6,2,0.16666666666666666,1.2466752466752467,0
A1B28FZPRF2MZA,7,2,0.7142857142857143,0.5313735093291742,0
A1B29I661YGZEU,5,1,0.8,1.0096969696969695,0
A1B2RV0PLWTNU0,5,1,1.0,0.43057359307359294,0
A1B2U9EK3V1NVO,8,1,0.625,0.4524531622391017,0
A1B39UAO9N7Y76,7,2,0.5714285714285714,0.7927760013059467,0
A1B3GNO9C8YX0N,20,1,0.6,1.2803278733126071,0
A1B3H3YVW67074,5,1,0.8,0.8270833333333334,0
A1B3M9FMMDZSQZ,7,2,0.8571428571428571,0.5203673767324647,0
A1B4A3SUPMPOTH,15,5,0.5333333333333333,0.9143075205060611,0
A1B4BHIET8AGI7,7,4,0.8571428571428571,0.7673169267707083,0
A1B4CTI5R3BCFW,6,6,0.3333333333333333,0.23255868981675443,0
A1B4EJMGUGPMX3,6,3,1.0,0.9649968383756796,0
A1B4HK7566J44M,13,7,0.7692307692307693,0.6987076912676531,0
A1B4S0LMDEX7ZK,5,4,0.6,0.4393679963447406,0
A1B4S4517BT7BT,6,2,1.0,0.6682098765432097,0
A1B50MNUGBGT0C,8,2,0.625,0.7973079339065554,0
A1B52CX9YT7PZM,20,4,0.75,0.5527514406581837,0
A1B58KH3REUIMK,9,3,0.8888888888888888,0.7332012460294283,0
A1B61U6J5C4EW7,6,1,0.3333333333333333,1.1117021022173246,0
A1B631XBNEWYCX,8,3,0.875,0.7109924202138596,0
A1B6TLJKZ5EX6F,15,3,0.8,1.076996257435101,0
A1B6YOS7RVS3NC,5,1,0.4,1.2017647058823528,0
A1B70ZEWQ6UH1A,11,2,0.9090909090909091,0.552638814133206,1
A1B725VQO5W1NM,9,3,0.8888888888888888,0.5144567190836832,0
A1B7B6UI99HLV7,6,5,1.0,0.9679347826086956,0
A1B7R8W5COBV9I,14,6,0.7857142857142857,0.6685738775611245,0
A1B7RQCLAE7SGL,14,6,0.7142857142857143,0.8771143484643021,0
A1B80MVU7ZODF9,31,3,0.45161290322580644,1.21278544122904,0
A1B8X1EUTIT900,7,3,0.7142857142857143,1.2343621685215278,0
A1B939OD0LHXRN,6,4,0.6666666666666666,0.8650306978137167,0
A1B9GMSUWE6QVT,5,1,0.6,1.5791993464052285,0
A1B9QFN9YFZD90,9,3,0.4444444444444444,0.7508111785118632,0
A1BA2J43GAZGZM,5,1,0.4,0.6653639846743296,0
A1BAMTAYTL6F6Y,5,2,0.8,0.6185714285714285,0
A1BAXAFC8XKZQM,5,2,0.6,0.9530952380952382,0
A1BB6P6IKXY1I8,10,1,0.7,1.443278802233713,1
A1BB6ZKSC992GR,5,3,0.6,0.7882295482295484,0
A1BBLVUX9BAEUP,6,2,0.3333333333333333,0.4186237242841016,0
A1BBMJXEZ8Z3R4,6,2,0.16666666666666666,0.4825163398692811,0
A1BBWFS8UOXWCD,5,2,1.0,0.8696091311592831,0
A1BC8Y3P50D0KG,11,8,0.6363636363636364,0.9293842712103377,1
A1BCRUKZ7RODL9,5,3,1.0,1.3273809523809526,0
A1BCWC3MLLAFC9,7,2,0.8571428571428571,0.5590750712701932,0
A1BD3887746IQT,6,2,0.5,0.9474466891133559,0
A1BDIDCKY8VI7U,17,6,0.47058823529411764,0.9587891781125873,0
A1BE3A4RRD8KU,6,1,0.8333333333333334,0.7533513654589887,0
A1BEO04IJ0G7NY,8,5,0.625,0.7987934938014121,0
A1BEOAD1D9QNB6,5,1,1.0,0.9293628593628593,0
A1BETBY51PEUVE,8,2,0.375,0.6145658263305322,0
A1BEYJZCL0FMZ6,5,4,0.8,1.0266764755255804,0
A1BF231Y3N3A77,5,1,0.6,0.8293654399515372,0
A1BFG247EAD7ZL,10,3,0.8,0.9947074403689283,0
A1BFT3PRJUYR46,6,1,0.6666666666666666,1.701410934744268,0
A1BFXDCTEWBJC5,5,1,0.4,1.1383066828787078,0
A1BGIH6FGCQXN0,6,2,0.8333333333333334,2.191923216517537,0
A1BGQVWHIHQCPG,5,5,0.2,0.40908635224424683,0
A1BGWSXTGQV9J9,5,1,0.8,1.221100352112676,0
A1BH7KZU6WUJXW,7,2,0.42857142857142855,0.9102308896003037,0
A1BHCRAPM0OI1W,9,3,0.4444444444444444,0.7218222363832331,0
A1BHJXUOSXICFO,5,3,0.6,0.5466483748417055,0
A1BHLBH0RG2J4T,5,1,0.4,1.1976190476190474,0
A1BHRNLW2L8KLD,7,3,0.5714285714285714,0.5755346506516504,0
A1BI1OEF6WZOZS,8,2,0.375,1.5072435164416298,0
A1BIBUO6NR9JV6,5,1,1.0,0.566817496229261,0
A1BIFMOK5Y0DXD,7,2,0.8571428571428571,0.6429722342330084,0
A1BIGPJOUZ2UCL,5,2,0.6,0.8552790137189469,0
A1BJ7P52SI3WIS,5,3,1.0,0.46045493917824737,0
A1BJUMKKRLK9XX,16,1,0.5,0.7899105073452797,0
A1BJV8YFSE56LT,7,1,1.0,0.5692380212954747,0
A1BKFYRSWMWZ1Y,5,2,1.0,0.6817892252674861,0
A1BKI0FLL1G5R9,5,2,0.4,0.34585470085470077,0
A1BKJNAWJT2TG2,18,2,0.2777777777777778,0.6320610264575781,0
A1BLCFMS4P6LY9,6,3,1.0,1.8501984126984128,0
A1BLWLLY8UW1EF,5,2,1.0,0.5417543859649122,0
A1BLZC6IOHCS2B,5,3,0.0,0.9406349206349205,0
A1BM05OGBAWQBZ,11,6,0.9090909090909091,0.6321511124609823,0
A1BM45N5F304KL,11,3,0.7272727272727273,0.5686758938201383,0
A1BMJ9E7WDFVVP,5,2,1.0,0.7671994671994673,0
A1BMOYOFOBBCF4,8,3,0.625,0.5454682696530524,0
A1BNBMRWRCKK49,16,8,0.625,0.7213485576968213,0
A1BNEFQTCFVIE9,6,2,0.3333333333333333,0.4168679549114333,0
A1BNJN6JB1PZC9,6,1,0.16666666666666666,2.3820769100180867,0
A1BNSBYFLKGR06,10,3,1.0,0.695977369513955,0
A1BNVY1TN5EZ2J,5,1,0.6,1.7508465608465609,0
A1BNXSN5TBT9F7,5,3,1.0,1.290755404725993,0
A1BO4NUOIVGHA9,5,2,1.0,1.4063492063492062,0
A1BOHRXR6SB82A,9,3,0.6666666666666666,0.5712596938184963,0
A1BOJZRMK9OK6Z,5,3,0.6,0.4333632588935024,0
A1BOP5C0PKARME,5,3,0.6,0.9868184955141477,0
A1BOSVVNXI2L75,17,3,0.7058823529411765,0.6035595973720771,0
A1BPOCN80KYWXF,5,2,0.4,0.5676190476190476,0
A1BPZI5LWM1T7R,20,2,0.8,0.7414053078275488,0
A1BQ0GQO5VTP3D,6,3,0.6666666666666666,0.5291688513910736,0
A1BQ0HTG3C53IH,18,17,0.8888888888888888,0.6639467253330764,0
A1BQ6MQPNPUYKK,5,3,0.6,1.0410344791650386,0
A1BQA4IFYBUW15,5,5,0.8,0.8650925178153299,0
A1BQCD9UD1A4NY,17,5,0.7647058823529411,0.8402523359896632,0
A1BRB0RV1TTBSI,5,2,0.6,0.40114695542077283,0
A1BRBQBGJ05MPK,6,2,1.0,0.9873311546840959,0
A1BRCGSHKCF2DP,8,3,0.75,0.4370295590913961,0
A1BREU9NUREV6,10,4,0.8,0.27298533132559044,0
A1BRQSOC8VW9W8,7,1,0.42857142857142855,1.1167328727418417,0
A1BRRAXCBEJHHQ,5,2,0.6,0.7481099314310994,0
A1BRX51FAKAAVH,8,1,0.125,1.426890008140008,0
A1BS1TP5FX75VW,6,2,0.5,0.9091775599128541,0
A1BSA8PNYI1NMP,5,2,0.4,1.1937548547572985,0
A1BSS1S9NYTEYB,5,3,0.8,0.6972249143890934,0
A1BT13X2WFI5WF,11,5,0.6363636363636364,0.6648329023819345,0
A1BT2YI37J18HN,7,3,0.5714285714285714,0.5736345255041473,0
A1BT9SD02Q6DO7,5,2,1.0,1.0387770433134478,0
A1BTFWJCU0KR3H,5,4,1.0,0.4566418390280516,0
A1BTVGLPNMHHDE,5,2,0.6,0.61888501503965,0
A1BU3FLIQNOVDS,10,2,1.0,0.4825779273613353,0
A1BU8IYB1N1B8H,5,1,1.0,0.42611245303274287,0
A1BUCZYFGGKIMH,5,1,0.6,0.9548456412348699,0
A1BV6N0SRWGNYC,15,7,1.0,0.5655106525028443,0
A1BVE2ZIBKJ7YI,40,3,0.475,1.1528977475986166,0
A1BVGT9YYCYN8,9,3,0.2222222222222222,0.44923187598626196,0
A1BVHT2OE6TGQX,6,1,0.3333333333333333,0.2936537863008452,0
A1BVIXBMGUPDWM,14,5,0.5714285714285714,1.0528233815077828,0
A1BVOLBVEQ5TTT,5,4,1.0,0.2675406982843828,0
A1BVSM3SSNUU4D,5,2,1.0,0.4645708930245013,0
A1BWBIDVWCS6LI,11,2,0.8181818181818182,0.8810942251390809,0
A1BWWV31KLNTYT,5,2,0.0,0.8088968753119694,0
A1BXZVT6D5FFIP,5,2,1.0,0.5557967972799966,0
A1BYM8XCLZTPMY,6,3,1.0,0.5568630315015187,0
A1BYXHK8MN78QV,8,4,1.0,1.734581043956044,0
A1BYYTRN4OHRHV,9,3,0.8888888888888888,0.6322372928009928,0
A1BZ18U2EF4FAI,9,2,0.5555555555555556,0.9479945170734645,0
A1BZKG0G9KUI71,5,4,0.6,0.9987878787878788,0
A1C00XXCYWEKK1,27,13,0.6666666666666666,0.9870198672065139,0
A1C05TSWTI3VZ5,16,2,0.5625,1.4912341222374117,0
A1C0A4EE80SZBC,5,1,1.0,1.1731382978723404,0
A1C0BY762KS8WF,14,2,0.8571428571428571,0.6387613378684807,0
A1C0EPBJ9QAOBX,6,3,0.5,0.8606364188331401,0
A1C0F1O0OW4JJY,9,4,0.3333333333333333,0.7430579364456176,0
A1C0H8KUODITYL,11,3,0.5454545454545454,1.1367445996254006,0
A1C0IVWUUIZDG3,6,3,0.8333333333333334,0.7103054353054352,0
A1C0LZQ8HRBIY8,6,2,0.3333333333333333,1.4136197136197135,0
A1C0Q97FE7M85E,5,3,0.6,2.0175345379258425,0
A1C13EV84JEQWF,7,4,1.0,1.0052125390904165,0
A1C16OKJ0UXR3E,6,2,0.6666666666666666,0.5483449349965634,0
A1C1TNVSZAZA4E,29,17,0.8620689655172413,0.7247774448813338,0
A1C1Y7FKMJ16QZ,7,2,1.0,0.9448039158344772,0
A1C251TPP8ICKJ,8,2,0.75,0.2935675434971229,0
A1C29039FWGTHJ,11,9,0.7272727272727273,0.8884511282055043,0
A1C2CL4OMGRUKO,7,6,1.0,0.6619622398909922,0
A1C2GE8A5VCTW1,9,2,0.6666666666666666,0.8341213252977959,0
A1C2GFOPBDFM8L,6,1,0.5,2.4591269841269843,0
A1C2QW9Q2AEEGM,6,3,0.6666666666666666,1.6248602327415387,0
A1C3022LOHZLX5,6,3,1.0,0.9227187551886904,0
A1C316Z6AAP9LU,7,4,0.5714285714285714,0.5297334717294528,0
A1C3IHGXPG4DID,6,1,0.5,0.9820746371130126,0
A1C3NTO893YY6G,5,4,0.4,1.6240659340659342,0
A1C3NWY834BQY0,11,3,0.45454545454545453,0.6973699548744464,0
A1C3O7J42P5O1L,5,2,1.0,0.8367985125084516,0
A1C3XOMFMKOALX,7,7,0.5714285714285714,1.468495669356145,0
A1C3Y8LKKUBVWY,18,7,0.8888888888888888,0.6731512612965207,0
A1C47ROOK7BSVL,24,4,0.7916666666666666,1.7325370102483106,0
A1C4DV9CTFMQ91,5,2,1.0,1.3261946532999165,0
A1C4RUT5BWM3R9,9,2,0.7777777777777778,0.8022806035994644,1
A1C58YXM2A30CY,8,1,0.5,0.6299978789999788,0
A1C6LHC2CTGOFS,11,5,0.8181818181818182,0.5105300076613626,0
A1C6RZZ4BJBTQN,8,2,0.75,0.7266198990408044,0
A1C7EIYMR7DXWM,5,3,0.4,0.45354427030644473,0
A1C7EN9VF24V49,5,5,0.8,1.20275974025974,0
A1C7OND1J2PFEE,7,3,0.2857142857142857,0.5661867009087127,0
A1C7SY6S4N91NJ,5,2,1.0,0.6631581452381579,0
A1C8HT9D1SQB95,6,2,0.6666666666666666,1.0922619047619049,0
A1C8ZR29474TQM,7,3,0.42857142857142855,0.8542145070384274,0
A1C92KYEEU1T0G,17,8,0.9411764705882353,0.6519482763622622,0
A1C9MTTMKI7NBN,6,2,0.6666666666666666,0.4634810306029185,0
A1CA43D14PJQXC,13,3,0.7692307692307693,0.544469462707802,0
A1CAFEI4EG4BIX,7,1,0.7142857142857143,0.9073749073749073,0
A1CAGCOH7KFD5,5,2,0.4,1.2357575757575758,0
A1CB1PVKD7X7YY,5,2,0.8,0.618733440079297,0
A1CB8HH9YJ2YZE,31,8,0.6774193548387096,1.1873835521718672,0
A1CB8ZXS6EWQJ,5,2,0.6,0.9756487588241143,0
A1CBFIXDW95M5X,5,1,0.8,0.8994636015325671,0
A1CC0801G6N9GO,6,1,0.5,0.6583213083213083,0
A1CCHLFAYJ21PB,8,4,0.75,0.474249213149152,0
A1CCZKUOQJ6E7F,5,1,0.8,1.7709115510611024,0
A1CD4GRJOIYHJH,11,4,0.8181818181818182,0.695724802797066,0
A1CD689SA2AIDC,5,2,1.0,1.0400252525252525,0
A1CDHBM0K3NGLV,6,4,1.0,0.43534209782892525,1
A1CDNYL0NUK8R9,5,3,0.8,0.8800000000000001,0
A1CDR00JQ1IAV,15,10,1.0,1.0802093869146612,0
A1CDULN3AFOG44,5,2,1.0,1.0958087367178275,0
A1CENILVYMJGN4,19,4,0.7368421052631579,0.9974025653361178,0
A1CF7V6EC1U8EX,6,2,0.6666666666666666,0.8149899899899902,0
A1CF80TI2UOHCL,7,2,0.8571428571428571,0.45913265306122447,0
A1CFAW8LD0YY1A,6,2,1.0,0.6654590715117032,0
A1CFFVXH012EU3,6,2,0.6666666666666666,0.6047324691333026,0
A1CFIF0K09G85S,5,1,0.8,0.8411339198435973,0
A1CFJA70XPZP2G,5,2,0.8,0.6036359371334742,0
A1CFNOI8BWWK1N,9,3,0.3333333333333333,0.8093698753055478,0
A1CFSINY61QDIL,6,2,0.8333333333333334,0.6590909090909091,0
A1CFU5XJXN3PV4,15,2,0.2,1.4355549540490187,0
A1CGACYOJ79GYS,5,3,1.0,0.6239064856711916,0
A1CGHDFA5DVEM5,8,3,0.375,0.40281680723491065,0
A1CGTOUKHJ9EBU,6,1,1.0,2.263596667796706,0
A1CGWLO9SWVWBA,5,2,0.4,1.356332904516867,0
A1CHAHCPLSRZOX,8,2,1.0,1.2779967874480547,0
A1CHDQ9LFMYJFH,7,2,1.0,0.5702871278381483,0
A1CHKAWX7FAOM4,21,1,0.3333333333333333,0.7560464187355449,0
A1CHSF2YTBXUAS,5,3,0.0,0.6894543511654312,0
A1CI4DBN54K2WJ,6,2,0.8333333333333334,0.6624418791085459,0
A1CI7RN1DUA8AF,8,2,1.0,2.8434041935215277,0
A1CID66CZM68B8,10,4,0.7,0.4113220987319658,0
A1CIFFHXSYF5KT,7,1,0.7142857142857143,1.3130136607488525,0
A1CIMZOW9GA3GE,5,2,1.0,1.9594017094017093,0
A1CIVJHKTBKZPB,5,1,0.8,0.7529772961816306,0
A1CJ0JS9SJCIDL,5,2,0.4,0.7248418972332015,0
A1CJ1G8DXTTNYV,6,1,0.5,1.0255044843049328,0
A1CJ6O6G6BSKDX,8,2,0.75,1.6955073580975943,0
A1CJHL546LYPKW,7,2,0.5714285714285714,0.7126096363392664,0
A1CJR47UDZRTSE,8,3,1.0,1.7214044727202622,0
A1CKSCU2E724ZU,11,4,0.9090909090909091,0.6961238467319198,0
A1CKWE4BW40LLG,7,2,1.0,1.9827413479052824,0
A1CL807EOUPVP1,6,4,0.6666666666666666,1.276098706361864,0
A1CLE04G4QVQKP,11,4,0.8181818181818182,0.8766644561371593,0
A1CM4F49A7ZWK9,8,2,0.75,1.8521971288515404,0
A1CM7KLH75RVD0,9,5,1.0,0.5367258311922947,0
A1CMJ5QJ8AJVDC,7,2,1.0,0.6197474071595851,0
A1CMYFNDQOTQUF,9,2,0.8888888888888888,0.4703797951345005,0
A1CN1LAU2SCCBF,5,2,0.2,1.0127812284334023,0
A1CN4ZCDTGCJCT,6,4,0.6666666666666666,2.2704853096729525,0
A1CNBLMF8NNRVE,5,2,0.6,0.8439080459770116,0
A1CNEM3O361WKL,5,2,0.8,0.5350486431131591,0
A1CNHHM9O2H0QD,6,3,1.0,0.9575639165104978,0
A1CNI5IVSMGNH6,5,1,0.2,0.5658645276292334,0
A1CNND2ZB25GV4,5,2,1.0,0.48841534189632174,0
A1CNV2BQHWAAPM,25,13,0.4,0.5534981956198818,0
A1CO5MA5B93LGP,7,3,0.7142857142857143,0.7796583850931676,0
A1COCQJY7QGWO,5,1,0.6,1.236868686868687,0
A1CP0M11XP5C8L,8,5,0.875,0.5552934851908732,0
A1CPI102ITIAIN,15,3,0.6,0.7307291124992027,0
A1CQ23FW98FY3U,8,5,1.0,0.7797603640248161,0
A1CQ3WP5UD5V41,7,1,1.0,0.706547571409516,0
A1CQ537IH19C0L,5,1,0.8,0.9328758169934639,0
A1CQA11521U9SD,5,1,0.8,2.11534177323651,1
A1CR4JOKSZZGER,7,1,0.8571428571428571,0.8133328269782073,0
A1CR765NNJAC1Q,6,1,0.5,1.1260507137865627,0
A1CRF9X21W5JWG,5,1,0.8,0.5556892230576441,0
A1CS33QDSXNT07,6,2,0.6666666666666666,0.5837822859382938,0
A1CSOOLZWUWB57,8,4,0.125,0.4758297258297258,0
A1CSTAYLUS8YWX,5,4,0.6,0.34207024288405713,0
A1CSUXPV6RI8WH,9,5,0.5555555555555556,0.6003718302656041,0
A1CU0ZGT2NZYH0,5,5,0.6,0.8509932152280438,0
A1CUB195YB9XKO,8,1,0.75,1.0103084427583224,0
A1CUDPPGBDI1S7,7,3,0.8571428571428571,0.7374393549092828,0
A1CUHXNFBVCUB9,7,2,1.0,0.6969453371678195,0
A1CUNBG4XAX30J,5,1,0.4,1.2174198073327855,0
A1CUNCH9J0NC70,20,9,0.95,0.7481816774069573,0
A1CV5MMBVSEAVF,5,3,0.2,0.7827610693400168,0
A1CVEJNS5CGWJG,5,3,1.0,0.5992023676806285,0
A1CVQ4O969MTZA,5,5,0.8,0.7136383518502318,0
A1CWCDFXL5LOSW,8,2,0.75,0.7363069800569799,0
A1CWMO3LQQ7P0P,7,1,0.7142857142857143,1.0153330106746254,0
A1CWOD9IBU4DNU,15,2,0.7333333333333333,0.5973185979658401,0
A1CWOWHCU3XE9Y,5,2,0.0,0.8352564102564102,0
A1CWTGBWPBGZHU,5,2,0.8,0.39417857142857127,0
A1CXA2EHSMHV6B,5,3,0.8,0.7827180494190804,0
A1CXASEYLBAZ66,5,1,0.6,1.2577184298376884,0
A1CXB6MATR08VV,6,4,0.3333333333333333,0.8419686774012659,0
A1CXI66OO22O8X,5,1,0.8,0.8377315741875659,0
A1CXM7O8XFB7FQ,5,2,0.6,1.4545992000830712,0
A1CXPD0LVJU6BC,7,2,0.5714285714285714,1.3931345980126468,0
A1CXTI2NEUK0KI,6,2,0.16666666666666666,2.0369803476946333,0
A1CY02YAQKZ8QZ,5,5,0.4,1.3202100840336137,0
A1CY26O3SB10UP,10,2,1.0,0.692902570985189,0
A1CY6RGVEG9XOL,5,2,0.0,0.49343137254901953,0
A1CY7C48DGZ2U8,7,2,0.8571428571428571,0.4581065759637189,0
A1CY8TAF8X5P6O,6,2,0.16666666666666666,1.1606740315656932,0
A1CY9ZK8MKMCMC,5,2,0.4,1.1686108714408974,0
A1CYC9URDHLAK8,5,2,0.8,0.7874358974358974,0
A1CYCCBDQT8D6A,8,7,1.0,0.7635351966873707,0
A1CYK2VYWWRL5X,17,2,0.35294117647058826,1.0462388950201098,0
A1CYNZMKTXO222,7,2,0.7142857142857143,1.5281305451722724,0
A1CZ7IIIG9N1ML,6,2,0.5,0.8660547758465782,0
A1CZCUDV2R4WXD,6,5,0.8333333333333334,0.8506567593134174,0
A1CZFQP3C5NG5Z,8,8,0.125,0.9068215148378194,0
A1CZKAV38L9P2K,9,3,0.7777777777777778,0.5743314372501654,0
A1CZQGRKJGXME7,5,1,0.8,0.995974025974026,0
A1CZVOTQ2OUWNU,5,1,1.0,0.44224296987505624,0
A1D07L5D2CF59L,7,1,0.2857142857142857,0.8142857142857143,0
A1D0E8YF295O3,6,3,0.6666666666666666,0.5317205152571006,0
A1D12J815P1TIT,6,3,1.0,0.9165880904707421,0
A1D12RDE6K7RJ1,5,2,1.0,0.5754066985645935,0
A1D13BNGSSQT69,6,4,0.8333333333333334,1.1439139755519065,0
A1D1GXKX7KT7DL,5,3,0.2,0.5772543059777103,0
A1D1M7YZKAHBM5,9,4,0.6666666666666666,0.9384131673041674,0
A1D1OFE4SC15E0,10,8,0.8,0.3493147967320899,0
A1D1RLDLXRUGBS,5,2,0.2,1.462125668449198,0
A1D2ABQ2X9N5TP,6,3,0.16666666666666666,0.6411310424283775,0
A1D2GOXZ3K5W3I,17,14,1.0,0.4854554622345313,0
A1D2HUL3IYSPS1,5,3,0.8,0.5215186162415713,0
A1D2I73DA6N5TL,15,3,1.0,0.622716168362173,0
A1D3DZYWQ7PL3C,6,2,0.6666666666666666,1.080186348043491,0
A1D3LP8Q8KMGVB,6,2,0.3333333333333333,0.46097582972582957,0
A1D3TL21VKWBPD,8,6,1.0,0.42554112554112566,0
A1D3Y2KFYMTSS3,5,2,1.0,0.9449918599918601,1
A1D4HEA4RQGXQ9,8,3,0.125,0.9938812668884364,0
A1D4KOKHUL3XIN,10,3,0.8,0.681390808795771,0
A1D4ZEE6VLOOXI,8,1,0.125,0.9116374250091044,0
A1D4ZOYUJRMU9W,8,7,0.75,0.7694862990028799,0
A1D5AB3TC4BFIH,5,3,0.6,0.9745856481481482,0
A1D5GTKB849240,5,2,0.6,0.826923076923077,0
A1D5R07XQ8ZQSB,5,2,0.6,0.45573593073593077,0
A1D5RY4EL88ZU0,8,5,0.625,0.47266225038402454,0
A1D5TI8A6WSNW7,5,2,1.0,0.8548749240998808,0
A1D5YPUTS8KM4E,5,2,0.8,0.9229230769230771,0
A1D678H20KE69R,6,2,0.3333333333333333,0.2946377696377696,0
A1D696068E7EOU,17,4,0.23529411764705882,0.46157700130039503,0
A1D6IOBBXFU2BM,7,3,1.0,0.48934691818194326,0
A1D6YPGOK3P8CO,9,8,0.8888888888888888,0.5608389997696338,0
A1D7A4JOQXI755,5,2,1.0,1.7378557504873295,0
A1D7WKS43Y6AVY,6,2,0.8333333333333334,1.2874486624486623,0
A1D7XSAS1P9LIT,6,6,0.5,0.8293952619597076,0
A1D8PJZGNX8LFK,27,7,0.5925925925925926,1.0725935284994923,0
A1D90OMOU6PVNO,5,1,0.8,0.5487026515151515,0
A1D97U0US5G7MA,6,1,0.6666666666666666,0.8666666666666667,0
A1D9MKGUFTJ7LJ,5,5,0.8,0.5014318572003582,0
A1D9SPKBK0V86D,10,2,0.4,0.9846908673186547,0
A1D9V4TAFTO6M2,7,1,0.7142857142857143,1.9859016333806248,0
A1D9YQF0Z5FA49,11,5,0.45454545454545453,0.820535239614187,0
A1D9ZTT6UV0QVI,5,2,0.2,0.6581998772817916,0
A1DAG820HF3EPE,8,3,0.875,0.934637766595857,0
A1DAWW9Q25KBQ1,6,6,0.6666666666666666,1.2126633986928106,0
A1DBA5DSNARK9R,21,3,0.42857142857142855,0.5098225829436906,0
A1DBQE62DQZN07,5,1,1.0,0.8350705980066445,0
A1DC3ZA5FMR8UK,7,7,1.0,0.6141620284477426,0
A1DC7LYFQ8FBUY,9,2,0.6666666666666666,0.825044066897362,0
A1DCKHDRA8824Z,10,3,0.5,0.7282125116557469,0
A1DD4JP2EG8LC5,7,5,1.0,0.33884978506417784,0
A1DD5G9Y7BVSQP,5,2,1.0,0.7975946275946275,0
A1DDVPMEX1XZUV,9,4,0.3333333333333333,0.688862712019859,0
A1DDZTDK7NKWQX,13,1,0.5384615384615384,1.3626437315061712,0
A1DEHS1DB47074,11,4,0.8181818181818182,0.4262709195251423,0
A1DEKVS053ZW0,8,5,0.375,0.7512175324675325,0
A1DELQS1835067,14,2,0.2857142857142857,0.7105170623027767,0
A1DENOBT4BW6LW,7,1,0.42857142857142855,0.7280539009862318,0
A1DEUQXSLXAA3H,12,9,0.4166666666666667,0.9415486722504266,0
A1DEYPNGX8PGSD,5,2,1.0,0.47871805951660773,0
A1DFFQ6JEN7KH7,15,7,0.6666666666666666,0.5446697543931225,0
A1DFPSDREXYMB4,5,1,1.0,0.8647555864451044,0
A1DFS9ORBOJZ5A,11,7,0.6363636363636364,1.0170920136309152,0
A1DG1P246CD6NZ,7,1,0.14285714285714285,0.9917787742899851,0
A1DG2DDXTBGHNO,5,1,0.2,0.6221746642582267,0
A1DG6F94BBGHUC,6,2,0.8333333333333334,0.880900535408732,0
A1DGLWQBBJ4IHQ,11,5,0.7272727272727273,0.6170505778609169,0
A1DH23ZEPK0QDE,9,2,0.3333333333333333,0.49897504350277977,0
A1DH6XX1KLDXKO,5,2,1.0,0.499606872354577,1
A1DH81B19ASE30,5,2,0.8,0.5494419306184011,0
A1DI7507KN7WTI,8,3,0.5,0.9903498936231384,0
A1DIB3ER25DP5U,5,2,0.8,0.8076003734827262,0
A1DIOYY9485U50,8,4,1.0,0.555215769165998,0
A1DIPRCCJ3XBIZ,7,2,1.0,0.7439334611748405,0
A1DIX94XSSQF9K,12,5,0.8333333333333334,0.6540524283681043,0
A1DJ0L4BKHAHM9,10,3,0.9,0.7370835912850903,0
A1DJ9FOEOA0WF1,7,2,1.0,0.5365076259681217,0
A1DKNFJAFYC3QI,5,2,0.6,0.38414662084765194,0
A1DL03XK8YSB58,8,3,1.0,0.8404927248677249,0
A1DL6KM0WW9H8Q,9,3,0.6666666666666666,0.670592938876967,0
A1DLGTOY9ZZC54,5,1,1.0,0.4421215682085247,0
A1DM587OXT8OVD,9,2,0.5555555555555556,0.38281224947891607,0
A1DMBGYQDGC1K5,9,6,1.0,0.5701431568539179,0
A1DMU3KR0UH144,5,3,1.0,0.44693063034526465,0
A1DMZJ6L2DCPYG,10,4,1.0,0.7723555963487314,0
A1DN73KYREUPNZ,7,7,0.42857142857142855,1.577345285897513,1
A1DNF1Q07EOTYQ,5,4,1.0,0.3266096788783354,0
A1DNYOI7T3DNQE,7,3,0.42857142857142855,0.7491339982538358,0
A1DO51T5I1HQ8U,6,4,0.6666666666666666,1.1446960703905147,0
A1DO9LRCO23EOM,33,2,0.7575757575757576,0.6976914229343205,0
A1DP038TC2ETJ6,5,1,1.0,0.8318181818181818,0
A1DPGBFB3JQ6DD,6,4,0.8333333333333334,0.5418877551020408,0
A1DPJ0HZO72X2J,6,1,0.8333333333333334,1.4510553814002092,0
A1DQ0GZ85M0Y4K,5,3,0.8,1.201172438672439,0
A1DQ2F3401X2UR,7,1,0.8571428571428571,1.018632800288247,0
A1DQC2NI3BHF0B,5,1,1.0,0.3181818181818182,0
A1DQLEO0E3U9CV,5,1,0.4,1.0366666666666666,0
A1DQQC7E1W5QG7,6,1,0.8333333333333334,0.7651965343127212,0
A1DR40TIL4HGN,5,1,0.8,0.7894824016563148,0
A1DRDBCYWGAG2F,14,4,0.8571428571428571,1.0248288829553402,0
A1DSKQVH06VX85,7,4,0.8571428571428571,0.6928628939498503,0
A1DSNUZI54EPCM,5,1,0.8,1.2750245647732823,0
A1DSPJKAH84U8Q,5,4,1.0,0.8052999248479882,0
A1DSUDEPRVZHF9,6,2,0.6666666666666666,0.6875607104732779,0
A1DTAB80H647JY,5,2,0.8,1.020879120879121,0
A1DTHEJORWR0O1,6,4,1.0,0.6949746658436989,0
A1DTTUZZH3UCJK,5,5,1.0,0.4063282172373084,0
A1DU3WSVB9BBDW,5,3,1.0,0.7371229546517063,0
A1DU8IQS6GYDI1,7,2,0.42857142857142855,1.1692439577457,0
A1DUBE3ZQN512F,5,1,1.0,0.8283754083754087,0
A1DUGTYH46C0U,5,4,1.0,0.6869854469854471,0
A1DURV7JCD0WFP,6,2,0.8333333333333334,1.7132468968289867,0
A1DVFI6BGBIP1U,5,1,0.6,1.348920011148272,0
A1DWXFYHXJLBMX,7,2,0.7142857142857143,0.8663168493995561,0
A1DX95DF8G8BSU,5,2,0.8,0.6604963302035506,0
A1DXRF9D459RWW,7,1,0.8571428571428571,0.9653245047917778,0
A1DXS4XEIW98ZR,6,2,0.6666666666666666,0.9400421277250883,0
A1DXSD8T135YZR,6,6,0.3333333333333333,0.6588596828503851,0
A1DYB9MKFYEGS4,8,1,1.0,0.4892724534117977,0
A1DYHNSD4T1LEH,6,1,0.6666666666666666,1.677265592912046,0
A1DYOD1SEWMRYI,6,3,1.0,0.4458336993119601,0
A1DYPLFFMFDO4B,18,2,0.2222222222222222,1.0139668721087274,0
A1DZTBGEHOS6DO,12,3,0.75,0.5654610635133456,0
A1DZXY8UCO5X4I,6,2,0.8333333333333334,0.7201111653797075,0
A1E02LP8RKK3QA,5,2,0.4,1.3580952380952378,0
A1E0PRDZG7W2R,9,7,0.7777777777777778,0.6221816411874891,0
A1E0U3HHDEUW9T,5,1,0.8,1.2192941281929044,0
A1E0VNJT0YY9Y7,5,1,0.4,1.4799482035142932,0
A1E0XHFYVO3Q7N,7,1,0.7142857142857143,1.1531538736330218,0
A1E0Z9CPNWQS1L,8,7,0.5,0.4436418167984565,0
A1E153CNDW8GSA,5,3,1.0,1.7534209819427062,0
A1E1BTLNFUKG5,6,1,0.5,1.033239255298079,0
A1E1FGV9V1WQ6A,5,1,0.8,1.1575036075036078,0
A1E1KIA2MO5R8C,5,3,0.8,0.42967428293631504,0
A1E1L1OJZQI3OO,17,1,0.47058823529411764,0.7937709380448525,0
A1E1NVQ002ZPDG,15,4,0.6,1.0513437303121873,0
A1E23CA4VB5UL,5,3,0.8,0.6164841156946419,0
A1E2H9I7Z4A9GN,6,2,0.3333333333333333,0.9265045847575516,0
A1E31LPLZBVAGI,11,2,0.7272727272727273,0.6614834690651153,0
A1E37TC3CQZGKT,5,1,0.8,1.4178715864081721,0
A1E396OBLRI15K,5,1,0.4,0.6230201171377642,0
A1E3DXCWYUYWF6,7,5,0.5714285714285714,0.7208442875736109,0
A1E3FA0XFLWN1R,8,3,1.0,0.5577062904505214,0
A1E3L0MZ58MNWQ,7,2,0.5714285714285714,0.8433039725324093,0
A1E3WY9OD7SV24,6,2,0.8333333333333334,0.6078682755153343,0
A1E48V0EEIMN1J,8,5,0.5,0.8765443626801822,0
A1E4FASFO78Z77,5,1,1.0,1.6205357142857142,0
A1E4J1NTUTLBPC,5,1,0.8,0.686573670444638,0
A1E4QYHI21FUJW,7,2,0.2857142857142857,0.9263721492524353,0
A1E55W6ES0FY17,46,4,0.8260869565217391,1.2496432162925508,0
A1E5K2DDSF696U,9,5,0.6666666666666666,0.4153116552996827,0
A1E5QHOGKTYULX,8,1,0.625,0.41117321928771505,0
A1E61SVSLDOWQZ,8,3,0.375,1.3987789822243815,0
A1E6GAFS9BNRCM,7,3,1.0,0.9674177743405296,0
A1E6UCZQCU70T7,7,2,0.5714285714285714,1.0986317254174396,0
A1E75OE7SN6QEJ,7,3,0.7142857142857143,0.790349037605398,0
A1E7LH2HYOHX1A,7,5,1.0,0.43699539815976757,0
A1E7OJJV6Z6HQE,6,2,0.6666666666666666,1.5302427637721756,0
A1E7TJ3H5TT73P,8,6,0.875,0.7281318809754993,0
A1E7VTRDMI4XMV,7,2,0.7142857142857143,0.5893541324575808,0
A1E89HMO64W7P6,5,5,0.0,0.7100598707156084,0
A1E8AMV0XNJFRN,6,2,1.0,1.7016470840710338,0
A1E8INW9XE7HEQ,11,2,0.7272727272727273,1.8186616531043776,0
A1E94U5UUUYNDX,9,4,0.8888888888888888,0.7850148470563083,0
A1E9IQF7ST7O97,11,3,0.8181818181818182,0.7396784387693479,0
A1E9R06OUKT7Q4,7,2,0.7142857142857143,0.7147034992657113,0
A1E9RGETV1X5LK,5,3,0.2,0.65,0
A1E9VR36A4EWBF,7,5,1.0,0.5776827600135872,0
A1EAHSK6QYCBMJ,5,1,1.0,0.9316416916416916,0
A1EAPQ18XBQFSY,6,6,1.0,0.5182318205874723,0
A1EAQ69H0Z5I4N,12,3,0.8333333333333334,1.4529621060030298,0
A1EAUJAQ1HIER2,5,1,0.6,0.7906362661630247,0
A1EAXVLKPVL8W5,7,5,0.7142857142857143,1.0621121255519752,0
A1EBZQ98CFXBY8,5,2,0.6,1.2036822001527885,0
A1EC3HRQO7HR6D,8,2,0.75,1.1248587864898025,0
A1EC7AU8EA6ME,5,3,1.0,0.4615932117527862,0
A1ECHZVN5P0VV6,7,1,0.5714285714285714,0.6968379401815936,0
A1ECKA0JZ7KMG9,5,2,0.8,0.9279573367808662,0
A1ECSUGIKBGZMK,13,12,0.7692307692307693,0.4401220195657912,0
A1ED9RHRSZMGRP,5,2,1.0,0.6083013630017483,0
A1EDB9PI1GFOEJ,6,6,0.5,0.3160421645612835,1
A1EDBVK8ZSD0OB,5,1,0.6,1.4837749694251936,0
A1EDLNV5FVM7LP,12,3,0.4166666666666667,0.7298860174053673,0
A1EDTUD5S99HOY,5,1,0.2,0.57,0
A1EDXBS5VCNYGV,5,2,0.4,1.523216825848405,0
A1EE9J3T1GOVF5,11,3,0.7272727272727273,0.5737215139073064,0
A1EE9SJNPZ73IO,6,1,1.0,0.7989010989010987,0
A1EECD98CHRXOA,5,1,0.8,0.7319848053181387,0
A1EECDRU4MEGF3,6,1,0.5,0.8835383914331283,0
A1EEL87IE0G48O,8,3,0.875,0.5781705644548603,0
A1EF35ICOB7TTY,14,2,0.7857142857142857,0.5676206557417738,0
A1EF5ODLYYMZIU,6,2,1.0,0.9833620627738275,0
A1EG9SLJ4H62KX,6,4,1.0,0.7623919808834975,0
A1EGDKBZ310X5M,5,1,0.6,1.0199730458221026,0
A1EGHZJHLLCM50,6,1,0.5,0.9883986928104574,0
A1EGXELDNH5OX6,5,2,0.4,0.40788446526151445,0
A1EH28KHD29LVV,5,4,0.8,1.2300976800976802,0
A1EH2DJF33AZ5C,16,4,0.875,0.5328664250295536,0
A1EH2S92FHWZRP,126,4,0.4444444444444444,0.793185010750096,3
A1EHB40BXSNYQC,6,3,0.6666666666666666,0.8487747145641883,0
A1EHG8EBES6CV8,7,1,0.14285714285714285,0.9674450807991182,0
A1EHO0CQUOZSQX,6,2,0.6666666666666666,0.3804738999547847,0
A1EI167V9XIZKK,7,3,0.5714285714285714,1.0527105971193216,0
A1EIBDUL0X2VJ2,5,2,0.6,0.66368700265252,0
A1EIBZVYXPRB26,7,3,0.5714285714285714,0.554631592896899,0
A1EIDFUDCWT20D,9,2,0.7777777777777778,0.7085402119504133,0
A1EIKCOKIAQSGB,5,2,0.8,0.37687685171887375,0
A1EJG42HKROE58,17,5,0.5882352941176471,0.45733273383418893,0
A1EJHE40YZX00M,8,5,1.0,0.9132802377613037,0
A1EK0SWZ4JON11,5,2,1.0,0.7897095959595959,0
A1EK39D71FXLRI,8,4,0.375,0.478835984315842,0
A1EK5MAOA7YADG,7,2,0.8571428571428571,0.781386471400341,0
A1EKKG5SXMH5A0,5,2,0.4,0.3646114605942441,0
A1ELE99SXM1D2R,6,6,0.3333333333333333,1.0964285714285713,0
A1EM70V2QHYO82,5,2,0.4,1.184361471861472,0
A1EMCLA5IETUVG,5,3,0.8,0.7935483870967742,0
A1EMGJU2BJ93J5,5,3,0.8,1.0644238018173777,0
A1EMKI1ABCJGAL,5,2,0.6,1.077046908315565,0
A1EMZ9UUFY69MT,5,3,1.0,0.86222647113233,0
A1ENFJ7D37HWSM,5,1,0.6,0.498168498168498,0
A1ENHG9CYI17HW,17,5,0.6470588235294118,0.9213246937728621,0
A1ENJO8OV0XEQM,5,5,0.6,0.8986085626911315,0
A1ENTJE6GHR4XX,19,10,0.7894736842105263,0.7413869414530666,0
A1EOLRV216BXJ9,5,1,0.8,0.2921491794209848,0
A1EOLS3RENLA09,5,2,0.8,1.6986734693877552,0
A1EOMH79B2ES81,7,2,1.0,0.9713725151597081,0
A1EPU8C6XZRPRN,5,3,0.8,0.4467323097463284,0
A1EQ2U7VEYNCKE,6,2,0.3333333333333333,0.9975233613352054,0
A1EQA5VPY0KSZ6,5,1,0.4,0.9675660699062234,0
A1EQB03HQYCMB,8,2,0.75,0.3227424694431158,0
A1EQG7569YZD00,12,2,0.4166666666666667,0.8056675747624024,0
A1EQKWGQXREYC5,6,3,1.0,1.5510204081632653,0
A1EQN91S6T820I,19,5,0.7368421052631579,0.528245233653773,0
A1ER4WEC1VC6P0,7,5,0.8571428571428571,0.6370361620104932,0
A1ER5446RYJ6ZK,5,1,1.0,0.9047632209323752,0
A1ER5AYS3FQ9O3,22,1,0.5909090909090909,0.8051320225569669,0
A1ER6MQ0L7NHNL,5,1,0.8,1.7379084967320264,0
A1ERIV3Q7T0GG4,13,4,0.6153846153846154,0.9354185522081946,0
A1ESAEZO1VJ76X,10,6,0.6,0.9938008037796706,0
A1ESGJX8CCXS7L,6,1,1.0,0.527411918751788,0
A1ESMJMQENUMZO,5,3,1.0,0.49901960784313737,0
A1ESUYMIG3TZT0,10,1,0.9,0.5351409909418138,0
A1ET5UP9ZAR3VM,5,1,1.0,1.89812912482066,0
A1ET64P1560ZVL,6,2,1.0,0.7601429962877287,0
A1ETJHC39657D,6,2,0.8333333333333334,1.427415059687787,0
A1EU6GRSWXAKIE,5,4,1.0,1.210744810744811,0
A1EU7O3N8ROPXT,5,2,1.0,0.6716378859236002,0
A1EUBSMH1KPA9N,9,2,0.0,0.5505940337538936,0
A1EUMB2G6DNQGW,8,5,0.25,1.2467840729540236,0
A1EURH2KK57PGL,5,2,1.0,0.3109523809523811,0
A1EV7JT7BE28DM,5,2,0.6,0.5389588100686499,0
A1EV8OK20TU995,5,2,0.6,0.7852206736353078,0
A1EVI7C28LBW4G,6,3,0.16666666666666666,0.7589784413017934,0
A1EVKCZSZZ7UY,5,4,1.0,1.1693604108309992,0
A1EVS79RGAYA4A,11,4,0.6363636363636364,0.7307624783431236,0
A1EVX46DWN2UUP,5,2,1.0,0.675967190704033,0
A1EW2XDJFKUNM3,14,9,0.7142857142857143,0.794198752580819,0
A1EW7EQ9W9VU10,12,3,0.4166666666666667,0.9902778253892076,0
A1EWII9VJHA4S6,8,1,0.875,1.273383180664386,0
A1EX3Z0XAEN68R,5,4,0.8,0.3833519137866963,0
A1EX7JJWYANUTV,5,1,1.0,0.5761894047236382,0
A1EXB5LB59T0Z3,7,3,0.42857142857142855,0.6251761178128641,0
A1EXTZ4VQUSPL,5,5,0.6,0.8850000000000001,0
A1EXUC01FWXTQU,5,1,0.8,0.41795454545454547,0
A1EY19V5CI6LH6,6,1,0.8333333333333334,0.538621794871795,0
A1EYJKNRSGZ4OK,6,1,0.5,0.24537037037037038,0
A1EZ5M38F72TBA,7,2,0.8571428571428571,0.9705539358600583,0
A1EZOGZCYU323H,5,1,1.0,1.8782258870564719,0
A1EZPCHGGM6F9P,8,2,0.75,0.3804351107980314,0
A1F0HQEC39SU2,5,2,0.6,1.0105357142857145,0
A1F0HSH4QPP4XH,9,4,0.4444444444444444,0.5552188906014042,0
A1F1A0QQP2XVH5,123,4,0.5365853658536586,0.8048261497876079,1
A1F1CZ3VWGZT8C,5,2,0.8,1.7193650793650792,0
A1F1MI3E25MS6,5,2,0.6,1.1411623320759712,0
A1F23MY8SB905X,7,3,0.42857142857142855,0.45252883762200524,0
A1F27XMGXJ7TU2,5,4,0.8,0.9683935801041065,0
A1F2BZ8XMQQJB4,7,7,0.8571428571428571,1.0512945242910399,0
A1F2CISGV6LB9Y,8,1,0.5,1.9071521790534396,0
A1F2FKOF9IMNVF,7,3,1.0,0.8282936230294426,0
A1F2MTA9A8ESLO,9,5,0.6666666666666666,0.39006811278843107,0
A1F2S49819BNQB,8,5,0.875,1.0918701968556401,0
A1F32ODPF9635G,7,2,1.0,0.8601273278189995,0
A1F4DQC66X701N,6,3,1.0,0.4034723588432028,0
A1F4HEMSVRI531,6,2,0.6666666666666666,0.508276138183482,0
A1F4Q751KNPE6D,5,1,0.6,0.4757142857142858,0
A1F55UFYOMFTMH,6,1,0.8333333333333334,0.6862656331248022,0
A1F5865RG4YKHV,5,3,0.8,0.5027490542244639,0
A1F5GRT43444IL,7,2,0.7142857142857143,0.4266399277010482,0
A1F5ME1J70I0W6,11,3,0.5454545454545454,0.830008210180624,0
A1F5QFVTYIGC07,7,6,1.0,0.7948730866183363,0
A1F61EYI8M9I63,6,4,0.6666666666666666,0.5032066052227341,0
A1F6FX6Z3HVVIU,14,2,0.2857142857142857,1.3435964903070166,0
A1F6PIIZ0ZHHD6,6,1,0.5,0.672927689594356,0
A1F70KXI4UC60P,10,3,0.1,0.44003045511233124,1
A1F79FJJ7WZ0Q0,12,4,1.0,0.6314549119651024,0
A1F7SX3GNVBNE3,14,2,0.7142857142857143,0.6864071235781762,0
A1F8EOE81ZSNUI,5,3,0.8,1.2643434343434343,0
A1F8GOHWSB8AJP,6,3,0.8333333333333334,0.9022612488521581,0
A1F8OGQX3ILEB5,8,3,0.5,1.4145813132945486,0
A1F8SCV9CB00IW,6,3,0.5,1.9406754651294982,0
A1F8T490B03FTG,5,4,1.0,0.5232730022064838,0
A1F8WB1II85BAM,17,4,0.8823529411764706,0.6800468904074496,0
A1F99P3USBVJ5D,12,3,0.8333333333333334,0.8574088431346661,0
A1F9DPG93JOP9J,7,7,1.0,0.7080028506439796,0
A1FAD8ZFG2I0QM,7,2,0.8571428571428571,0.6469170694532994,0
A1FAETFXIWAELQ,25,7,0.96,0.4484794604102088,1
A1FAWEJUZXTGDZ,6,5,0.5,1.2075990868438715,0
A1FB4C42H3GFKD,7,4,0.14285714285714285,0.34176629904933115,0
A1FBFPSDBHA5GM,5,1,0.4,0.6343434343434342,0
A1FBWW96CO1UP8,11,5,0.45454545454545453,1.1960746042364507,0
A1FBX5QCYV4S9U,10,8,0.9,0.48697494679565506,0
A1FCE0GRGNVWEC,5,2,0.2,0.6667171717171717,0
A1FCK1YLXH1OT7,5,2,0.6,1.0184064327485378,0
A1FD20DTT5EFU2,6,6,0.6666666666666666,0.407014504816734,0
A1FD7TU79IBUCX,5,2,0.2,1.2969006721433904,0
A1FD8C6K2WD20,15,3,0.5333333333333333,0.556642566010987,0
A1FDGERQAXXPB2,5,1,0.4,1.283961038961039,0
A1FDM1YDENY14V,8,2,0.875,0.928392857142857,0
A1FDYFONMA0LBP,6,3,1.0,1.1066056166056166,0
A1FEEWOP9QLM7,5,4,1.0,0.5594347826086954,0
A1FEH2MY7D2UHX,8,1,0.5,0.7946141033626903,0
A1FEJYJ3GWRHZ,10,4,0.8,0.7575387473237085,0
A1FFD6H3033PLM,5,4,1.0,0.9243250587666505,0
A1FFIVHVEZ5JW4,19,1,0.47368421052631576,0.8630007118784209,0
A1FG0JDU6J7VM2,7,2,0.5714285714285714,0.8291671374957613,0
A1FG2O1NAEP6D9,15,2,0.8,1.274628049219227,0
A1FG66P4RJJPFH,5,5,0.8,0.732984550036643,0
A1FGK3N8GZHGZJ,10,5,0.6,0.34813434715551417,0
A1FGLLPHYBISTY,5,3,1.0,0.7097451274362818,0
A1FH14TQSVDH1X,10,2,0.7,0.8900757575757575,0
A1FH5SIVDBW80H,5,1,0.4,0.4394711416221713,0
A1FHO6NN5UJ9F5,9,6,0.7777777777777778,0.8104859450670099,0
A1FHSLUDPKGC04,6,2,0.6666666666666666,0.7966749760150046,0
A1FHUYGO3OWWRF,23,2,0.782608695652174,0.7622847783361727,1
A1FI3JQ6H4UADS,7,1,0.14285714285714285,1.7707692472276046,0
A1FI4UL6C50NZJ,10,3,0.5,0.8927197802197803,0
A1FI92F24HV4QW,8,3,0.75,1.056812641995605,0
A1FIE8T2Y67RZN,5,3,1.0,0.4146533508925959,0
A1FII6B4HLS8XR,10,2,0.5,0.5064085363929802,0
A1FIKCHVN9QDXG,5,2,0.8,0.8731028823706168,0
A1FINO189LTHAE,5,1,0.8,1.8891284398286685,0
A1FIZT8SAYQG5B,8,2,0.75,0.6332700330034888,0
A1FJ5KR8PK0QF1,10,3,0.8,0.8292395294095074,0
A1FJCSE3KW2DSE,7,3,0.5714285714285714,1.484912298824815,1
A1FJFLAAQD5WH2,6,1,0.5,0.7103116672459739,0
A1FJGC7YGB9I22,6,2,0.0,1.1627718265457119,0
A1FJKFZOY6FZS9,10,2,0.6,0.550034259766661,0
A1FJNJO01ARZDD,7,2,1.0,0.5734564043888986,0
A1FK81HNJI5F5W,19,5,0.6842105263157895,0.7714444294944457,0
A1FKET6K6AHW2B,7,3,0.7142857142857143,0.4203103525651886,0
A1FKGHZYT64TYG,5,1,0.6,0.6592379930057655,1
A1FKJV7U7IXE1L,7,2,0.7142857142857143,0.6628231671709933,0
A1FKTGYHIFWLHU,13,5,0.6153846153846154,0.7846788592818401,0
A1FLG8DJNG7OY0,9,6,0.8888888888888888,0.6734841819321271,0
A1FLIT8VL70T2S,12,3,0.3333333333333333,1.1671277347639182,0
A1FM8OQ9EM61BX,5,2,0.6,0.6404692387904067,0
A1FML2Z3CAXJBC,6,1,0.6666666666666666,1.4643961508048193,0
A1FNKB7Q8KG6YS,28,3,0.7142857142857143,1.009898502767257,0
A1FNKX4M9HJ8QM,7,2,0.8571428571428571,1.3386300897170462,0
A1FNTRI86JO1ZD,10,4,0.9,1.9795745385268446,0
A1FO25XCT4VAEE,7,4,0.8571428571428571,0.46422116437644384,0
A1FO8KX9BZ5KW5,6,2,0.6666666666666666,0.6638195438827853,0
A1FOI545INTVQK,5,4,0.6,0.9491666666666667,0
A1FOI8256VRDVH,13,1,0.8461538461538461,0.8572417865685613,0
A1FP6Z585WR0B4,6,1,0.5,0.8906129703343325,0
A1FPIPBIK95J2M,9,4,0.7777777777777778,0.40951007640332954,0
A1FPJYSEH5Z53L,5,3,1.0,1.1023088023088021,0
A1FQ4UQYG1W8FM,6,3,0.6666666666666666,0.9531456282794576,0
A1FQAN1I5T7EDE,5,1,1.0,0.9196747967479674,0
A1FQFDCXTGY1PU,8,3,0.875,0.9591182871402135,0
A1FQKPQCW96MF8,5,1,0.6,1.581578947368421,0
A1FQNC3QUMS234,5,2,1.0,0.5746388868907304,1
A1FQRK4IDV9XKN,12,2,0.5,0.4488777466733951,0
A1FQVKBOFHWKDX,6,3,0.5,0.6456144957983193,0
A1FR6AMPETJGUR,7,3,0.7142857142857143,1.8801006889242182,0
A1FRADBDXQPJJC,24,4,0.5833333333333334,0.5724484746365213,0
A1FRIBXUEIRNQ3,15,8,0.6,0.6608691051880345,1
A1FRIXKXF8UFKP,6,4,0.6666666666666666,1.5103830699349565,0
A1FRWYX2VRX3QF,6,3,0.5,0.5787369979916563,0
A1FRYA8UDIMZ5F,5,2,0.8,0.4101149425287357,0
A1FRZZNQ2F4OSI,5,3,0.2,1.5477570738440303,0
A1FS0GRPO31QR8,7,5,0.5714285714285714,0.7557239237524094,0
A1FS4YWW1MC9U1,13,9,0.7692307692307693,0.6137700019278967,0
A1FS68RU0Q6O9R,8,4,0.375,0.9838611408503881,0
A1FSA9SFOKAXGQ,6,1,0.5,0.7379020126569146,0
A1FSADFCX1DI2D,8,2,0.375,0.7173558654164521,0
A1FSMTUCATYLJW,5,1,0.2,0.8328070175438598,0
A1FSOA0CHXV3MM,14,4,0.8571428571428571,0.5899165345400419,0
A1FT9UXD6MRPJP,7,5,0.5714285714285714,0.9932935582935583,0
A1FTDM432H2NAE,7,2,1.0,0.9430806882396215,0
A1FTF7K2ZH21PB,16,6,0.5,0.9067917569266596,0
A1FTFUZ4BDOMFH,5,2,0.6,0.4752598752598754,0
A1FTH1S3RU1XM6,5,2,0.6,0.3875089438863023,0
A1FTNS27PU2LT0,5,1,0.2,1.1394760842851341,0
A1FTNVJHP2435Q,8,2,0.875,1.004189752515737,0
A1FTRR0WV1H5K,13,3,0.7692307692307693,1.1129055920685398,0
A1FU775NL2QJFQ,6,2,0.6666666666666666,0.7591937592358114,0
A1FU7O908FJS27,6,3,0.6666666666666666,1.7065777424330058,0
A1FUCW44ZIEHQR,5,2,1.0,1.6408317173023057,0
A1FV2OSQKPXAM3,5,2,1.0,2.0495073891625615,0
A1FV7W4SZD9BVO,16,16,0.5,0.7847879409791431,0
A1FW52YQ81XQ7A,5,1,0.8,1.210279812779813,0
A1FWG7UEWU1RNP,6,3,0.8333333333333334,0.8211682881037721,0
A1FWMTEUAT4HDG,5,3,1.0,0.5245317725752509,1
A1FX3MLB6EEE7U,5,1,0.8,0.7918132694728437,0
A1FX61CKO1FTE6,8,2,0.375,0.9286068013270881,0
A1FXPKJXX3Z42J,6,2,0.6666666666666666,0.4368299456534752,0
A1FXQTEUX9XJOY,5,5,0.8,0.3337988581466842,0
A1FY5KU5AGK5RX,7,1,0.7142857142857143,0.4300092764378478,0
A1FY88IR8I2EI8,16,7,0.875,0.6005960592188002,0
A1FY8NOC0ZQ3LI,5,1,1.0,0.9941575091575091,0
A1FYK61GGJO8Z3,6,3,0.6666666666666666,0.6110787051567853,0
A1FYMIZQG1G0PQ,5,2,0.8,0.79332281800762,0
A1FYOQT35E54EP,12,7,0.9166666666666666,0.5950260062225943,0
A1FYX3RHM6B6EX,19,4,0.7894736842105263,1.559061453918781,0
A1FZ7YLTVGZ1A4,12,3,0.6666666666666666,1.1235733643874544,0
A1FZB05IV6YIX1,5,1,0.4,0.6408052181736392,0
A1FZE3K5L24J3A,6,4,0.6666666666666666,0.9977310103813343,0
A1FZIJNVM3ZBVH,6,1,0.5,1.2719298245614035,0
A1FZNDLAB1BWB2,7,1,1.0,3.403688215987964,0
A1FZUQFWI3CKDX,6,1,0.6666666666666666,0.75614663256607,0
A1FZZV7MKUE0MK,6,3,0.6666666666666666,1.1270976031592046,0
A1G0684OLZ4RU8,5,5,1.0,2.0672924297924298,0
A1G07TZCJ7JBS1,5,1,0.8,0.8812121212121212,0
A1G0E1SQB3SGSZ,16,3,0.375,0.9990791126700653,0
A1G0KB82S6LL0R,5,2,0.2,0.7649456975772763,0
A1G0R4IH2O6DL1,5,3,0.8,1.046359477124183,0
A1G0YH4GKHBC2V,5,2,0.8,0.9904608294930876,0
A1G11XIJFNI1FK,6,3,1.0,0.27341967814793894,0
A1G1P3CLK0M6ZQ,5,3,0.6,0.7659608507434593,0
A1G1PJNPWIATXX,5,3,0.4,0.8912174267823249,0
A1G1VPKDW8SVE3,5,5,0.8,0.6521428571428569,0
A1G297Y04IXW36,5,2,1.0,0.5572391304347828,0
A1G2N5EOINWJ9I,8,2,0.625,1.204115463389657,0
A1G3A2YQPLRODG,13,2,0.6153846153846154,1.1138528503888585,0
A1G3CW0EO9UFS9,5,3,1.0,0.28668603427224115,0
A1G3E0QC1RV2NV,8,1,1.0,1.040559542796385,0
A1G3ZBQQY6IR6Y,5,1,0.4,0.908974358974359,0
A1G4F42BD82FSN,5,2,1.0,0.5645751633986927,0
A1G5OMFEXGWVZB,5,2,1.0,0.6,0
A1G5REVTFF653A,6,2,0.6666666666666666,0.6,0
A1G5SE1PJGO972,7,5,0.7142857142857143,0.391465530056302,0
A1G5T652XQM9YA,12,10,0.9166666666666666,0.6276787404730733,0
A1G5UT9USR9JIL,10,1,0.7,1.7456932102984735,0
A1G650TTTHEAL5,52,5,0.8653846153846154,0.4994743280281027,1
A1G694XVMEG5ID,7,7,0.7142857142857143,0.5209062883215799,0
A1G6W1R4CL7O4P,5,4,1.0,1.0782882882882883,0
A1G75GBMTJAE4W,7,1,0.8571428571428571,1.015249433106576,0
A1G7I1PXK8FAI8,5,2,0.8,1.4382850241545895,0
A1G7PAK06VE399,6,2,1.0,0.6588621724491289,0
A1G8E0S928UVPG,6,2,1.0,1.0066579541270873,0
A1G8EY7AUEFTB5,5,2,0.4,0.9820211482506563,0
A1G8ICG5K2WVUO,5,1,0.8,0.5621907194389257,0
A1G8K8FZIK513A,5,2,0.4,0.41062644247796004,0
A1G8KGDXJHNK37,6,2,0.8333333333333334,0.7944120134630754,1
A1G8OCMAGGRDQ2,5,2,1.0,0.6278354978354977,0
A1G8SAL8LLUCGZ,9,3,1.0,0.2344015924475695,0
A1G8YF5KAR1PCC,5,1,0.4,1.0692512077294687,0
A1G962BYW949PD,5,1,0.2,0.5228511530398323,0
A1G9NJFLVJBL98,5,2,0.6,0.23465290806754222,0
A1G9W0RZZ57ZU,6,2,0.6666666666666666,1.0898786717752236,0
A1G9ZPV4KPFDJ7,7,7,0.8571428571428571,0.6550503242232565,0
A1GA14N6IVZBYE,13,8,0.9230769230769231,0.6294697744060247,0
A1GA9QFZPV3COS,5,3,0.6,0.5639184641976822,0
A1GAR3RKNPGMWQ,11,2,0.45454545454545453,0.8167628176283434,1
A1GATR3OY09Z2A,9,1,0.3333333333333333,1.197290980624314,0
A1GBML3S1GH765,11,2,0.9090909090909091,0.9947223050452383,0
A1GCC33SRWJD4S,6,2,0.5,0.7953807888018414,0
A1GCFTFXELCHRP,20,3,0.55,0.8428564076408904,0
A1GCJ39KPURKU3,5,2,1.0,0.2954545454545453,0
A1GCYLJGIQ5V1O,8,2,0.625,0.5818960570800478,0
A1GCZH168DAGRB,5,1,1.0,1.5938340460917082,0
A1GDGX206VQVP4,9,2,0.8888888888888888,0.8557055424866237,0
A1GDOJW44Z88PL,7,6,0.7142857142857143,0.5470624613481757,0
A1GDUX3Q764V2S,5,5,1.0,0.524314468326375,0
A1GE6AROZ4IEAJ,8,6,0.625,0.22899894067796617,0
A1GE6D4RUYEZJB,8,3,1.0,0.5107613587393001,0
A1GF4OPUJS9R0T,7,1,0.2857142857142857,0.7304576376004946,0
A1GFAWPVNTSB0F,6,4,0.8333333333333334,0.5630730390595305,0
A1GFSTPTJO4PAH,6,4,1.0,0.8358977942027291,0
A1GGHFH8WW565S,5,4,1.0,0.9433333333333336,0
A1GGLUONWB3AFY,10,2,0.4,0.729114211944308,0
A1GGN5LLS2GQPX,5,5,1.0,0.641888888888889,0
A1GGRAYK80OQDX,5,2,0.4,0.8798412698412698,0
A1GHHHHSQIB1QW,7,3,0.42857142857142855,0.6288548269549367,0
A1GHPE6PFC9YQV,5,2,0.8,0.5764976081756905,0
A1GHUN5HXMHZ89,7,1,0.14285714285714285,0.7162952262244612,0
A1GHV5ZGH5U5I7,7,1,0.8571428571428571,0.3955241196661398,0
A1GHXREF0V87EF,5,4,0.6,0.6240872335211958,0
A1GI0GRGLRXUOL,7,2,0.8571428571428571,0.6140862026270238,0
A1GIBJ2FWB34A5,6,1,0.3333333333333333,0.8495925555802305,0
A1GIESWJQXAECI,8,3,1.0,0.6710283773951005,0
A1GJ35HP82C0P,8,5,0.75,0.6907500331612255,0
A1GJC2H1T87KB0,11,2,0.7272727272727273,0.5992635504331507,0
A1GJO08DIR50JQ,5,2,0.6,1.3263736263736263,0
A1GJT9M1L8UDXX,8,5,0.75,0.7734321234321235,0
A1GJYW993OQM1A,8,2,0.625,0.3725105791566017,0
A1GK28RMTGARPB,5,2,1.0,1.2118001046572473,0
A1GKAGU5JZODFN,7,4,0.5714285714285714,1.1718854062604063,0
A1GKIQPDDMMS2Q,7,4,0.2857142857142857,1.303221388059953,0
A1GKQL8VWI4ZJ6,7,2,0.7142857142857143,1.9163597596433417,0
A1GLN276J5654G,5,5,0.4,0.5602900023952657,0
A1GLP4KFV1HU7K,9,3,0.5555555555555556,0.7949500639773832,0
A1GMO1GJ1SDHQ9,8,1,0.5,0.4907080542318795,0
A1GMPRHVVW2QO9,6,3,1.0,0.722874149659864,0
A1GMX4VUH6RTQ,5,2,0.8,0.347435787729378,0
A1GN3H83UNH6L3,5,3,0.8,0.5473197817074202,0
A1GN9XIEZUEOVL,10,4,1.0,0.7777998532207244,0
A1GNFIQAULOYUT,6,2,0.5,0.7918534080298786,0
A1GNTNTXFKXKS8,6,3,0.6666666666666666,0.7873675756740273,0
A1GO2J2LJUBJAE,9,1,0.7777777777777778,0.8616166890289697,0
A1GO3HYUBF4AHD,16,3,0.8125,0.757580047772173,0
A1GOQV60FC9YFO,5,4,0.6,0.7053325462416371,0
A1GP7EP6W5N4OQ,8,2,0.375,0.673545898952052,0
A1GPLHJTDLMUYA,6,1,0.16666666666666666,0.8697931697931699,0
A1GPUAHN1U2Z32,5,2,0.4,0.40808080808080804,0
A1GQ3O1OSII58G,8,2,0.625,1.5502861584912764,0
A1GQ9JJXCUGZ7W,6,1,0.3333333333333333,0.959923232303075,0
A1GR5BWCME810G,7,4,0.2857142857142857,0.584338448428485,1
A1GR8RRYWSBFFH,5,2,0.2,0.4815139815139814,0
A1GR9JZSPOYPJC,6,2,0.5,0.5444444444444444,0
A1GRFKOIAYG1C6,9,1,0.5555555555555556,1.1199953685017654,0
A1GRZLM53WSSQW,5,1,0.6,1.375091575091575,0
A1GSUST2D6VMKA,8,4,0.25,0.6269832893121735,0
A1GT4LMA1XSNBZ,7,2,0.14285714285714285,0.9394003975523402,0
A1GTZ1V3VUQJR6,9,2,0.8888888888888888,0.7222001041199663,0
A1GU21UM30W6OJ,14,7,0.6428571428571429,0.7240228831292066,0
A1GU50WY8493IY,6,3,0.5,0.9191041582361525,0
A1GUJGGRLM6V30,10,3,0.3,0.7679879074609332,0
A1GUK6WQQNIKVV,6,6,0.5,0.4724308762246276,0
A1GUZ9N11ZB0J,7,2,0.8571428571428571,0.9119278302951772,0
A1GV7CL88QFVJD,6,1,0.8333333333333334,0.23702574525745254,0
A1GV7LSMJB93I1,5,3,1.0,0.5455768531504857,0
A1GVE2UQO1C8BE,5,5,0.8,0.3738965133965134,0
A1GVK810E8LVBC,5,2,0.4,1.5758524704244954,0
A1GVRXQNVAFGO1,5,3,1.0,1.0946886446886448,0
A1GVYGO2WK69PW,10,1,0.5,0.638507448433919,0
A1GW4654UMT3OX,7,4,1.0,0.443542878884102,0
A1GW8O1FYNNYQN,11,2,0.5454545454545454,0.6752645678087373,0
A1GWDRBUMQOCRK,8,1,0.625,1.2786968954248368,0
A1GWG5CWLKJ7ET,48,2,0.75,1.067231949368858,1
A1GWHQJEELP2SL,5,4,0.8,0.5608333333333334,0
A1GXB1MNWP2VT9,6,3,0.5,0.44313482216708033,0
A1GXHOND7MOF5Y,5,3,0.6,0.6366733537465243,0
A1GXJE6MAB2V2G,5,2,0.8,0.9564214046822744,0
A1GY3TDX843B1T,5,1,0.2,1.1418119975262833,0
A1GYEGLX3P2Y7P,53,2,0.33962264150943394,0.5438330920623553,1
A1GYTLKX6W2RW6,7,3,0.2857142857142857,0.9573232323232324,0
A1GYU1H22N277X,5,1,0.2,0.725925925925926,0
A1GYVUF1CCZZ4I,6,4,0.0,0.8114365436329454,0
A1GYYF3HYWAEEG,6,2,1.0,0.5339590964590964,0
A1GZG2F17HZMK2,5,2,0.8,0.4393931174285939,0
A1GZHVBEF2MDGR,5,5,0.8,0.6565259634467846,0
A1GZLE8GNAUE5T,6,6,0.5,0.46532493016261917,0
A1GZOZOXKEK9ZH,5,3,1.0,0.7526475376475376,0
A1GZTAXD87IDXE,6,3,0.6666666666666666,1.063235294117647,0
A1H04ULNBSVX2Q,11,6,1.0,0.7575631028168165,1
A1H0AHFL294B11,8,5,0.125,0.4819579739789475,0
A1H0AJR7O2TVX7,10,4,0.6,0.5650648829944497,0
A1H0E1YSE0PSP9,5,4,0.2,0.9542739677476518,0
A1H0E3BPT8HGEM,6,2,1.0,0.42159371800249873,0
A1H13EXDIJQ56F,5,1,0.6,0.8232417582417583,0
A1H1N56XEHDR24,6,2,1.0,0.5538274123179784,0
A1H21QV0J4ZTEL,6,4,0.0,1.0741349902534114,0
A1H249ZAM6AL3Q,5,1,0.4,0.4035714285714286,0
A1H2C8T1E0N1JE,6,2,0.8333333333333334,0.6807405074258166,0
A1H2FU3PW97FL0,6,3,0.6666666666666666,0.5797813569872391,0
A1H2GLT41DX4AB,5,1,0.6,1.0285714285714285,0
A1H2K731PSWT70,11,3,0.45454545454545453,0.7336029856284285,0
A1H2KQF6MKA1DJ,9,3,0.2222222222222222,1.0188932475635304,0
A1H2O4ES4WPIQA,17,5,0.5882352941176471,0.4304344544467147,0
A1H2R0D8OPWZQY,10,2,0.2,1.1472744870305847,0
A1H2XWTVUIMYFO,11,6,0.8181818181818182,1.2176866597050215,0
A1H3ARYY3EXOZR,9,2,0.7777777777777778,0.7873102344306782,0
A1H3BP00WUFG0M,5,2,1.0,0.5328998191583635,0
A1H3C5J3K0EYVN,6,3,0.5,0.596336021954666,0
A1H3LQFLOBU14F,6,3,1.0,1.075279682307914,0
A1H4BC52AQJLQJ,8,4,0.25,0.5370194334877407,0
A1H4C4GKSHVTJ1,6,1,0.6666666666666666,1.6597909428098108,0
A1H4NFXAJQRQ2K,11,1,0.36363636363636365,1.3002842275569548,1
A1H4O2KJ8J5EVV,5,3,0.4,1.2302410901467504,0
A1H4WLPFV59XMA,18,3,1.0,0.4896150039390919,0
A1H4XC2A7SXOID,17,7,0.8235294117647058,1.089903283553428,0
A1H4Y9JMKO9VNJ,6,1,1.0,1.1208479443991646,0
A1H55L0BLPCWYF,29,3,0.9310344827586207,0.701632531034683,0
A1H59OCYPG9G4T,9,2,1.0,0.6453472459900175,0
A1H5FQ5ISJGO57,5,2,0.0,0.6445121056493033,0
A1H62U2FJKAQP8,11,3,0.6363636363636364,0.6779120666680474,0
A1H6G9KAJFX19Z,5,3,1.0,0.7695815976476352,0
A1H6GZYUKL2C68,5,1,0.6,0.7963337831758883,0
A1H6SDFJFT0Y6E,5,5,1.0,0.7481424148606811,0
A1H723PRNJ2M0O,8,2,0.625,0.9124145646695939,0
A1H72M5SPL424H,6,2,0.3333333333333333,0.5241158040192074,0
A1H7Z94O06Z47O,5,1,1.0,0.6628766289124346,0
A1H83ABIZ7Q05J,5,1,1.0,1.0297780358755968,0
A1H87UTRF9VAZ5,9,4,0.4444444444444444,0.34323184866663126,0
A1H88L8X6HM1BQ,13,1,0.6923076923076923,0.9714285714285714,0
A1H8GRWAJM58B1,5,3,0.8,0.4268965517241378,0
A1H8HKWD812HM6,10,1,0.9,1.0777653076973959,0
A1H8JNENRFFCX2,8,2,0.875,0.7231186868686867,0
A1H9DQ50934W11,9,1,0.4444444444444444,2.2666809180859757,0
A1H9ULL518E093,5,3,0.2,0.6329846851956892,0
A1HA3D28JTP92Z,8,2,1.0,1.2482638888888888,0
A1HA52EEBLX099,5,1,0.2,0.558874458874459,0
A1HA6YFMGNPTAV,5,4,0.4,1.1668725868725869,0
A1HAB45IL01M9J,7,2,0.7142857142857143,1.053875368455388,0
A1HACP80YXJRPP,7,1,0.0,1.7383558271344117,0
A1HAMJNZ7R2XVA,8,2,0.75,0.790422250771166,0
A1HAPHNTQN8TF2,5,2,1.0,1.0368253968253969,0
A1HASDNCKPXGFK,5,1,0.0,1.5337732689845367,0
A1HBB20MUDRQCZ,6,6,0.3333333333333333,0.516443654384831,0
A1HBBG015E63G6,15,5,0.7333333333333333,0.9053888177482375,0
A1HBEQWSMVQEWJ,42,13,0.5,0.930965036091118,1
A1HBG5JUVOCELH,5,2,0.4,0.4088152165044727,0
A1HC6JEDXMKW6G,6,2,1.0,0.6879491431730237,0
A1HC94NJ2MLVNS,5,2,0.8,0.3556343589587826,0
A1HCCDO8SMATTL,8,8,0.75,0.5616622018599713,0
A1HCI1QT7B7KJF,6,1,1.0,0.4617429708338799,0
A1HCN5B5Z3AI9X,5,2,0.4,0.95327731092437,0
A1HCOIQOXQFOO9,10,2,0.6,0.5616159208407492,0
A1HCSM9P6F53BD,6,2,0.8333333333333334,0.7651046453458189,0
A1HCVRM6GN6LNB,5,3,0.6,0.7769976771196282,0
A1HDDJMKB2G5KC,5,1,0.4,1.786628524302871,0
A1HEB0OGNQWAPL,6,4,1.0,0.7971981721981724,0
A1HEEDZ8BL15GA,5,2,0.6,1.0440766550522649,0
A1HEKOCWYD99L,7,4,0.5714285714285714,0.3706631327440752,0
A1HEXO1SF2YRTT,7,2,1.0,0.8359265590718444,0
A1HF6TIJ0YV6JO,5,1,0.6,0.8911654135338345,0
A1HF7HD4IO7ZJI,18,3,0.7222222222222222,0.9501470169096277,0
A1HF8PDY0M27Q3,10,2,0.6,1.2858935171712484,0
A1HF8WQ1D7BBTV,12,4,1.0,0.6120934022996044,0
A1HG40N9I77PM8,8,2,0.625,0.35976933920743237,0
A1HGBZNK6ARBZW,8,3,0.875,0.6863535410410408,0
A1HGCXCO0PHOFB,7,2,0.7142857142857143,1.2505738705738705,0
A1HGDLTO4753BY,5,2,0.6,0.40479674796747966,0
A1HGK2XHW9J2PL,6,3,0.8333333333333334,0.8778197762980371,0
A1HGQ2E7R2MKPA,7,5,0.7142857142857143,0.47283549783549766,0
A1HGS0BUALAMAU,15,3,0.8666666666666667,1.1624977940721124,0
A1HH1NZZS1AB31,5,4,0.8,0.46719367588932814,0
A1HH68Y3G3M21Z,5,2,0.8,0.5571428571428569,0
A1HH7L6EJI6N0,5,1,0.6,0.7011097463719608,0
A1HHRADCK7TTXU,7,3,0.5714285714285714,1.0669724685252635,0
A1HI9BIG2WMU4E,5,2,0.4,0.5158648056923919,0
A1HIVLFS0H3QG0,5,1,0.6,0.8856284475965328,0
A1HIZC2BJYEY5P,6,4,0.16666666666666666,0.5706500483413641,0
A1HJ4UL33SOC7M,5,3,0.8,0.42345464475219996,0
A1HJJE9GI4VMZS,6,2,0.6666666666666666,0.38631572155320537,0
A1HJQOKGJUHFYN,6,2,0.8333333333333334,1.0392533005525795,0
A1HJSUPMQO716,6,2,0.5,1.6529123314683298,0
A1HKG0O3ET1F2R,19,12,0.5263157894736842,0.6340415231982484,0
A1HKW2TELCHGLL,6,2,0.6666666666666666,1.0445421596283666,0
A1HKZAWVI7HV29,8,4,0.375,0.4389007885381444,0
A1HLEI4QX6QM82,5,1,1.0,1.1936693104954732,0
A1HLO2YE7VSS1L,7,7,1.0,0.36742844764054855,0
A1HLVOWFRL1K1X,5,3,0.8,0.6932821678638597,0
A1HMQVW6AJSTAO,7,6,0.8571428571428571,0.3629863172864021,0
A1HMXAN85J38JU,5,4,1.0,0.3663799192840555,0
A1HN0FA8Y9L2NY,9,2,1.0,0.30051802022291096,0
A1HNUWP2FNVOUN,6,5,1.0,0.5072432493879933,1
A1HNY10HIAV6YP,6,2,0.6666666666666666,0.6467294294713649,0
A1HO853C6WT6YU,9,1,1.0,1.0567592692922867,0
A1HODB2CF4Y4PT,5,1,0.4,0.8101819589624466,0
A1HP0VVL419448,5,3,0.8,0.5891735475581672,0
A1HP87J9N9NGSC,7,3,0.5714285714285714,0.70671768707483,0
A1HPAHP8IKDEEY,6,2,0.6666666666666666,1.360739899571735,0
A1HPC4WLVUH808,6,4,0.16666666666666666,1.062928146285401,0
A1HPG5VFB6JREO,5,3,1.0,0.6722356491279956,0
A1HQME37P33MLX,5,3,1.0,1.464079254079254,0
A1HRAQGYEW4A1O,5,3,0.8,0.751075842640903,0
A1HRXD1GQ3H17V,8,2,0.625,0.8075308497637411,0
A1HSAW7UMOBKS5,5,1,0.8,0.6894301994301995,0
A1HSFD9QKWA7LQ,11,4,0.7272727272727273,1.1857284671705377,0
A1HT0AF849TAG6,6,5,1.0,0.5188652576249475,0
A1HTWL26WM2NVU,17,2,0.8823529411764706,0.7709472630793743,0
A1HU2DPM4YGNIA,11,5,0.7272727272727273,0.5513458457947632,0
A1HUWA1QMAQYFH,5,4,1.0,0.6813525966077985,0
A1HUXUPUHN9GJM,7,2,1.0,1.0564849791333935,0
A1HVDK467UGV9X,10,2,0.2,0.8535987080234143,0
A1HVHVZS12UOZU,8,2,0.5,1.2102000964719424,0
A1HVLN7FFMGPHL,5,3,0.8,0.6200383141762453,0
A1HW0G4QPCTQBV,5,2,0.8,0.9027777777777779,0
A1HW4ZQ28XQ8X6,5,1,0.6,0.3686815188454533,0
A1HWBF9Q2KBY7M,5,2,1.0,1.45890591767369,0
A1HWGVE9IQL52,6,3,1.0,0.5911900871459695,0
A1HWM3W07YCT0E,5,2,0.6,0.9036229589312221,0
A1HWSKAPAGNYZW,10,4,0.7,0.5449814403097039,0
A1HXBS0A8CTSSM,6,1,0.6666666666666666,0.2323232323232324,0
A1HXCCHLJIHADE,6,1,0.3333333333333333,0.2630807200929151,0
A1HXS8O8T5TH31,6,1,0.6666666666666666,0.8963438735177865,0
A1HXSYBFZM3JGM,6,2,1.0,0.778225899015503,0
A1HXZVQLJBD9QK,10,4,0.4,0.8852147874526907,0
A1HYNKWMLPKN17,5,4,1.0,1.2462841530054647,0
A1HYRQZPJ0U6PY,5,4,1.0,0.6143660827049805,0
A1HYUHXH93V3N8,7,2,1.0,2.0924886621315193,0
A1HZ6T8V9IFBRV,14,5,0.8571428571428571,1.3521840832164962,0
A1HZJP6WF7A97T,7,4,0.5714285714285714,0.4322582926362556,0
A1HZWQQ6KHLVIP,6,2,0.5,0.9793896223039743,0
A1HZXIWZ2BFEI9,5,1,0.4,0.4928336369512838,0
A1I0ET8C0DHJ8G,12,2,0.5833333333333334,0.387031057626245,0
A1I0JZUW6V73W6,6,1,0.6666666666666666,0.5203487018194215,0
A1I0LJOSP1XLUG,6,4,0.16666666666666666,0.9210879284649777,0
A1I0WBMUYA3PVZ,8,2,0.875,1.214814439033189,0
A1I18BQQTGE0L0,8,4,0.875,0.28934352375048683,0
A1I2KYD95HIJ8L,6,1,0.3333333333333333,0.5397970085470086,0
A1I2PVMCVBPBQ6,14,2,0.9285714285714286,0.5852818855142152,0
A1I3GAFEAQAJC3,5,1,0.8,0.6890869460886255,0
A1I3GL5GLBEQ7X,5,1,0.8,0.9734583934583936,0
A1I3U97KUPQB7M,5,1,0.6,0.5196301041592519,0
A1I3VHOX7VOAK5,5,1,0.8,0.9225806451612903,0
A1I44R76CCXYZ9,5,3,0.8,0.5944736842105263,0
A1I4WF5YO42WR3,12,5,0.5,0.715007215007215,0
A1I5AE0QL39ABH,6,3,0.8333333333333334,0.8612158538629128,0
A1I5UHEW5OWS1J,5,4,0.8,0.7123809523809524,0
A1I5YM7KTGARSV,5,2,0.8,0.5493977591036414,0
A1I65WGSZJFEDT,10,2,0.6,1.216048196414573,0
A1I75D06CII1AP,5,5,1.0,0.38357142857142873,0
A1I8BNRNNG714J,5,2,0.8,1.178930297482993,0
A1I8EYBXHESU8Q,7,3,0.7142857142857143,0.5937515648079371,0
A1I8ZYUJ21YXJ,18,4,0.6666666666666666,0.5857569578912608,0
A1I90PS9LGMS6V,5,1,0.8,0.9228999645835346,0
A1I970110U4B0V,24,9,0.5833333333333334,1.1550188811743682,0
A1I992QNFAL1K2,6,5,0.8333333333333334,0.6334683641975308,0
A1I9RAD7IQQEKY,9,3,0.7777777777777778,0.5071475681497193,0
A1I9V37NVJTD38,5,3,0.6,1.4153219121304228,0
A1IA8LXQH0VL5E,6,6,0.3333333333333333,0.7004936488632142,0
A1IAAFQT3D8CMO,10,3,0.7,0.6712137330770135,1
A1IBNRDX2GTV39,5,2,0.8,0.8723478649010566,0
A1IBT81PPRG115,14,2,0.6428571428571429,0.8472395102463938,0
A1IBXE35QJN5E8,7,2,0.14285714285714285,0.7037969309525861,0
A1IBXF69Z247RW,7,1,0.5714285714285714,2.0866287094547964,0
A1IC2VALIFKQNT,5,1,0.6,1.0827969348659003,0
A1ICQY6DT62O9N,6,2,1.0,0.7604225960687131,0
A1ICUPML1F9KX6,5,1,0.8,0.9645748987854251,0
A1ID6C2H3G2N48,9,5,0.7777777777777778,0.6853931471578529,0
A1IDAKX7OM3QIE,26,2,0.5769230769230769,1.0696165150812593,1
A1IDSB082NKKJN,5,4,0.6,0.3410890947968639,0
A1IEX48VZ4WU2U,7,1,0.5714285714285714,1.8073771502431029,0
A1IF1KAHUTAXLH,10,3,0.8,0.7626083546734956,0
A1IF3VUAXBTX00,7,2,0.8571428571428571,1.6842162952137376,0
A1IF7GAZB2V41M,7,2,0.8571428571428571,1.0141083872573418,0
A1IFHNPYI6G3MM,8,7,0.875,1.1072195767636779,0
A1IGIQJ1I6BANI,5,2,1.0,0.7090513833992096,0
A1IGL049RAKFJP,6,5,0.16666666666666666,0.40936960642843,0
A1IHK8GL1ESOND,8,1,0.75,0.8763990713587488,0
A1IHNL4QM7MOWD,6,1,0.3333333333333333,0.5123564883810785,0
A1IHSN5AFU9BJL,6,2,0.6666666666666666,0.8703767794270743,0
A1IHTJWYBLU17P,10,2,0.8,1.1424776443069125,0
A1IIZ215YDF9BM,8,3,0.875,1.0326298066174826,0
A1IJ2MGP0Z54EH,10,2,0.8,1.0600479482258536,0
A1IJBM6BERVNED,7,3,1.0,1.1983429269143555,0
A1IJG6X2LNNNQ1,5,2,0.8,0.4859800279164729,0
A1IJQKOKZQVRLT,7,6,1.0,0.6804095381502169,1
A1IJUCICSBF7LA,7,2,1.0,0.958209584646867,0
A1IK3U20MSQZLC,11,3,1.0,0.6648649007189031,0
A1IKDOLHLCUWTD,9,2,0.7777777777777778,0.7442946905009991,0
A1IKFAV2NSEWUX,13,2,0.3076923076923077,0.8557020772457271,1
A1IKGX90O0HY9W,8,3,1.0,1.0265001256026873,0
A1IKHJS7XU8AEL,5,1,0.6,0.3802365390600683,0
A1IKJI19RIVSIL,5,2,0.8,1.353584529075413,0
A1IKN188FI6ZVE,12,12,0.75,1.1273484868619137,0
A1IKNUYJSRIZ3Z,7,3,0.5714285714285714,0.6939548573052409,0
A1IL1Z9LYTFRJB,12,5,0.6666666666666666,1.190139533595416,0
A1ILH2P1AQPNKA,19,2,0.9473684210526315,0.6287304770848456,0
A1ILIMPGLRRJ2U,7,5,1.0,0.4846265076078741,0
A1ILSU23B992TA,5,2,0.8,0.8259196361471417,0
A1ILVB9VCN9QDD,7,2,0.5714285714285714,1.8963858863703587,0
A1ILW3VHASLEC5,7,2,0.8571428571428571,1.8827236936325547,0
A1ILWCKAG7P5JH,7,5,0.5714285714285714,1.1331632653061223,0
A1IM3J63CT82AZ,10,1,0.6,1.0121090839360525,0
A1IM8HQQR39RWB,5,2,0.6,1.1266666666666665,0
A1IMJPZL4E2R3L,5,3,0.4,1.3401280185831335,0
A1IMK99FD7RPOL,24,6,0.6666666666666666,1.347486357554754,0
A1IMNTU4O2VXV0,6,2,0.5,0.9109826633778729,0
A1IN2U87J0ANJ0,5,4,0.8,0.9809090909090908,0
A1INBPWW7ZJGF0,9,1,1.0,0.7167552905159269,0
A1INBQLNQNSHTK,12,2,0.5833333333333334,1.0749105556699223,0
A1INSF4DH3R6Q7,5,1,0.6,0.9607588293073877,0
A1INXGGWMAW6K1,8,5,0.875,0.542096295654485,0
A1INXS0MML5ESL,5,1,0.0,0.8078431372549018,0
A1INYXXG4F9TCN,5,3,0.6,0.7929539838375742,0
A1IO9HRIA7ZJGU,5,1,0.6,0.552536231884058,0
A1IOI2DALXMGOS,5,2,0.6,0.7860317460317461,0
A1IP4PH5QMQLLY,5,3,0.6,1.1169651056014693,0
A1IPO4KOY2QKXT,8,3,0.75,0.5456159420289854,1
A1IPSBXUOZIAM5,5,1,0.8,0.42964141122035865,0
A1IQ4GY1EQUG66,7,4,0.8571428571428571,0.48745731079481697,0
A1IQLK2FQIKO1N,6,2,0.6666666666666666,0.9182674424783465,0
A1IQMDY802I1MP,10,2,0.8,0.9165629929888244,0
A1IR0HICH5PVC6,12,3,0.08333333333333333,0.4820659738961812,0
A1IR9ELYHCIHD8,9,3,1.0,0.7821649687591717,0
A1IRF5KMTDG4C1,6,1,0.6666666666666666,0.8804520358868183,0
A1IRRWJGAOEHGT,5,3,0.6,0.9878911564625849,0
A1IS27LQ62EEHQ,5,2,0.4,0.8033271086212264,0
A1IS83JZRDC02N,7,6,0.42857142857142855,0.653684926940813,0
A1ISBX1R932LJA,5,1,1.0,1.282194805194805,0
A1ISJ98ORLQICV,9,4,0.6666666666666666,0.286135598294575,0
A1ISMSWIRA2LBL,5,2,0.6,0.42839093273875883,0
A1ISU5PCVYXANU,6,2,0.5,1.1383349625285109,0
A1IT8ZENAA1TFG,5,2,0.6,0.9724806201550387,0
A1ITFRPPKFD4KP,5,3,1.0,0.5865835677583874,1
A1ITGJLRVWKYRC,6,2,0.8333333333333334,0.7904373348085315,0
A1ITILVJ87UZ7G,7,2,0.14285714285714285,0.422928125097403,0
A1ITOA9M7TLVKA,5,2,1.0,1.2764935064935066,0
A1ITXFX7GG8I60,5,3,1.0,0.36842105263157876,0
A1IUBV75JXS8R3,7,3,0.0,0.7657669184591819,0
A1IUJLN94QVB76,17,10,0.7647058823529411,1.196540526377134,0
A1IVUCWS4LXCRL,5,3,1.0,0.6584523809523809,0
A1IWPSDQDOK2DA,7,5,0.8571428571428571,0.805639121002385,0
A1IX4WAIQWAZTS,5,2,1.0,0.3165592903828198,0
A1IY3TZB6U6PAP,5,2,1.0,0.44550687611272083,0
A1IY6M88NVSASZ,5,2,0.6,1.346376058152374,0
A1IYDY02MRNGPZ,6,1,0.6666666666666666,0.933389748549323,0
A1IZIT95268N0V,6,1,1.0,0.8934647103950901,0
A1IZMY30UH259Z,7,2,0.7142857142857143,0.8431418219461698,0
A1IZQ3OT6ST6IX,10,5,0.8,1.107826913750627,1
A1J0OS2XYUKEIE,18,2,0.9444444444444444,1.858722810111699,0
A1J0QBNY8OPOD0,5,1,1.0,2.8907602339181286,0
A1J1AZTN9IU13J,8,4,0.25,1.3084458357789384,0
A1J1KO98HQ80YW,6,1,0.16666666666666666,0.8135401635401637,0
A1J1LFUQUV6H60,6,2,0.8333333333333334,1.4113289760348584,0
A1J1MTCRIMX37I,5,2,0.4,1.4047619047619047,0
A1J1UZJ1OCRMVP,5,4,0.4,1.9233333333333333,0
A1J1ZD5C2PKFPV,5,2,1.0,0.8828174603174602,0
A1J2C6Z04B2MVP,5,1,0.8,0.9463582928699209,0
A1J2I70BE076OP,8,2,1.0,0.760233918128655,0
A1J2MN7PZW3AF6,9,2,0.4444444444444444,1.0079504316346422,0
A1J2S9S23JDQED,12,6,0.5,0.6206891040582959,1
A1J3ZRDP19G8KB,9,2,0.5555555555555556,0.7745714983545111,0
A1J4612EOYDEKQ,8,3,1.0,0.6147194317069671,0
A1J4ATE06N127E,7,6,0.7142857142857143,0.6328189356654812,0
A1J4E5R21NQ086,6,1,0.5,0.7241154428535831,0
A1J4HV7EVBZZTC,6,2,1.0,0.8554801274099519,0
A1J4J7CN93BH3W,10,2,0.3,0.8488496036712558,0
A1J56YECNSOPHK,8,5,0.75,0.8041168390433096,0
A1J5HIF41ENSMZ,40,2,0.225,0.5115144709159961,0
A1J5ZGF3UZ8A04,5,3,0.6,1.6011067769282779,0
A1J60T6AUO4FZ9,8,1,0.375,1.1926962592202317,0
A1J6O9EE4X4VOG,7,1,0.5714285714285714,0.4750386159043533,0
A1J6SUXLMJMLLR,13,2,1.0,1.4482819756985317,0
A1J6U02JOT0NHM,5,5,0.8,0.927622549019608,0
A1J743NUEK3QPG,13,2,0.8461538461538461,0.4918796940239924,0
A1J74IZSVBH876,15,9,0.7333333333333333,0.7790464094166837,0
A1J7A7ERBKW2SB,7,2,0.7142857142857143,0.4870119787045253,0
A1J7E1D7C5ILSS,8,6,0.75,0.5044488169771333,0
A1J7H90L5WW6M8,8,4,0.875,0.6163746241978117,0
A1J7TNASRMM7RE,11,5,0.9090909090909091,0.6981212986465412,0
A1J823VTMW86BN,7,5,1.0,0.5445091676517348,0
A1J84A22V4PNOM,11,2,0.5454545454545454,0.6902660204307879,0
A1J89Y741DQL7L,6,1,0.6666666666666666,0.9243766037883684,0
A1J97HE8DYCTL0,5,2,0.2,0.5433103300929388,0
A1J9FMHULAAZ9B,10,2,0.4,0.7504707800432835,0
A1J9G7HNVAH0D7,16,4,0.25,0.675461333418342,0
A1J9PSWUAP03ZG,5,1,0.8,0.538928916494134,0
A1J9U39NS2RDIU,8,4,0.875,0.30333448427510135,0
A1JA91S8EC5DXF,5,3,0.4,0.9530704725044348,0
A1JAHL9SLOGRK2,7,2,0.8571428571428571,0.892944253813819,0
A1JAPOUUQZ20G8,9,4,0.6666666666666666,0.5256284476036444,0
A1JAPP1CXRG57A,5,1,0.6,0.44238095238095243,0
A1JAREBNI5AWYP,7,2,0.42857142857142855,0.7710848738104378,0
A1JATW18PXEMGV,8,2,0.625,0.5382343255611726,0
A1JAWD6VHZ2LZI,6,3,1.0,0.4033402912767347,0
A1JBJ9BMUTOJ7P,5,2,0.4,0.9490497076023392,0
A1JBODLJB4RXNJ,5,4,1.0,0.3988455988455987,0
A1JBP9R0PA5DW3,7,1,0.42857142857142855,0.7662731759370416,0
A1JBZP3FQ4MTTA,5,3,1.0,0.7304281341554071,0
A1JC1VGQPPNR6Z,14,4,0.9285714285714286,0.871118407055907,0
A1JCAHHSO2BRCI,8,2,0.5,0.7081958895218166,0
A1JCEU8BN46T54,5,2,0.4,0.4466233766233766,0
A1JCGPPRL9XKVB,6,2,0.6666666666666666,0.6764220854075926,0
A1JCMYB96D642W,5,2,0.8,0.7951943076081007,0
A1JD2AEWFE6LYT,7,5,0.5714285714285714,0.41118966412900476,0
A1JDCXLSJ1LU0H,14,2,0.2857142857142857,1.0280129412217007,0
A1JDV88SFE327J,7,4,1.0,0.686403888739435,0
A1JDXBW3ALMW7Z,5,2,0.6,1.0858167788188073,0
A1JE0D3QX11657,7,3,0.8571428571428571,1.1872873158587445,0
A1JF0CWQ64KOSJ,5,2,0.0,0.697875816993464,0
A1JFFG7VZIP12Y,5,2,1.0,0.849970760233918,0
A1JFXOFDRZ9CFQ,7,1,0.8571428571428571,0.921207919065062,0
A1JFYO0GNX6LWB,11,11,0.6363636363636364,0.4743790341612604,0
A1JG3Z0ZRRAKLT,7,1,1.0,0.39850769994762303,0
A1JG7ZLI6ON6EY,6,3,0.8333333333333334,0.6746894409937889,0
A1JGAKRHH8MOW6,5,5,1.0,0.724943814509032,0
A1JGGZADHMATMO,14,2,0.7857142857142857,0.937929460452502,0
A1JGN3ZC7ZRJNE,5,2,0.6,0.9349999999999999,0
A1JGS5KWC37XBT,12,2,0.5,0.9369288119288118,0
A1JGWMYTI8FGOA,6,3,0.5,0.6131642512077295,0
A1JGZ27E0B50IT,9,3,1.0,0.44525781441490264,0
A1JH4RE328VB3K,11,2,0.9090909090909091,0.7422667718309157,2
A1JI8F4BYPH79G,6,4,0.8333333333333334,1.2116120877013887,0
A1JIH4793OA717,6,2,0.5,0.7020359275159483,0
A1JIW4I9BC5Z0Y,5,4,0.8,1.026126651126651,0
A1JJE3N3PMKF6A,10,2,0.6,0.8131180925840832,0
A1JJGY80GQ4H6,8,2,1.0,1.0979779411764705,0
A1JJOV69MAU2J2,7,1,0.2857142857142857,0.763888888888889,0
A1JK7I2QIWXZG2,5,1,1.0,1.9003508771929822,0
A1JK8VWBKGH8NL,11,2,0.2727272727272727,0.44489270629943023,0
A1JKOQHFS4HZAN,7,2,0.0,0.5151669840457027,0
A1JKRQPQ1TAZ77,12,5,0.9166666666666666,0.6018264153777011,0
A1JM7Y0L6COKCV,6,1,0.8333333333333334,1.025700356897145,0
A1JNA5RWCEMT68,6,2,0.3333333333333333,0.8291212781408861,0
A1JNDXTL02R9WG,15,2,0.6,0.810624126252735,0
A1JNMIYESMJ4F2,7,4,1.0,0.6225669734084607,0
A1JNN94GF2X07Y,5,3,0.8,0.6013882783882785,0
A1JOH8QDYD9F4I,11,2,0.18181818181818182,0.976657802783398,0
A1JONOOKRGR95S,6,4,0.6666666666666666,0.7039227252904713,0
A1JQ7K37IVD50C,12,5,0.9166666666666666,0.6488774575645646,0
A1JQEHT34KUE1W,6,4,0.6666666666666666,1.7961706684924676,0
A1JQOZXAIV2AD1,5,2,0.4,1.0022222222222221,0
A1JQR84UL2IOGK,5,2,0.8,0.6878416629809819,0
A1JRVC0DYLFM8D,27,6,0.7037037037037037,0.9767087781573738,0
A1JRXWR1OH08T4,5,3,0.8,1.0102511620932675,0
A1JS79TPW0EXU1,8,2,0.75,0.8519332264203188,0
A1JSENQBPKWY1Y,7,1,0.8571428571428571,0.8742624485149401,0
A1JSRQJN5VA2GO,11,6,0.45454545454545453,0.9194029948578113,0
A1JSUL7WJBR0C1,6,3,1.0,0.6307584245819541,0
A1JSWHNRKDSBN,8,2,0.75,0.8144413284801921,0
A1JSZW05ZL2VGU,6,1,1.0,0.5561872814849249,0
A1JTFUJD2GXDAS,5,1,0.4,1.0487250384024578,0
A1JTO5EHOKX2PS,11,3,0.45454545454545453,1.6094978898170387,0
A1JU170C5YIOB2,13,5,0.8461538461538461,0.8246267630860797,0
A1JUAHVYRZRQJV,7,2,0.42857142857142855,1.0049105186038647,0
A1JUJGHMNIUSWR,6,1,1.0,0.31778023871047134,0
A1JUKS0DSO2XZG,18,1,0.8333333333333334,0.488490914700592,0
A1JUPR7LPMYG1X,9,4,0.4444444444444444,1.1804526748971194,0
A1JUQ6WMTH8NK4,6,1,0.5,1.0239952718676122,0
A1JV3E2M4AOOOV,7,2,1.0,1.1320077336647996,0
A1JVJPIRK7MXGD,6,3,1.0,1.0612432207002058,0
A1JVOQPEGPL7FB,14,3,0.7142857142857143,0.4790436804092265,0
A1JVSTD5ER5NSA,6,5,1.0,0.48979155205085884,0
A1JVZ2XY38VEF,5,2,0.2,0.792170868347339,0
A1JW519IJUO6YN,6,2,0.16666666666666666,1.0870014245014243,0
A1JWHZ124OGPVW,6,5,0.5,0.5291328882333467,0
A1JWY8AD348TYA,5,2,0.6,0.7172800469970281,0
A1JX2KSG05WBYO,9,5,1.0,1.078680455347122,0
A1JXGU255ZN7JJ,9,1,0.4444444444444444,0.75654650204456,0
A1JXKZGOGLBLTM,7,2,0.8571428571428571,0.3336996336996337,0
A1JXMJ3J3O0MQY,9,3,0.1111111111111111,1.3465483398383327,0
A1JXVWSU5S03BX,5,2,1.0,1.0869696969696971,0
A1JXWKSVPTLYDL,19,4,0.5789473684210527,0.5893464188121761,0
A1JY0UKUY6F6XH,11,4,0.8181818181818182,0.8887496648305615,0
A1JY2TBRK5PCSB,6,2,0.6666666666666666,0.919613737356704,0
A1JY2V24BF8HED,7,2,0.7142857142857143,0.4925149641187979,0
A1JYBKCJSBQMIC,5,2,0.8,1.6545897000565932,0
A1JYP6H711PDXY,7,2,1.0,0.6099326486680116,0
A1JZ6P6JXWPKL6,6,3,0.8333333333333334,0.9703463203463203,0
A1JZEPPYFZDRPC,8,2,0.75,0.5188043313759224,0
A1K0558YJNJSRA,5,1,0.8,0.6056231003039514,0
A1K0L2PKZLISWJ,6,1,0.3333333333333333,1.085508639018095,0
A1K0W936L106TK,8,3,0.875,0.6785007067307738,0
A1K18E09VM5IWM,9,2,0.7777777777777778,0.41108706108706117,0
A1K1HNG1TLL7AR,16,3,1.0,0.9008705874555825,0
A1K1IZMXKD9Z6S,5,1,0.6,0.5243901660280972,0
A1K1OT9VARZRG3,12,4,0.8333333333333334,0.827911111291261,0
A1K1XPE0WKKOKG,5,5,0.4,0.4485177865612647,0
A1K2BA1X8Y9RI9,5,3,0.6,0.47906088751289966,0
A1K2ZD8EEE6FXV,5,2,0.8,1.1156410256410259,0
A1K2ZXT12U5RQK,6,3,0.5,1.086242976722853,0
A1K31OYEGGD0DZ,5,2,0.4,1.4403846153846154,0
A1K323WRUBGWC9,5,1,1.0,0.6047362074759336,0
A1K36U9PF3DGO5,7,5,0.8571428571428571,0.99322096819531,0
A1K3INEAAIBC3O,5,1,0.6,1.586710444027517,0
A1K3JCMH277S71,9,2,0.2222222222222222,0.7625704503341634,0
A1K3LZFVAZMPMN,12,3,0.5833333333333334,0.9548984999610992,0
A1K3UWSYC88E7C,6,6,0.6666666666666666,0.5739484664972484,1
A1K41KEGN2G2NF,10,2,1.0,0.900704858534012,0
A1K44OG0GLYUWB,7,5,1.0,0.656323371699911,0
A1K45HFFFDNP1A,16,7,0.625,0.5119940762485716,0
A1K48XY5KMWMPQ,5,1,0.6,1.5418482680589765,0
A1K4G5YJDJQI6Q,21,1,0.38095238095238093,1.5150937903765889,0
A1K4PYN0I1VWX8,5,1,1.0,1.373917748917749,0
A1K599CFNJ1AU1,10,1,0.8,1.9396606458675425,0
A1K5BHC4LS2XWY,6,2,0.6666666666666666,0.510579505371172,0
A1K5CZBEC33OGA,5,1,0.8,0.5352549593928904,0
A1K5EGX8HBO34M,5,2,0.4,0.6209786212389743,0
A1K5H8RA39DKT4,6,2,0.8333333333333334,0.710858585858586,0
A1K5HT39YKZAHH,17,4,0.6470588235294118,0.8118298154506554,0
A1K5LM90O74PRR,8,2,1.0,0.6155940586408986,0
A1K5XKQO2PYEWC,5,1,0.6,1.3043661100803958,0
A1K635LBS8Z29C,19,2,0.42105263157894735,1.4537308507179498,0
A1K6YT3IW75ID6,8,3,1.0,2.2943754162504164,0
A1K79WE0CM2ARY,5,1,0.2,0.8541536533641796,0
A1K7CUR8LVMLXS,6,1,0.6666666666666666,0.46194275582573446,0
A1K7L9Y7IMKJGO,5,3,0.4,0.6264211811206696,0
A1K7ZAQUWJ201J,5,2,1.0,0.8244327731092437,0
A1K9GTUDFKLKMF,7,3,0.7142857142857143,0.3971861471861473,0
A1K9IURLJHIMQY,5,3,0.0,0.6899613899613899,0
A1K9QPW7OHC95L,7,4,0.7142857142857143,1.4288582099506468,0
A1K9V7L2MVI15Z,5,1,0.4,1.2353479853479854,0
A1K9VV4RV5E7PH,5,2,0.8,0.48479409731224604,0
A1KA3UX00SDRRD,5,2,0.6,0.9078332390115073,0
A1KA9GM8QCX80E,5,1,0.8,0.9624337014172681,0
A1KABHFJ2YBS5C,11,3,0.36363636363636365,0.7154892083491592,0
A1KAEJVLGKQ0PB,6,6,0.5,0.6933720223835658,1
A1KAJGJP1ITI5O,8,5,0.25,1.293393321654191,0
A1KATM2VHHZEFX,6,1,0.16666666666666666,0.7731481481481483,0
A1KB57XORQ9Z7B,5,2,0.4,0.7571428571428572,0
A1KB8S0NNIS38,9,4,0.7777777777777778,0.8628231386952027,0
A1KBEZ89BPWR9T,5,3,0.6,0.824047619047619,0
A1KBJ4D71P53JB,6,2,0.6666666666666666,0.755357142857143,1
A1KBMJ6V9WXT30,6,1,1.0,0.5760805448305448,0
A1KCG5U4HAB66U,12,3,0.75,0.5022270547880304,0
A1KCV6VC5F1AK1,5,2,0.8,0.7882626214365345,1
A1KDCFMRNKRTQF,6,3,0.6666666666666666,2.4215633222986166,0
A1KDIH1SJOKQ35,6,3,1.0,0.5077503240066648,1
A1KDQLGNHSBYXR,9,3,1.0,0.7063568744728167,0
A1KDQXZHQIG5QG,15,1,0.5333333333333333,0.9977026135942242,0
A1KDYZH79Y0I08,5,1,1.0,0.48259525353162475,0
A1KEAHBBT6R0QP,5,4,0.6,0.7758100368860417,0
A1KEJ9TWQ8OCHC,5,1,0.6,1.409738562091503,0
A1KF5QYV41WH1G,5,2,1.0,0.5033623188405798,0
A1KF9VFDWWIZFN,6,6,1.0,0.5215347396268449,0
A1KFHTO8H5VVDS,7,4,0.5714285714285714,1.1935662734004222,0
A1KG05N26TY625,6,5,0.5,0.5713369963369964,0
A1KG3NOJH5RYIA,9,2,0.7777777777777778,0.7757290741527362,0
A1KG9HXIBFIQDK,8,2,0.75,0.6647796552622276,0
A1KGCH50H9NB68,6,3,1.0,0.6193229868947082,0
A1KGKPWWG61U42,14,3,0.42857142857142855,0.8174075797556041,0
A1KGNT9YAPC7TX,7,2,0.42857142857142855,0.6867500315776177,0
A1KHIYHBMTYLB2,5,2,0.8,1.7066666666666666,0
A1KHK2A7W2ZHRH,8,5,0.875,0.5652373094022562,0
A1KHW0SL0H33TW,9,4,0.6666666666666666,0.7761205608767293,0
A1KIT7BV1O3RFS,6,3,0.6666666666666666,0.707632685797587,1
A1KJ15ZOW9W0SN,7,1,0.5714285714285714,3.055301563838149,0
A1KJAMZ82D1Z44,12,7,0.6666666666666666,1.2988506837255547,0
A1KJQ891X39LJ6,7,2,0.7142857142857143,0.6418853255587951,0
A1KKPLOH00G98J,6,2,1.0,1.3022727272727272,0
A1KKVXXFPUR0FA,8,2,1.0,0.698714308303846,0
A1KLFEPG45BMXN,5,3,0.2,1.0093602693602692,0
A1KLKPXJK0BRY3,6,4,0.6666666666666666,0.8608348402652198,0
A1KLR710LRTJ3Q,7,3,0.2857142857142857,0.6892339039472668,0
A1KM5TIQL9MFJM,6,3,0.16666666666666666,0.8766317887394122,0
A1KMBUTSBTGIV5,6,2,0.16666666666666666,2.121658444019851,0
A1KN5OQGRNENU0,6,2,0.5,0.53646004378763,0
A1KNASHAKLQW8R,14,2,0.2857142857142857,1.2911206435832185,0
A1KNF8V0TT4LW2,7,1,0.7142857142857143,1.4787337662337663,0
A1KNIKTZL05V0F,10,3,0.2,0.5710665954415954,0
A1KNQFB8OMZ0HL,5,1,0.8,1.2492307692307691,0
A1KO6FM2PGCYC8,15,6,0.8666666666666667,0.8732628680514766,0
A1KOGFB5AC4BRF,5,2,0.8,0.9779925824662667,0
A1KOYOE8O2F1J4,6,1,0.8333333333333334,0.8834586466165414,0
A1KPALLWZ73M27,6,1,1.0,1.0041005291005292,0
A1KPGL0MN82TRO,6,2,0.5,0.43468137254901956,0
A1KPIOJ1WENXB2,6,3,0.6666666666666666,1.414052858506552,0
A1KPPFZ4Z59HM5,5,3,0.6,0.9199610983981692,1
A1KPX8YV193NEG,7,2,1.0,0.809524090572684,0
A1KQ0EWSH1W469,7,3,1.0,0.8276064917900793,0
A1KQJZWLZVQ58I,7,1,0.2857142857142857,0.530728923806081,0
A1KRCEFIATTF8L,8,1,0.375,1.0497124585940374,0
A1KRX2VH2CM111,6,2,0.6666666666666666,0.5212428774928775,0
A1KSXTIIE53KNS,5,2,1.0,1.065250676097358,0
A1KT0CU3QN3HXU,8,2,0.625,0.5415585299776475,0
A1KTMAJDUGETBA,7,2,1.0,1.0508950213739727,0
A1KTMXXHDMJG0B,6,2,0.5,0.6594078335457646,0
A1KTSGPF1JBHJJ,6,3,0.6666666666666666,1.5899066555461134,0
A1KUEYKLNP6CIW,14,4,0.8571428571428571,0.6123566987973617,0
A1KUU2JVSYWVRS,11,3,0.9090909090909091,0.6356081025892347,0
A1KUY2MNEAGS5W,6,5,0.8333333333333334,0.47728756671379635,0
A1KW7SH29NJ1IS,6,5,0.8333333333333334,0.4385592944966483,0
A1KWLSHD6O5V9J,12,2,0.8333333333333334,1.235908672325887,0
A1KWPIORLG2QV,33,4,1.0,0.7139901366356234,0
A1KX2L5HPOGNQN,6,3,0.8333333333333334,1.2524242424242424,0
A1KXDJ7WU8JBWV,12,2,0.8333333333333334,0.6869619039374225,0
A1KXFZRA7437C8,7,5,0.8571428571428571,0.8197945846897141,0
A1KXRPJ3CPH4X0,6,5,1.0,1.0746984799111576,0
A1KXV54YPG7V1U,6,2,0.16666666666666666,1.1646750524109015,0
A1KY25HG3D9NWB,23,3,0.7391304347826086,0.799690088711973,1
A1KYN54PO33SRM,5,2,1.0,0.9889217177841964,0
A1KYWCVC2KW5YZ,10,4,0.6,0.7423888622642734,0
A1KZ4HW6OSJZKA,5,1,1.0,0.9465984654731457,0
A1KZO5ICY0X4BF,6,5,0.6666666666666666,0.41091802855972864,0
A1KZP366BCW0CR,6,3,0.8333333333333334,0.9703048687423687,0
A1KZSTHI3UO52F,8,5,0.375,0.5810708409237823,0
A1L04XZ7MTAI7Z,10,4,0.8,1.1170244107744107,0
A1L0GP3TFKYV0,6,2,0.6666666666666666,1.016852591852592,0
A1L0OJ0VQDMPT7,5,1,0.8,0.7042857142857143,0
A1L0UKGHGFLXPG,5,2,0.8,0.608360105661455,0
A1L131DNEOO7DN,11,4,0.7272727272727273,0.7917532853739107,0
A1L1AO6S3BJIO7,6,5,0.6666666666666666,0.559588549817423,0
A1L1H9HISG1WCK,5,1,1.0,0.2637229790358102,0
A1L213LYSO6LXS,7,2,0.7142857142857143,0.7511136896230063,0
A1L2469UAZ0ZTI,5,1,0.6,1.3173029788838613,0
A1L29O5JUCKONI,5,2,0.4,1.4292838429735149,0
A1L3ALQD8ABET8,5,2,0.6,0.7790206648697217,0
A1L3BW9MQBCFEF,5,1,0.6,1.2533333333333334,0
A1L3EWSRRABV0Z,9,3,0.7777777777777778,0.3362867606988082,0
A1L3I2Y8KLYM5V,21,8,0.9047619047619048,0.7053061575932068,0
A1L4BY5GG3U3LX,7,6,0.5714285714285714,0.33463876548982935,0
A1L4FASS0WUMWJ,5,3,0.4,1.0251190476190477,0
A1L4KW5X5XY8RA,10,4,1.0,0.7221451065274594,0
A1L5PM0IE9TIPH,12,2,0.5833333333333334,0.979991181469396,0
A1L5VZVR2Z4BPI,5,2,0.6,1.0882511068943708,0
A1L5W03GVEG7DE,5,2,1.0,1.1446297273526824,1
A1L6P0CS7WS5XW,8,2,0.875,0.5006114964690213,0
A1L7M2JXN4EZCR,22,7,0.5909090909090909,0.8249853080154164,0
A1L80UX2MUH5BQ,5,2,0.6,1.0194936541512427,0
A1L862YXFOMT9T,6,1,1.0,0.6659815637107657,0
A1L8CW9XK8SFMK,5,2,0.4,0.3441990428458378,0
A1L8HGP7D6B1KQ,7,2,0.2857142857142857,0.5329102312349736,0
A1L9CRJ8WNSUU7,17,1,0.5882352941176471,1.0437043439185045,0
A1L9J9E25FJBKJ,5,2,0.8,0.7328311688311687,0
A1LAGJI9YDRH18,5,2,1.0,0.3552927041912094,0
A1LAGS8H4A2DR7,39,2,0.2564102564102564,0.7547434605037971,0
A1LAPL7E5VGR4Y,5,1,0.6,0.6712528604118992,0
A1LAR4NJI2ZY2L,5,3,0.6,1.3465497076023392,0
A1LAXDUK6UQ0PH,5,2,0.6,0.9188777406168709,0
A1LAYBBB1LLQ87,5,3,0.8,0.7520391753468785,0
A1LB4QFYEJ2SC8,8,5,0.875,1.5094768170426065,0
A1LBIDUUYWG4ZK,7,1,0.5714285714285714,1.3932748247988587,1
A1LBTVIA2Z4EKS,5,3,0.6,0.9919432678731873,0
A1LBVHI5KPVJI3,5,3,0.8,1.7751169225551855,0
A1LC0VIO3ZZ1MI,8,1,0.625,0.8954616036137775,0
A1LC2FW6UH6Q57,5,3,0.2,1.2889372822299652,0
A1LCCDBKFMA6L6,5,2,0.6,1.048896967179061,0
A1LCO3C4LIJANB,7,1,0.5714285714285714,1.05538481554875,0
A1LD1DJD67BMHG,5,2,0.6,1.32269696969697,0
A1LD3INS94N99G,7,4,0.42857142857142855,1.0423469387755102,0
A1LD3TWO6S695J,19,2,0.7894736842105263,0.6955430783537053,0
A1LD5SE8IZ1H70,55,4,0.7636363636363637,1.025800706399008,0
A1LDB0HGS322GA,17,11,0.6470588235294118,0.6834530379040878,0
A1LDBE1I4TIOLX,5,4,0.6,0.9064745762711865,0
A1LDWZBO4SLPF,9,3,0.6666666666666666,0.9044167356219224,1
A1LE5W12Z3J7IK,5,4,0.8,0.5712305782073226,0
A1LEOOMVEC0A5,5,5,0.6,1.1666666666666667,0
A1LEUXC2LWF7M1,7,3,0.8571428571428571,1.8130690407476122,0
A1LEYE5S5I59RE,16,3,0.875,0.6255504461135339,0
A1LF3H7UFXQRUJ,6,2,0.6666666666666666,0.5765102393126585,0
A1LG2DYXUUQYJZ,5,1,1.0,0.6570511060259345,0
A1LGQLDXYO2HH2,5,1,1.0,0.45527859237536655,0
A1LH6RF4UN9VI6,34,2,0.38235294117647056,0.7988837565627173,0
A1LH8UC006YMT8,9,2,0.5555555555555556,0.8467854364361327,0
A1LI0BCHN6HYE8,5,2,0.6,0.5877796166851639,0
A1LI2GRF8P21B4,6,6,0.3333333333333333,1.3590791872304477,0
A1LI7PEGZZ2ZK6,6,4,1.0,0.7586145314978266,0
A1LIE43OG51RR6,6,6,0.5,0.615983893557423,0
A1LIHSIZX7XMFI,8,2,0.625,0.541905668499233,0
A1LIMLW5DFI8TL,5,5,0.8,1.5023809523809526,0
A1LJ0X7OP350J,6,1,0.6666666666666666,0.9920468149736443,0
A1LJ1L00Z8DBF3,29,7,0.9310344827586207,0.5999068277656483,0
A1LJ3BCAVCYXV2,30,28,0.7666666666666667,0.5067994159308011,0
A1LJBZ8TNJ4JLX,9,2,0.4444444444444444,1.1147627064293733,0
A1LK2X9A3A5BM4,16,4,0.625,0.6369976678918804,0
A1LK5QH0EYEGM2,5,2,0.2,0.3190476190476191,0
A1LKDIGVJ204U3,6,6,0.6666666666666666,1.6307047412681215,0
A1LKFAD0ULLI9E,5,4,1.0,0.3671794871794871,0
A1LKL5ZFGEHRWG,9,4,0.8888888888888888,1.1124105708694718,0
A1LKOHK7DZQ4M4,11,3,0.7272727272727273,0.46177540182595583,0
A1LKOIZXPQ9VG0,25,3,0.52,0.7890635461057995,0
A1LL5FO74L2KPQ,8,1,0.5,0.8538489544388211,0
A1LL8LGUZMNN7P,5,2,0.4,0.9928282828282828,0
A1LLQI5IBP4SVQ,5,5,0.6,0.6515993265993267,0
A1LLVNWLFQV9PN,6,2,1.0,0.54364858071375,0
A1LM06N7CFL478,5,4,0.6,0.6691538011911038,0
A1LM3P7HNGKP9,7,2,0.14285714285714285,0.8757575757575758,0
A1LM50CHW72L9E,6,1,0.5,0.7118386243386244,0
A1LMI3S1FN9HMF,7,2,0.7142857142857143,1.6411625911625911,0
A1LMIJR8DNFC3X,7,2,0.8571428571428571,0.44007040233748296,0
A1LMV1AZVMF74K,7,3,0.5714285714285714,0.6254060155273861,0
A1LN1BE872K7DH,5,2,1.0,1.5164021164021164,1
A1LNAYGURDK668,20,3,0.75,0.6417681550477418,0
A1LNCHFO5J0PIM,5,4,0.8,0.42163265306122455,0
A1LNSCKEJZHL5C,5,3,0.6,1.1713006690279417,0
A1LNYMUTK42FCZ,5,2,1.0,0.4861050353155617,0
A1LO323L0EPAU3,7,2,1.0,0.578211311106048,0
A1LOQL0T4D3HA4,5,5,1.0,0.8972649572649573,0
A1LP7819SDW5QG,11,2,0.7272727272727273,1.073662461939974,0
A1LPNYQK6RJ49W,8,2,1.0,0.5353265977443609,0
A1LPXKTAN03T61,5,1,1.0,0.8487558578328344,0
A1LQ4V9JGG3GA5,11,2,0.9090909090909091,0.7997044599915413,0
A1LQAJ0H4T7P38,5,2,0.8,0.4028157349896479,0
A1LQCX5RZWA2CJ,8,6,1.0,0.7288929225115073,0
A1LQD58LXQ8JA7,5,2,0.8,0.7613015873015874,0
A1LQMVP6Z6C9RV,6,1,0.5,0.7446560846560847,0
A1LQQ2ZMFYC7D8,5,5,1.0,0.41851382151776717,0
A1LR0D9UCV46WZ,6,2,0.5,1.2379644846302862,0
A1LR4PEKZUW1M3,12,4,0.3333333333333333,0.5673601323675278,0
A1LRB1N170UKPG,12,3,1.0,0.7229950031199741,0
A1LRDKHATAJTHV,9,2,0.7777777777777778,0.8370789784566036,0
A1LRJG6XOXBFTO,7,2,0.5714285714285714,0.5835930144564561,0
A1LRPBE0EDYDLY,9,6,0.5555555555555556,0.7244047377405067,0
A1LRTOHHRBMLGS,10,3,0.8,0.5661698137277539,0
A1LSC45NVKZM6T,5,2,1.0,0.5301405152224824,0
A1LTGBQIO4T9NS,7,6,0.7142857142857143,0.9626915113871636,0
A1LTW1Y592F8I8,13,5,1.0,0.7649663543263434,0
A1LU5QIPA9RLP4,14,2,0.7142857142857143,0.5554179550608122,0
A1LU9Q47QFJ9X4,5,5,0.4,2.2000821018062395,0
A1LUAKKT4ST6H7,5,2,0.2,1.0168445539135196,0
A1LUZV4GV5VGRJ,22,7,0.8181818181818182,0.5717465618482876,0
A1LV6ULP96ABL3,9,4,0.6666666666666666,0.8222531406557737,0
A1LV96NTF1I9SQ,6,1,0.5,0.676704742125303,0
A1LVDHMAHS387Q,5,2,1.0,0.8718468819888698,0
A1LVTTVXB1C0KD,5,4,1.0,0.29859283625731,0
A1LWOUFLMBW8CA,5,2,0.4,1.0328328544061303,0
A1LX9GSMN66L7E,5,1,0.4,1.2236363636363636,0
A1LXBIDWACC4TS,8,2,0.625,0.4679967581529726,0
A1LXH2T0NVOURJ,7,4,0.5714285714285714,0.6195431761221235,0
A1LXHQM4NSC1T4,9,3,0.6666666666666666,0.7523979107312441,0
A1LYC5O475BSAI,8,2,0.75,0.997979797979798,0
A1LYD7XU6IT3X1,10,2,0.8,1.6311160234303261,0
A1LYJLZ7ETSZP3,5,1,0.4,0.49703166786550845,0
A1LYQW1CVZ7EST,5,2,1.0,1.3225,0
A1LZ7QGWHBHWOD,8,8,0.75,0.5966135986000788,0
A1LZC0L3YA72HU,12,5,0.8333333333333334,0.5178865342934277,1
A1LZH9ZDPVK5F1,5,1,0.8,0.7787222222222222,0
A1LZX5NL0JDH6U,5,3,0.4,1.0365748263110715,0
A1M02LZS1GWWQ0,8,3,1.0,0.6758985879125722,0
A1M02UBV9ZT7ZA,6,1,0.5,0.8744460924982321,0
A1M0B7QY5QXUJC,5,2,1.0,0.4301671037296037,0
A1M0G070K5CUV0,6,4,1.0,0.9873847167325428,0
A1M12UY6HT5ZPY,6,2,0.6666666666666666,0.3419498856914598,0
A1M15HAT5S763F,7,2,0.8571428571428571,0.8537414965986395,0
A1M18RPUJZMNH7,8,3,0.875,0.43066716269841265,0
A1M1HGDVE38DBR,8,3,1.0,0.4666129527983855,0
A1M1OWQ95TFEW6,5,5,1.0,0.5615593749113701,0
A1M1QZT4FZS5DJ,6,2,1.0,0.6384179438058748,0
A1M1W6T3EPKNQ8,5,3,0.6,0.818186759477082,0
A1M1XL6RTE5KY5,6,2,0.3333333333333333,0.6106481481481482,0
A1M1Y643YA2DNR,5,1,0.6,0.9010529845741114,0
A1M20B9HD0BB9N,6,2,0.8333333333333334,1.5782667039843092,0
A1M23FLNLC4MG5,5,1,0.6,2.3492461197339245,0
A1M2JRFHN09P8,5,2,0.8,0.7611962833914054,0
A1M2JTFHREYECK,21,10,1.0,0.6187260018371381,0
A1M2YMEVXZNFE7,5,1,0.8,0.5509243697478994,0
A1M32VLYHX3J1S,5,2,0.8,0.8670707070707071,0
A1M4BGKNKMM03D,7,1,1.0,0.8808862433862432,0
A1M4H0AMID1NBP,7,5,0.42857142857142855,0.6783810695464358,0
A1M4QGCCYHZ4UT,5,1,0.8,1.1768980123818833,0
A1M4W84899BETG,7,5,0.2857142857142857,1.1573412698412697,0
A1M4X311R1GSTJ,6,2,0.6666666666666666,0.5239757691694562,0
A1M4YBXBDEJLFL,7,7,1.0,0.9478795976817084,1
A1M5FEUHT4XYI8,5,1,0.8,1.1777634408602151,0
A1M5OIQM70KT6X,11,2,0.6363636363636364,0.5138001899182023,0
A1M5ZT35YX6TIN,14,2,0.6428571428571429,0.7111243952458717,0
A1M658L774LPGM,7,3,0.8571428571428571,0.6817125124893393,0
A1M6D4RPSG88JQ,8,3,0.75,1.0697569348366234,0
A1M6GJJAGVE4Y5,7,2,0.42857142857142855,1.0677571399715773,0
A1M6Z0NSZJB8AM,10,2,0.9,0.7185847035847035,0
A1M72Q7EUR533D,5,1,0.8,0.9954647676161921,0
A1M7GO9IQSZZUH,6,2,0.5,0.7116522366522365,0
A1M7N0QMDDXDZY,5,2,0.8,1.4927450980392156,0
A1M85S3L9ROA17,13,1,0.15384615384615385,0.8639800317710875,0
A1M86X97J2VKZN,5,1,0.4,0.5261060589396422,0
A1M92239OM8KPO,16,1,0.25,0.9480328445644304,0
A1M93ZN0LVXO2B,5,1,0.8,1.5267237726812195,0
A1M991VMFWPV1A,5,5,1.0,0.815868454661558,0
A1M998OOVBL4PG,7,4,0.42857142857142855,1.1525997680178062,0
A1M9DJAPOVBAS6,6,4,0.8333333333333334,1.5765501074451274,0
A1M9EZ6PMRY3JU,7,3,1.0,0.7552038024087714,0
A1M9JHM6613D5I,5,4,1.0,0.6968643626904495,0
A1M9LZECNHWLLH,10,2,0.7,0.7070736299583371,0
A1MANEX1U5T8JH,12,2,0.9166666666666666,1.0265614505869844,0
A1MB76MMDQHQZP,9,2,0.3333333333333333,0.8387785905027285,0
A1MBMOD1WE3PF7,13,7,1.0,0.46029412743749865,0
A1MBSCSYG1OQ99,5,4,0.6,0.9225396825396824,0
A1MBUQ1B3TKT7M,11,2,0.2727272727272727,0.7513007581945037,0
A1MBWQ9UW8276V,5,2,0.8,0.3905357142857143,0
A1MC0F23A4IUOE,5,2,1.0,0.5843333333333334,0
A1MC2E7B19FTK3,5,1,1.0,0.5102717878327632,0
A1MC37SS5G4GH4,13,6,0.5384615384615384,0.5690801110083054,0
A1MC89VM9F30FG,5,1,0.2,0.28239716939407344,0
A1MCAXACY28WOK,7,4,0.7142857142857143,0.5652769898458667,0
A1MCFMXZTA7XT3,5,2,0.8,0.3290322580645162,0
A1MCRM4XWX78IN,9,2,0.7777777777777778,0.609015117566908,0
A1MD0PXVZ9C0BJ,5,3,1.0,0.39493417005044923,0
A1MD9AEU9C4WJN,19,2,0.42105263157894735,0.9518733869161009,0
A1MDB3G0YAM18R,5,2,0.4,1.1278362573099416,0
A1MDDAJFZJB3H7,8,3,0.625,0.6691890714291223,0
A1MDE3K9M63KZV,5,5,1.0,1.2560485933503835,1
A1MDHJ845EOVLS,8,1,0.625,1.2239182692307693,0
A1MDWX1EXPCOYE,5,3,0.6,0.5879848171152519,1
A1MDY4144RNG6,5,3,1.0,2.023812300048584,0
A1MEISNED4NP7U,46,9,0.8260869565217391,0.4983491683671906,1
A1MFAPVBW9BEGD,45,3,0.6666666666666666,1.5098962937112128,0
A1MFO2DXH2C2B5,17,2,0.5882352941176471,1.0731020418933745,0
A1MFVAHTT2BHM0,59,12,0.4745762711864407,0.8349157062089334,3
A1MFVV2SM8U67C,5,1,0.6,0.5342090859332237,0
A1MFXZAOO8ZCJI,6,3,0.6666666666666666,0.6293614105645591,0
A1MG8LP4Q8W4B2,6,3,0.5,1.3533093740640911,0
A1MGK3XFRVB6CU,9,2,0.6666666666666666,2.5130526753524465,0
A1MHDCGQE5186H,8,2,0.75,0.7458253495447789,0
A1MIAJ23OJZ1GI,5,4,0.8,0.6293417366946782,0
A1MJ0D09AJVAG5,5,2,1.0,0.4847355979109532,0
A1MJ1BGKHTKP9Z,5,4,1.0,0.7878905408317174,0
A1MJ7DJLRLH7EK,5,3,1.0,0.443757719984135,0
A1MJAOQ69LIPUL,6,3,0.6666666666666666,0.9603299599409657,0
A1MJNEJO890V7E,5,4,0.2,0.5706750910227854,0
A1MJS1YRKNMU04,15,2,0.4,0.8608431267049765,0
A1MJTH31SW605G,6,3,0.3333333333333333,1.2484126984126984,0
A1MKBK0ISJF02W,5,2,1.0,1.2946455505279038,0
A1MKKFKNCAC34O,8,3,0.625,0.9721867396593673,0
A1MKPMJPD22YY,6,1,1.0,1.500140056022409,0
A1ML4CGU7PWRAU,9,3,0.8888888888888888,0.884078176041802,0
A1MLB863AF50AG,9,3,0.6666666666666666,1.2202860459513327,0
A1MLVQ20U6X3ZC,6,2,0.5,0.867264892984605,0
A1MMH1TTLIV9EX,8,2,0.375,1.2207727976774234,0
A1MMJMUYJQKZES,5,1,1.0,2.9857142857142858,0
A1MN0HLBJI1AOU,5,1,0.8,0.976838340772767,0
A1MN0WVQNLDW1U,5,3,0.8,0.3457745726495727,0
A1MNELDLD24CFC,6,1,1.0,1.1750172532781227,1
A1MNMJUJIK4QWQ,5,2,0.8,0.8645294270158154,0
A1MNN0ZMHYPJDU,26,9,0.9230769230769231,0.670171734218282,0
A1MNOWQ6Y92O1Y,7,2,0.7142857142857143,0.4522177825914433,0
A1MNVGWFE6E0J4,5,2,1.0,0.6201415302963292,0
A1MO029I2PGEXI,7,5,0.8571428571428571,0.6854930783502213,0
A1MO34WCJL3AIJ,5,1,1.0,1.4664251207729468,0
A1MONEN4OHY1ZI,9,9,0.8888888888888888,0.9578747015664794,0
A1MOQVEKNPKYG0,6,3,0.8333333333333334,1.1265176077891381,0
A1MOSTXNIO5MPJ,6,3,0.5,1.470292786454669,0
A1MP1A2AIQX9W3,13,2,0.6923076923076923,0.949495805084568,0
A1MP42BBMV85CT,7,3,1.0,0.7866784217634505,0
A1MP83EDXKTT0X,10,3,0.8,0.6395640616693249,0
A1MPM3VVLV695C,8,3,0.625,0.6458242510619272,0
A1MPTOCYQWUWT1,15,3,0.8,0.7586782962282056,0
A1MPW5B6ES6MK9,6,5,0.6666666666666666,0.4481311675573972,0
A1MPWADP68X3XO,5,2,0.6,0.5872735760971055,0
A1MPWLE0J5U0YO,5,5,1.0,0.5159653679653681,0
A1MQ4SQ8VZ5OWA,10,3,1.0,0.9265078136517765,0
A1MQESL5LGOKZW,5,2,0.6,1.2098275965851815,0
A1MQJQRHN0U1AN,6,3,0.8333333333333334,0.8167164076606802,0
A1MQNAW2FNC1H8,5,4,0.8,0.9896856994997412,0
A1MQOICJQ192O1,5,2,0.4,0.9883729353810491,0
A1MR5CQ056ZO9H,8,2,1.0,1.0457589065653006,0
A1MR61NDPY463T,8,5,0.5,0.6626365242020671,0
A1MRFTBJODLRJW,6,1,0.3333333333333333,0.4628427128427129,0
A1MRJKQ7ETNFMU,7,3,1.0,0.34491746735649187,0
A1MSBF69K5EFYK,7,2,1.0,0.5479334311889911,0
A1MSBW9EUZ6FX6,8,3,0.75,0.7751406804365588,0
A1MSDMFCLSBNTJ,6,3,0.6666666666666666,0.9558135830784912,0
A1MSHO5C6BO7LZ,10,2,1.0,0.5948956916099772,0
A1MSO6LERG39PC,8,2,1.0,0.568859784412559,0
A1MSWDKFXTKHPE,5,4,0.6,0.822254428341385,0
A1MSY5U64K1Y3D,8,1,0.75,0.6489153535144101,0
A1MT4NHNZJ9L34,6,2,0.6666666666666666,1.145959230374072,0
A1MTBSGFNBG676,6,5,0.6666666666666666,1.2718715412574693,0
A1MTT0NRUJB6PJ,5,1,0.4,1.6758986175115207,0
A1MTVBDE8JP0KT,9,4,0.8888888888888888,0.5667035783740588,0
A1MUDY0X0ZHI4P,6,6,0.0,0.9377977810033559,0
A1MUH58OOJZHKD,5,1,0.6,0.7075798829348365,0
A1MUM4VASKX0F5,8,1,0.75,1.6059425774463958,0
A1MUP1KOT1X9MZ,10,2,0.8,1.144624183006536,0
A1MUWF8WEBF28E,5,1,1.0,1.4546825396825396,0
A1MVAG8HE00V4J,9,4,0.7777777777777778,0.7698683416304676,0
A1MVSX9232K1XQ,5,1,0.8,0.7134050179211471,0
A1MVTXOZOM5AYE,6,2,0.6666666666666666,0.8947114983666257,0
A1MW1J0OBO341R,8,3,0.625,0.6076318027210884,0
A1MW1XMP2B5OCH,6,2,0.6666666666666666,0.4087338741773534,0
A1MW5TA0TW43TK,11,3,0.7272727272727273,0.7630678661772593,0
A1MWC47MS3OHGV,5,1,0.4,1.2689640768588137,0
A1MWEKGRKFU6XV,5,1,0.6,1.4429936168215522,0
A1MXF4ZY76K0WG,5,3,0.2,0.7419921768025376,0
A1MXFJEGNZ107N,6,2,0.8333333333333334,1.798702095045563,0
A1MXJVANURX26J,18,2,0.6666666666666666,1.2857049832913405,0
A1MXX1K2N7RMQY,8,4,1.0,0.9254510678949532,0
A1MYFF3HROSSAU,8,3,0.375,0.6210782483688018,0
A1MYNT7BUPG4FJ,7,1,0.14285714285714285,1.1088435374149659,0
A1MYYHQR614UC7,8,2,0.625,0.7864513080147233,0
A1MYZVGEWJIVH1,9,5,1.0,0.7223775115726995,0
A1MZ23CWJSKOOG,12,4,0.9166666666666666,0.686700244852534,0
A1MZ32IIANWUI4,7,2,0.8571428571428571,0.9612863327149042,0
A1MZJ3OVAZWV7B,7,2,0.0,0.5664404517787976,0
A1MZL91Z44RN06,82,6,0.6707317073170732,0.6129141225276798,0
A1MZONT5PZVCUK,7,4,1.0,0.4663171295824358,0
A1N013LEAOLX2U,5,2,0.6,0.6098978247425453,0
A1N0ZF06EO4LQZ,6,4,0.8333333333333334,0.6370967741935486,0
A1N1BRJR4P29IX,5,3,0.6,0.5687181337181336,0
A1N2273WXYDE9L,6,6,1.0,0.3714486707602651,0
A1N2JL8ROQWQNW,21,5,0.7619047619047619,0.7496744971335441,0
A1N2MS9N6SJWWD,5,2,0.0,0.6470144767513187,0
A1N3CH42SZWEP,19,3,0.8947368421052632,1.7145261248659283,0
A1N3WNCCMAKLPI,5,3,1.0,1.445877192982456,0
A1N45USBVC5C7F,5,1,1.0,0.7,0
A1N4IQ1VBWG2G8,10,2,0.8,0.46990897949440813,0
A1N5RZT12I04BB,5,1,0.6,0.6207343807088052,0
A1N5X627YR1WQH,7,2,1.0,1.3760762967829459,0
A1N5XW60FVZYHH,8,2,0.625,0.9901430959874115,0
A1N69ULG5YW388,5,2,1.0,0.42978043829200524,0
A1N6B7F7NMARL6,7,3,0.8571428571428571,0.3708842452451477,0
A1N6KCWXEL2X75,5,2,0.6,1.020865800865801,0
A1N6UIVLKUF9WF,5,5,0.8,0.6954319615677375,0
A1N73M40MPPWSR,11,4,0.6363636363636364,0.9485084815137786,0
A1N7JLWB7039XQ,6,1,0.5,1.6820330523332228,0
A1N7NA5148ZREP,5,3,1.0,0.23115468500614203,0
A1N7XETGN3E6YB,5,5,1.0,0.40633255633255627,0
A1N8IQE6HYVLOC,7,2,0.2857142857142857,0.879804341999464,0
A1N8LKR6RKRN2P,10,3,0.9,0.41358976561067073,0
A1N90BLM0OTQUF,8,1,0.875,1.1843337218337218,0
A1N9LX6E138H61,5,1,0.8,0.9946449992502625,0
A1N9PDHW499DIQ,12,7,0.75,1.1593724447995997,0
A1N9QB2BECD6TS,6,3,0.8333333333333334,0.6929561117378721,0
A1NADKSHMF3S6K,9,3,0.7777777777777778,0.6358310620694522,0
A1NAE84M5EA0YX,5,1,0.6,1.3241541582150103,0
A1NB0UGAONC2M,23,4,0.7391304347826086,0.8896757775844352,0
A1NBBG8BALZ0BP,20,13,0.4,0.5865244897022649,0
A1NBC9AMD0I1DW,14,3,0.7857142857142857,0.697011895244847,0
A1NBH6ZOFDS5QS,8,3,0.75,1.4460957110116774,0
A1NC3I05U5BQ2P,6,4,0.3333333333333333,1.0655271687218948,0
A1NC86NFVMWNHN,6,5,0.6666666666666666,0.8684534974857554,0
A1ND12UFSJ9EPK,13,6,0.6153846153846154,0.7132820213815562,0
A1ND6P02OFUXP1,5,4,0.6,0.6365384615384615,0
A1NDHLQN0K23QK,13,3,1.0,0.5389014561398469,1
A1NDHO2RGGTAX5,7,1,0.8571428571428571,0.692945594478684,0
A1NDKHHNYR2CCP,7,1,0.8571428571428571,1.0144499178981936,0
A1NDTFQH1ADENW,5,3,1.0,0.5512586179252846,0
A1NE9H195232L3,5,4,0.8,0.8685648148148151,0
A1NEHV50RHWYE7,5,3,0.8,1.3008300838945999,0
A1NF7WJJ5U0TGZ,12,1,0.75,0.9292965976149089,0
A1NFR6I9KSUR6M,9,3,1.0,1.1814533987285847,0
A1NG1XB8MQKM19,6,6,0.8333333333333334,0.5020953911304787,0
A1NGUBUZTC09TF,9,3,1.0,0.29176954732510296,0
A1NGZURNQJ9XUR,5,3,0.8,0.262161751292186,0
A1NHNED4X7LXRE,6,1,0.8333333333333334,1.1840007440734837,0
A1NI8QXW52SARP,5,2,0.8,0.810064935064935,0
A1NIBE2WEWDQN3,10,3,0.8,0.7209781156161474,0
A1NIH94X1RK5QP,5,2,0.6,0.37333333333333335,0
A1NIT7KWE1WKC7,12,7,0.6666666666666666,0.33870301986549917,0
A1NIU727LAF4BA,10,2,0.6,1.27286701549232,0
A1NIWKDK9V6FQK,5,2,0.6,0.40287267080745337,0
A1NIX2WA2ZKLV7,14,2,0.7142857142857143,0.39967621652766677,0
A1NIXQHXXCW8BJ,18,3,0.6111111111111112,0.5757247726513094,0
A1NJ2GWURL2ONB,13,1,0.3076923076923077,0.908246635971744,0
A1NJ6MBO6TURL9,20,10,0.55,0.4258063557867285,0
A1NJVRQ12DB6CN,5,2,0.4,0.6312217194570137,0
A1NK1BYWRE7VFH,5,2,0.8,0.8692255047207359,0
A1NK488S0NMSSY,5,3,0.6,0.4199865579614855,1
A1NKLL1D1XVQ00,7,2,1.0,1.527685355356063,0
A1NL6VWOX2FCMW,5,4,1.0,0.8119739721975744,1
A1NLO10WVV3LVQ,7,1,0.7142857142857143,1.1640055218413428,0
A1NLOKTTTC7MCL,6,5,1.0,0.7026694929179401,0
A1NLR64WIWXYZI,5,4,0.6,1.3452124593054802,0
A1NM1FO36ZMSVQ,8,4,0.75,0.5984382236201171,0
A1NM7AKSF2JR6W,5,5,0.0,0.6006234751965301,0
A1NMNY8FQUS4N0,5,2,1.0,1.677214815936979,0
A1NMSNSO624OID,7,2,0.8571428571428571,0.42449494949494937,0
A1NN0A2NG50PSU,6,1,0.8333333333333334,2.120906432748538,0
A1NN8Q1DLAYPGH,5,1,0.4,0.9790476190476192,0
A1NNBQVZQOPWMZ,8,3,1.0,0.8110615079365079,0
A1NNJP8PL66BLI,5,1,0.8,0.9113636363636364,0
A1NNQCYZZ1XJN3,7,3,0.8571428571428571,0.3453755492957513,0
A1NNSWGNTS7A6V,7,1,0.42857142857142855,1.0696431493559622,0
A1NNT44F43MHXJ,13,2,0.8461538461538461,0.8550358984533145,0
A1NNUBLUHNM0DO,7,5,0.8571428571428571,0.7068318121063527,0
A1NO56PQB4WMAI,10,8,1.0,0.8971626984126985,0
A1NOCBATO8SJD2,5,4,0.6,0.5945238095238095,0
A1NP91R1CRPNQX,9,1,0.5555555555555556,0.4962810913276241,0
A1NPM1PX6MAK5E,5,2,0.4,0.2426769718236871,0
A1NPNNO5F1FMCD,9,4,0.7777777777777778,0.5613214043850046,0
A1NPVHGC7QRNRD,5,3,0.6,0.32614329268292686,0
A1NQ1IZYCLOD8J,5,2,0.6,0.9015359477124184,0
A1NQBIFLVZC7YK,5,2,0.4,0.6016703296703296,0
A1NQF2RPXBIPIO,6,4,0.8333333333333334,0.5082295544480419,0
A1NQX79JBCAPUB,9,3,0.5555555555555556,1.3182321061220665,0
A1NQZDEPKW2P4Z,5,1,0.8,1.03,0
A1NR199CQ10MG1,8,2,0.5,0.689856834929027,0
A1NR2HOZ7C812E,7,1,0.8571428571428571,0.89699896376915,0
A1NR87CCN4I5ZT,6,1,0.16666666666666666,0.7422710817447661,0
A1NRBZMZS5QF8M,10,5,0.9,0.532416718795705,0
A1NRC1QV6O3XR7,22,19,0.8636363636363636,0.5673754167042057,0
A1NRF270H9QGK3,5,1,1.0,0.9758333333333334,0
A1NRMTQ5SZPZA,35,2,0.45714285714285713,0.43794837084991894,1
A1NRWVCA2TCZET,6,2,0.3333333333333333,0.6975128706514733,0
A1NRWWFVODZBYZ,5,1,0.8,1.0786914235190097,0
A1NSEMOMF4JNOY,5,1,0.4,1.2278085489779038,0
A1NSHQMDSER9I1,6,3,1.0,0.5985775321925505,0
A1NSJHH59U8EKD,7,1,0.7142857142857143,0.6573970695676541,0
A1NSM10MS81MCB,7,3,1.0,0.46300536683152976,0
A1NSS6O5OSEECK,5,2,0.0,0.6992261367058116,0
A1NT1O1M6RNMLY,9,1,0.7777777777777778,0.9530132910567694,0
A1NT6U2GQQGIYX,5,5,0.2,0.8943352842809364,0
A1NTVX5PKD4LDN,5,5,1.0,0.6433946251768036,0
A1NTXW4HO7D9JW,6,2,0.8333333333333334,0.8898914630209184,0
A1NTYEK0TIGI5H,17,5,0.6470588235294118,0.8694108306759759,0
A1NV34T26E67GA,5,2,0.4,0.6793923124805478,0
A1NV5VQLJBVU45,5,2,0.6,0.5065397832408143,0
A1NVD0TKNS1GT5,9,3,0.5555555555555556,0.6619488536155202,0
A1NVT0RG0EFKKH,8,2,1.0,0.6776617250673853,0
A1NW1QHXZAPZRR,11,8,1.0,0.5632950879292342,0
A1NW25LR5QJ08M,5,1,0.8,0.8228405259446039,0
A1NWJXGM1397DM,5,1,0.8,0.5933802591585347,0
A1NWR93PPNP40X,5,3,1.0,0.5642621259029927,0
A1NWTHN0X3OR9P,5,5,0.6,0.62,0
A1NX2X9SKM65BF,7,7,0.7142857142857143,1.124867724867725,0
A1NXNMRAVPGTO3,6,2,0.6666666666666666,1.7588864402385271,0
A1NY3TMEB8KEW2,5,4,0.8,0.7612859443294226,0
A1NY5JGIXL0MVW,7,4,0.8571428571428571,0.442753666461873,0
A1NY8MREXJ4JL4,6,4,0.8333333333333334,0.8205291440585558,0
A1NYAXH1LHDI31,5,2,0.4,0.2958333333333334,0
A1NYKC09CETMCV,7,3,0.8571428571428571,0.5922583834067598,1
A1NZ8E0Z5PQO4R,7,3,0.8571428571428571,0.5703449287205188,0
A1NZDS9XMC9ESX,5,2,0.4,0.16122603617718276,0
A1NZFW3DTHWTEI,6,4,0.8333333333333334,1.5704594017094016,0
A1NZK5DIQ5RECY,6,5,0.3333333333333333,0.9539316193985776,0
A1NZR4UN6DJQIO,7,4,0.14285714285714285,0.81962332300627,0
A1O0BF5XZNF315,12,4,0.8333333333333334,0.6121886322560764,1
A1O0E7X4PTQUKI,8,3,0.125,1.4516471674876847,0
A1O0FU7O0RJA4F,11,6,0.8181818181818182,0.4713174680294831,0
A1O10TNCHOHI84,5,1,1.0,1.4136724386724384,0
A1O1AJOJQLNHT4,6,5,0.6666666666666666,0.9446759259259259,0
A1O1FCKRHHW3W,5,2,0.6,0.17925679281125273,0
A1O1RG8QYMITIX,6,1,0.5,0.9085871502751296,0
A1O1RNF7DY4I7W,7,3,0.5714285714285714,0.7983561581170034,0
A1O1ZTQW0JDI2V,5,3,0.8,0.5483623861443891,0
A1O2219YN57095,10,9,0.8,0.42332064525414903,0
A1O22UA181NUXO,18,10,0.2222222222222222,0.5980862333244341,0
A1O28K1JTVY59T,5,2,0.8,1.0631986319691238,0
A1O2COK92583R4,10,4,0.7,0.40129869888565545,0
A1O2GTYNFTCUK2,7,1,0.8571428571428571,0.5183007446949911,0
A1O2KQ6ZDTL1BD,6,2,0.8333333333333334,1.7044436240088414,0
A1O2KST0G3G7FJ,7,1,0.42857142857142855,0.944382856810986,0
A1O2MHRG6QZ307,6,4,0.8333333333333334,0.7946475246159852,0
A1O3F59IIEQHJZ,6,5,0.8333333333333334,0.5095892354007678,0
A1O3FDAZQK8FJC,21,2,0.7619047619047619,1.7062411106083597,0
A1O44RP0HKY52M,10,2,0.9,0.7605401657956566,0
A1O4DG21XBKSYT,5,3,0.2,0.8617652669216401,0
A1O4EE9BSP83IG,6,4,0.6666666666666666,1.058962755962529,1
A1O4PWWWKJG090,7,2,1.0,0.8901563974872245,0
A1O4VYJPIK20V,13,1,0.23076923076923078,0.6584113430318363,0
A1O53DT8R8JLLD,15,4,0.3333333333333333,0.7946424628805562,0
A1O56462L8ESCK,6,2,0.8333333333333334,0.7257151345386639,0
A1O5ICD3DW52SR,11,10,0.9090909090909091,0.6593936903137848,0
A1O5KKPQWC3OZ9,6,5,0.8333333333333334,0.8846801346801346,0
A1O5SR95Y3U615,7,1,1.0,0.5637053378575061,0
A1O5U7CJ5V4AFA,23,3,0.7391304347826086,0.951476117094978,0
A1O6E9A2Z37VP8,5,3,0.6,0.679090909090909,0
A1O6KE2WEZXA20,6,3,0.5,0.9224484788520955,0
A1O6TOWJHGDJKE,5,2,0.6,1.075250626566416,0
A1O7AKVUH4482D,25,23,0.0,0.345365035976808,0
A1O7C0RN447LIH,5,2,0.4,1.8535035842293908,0
A1O7IMPEX6AF2J,9,3,0.6666666666666666,0.6391239724573058,0
A1O7IVRX2VPWR7,7,1,1.0,2.4514822562064156,0
A1O7NCI7MZZV9P,6,2,1.0,1.3749932687314093,0
A1O7YO1806XYAU,6,2,0.8333333333333334,0.8125810355737872,1
A1O8EDR9VMIRKE,5,1,0.2,1.2000000000000002,0
A1O958D570KGLQ,6,1,0.16666666666666666,0.8427985026669238,0
A1O97JFWDE81LX,6,6,1.0,0.3829776422764228,0
A1O97WKID9L3IA,29,3,0.8275862068965517,0.6729026978494406,1
A1O9ERVTKGVW69,5,1,1.0,2.2905987244823,0
A1O9MBXCJY6TV9,5,3,0.4,1.032102360581383,0
A1OA0Y26U1RYLL,8,3,0.5,1.0043107482953344,0
A1OA7ZKRQH98C8,22,4,0.4090909090909091,0.7099847983944415,0
A1OA8145NAAI9M,8,2,0.625,1.0923490814871804,0
A1OAAZKPIPCVXG,5,2,1.0,0.48324675324675326,0
A1OAK2EOENWPBV,8,4,0.875,0.4672174509549736,0
A1OAPYE1A05EY2,10,7,1.0,0.7778072024874352,0
A1OB6LDS4U0UDZ,7,2,1.0,0.5555908595746542,0
A1OBOZRWAP9LD,5,3,0.8,0.7088275954748237,0
A1OBS7GDT8D4C,9,3,0.7777777777777778,1.1592291045835106,0
A1OBUW48Y2GNMZ,6,4,0.8333333333333334,0.8587301587301588,0
A1ODIVY2TROYEQ,6,3,0.6666666666666666,1.3379251700680272,0
A1ODK01BN1WY2M,6,1,0.5,1.820301784568089,0
A1ODYMPLO86TZ0,5,1,0.8,0.4273737373737374,0
A1OE0G5XIG9EA2,6,4,0.6666666666666666,0.6462606837606838,0
A1OEFHZ4SBN3MQ,6,2,0.6666666666666666,1.6847753859433763,0
A1OEJA4X7SDZDP,10,4,0.5,0.6433174665780007,0
A1OEV44GI2XCPC,22,7,0.7727272727272727,0.5300450394164283,0
A1OF88AH1DP954,5,2,0.6,0.2614239661048172,0
A1OFZ0WFM50Y95,24,4,0.4583333333333333,0.9264868637012551,0
A1OG22AV0FS7F1,12,3,1.0,0.5071752662174925,0
A1OG2V1Q9LD73B,5,1,0.8,0.39119570234371004,0
A1OGRLACOM3N48,6,1,0.3333333333333333,0.9255199372383839,0
A1OH9YRSECZ8SM,5,4,0.8,1.4221690590111642,0
A1OHAE23CNCTA2,6,1,0.3333333333333333,1.5790628736158923,0
A1OHEOHXITWN5W,7,2,0.5714285714285714,0.5980725623582767,0
A1OHN2B447Y0FK,7,3,1.0,1.1839889579020013,0
A1OHOFON2HRKID,8,1,0.875,0.5513963171768814,0
A1OI5CUGR4IA9I,6,3,0.5,0.8021223470661673,0
A1OI77YP9WGWDE,5,5,0.8,1.0487577639751553,0
A1OIGNXNLPSJQJ,7,3,1.0,0.44007579806421926,0
A1OIQ0NU3WDK35,8,5,0.875,0.7267140289961015,0
A1OIUYSO0M22LG,8,2,0.75,0.6141203703703704,0
A1OJ3J9VPOBMGZ,14,5,0.9285714285714286,0.5080740238442074,0
A1OJ4DT82V6EJ9,7,4,0.42857142857142855,0.7598891344388299,1
A1OJ5BXJBBUUL7,6,2,1.0,0.894927729523365,0
A1OKMVTVH477BC,9,2,0.3333333333333333,1.2290619353872367,0
A1OKXYEBH75140,10,7,0.8,0.3950228581706776,0
A1OL15ONT14AU9,7,3,0.7142857142857143,1.2884889572267262,0
A1OLHNZJE8WZN8,7,2,0.2857142857142857,0.7964907099584521,0
A1OLTLIVGZ5BKC,14,7,0.42857142857142855,0.8371772383962786,0
A1OMC6X5Q4QMIF,5,5,1.0,0.257165425696339,0
A1OMIFPRIO1KWY,8,2,0.75,0.9651681286549707,0
A1OMMXGV9U3M1X,15,3,0.4666666666666667,1.0390946261098544,0
A1OMPCI597G11Y,7,2,0.7142857142857143,0.2828117237953303,0
A1OMQL9KIOEOJM,8,2,0.75,0.9600853633766577,0
A1OMWBDYQBWVM0,5,4,0.8,0.6191666666666669,0
A1ON1ZQSR46ZR9,5,1,0.8,1.5681566820276498,0
A1ONG06J0VI1J4,5,2,0.6,1.0011904761904762,0
A1ONVQZM1S0J1C,7,3,0.8571428571428571,0.6084189313160786,0
A1ONWD8QSFBWZ6,5,2,0.8,1.0435636856368564,0
A1ONZ8JRPLBNUI,8,1,0.875,0.8230394593341023,0
A1OO08IL5RIODE,7,6,0.7142857142857143,0.6548040213319969,0
A1OO228VP8O47W,5,2,0.6,1.0,0
A1OO39QYVH3AUY,7,4,0.8571428571428571,0.6857865521160055,0
A1OO8S0CRY2M6T,7,5,0.7142857142857143,1.190636409557332,0
A1OO9N1MRNQ7K0,30,5,0.8666666666666667,0.662079624966223,0
A1OOCCA5QQGF7,6,2,0.8333333333333334,0.9656919033042267,0
A1OOWJ2WSKGIAT,5,1,0.8,1.0104227466522548,0
A1OP217NOXQFTC,5,5,1.0,0.4557502280328366,0
A1OP2RI3U76KUV,7,2,1.0,0.6339436252970087,0
A1OP7O7OLH0AKM,5,2,0.8,0.5804921165790731,0
A1OPG0S5E0V0BK,7,2,0.8571428571428571,0.5640602568653954,0
A1OPLB2JLPVUAZ,7,2,0.42857142857142855,0.6523759868911069,0
A1OPZ3BUTEL47R,9,2,0.3333333333333333,0.5815325557682137,0
A1OQ7NESY75BRI,7,2,0.8571428571428571,0.42212129637850815,1
A1OQDHMHIU3ASD,10,2,0.5,0.9189932679832713,0
A1ORPHYNWQB363,6,4,0.3333333333333333,0.6393686868686869,0
A1ORW6B32NZ3Y5,11,11,0.2727272727272727,0.7861146837710057,0
A1OS4YBJTY7ZUM,6,3,0.8333333333333334,1.1526629935720845,0
A1OSNUU9XWXNQZ,8,3,0.625,0.8374260786273529,0
A1OSQA9T4L7BCE,6,1,1.0,0.47424418023597753,0
A1OSXYLOUVZDV6,5,4,0.6,0.5899524210651627,0
A1OT13GDLQ5HI6,5,4,1.0,0.23557874956098795,0
A1OTTDNEZOUSRI,5,1,0.6,1.227814921952853,0
A1OU6684U2X401,5,2,0.6,0.17714285714285705,0
A1OU8WF5TKK4W0,5,4,0.6,1.1188811188811187,0
A1OURU73W5FFK0,6,2,0.3333333333333333,0.5683372183372183,0
A1OV41AAQJ90F,6,2,1.0,0.7991568019042355,0
A1OVBH3RR5OY86,12,3,0.5833333333333334,0.5093562658551872,0
A1OVG916J113YZ,6,1,0.16666666666666666,0.7645791296977068,0
A1OWOUEAHA4QPP,10,2,0.7,0.671029514676684,0
A1OX19PDA486CD,21,2,0.9047619047619048,0.6431722155625929,0
A1OX1M4ZDA5KBM,5,5,0.4,1.0183333333333333,0
A1OY1EDCY9H8QR,5,2,0.0,0.596613912403386,0
A1OZ7I3DESX9NP,24,12,0.8333333333333334,0.646028357577747,0
A1OZAYRJQAERTK,7,2,0.7142857142857143,0.5418336565395389,0
A1OZL1HR9O7WVV,7,4,1.0,1.0155592469545958,0
A1OZSTTZ9W5MLL,6,5,1.0,0.6046809531232026,0
A1OZWVXJ2D3N3T,5,4,0.8,0.7275659824046921,0
A1OZYB2MHZQXEK,5,2,0.8,0.4772771186585848,0
A1P02GG94LPF80,14,4,0.8571428571428571,0.7163414460355436,0
A1P0C4KN63K92I,10,4,0.9,0.5478959031361266,0
A1P0EP5KFOTBIJ,24,2,0.4583333333333333,0.9387101680783957,0
A1P0K1U0DNQV73,6,1,1.0,0.604024999449836,1
A1P0KXFRMNL2AC,5,2,0.4,0.37049605393490886,0
A1P10GPRFPBHK3,7,5,1.0,0.6476850694075701,0
A1P12P1V3DDLPD,6,3,0.8333333333333334,1.0835708229902987,0
A1P16P5VZL422Q,5,2,0.4,0.5401006036217304,0
A1P1L268DFQLPT,7,3,0.7142857142857143,0.5675506378746438,0
A1P22FLSHZJEVQ,16,4,0.875,0.5523965695099939,0
A1P2HWSKK852U3,9,6,0.8888888888888888,0.43555000853387954,0
A1P2TRWI6X1HJG,5,3,0.2,0.7921625588034258,0
A1P38V2ZN0GXK6,18,3,0.7777777777777778,0.43730437777007036,0
A1P3FOPEX2YIGS,10,3,0.7,0.6413964869390496,0
A1P3VXW3JKS3FH,7,6,0.5714285714285714,0.6768991948493256,0
A1P3W92BA4Z4N6,6,6,0.6666666666666666,0.585054945054945,0
A1P4E6T04Q1TG4,6,2,0.5,0.9873765432098766,0
A1P4H9IB2GUTRL,8,1,0.5,0.940715536611155,0
A1P4WHZOTII38A,5,4,0.8,0.9237878787878786,0
A1P4X7FG0PM9AZ,5,2,1.0,0.42096306068601574,0
A1P51R2I1JDI5J,6,2,0.6666666666666666,1.1465581359766621,1
A1P55MC9DJZ79V,5,1,0.6,0.48772700983227313,0
A1P5CIQW08ZD75,10,2,0.8,0.5318724202009572,0
A1P5GB45KRR1EM,5,2,0.8,0.7208979717600407,0
A1P5N909O9ZLK5,7,1,0.7142857142857143,0.8105508870214753,0
A1P5UEQ50O5BKY,8,4,0.5,0.9946636021558382,0
A1P662LNCNUIP6,5,1,0.8,2.6267218771566596,0
A1P69VMRNEMBDI,5,2,0.6,1.143568010936432,0
A1P6BHV3N0KW10,5,2,0.8,0.594298953822072,1
A1P6HMF3876Z8P,6,1,1.0,0.8681866026693615,0
A1P6JZ5FRFI7YF,9,4,0.6666666666666666,1.6609608364078912,0
A1P6VTB5OYEKAG,6,2,0.6666666666666666,1.1901556069958847,0
A1P6WIS93SIOPE,6,2,0.8333333333333334,0.5218189122937407,0
A1P7E1JSSKKEBC,7,3,0.7142857142857143,0.6526920610253942,0
A1P7XRBU19E9XO,6,2,1.0,1.3885185185185183,0
A1P7XWKJYDMY65,8,4,0.0,1.0836153209414954,0
A1P7Z60JEG8ULO,5,2,1.0,0.6664285714285714,0
A1P83JPZU024ZF,7,6,0.8571428571428571,0.7317857452619617,1
A1P84NT34DDHG0,13,2,0.5384615384615384,1.2354409376786428,0
A1P87M177863E0,6,4,1.0,1.383440729130384,0
A1P8IT0URBLB26,11,1,0.45454545454545453,0.5394093603738518,0
A1P8NYDN32LBFH,18,4,0.9444444444444444,0.6148016339086627,0
A1P909NOKK93LJ,5,4,1.0,0.5655341738553418,0
A1P94CW9751WWM,5,1,0.6,0.9459569956031192,0
A1P9FP9ZZ00TU4,5,2,0.8,1.5934935032701227,0
A1P9LSP8PK9FOX,6,1,0.6666666666666666,0.8203347578347578,0
A1P9UJ7CTC16KI,6,1,0.5,1.3604772039554647,0
A1P9UMP1XSE6MI,9,2,0.4444444444444444,1.1354770078626286,0
A1PA752YSSIXFS,10,2,0.2,1.6668350614902336,0
A1PAFFE64PGY99,7,2,0.42857142857142855,1.2781655844155841,0
A1PAY50TXCISQX,6,4,0.8333333333333334,0.6956130918043094,0
A1PBCY740DJXAN,6,4,0.6666666666666666,0.7414009635684513,0
A1PC9706EC9HOL,9,2,0.7777777777777778,0.670586466026246,0
A1PC9U058GVWEZ,6,4,0.6666666666666666,0.48642787524366476,1
A1PCB1OKROMMF7,5,1,0.8,0.85829220439934,0
A1PCD4CHCQ651P,6,2,0.8333333333333334,0.843982497400236,0
A1PCFKDROADZCG,5,3,0.6,0.41517392619479726,0
A1PD3DMGB9WHVK,5,2,1.0,0.696778868630201,0
A1PDLQY5LD6JAS,5,1,0.4,0.8016804501340584,0
A1PDPM6IKTU07N,5,1,0.4,0.7629870129870129,0
A1PDUCOTPTYKWQ,5,2,0.8,0.4797570493263265,0
A1PDWS1XQPCK0Z,5,2,0.8,0.5003418803418803,0
A1PDY5CI5LSZZ1,5,1,0.8,0.7144224664224664,0
A1PE07FDHM05I7,6,3,0.5,0.7269912351591632,0
A1PEEY3IFLCYOH,12,1,0.4166666666666667,0.8523043849189859,0
A1PEIJ9WCRNZNV,5,3,1.0,0.5900741103138364,0
A1PEXTGNF36I1Q,43,7,0.9302325581395349,0.5783838154238916,0
A1PF6RVN0MQX97,7,3,0.8571428571428571,0.6341714736876026,0
A1PFG03IJCKUI3,7,1,0.2857142857142857,0.6616049114679227,0
A1PFIWSHINP0RJ,7,3,0.8571428571428571,0.5470980086012069,0
A1PFJ1V2ILANRD,6,3,1.0,0.6150417215634607,0
A1PFT6E80P9UF9,6,2,1.0,0.9043398948299132,0
A1PG435Y5N274B,5,2,0.8,1.2304804084804086,0
A1PGJREXF20KEE,7,4,1.0,1.0203307576328684,0
A1PGUHJ9ZN499P,12,2,0.3333333333333333,0.6641022566942062,0
A1PHD1SQ704SRN,5,2,0.4,1.2760019518542616,0
A1PHMM06DZNBYN,9,3,0.5555555555555556,1.0466207377126917,0
A1PHP9P1HJG6O7,9,2,0.6666666666666666,0.9988000303789778,0
A1PHXN4RPR6QCH,6,2,0.8333333333333334,1.7402046914242035,0
A1PHYBERTXK2P9,14,2,0.7142857142857143,0.7998139089193638,0
A1PI0Q7UJTLWE2,5,3,0.4,1.165970778008852,0
A1PI5Z0SL73HP0,5,3,1.0,0.4380202077409255,0
A1PI8VBCXXSGC7,44,2,0.2727272727272727,0.5308784489213328,0
A1PIMVPZAD6X4V,25,7,0.8,0.5804362377852259,0
A1PIOSWLZMILUZ,7,2,0.8571428571428571,1.6742620083137325,0
A1PIQRL986PG8R,7,4,0.42857142857142855,0.3379416970549976,0
A1PJ6XCHGZLZWO,5,3,1.0,0.3876249087568274,0
A1PJNEHUONN0PN,7,3,0.8571428571428571,0.5519375361480625,0
A1PJPEKAZWRU62,10,4,0.9,0.3931856478671475,1
A1PKC189XN1Q8,12,7,0.6666666666666666,1.1876092367330215,0
A1PKRB6ZO53CRL,7,2,1.0,0.6990535537958878,0
A1PL1LD41AZAHF,6,1,0.5,1.1290650368369042,0
A1PL52Z3VDUSHI,9,2,0.6666666666666666,0.6904500408201587,0
A1PL5OZYPCEOH0,11,3,0.8181818181818182,0.8256496517022834,0
A1PL7QILVQV3IF,53,2,0.2830188679245283,0.5475444020020928,0
A1PLEZQ8IRBGRC,17,3,0.7647058823529411,0.5402111374312157,0
A1PLSNRNVDK504,7,7,0.7142857142857143,0.837629227990908,1
A1PMMMOZ78306S,10,5,0.8,0.6660723435179956,0
A1PMO5IFFRHA7R,5,5,0.6,0.9017670482827276,1
A1PMT00DF5IIQQ,13,3,0.46153846153846156,0.7865997727762435,0
A1PMU36PVYIF3D,7,4,1.0,0.6692040452544655,0
A1PMV383GPQ7G2,5,1,1.0,0.8902853127733511,0
A1PN1SY3F4723D,5,1,0.8,0.8993888119264662,0
A1PNGYYWKTXKG3,5,2,0.8,0.44962951015806957,0
A1PNHHIYVH949D,5,2,1.0,0.47972045084559467,0
A1PNZLHBSHXDJJ,6,2,0.8333333333333334,0.4316763420343981,0
A1PO6PUEBDV6ME,5,2,0.8,0.756623084944253,0
A1PONF56DJJDR9,10,2,0.4,1.7583242258652096,0
A1PORN92IWDNBP,7,3,0.8571428571428571,0.4685714285714286,0
A1POS6SOHL1O7Y,13,4,0.8461538461538461,0.5513673086721378,0
A1POUDPTER903,7,3,0.5714285714285714,0.9711741474899369,0
A1PP3VGMONR8ZE,6,2,0.6666666666666666,0.9977724064536209,0
A1PP8FVNP036IN,5,3,1.0,0.5592700743011301,0
A1PP9T8BL0ZRQB,5,2,0.8,0.515925925925926,0
A1PPAB4AXMTQOC,5,1,0.8,1.3964488558036945,0
A1PPDBGCKM9AM0,15,1,0.5333333333333333,1.508627082402037,0
A1PPS91NLI7KEH,33,2,0.3939393939393939,0.8800004366850586,0
A1PPWI0UAW05V,6,1,0.6666666666666666,1.1148191785305188,0
A1PQ9S12V2WLLO,5,1,0.4,1.606707410236822,0
A1PROCMM897I24,9,2,0.4444444444444444,0.6889846230781139,0
A1PRPZ82QOREZU,5,2,0.2,0.9035164835164837,0
A1PRTTD5XS2G4D,6,1,0.8333333333333334,0.6986446636865843,0
A1PS0VXHSVSSA,5,3,1.0,0.9215811965811966,0
A1PSDTPK6E0MM6,8,2,0.375,1.2158240093049517,0
A1PT316HZQK19K,5,1,1.0,0.8694616977225674,0
A1PTAURI73JTIQ,7,3,0.5714285714285714,0.782063194258316,0
A1PTD0V4ZFWAQV,6,4,1.0,0.6220908068482642,0
A1PTMR44NB9DN8,5,3,0.8,1.108631772268136,0
A1PTPN5SY7C7SW,10,2,0.9,0.41663518299881935,0
A1PTQ2YYA5FRCV,5,3,1.0,0.8923665223665225,0
A1PTQV6KLHGH4D,6,3,0.6666666666666666,0.9166316526610645,0
A1PU35DRV1UG0N,5,2,0.8,0.5930054644808743,0
A1PU9GCX6AB40D,6,3,0.8333333333333334,0.3788820058850099,0
A1PUGP8IXD1BA9,5,1,1.0,0.6761819887429642,0
A1PUV4XTMT14L3,23,10,0.5652173913043478,0.6467326466442594,0
A1PVB6CEXP5M9S,7,2,0.5714285714285714,0.9883966727716726,0
A1PVBXEAH1B5V,5,2,0.2,0.4752119094117246,0
A1PVEZ4PEX3AA1,6,1,0.5,0.9954425204425202,0
A1PVQM7U9HUDZ0,14,5,0.7142857142857143,0.7305527384670312,0
A1PVX61PRPVX27,30,10,0.8666666666666667,0.6801520000798826,0
A1PW42Z2JRBXEI,6,1,0.5,0.9949123588829473,0
A1PWF5Y5OW4KNJ,7,4,0.7142857142857143,1.4775588158194455,0
A1PWWY0J1CQF8V,9,3,0.6666666666666666,0.5627632600634003,1
A1PXL47D0RZ110,9,2,1.0,1.0252964994652976,0
A1PXOVIVN166E4,7,2,1.0,0.961058495254389,0
A1PY7278VXKI8V,5,1,0.8,0.7101698345241987,0
A1PYFY92I3QXPG,13,4,0.8461538461538461,0.3920249670847203,1
A1PYSYYHHXATL7,6,3,0.5,0.7697338154370201,1
A1PZBHF3YHQXEI,19,2,0.631578947368421,0.5265336495515666,0
A1PZJB4VW943JH,6,1,0.5,0.7449494949494951,0
A1Q046K26Y2YUZ,8,6,1.0,0.5905113885323918,0
A1Q04WKYZE7FIN,5,1,0.8,0.48613445378151265,0
A1Q0YEDBBNRW89,7,3,0.8571428571428571,1.6024894258410154,0
A1Q13RXQTEQXJQ,6,3,0.6666666666666666,0.40705785779764136,0
A1Q19JB1PE2V5V,5,2,0.2,0.6974960081655752,0
A1Q1AB29V0T465,13,6,0.8461538461538461,0.6868197329098865,0
A1Q1MC4HSUUEXV,5,1,0.8,1.6902266922094509,0
A1Q1O4S1N2VCKI,6,3,0.8333333333333334,1.1441798941798942,0
A1Q1T0HG2LD57M,5,1,0.4,1.474035087719298,0
A1Q1T811N4IY3Z,20,2,0.4,0.667348000423433,0
A1Q28XM7QN3WXE,5,2,0.4,0.47556455240665774,0
A1Q2QTKIWDA2K3,6,1,0.8333333333333334,0.766170634920635,0
A1Q3T04ED65WDS,19,7,0.7894736842105263,0.9869064491588783,0
A1Q4DJKNW73AIZ,26,5,0.8846153846153846,0.5933335165422503,0
A1Q4DVABELGRQO,14,4,0.8571428571428571,0.8274756309158485,0
A1Q4EJDS04Z4MW,6,1,0.3333333333333333,0.3887224345557678,0
A1Q4FFIDD52VF2,5,1,1.0,0.488905912040375,0
A1Q4IFHR5KVI5O,7,2,1.0,0.702507485981187,0
A1Q4JJBFCFZURG,15,2,0.2,1.2819673078957723,0
A1Q4L0XYNFRDGN,5,4,0.8,0.9998571428571428,0
A1Q4M7TN3SYSX3,10,1,0.6,1.5718073102433099,0
A1Q5ILYUGIB6XP,8,3,0.375,1.2071750566203443,1
A1Q5P5ML3176C0,29,3,0.3793103448275862,0.7878586077775258,0
A1Q5X9IDWPVWY4,8,3,0.5,0.5654748499896237,0
A1Q610AIYKYS5Y,5,1,0.4,1.3699665352767179,0
A1Q6BOVHAOZ04E,5,1,0.8,0.4085714285714288,0
A1Q6F8ZL4P3IUD,6,2,0.16666666666666666,1.5329121042356337,0
A1Q6HSJPU0TUKD,6,6,1.0,0.3703270971123553,0
A1Q6O7G75XDOXV,6,1,0.6666666666666666,0.7515151515151516,0
A1Q6WLQMN5BRU6,6,4,0.6666666666666666,0.7447564127872038,0
A1Q7F2Z2R0554X,12,4,0.8333333333333334,0.6959875953748504,0
A1Q7XHSJ9F76I6,6,1,0.5,0.9673171655930277,0
A1Q8DFCM7Z7OUB,5,1,0.2,2.031608980295313,0
A1Q8RN1CVD9NWK,5,2,0.8,1.8419291819291819,0
A1Q8X8N9VZ4Q7B,8,2,0.75,1.1828703703703705,0
A1Q9FYDCBRV1ZF,5,2,0.2,1.1484044526901669,0
A1QA8NCXCJ0CVK,7,3,0.5714285714285714,0.35572384798075063,0
A1QAG86HQ12F7R,8,2,0.5,1.2657338132881613,0
A1QAOW1XNQSOU1,5,2,1.0,0.5893275408635441,0
A1QB6HPF3CNIOQ,5,2,1.0,0.43716341797737124,0
A1QB77Z9LKIERR,7,5,1.0,0.36972635207929333,0
A1QBA7K3TPPEGV,19,14,0.6842105263157895,0.7648056034509136,0
A1QBCRNXN1CIBV,5,2,0.8,0.47617338801549314,0
A1QBD8ROX93T4H,5,2,0.2,0.869702164016714,0
A1QBEIP8CVP8FG,9,5,0.8888888888888888,1.3019281596867802,1
A1QBR2TFSBFLND,6,3,0.6666666666666666,1.7874665971888195,0
A1QBRFSTAIPMQV,7,2,0.5714285714285714,1.0010359056492473,0
A1QBSI28Z76980,6,3,0.6666666666666666,0.7676797323566986,0
A1QC5M1SBZ7ZQS,7,2,0.5714285714285714,0.4645548654244305,0
A1QCGY3BVYRX21,6,4,0.5,0.9966866049672926,0
A1QCJY8S5CR811,7,2,0.7142857142857143,1.0369107477359474,0
A1QCZQTJNK3MU,17,3,0.7058823529411765,0.8873055350522061,0
A1QE5F72CKM9QG,7,3,0.7142857142857143,0.3808339136070228,0
A1QE7RSYV3R7CV,6,1,0.3333333333333333,0.7218294463342154,0
A1QEIN7ZPVI32X,6,1,0.3333333333333333,0.6175513153266212,1
A1QFBZVNDVAU7V,5,1,0.4,0.5166507573281027,0
A1QFP8Y7G647BN,5,2,0.6,0.8054458626632007,0
A1QGJ54ZBUW7W7,6,4,0.5,0.43138528138528137,0
A1QGMIQD8ZYDS8,9,3,0.6666666666666666,0.6931436235764029,0
A1QH4Q9BATACFS,7,2,0.7142857142857143,0.9493156199677939,0
A1QHJJSS7YNUYW,12,4,0.75,0.8878544678076299,0
A1QHRQC1AUF4HE,9,3,1.0,0.6953289470506115,0
A1QHV41HEZE6QB,7,3,0.8571428571428571,0.4173953949961288,0
A1QI6UXJDNTXG5,5,3,0.8,0.9306515518379925,0
A1QIPSHOVUJ5DO,8,4,0.625,0.6426400638023445,0
A1QIV0BGQN42WX,5,2,1.0,2.2849813200498135,0
A1QJ0UMSIE1MCP,18,9,0.7222222222222222,0.5024630226893064,0
A1QJ9TYXP7ZGVJ,5,3,0.6,0.5151433069854121,0
A1QJJU33VNC4S7,26,3,0.5384615384615384,1.087995618583854,0
A1QJNWPVZ7QTV3,9,4,0.6666666666666666,0.9864067849361968,0
A1QK0XCAPHIW1L,9,1,0.5555555555555556,0.6295829442888267,0
A1QK1NKI7B27MR,7,5,0.8571428571428571,0.5923575791697233,0
A1QLBA4P5QGTTC,5,3,0.4,0.8235530356721001,0
A1QLJ37OM0C0EJ,5,2,0.4,1.358308270676692,0
A1QLMK517SKM6,8,1,0.875,2.634761341089466,0
A1QLVD4LID4D6B,5,4,1.0,0.5283472995801763,0
A1QM3DJC5D8NIT,16,5,0.75,0.5136729578156356,0
A1QMG4BJ9E5EW7,6,6,1.0,0.7200940860215054,0
A1QMWYDHK9PGL2,5,2,0.2,0.6128760128760129,0
A1QMX7TOIQXGI7,5,1,0.6,0.48708080435944867,0
A1QO2PXMYR267Z,7,4,0.7142857142857143,0.5659087301452969,0
A1QORNTKP1DRLJ,7,2,0.7142857142857143,1.384766465108449,0
A1QOROHR28TVEK,5,5,1.0,0.811038961038961,0
A1QPELYK6WOKAN,8,1,0.75,1.8193509615384615,0
A1QPMI8P4HYNYB,5,2,0.0,0.8877750313189529,0
A1QPZCVXMCIJQJ,20,10,0.95,0.5443237170180488,0
A1QQDHM5YMLQ8Z,22,2,0.8181818181818182,0.5825299043602574,0
A1QQVV5VG0FG4W,7,2,0.7142857142857143,0.7085396641787619,0
A1QRCT3RZH3T6P,5,3,0.6,0.8354882154882155,0
A1QREIKSLENQFK,7,3,0.5714285714285714,0.6419139870400377,0
A1QRR06UY3LI9G,14,4,0.42857142857142855,0.7576333913518788,0
A1QRX5UKALWBXM,8,5,0.875,1.0354617604617604,0
A1QRY1FPUW7DKU,23,6,1.0,0.8559325435987815,0
A1QS0AS9FQLZHV,5,2,0.8,0.2756972923983234,0
A1QSKWQM8KXJBH,5,2,0.8,0.8544692317426291,0
A1QSMN2PHSXGGS,7,2,0.7142857142857143,0.638143338143338,0
A1QSS9BLNW3RQ4,8,3,0.5,0.729148769913289,0
A1QT6PHXDA5XDF,17,4,0.7647058823529411,0.6288242125523146,2
A1QTFBA3GP3N38,6,1,1.0,0.7354209252428507,0
A1QTXDVUDSAMG2,5,2,1.0,0.8161194653299917,0
A1QU2RHE9D31HN,5,2,0.2,1.074036704541443,0
A1QUJ665DPVVW5,6,2,0.5,1.6119379695773925,0
A1QUPCI87IR9GH,6,3,0.3333333333333333,1.8170784666067685,0
A1QUXY27KPTVGV,5,2,0.6,0.520868451775694,0
A1QV19AQ80YTU2,6,1,0.8333333333333334,1.3439393939393938,0
A1QV397S7OWM97,6,5,1.0,1.2996954191033139,0
A1QVRNIHML839B,7,2,0.5714285714285714,0.8700563309509483,0
A1QW0WFCTLSTI5,6,3,0.6666666666666666,0.5696170758181713,0
A1QW3EKVYMIJSC,6,3,0.6666666666666666,0.29089912280701763,0
A1QXBKNTVF2BNV,8,3,1.0,0.9333284418030181,0
A1QXE4L1I27TJ1,5,1,0.4,1.4547397563676632,0
A1QXUQZP4XTI5X,5,2,0.4,2.2419884681315256,0
A1QYTCXVMPWA2E,7,3,0.5714285714285714,0.6164173744031773,0
A1QZ2Q2QM95DPZ,7,3,0.5714285714285714,0.5462430426716142,0
A1QZGBYGAJNM1O,6,1,1.0,0.8886368444841946,0
A1QZMP1VUZ9PWP,6,2,0.8333333333333334,0.5317734061527508,0
A1QZQ5J5CAKQV9,5,3,1.0,0.5370096196945144,0
A1QZS9T3HHFM7N,8,2,0.875,0.9420618084966677,0
A1R0PBOIOOIPZK,17,5,0.7647058823529411,0.7105611423310619,0
A1R0V0TRSQPAJ8,5,5,1.0,0.3701341352300872,0
A1R0XKFGJ8QXQ0,5,3,1.0,1.3664364639651698,0
A1R0Z1BJGWRH8E,5,2,1.0,1.54462685140946,0
A1R14U3RQL533P,8,2,0.625,0.4101190479945584,0
A1R1BFJCMWX0Y3,17,6,0.11764705882352941,0.8161426295617472,0
A1R1QORUAJRFXL,8,2,0.75,1.2239461175219688,0
A1R25OC51QOOJ,7,3,0.8571428571428571,1.4610743040903493,0
A1R31H63YK40JT,6,6,0.6666666666666666,0.9300222172523895,0
A1R3DO060J45BP,5,1,1.0,0.6665299145299146,0
A1R3TD4V10Z77B,5,2,0.4,0.9084665661136249,0
A1R408ENMIXRY2,5,1,0.8,0.36760837183788003,0
A1R4BL5MYUDNDJ,10,1,0.7,1.0059759770722354,0
A1R4CU381V02EK,5,2,1.0,0.4719851452194934,0
A1R4O873TEUFJJ,8,1,1.0,0.6944059181559181,0
A1R55MDN43HRP,5,1,0.4,1.2633333333333332,0
A1R5UPSOH21D3D,9,2,0.8888888888888888,1.028515600929394,0
A1R64C6HME7LON,8,2,0.75,0.7494293616656147,0
A1R66S597VX4SG,5,3,1.0,0.5324692387904066,0
A1R6B18B5J4SNF,5,1,0.6,1.656331896739367,0
A1R6S377HMO6W8,6,2,0.6666666666666666,0.5724257063387499,0
A1R6WU1K1RA2N7,8,1,0.625,0.629429945054945,0
A1R76R4E6A8S3B,42,3,0.42857142857142855,0.6892865402688603,0
A1R77V4Q207OHD,7,3,0.7142857142857143,0.8218033219068512,0
A1R7BYAO9335Q4,7,3,0.8571428571428571,0.6445354345561312,0
A1R7EED1HTJDRK,5,2,0.2,0.8652037545787545,0
A1R87GD4CLPKTK,6,4,0.3333333333333333,0.8852147809910367,0
A1R8L0J3V9CEID,10,5,0.4,0.8113778905622879,0
A1R8TL0ECQA6VL,13,2,0.6923076923076923,1.122764921651889,0
A1R8UXORUTIU8T,5,1,0.6,2.343729602184717,0
A1R9EBQ99UDRN3,5,3,0.8,1.0450233426704014,0
A1R9I5AXTFRPR8,5,3,0.6,0.521505376344086,0
A1R9LG0GHISRBI,5,5,0.4,0.21569416498993982,0
A1RAR1QGKI0OOE,5,2,0.0,0.8827922077922079,0
A1RAUODX6OQHT0,7,3,0.7142857142857143,0.6666459746291679,0
A1RB0ICCZNWXEE,10,3,0.9,1.133943032674804,0
A1RB18TJUB3DJ9,7,4,1.0,0.6915888166261835,0
A1RB56PYJOPIJ0,5,5,0.8,1.08620818815331,0
A1RB8GE2E1ZQWN,19,3,0.9473684210526315,1.001506253769516,0
A1RBEYAMTN4R64,14,3,0.9285714285714286,0.7609686435239053,1
A1RBISP0AY63M7,5,1,0.6,0.5256667103298315,0
A1RBOBZ6U05L91,5,4,0.8,0.6258730158730158,0
A1RBOK8YMMLVPS,5,2,1.0,1.0493318838610317,0
A1RBXYRF80FZJS,5,2,0.4,0.5137632482460067,0
A1RBYHHHEX5XJK,6,3,0.8333333333333334,0.5887942406484605,0
A1RC57T5JNV2WP,6,2,0.8333333333333334,0.4439789852528537,0
A1RCA8ABMAQ9V3,8,2,0.375,0.7876340145361884,0
A1RCBHE3VVBSC,6,1,1.0,1.3955026455026456,0
A1RCKRU9TJ43PG,10,2,0.6,0.4614408800234783,0
A1RCP4UEHLV7KE,9,4,1.0,0.5824984259943609,0
A1RCZYX8DZ0K1M,6,3,0.3333333333333333,2.1304993870586073,0
A1RD39D6JE015B,6,2,0.3333333333333333,1.694839474251239,0
A1RD92E1E0DXDY,6,1,0.6666666666666666,1.0916446208112875,0
A1RDSHFDEICDTR,12,5,0.8333333333333334,1.0351488677877565,0
A1RDTQKLDCR3CX,11,2,1.0,0.6843886433559656,0
A1RE77USFVUC4D,8,1,0.625,0.5035341700782876,0
A1REY6YZXI4YNF,5,4,1.0,0.5966528008332521,0
A1REZUQZMJUFW2,6,3,0.8333333333333334,0.6571296545402007,0
A1RF9YK4BK5TRH,15,2,0.13333333333333333,0.742962240948352,0
A1RFGSDT6F0J9D,6,2,1.0,0.6458147355578457,0
A1RFMNYNIFW3ZV,5,2,0.8,1.3104517704517704,0
A1RFOGZ9GYWJK8,5,2,0.6,0.6815423434554864,0
A1RFQVHBKVN4TA,14,1,0.14285714285714285,0.46953214624690925,0
A1RFW9IZNK4A55,5,2,0.4,0.45492903806027146,0
A1RFWUCNE7NTWU,5,3,0.6,0.8171507962452716,0
A1RFYCAU6YXAUM,5,4,0.8,0.7668891293891296,0
A1RGK6Q5WUZUBA,20,3,0.8,0.5644511704201627,0
A1RHJX6OA0O9KQ,7,2,0.5714285714285714,0.839711078939585,0
A1RHP5S8Z69AYN,7,1,1.0,1.018356789409421,0
A1RHPI2BN0QPEW,8,5,1.0,0.43103146853146856,0
A1RI10H2OWV8ZJ,5,1,0.4,0.34944394408856566,0
A1RIMMLJ4XK8C3,5,2,1.0,0.6682476943346509,0
A1RIQSGEWB2Q4F,5,3,1.0,1.2355087505087508,0
A1RJL1EWUQG92L,7,3,0.7142857142857143,0.3629158015293231,0
A1RJUXDK64O91A,9,1,0.4444444444444444,0.8719296135962805,0
A1RK51PI9UESR0,17,4,0.7647058823529411,0.41489777744773115,0
A1RKACXM2SF8OT,6,2,0.8333333333333334,0.5694876111542778,0
A1RKGC5CRTFPI1,5,4,0.8,0.5530701754385966,1
A1RKNHDN0FGIK9,7,2,0.7142857142857143,1.7464630762115216,0
A1RKX9ROHOVP5F,11,2,0.5454545454545454,0.7141731127897137,0
A1RLWLTDC4B0LL,12,2,0.9166666666666666,0.803965137553614,0
A1RM27WKIWB4CF,10,3,0.8,0.6257562194838409,0
A1RMC1DFB2QG9Q,6,5,0.8333333333333334,0.8117179679679679,0
A1RMHZZRK8QLO5,5,4,1.0,0.43413093289689036,0
A1RMOREQJ8KNWW,5,4,0.2,0.9782076619033141,0
A1RMSQIE5CPV1C,10,2,1.0,0.6532205418493154,0
A1RNND2QKFLKK4,12,2,0.4166666666666667,0.6817177315891899,0
A1RNO5YVINF9H,9,3,1.0,0.5051281071491525,0
A1RO76WBFX9XRJ,9,1,0.3333333333333333,0.7538130946878999,0
A1RP3MWWTFQJB9,7,7,1.0,0.5016516512272751,0
A1RPHU8EM97574,5,2,0.8,0.452170868347339,0
A1RPJD08T1QWE6,5,1,0.4,0.5458632899563971,0
A1RPQOVNYZXN0,5,1,0.6,1.543030303030303,0
A1RQPAAU6Q65XR,19,4,0.6842105263157895,0.6382614936561831,0
A1RR2AU0DQVIY1,7,3,0.5714285714285714,0.8106784819190834,0
A1RRL0080TNFKF,5,2,0.6,0.5400458888136612,0
A1RS06313BL6WN,12,6,0.4166666666666667,0.9206773984787461,0
A1RSBCFGLKBQZ1,5,1,0.2,0.9824675324675326,0
A1RSMKD7UBUC9S,9,3,1.0,0.8633450911228687,0
A1RSVNW6JMFOKZ,5,4,0.2,0.4856410256410258,0
A1RT7RJJVEN222,9,5,0.8888888888888888,1.1361440491875274,0
A1RTJSC27DVJ5B,5,1,0.8,0.37244997705827193,0
A1RTMLYSYMTAQS,5,5,1.0,0.6578241054375209,0
A1RV37VUW6IAZ5,14,5,0.42857142857142855,0.5079363823350107,0
A1RV8W638VD3AA,5,5,1.0,1.078575851393189,0
A1RV9EQV3OS8HT,6,2,0.8333333333333334,0.556950354609929,0
A1RV9KE6KS1548,6,2,0.16666666666666666,0.48373254319649006,0
A1RVA6CTXUZJHT,11,4,0.9090909090909091,0.3771775919768251,0
A1RVD8YEZJF89,8,3,0.875,0.380743595331696,0
A1RVLKZ8A642Q6,7,3,0.5714285714285714,0.6018489176208786,0
A1RVT44SHQV8EC,6,2,0.5,2.2646405902147024,0
A1RW7UXXTO4W3Y,7,7,0.7142857142857143,0.5626134278410706,0
A1RW9VOIVJKOGZ,7,4,0.5714285714285714,1.0227062719027005,0
A1RWBM4AKQFRQK,5,2,0.6,1.5613884651878573,0
A1RWC3ZQZJCGCZ,6,2,0.6666666666666666,1.1020206243032329,0
A1RWHQCLGP7MJJ,6,2,0.8333333333333334,0.5823655983815375,0
A1RWJCEU5SRSKT,5,2,0.6,0.3643409045078738,0
A1RWZ0TCWGEJ4K,5,1,0.8,0.5975206611570248,0
A1RXDEBEBBP71B,6,2,0.6666666666666666,0.43083089668615987,0
A1RXL37TVMSVWQ,5,2,0.8,1.484150268336315,0
A1RY0O29LOP1B8,10,6,0.9,0.8790975151292868,0
A1RY9W1T195EN1,15,2,0.8,1.9958491011687942,0
A1RYV7XPU1ZZQY,5,3,0.6,0.896058677978084,0
A1RZ77T1M1VTAG,11,8,0.9090909090909091,1.0407198513336622,0
A1RZV8KU0IXPH4,6,2,0.6666666666666666,0.5312271320011258,0
A1S011SMHQ4Y1G,10,1,0.9,0.738151873121365,1
A1S0HTDO0P4N5V,13,5,0.8461538461538461,0.6827193723954859,0
A1S1A8DKIFOJLU,9,1,0.4444444444444444,0.6159097391220604,0
A1S1BJFTA644TU,17,3,0.6470588235294118,0.9317609541250794,0
A1S23W54L14A6F,10,2,0.5,0.648078360365421,0
A1S26BEAN6QNFZ,7,4,1.0,0.670612795810788,0
A1S2D1Y5WQ6646,12,1,0.8333333333333334,1.0384265901482543,0
A1S2WVO945B40C,5,1,1.0,1.5073018585002234,1
A1S325M3126Y44,6,3,0.3333333333333333,0.5627100486659309,0
A1S3AVL0RVL25Q,5,3,0.4,0.5372238895558222,0
A1S3CS1P4MDX1Z,11,5,0.9090909090909091,0.5481635033462399,0
A1S3GKGRAA8EBH,5,1,0.8,0.859764705882353,0
A1S48ZOG75IK11,9,1,0.5555555555555556,0.6449526198200678,0
A1S4I8TUVQP6KS,8,3,0.875,0.8799700487200488,0
A1S4OCG8FKZNCJ,5,1,0.8,0.3814334568253065,0
A1S4UXQZBWJ12M,5,2,0.6,0.583028083028083,0
A1S502VSX6P0J,6,3,0.6666666666666666,1.3064278046162106,0
A1S5H5HMQSUU4K,6,3,0.6666666666666666,0.9782485601501327,0
A1S5SNUWS4P7W9,15,3,0.7333333333333333,1.1925083589392367,0
A1S66MZRHXVFP6,5,1,1.0,0.5461538461538462,0
A1S75KMO4C4G5H,6,2,0.3333333333333333,1.2404334554334555,0
A1S7GTUB9IWKQE,5,1,0.4,0.776450931249693,0
A1S7MDFOUTFR2F,5,5,0.8,0.5108146151542379,0
A1S7YQQGJPPFLG,26,2,0.7692307692307693,0.8114587725616803,0
A1S8EZO1SIMXXP,8,2,0.75,1.1217798435403306,0
A1S8FVNG0D97AM,5,2,0.8,2.693286278938453,0
A1S99OD30G9PBP,7,3,0.5714285714285714,0.5433960381752266,0
A1SA2SL7F3QZIR,7,4,0.8571428571428571,0.7161644535240043,0
A1SA4OZQO46430,8,1,0.625,1.2037130376344085,0
A1SAIGSGVHE4VS,7,2,0.7142857142857143,0.9838076118185748,0
A1SAKXYHPRNSA3,6,3,0.5,0.6985203699398074,0
A1SAPIX5B669DU,12,2,0.6666666666666666,0.6426148332265127,0
A1SB2D2GMXLBYW,15,5,1.0,0.6922645434242073,0
A1SBF4LUPOHJLQ,7,3,0.8571428571428571,0.6002860963010946,0
A1SBGBEY98U08,8,4,0.5,0.7432614164086687,0
A1SC08CZO53RV3,5,2,0.4,1.2792147728541365,0
A1SC1O4D4RGYUK,8,2,0.625,0.5292473198976277,0
A1SCDTGVERBUDC,5,4,1.0,0.3684112241387785,0
A1SCP1U2QNKH8H,6,2,0.8333333333333334,0.7236333927510397,0
A1SCSDOPGFKT22,6,4,0.16666666666666666,1.097744127968532,0
A1SCUWH7N68KNC,7,1,1.0,0.46719860539736324,0
A1SCY185GQ341U,6,2,0.8333333333333334,0.5181904592674044,0
A1SCYD9N2ZBXJ8,6,4,0.5,0.4836021969174144,0
A1SD1C8XK3Z3V1,24,2,0.75,0.4588978447792394,0
A1SDB7VEVJ99U8,6,5,0.5,1.0372643454695416,0
A1SDH3R8G6EC6X,5,2,0.8,2.052212885154062,0
A1SDJWU28LDH13,6,2,1.0,0.9996567085953879,0
A1SDUICD94KYM,5,5,0.8,0.6868487394957982,0
A1SDVYEZASCELK,13,2,0.5384615384615384,1.6506211629040473,0
A1SELTWFSOHSJV,9,5,0.7777777777777778,0.5091957416913999,1
A1SF26C4EOMWP3,6,1,1.0,0.5066997675433659,0
A1SF58G37A090H,9,4,0.4444444444444444,0.6607691372059188,0
A1SF5WD1NQEODW,5,2,0.4,0.6104610911863881,0
A1SFMKZZ9M5521,11,3,0.9090909090909091,0.7971305462214553,0
A1SGG1HIYSHUQK,5,1,0.4,0.9655507731547903,0
A1SGMPECIVAMD7,17,5,0.5294117647058824,1.019529858006744,0
A1SGSAAW4V56UP,5,3,0.6,1.358309657821853,0
A1SH0EF5ANSCXS,5,1,0.8,0.6126050420168067,0
A1SHHQSPOWR00F,45,3,0.5111111111111111,1.1707551667615885,0
A1SHTJBBFWOYA1,6,3,0.16666666666666666,0.6987889836443785,0
A1SHZ5OQ91VH1Y,5,2,0.4,1.196113769271664,0
A1SI2OMTENFC9A,22,5,0.9545454545454546,0.6539823792146031,0
A1SIA07X88TTL6,15,4,0.8666666666666667,0.9591407080720494,0
A1SICU9QJA2SDG,5,5,1.0,0.5554679802955664,0
A1SIKDYOU99MIF,11,3,0.36363636363636365,0.9417643702845343,0
A1SJCQKVGSHTZ4,24,11,0.75,0.5166050349901993,0
A1SJETUKS01NYJ,5,2,1.0,0.4404273504273505,0
A1SJSRATTW3T6B,5,4,0.6,0.9208602150537635,0
A1SKD6IDL1VZQI,5,3,0.6,0.798925097890615,0
A1SKJK2IISNRO2,11,1,0.45454545454545453,0.6510352431771387,0
A1SKOHV15X5CK8,6,3,0.6666666666666666,0.48079390254648,0
A1SKOP77DH7TEP,8,4,1.0,0.5255591299019609,0
A1SKUPJSY3IJ0T,12,3,0.8333333333333334,0.7494997329002202,0
A1SKYUU9V73CW3,7,7,0.8571428571428571,0.8729605561107593,0
A1SLC39TGY8RBT,15,5,0.5333333333333333,0.6088040463324883,0
A1SLHNA3FV9U9E,6,3,0.6666666666666666,0.4199896962151864,0
A1SLICKSVFIU4M,7,5,0.5714285714285714,0.8322904986170292,0
A1SLKZGZH0VHFO,9,7,0.2222222222222222,1.3067887178559083,0
A1SLMPAMJI49FL,7,1,0.7142857142857143,0.5307826424518177,0
A1SM90X6OSTA8W,9,5,0.8888888888888888,0.47236752661488945,0
A1SM9GRJK4B65L,10,2,0.7,0.9767574857740298,0
A1SMCK2S79NKIF,5,4,1.0,1.2834847832772631,0
A1SMD64UCU1OY2,5,1,0.4,1.7589400357608198,0
A1SMPBX582OIDY,5,2,0.8,0.8270695970695972,0
A1SNZZZ8ZY07WN,8,4,0.875,0.6499348156466163,0
A1SO3LZXL9GVBC,5,3,1.0,0.9513015873015872,0
A1SO4G0U47Q83F,9,2,0.7777777777777778,2.5335368335368336,0
A1SOQW6MFE9O1A,8,5,0.25,1.0353535353535355,0
A1SPERUU1MVQK1,11,4,0.2727272727272727,1.2382119121828714,0
A1SPGBQ7MX0HFZ,7,2,0.42857142857142855,0.9004428594180148,0
A1SQLBLXQDI4B7,12,2,0.8333333333333334,0.8190248129903303,0
A1SR873BZDIOLZ,5,2,1.0,0.46723134924598,0
A1SRKWVF4K6ZQF,5,2,0.8,1.5096112412177987,0
A1SRTOVOHOU1J8,10,3,0.8,0.5421043591565979,0
A1SRTWC08CHG0E,5,2,0.4,0.4480112044817927,0
A1SSCWRT2E0PRQ,9,2,0.6666666666666666,0.4564664502164502,0
A1SSW124T96VT0,5,5,0.8,0.7151570048309178,0
A1ST4BCVP6WS2Q,8,2,0.875,0.3941737782023621,0
A1ST559ER8YUO2,10,10,0.5,0.6561805555555557,0
A1ST94P7R4IM4L,7,1,0.8571428571428571,2.226767958141111,0
A1ST9K7U4R5Q3W,5,2,0.8,1.4425033708557735,0
A1STP00W7NWUHN,6,2,1.0,0.825374097007224,0
A1SU1BT2N4LDW3,9,1,0.6666666666666666,0.6651350598719019,0
A1SUK3BH6SXNUS,6,2,0.8333333333333334,0.6114654526745714,0
A1SV61Y1360AR4,10,2,0.4,0.943875552308388,0
A1SVPW2AU28V7M,8,5,0.75,0.9454268292682928,0
A1SVR3SMOQGBGF,11,2,0.8181818181818182,1.0159163059163059,0
A1SVXVPD2G8N1W,5,2,0.6,0.8342754736303124,0
A1SVXVV7QM5UWN,8,2,0.25,1.4908667660736477,0
A1SW7P73Z8BUUJ,6,1,0.8333333333333334,0.6486639492753623,0
A1SWZ3FY9P90PX,6,4,0.5,0.4283769063180826,0
A1SXCGBJ9JW2MO,34,2,0.7058823529411765,0.5533058615034951,1
A1SXO130ZKS2BZ,11,2,0.18181818181818182,0.9422786797292727,0
A1SY19280J90JS,6,1,0.6666666666666666,0.23209422657952072,0
A1SYD5RU6MQ5VY,7,3,0.7142857142857143,0.7879600558171987,0
A1SYGYTU75TW5K,5,2,1.0,0.6143750451818116,0
A1SYOISN55GO8Z,6,2,0.6666666666666666,0.6019137604503458,0
A1SYW5K9HYSCOL,6,6,0.8333333333333334,0.48525169844701926,0
A1SZJC7I20X82N,12,4,0.9166666666666666,0.5732158109691244,0
A1SZY7V4NBCS6K,5,2,0.6,0.9887909265064436,0
A1SZZA2GBYHJVU,5,2,0.6,0.33706322120709525,0
A1T06CLHO7E4WZ,5,1,0.2,1.0047395002658164,0
A1T15FCAQA1KMT,7,3,0.5714285714285714,0.4183355728879455,0
A1T17BYSWE5QBE,11,4,0.9090909090909091,0.7128298663491389,0
A1T1LULAGIRCUC,6,1,0.8333333333333334,1.4313492063492064,0
A1T1YSCDW0PD25,148,3,0.7297297297297297,0.6031229647843764,1
A1T20EJ6LEFZI7,5,4,0.8,0.2653803245436107,0
A1T2K9ALTDLDGD,6,1,0.6666666666666666,0.5540647790647792,0
A1T33RGNQ83IGJ,11,7,0.8181818181818182,0.5427670529674745,0
A1T3ABYJNZZN7C,17,7,0.9411764705882353,0.9819572622221562,0
A1T3D23WBJ9IQK,11,2,0.45454545454545453,1.0967829376160312,0
A1T3DDSBEJJRSH,5,1,0.8,1.618186148217108,0
A1T3IFYJ59UFOQ,6,5,0.8333333333333334,0.6032905916908774,0
A1T3M4IGWY9ZV9,5,2,1.0,0.8888069334316796,0
A1T3MG8GMEBAEX,6,1,0.8333333333333334,0.7071180555555555,0
A1T3NN4ZF0JKAW,6,2,0.8333333333333334,0.7966514459665145,0
A1T3WJF3AJ9GQB,8,5,1.0,0.4360431235431236,0
A1T41HM2YKN5HF,8,1,0.5,0.770855614973262,0
A1T4ELFXY5V1RW,7,3,1.0,0.8258224244843422,0
A1T4JDHJUQPLJE,10,6,0.9,0.8161830338095284,0
A1T4NU4MBTUPFE,5,2,0.6,1.0401927437641725,0
A1T4SP880XEFB3,8,2,0.625,0.7837260074071356,0
A1T53Q61OYHPUD,5,2,1.0,0.912523910198329,0
A1T5H7HNRWDUNL,17,3,0.8235294117647058,0.8700958365370531,0
A1T5TXYQF31GZM,6,2,0.16666666666666666,0.7918445539135194,0
A1T61QP7QHYBRQ,20,2,0.7,0.7895292360323702,0
A1T6KXZKJ8ZUWO,11,9,0.8181818181818182,0.7396457418269807,0
A1T6Y0DE7WYQY,7,1,0.42857142857142855,0.7147668148178354,0
A1T77BL9RV0XCT,5,2,0.8,0.4907447116777746,0
A1T79FO0PY17M9,7,2,0.5714285714285714,0.5172239300497903,0
A1T7I6ILKP2F5D,5,2,1.0,1.321220195611948,0
A1T7KGT7WN42M7,6,4,0.5,1.287660137965016,0
A1T7LLSBAHAMUJ,5,2,0.6,0.3603686635944701,0
A1T84ARPDK2U8E,7,2,0.7142857142857143,0.7117346514559928,0
A1T8A6OCVV0UYU,5,3,1.0,0.74395790200138,0
A1T8KV4XK2LJ,5,2,0.4,0.319695467930762,0
A1T8N18XKDLJO4,7,1,0.42857142857142855,0.704053262920258,1
A1T95DET8P22J8,17,5,0.4117647058823529,0.577244810988492,0
A1T97WY3T225C6,5,5,1.0,0.5116290726817042,0
A1T9E0H192HPKB,9,4,0.6666666666666666,0.8778927996319301,0
A1T9H7QRTDNI2U,5,1,0.8,0.36320401222113324,0
A1T9K80RA1XHDU,5,1,1.0,2.228613199665831,0
A1T9O0PQOXPZPR,6,2,0.5,0.5753205128205129,0
A1T9ZM5T73M1JM,5,3,1.0,0.8317267558312335,0
A1TA5CK1MGH7NW,7,3,0.7142857142857143,0.5284233104434665,0
A1TAARTDC411Q0,5,2,0.8,1.7028762541806022,0
A1TACVRTEDHN2S,6,4,0.3333333333333333,1.3583845366103429,0
A1TAFEUKHIFV6L,5,1,0.4,0.42380952380952375,0
A1TAI6IUT7APK6,5,2,0.2,0.8287948980889863,0
A1TAN8P8VCFPNA,5,1,1.0,0.6511977935382192,1
A1TAPKPG4FR4WV,9,5,0.8888888888888888,1.0805675805675807,0
A1TBH2PJAQHNGP,5,3,0.8,0.450782645235844,1
A1TBW57VBPWV45,5,1,1.0,0.7250674763832659,0
A1TC0F8RKPF82A,14,3,0.2857142857142857,0.7205958606397624,0
A1TC37XOMONIIN,7,6,0.8571428571428571,0.5725015418255215,0
A1TC6XBC3NVRFM,9,3,0.3333333333333333,0.4853275804407309,0
A1TCR7MHN5TX96,9,1,0.3333333333333333,0.5251324169565049,0
A1TCSUZUB3HTVQ,5,2,0.0,0.932106227106227,0
A1TCTKWZ1GCCTQ,5,1,0.8,1.1196747967479674,0
A1TE8UXFDVI7ZN,9,2,0.4444444444444444,0.7070027664230563,0
A1TEAHT7WNI2D9,11,2,0.09090909090909091,0.7735975427511573,0
A1TEEA7B4U8QGN,10,2,1.0,0.5008702824003781,0
A1TEKD2X0066DI,6,1,0.6666666666666666,1.1389917022830829,0
A1TF22LGTQQ8GM,5,2,0.6,0.43390804597701144,0
A1TF9EYT8FEPZP,12,5,0.9166666666666666,0.4713433283334599,0
A1TFMPA6378YY0,6,6,0.6666666666666666,0.761334541062802,0
A1TFPYSO382KJR,6,5,0.6666666666666666,0.8604661162710698,0
A1TFRKAW2W8XZO,6,4,0.5,0.3647712597346693,0
A1TFS18UUUKO1F,12,5,0.4166666666666667,0.41085326606316114,0
A1TFZ5DVVHHOFZ,9,4,0.7777777777777778,0.6662775174450903,0
A1TGX0Y0QN8YPS,6,3,0.5,1.474151931939824,0
A1TH6KGPO2COIP,9,2,0.7777777777777778,0.6477918297701495,0
A1THJB1ORM3U2I,6,3,0.8333333333333334,0.8885732323232324,0
A1THNW9Y672UWG,9,4,0.6666666666666666,0.5477352027817779,0
A1TIPSFMWIST03,9,2,0.6666666666666666,0.8184978768577496,0
A1TIPYYFJTHDJ6,5,4,1.0,0.4336708406682831,0
A1TIW9J8HR302S,8,4,0.375,0.7568387651176656,0
A1TJ57WHQTCNYQ,5,1,0.8,0.9166702605570531,0
A1TJ6BPW1TAYDA,5,3,0.8,0.8468438191292424,0
A1TJKC7UH0W3H4,6,1,0.8333333333333334,0.3556229744754334,0
A1TJPE10C8FPJD,5,3,0.8,0.42594670959240927,0
A1TJS7632T3SX3,5,1,0.8,1.590612777053455,0
A1TJT15JA43R1W,6,1,0.5,1.6635079895949463,0
A1TJT6GXDGNN8Q,13,1,0.8461538461538461,1.3855375872620026,0
A1TK678SMC6J5Q,5,5,0.6,0.60715206185567,0
A1TKNNKKLZ01Q4,5,2,0.6,1.0366809881847476,0
A1TKU9M7CMAG3C,5,2,1.0,0.6701835047388587,0
A1TLA3AD96MBWG,5,3,0.2,0.541561605162331,0
A1TLMISEC860C0,9,2,0.5555555555555556,0.6570855484287791,0
A1TM102EYLRTTF,15,8,0.7333333333333333,0.722811482333347,0
A1TM378MI185E2,6,2,0.8333333333333334,1.6003755503755503,0
A1TMN6UCC0XLZF,8,6,1.0,0.7210740993491287,0
A1TMX546DIO93G,11,3,0.8181818181818182,0.6105453685325544,0
A1TN0IKGK7FJPD,5,3,1.0,1.304176967240797,0
A1TN0SJKKV80VE,7,2,0.0,0.7262375354919672,0
A1TN2U7EKWC5TR,6,1,0.6666666666666666,1.4077273364158611,0
A1TN4KIE4F5LIH,9,5,0.6666666666666666,0.4701540817303091,0
A1TNC9YR61KOKB,8,2,1.0,0.746888121992664,0
A1TNG2A1GAG14B,20,3,0.45,1.310015878729114,0
A1TNNI3JHTTGOT,5,1,1.0,0.49022067363530775,0
A1TNNXIP6N9O0G,5,3,0.2,1.3264069264069263,0
A1TNWVXFX9T7EK,6,3,1.0,0.5052552329440202,0
A1TO40CL8VCE62,7,4,0.42857142857142855,0.5281420369566268,0
A1TO8H1QCHU1X1,11,2,0.8181818181818182,0.44570069853691424,0
A1TOF3UT2NZTY4,5,5,0.8,0.7586557518311073,0
A1TOOM881GSYXV,8,3,0.5,1.018371552479068,0
A1TOZEGXH7RIGJ,5,3,0.8,0.909897435897436,0
A1TPAUOIA5DRVE,8,5,1.0,0.579932984096743,0
A1TPL1YY9V6BJY,7,1,1.0,0.9203688430259321,0
A1TPONBHWOATH4,8,3,0.25,1.6489549100086003,0
A1TQF28D7SVOMG,10,5,0.9,0.7644333549985596,0
A1TQKVH09V3MP2,9,2,0.7777777777777778,0.7956184943113047,0
A1TRAUS9B2OD5R,6,6,0.5,0.7662415932556597,0
A1TSL0N2XQV7DJ,6,4,0.8333333333333334,0.24715099715099717,0
A1TSY64K46OIJM,5,1,0.4,0.7103939393939395,0
A1TT4CY55WLHAR,28,2,0.7857142857142857,1.414254363426937,0
A1TTT0IFLFASDI,6,3,0.6666666666666666,0.993898499161657,0
A1TU14E2BD9AXX,11,2,0.6363636363636364,0.797660104612453,0
A1TUC03JJKKA6O,5,2,1.0,0.7282887584257448,0
A1TUELESENI018,8,2,0.375,0.6578714586067528,0
A1TUT9SXRRDW8W,8,2,0.125,1.0952262084445994,0
A1TUWTSVS1F2RJ,7,2,0.8571428571428571,0.4086721249764728,0
A1TVBKG9FG38KH,5,3,0.2,1.467943409247757,0
A1TVN9TDO2TEM4,6,3,0.5,0.3344431322274653,0
A1TVTGV9DY6KE9,5,4,0.6,0.7870331219168427,0
A1TWH3KD5YJQHM,8,1,0.625,0.787796804099515,0
A1TWHSU2ONJ21V,6,4,0.6666666666666666,0.49272285054954995,0
A1TWIBR6MW6Q96,6,4,0.3333333333333333,0.753968253968254,0
A1TWV6DKAUUVDQ,20,6,0.9,0.8997559034376895,0
A1TX69VUR02QDG,5,1,0.8,1.4683927062799211,0
A1TXDYPEDNWXBT,5,3,0.2,1.643452380952381,0
A1TXEGO7534S83,13,2,0.8461538461538461,0.7914691708527279,1
A1TXJO4PMU8IER,7,2,0.7142857142857143,0.5605785926923278,0
A1TXRF98SLKL2O,15,3,0.4666666666666667,1.0793553630522201,0
A1TY3KN1CYPDWZ,18,6,0.5,0.9642391298695941,0
A1TYAP1E5TGJZX,5,1,0.4,1.5687191497027562,0
A1TZA48YEGATDV,11,7,0.9090909090909091,0.6337209834028411,0
A1TZBWQJ0VKRD4,6,6,1.0,0.8725748123465382,0
A1TZGFNVJEVFPV,12,7,0.8333333333333334,0.6680501224319159,0
A1U06CGNYBRJ7X,12,2,0.5833333333333334,1.041928023253628,0
A1U0QFWM1ONURK,6,2,1.0,1.0294657097288675,0
A1U0QKJ52MSS56,14,3,0.8571428571428571,0.8177507264906657,0
A1U0RDV9Z9GDY1,9,3,0.5555555555555556,0.42352941176470593,0
A1U0VQ6GGR0RJY,5,5,0.4,0.6530555555555555,0
A1U152BKK8H10,5,2,0.4,0.6718170270589627,0
A1U1ILJRYDF0T5,5,3,0.8,0.5619047619047619,0
A1U1JUPCXKBVKK,5,1,1.0,0.40101721439749627,0
A1U1K0XQ396C2X,5,5,0.6,0.7303162290557248,0
A1U23Q73GL76E3,5,3,1.0,0.5932583816892327,0
A1U263084H782R,5,3,1.0,0.5932422488446177,0
A1U26EX9AE6TUQ,6,1,0.8333333333333334,0.6654040404040403,0
A1U2FB0S51KPFR,5,2,1.0,1.079983473410294,0
A1U2KRGK9SLJ8X,5,2,1.0,0.895064182194617,0
A1U2PFAUJMRTGU,11,4,0.5454545454545454,0.975601479152342,0
A1U326F7V11W5D,17,3,0.7647058823529411,1.0156092547250288,0
A1U47KOTWBAZTD,7,2,1.0,0.5129204380097989,0
A1U499F641DAY1,6,3,0.6666666666666666,0.7833399350360056,0
A1U4JOYO4W6UYJ,7,3,0.7142857142857143,0.7785714285714285,0
A1U4R0NJECFG7X,5,4,0.8,1.2292714544983148,0
A1U4RR5TNMQHKD,7,2,1.0,0.47590532773459593,0
A1U4X501Z9SW3X,12,5,0.6666666666666666,1.1897457071780086,0
A1U4ZZDYM5D2NX,7,1,1.0,0.9005189444198732,0
A1U591ZWPT0YQU,10,5,0.8,1.0405104115891621,0
A1U5IJHJK84S54,46,3,0.5,1.2098588738646525,0
A1U5NDJL3HBISW,15,4,1.0,0.5494900434698463,0
A1U5PY7LUIQ7DB,12,7,0.4166666666666667,1.054037828185378,0
A1U60MGJRO7C94,5,1,0.4,1.4174760529911121,0
A1U6CZDWKXRMZ0,7,6,0.7142857142857143,0.9421930029286397,0
A1U6I3ZFAB3YT8,6,3,0.6666666666666666,0.6762152777777777,0
A1U6TOGYBU4BOO,6,2,0.6666666666666666,1.3450910200910202,0
A1U74I9FWDMGEW,11,5,0.6363636363636364,0.761550719096991,0
A1U7RNEQX9DLZV,11,2,0.45454545454545453,0.6517008353964875,0
A1U7ZCMKFKWILQ,10,2,0.5,0.6643922305764411,0
A1U8JBUAUYOMOG,5,3,1.0,0.9153102561467502,1
A1U8NNKIJSIP79,5,3,0.4,2.4233333333333333,0
A1U8PFCT170GVY,5,3,0.4,0.5139863720508884,0
A1U90MYVSLLFI1,20,4,0.55,0.7063943903101164,2
A1U916KM2D58UI,5,3,0.8,1.3973918813652233,0
A1U98SQTV60W8U,8,3,0.875,1.2851048211950031,0
A1U9LLC6S3RPHA,5,3,0.4,1.0631868131868134,0
A1U9UCFXFR47KM,13,2,0.6923076923076923,0.9025026444144092,0
A1U9VDV4ZB49GX,6,2,0.16666666666666666,1.2555972053569857,0
A1U9WYM88FHIJX,6,3,0.6666666666666666,0.560918710918711,0
A1U9Y4XH0D8LQ7,18,4,0.7777777777777778,0.6432629520151357,0
A1U9Z7ZDOGPETR,6,2,0.0,1.0083556462238088,0
A1UAAVYOEE3V63,13,5,0.9230769230769231,0.7866984372659952,0
A1UAKPJEXR5MV5,5,1,0.4,0.9888232031943212,0
A1UARTCWSYXHGG,10,4,0.8,1.116252922013162,0
A1UATUYO1LIDJC,8,1,0.5,1.168509133041865,0
A1UAUQ1VCCVMYI,5,2,1.0,0.8253623188405796,0
A1UB2F0D7YJSSC,5,1,0.6,0.7052522644646808,0
A1UB5QUDTHG1BX,6,2,0.8333333333333334,1.015386679715948,0
A1UBD97H6JF95G,6,2,0.5,1.8228715728715728,0
A1UBELZ83PFNW1,5,1,0.8,0.44462813620071684,0
A1UBGEWT8NF0QN,5,1,0.6,0.6943924182029564,0
A1UCQKJDNLE25V,6,4,0.5,0.7916666666666666,0
A1UD16TKZ8EMVV,7,2,1.0,0.8099537037037038,0
A1UDKNAO4HXJEE,7,4,0.8571428571428571,0.8431280919289262,0
A1UE5IY4M7II1Y,24,5,0.7083333333333334,0.7044640434333935,0
A1UEE2X9TH9EU,7,4,0.2857142857142857,0.8203126121174075,0
A1UEILMFX6GROB,10,3,0.9,0.7368894470069499,0
A1UEQ4RFJBMGYJ,42,6,0.42857142857142855,0.7364928228286131,0
A1UF096Q9F4Q0Y,5,1,0.4,0.41289044289044285,0
A1UF9CJ1YV6N7R,5,3,0.6,0.8871376811594202,0
A1UFVCXS7GX449,11,5,0.36363636363636365,0.6899040481125231,1
A1UG3H4PRVTNGN,6,5,0.8333333333333334,0.7848418624643264,0
A1UGR1DJ6HI6W9,5,3,1.0,0.2087719298245613,0
A1UH7WYR1N9Q48,7,2,0.8571428571428571,1.3873117626497238,0
A1UH86IOGSZ0V2,9,5,1.0,0.582021528673526,0
A1UHCOUTLNYNES,5,3,1.0,0.7143968167842285,0
A1UHEXH7F3A42,11,3,0.2727272727272727,1.127131666433574,0
A1UHLN9JYZOW0H,8,5,0.75,0.6339713853020883,0
A1UI6F76CPCG8Q,39,8,0.3333333333333333,0.595178632198722,0
A1UI7N2OESNWBM,8,8,0.75,0.5215591754070992,0
A1UIDZCF85NTV7,8,6,1.0,0.6379448399474333,0
A1UIMU8Q87ZPCH,17,3,0.7058823529411765,0.3520952327180701,0
A1UIQYC3CBTI4N,6,4,1.0,0.25733000817952273,0
A1UIX3Z5SHCW1J,10,1,0.9,0.46340744909839016,0
A1UIXA657W8LWT,6,2,0.5,1.4322351421188628,0
A1UJLF88DM8PX4,7,4,0.7142857142857143,0.6352237753453129,0
A1UJRRKIR21R0M,9,4,0.6666666666666666,0.7476444115321734,0
A1UJYYNUX2BF3Z,8,8,0.75,0.7498015902965148,0
A1UK24C5XO8UKI,5,2,0.6,1.1190018098982712,0
A1UKKC463AVV5R,6,2,0.8333333333333334,0.7407814407814408,0
A1UKP70O8QHXRX,9,2,1.0,0.517354896269735,0
A1UKT9PMUR58ZA,5,2,1.0,0.7243386243386245,0
A1UKWA1P58XG08,5,2,0.4,0.6544347826086956,0
A1UKZCAWXR6C0H,8,8,0.875,0.8163105550924823,0
A1ULAF163Z7PM7,27,8,0.6666666666666666,0.6641531303286472,0
A1ULGCSUSWGGQV,5,1,0.6,0.6570263975155282,0
A1ULTI09BI3656,5,1,0.8,0.827712215320911,0
A1UM2Y9A9TCJXU,12,2,0.5,0.5990510597993975,0
A1UM59TRK3VPAF,9,5,0.4444444444444444,0.5526447249963361,0
A1UM6EHSS9KTIX,5,2,0.4,1.1283846872082166,0
A1UM6GZHG8C9YJ,8,7,0.625,0.789754050925926,0
A1UMH8UGEEPTB5,7,2,0.14285714285714285,1.0863247863247862,0
A1UMHGGVFZD0TN,5,3,1.0,0.6106241053347257,0
A1UMMEUDG6A7J3,5,3,1.0,0.5267589118198874,0
A1UMQSNGIUMF7C,6,3,0.8333333333333334,0.38362522742957533,0
A1UMW72H0X1AFO,6,2,0.6666666666666666,0.6810361681329423,0
A1UNL7KA6P97MI,8,4,0.875,0.735765498937542,0
A1UNMXKAYOF8IT,14,2,0.42857142857142855,1.574900724374397,0
A1UNOXZA1HM6YT,6,2,0.3333333333333333,0.7792232277526394,0
A1UONU8G4EVAW4,7,5,0.7142857142857143,0.841694389426251,0
A1UPA8UA1RWYD0,5,5,0.2,1.2628138528138528,0
A1UPUW1ZNLBNVI,8,5,0.875,0.8898169402911589,0
A1UQ30FFJFTFWI,5,2,0.6,0.5822410699284722,1
A1UQCE06TJAYGD,6,2,1.0,0.5635650825868218,0
A1UQRSCLF8GW1T,16,2,0.375,0.6464988360311993,0
A1UR2NJAAZMI0R,6,6,0.8333333333333334,0.8678731754179324,0
A1UR4090J4T2HW,9,2,0.5555555555555556,0.7533733429423644,0
A1UR9BHZNFSCB9,9,3,0.5555555555555556,1.4136772447928807,0
A1URK6R68QT3W0,7,4,0.5714285714285714,0.8846752245871893,0
A1URXSRV6WDHVY,82,2,0.7317073170731707,0.682678980890542,1
A1URZMYX7LYOGI,5,1,0.2,1.180635802479927,0
A1US2GFY3A1OBY,10,3,1.0,0.6669820678976979,0
A1USJ2Y6KACG1D,6,2,0.8333333333333334,0.5989998490338165,0
A1USVFMQYJPCJR,21,3,0.6190476190476191,0.582172016446416,0
A1USWC8QEJK6EW,10,4,0.8,0.9053032228942051,0
A1USWG1791B0FD,9,9,1.0,0.6786473888412312,0
A1UT784N2EL42Q,7,4,0.7142857142857143,1.4552818228740774,0
A1UTCV820IYG8A,8,3,1.0,0.4966346727154226,0
A1UTKWU3XZWSD4,7,5,1.0,0.45470786549068837,1
A1UTT4HERHDV0J,5,2,0.8,0.6457683982683983,0
A1UTZ3JU92CPKG,5,2,1.0,1.7305483405483408,0
A1UUXXZ1OIMVY6,8,2,0.875,0.9646497252747253,0
A1UVD8NIGUGAY4,5,2,1.0,1.0463809523809524,0
A1UWJMCLQ6B6RB,6,2,0.6666666666666666,1.2219249985379015,0
A1UWY3738XW5ME,5,3,0.8,0.6471428571428571,0
A1UX8UU1ULGEE5,10,5,0.9,0.3656343703860076,0
A1UYFXKNUIDGBN,6,1,0.3333333333333333,1.5688924963924962,0
A1UYLCO4MXXB70,9,2,0.6666666666666666,0.43803226879574186,0
A1UYOH4WD3JX48,8,2,0.75,0.962207147971495,0
A1UYXTME5UYGL5,5,5,0.8,0.4457251187566582,0
A1UZC7X6CG7585,6,3,0.8333333333333334,0.5130740871421543,0
A1UZG5XKLCD4YP,13,2,0.6923076923076923,1.05538470232612,0
A1UZGWUK7I13XG,6,2,0.8333333333333334,0.9876022126022127,0
A1UZSV8B2ODOUI,5,2,1.0,0.8045142970724367,0
A1V0BAV1DWIKPQ,11,5,0.8181818181818182,0.7406553906883399,0
A1V0EN4LERJJGZ,5,1,1.0,0.6227996274804786,1
A1V132OHH8UFCO,12,3,0.75,0.6409804972436015,0
A1V198BJJTKJBQ,7,4,0.14285714285714285,0.4094854070660522,0
A1V1A5UHPD5SNG,9,2,0.7777777777777778,1.2212026955785662,0
A1V292FRQ5FU41,7,2,0.7142857142857143,1.0060425936028667,0
A1V2TUC03Q0UT5,6,3,0.6666666666666666,0.4619883040935673,0
A1V3680AS10EI0,5,3,0.4,0.7328976034858385,0
A1V3KMV9RIIUJD,5,3,0.6,0.5517380952380952,0
A1V3W3SW1LHF7A,5,1,0.2,1.450897435897436,0
A1V427MUP6WWFE,6,1,0.16666666666666666,0.8301587301587302,0
A1V4TNA516LBLH,5,2,0.6,0.5699477533960293,0
A1V4VOYEH7QIF1,12,2,0.4166666666666667,1.6374185191991797,0
A1V5M5ENS5YBK9,7,1,1.0,0.792393439265694,0
A1V62KKCZUY7UQ,5,3,0.8,0.2914722389085439,0
A1V6AZC63OC90V,5,2,0.2,0.7845607235142118,0
A1V6PYMXENZZ5P,8,2,0.75,0.7895694752402069,0
A1V6UIELEXJHO9,5,2,0.6,0.4352380952380953,0
A1V781OOF33QRH,14,7,0.7857142857142857,0.8756477693419367,1
A1V7KLF6I5RHEO,5,1,1.0,1.0756478405315613,0
A1V7LKIXVMZTHJ,14,4,0.6428571428571429,0.8911278285531292,0
A1V7M066XFKFEY,5,2,0.8,0.8911680911680913,1
A1V7MJRY7YW74A,11,2,0.45454545454545453,0.6700038902233261,0
A1V7OUOJC0RSVD,9,1,0.4444444444444444,1.8764998024500947,0
A1V7P8CH6LYXDO,7,2,0.14285714285714285,0.43528976808114556,0
A1V7SXUI8TBAHC,14,5,0.21428571428571427,1.179417122922322,0
A1V89BCRJHM889,13,4,0.6923076923076923,0.5891024781539127,1
A1V8BX6I4HIXX,5,1,0.2,0.5366666666666667,0
A1V8S344EN4TG,10,2,0.5,0.9110389610389611,0
A1V8T8HC23ISKH,10,2,0.8,0.8824789989140902,0
A1V8YAQ5TDEPCS,6,3,1.0,0.46281367141464475,0
A1V8ZJOSO4NHW2,8,4,0.25,0.551365995115995,0
A1V8ZL45X6PYXZ,6,2,0.5,0.32651903651903663,0
A1V99BILCEN22V,5,2,0.8,0.5951773835920178,0
A1V99QLGRRKELC,5,2,0.8,1.0605675675675676,0
A1V9NBMRGZZJT7,8,1,0.75,1.788095238095238,0
A1VACR72HRFDD6,7,4,0.7142857142857143,0.5938952481894344,1
A1VAHHH2RVG6V3,7,1,0.7142857142857143,0.408385093167702,0
A1VB4T7YGD33J4,5,1,0.6,0.6231527313266445,1
A1VBDOE0GCWSSG,5,1,0.8,0.7057142857142857,0
A1VBMRDK5XK2EQ,6,6,0.6666666666666666,0.8400072150072148,0
A1VBOWZAVL7SPM,14,2,0.9285714285714286,1.2076669898098469,0
A1VCOX6I94JLZV,12,2,0.9166666666666666,1.1986086218373118,0
A1VD0IGPNKP6X5,9,2,0.6666666666666666,0.42407817941291914,0
A1VDF2CEYRHQ6L,5,4,0.6,0.3668696330991411,0
A1VDOW7YBF8OBH,5,3,0.6,0.8665079365079367,0
A1VEDZNNR1KKLR,6,1,0.3333333333333333,1.121022842897843,0
A1VEELTKS8NLZB,42,6,0.38095238095238093,0.9317855997801816,0
A1VEV1AFRGZE0M,5,1,0.4,0.5785714285714285,0
A1VFO5ILRSUYZ8,10,4,1.0,0.45137396264605895,0
A1VFQRMTZ1MER7,5,1,0.4,0.548853760083268,0
A1VFX417XDNWIU,53,2,0.3584905660377358,0.6182434555549826,0
A1VG6TG6LKBPKP,5,5,0.8,0.9363285347617456,0
A1VGS4V8X9O87M,5,2,0.8,1.0376598675170956,0
A1VGSU0YVQNMX,5,5,1.0,1.6244955679241393,0
A1VHBXWYYG1U0,5,1,0.8,0.6452611921961767,0
A1VHCMCICPCWR6,9,5,0.2222222222222222,0.8451452269860231,0
A1VHERKT2KX0MO,11,4,0.5454545454545454,0.9678158541794905,0
A1VI4DV0HKKUS6,13,4,0.6923076923076923,0.6952052313614949,0
A1VI5NY9URNBML,5,2,0.0,0.9690509185936016,0
A1VIHRU1K0SC54,5,3,0.8,0.8127842362241342,1
A1VISLLO7E5DNY,6,2,1.0,0.46777738873327107,0
A1VJ5L8Y6G97IF,5,4,1.0,0.9267729613021093,0
A1VJDSSUNIHVCQ,5,5,0.4,1.3762474645030427,0
A1VK02YYECXMIB,5,2,0.8,3.2805213616399485,0
A1VK5P940H3AON,13,4,0.9230769230769231,0.4730626300171364,0
A1VKG31S009DFY,5,3,0.8,0.5093761535622,0
A1VKLKES4FP773,5,2,0.6,1.3012781954887218,0
A1VKO1VVYLY50K,32,10,0.625,0.4469060672246705,0
A1VL6NAW5LAH73,5,4,1.0,0.562594417077176,0
A1VLDSACAW8BFB,6,1,0.16666666666666666,1.0749916457811195,0
A1VLDSX4ZQOXQW,5,2,0.4,0.2670460704607046,0
A1VLHFKMANV6OF,7,3,0.42857142857142855,0.755620261834711,0
A1VLJALC4OFUCE,5,1,0.6,1.1297619047619047,0
A1VLQO2GUIYRJ,5,2,0.4,2.6694563574363053,0
A1VM0DU10K0DE6,5,1,0.8,0.9661967418546367,0
A1VM6A7HC6CEIH,9,1,0.4444444444444444,0.7351791726791725,0
A1VMDYBJRZ0M12,7,5,0.0,1.1678449714960872,0
A1VMH8VDT66ZP6,5,4,0.6,0.8614447062594083,0
A1VMPC92L1AQBU,22,6,0.6363636363636364,0.45207532202239803,0
A1VMPPCK5R8RNB,6,6,0.8333333333333334,0.6489433171642641,0
A1VMVOA3Y6V8VL,5,2,0.4,0.7572389802513543,0
A1VN5HJYOX5SO1,10,1,0.8,1.4034389348025713,0
A1VNI8SZ045QY1,8,2,0.875,0.8179211615996512,0
A1VNWWIG6VG61P,5,3,0.4,0.48611111111111116,0
A1VO5O8RT0KQJ6,8,2,1.0,0.6627432372717517,0
A1VOFY3QFT9WCG,22,6,0.8636363636363636,0.5201768286330498,1
A1VPZB69X2EM68,11,5,0.6363636363636364,0.7008522536238814,0
A1VPZHIQZKG5LC,11,2,0.2727272727272727,1.4020638007269022,0
A1VQ0EAZ0GCYSA,6,1,0.5,1.1661039013057761,0
A1VQC0MWX3V260,8,2,0.75,0.6304939792008758,0
A1VQLJUMXCMX62,8,3,1.0,0.6363032820315765,0
A1VR9II0HC7ZQ6,17,9,0.8823529411764706,1.3613195303938617,0
A1VRA22RTVLN2,10,2,0.8,0.7016293614219882,0
A1VRAREB2F2XHQ,5,5,0.0,0.6351960784313724,0
A1VRDOIPOIVOQY,8,3,0.875,0.593248492123951,0
A1VRFDQO6HE0IL,10,3,1.0,0.6836797121007647,0
A1VRVJJV01PRJN,7,2,0.8571428571428571,1.0687851945767513,0
A1VRYDVC2J5466,6,5,0.6666666666666666,1.0801948640231993,0
A1VS1LL905P5L5,28,4,0.7857142857142857,0.82570719534709,0
A1VS8RYGAXK551,5,2,0.8,0.6750541366984631,0
A1VSKYU365LIXG,5,3,0.4,0.5900000000000001,0
A1VSPCH6X1X924,7,6,0.42857142857142855,0.8755315701017965,0
A1VSTY04V4MNUK,6,3,1.0,0.4399230399230398,0
A1VTVTZXBM9YJM,5,1,0.6,1.0050421389131068,0
A1VU5521ZRL3T2,6,1,0.3333333333333333,0.8575680368891115,0
A1VU987WCH1DC9,5,3,0.6,1.2199682646266496,0
A1VUA80DLZGWIP,27,5,0.6666666666666666,1.083222354287302,0
A1VUGMDX51J2SW,5,3,1.0,0.5423558162267839,0
A1VUP1SBJWC4UP,5,1,0.6,1.0251260504201682,0
A1VUQN40UCUU00,6,2,0.6666666666666666,0.35833437339989765,0
A1VUSWRVN8SJA8,10,2,0.3,1.0839881605999784,0
A1VUXYR8V4D8PI,6,1,0.6666666666666666,1.296074812353882,0
A1VV7FL22XBPZR,5,2,0.6,1.042216117216117,0
A1VVRW2FBRZ7AK,9,6,0.6666666666666666,0.733962471256068,1
A1VW771BNAENV9,6,3,0.3333333333333333,0.863770961091487,0
A1VWHAGB0F89OK,5,2,0.0,0.9772102897102897,0
A1VWHYYRRQY8BM,6,3,0.5,0.5686120038004653,0
A1VXBT3DFB1LTH,7,2,0.8571428571428571,0.9967562714368893,0
A1VXEL8R0NFPJE,5,2,1.0,0.8523148587956797,0
A1VXM4VVCAZ6PH,7,1,0.8571428571428571,0.7057127651933658,0
A1VXU66DCLMYU1,5,4,0.6,0.4676984126984127,0
A1VYK7LECDF20F,6,1,0.5,0.8962861212861214,0
A1VYMIBORSGR70,12,5,0.75,1.046484783615343,0
A1VYNARDC4U78N,6,2,1.0,0.5500000000000002,0
A1VYXVRSPIKZBW,6,4,0.6666666666666666,0.8719234505795773,0
A1VZ2OHW1A0QB1,6,1,0.8333333333333334,0.9124243101707892,0
A1VZ6HHFV8UWYW,5,3,0.6,0.9425641025641027,0
A1W0BIMPM5OT3E,6,4,0.6666666666666666,0.5198202562332997,0
A1W0CV2DW86A1E,5,2,0.8,1.0226984126984127,0
A1W13CL6688S81,9,7,0.5555555555555556,1.09432350718065,0
A1W1ASR6U2QE06,5,1,1.0,0.9066059142146099,0
A1W1DCV7PFDGY0,5,1,0.6,1.0477922077922077,0
A1W1JG0CVHTS8L,6,2,0.5,0.541088891088891,0
A1W1Q7V6D38SNG,5,3,1.0,1.7119727891156462,0
A1W1V6RD1I9R2D,5,2,0.6,1.5604815668182979,0
A1W20R38AVESDI,8,8,1.0,1.1540568594445462,0
A1W2CHM9OXLUUX,5,1,1.0,0.565030303030303,0
A1W2D4VBXRM2AI,5,1,0.2,1.149436090225564,0
A1W2N9W5711UT2,6,1,0.3333333333333333,1.327732149200447,0
A1W2PKCD3OV2OD,6,4,0.8333333333333334,1.0219243526535193,1
A1W336HEXT1CVB,12,4,0.3333333333333333,0.9955356116331727,0
A1W34HVNDESRMK,5,2,0.8,0.8630082375225763,0
A1W35U95LIJ5LY,21,6,0.9523809523809523,0.6609693561037687,0
A1W3769X5ONI4M,5,2,1.0,0.7208934347407989,0
A1W37Q4SNUP69Y,7,2,0.7142857142857143,0.8499309302264967,0
A1W3CEEQBJ4GTN,19,7,0.7368421052631579,0.4933930418648412,0
A1W3DOUDOBAOAF,7,3,1.0,0.47822600628128675,0
A1W3XZV49U2DKR,7,1,0.42857142857142855,0.48734048729643625,0
A1W49A910LMFGM,5,4,1.0,0.7157142857142859,0
A1W4IPRLCVXR9U,14,4,0.21428571428571427,1.0870524786491174,0
A1W4JT0R0N35I6,5,2,0.8,0.6084347826086958,0
A1W4KGEJDP139U,6,2,1.0,0.9655597326649957,0
A1W58Y7FVNIX2N,5,4,0.6,0.844272553123697,0
A1W5CI9L3JPTF,5,3,0.8,0.9377777777777778,0
A1W5OI3NG63ZLD,8,2,0.75,0.5023345172240382,0
A1W651PX7R8TAM,8,2,0.625,1.408246436647016,1
A1W68G1N5V68XN,5,1,0.8,0.5705982905982905,0
A1W6G74P9FYOQG,5,2,0.4,0.47027182539682555,0
A1W6P7WBELZP9E,5,2,1.0,0.6963698462365082,0
A1W6QCUBVT26Z9,5,5,1.0,0.5728556646251084,1
A1W73GMILBWAL8,5,3,1.0,0.9270647884078012,0
A1W7A1A62MYN6H,7,6,0.7142857142857143,0.7033161225305795,0
A1W7QO7M8G3NP4,9,3,0.7777777777777778,0.8172412478450194,0
A1W7Y3WRS82EBK,10,3,0.7,0.8627669183615474,0
A1W813CSYW41I9,8,1,0.25,1.790785884750541,0
A1W83IBE9GWI87,6,1,0.6666666666666666,0.6976738521495554,0
A1W83LEYOCCLZB,18,4,0.3888888888888889,0.770953609360846,0
A1W862RXQK3GRN,5,2,0.8,1.0657396526961744,0
A1W89Y8PNSMT67,5,2,1.0,1.7905701754385965,0
A1W8D8OJ8LBK9M,6,2,0.3333333333333333,0.6629121906899685,0
A1W8ORUUYWG223,5,2,0.6,0.42423152275854453,0
A1W8PBU7EYM7QU,5,5,1.0,0.8920875420875423,0
A1W8SADBGCU3KN,8,5,0.875,1.0346437324929971,0
A1W91E84CPADTW,9,2,0.6666666666666666,2.2065183863270517,0
A1W9A9M97BPEMP,5,2,0.8,1.07005148005148,0
A1W9C3G4W1GSEU,5,4,0.8,0.3594806379931178,0
A1W9JNJ4OT8QRY,5,2,0.2,0.8725570798952844,0
A1W9QAREHO70U4,27,12,0.5555555555555556,0.6785780529865938,0
A1W9Z0X6URYQY4,9,1,1.0,0.6548960190045136,0
A1WB0EW1E3A83L,8,2,0.75,1.2177369505494506,0
A1WB2D6948Q8NL,5,3,1.0,0.9096296296296298,0
A1WB53UUL0MJPJ,10,3,0.8,1.1881704759808875,0
A1WB7LMDVOGO60,7,3,0.7142857142857143,1.0645048061524034,0
A1WB7TAF85CSVR,10,5,0.5,0.673108555296847,0
A1WBF9L5FRJYH6,7,3,0.8571428571428571,0.3755756289914706,0
A1WBHIRBN8P0E9,9,2,0.7777777777777778,1.0554897344371028,0
A1WBUQUJOZ162P,8,2,0.875,0.49973197234252986,0
A1WD0MNT2CQEHZ,5,3,1.0,1.0912093788564377,0
A1WD4LZGXZYPZ5,15,5,0.8666666666666667,1.3839715919549498,0
A1WDJJPNKCLSUF,5,2,0.2,0.7827548589843671,0
A1WECEAVIO1RD3,5,4,0.6,0.49215811965811956,0
A1WEL67Y9X6VLO,6,2,0.16666666666666666,1.1960035133948177,0
A1WF7HEOBAJNTG,5,3,0.6,1.4653629114700473,0
A1WFF74N8PI71S,5,3,0.6,0.9533333333333334,0
A1WFQMC3HOPJHV,10,3,0.5,1.1451177734794757,0
A1WFQPYY8YBXEM,11,2,0.7272727272727273,0.6369258447180525,0
A1WFSPP2O5X7N7,9,2,0.6666666666666666,0.8747117080450414,0
A1WFTYUHYDJHJR,7,4,0.7142857142857143,0.5165092080626785,0
A1WFZYDIWALJ38,6,2,0.5,1.0320987654320988,0
A1WG0DVFS9ZUQ0,5,2,0.6,1.4410609888704908,0
A1WG0U4ORQFM1F,5,1,0.4,0.8039285714285714,0
A1WGDPDRRV763S,5,1,0.8,0.8444743662134965,0
A1WH2CPRHQRRDQ,9,3,1.0,0.5965671695506215,0
A1WH3SQ51025X7,9,8,0.8888888888888888,0.4976821384563124,0
A1WH9Z5S1J1VA4,10,3,0.9,0.742857541166347,0
A1WH9ZNXXP3NHK,7,3,0.5714285714285714,0.4216285301999588,0
A1WHIKDWDU582Y,5,3,0.6,0.8752610620729507,0
A1WHLP7B7GGF7,18,2,0.6111111111111112,1.3972842624351913,0
A1WIAWNSEK9BVS,5,1,1.0,0.625543727106227,0
A1WIDWGNY79KY9,6,6,0.3333333333333333,1.4417192941558763,0
A1WIRJ5GKSGXGK,5,3,1.0,0.9309090909090909,0
A1WIUG7FG3VFU5,6,2,0.16666666666666666,0.5351396478445659,0
A1WJ2ERM566W2L,5,1,1.0,1.3417297979797982,0
A1WJ2RNEQSHSU8,11,3,1.0,0.6822968786402307,0
A1WJ5QRGA6HKJU,7,2,0.42857142857142855,1.1791495989076635,0
A1WJFFA4RSC1QK,5,5,0.6,0.5462517433079471,0
A1WJNM3S126GAF,5,1,0.8,0.7133333333333334,0
A1WJP5FB8NDEN5,8,1,0.625,0.7660776658101813,0
A1WLAHPHD07E1N,12,3,0.75,0.710353881084079,0
A1WLOTC91BTM8W,6,2,0.8333333333333334,1.9998857413335704,0
A1WLRDH9VI9KWI,6,2,0.8333333333333334,0.7466584654295946,0
A1WLV9I6MMMDM5,10,4,1.0,0.499779930196678,0
A1WM4Y1N9ZW1NN,5,1,0.0,0.5684503901895205,0
A1WM55F3BMOMYD,6,4,0.8333333333333334,0.9453123538336928,1
A1WMCMO51YI6VM,5,3,0.8,0.3913919028673126,0
A1WMLVMOQAEH1Y,8,3,0.375,0.9173854454714641,0
A1WMON6OV8RK8X,5,2,0.6,1.0752100840336134,0
A1WNEVIRLVH12R,6,4,0.6666666666666666,0.7923720320690718,0
A1WNN354EEXRQF,6,1,1.0,0.9327754773406949,0
A1WNPKO6BWS937,5,4,0.4,0.5534299516908214,0
A1WNQRXKQZ0EBA,8,2,0.625,1.032969765900258,0
A1WNS6XTKZYR7W,7,2,0.7142857142857143,0.5239733555199475,0
A1WNTAK9Q176IU,8,1,1.0,1.0610489962234149,0
A1WO2HOAXT5J8H,11,7,0.5454545454545454,0.7288183755087076,1
A1WOPEBKTST6TV,8,7,0.125,1.2495820489574598,0
A1WOPX5MT8QVPO,7,2,0.5714285714285714,1.2203012958003883,0
A1WOXSF82Q5DOM,10,4,0.7,0.5118831222674507,0
A1WP4WN1BBU680,6,1,0.5,1.3841463414634145,0
A1WP92RRIS5D8R,6,5,1.0,0.43404021872903975,0
A1WP96EYF40GI1,6,2,0.3333333333333333,0.6002135592928433,0
A1WPEJWA41J4WV,6,4,0.6666666666666666,0.7932659932659932,0
A1WQI0W1KY85BK,5,3,0.8,0.496573531102679,0
A1WQIHZ2KXCQ68,14,8,0.8571428571428571,0.48176195815482725,0
A1WQP7LCVQK3JZ,7,3,1.0,0.8110544217687075,0
A1WQT0P29UEAIJ,5,4,0.8,0.5298286069045034,0
A1WR5G0BYZIDFW,6,3,0.5,0.9976240184112664,0
A1WR6MVQ1LCLGN,5,1,0.6,1.1295833333333334,0
A1WRCESREJ59W6,9,4,0.4444444444444444,0.45514722797331497,0
A1WRTLPUNOTB6H,6,1,0.8333333333333334,1.3818317099567101,0
A1WS0MZBFZ7VX3,12,10,0.8333333333333334,0.47865745365745366,0
A1WSFFFG0SL1XJ,7,4,0.8571428571428571,0.5858599425570551,0
A1WSFIJRJLA1JL,13,4,1.0,0.7689494634899379,0
A1WSQ0QRWQC7VI,11,1,0.5454545454545454,1.0969045291625934,0
A1WSSB9MNGH80G,6,5,0.6666666666666666,0.5515299951620706,0
A1WSUHYNOTI0NQ,5,4,0.8,1.7431469979296068,0
A1WT1D1IN9594H,7,6,0.5714285714285714,0.6308319010182365,0
A1WTUIV46W45JJ,11,2,0.5454545454545454,1.0303596035494793,0
A1WUARREQUSNF3,7,7,0.42857142857142855,0.45316424986596526,0
A1WUDN4ZCG69ZS,5,2,0.6,0.31128187849885974,0
A1WUQF5HWBAQJU,37,4,0.5945945945945946,0.7162385406528161,0
A1WUWW19SJH1A6,9,6,0.5555555555555556,0.43413644251814826,0
A1WUZAHUQT3JVF,6,3,0.3333333333333333,0.9170381226135017,0
A1WV7P41Z4MA69,7,6,0.5714285714285714,0.8445635793977024,0
A1WV9WFH75VVBN,7,4,1.0,0.31086109016599484,0
A1WVR1PC0QKMRG,6,4,0.8333333333333334,0.7509732709643065,0
A1WVS59FQETT75,5,1,1.0,0.6118736383442267,0
A1WVUJUW9S90RV,9,2,0.4444444444444444,0.7677486657033649,0
A1WW7KWVSCJ58M,6,2,1.0,0.7429709615941866,0
A1WWGLU3COINYG,8,3,0.625,1.1874479166666667,0
A1WWQWE53EVMY9,8,2,0.625,1.8285195831910568,0
A1WWW237KEJDJY,6,4,1.0,0.2964081297834813,0
A1WWX9NI06JKFR,9,3,0.4444444444444444,1.032615788559893,1
A1WWY1IOVCVXT3,9,5,0.2222222222222222,0.8113463327349106,0
A1WWZXNOXBCIMN,5,2,0.4,1.0200852641334568,0
A1WYPDEIVTQE1J,7,4,0.7142857142857143,0.7704801550734072,0
A1WZFT3YHIQB2K,14,6,0.2857142857142857,0.6707911363039037,0
A1WZMWARMCVM1V,5,1,0.6,0.9432592592592594,0
A1WZUVNH5ROQXH,8,2,0.75,0.7088893418893474,0
A1WZWFOUWJH58J,7,3,1.0,1.4759830615244627,0
A1X02NPCWIDCUM,6,2,0.8333333333333334,1.2168675267639606,0
A1X0QMZ0M21J9U,10,2,0.7,1.4676078288606893,0
A1X141RMLQCIS7,16,4,0.6875,1.3016355615424766,0
A1X1M3NZMS53VL,5,5,0.0,0.7603027969335245,0
A1X1Q2L3MUVIHT,6,2,1.0,0.6486687147977471,0
A1X1SYKBERJPPF,6,3,0.3333333333333333,0.5568799339412448,0
A1X21NKB8BE0RL,6,2,0.8333333333333334,1.2287749287749288,0
A1X2LENOF84LCQ,51,2,0.1568627450980392,0.87505079722969,0
A1X2WMUHSY60J9,5,2,0.8,0.5611422951625791,0
A1X3A7MYX62PL5,5,3,0.6,0.41168859649122813,0
A1X3GSQ1ZM4UEQ,7,1,1.0,0.6921146507383439,0
A1X3OCFIMG1U1J,7,4,0.8571428571428571,0.9270971546513344,0
A1X3PAWV18AGU7,5,2,0.4,1.2569662138627655,0
A1X4L7AO1BXMHK,5,1,0.8,0.8611904761904763,0
A1X4R1YQ1RSE0G,7,3,1.0,0.6600740296118447,0
A1X5KSUPUR5GFO,5,3,0.6,1.117099567099567,0
A1X67GTWQF73LX,10,6,0.8,0.878138224561787,0
A1X6MRX3QKUHAR,5,3,0.6,1.3484848484848484,0
A1X6ZQPUBELPQQ,10,7,0.3,0.582225368616346,0
A1X7E6B11LIZTS,5,3,1.0,0.673214891910544,0
A1X7H9934WEAD6,5,2,0.6,0.6151339481774264,0
A1X7QYIR6SXGXW,5,5,0.8,0.8388202035431588,0
A1X871G9JTC7SL,5,1,0.8,0.7596013048205871,0
A1X8OP6LC264OM,13,5,0.5384615384615384,1.1105206119494597,0
A1X9IIDK3GRTFJ,7,2,0.8571428571428571,1.018341158927339,0
A1X9N4725UF5F4,7,2,1.0,0.5070984993625641,0
A1X9NSH94X3ODQ,5,2,0.2,1.877441072090683,1
A1XB7JGJ459ERP,34,10,0.7647058823529411,0.5992920076717837,0
A1XBQE6MQI4V8N,7,5,1.0,0.6053028913747783,0
A1XC14KELM553K,9,2,0.4444444444444444,0.7308529957740861,0
A1XC7HPEYN7RKS,6,2,0.5,0.7547300388927018,0
A1XCA99IXPBIKV,10,6,0.5,0.6712116251989725,0
A1XCPIL0NPUGXJ,6,4,0.8333333333333334,0.5633802343708004,0
A1XCQZWMRND95A,5,3,1.0,0.8343557835033326,0
A1XCVHRAHNZ6KK,5,2,0.6,0.6317268613739202,0
A1XD3Z7X836QTQ,5,2,0.4,0.6161587572373863,0
A1XD7G5102NMWT,12,3,1.0,0.9950978299734876,0
A1XDG8Q5TN2Q49,5,5,0.4,0.6441025641025641,0
A1XDMYX8QOW07N,20,2,0.45,0.8291961903528605,1
A1XDPHHC1WW6KT,5,4,0.8,0.4812591726114965,0
A1XDU24CZ4XI1D,10,1,0.4,0.7160661356852973,0
A1XDXSU50QTOXI,5,3,0.8,0.928655462184874,0
A1XE97I2KDDTBA,7,1,0.8571428571428571,1.2296133970829712,0
A1XEN6BXNBLT2,6,1,0.8333333333333334,1.8977364112847124,0
A1XEO78ZVBZP1H,5,3,0.6,1.581545709192768,0
A1XESLK0WLJHRY,8,5,0.75,0.5480953395291557,0
A1XEYWWDJ09OEA,5,1,0.4,0.5775026389866292,0
A1XF31HQFYJ1PQ,7,3,0.2857142857142857,0.6814407814407816,0
A1XFVNFGS78TX1,9,1,0.5555555555555556,0.7936974720225953,0
A1XG40POKC3K19,6,2,0.6666666666666666,0.6030074783890105,0
A1XGB4QB3QJM2S,5,4,0.6,1.014763990445996,0
A1XGLRNFZMWXX1,6,2,0.5,0.6912965147121124,0
A1XGNKAQI1KTGB,5,2,0.6,0.43848484848484864,0
A1XGPBEWCF6X8J,6,4,1.0,0.41805254596597546,0
A1XGSO32S3SKKS,5,4,1.0,0.7031826535008662,0
A1XH6VEWMD2SE0,6,3,0.8333333333333334,0.5424168459654393,0
A1XHFX2G8K01ZN,6,1,0.5,0.7550847093223254,0
A1XHKAMMQ58WSE,16,2,0.375,0.7918301410631274,0
A1XHN6JF8A8W69,5,1,0.8,1.348142857142857,0
A1XHP0E0AYESNF,5,3,0.8,0.8,0
A1XHYHYV6HIMNG,6,4,0.6666666666666666,0.9677981803741682,0
A1XINNG3IMIBSR,11,2,0.6363636363636364,1.0913803029474671,0
A1XIPPCV1ZERHL,11,3,0.8181818181818182,0.6341370200392756,0
A1XIWX036L52OS,5,1,0.4,0.9225923468259236,0
A1XJ2YFSVPRAHM,8,4,0.625,0.7036405723905724,0
A1XKCHZELFYG6D,6,2,0.8333333333333334,0.6012966622749231,0
A1XKDG88WVMIFK,5,4,1.0,1.0761229000884174,1
A1XLLEHKFY3TN2,7,5,0.7142857142857143,1.4929571176207947,0
A1XLZSY5RGGZSZ,6,2,0.8333333333333334,0.7734848484848486,0
A1XM302GQAWYG,14,1,0.6428571428571429,0.6997848203633005,0
A1XMEDOKG909DT,7,2,0.2857142857142857,0.845779220779221,0
A1XMF2RYBYASXJ,5,2,0.8,0.5519444444444443,0
A1XN8KATTGUG16,5,2,0.8,0.5477864098916732,0
A1XNJMS7TQRLZ,13,1,1.0,0.7298095778293499,0
A1XNLPS6FB1VS9,7,7,0.5714285714285714,0.5581678125795774,0
A1XNU4TJ7F0L7D,6,3,1.0,0.46595685222445793,0
A1XNV4532GDRSX,8,2,0.625,0.5667779983007275,0
A1XNX8H5IQLFU5,12,6,0.5833333333333334,0.5931099244599046,0
A1XNZ6ST3BDWNQ,11,2,0.36363636363636365,1.0615177751541387,0
A1XNZK413CRBSQ,5,2,0.8,0.7682296650717703,0
A1XO1QN4H98HGA,5,2,0.8,0.6538149972632731,0
A1XOBCHAAHEVV4,6,2,0.5,1.3858585858585861,0
A1XOBR284Y719J,9,3,0.3333333333333333,0.5291619867555697,0
A1XP8Y9932EGR4,6,6,0.6666666666666666,0.5918369155211262,0
A1XPB58WAREZLT,11,4,0.8181818181818182,0.4626922142029095,0
A1XPDL66H3FAOK,7,4,0.5714285714285714,0.559799787773957,0
A1XQD1ZOBQE8W5,13,2,0.5384615384615384,1.3264717925649099,0
A1XQDD5LA8HOUV,6,1,0.5,1.0692110177404295,0
A1XQDFW0ELJ0P9,7,2,0.7142857142857143,0.6648882135376807,0
A1XQENKF1Z3HMJ,8,2,0.75,0.36763173046027386,0
A1XQGG15HFSTG5,7,4,0.5714285714285714,1.323640433081394,0
A1XQXEF3XQWXYL,5,1,0.8,1.074726775956284,0
A1XR2UZ28QPP79,6,2,0.5,0.43778400248988475,0
A1XR3TVITLN9YP,8,3,0.375,0.5445569169429014,0
A1XRA99G70IALT,8,1,1.0,0.5360243858473934,0
A1XRDY5ZIIF2RE,6,4,0.8333333333333334,0.7550862458865547,0
A1XRHMSDBA1266,6,1,1.0,0.7136811989753168,0
A1XRIW3IAKXL6U,7,2,0.5714285714285714,1.2650896722325293,0
A1XRMV275PPNLA,6,5,0.16666666666666666,0.6836601307189545,0
A1XS39S7K21GGR,6,3,1.0,0.63510101010101,0
A1XSS4NJ5FLNHY,7,1,0.0,0.7808696451553594,0
A1XTE7BYBFWKZ4,8,1,0.625,0.8064028286093375,0
A1XTP76N1RLV8Z,5,1,0.6,1.297728395061728,0
A1XTQULERNAFQ,7,3,0.8571428571428571,1.501864973631729,0
A1XTSL9WZW301S,21,9,0.8571428571428571,0.7147113604618185,0
A1XTVN0TGNHW92,6,1,1.0,0.6980468181156253,0
A1XTXDZQNVMI8C,5,2,0.6,0.5605555555555555,0
A1XU7H233TMHBL,5,3,0.8,0.830417956656347,0
A1XUJY3LBMTC9X,6,4,0.3333333333333333,1.1819086113977757,0
A1XUNEVQG3YMYC,5,2,0.8,0.8672816518107996,0
A1XVSMIOR5CX5I,8,2,0.75,0.3991702741702741,0
A1XVV77VLR53L4,5,1,0.8,0.3563966326071588,0
A1XVY7QFMOFD3V,20,2,0.25,1.0243029448621555,0
A1XW3ZOVW15W8H,5,3,0.4,0.5735188688650396,0
A1XWALC2DURHIX,7,2,0.5714285714285714,0.8335381723539619,0
A1XWK6E5536KQN,9,2,0.4444444444444444,1.2211406626534158,0
A1XWLDUT8EFDO3,8,3,0.5,1.9987653213520835,0
A1XXAYC0ORYVOJ,5,1,0.0,0.5846432022084196,0
A1XXMNLOLKNO0I,54,25,0.9259259259259259,0.562185608111089,1
A1XXS0OSY2JLHW,9,4,1.0,0.6552699715984238,0
A1XXVLQQ8LI6WP,10,8,0.8,0.8567135642135643,0
A1XXYXZSOHO73B,5,2,0.4,1.5590623176566694,0
A1XY86U23W6LQ,6,1,0.3333333333333333,1.2447159080434342,0
A1XYC5TE3YU371,7,3,1.0,0.5013814756671899,0
A1XYGMD2VGZ0NT,5,2,0.8,1.421802590768108,0
A1XZ5HPPANZL8U,7,2,0.2857142857142857,0.7803904895291449,0
A1XZK3YAH9D735,6,1,0.6666666666666666,0.7353801169590645,0
A1XZTL8S63CHT2,8,4,0.75,0.8208493306504971,0
A1XZWDVV4EH860,6,2,0.3333333333333333,0.5635854081506256,0
A1Y021ZYKKJ7B1,6,3,0.6666666666666666,0.8438280767726459,0
A1Y07XHSC38J3T,10,3,0.9,1.4836752341026003,2
A1Y0L54PTPI4WU,5,2,0.6,0.8906295601417554,0
A1Y10M7WY5UIJC,12,7,0.6666666666666666,0.8012016048640721,0
A1Y1CYD5ZMXAHG,5,3,0.8,0.25,0
A1Y1OFA3IPE5K9,8,1,0.75,1.086123457689692,0
A1Y1QDYBQ0G2V6,12,8,0.3333333333333333,0.7106186627749751,0
A1Y1XXI8UA6SWF,5,1,0.8,0.5751934770591486,0
A1Y215TOMI4BJ4,7,4,0.7142857142857143,0.9981415580363527,0
A1Y2D2EDIHXHN6,5,1,0.6,1.6584424271380793,0
A1Y2Y19U1621KY,11,7,0.7272727272727273,0.6583932747210258,0
A1Y363HWR2D0B7,5,1,0.2,0.8071188071188071,0
A1Y3IFY1TTNAIZ,10,2,0.8,0.742676348199604,0
A1Y3KIZ0PGPG1A,7,2,1.0,0.8232469551921338,0
A1Y3QKMCHRT73Y,5,1,0.2,0.506710109193378,0
A1Y3VMAQCOCDTJ,5,1,0.6,0.8279518689196108,0
A1Y4G3WZ321YAE,8,3,0.75,0.4477140072555281,0
A1Y4KXR9LZI7X0,8,2,1.0,0.4906209106294919,0
A1Y4SNHSQJNEBF,5,3,0.8,0.5792123259945043,0
A1Y5A22YO89SGP,9,3,0.3333333333333333,0.7612513668996339,0
A1Y5FSD8C1EZZO,5,1,1.0,0.45853679653679685,0
A1Y5NX4NQ2FC9U,5,3,0.2,0.2765079365079364,0
A1Y69LGDGW26D4,6,3,0.6666666666666666,0.30362978524743234,0
A1Y6N4X8FV6IAC,8,8,0.875,0.9070661191305791,0
A1Y72KMBZY8GLE,5,1,0.4,0.8166562444393604,0
A1Y78YZQQMKFBY,10,2,0.4,0.9267775790374856,0
A1Y7QU3BUUSI6R,11,8,1.0,0.3971432592175627,0
A1Y7U3R6U1JDWY,6,2,0.8333333333333334,1.4853500789295533,0
A1Y8NN628X1IMH,7,4,1.0,0.7166666666666667,0
A1Y8OS5NNPIYBB,9,2,0.6666666666666666,1.5539541767140335,0
A1Y8VDXU4UHBS2,5,1,0.4,2.4701310975609756,0
A1YA1UUTBM7KE2,6,2,0.5,0.9915874144019133,0
A1YAAG5Z2LG9WI,6,3,0.5,1.2732804232804233,0
A1YAHI7V5Y5GW6,11,4,0.2727272727272727,1.3813294798557847,0
A1YAMTYPO12XJ6,5,2,0.4,1.5240476190476193,0
A1YAOKCZCYROWI,12,7,0.5,0.42119847792434095,0
A1YATP5HMXNNPY,5,1,0.4,0.8430081546360617,0
A1YBFDKVA6AHH,6,6,1.0,0.38033103592314116,0
A1YBU2RJJGLS5O,9,3,0.4444444444444444,0.7701659875047481,0
A1YBZOWO2RBIUZ,10,7,0.9,0.5114352831076795,0
A1YCAK5DUDJ2MW,7,3,0.5714285714285714,1.0922961252383618,1
A1YCE1J9SWAEZN,6,2,0.8333333333333334,0.7134355110804386,0
A1YCEOUCEHVARX,10,1,0.9,1.0648114054365019,0
A1YCHQKVX2NNT7,7,5,0.2857142857142857,0.9684878800004852,0
A1YD55PTHHWSUE,6,2,0.5,1.5053740119529593,0
A1YDIJTJS2KAHG,10,2,0.8,0.48432458663984856,0
A1YE1E07LGLBX0,6,2,1.0,1.32996632996633,0
A1YE6S1TCW463S,5,3,0.6,0.37424431981593304,0
A1YEF4FVYGJXMH,10,3,0.7,0.5471990316185364,0
A1YELX1XVW5A9U,13,2,0.3076923076923077,1.002779018632677,0
A1YEXB2RFH45V0,5,4,0.8,0.8270735785953176,0
A1YEZLIEUORSBO,9,2,1.0,1.2189832412393387,0
A1YFOHRK3MYDMI,6,3,0.8333333333333334,0.8231346397676024,0
A1YG045L8SBK6T,6,6,1.0,0.7572180218581713,1
A1YG18N8WU2WWR,6,2,1.0,1.0897435897435896,0
A1YGCFWP2NNGEA,11,2,0.8181818181818182,0.7846907602723168,0
A1YGKHITRAFDKG,7,2,0.14285714285714285,1.2971784168212739,0
A1YGZ59SCQG149,5,3,1.0,0.46807290882288066,0
A1YH4IZHPNBV4G,6,2,0.16666666666666666,0.9013342526543399,0
A1YH6DMZOS59A2,25,2,0.52,0.6451880439285383,0
A1YHXN2J075DQ2,9,3,0.6666666666666666,0.878588089467811,0
A1YHXY7U9ZH4B8,9,2,0.7777777777777778,0.847293275101019,0
A1YI8NGU4FDEED,5,4,1.0,0.6453559990145356,0
A1YIACL103YAP7,5,5,0.2,0.9020512820512818,0
A1YIIP1O16B0SB,7,2,0.7142857142857143,0.8656262186358532,1
A1YJ996WJ8EMFY,6,2,0.5,0.9361111111111112,0
A1YJB25Q2T9029,5,3,1.0,0.5229894179894179,0
A1YJDIN8Q4GZ6O,7,2,1.0,0.8192626841750285,0
A1YJFH42GSAY13,5,2,0.2,1.745671648612825,0
A1YJNYSOM3V2E4,5,1,0.2,1.2899690402476782,0
A1YJPR2K7KJ245,8,2,0.625,1.0346919249904323,0
A1YJVGT8B6BOI7,7,2,1.0,0.79892134158628,0
A1YK9VABYRU6NB,11,8,0.6363636363636364,0.5528057745136622,0
A1YKSFKMRZHVOU,5,2,1.0,0.7873999132822663,0
A1YKTHU920Q96,5,4,1.0,0.45360479797979797,0
A1YLE4WIPHNZGT,10,1,0.5,1.0936525974025977,0
A1YLJGGB0EDFV2,16,1,0.6875,1.3644199730132607,0
A1YLKXFFC7UPWQ,6,1,0.6666666666666666,1.4637056657956338,0
A1YM24Q77XM51N,12,2,0.5,0.6329434454434454,0
A1YM2U6D8GBSZR,6,2,0.6666666666666666,1.029962206789387,0
A1YNQB2FLKX73H,9,3,1.0,0.8533122429629392,0
A1YNXD0PW9ZYO8,6,2,1.0,2.5035714285714286,0
A1YNZQ9S19BTPW,5,2,0.4,1.0315863858363858,0
A1YO4N327QQHDH,5,4,0.8,0.6585267462422634,1
A1YOOK4ZHTJXJQ,10,3,0.5,0.7079086028632026,0
A1YP96MT6W9FTB,5,1,0.4,0.47900134348410217,0
A1YQ1B7BMRW0OU,14,3,0.6428571428571429,1.0915229796238584,0
A1YQ4NRYTULSNZ,13,2,0.6153846153846154,0.8285779154368899,0
A1YQI1A3AOFVD,9,3,1.0,0.8179646718226331,0
A1YQK6GZ39Y2JO,5,2,0.6,1.3111721611721612,0
A1YQK9S2QR3X4H,15,4,0.8,0.9335839337563475,0
A1YQKYNNXM3PPT,5,4,0.4,1.1111507936507938,0
A1YQRC6VST9KOF,5,5,1.0,0.3862987736900781,0
A1YQUFFCC0IBBV,7,5,1.0,0.830524929741221,0
A1YR583U3GDB03,7,2,0.7142857142857143,0.8769157344610596,1
A1YRCG44URSYZ8,5,1,1.0,0.3070340443029183,0
A1YRH69LB3CZDU,9,2,0.2222222222222222,0.7992504409171075,0
A1YRPXMYDV2QE3,5,2,0.4,0.5327272727272727,0
A1YRTBY61Z2S7U,6,5,0.5,1.5156783956783955,0
A1YSGEMPU2UPP4,7,2,0.2857142857142857,0.6226576994434136,0
A1YT6PQOTNG5J7,5,1,0.4,2.240196706930292,0
A1YTA9T1F2JPIZ,7,2,0.5714285714285714,2.437218138040689,0
A1YTDX66UFKMQW,8,1,0.625,1.0005913433700653,0
A1YTIBFGINPGMR,5,2,0.6,0.3440566313481915,0
A1YTR2T8D5XAB5,5,2,0.8,0.6166465459423205,0
A1YTTXELVUWC5F,6,5,0.8333333333333334,0.5132591442374052,0
A1YU517S7REQ8D,9,2,0.5555555555555556,0.8114056794545383,0
A1YUWK0O71JG0W,21,3,0.6190476190476191,0.5759382638051291,0
A1YUYTMLT23CUB,5,1,0.8,1.0162481211124674,0
A1YUZF5LQYUA1H,12,4,0.16666666666666666,0.424123836403248,0
A1YVFRS8X03MU2,11,3,0.7272727272727273,0.6526880980749323,0
A1YVRH633QYK15,6,1,0.6666666666666666,1.2348336529744917,0
A1YVZURBUHVQ6A,9,4,0.7777777777777778,0.4097190433006749,0
A1YX49D4OL0387,11,4,0.36363636363636365,1.1480716253443526,0
A1YX4J53IG9M58,7,3,1.0,0.696893431502949,0
A1YXP8PLFILTBR,8,4,0.75,0.9191842431761788,0
A1YXQG9YW1HKYW,6,1,1.0,0.7094860166288738,0
A1YZ4VL1GNHVN0,7,3,0.7142857142857143,0.8209252806813783,0
A1YZ6H8DNC0LPD,9,3,1.0,0.8612169312169312,0
A1YZF0PNRRTUK2,8,4,0.5,0.5664258694431108,0
A1YZWLVFD6377O,5,3,0.8,0.8445299003510683,0
A1YZY4LQXZ159T,5,2,0.2,1.0526122304701306,0
A1Z0EWNK856MUQ,5,1,1.0,0.9983827897775545,0
A1Z0K3LNNGE24M,12,3,0.6666666666666666,0.5582432023514405,0
A1Z0NIO16UXTH,11,4,0.9090909090909091,0.782435770750988,0
A1Z1EHL6JMI0M4,7,2,0.42857142857142855,0.5768307322929173,0
A1Z1RSLC16FW27,9,2,0.1111111111111111,0.6202964325685224,0
A1Z2G0MN861KSU,7,1,0.8571428571428571,0.6595375146395553,0
A1Z3GYZQLTIBRB,5,3,0.8,0.37224769397721114,0
A1Z3WG0D5SFTL4,9,7,1.0,0.306411175861828,0
A1Z489XV3ECQBZ,7,2,0.8571428571428571,0.884770831409487,0
A1Z4E3SO0DSSPJ,5,5,0.8,0.5456639661852764,0
A1Z4GII5CHCDG7,41,14,0.6341463414634146,0.8988535691619238,0
A1Z4Y0IFDAQZW0,7,6,0.42857142857142855,0.8941020132749457,0
A1Z59HVB8OPON0,5,5,1.0,0.5186759581881534,0
A1Z5GR7SK8RTKG,6,6,0.8333333333333334,0.7144957983193277,0
A1Z5KTAE39TYEB,7,2,0.7142857142857143,1.1583463770217717,0
A1Z63VXGLNNYO5,5,2,0.2,0.41313131313131296,0
A1Z68K7XDOSHD,5,2,0.6,1.4112020905923344,0
A1Z6IOK06DJM31,5,2,1.0,0.6844502164502166,0
A1Z7AFFHBSER9J,5,2,0.8,0.677142857142857,0
A1Z7FZP81N8CDU,25,2,0.52,0.789584840451939,0
A1Z82WO6ZE9IEY,6,2,0.6666666666666666,0.4032291873424878,1
A1Z8LISVZ8NFI8,5,2,0.4,1.1780616174582799,0
A1Z8XU1WEN8LDG,6,4,0.3333333333333333,1.1396862396862395,0
A1Z8YKL9KKH791,5,1,0.6,1.2862450592885375,0
A1Z95WPPJMEM8V,5,4,0.6,0.3970689655172416,0
A1Z9HNT6C8E8WY,6,2,0.8333333333333334,0.8477760056707426,0
A1Z9YKBQZIZH7K,5,1,0.6,0.8510590250577088,0
A1ZAGDM33RM0D0,7,3,0.8571428571428571,0.6102776514332441,0
A1ZB5WS9KOHSJZ,8,4,0.5,1.0169490923640283,0
A1ZBGFVVMDPOPD,19,2,0.5789473684210527,0.5713984699301536,0
A1ZBPT3FPE0QRN,6,2,0.8333333333333334,0.48574669226720263,0
A1ZBU1PIKVNEBC,7,2,0.5714285714285714,0.35016186314159103,0
A1ZBY1HZN2280V,5,2,0.6,0.8793290043290043,0
A1ZCR6SOYVFKYY,8,1,0.5,1.0716270763905034,0
A1ZCV0IX1PIT63,8,2,0.5,0.8157864388883989,0
A1ZDJWHM0MV1E5,5,1,1.0,0.7717392354732509,0
A1ZDLKPKX2D4A5,6,2,0.8333333333333334,0.4673922862149888,0
A1ZDWRPDSOK6X8,14,5,0.8571428571428571,0.5157282721972225,0
A1ZEHPU9ND9GDA,6,6,1.0,0.33579806718104566,0
A1ZEKR0TV9Y91R,6,1,0.3333333333333333,1.1421335200746965,0
A1ZENOWBU7SFRD,9,2,0.5555555555555556,0.8620097382292504,0
A1ZEUQ2D21GAQD,7,3,1.0,0.43629167611052616,0
A1ZFM7VYC7H,9,2,0.8888888888888888,0.692020042010815,0
A1ZFXN555G6EGN,7,2,1.0,0.8509895675794293,0
A1ZGHA3IJV01BK,23,2,0.391304347826087,0.6246659060517757,1
A1ZGJM6HTR68NL,7,5,0.5714285714285714,0.4986263736263736,0
A1ZGKDY95GQBC8,5,2,0.6,1.4190909090909092,0
A1ZGZ387Y4ZVYP,5,1,0.2,0.38536398467432953,0
A1ZH45IQUJYCOJ,5,3,1.0,0.30654840200791683,0
A1ZHTZJBYB7BRQ,6,3,1.0,0.8463221397772838,0
A1ZI64V6OBQ47F,7,1,0.14285714285714285,1.1112439728293386,0
A1ZICKR1NS123L,9,4,0.6666666666666666,0.39678365482963196,0
A1ZINRPR7WGG7X,11,2,0.36363636363636365,0.3509770909024641,0
A1ZIZGS50XZPCX,6,3,0.5,0.9264009139009138,0
A1ZJ1AHFMJ9EJB,6,2,0.6666666666666666,1.1587766902984293,0
A1ZJF9RBTMQAIY,11,2,0.7272727272727273,0.6860985985985987,0
A1ZJW2PAANWLVI,5,1,1.0,0.7050000000000001,0
A1ZK1PB7M3BFEX,14,4,0.2857142857142857,0.8445814837792788,0
A1ZKA59YVVN4PF,5,1,0.6,0.617932183697181,0
A1ZKHVV6SXPRLE,6,2,0.8333333333333334,0.7484036293818903,0
A1ZKJJH2U6U866,12,2,0.6666666666666666,1.125317709222279,0
A1ZL7FHJE5XJB3,5,1,0.8,0.722205128205128,0
A1ZLD397GS5ZCR,5,3,0.8,0.6142509456543579,0
A1ZM846Y7AUYD,47,3,0.3404255319148936,0.49347655112444894,0
A1ZM9JNZJX627K,5,1,0.4,0.8811111111111112,0
A1ZM9THVB0JUPS,28,6,0.6785714285714286,0.6203837900336849,0
A1ZMTHIT9GIAF5,5,2,0.8,1.464989429175476,0
A1ZMUNE2N8G9EJ,5,3,0.6,0.9305820105820107,0
A1ZNBXK5TDZ89C,5,4,1.0,0.7938810464897421,0
A1ZO52H65JGZV4,6,1,0.8333333333333334,1.7822365055330662,0
A1ZOKQ3KNW00FK,6,2,0.5,0.9030228758169935,0
A1ZOU4OFT22XBE,6,1,0.5,0.993329156223893,0
A1ZPD53DH9LFVF,14,4,0.7857142857142857,1.1550821481621596,0
A1ZPFWVG7DN0SZ,8,1,0.5,1.624846664962944,0
A1ZPJ9MIVVMZNM,5,2,1.0,0.7233388723096401,0
A1ZPL96FD91N86,5,3,0.8,0.46778019779727054,0
A1ZPMGKXJI25UH,6,2,0.5,0.47724972290189677,0
A1ZPPW9SSGPM6T,8,3,0.375,0.8149038461538461,0
A1ZPRJWAVMCBVC,17,4,0.7647058823529411,0.6861462647173577,0
A1ZPXC87RR6EU1,9,3,0.6666666666666666,1.2134388258227267,0
A1ZQA6TTV3Q0OU,7,2,0.8571428571428571,0.8249564470617103,0
A1ZQJJ2U0IIKPD,5,1,0.8,1.0462955465587043,0
A1ZQYNWNWNSWK8,5,2,0.4,1.2768080938669173,0
A1ZR5M0TFNF56E,9,2,0.2222222222222222,0.6610524365399686,0
A1ZRDUAVGB22LG,12,2,0.25,0.5831596113358408,0
A1ZRKRDFWG1TC,5,1,0.6,1.2616678814821232,0
A1ZRRM1AIZK4JU,7,4,0.8571428571428571,0.35123257320859697,0
A1ZT2CBKZL2BUA,11,2,0.6363636363636364,1.4469609892023685,0
A1ZT6E8EQO39D7,5,2,0.0,0.386048817696415,0
A1ZT7UQ5Y9RK01,6,3,0.3333333333333333,0.3567821067821068,0
A1ZT99NYLDEZQO,5,4,0.4,1.1371615312791783,0
A1ZTX1KCF895LW,6,6,0.3333333333333333,0.6220945083014047,0
A1ZUBKQVS19VPF,7,1,1.0,0.5961174159581998,0
A1ZUQFAP0QPL2Z,5,2,1.0,0.800286220180664,0
A1ZUQG0G6550I3,7,2,1.0,0.6255691875282626,0
A1ZVCGYGFDAB70,6,3,0.8333333333333334,0.7298459546330459,0
A1ZVDDZKWHTDIK,5,1,0.6,0.7089796119755414,0
A1ZVJNYBKTBK7,6,2,0.6666666666666666,0.8538752913752914,0
A1ZVVBDN70Z8UR,5,1,0.2,1.895871815045694,0
A1ZW27BULO098R,13,4,0.9230769230769231,0.5707423815097624,0
A1ZW8WI25MWQX4,5,1,0.6,0.5196683981035781,0
A1ZWBN5GDR81YC,8,7,0.625,0.58118500737055,0
A1ZWE7GLX5ZJ4C,6,5,0.8333333333333334,0.8639088012743926,0
A1ZXNZ6CF8V6Q5,5,2,0.8,1.0506600993223798,0
A1ZXVKJTHKGA97,15,5,0.6,0.4744837274249038,0
A1ZY2DK4CXF2CI,18,2,0.5,0.6343635095468714,0
A1ZY3PF6UNIO3N,6,1,0.8333333333333334,0.891612554112554,0
A1ZYFZ5WJOSPER,5,2,0.8,0.7938247298919567,0
A1ZZ5HSJM7EJZP,5,2,1.0,0.7546208688218996,0
A1ZZCKDDDQA8SD,7,2,0.5714285714285714,1.2495867066591273,0
A1ZZCS4GDFC9TT,7,3,0.42857142857142855,0.9444292121743024,0
A1ZZJ4M0TG3INS,12,8,0.75,0.7704469814745477,0
A1ZZZCHFABNW9V,8,4,0.75,0.35666342703349296,0
A200C5ZDWEKTRA,9,4,0.5555555555555556,0.7249109319301207,0
A200MA7G4P4Q2N,5,2,1.0,1.4246993746993748,0
A200OYNQ9WWYB3,5,3,0.2,0.8159833630421867,0
A2013JDMPUV6D9,18,3,0.7777777777777778,0.6412378646908089,0
A2013KAL0M5L46,8,2,0.875,1.0132643398268397,0
A201E4ROP902FY,9,2,0.7777777777777778,0.41449794905620785,0
A201HVME20DUW0,9,3,0.8888888888888888,0.9503642974805098,0
A202FGORFP923O,12,4,0.75,0.8734848885124259,0
A203PBOB0FREYT,12,5,0.75,0.7552869789123403,0
A203RKFUESCH48,6,4,0.3333333333333333,0.33931044556868023,0
A203XXX3CYJJB5,6,2,0.8333333333333334,0.6521580867656263,0
A20403BR0K7VM8,19,4,0.5263157894736842,0.9376401558967349,1
A20440334P21CC,5,2,0.8,0.6163641992682243,0
A2045WGEF7P17E,5,2,0.8,0.732066933012631,0
A204ETWOV23HO4,16,2,0.625,0.6367644410712636,0
A204R7IHS4G9AC,6,5,0.6666666666666666,0.6665331596743628,0
A2054C9V2JCQGW,5,3,0.6,0.881495628554452,0
A205HPSGU7P4B3,9,4,0.8888888888888888,0.8251154443966506,0
A206B0FFAMHV9V,10,8,0.8,0.6657655476913249,0
A206FFH5DBWL1H,8,1,0.375,0.9763157894736842,0
A206KRB8AGKCJD,5,2,0.4,0.5072707343807087,0
A206TO1N93VHBS,7,1,0.2857142857142857,1.2219475721323012,0
A206U97FPE48UV,5,1,0.6,0.756969696969697,0
A206XN7EN2R6D6,8,4,0.0,0.8109721784494068,0
A207AQKPA97DMX,5,2,1.0,0.7093268275051956,0
A207GHTRF9GRNF,10,5,0.7,0.7516849255121565,0
A207JUN4UE12N2,5,5,1.0,0.3941284720854613,0
A208SQIS7RUIO0,8,2,0.75,1.0656354427736008,0
A2097WPTXSIAP0,5,2,1.0,0.8361893317056218,1
A209G57KXCBF4C,40,3,0.15,0.7258657057303418,0
A209NTWL1FX6ZD,11,1,0.45454545454545453,0.3012402348609245,0
A20A1EVTJYREB8,6,1,0.5,0.7669498980916444,0
A20A5916IBL6HH,14,9,0.7142857142857143,0.7539484421941359,0
A20ADMI9WR5OPL,6,2,0.8333333333333334,0.2971139971139971,0
A20AKDW2I3LH1B,9,3,0.7777777777777778,0.5966071105622298,0
A20APLPJZCXM0D,8,2,0.125,1.0020754790537358,0
A20ATOSX0VKXAG,9,5,0.4444444444444444,1.0254245939356124,0
A20AYB5E8MALUW,7,1,0.8571428571428571,0.5196167739875133,0
A20B06VXQO8HAT,6,6,0.8333333333333334,0.6501347776347776,0
A20B6KKD1PBFX8,5,3,0.6,1.0665689865689867,0
A20BC3R2NBN646,18,4,0.6666666666666666,0.651303470137719,0
A20BDBDV3CBVAK,7,5,0.2857142857142857,0.7760204081632652,0
A20BFJ0BHFO7X3,7,1,0.0,1.1075992790278504,0
A20C43QZYLZACJ,7,2,0.7142857142857143,1.029391477958859,0
A20C4RCZJTWC9K,16,6,0.875,1.282733432366818,0
A20CC4CZ7EL7D7,6,2,1.0,0.7054124699185443,0
A20CDUXNLW7XLS,5,1,0.6,1.0679166666666666,0
A20CFKDII8QYSQ,7,2,0.8571428571428571,1.0995749014492255,0
A20D2Y5FUVH74A,11,2,0.9090909090909091,0.40960030298780126,0
A20D2ZFUVB06QI,5,3,0.4,0.7154312354312354,0
A20D4TBKQR9UP3,5,3,0.8,0.5157916317442505,0
A20D9VGCF3P13L,21,3,0.7619047619047619,0.5817992401428494,0
A20DGGEMF7WTMP,5,5,0.6,0.5706754790201309,0
A20DLJK7ZVWKGR,5,2,1.0,0.7556390977443609,0
A20DQ3OYBPVX5P,8,3,0.625,0.7041133851150466,0
A20DRRKAN5Z9Q,11,4,0.45454545454545453,0.8360007127213273,0
A20DZX38KRBIT8,90,3,0.8444444444444444,1.9223195269619462,0
A20EID7990EFN2,7,4,1.0,0.5664283895376333,0
A20F1M03L6UNV0,5,2,0.8,0.5494131375870507,0
A20F84KUBWM88B,17,2,0.8235294117647058,0.7128067498492219,0
A20FBMSL6KNIZA,5,3,0.4,1.4722294372294373,0
A20FO9O3DIM8DT,6,1,0.8333333333333334,1.518977153746283,0
A20FR4GDESILPA,20,3,0.4,0.8128137625657994,0
A20FWXC34E7NVJ,5,3,1.0,0.18485815602836891,0
A20G8L7LKDZ848,9,3,0.2222222222222222,0.9117725198552267,0
A20GAB79ZFQGW4,5,2,0.8,0.8835164835164833,0
A20GGTIOZQU7EO,5,2,1.0,1.1,0
A20GI5FRFDXFKA,8,1,0.625,0.7347507981346271,0
A20H7YLOAF3YQC,6,5,0.8333333333333334,0.7902545522110739,0
A20H8QNUJZNFAN,5,1,0.6,0.47510370651603206,0
A20HN2QECYEUF4,5,1,1.0,0.545798418972332,0
A20HOXK7EKSUCA,5,1,0.4,1.0816335814722913,0
A20I7NL3WY25H8,5,3,0.8,1.3,0
A20J67RTBV1XH9,11,3,0.7272727272727273,1.205045780513017,0
A20J9ULNBRX831,6,2,0.5,1.2939360076719277,0
A20JAUP6O9OKZQ,5,1,1.0,0.6966666666666667,0
A20JYSKGZ42ORR,7,2,0.7142857142857143,0.7709464104790852,0
A20JZNTSM5I65M,6,4,1.0,0.8146224528938414,0
A20K0GPVMGXN9,18,2,0.6666666666666666,0.8785038871797073,0
A20KJABXJLXG9G,5,1,1.0,1.230827067669173,0
A20KUT397DBVQ9,6,1,0.5,0.8901841533714935,0
A20L2Y5CIA3VF9,19,10,0.9473684210526315,1.0807961415360994,2
A20LGL0H23UDC5,7,3,0.42857142857142855,0.5194624356802001,0
A20LJM7I7UCH2H,5,4,1.0,0.448145510321717,0
A20LM081RZZKSO,11,4,0.9090909090909091,1.1089425545055696,0
A20LUW7276V329,7,3,0.8571428571428571,1.195021050378193,0
A20LVWLMVBPTUK,5,5,0.4,0.7888198757763976,0
A20LYGBNUC09W4,24,6,0.5,0.5155141925625517,0
A20MM8065EOMWP,20,5,0.7,1.4952861085930205,0
A20MMDND0MC1GJ,6,3,0.5,0.49701762824569834,0
A20MRY12ZIVQ3U,5,2,0.8,0.8897074242882154,0
A20NB4UBW4WDKG,10,2,0.8,0.5009824126490793,0
A20NK9EQQJOMAV,9,4,0.7777777777777778,0.8414547435135671,0
A20NKO0RJFAQMP,5,5,0.6,0.9751984126984127,0
A20NZA6BWSCUC4,6,1,0.6666666666666666,0.4103429310012925,0
A20OGUIEHZ15X9,11,3,0.36363636363636365,0.9283992395065109,0
A20OVYXJES8GT5,6,2,0.8333333333333334,1.3258725612449016,0
A20P890DHGG0UL,12,2,0.6666666666666666,0.7241534277564056,0
A20P8ZPFT5UVPF,6,2,0.8333333333333334,0.8605488943544897,0
A20PAJNZK0J2UA,7,1,0.8571428571428571,1.1621013922810504,0
A20PBBI8TX60Z0,8,2,0.5,0.9247204902045377,0
A20PGQFWRTJLW,5,1,1.0,2.1806749379652604,0
A20POM2FST0EA3,6,5,0.8333333333333334,0.8014149430816097,0
A20Q1PXCTPLHIP,7,6,1.0,0.842687074829932,0
A20Q8LGFAKG5KR,5,2,0.8,1.0623809523809524,0
A20QO5I08JQZE2,8,5,0.5,1.3532211494290145,1
A20R8N25W187LY,8,1,0.75,0.8486788549932143,0
A20RBABMZJT488,5,2,0.8,0.36940302853814816,0
A20S4M728FWXSE,7,2,0.42857142857142855,0.36396457519164765,0
A20SDTTTKNRQT9,5,1,0.4,1.3651905979783219,0
A20TGNYMK0CO1L,7,2,0.5714285714285714,1.010904713264264,0
A20TUTGV2GKZW2,6,4,1.0,0.6662157287157288,1
A20UDLXSNAJHKF,6,2,0.5,0.7847001763668432,0
A20UT7V7EO97QZ,7,2,0.8571428571428571,0.7534809389705703,0
A20UTMVH2IIY8Z,7,2,1.0,0.9774702272126385,0
A20UU4506ECYTV,19,4,0.6842105263157895,0.4661696071007472,0
A20V7N5A22F4BM,35,2,0.5428571428571428,0.8734818216508158,2
A20V7TQ04Z4MFS,5,5,0.4,0.4438888888888889,0
A20VBAYY9ZH5AS,7,1,1.0,0.4997315564156697,0
A20VCQ541G4FS3,7,2,0.8571428571428571,1.545715007314401,0
A20VQ9HLIW3HUO,9,2,0.3333333333333333,1.0312006105484366,0
A20WI8A0DSVZGK,6,1,1.0,0.6618969973267667,0
A20WUUD9EDWY4N,37,15,0.7027027027027027,0.6476406336640654,0
A20X177OI2P78F,6,2,0.6666666666666666,1.6775539275539277,0
A20X871A8JS810,6,1,0.3333333333333333,0.9406249999999999,0
A20XDNSJAZH2DI,5,5,0.8,1.0576923076923077,0
A20XHKOVKIEC5D,5,2,0.6,1.9945098039215687,0
A20XOKI1KEUFXO,14,3,0.42857142857142855,1.1997703622511808,0
A20XZ7TXYU1QEE,11,3,0.0,0.711210859270301,0
A20Y433PDWVNRZ,16,5,0.6875,0.610858555865669,0
A20YJDWDMWZ9NS,11,2,0.2727272727272727,0.9083074785226248,0
A20YRMAOWPGLKW,5,3,0.6,0.998761371020143,0
A20YTXKP2GHCJ1,11,2,0.7272727272727273,1.6171911978048537,0
A20YU3IR0637F9,10,1,0.9,0.388780406899602,0
A20YXQS7KU698F,5,1,0.8,0.7185195936139331,0
A20YZVLMUG93ED,10,5,0.8,0.7556024185612391,0
A20Z0K5NG6W8Z7,5,2,0.2,0.7173792475578848,0
A20Z7LXU2VEBMM,5,1,0.6,0.5415340406719716,0
A20ZD26MRGSUKU,5,2,0.2,1.1951237067026539,0
A20ZJ2FBKOUTYF,5,1,1.0,0.7301973017384361,0
A20ZLDHGXMVT8H,5,2,1.0,1.0064102564102564,0
A2100A4899IE3K,9,6,0.6666666666666666,1.2100814672029063,0
A210D95C1C9WJA,5,1,0.2,0.31564182194616963,0
A210XOF9K5HSHV,6,3,0.8333333333333334,0.3264880299678034,1
A2116HX03FVEAD,5,3,1.0,0.5579471876701427,0
A211HR03LCO2UX,6,1,0.6666666666666666,0.7636396748715587,0
A211OWDGA74RSA,8,2,0.75,0.6591853789544292,0
A211S17M6MQ13K,17,5,0.8823529411764706,0.5555816389256286,0
A21261D1PR6HKL,9,2,1.0,0.8741317412397323,0
A21278EKH9C0NU,5,1,0.8,1.278411000763942,0
A2128VHD2HZFOT,6,1,0.8333333333333334,0.9100780700780701,0
A212REVB5AFP02,5,1,0.2,0.6257638812584696,0
A2134NN7WZDDFT,5,1,1.0,0.6850931677018632,0
A21368VVAIA7OH,6,1,1.0,0.5943217718626067,0
A2138FRQFLH3G3,10,3,0.8,1.0900912975912977,0
A213EJHBYE127F,6,5,0.6666666666666666,0.9344081168024537,0
A213F1EGVVL2IB,6,5,1.0,0.6807390011136683,1
A213KSWHEPIY8M,5,1,0.8,1.2102020202020203,0
A213MWBSXZTCFJ,5,4,1.0,1.3175675094599246,0
A213O9XT1WJ7P6,5,5,0.8,1.2441758241758243,0
A214BR4NXTKY4M,14,2,0.8571428571428571,0.6009361040081753,0
A214IT5L6ATWG3,7,3,0.7142857142857143,1.3617502245529043,0
A214YAWZBN0MR8,5,3,0.2,1.1813793103448276,0
A2159NZBHBHILH,5,3,1.0,0.3532034632034632,0
A215DQ7IMZ8N3G,7,3,0.8571428571428571,0.8934746625923096,0
A215G16Q714ZQ6,8,4,0.5,0.46317775974025976,0
A215GK0TK6QEXN,5,5,0.6,0.7685714285714285,0
A215XOSN9VQLQH,7,2,0.5714285714285714,1.1513157894736845,0
A215XZWPII8AMS,7,1,0.8571428571428571,0.7289350083467732,0
A216VDO5BCPX4X,7,4,0.8571428571428571,0.5555693630237241,0
A2175QZ86KXCLA,7,4,1.0,0.5894169973157435,0
A2178GAETFK3JK,7,4,0.7142857142857143,0.5604702750665486,0
A217CC8F7N5717,13,2,1.0,0.7914826235519627,0
A217F47KNJD2QN,6,1,0.8333333333333334,0.3611597531304415,0
A217RWSFWVBD6T,7,1,0.5714285714285714,0.6018322257452693,0
A217ZX32TCI8KL,6,2,0.0,0.8355834480808251,0
A2180DX6EIK3I2,7,3,0.7142857142857143,0.7087274864995443,0
A218P4TURHS5U0,7,4,0.5714285714285714,0.4713802908150005,0
A218TTRZQ2K5AH,5,2,0.6,0.9724304458625557,0
A218TVF089OT4K,6,2,1.0,0.3939593618941446,0
A218U3T7RHKPM1,10,2,0.8,0.851965289833575,0
A2194PH8DKGB7I,5,2,0.6,0.7978653750048051,1
A21952ZBLDCGW8,8,3,0.875,0.5143375756403039,0
A219SCW7IGF28P,5,2,1.0,0.5096938775510204,0
A21AXQYWDS8TKC,5,1,0.2,0.5750750750750752,0
A21B2MLNQEY94O,6,3,0.6666666666666666,0.9990907592572245,0
A21BH7S2PA73XL,5,5,1.0,0.6165525089346084,0
A21BLL6ERLR2PP,12,3,0.6666666666666666,0.7257277755032702,0
A21BLXS5N9UK3M,7,3,0.8571428571428571,0.5965526024022628,0
A21BNYI5AQEFEB,6,2,0.5,1.3213645394732947,0
A21CE99Y7OQU6Y,12,3,0.9166666666666666,0.9146178030236002,0
A21CPPA7K4IU33,6,2,0.5,1.4585020242914981,0
A21D2FLIOX208O,6,2,0.6666666666666666,0.6607691129394982,0
A21DOCRFZD6YKE,5,4,0.8,0.26370851370851367,0
A21E501NYOSITV,5,5,0.0,0.8432987010412217,0
A21EDMG94ID7D,15,2,0.7333333333333333,0.7217598308971306,1
A21EJ67AQGX8TR,12,5,0.4166666666666667,1.0387599008528017,0
A21EQGTJXHAVT5,7,2,0.8571428571428571,0.525981510305862,0
A21EW1CMBF5UKC,9,3,0.4444444444444444,0.595003614305085,0
A21F89WDF80KED,7,2,0.7142857142857143,0.44507660419336365,0
A21FO8HXJECL08,7,1,0.14285714285714285,0.5654407284932775,0
A21FX4X350687H,6,2,0.6666666666666666,0.6171855921855921,0
A21FZW91CX12TA,5,2,0.6,0.4602077870091251,1
A21G1MUAP3JUDX,6,2,0.5,1.2182659932659934,0
A21G3NDQPM64OB,5,3,0.4,0.4986938775510204,0
A21G3XKFX4AQV6,9,3,0.7777777777777778,0.7452536231884057,0
A21GCOGHDQNHQS,7,3,1.0,0.6902086009228867,0
A21GJDTYASXTWA,7,1,0.8571428571428571,1.0757020757020757,0
A21GMME4YGBR7R,6,1,1.0,0.4379962414846137,0
A21GW4L8FO307V,29,7,0.7586206896551724,0.7984515827158403,0
A21HP6M30Q5PAA,7,5,0.42857142857142855,0.2996506866446897,0
A21I8TSCK6DQ67,8,3,0.125,0.6760010822510822,0
A21ITSL0BRRXVM,5,2,1.0,0.34162719683431086,0
A21IWRFU3QSTQ6,9,4,0.5555555555555556,0.8444544569914173,0
A21J5YFPMTM7ZI,7,3,0.7142857142857143,0.9134887720346213,0
A21J9JTATORX21,5,1,0.4,0.4074326211422986,0
A21JQCOR51YX0E,8,4,1.0,1.3345621976656459,0
A21JQESCG0LDJ8,5,2,1.0,0.4751474135620478,0
A21JTG7N83N0YP,5,2,0.6,0.6120970082221137,0
A21K4V2MW6U8S1,5,2,0.4,1.9182795698924728,0
A21KM4P1KARP57,10,6,0.5,0.8819641109545276,1
A21L12NT10X25E,7,4,0.5714285714285714,0.6387061160200906,0
A21L6LDLEKM7H2,8,3,0.375,1.368865054064163,0
A21LIGZQ7I74AX,6,1,0.5,0.8995038100301258,0
A21LPVPMEFCHF7,13,3,0.8461538461538461,0.8049392174348254,0
A21MDR14ZX3OXG,7,1,0.5714285714285714,0.7449541919339279,0
A21ML6YDWKGCV5,5,1,0.6,1.0366666666666666,0
A21NF18MH8VL8L,11,4,0.5454545454545454,1.4560848242666424,0
A21NF1EJVA1PP0,5,3,0.4,1.095062656641604,0
A21NLP0LPHIB29,9,2,0.6666666666666666,0.9344563638327941,0
A21NN34UOSS9L3,7,1,0.7142857142857143,1.0114245698279312,0
A21NQZEME5HHMD,5,2,1.0,0.6265262515262517,0
A21NU1AS0U5B3L,6,2,0.5,1.1608665716999051,0
A21NVTST9LYEVH,12,2,0.8333333333333334,0.8370851356474264,0
A21OGJI2ZIGCYD,5,3,0.4,0.7535328532853285,0
A21OPP9JZPS4P0,5,2,0.8,0.5774867724867725,0
A21OXSR41NDQNG,8,6,1.0,1.0461632499295197,0
A21PERYU8JLODE,6,2,0.16666666666666666,1.3960343429213775,0
A21PLFQW23PA9K,7,2,0.8571428571428571,0.5272826438267614,0
A21PTU6WV797IE,11,9,0.9090909090909091,0.5822684553039992,0
A21Q9HY3XGJIU3,8,3,0.5,0.8150079087579088,0
A21QH2E3KFVMBM,7,2,0.42857142857142855,0.49408369408369396,0
A21QQB0GM1B9BS,7,4,0.8571428571428571,0.544378478664193,0
A21QRT3WM56P7A,6,2,0.6666666666666666,0.6303887738670347,0
A21RBHRI4Z6X9A,8,2,0.25,0.4966430812295474,0
A21RFYC6UGPYJV,6,2,0.8333333333333334,0.8615319865319865,0
A21RY8JZCGNZDF,6,1,0.8333333333333334,1.086050061050061,0
A21SL94J53BDS9,19,2,0.7368421052631579,0.8374968961320501,0
A21SM39Z37B0KU,5,5,0.8,0.5974038783659781,1
A21T9UFMU9EQU0,10,1,0.5,0.7310621508652682,0
A21TCQNAG821DR,13,4,0.9230769230769231,0.7118666742421351,0
A21TRW6C44MMKD,5,2,0.8,1.107205882352941,0
A21TV5X62F8RUV,6,2,1.0,0.5293369676090499,0
A21TVX27EJ9LMS,5,1,1.0,0.8189423770173591,0
A21TXJ4W2ZXZ5M,5,3,0.8,0.9781692918862872,1
A21U07ELXE8UBH,7,3,0.5714285714285714,1.6543694400837257,0
A21U25S35PZGY5,5,2,0.8,0.5065381708238851,0
A21U3KFXDPGP5M,7,4,0.7142857142857143,1.0864795918367347,0
A21UMIQUWK617Z,5,1,1.0,0.7958333333333333,0
A21UN96SSNTQL2,7,2,0.8571428571428571,1.1543265820540103,0
A21UT4EXVU5ZGE,5,3,0.4,0.79,0
A21V7URC2KQSUA,9,2,1.0,0.9307905143496834,0
A21V8ZJHZSMUHG,5,4,0.8,0.3646559302170923,0
A21VK4ISXN809P,9,6,0.4444444444444444,0.8888220690152847,0
A21VLW9HNPLD0N,7,2,1.0,0.3736044417767106,0
A21VTEA79WRRMA,5,2,1.0,1.4948897772167284,0
A21VUB1OCXLS10,5,1,0.8,1.0839590204897551,0
A21VV8V0OUK1DK,7,2,0.14285714285714285,1.2461038961038962,0
A21W9UEOZ13STU,8,3,1.0,0.8223430242437975,0
A21WL37HK8ERDY,8,3,0.125,0.4791231012819533,0
A21WOB2CIZVMRX,6,5,1.0,0.9499973708229303,0
A21WT3WTVAQSYG,5,2,1.0,0.9911355311355312,0
A21XGQUQEBNRJS,10,3,0.7,0.8498017070134682,0
A21XQWMYER42U5,7,5,0.5714285714285714,0.6885205193351814,0
A21XUDC9QBLLSI,33,6,0.8181818181818182,0.7277436651103121,0
A21Y3PAVFPOLB5,11,3,0.9090909090909091,0.5266589398897493,0
A21YSRCW64N5LI,6,3,0.6666666666666666,0.9289748945555233,0
A21YYC2SYN5NDY,11,2,0.6363636363636364,0.6525423115244969,0
A21Z0377YERLCH,7,1,0.5714285714285714,1.9472330969134508,0
A21ZEB3OP7KMUX,5,2,1.0,1.0676190476190477,0
A21ZZWTBPMHQJ9,8,2,1.0,0.9034530632818012,0
A220R3YGCKPTBH,5,3,1.0,0.7116437632135307,0
A220WCFHHMV2X4,9,2,0.4444444444444444,1.862838498895259,0
A2211OMX0IKRA6,8,8,0.875,0.6029978032056038,0
A2211XUAO701D7,9,1,0.4444444444444444,1.329453262786596,0
A2213RCKJC30KD,7,3,0.8571428571428571,0.5242733457019171,0
A22182UCS9EY5H,5,1,0.6,0.74692613370734,0
A2227KA3DAIPRZ,5,1,1.0,1.17380421865716,0
A222I1H7BWZOWO,6,3,1.0,1.0502855565953972,0
A222ILFZAM6A51,11,1,0.7272727272727273,0.6601921577857266,0
A222NUWSUUNT2L,5,3,0.6,1.2301483216237314,0
A222TR1FXK4V7S,6,3,0.6666666666666666,1.3962691226273571,0
A2239NSQBYX4DH,6,3,1.0,1.2920533508573377,0
A2244HRDEHK9A4,7,4,1.0,0.7406146566324542,0
A224CZ2E4C48WW,14,3,0.5714285714285714,0.6017998466587174,0
A224YIBQCDVRQK,5,3,0.8,0.7275926773455378,1
A2253VSMBRB7QL,7,1,0.8571428571428571,0.8366680938109509,0
A2256865IXHUPX,7,2,0.5714285714285714,0.5244727667087915,0
A225G2TFM76GYX,99,4,0.6767676767676768,0.658009250993697,0
A225MDDORM2AO2,5,4,1.0,0.6546365914786968,0
A22604N1XZ9JRW,11,5,0.7272727272727273,1.186263193180388,0
A226CJT4BQXIJO,9,4,0.2222222222222222,0.8232351631474438,0
A226CVR2HHRRMA,10,3,0.6,0.8443099461318638,0
A226RW8L1H4IXE,5,4,1.0,0.5793833289592629,0
A226U4H2ZZN2VW,6,2,0.8333333333333334,0.8201268080331549,0
A226ZQ23QTEV9Q,7,2,0.8571428571428571,1.0460138740967995,0
A227E7OWOGCGNW,7,1,0.5714285714285714,1.592330531612495,0
A227FUWE28DB6E,7,2,0.5714285714285714,0.7403793964394269,0
A227IMN9BB71BO,12,4,0.75,0.8488556116047038,0
A227P8TJ3M3MFL,7,3,0.42857142857142855,0.46294752288267077,0
A227X3HR74WL9O,9,1,1.0,0.7297629896126294,0
A228B35PGJ9S8I,7,5,0.2857142857142857,1.1630582667849747,0
A228O5I7XWT0CJ,19,9,0.8421052631578947,0.5451547354661609,0
A229P6LPMEVMQA,8,2,0.5,0.45634258824794544,0
A22A28CW42M1M9,6,3,0.3333333333333333,0.6121864158215778,0
A22A5XCXCDPLGP,7,6,0.7142857142857143,0.9340970093011476,0
A22AD8M2SSOFHJ,5,1,1.0,0.7101634190160311,0
A22AJJ6SRS7F3D,6,2,0.8333333333333334,0.4772025388404699,0
A22AO2NVGCJPY9,5,1,0.2,1.0392507002801121,0
A22ASDZDGMPBEZ,5,2,0.4,0.325413925152675,0
A22AW6Y7YZMEVR,9,2,0.4444444444444444,0.7347411786716543,0
A22BFCAKN7PJP1,5,5,1.0,0.5410186062537686,0
A22BLW21R13WVI,6,2,1.0,1.4804704173700884,0
A22BWI5AV6V57Y,6,1,1.0,0.9947049606359396,0
A22BZD9BW8YPZF,13,4,0.8461538461538461,0.6913240082934846,0
A22CFT2CFZC24Z,6,3,0.3333333333333333,1.0747513498152885,0
A22CI12LF1W7X4,5,3,0.4,0.6817715617715618,0
A22CW0ZHY3NJH8,151,3,0.5033112582781457,0.6361060761943261,1
A22EDA93ZS1933,6,3,0.6666666666666666,0.689094742403566,0
A22EY8Q0PMWEBM,14,8,0.42857142857142855,0.8804284050703489,0
A22F6OR796U3IR,6,2,0.8333333333333334,0.582070707070707,0
A22FBP7Z6S5RG9,8,1,0.75,0.850638440860215,0
A22FBT99XFBTW3,6,2,0.6666666666666666,1.5621733416852994,1
A22FC901G99HN3,7,2,0.5714285714285714,1.0705754931668552,0
A22FMXMDSLPDCP,6,5,1.0,0.5158819156510449,0
A22G1YTUVN14MN,7,1,0.8571428571428571,0.6617485168617746,0
A22GB0C5DF01QW,11,5,1.0,0.9599130493682148,0
A22GLZ0P4MGO0W,11,1,0.5454545454545454,0.5685233126163325,0
A22GRIJFXVH29G,5,2,0.8,0.4051211290985529,0
A22GY7POX08U8Q,6,2,0.16666666666666666,1.372494447391496,0
A22GY8IOSBB9BG,7,2,1.0,0.6894887873598086,0
A22H5UMEDSV8K5,7,1,1.0,0.7826983996351887,0
A22HDGUSOJO4SY,5,3,1.0,0.4596502015440323,0
A22HDITL5OS7KE,6,1,0.5,1.0489434400724722,1
A22HFZACK0RYGH,5,1,1.0,0.8018592677345537,0
A22HJX8HYF6M98,5,2,1.0,0.696328744263663,0
A22HTKM4BJ89DB,5,1,0.4,1.345959595959596,0
A22I73LJLFLIUD,10,5,0.8,0.5843663565430075,0
A22ICY6JDCRJTP,8,5,0.625,1.0350707782594308,0
A22IHVJ22GJF1Y,8,2,1.0,0.5007644644847208,0
A22JRVAY052312,26,13,0.7307692307692307,0.4772781976487146,0
A22JT58TNJDOKG,13,2,0.8461538461538461,1.53019499019499,0
A22K9LJL278AF1,7,1,0.5714285714285714,1.2159502835335727,0
A22KC2B4JYI2IV,8,3,0.875,0.44182363834744687,0
A22KF5KPBPD872,12,2,0.9166666666666666,1.4489291350479905,0
A22KHWES7PX8MX,13,2,0.8461538461538461,0.7807755721548825,0
A22KYLDH5YTQJ4,7,3,1.0,0.44785693481500427,0
A22LGWFXAAMPZN,5,3,0.6,0.625404969499537,0
A22LMDBECFRAM7,11,7,0.8181818181818182,0.5676782126692949,0
A22M5EMIPD2NRB,17,11,0.7058823529411765,0.6219664924174062,0
A22M607BG76I5R,6,4,1.0,1.1226956669259927,0
A22MF6Y7R55EST,5,2,0.6,0.9922364672364672,0
A22MJN318D9ABE,6,1,0.3333333333333333,0.7721467862960293,0
A22MO09PM7CHA4,7,1,0.2857142857142857,0.8287251554113082,0
A22MXW4S7F1YDU,5,2,1.0,0.4877683696429392,0
A22NGHNA6HBA4D,6,4,0.8333333333333334,0.5279662910038482,0
A22NR44S6W9VGI,5,1,0.8,0.8367155425219941,0
A22ORYSPZ839O8,11,4,0.7272727272727273,0.74790348984857,0
A22OVYYRUDM9E9,11,11,0.9090909090909091,0.7369830866210023,1
A22P1HU8HX9R2L,9,5,0.8888888888888888,1.2113984780651448,0
A22PIFQSSLATYS,8,3,0.625,0.8401257535902446,0
A22PZ4G1YT2Q6F,5,2,0.6,2.8261904761904764,0
A22QAP6JXQUFXX,5,2,0.8,0.7252575381607639,0
A22QDX83VGVJPM,6,1,0.8333333333333334,0.5172817922817922,0
A22QFQAWSCXWY7,8,7,0.75,0.5867230512894814,0
A22QIJY2CB21MV,18,4,0.4444444444444444,1.084493208508122,0
A22QN8JDZS8YOF,24,4,0.4583333333333333,1.0202033998305173,0
A22R44FU4V5F3B,15,5,0.4,0.5840561958172484,0
A22R7I30BQSDVD,5,4,1.0,0.47687074829931964,0
A22RN8UZXNHTLK,10,7,0.9,0.5641967350441319,0
A22RRQ4I236BEG,10,3,0.9,0.5719989826329006,0
A22RTM8NQZ8NYP,5,2,1.0,0.8229881361522112,0
A22RVFDMHI50NM,5,2,0.8,0.8578481220272265,0
A22RY8N8CNDF3A,25,2,0.72,1.2321577388183913,0
A22RYGRT3FJOPD,5,4,1.0,1.3166900093370681,0
A22RYPT1RCACVR,5,2,1.0,0.5928571428571429,0
A22S1X0SH1I33T,5,2,0.2,0.6542522380200104,0
A22SBD5R61HBOO,7,2,0.8571428571428571,1.2893857832988267,0
A22SFPYPRS4V6F,5,2,0.6,0.8003270676691729,0
A22SJDU41EP8QH,5,2,1.0,1.3712754409769334,0
A22SPJ7S66GCC4,5,4,1.0,0.4256356221418335,0
A22T8GQM3IJ37H,5,2,0.6,1.2832608695652172,0
A22TASV065UOCK,6,3,0.8333333333333334,0.5087012987012987,0
A22TUEB5TG0FTQ,14,2,0.6428571428571429,0.7069517588895494,0
A22VFXCBB65JU4,5,3,1.0,0.2800634920634922,0
A22VHZU7THJJQA,9,2,0.4444444444444444,1.6190251269198639,0
A22VM1VEPI21QM,15,7,0.9333333333333333,0.45746971798186314,0
A22VNF8GION1EB,7,1,0.5714285714285714,1.8470933828076685,0
A22VNXHU6IZ5MT,23,2,0.6521739130434783,0.9507806714945792,1
A22VTU53WE2A4V,6,1,0.6666666666666666,0.6682400932400934,0
A22VY1WSY6BUMP,5,1,1.0,0.8523583469703055,0
A22W0MPWNJSWA1,8,5,0.75,0.8688965165399591,0
A22W4064FH1VHE,5,2,0.6,0.4320147142048672,0
A22WIR0R5KSX8D,8,2,0.375,0.7810476448006315,0
A22WODWOZKCO40,8,3,1.0,0.5619047619047617,0
A22WSZ8VI43FCO,6,3,0.8333333333333334,1.2058360893764621,0
A22XCBX4N3GRIO,5,2,0.6,0.523682467659465,0
A22XHWAE9HLVRL,5,1,1.0,0.5299265450861194,0
A22XOGRM2ZN0SW,5,2,0.6,0.8719047619047618,0
A22XR3XKIL7BK8,5,2,0.6,0.8565150883048254,0
A22XTV8NGTEPB1,7,3,0.42857142857142855,0.7021111452099638,0
A22XU6LDP7O210,8,3,0.625,0.7589766294311748,0
A22XW65KYU3PN5,5,5,0.8,0.7383643530382662,0
A22XWKQ0H3PR6A,5,2,0.0,0.4860124158953198,0
A22YS2Z2YZM7CD,6,3,0.8333333333333334,0.9438494167550372,0
A22Z1KC7QDS8IS,14,2,0.14285714285714285,0.5843645329651023,0
A22Z1Z8F5GA40S,9,2,0.5555555555555556,0.6879157193972009,0
A22Z2PGZ3ZUEMP,6,3,1.0,0.8127954786256835,0
A22Z4F38GJ1J7P,5,2,0.8,0.7763736263736263,0
A22Z554ZQ8NFPC,15,3,0.7333333333333333,0.6486601974134534,0
A22ZNMEVMP660Q,14,7,0.42857142857142855,0.7417489090923833,0
A2306N21IQL8BR,5,3,0.2,0.6109996283909327,0
A2306RFDMM8FDX,6,2,0.6666666666666666,0.6553906508840095,0
A2309D9T79ELOD,6,3,0.8333333333333334,1.0903133903133904,0
A2309RP4LD1EIE,5,2,0.8,0.8803030303030303,0
A230F2ZKGFGY8A,7,1,0.5714285714285714,0.4990325792000513,0
A230G9XOVQQRII,5,4,0.4,1.4661293345829427,0
A230K4ZTRVM0UX,6,2,1.0,0.6792526579111945,0
A230ZQN0658722,13,3,0.7692307692307693,0.579274253788036,1
A231DMZA8857YV,5,4,0.8,0.2662457912457912,0
A231FGX8G2Q5EW,9,1,0.4444444444444444,0.838289356146499,0
A231H5H5NICMW7,6,2,0.8333333333333334,0.8199074074074074,0
A231WX94DQP5SE,5,2,0.8,1.025112781954887,0
A231X47FP2EZQB,5,3,1.0,1.6667216228014774,0
A2328YKUD39LZ4,5,1,0.6,0.8207070707070707,0
A232LZ5HWFW9KR,5,1,0.6,0.7510156510156509,0
A232MCSLYS9FGF,7,1,0.8571428571428571,0.9808033475671335,0
A2336ATFOFIG7,6,4,0.5,1.2740440115440117,0
A2338E3WKBDWDZ,7,1,1.0,0.46875049438380006,0
A233TZONT1OGR0,17,4,0.5294117647058824,0.716259016046496,0
A2341IWGYS7277,6,1,1.0,0.6890022675736963,0
A23472JBV9ZQ4T,6,4,0.8333333333333334,0.5672054615743577,0
A234DJA1EQM29E,7,3,0.8571428571428571,0.41670348980490424,0
A235G01H9LPD8Z,5,1,1.0,0.5390476190476192,0
A2369JKT3HZUW2,5,2,0.6,0.39264425847572426,0
A236AKZ5OB5DI7,12,2,0.8333333333333334,0.5255342465860369,0
A236XRE6MLXPKY,18,5,0.5555555555555556,0.5250924116362478,1
A237C7W7MX92W9,5,1,0.4,1.371401389308366,0
A2382RNNECQ38V,5,3,0.6,1.726086335048599,0
A238OBWZW2L4WE,5,2,1.0,0.7174444444444446,0
A238V1MWVLQMSS,7,1,1.0,1.787136319058516,0
A2399NNLRD8FBT,5,2,0.8,0.4804932633269964,0
A239B7RYPT3PK9,7,2,0.5714285714285714,0.7200892857142858,0
A239DIJJXX6MSW,6,2,0.8333333333333334,0.7394883176272976,0
A239KE1HZINDB5,6,4,0.6666666666666666,0.4382643431935778,0
A239X7LCIC8XSJ,8,2,0.875,0.701357257878997,0
A23A1N8AWJ9SXR,5,2,0.4,0.30786453711919537,0
A23A7OH3AM0PDA,7,1,0.5714285714285714,0.9950120837808808,0
A23AIN5PNLFFGK,5,2,0.6,1.3295107420958814,0
A23BL0Y36R3ZD3,19,5,0.8421052631578947,0.7694214898828085,1
A23BNX8D9K27WK,7,3,1.0,0.9902391725921138,0
A23C5OK3TSF8JV,7,2,0.8571428571428571,1.2853574996432138,0
A23CDG2HX9UWUN,9,2,0.6666666666666666,0.9383272551791677,0
A23CM8IM3I9E5X,7,3,0.8571428571428571,0.5675745924193129,0
A23COTZ159C7E5,5,4,0.2,0.787595818815331,0
A23CTP79W1YZ4G,9,3,0.7777777777777778,0.45954639189695434,0
A23D0LS7MVISFN,6,2,0.8333333333333334,0.5951664351494573,0
A23DXSEI0TEXL8,10,2,0.5,0.6831214766608398,0
A23FJSE5AMGISF,10,1,0.9,1.3887156593406593,0
A23GA883KO0V9I,6,1,0.6666666666666666,0.6184848484848483,0
A23GGC5B9SOG8N,7,2,0.5714285714285714,0.4733371382793173,0
A23GJP3DRWFPFZ,6,1,0.8333333333333334,0.844047316358529,0
A23GRVD0RIJO0K,10,3,0.3,1.228381146430682,0
A23GT3FFCKGN8J,6,1,0.8333333333333334,0.5167821879578173,0
A23GTPRHLN78S2,6,6,0.3333333333333333,0.7740500240500241,0
A23H489JIZDWGG,8,1,0.875,0.7572159090909092,0
A23H55I029WWYN,6,1,0.5,1.285930735930736,0
A23H8NTLI7UJSL,7,2,1.0,0.5482683982683983,0
A23HFK0HEXL8LX,5,2,0.8,0.5469924812030076,0
A23HGZT0M8ISIW,5,2,0.0,0.4623947279546384,0
A23HT240AXFQ49,5,2,0.4,0.4568831168831168,0
A23ID4AZTDBV78,6,1,0.16666666666666666,1.8022074636306133,0
A23IDQKXEML674,5,5,0.8,1.200279634581105,0
A23IG7UAAUHVJD,5,3,1.0,0.6568464826688969,0
A23IWUTPSQP23M,5,1,0.2,1.629727668845316,0
A23J1T7UNX14TK,18,2,0.4444444444444444,0.6202543534192352,0
A23J4S3ZHX48AU,5,4,1.0,1.8432900432900432,0
A23JACPHYV1P86,6,1,1.0,0.9777022924563906,0
A23JB6EM5JZND8,5,1,0.8,0.5505044390637611,0
A23JC34G2WF7C1,8,5,0.75,0.8473257877773371,0
A23JRAGUHLUNYH,7,1,0.5714285714285714,0.37389604964792944,0
A23JUO5YUF714C,8,2,0.5,1.3397019583695549,1
A23KG6OO3RVYV,8,3,0.75,2.0764346946912737,0
A23KMD1VYV8LN0,15,1,0.6666666666666666,0.9073843345342596,0
A23L1OMO4TTOW7,5,2,0.6,1.0880213903743317,0
A23LI4IGIGNV8H,6,4,0.6666666666666666,0.3257939854703609,1
A23LKM9X8Q0J4J,7,1,0.42857142857142855,0.9178266958957497,0
A23M3RYAGVRI3H,7,2,0.7142857142857143,0.8022700331910857,0
A23MRHI4SECCEB,5,2,0.8,0.20692439862542972,0
A23MSUDQMDVFE2,8,1,0.625,0.748563247178254,0
A23MT6Y5XQC0Z,8,3,0.5,1.376860420281473,0
A23MULFKUD4N6T,12,1,0.9166666666666666,0.907411014911015,0
A23MZM4TK3GF8E,7,2,0.7142857142857143,0.8762977693947843,0
A23N6SCOYAXN6R,12,4,0.6666666666666666,0.7021152563181022,0
A23NC65S4DFCHS,7,2,0.7142857142857143,0.9989154678264747,0
A23NCKH61PJ22C,5,2,1.0,0.8302298850574712,0
A23NNLX4OGN4MQ,6,1,0.8333333333333334,1.145818018459528,0
A23NR7891PY2P1,5,2,0.6,1.0349373191899711,0
A23NSKTMSPPBTR,79,2,0.25316455696202533,0.6917734938511394,0
A23NVQ8VHT0LRT,6,1,0.6666666666666666,0.8792704342273309,0
A23OKQNJDWWE9Y,5,2,0.8,0.9516773359352069,0
A23OKZ6JSAWSZT,6,2,0.5,0.6701003776585172,0
A23P6AYU57RLO,10,1,0.8,0.8479209387104124,0
A23POIY70CF297,7,2,1.0,0.7044798789080852,0
A23PQHKPHLZ6NR,9,3,0.8888888888888888,1.0151424204193695,0
A23PYQPGVE71QW,6,1,0.8333333333333334,0.949206349206349,0
A23Q33T1OKMRJ,5,2,0.4,0.8148245614035087,0
A23Q5IDBIWPF9H,5,4,0.2,1.0395753015794056,0
A23QKGBTR29SIU,10,10,0.9,1.0084490519432703,1
A23RESP5H8B8NE,8,6,1.0,0.6382025382025382,0
A23RZIU0N8K2KR,5,2,0.8,0.3062626262626262,1
A23S1YJKGCQTZ6,17,3,0.23529411764705882,1.852937106247702,0
A23S4HC5BOWNCD,5,2,1.0,0.4294651011089366,0
A23SKMXHSUFZFX,6,1,0.8333333333333334,2.332929636501065,0
A23T2SFSELQT92,5,1,0.6,0.6837159863945578,0
A23TE7J1U3791T,7,3,0.8571428571428571,0.41665627908460745,0
A23TGI02RB7JC,6,1,0.5,0.9066102198455139,0
A23U7ANY6HOQ4N,5,5,0.6,0.7132614942528737,0
A23V321SYYOGIH,5,2,0.4,0.4426261878316673,0
A23V9XZWUFEWWX,5,4,0.8,0.7563966528157868,2
A23VAF1M7IWPNY,8,5,0.875,0.526510302378816,0
A23VC0TERZJR6N,15,4,0.9333333333333333,1.0964141724307965,0
A23VP6C780FS4X,7,2,0.8571428571428571,0.5917688392026411,0
A23VSDCI8JEXJ,5,1,0.2,1.9022204968944099,0
A23VXE960BI6VO,7,2,0.8571428571428571,0.8861927209589836,0
A23W7DSN6BRP8T,5,1,0.6,0.747163462657265,0
A23WBD5753O029,24,5,1.0,0.4227584034045977,0
A23WIZX2TZ220,6,2,1.0,0.6309517067423603,0
A23XG7TKQELFVE,11,2,0.7272727272727273,0.7811953496317877,0
A23XUAEZE7KW0D,5,2,1.0,0.6635375494071146,0
A23XVBGSOPAFU0,10,1,0.9,0.9029332686073518,0
A23XVF23C7BHP0,5,2,0.6,0.4129814782115323,0
A23YK4DYOYWI55,10,6,0.8,0.6384983276843743,0
A23Z8QC9QT85K8,6,3,0.6666666666666666,0.8484639692895383,0
A23ZNGL704AW7O,65,5,0.6307692307692307,0.6701489750259086,0
A23ZQLUZYIZ651,6,3,0.5,1.3708333333333333,0
A23ZUNWFN5HRYV,5,1,0.6,1.8009523809523809,0
A24000KK3L0BV9,6,1,0.6666666666666666,0.8919761338878986,0
A2400T7KYQ7VUX,5,2,0.2,0.8450758953836204,0
A24075MZQM78BL,5,2,0.6,1.1579783414923603,0
A240DGBCTVRB1W,12,4,0.9166666666666666,0.6277758404147294,0
A240KE57NFH3IT,5,3,0.8,0.45666513207001247,0
A240ZCN5FY9OHO,5,5,1.0,0.5243709456066437,0
A2419BR62EBMID,5,4,0.8,0.4635397316821466,0
A241CQWSEYAH0K,5,2,0.6,0.8840881296338761,0
A241HDIOHZJRBR,13,2,0.8461538461538461,0.8787307090341603,0
A241PBKK8RQUFW,5,3,1.0,0.6450158640531309,0
A241SEKWQ4DH39,5,4,0.8,0.8534548461317227,0
A241XUF4T0NU46,8,2,0.75,0.6270764042867701,0
A2424YRQZO9LE0,10,4,1.0,0.7500707073689183,0
A2426K5QH04Q3Y,6,2,0.8333333333333334,1.329500944387947,0
A242F6M6E948UT,5,2,0.6,0.5821196581196582,0
A242IFN64X6R4E,10,2,0.9,0.6450000000000001,0
A242RWEPINNGX1,5,2,1.0,0.5096272030914386,0
A242Y7AFD0KAVA,6,2,1.0,0.6363207029827634,0
A2434EPE9P8P07,5,1,0.8,2.034577194106342,0
A243G62GGEVG3G,5,5,1.0,0.6152920035938904,0
A2449ZFVFNX0WO,8,3,0.0,0.7000900953266683,0
A2451D3YB44IJ3,9,3,0.5555555555555556,1.3913386297337977,0
A245847KYYDMSN,19,3,0.6842105263157895,0.7514178994347046,1
A245BC9NTOIIC5,5,3,0.8,1.2728282828282829,0
A245BG7SCVXDJB,5,1,0.6,0.636137566137566,0
A245HC2CI5VSJH,7,4,1.0,0.536137518580125,0
A245R8MJLGJ9GD,5,1,1.0,0.5790309106098579,0
A24687RNBOHWVJ,7,3,0.5714285714285714,0.4974766539369623,0
A246H5PT3I8C9,11,5,0.6363636363636364,0.9482342873903672,0
A246RLSESBICLP,9,3,0.6666666666666666,0.6137970085950719,0
A246VEUHS3MLLK,5,5,0.2,0.6548265460030166,0
A246WG6Y4XPMKN,6,2,0.8333333333333334,0.6852029914529915,0
A246ZHTG1SJ9MJ,7,4,0.5714285714285714,0.8151709401709402,0
A2470JZEZFEC2P,8,2,0.875,0.6062063834154352,0
A2473TCUOR027P,9,7,0.3333333333333333,0.8141485998220114,0
A24767AFDRD84O,9,3,0.8888888888888888,0.5948638398982234,0
A2478KBZSJLV50,5,2,0.8,0.585108225108225,0
A247DD28851RE6,5,2,0.8,0.4276745523740727,0
A247IE9WJZT3L1,7,7,1.0,0.8481537627068708,0
A247L282PID4PE,20,4,0.8,0.8898688352346801,0
A247LSPV07DB1E,7,4,1.0,0.5367217434535855,0
A247QA0CP7LAG0,6,4,0.5,1.0385912698412698,0
A247VET7CP4K7J,5,2,0.8,0.7197890613725855,0
A2480CI91NG7U7,6,2,0.0,1.2759957069167596,0
A2484TEQFHUK8D,5,3,1.0,0.4637815126050418,0
A248A8ID1RNQRO,6,2,0.8333333333333334,0.5190007368890477,0
A248ACDH3MVZ58,6,1,0.8333333333333334,0.6917989417989417,0
A248K8F4LZ4KPA,5,1,0.6,1.4872727272727273,0
A248KGTZCTI93,5,4,0.8,0.5713350985284383,2
A248LSBZT4P38V,14,9,0.7857142857142857,0.7968584616359788,0
A249HMZUT73ZLU,5,1,0.8,0.5514375715922106,0
A249MBVP54L905,5,3,0.4,1.410517961570593,0
A249MNE4DBSAZN,6,3,0.8333333333333334,0.363577089529711,0
A249YKI7Q334FD,11,6,0.45454545454545453,0.7001850001850003,0
A24AY5DNIH8F4V,5,5,0.4,1.3605703574775743,0
A24AZ2MCPL7RZ6,10,5,0.3,0.9970721521329171,0
A24B990VP9QC6C,19,2,0.5789473684210527,0.6341088883852042,1
A24BI3UW7M2OPL,6,1,0.6666666666666666,0.4841911764705881,0
A24CB38BNUDF5A,6,3,0.3333333333333333,0.32220575890017544,0
A24CROYMXBZUIW,9,9,0.6666666666666666,0.46558158708971475,0
A24CVMUIU6NRCT,10,3,0.4,0.91637254492955,0
A24DD13939UP52,5,5,0.8,0.3282169424559466,1
A24DGUWNVC1HOG,5,3,0.6,0.6002834467120182,0
A24DOIXKN99VRA,11,3,0.9090909090909091,0.9616335929843335,0
A24E0HXB7EXRE8,6,1,0.5,0.7871896621896622,0
A24E5DR9VQTKBA,8,1,0.625,0.8914880976807897,0
A24EEOX3EU13HX,7,3,0.42857142857142855,0.6615422768940491,0
A24F16RGW6NTVR,8,3,0.625,1.5607852069900008,0
A24F1UX8ZT5IXY,15,1,0.26666666666666666,1.1866805229174773,0
A24FX30B20WLMV,7,3,0.7142857142857143,0.8766528389940369,0
A24G6Y3ZC60NZ0,6,3,0.6666666666666666,0.6202609012953841,0
A24G8YZBO0QTC9,6,4,1.0,0.47097302015882825,0
A24H6QYK8PSNL7,5,2,0.4,0.6480105401844534,0
A24HCSO5L3GM29,5,5,1.0,1.3532948717948718,0
A24HIIPOF1E2EJ,6,2,0.6666666666666666,0.770427489177489,0
A24ICLRUXLAB9X,6,3,1.0,0.542285960794811,0
A24J56VZRKW4XA,9,6,0.6666666666666666,0.31435291622152356,0
A24KEB190HHNFJ,6,3,0.6666666666666666,0.9038396008275527,0
A24KUTKDRQK5AA,10,3,0.7,0.5936874710655198,0
A24KWM5KPOMMT1,5,2,0.6,0.521894409937888,0
A24L1DPD503GUI,5,1,0.6,0.827240557691854,0
A24LZ1JLW1I4U7,5,3,1.0,0.13636363636363633,0
A24M1D0P4DGZZT,12,2,0.9166666666666666,1.160056232753601,0
A24N778BTMZUAB,5,2,0.8,1.0205069930069928,0
A24NHJBK8YM7YB,9,3,0.4444444444444444,0.9953544157842913,0
A24NHM36GTLOTQ,21,2,0.6666666666666666,0.5326180686171428,0
A24O06NZGVHZLR,20,2,0.75,0.4858153842345018,0
A24OFSES8EE80G,5,2,0.8,0.5734824479652065,0
A24OIOYN9VY9W8,5,3,1.0,0.7079635960070741,0
A24OVLPXPGS1V3,10,1,0.7,2.0351348603957713,0
A24P7YUPH9L5XU,5,1,0.8,0.33956905499188983,0
A24Q02AXR376M3,6,6,0.5,0.6178523267263154,0
A24Q8VSAXD32VP,5,3,0.6,0.8916666666666668,0
A24QI58RYQRK5A,6,3,0.8333333333333334,1.382054193961215,0
A24RKUYLEVYITL,10,7,0.4,0.6696342487200677,0
A24RNXDKD912X1,5,3,0.4,0.5623386896791153,0
A24RT6AVJXJZHF,30,2,0.8,0.7853171939014992,0
A24S4PQTXO18B5,7,2,1.0,0.3583537480929358,0
A24S5XRIRBEW8G,7,2,1.0,0.8015368901864345,0
A24S86B8FV62VO,11,1,0.7272727272727273,0.6880874737165287,0
A24SLLQ1KG9D3Q,11,2,0.7272727272727273,1.4063638159226395,0
A24SP9MHTDE9AB,8,3,1.0,0.6709565412186382,0
A24SX5G6K3BIII,5,2,0.2,0.9837326234841761,0
A24SYO10RBABLT,6,2,0.8333333333333334,1.055737433862434,0
A24T5517ZRETWW,5,1,0.4,0.6571428571428571,0
A24T80OCYJFQ3V,5,1,0.6,0.8135294117647058,0
A24TB6LFHUANSO,5,3,0.6,0.9071428571428571,0
A24TKUGFBH80XD,5,3,0.8,0.5812145305793218,0
A24TS6CQ1LEG8G,5,2,0.6,0.8874149659863948,0
A24U40VCB7W1LQ,5,2,1.0,0.5917391304347825,0
A24U91T6L530UN,6,4,1.0,0.8146413972500929,0
A24URQ9UHC0ZMV,6,1,0.16666666666666666,0.6124520418077587,0
A24UY2BFLGK163,17,2,0.17647058823529413,0.638409312305722,0
A24UZIUL0V11PZ,8,2,1.0,0.627923900633528,0
A24V0SRCB8XBAC,9,6,0.3333333333333333,0.7393856048843703,0
A24VSMLL33G41Z,7,5,1.0,0.2698999183471233,0
A24VVE3E7D4GVQ,6,5,0.6666666666666666,0.5325152477688708,0
A24VVEP0P6ZF5I,8,3,0.5,0.41670229202319875,0
A24VYT7Z59KKJ7,5,3,0.4,0.630884775258973,0
A24WGZWL90IO35,9,2,0.5555555555555556,0.8026268484601818,0
A24WMBO3LUVUZR,6,3,0.6666666666666666,0.5422388913768222,0
A24X8P2TG2AR02,10,2,0.8,0.5627112016460905,0
A24XB7CYP111T8,5,1,1.0,1.257994555353902,0
A24XFCZJKMAONS,6,2,0.5,1.0112665112665111,0
A24XK99ZEXT16Y,7,2,1.0,0.6566283800604514,0
A24XLRKLMZ22CQ,9,2,0.8888888888888888,0.631211267261992,0
A24YI30VYH9S3V,5,3,0.6,0.9034493284493283,0
A24YP3PNYEGZBW,11,4,0.8181818181818182,0.6045790180401839,0
A24YQCDJ1DOUGN,5,2,0.6,1.6913089610253178,0
A24YW9YH3GWDM4,11,2,0.18181818181818182,1.5061224175136727,0
A24Z3IL2WPRRFZ,5,3,0.6,0.7890298332158798,0
A24ZFV3MSWLCOK,6,2,0.6666666666666666,1.2834846810286693,0
A24ZJZ6F06G67N,6,2,0.3333333333333333,0.39231640273306945,0
A2507WA4ARX59W,5,3,0.4,0.5204166666666666,0
A250BR9RFSA8DZ,12,8,0.8333333333333334,0.979725876298457,0
A250FFYP8R4OMJ,6,1,0.3333333333333333,0.5879403739846069,0
A250HHH6LNASFA,18,3,0.5,0.7214100813142649,0
A250L1EQ1NU2A0,5,1,0.6,1.0148633640274507,0
A250RSMTAWJOPT,6,2,1.0,0.7179530070071857,0
A251OKWDZIA702,13,1,1.0,1.0122063039262525,0
A251RCEFU9O7VR,13,4,0.5384615384615384,0.9163795346442941,0
A251UNAURMPXLW,5,1,0.6,1.1167099567099565,0
A2527OUSSJOL8G,9,6,0.8888888888888888,0.5745742448641,0
A252GW8BZ7DAA5,7,4,0.8571428571428571,0.6493973045658252,0
A2537ELG7YXBSQ,8,7,0.875,0.2660522475610112,0
A253EDT9P0SS2S,5,2,0.6,0.6733838383838384,0
A253G3EG9A469K,5,1,0.8,1.402538035166506,0
A253W0EDTXK5E4,6,3,0.8333333333333334,0.7128373015873016,0
A253XKAR4A93Z9,7,2,0.0,1.2596634234264896,0
A2541BCFAIQ7TY,7,5,1.0,0.39238139700324565,0
A2541DCM7EKMF4,10,1,0.8,0.5616827097027531,0
A2541V4NMO1ETO,8,4,0.625,0.7333741448919138,0
A254GUDH1RHL4X,5,2,0.6,0.6722709857192615,0
A254TL8NY5734,7,1,0.8571428571428571,1.095117777083831,0
A254YOEDRG7DIN,10,2,0.9,2.2061080664514807,1
A255WGLWOF4OJJ,5,5,0.8,0.45165374677002584,0
A2569HQNP3JZUZ,8,2,0.875,0.5947088061797248,0
A256NDCQ68GQXK,10,4,0.8,0.7330247904405207,0
A2588ZAI2WV7BJ,8,3,0.5,0.8352729142202826,0
A258EIYGAZHWCT,6,3,1.0,0.45423758152416704,0
A258IZLBPL93YO,16,6,0.1875,0.6560623954886644,0
A25932ULAHQSB3,18,13,0.7777777777777778,0.6710475169183825,0
A259K4WGBXKO95,5,2,0.2,0.6803260869565217,0
A259QDGY6WFXZT,10,3,1.0,0.41746722096594213,0
A259R0S038LQJX,8,6,1.0,1.4596174444986394,0
A259ZMWC49F7O3,5,1,0.6,0.6223344556677889,0
A25AAIXKKEWW8F,7,2,0.14285714285714285,1.0293436101649636,0
A25ADO5HATDK0Q,6,2,0.6666666666666666,0.558576401763276,0
A25AECI7WXJU2M,9,3,1.0,0.6392596113527753,0
A25AFBV75QOEJD,17,6,0.0,0.516004473489265,0
A25AROF3SD7AED,6,4,0.8333333333333334,0.6283222017062847,0
A25AXL9N6ZLAOE,5,2,0.6,0.8471066315089087,0
A25AXZAXLJFA5G,10,9,0.6,0.5081166172447684,0
A25AY5KWVWF4R4,5,2,0.8,1.135163507989595,0
A25B3JZJMMVQRA,8,5,1.0,0.8167155315408992,0
A25B5ZWAL7YWV5,16,4,0.625,0.7497820795087309,0
A25B7ZC77JVVA7,13,2,0.6153846153846154,0.8532968966679376,0
A25BK2HR4BWY9A,8,6,0.75,1.0997464959674261,0
A25BUXP2HUIUJ7,8,1,0.875,0.4852237243630685,0
A25C2M3QF9G7OQ,161,4,0.7080745341614907,0.6627986398851681,0
A25C7YHV3W6YY9,7,5,0.5714285714285714,0.39210702609717396,0
A25C9QZH6CTASC,10,4,0.8,0.7174021103483347,0
A25CAD0VH0XKJK,5,4,1.0,0.5896951219512194,0
A25CMCPCKWO8W8,5,2,0.4,1.225551839464883,0
A25CMX2TDVFY86,11,2,0.36363636363636365,0.6321966958499012,0
A25D156Z4KFM33,5,1,0.8,2.4246330459503724,0
A25E1M0AJH998J,5,1,0.2,0.6557728937728938,0
A25EGTGMF8V06Y,13,4,0.8461538461538461,0.8732314293733369,0
A25EHSFJSQZUM0,13,6,0.7692307692307693,0.4833417254947751,0
A25EHXGAXBJBUE,10,1,0.9,1.8194518495203424,0
A25EHZNTPJ3OA9,8,7,1.0,0.401900165494792,0
A25EY40GI1OBDB,5,2,1.0,1.4238095238095236,0
A25F3NW3Z2LP32,16,1,0.8125,0.9872700324299479,0
A25FWXGWYJCVRM,8,5,0.125,0.7837872496346313,0
A25FYZAJ2ITLSN,7,2,0.8571428571428571,0.6649267399267398,0
A25G8JIUDN4GF2,5,3,0.8,0.5212692120148491,0
A25GAS44MY1ARA,13,2,0.5384615384615384,1.0090760495412612,0
A25GQZCRG71ACD,6,2,1.0,0.5844622697563874,0
A25HES4FGPUZWJ,7,6,0.8571428571428571,1.0864205719369684,0
A25HJZ1W3DH0AH,5,2,0.4,0.30555296118179653,0
A25HYPL2XKQPZB,11,1,0.7272727272727273,0.7060717028605166,0
A25I21GWE721C8,7,4,0.5714285714285714,1.4037744733075639,0
A25I7DXJJNPOO0,10,1,0.7,1.4183683522924313,0
A25IPECCPQOD1P,5,2,0.4,0.8092750777286859,0
A25JIF7BEPO9F6,6,5,0.8333333333333334,0.542251783710117,0
A25JOG58HCDDIT,9,3,0.6666666666666666,0.47233172889430564,0
A25JUE9AFX7SUC,20,13,0.75,0.8128055564697807,0
A25JWNFJA8JHMB,5,2,0.6,1.1233151733579192,0
A25KKXUQQ0OLWB,28,2,0.6785714285714286,0.6842334569797729,0
A25KMQDBTLQDDB,5,1,0.8,0.9644320843091336,0
A25KR9JWY7OKZB,6,2,0.5,0.9371413308913311,0
A25KSWX9Y7KRWY,10,3,0.6,0.8871173165660139,0
A25KVM6GJBLISZ,15,1,0.3333333333333333,0.9852662884776535,0
A25LQ252PHH7FE,7,2,0.8571428571428571,0.5138672514064364,0
A25M0Q8F9BVU7F,10,4,0.7,1.1092011944755504,0
A25MMGY5LQ9R8J,5,1,0.6,0.6336996904024768,0
A25NBE6QPI9GPZ,5,1,0.6,1.254033242235171,0
A25NCR4LJ62EZN,6,1,0.6666666666666666,0.5293650793650795,0
A25OTB3XW1RXI3,8,4,0.875,1.3865748054029303,0
A25P1BXEEKBAO7,24,3,0.6666666666666666,0.6130883847569318,0
A25P5KZUUTD8JZ,5,2,1.0,0.6769452718111368,0
A25PA11N3JWBIH,5,3,0.8,0.9133667742152316,0
A25PBJDH4ZRJFQ,5,5,0.6,1.0439573820395736,0
A25PJ0QJ61SC80,6,6,0.8333333333333334,0.4538176053467788,0
A25PPBVUVZMOT3,6,1,0.8333333333333334,0.5728791143497025,0
A25PQWJR2O2WO,6,3,0.6666666666666666,2.321907901655931,0
A25PYMGLCQKSSG,10,2,0.5,0.6284204102402632,0
A25PZED2LHC8O4,5,4,0.8,0.5747729468599033,0
A25Q2S8JEY745N,5,1,1.0,0.4787878787878787,0
A25Q4C2UDIOPXC,23,9,0.30434782608695654,0.9526741321499514,0
A25Q83PUFJSHM3,5,2,0.0,0.5222189638318671,0
A25QME7JMLEYGP,17,10,0.6470588235294118,0.9102989124156293,0
A25QRTIF9QA7KO,14,3,0.42857142857142855,0.9951768548396809,0
A25QY9B9W2FQCF,8,3,0.875,1.333020050125313,0
A25REX7LXVAF58,7,1,1.0,1.1952380952380952,0
A25RKDHQ1ND0PQ,6,1,0.16666666666666666,0.9706989065684718,0
A25RR4OLL774IK,8,2,0.875,0.6401684425834763,0
A25S4ZKQ7XACS9,5,2,0.6,1.2495936627535404,0
A25SB31CJRJ9IP,8,3,0.75,0.6242990497634461,0
A25SBAC3U573JX,6,1,0.8333333333333334,0.7812133072407045,0
A25SO19JJNBFQX,5,3,0.8,0.7420358587025252,0
A25SV4A5C67BXI,8,5,0.875,0.40402146060217814,1
A25SYNB9LSKSII,5,5,0.4,0.800946966352455,0
A25TFVJ6B9U1NU,7,3,0.5714285714285714,0.7148869648869648,0
A25TMNK11OBCO,7,2,0.5714285714285714,0.4566083576287657,0
A25TNBMJ4ZO7RD,29,2,0.27586206896551724,0.831981239805627,1
A25TVH9W5A6IHP,8,4,1.0,0.8494203060011882,0
A25TZRJ5MEZGR6,5,1,0.6,1.340768049155146,0
A25UDKRKT9K5IP,13,5,0.6153846153846154,0.5330824879319862,0
A25UKVE38E3RWH,8,3,0.875,0.5843855253110692,0
A25UTAN6GCFU9Y,9,3,0.6666666666666666,0.7244254022953432,0
A25UU65AWSNKK,6,3,0.6666666666666666,0.8376958489255696,0
A25UZX9E66ZQ1R,13,2,1.0,0.914484388397432,0
A25VMR199B567O,5,3,0.8,0.5198715263231393,0
A25WFE913YU77U,6,3,0.8333333333333334,1.1941520467836255,0
A25WUAUZP304JR,7,2,0.8571428571428571,1.4954316466958535,0
A25WWUO6K5YUY3,5,5,0.4,0.49177489177489175,0
A25XGQ3XPGC68J,7,6,0.7142857142857143,0.4520292838213411,0
A25YAB9C3ATMO9,5,5,0.8,0.7395151064359275,0
A25YXA3X6M5B5A,6,1,0.8333333333333334,1.058537603075418,1
A25YZJ04WZN8C4,6,1,0.6666666666666666,2.007936507936508,0
A25ZEBLNHEXF31,6,2,0.5,0.48464319390470295,0
A25ZES0OTED0S5,5,2,0.6,0.7011014492753622,0
A25ZJEWR3WDOYY,7,4,0.7142857142857143,0.980791541489482,0
A25ZM6XWJ494HY,8,4,1.0,0.49791302069829746,0
A25ZPST6FXPU3Q,5,1,0.6,0.5663768115942028,1
A25ZSCQG44Z3YK,6,3,0.6666666666666666,0.44341653347581306,0
A25ZVPDCF4KK66,7,2,0.5714285714285714,1.1754901633321084,0
A25ZX7LRQSLW53,5,1,0.0,0.5233017718715394,0
A260LF1FS9RP92,5,4,1.0,0.6734131988230347,0
A260S0QHBS0XEY,5,2,0.6,0.9274777603349034,0
A260WFMQC1SXMX,13,3,0.8461538461538461,0.8196458040602358,0
A26123MBBZ5TLX,7,2,0.8571428571428571,0.6543002915451895,0
A261OIBZDFWYEK,10,2,0.5,1.9516163852674322,0
A261P36T13YP98,14,2,0.42857142857142855,1.4616392969224725,0
A261T7Q2VNN1ND,9,1,1.0,0.6149250440917107,0
A2620BPZ1021O6,6,6,0.16666666666666666,0.6143998344768344,0
A2625O0YUTMAIR,6,1,0.8333333333333334,0.595161514898357,0
A2628OSPX0Y2XF,8,2,0.875,0.49756272271545565,0
A262A6K2R0DB0E,7,2,0.5714285714285714,0.7431421519656813,0
A262ONK4P0SV0P,8,3,0.875,0.983203601953602,0
A262TCD7CNDANF,5,2,1.0,0.6365079365079365,0
A26314940F1A0G,5,2,0.8,0.6114752842975839,0
A263DRVW6SIFNC,8,3,0.375,1.1548611111111113,0
A263VWGZ4GICOP,6,1,0.5,1.9638628309360016,0
A2644FJMHC69M,7,1,1.0,0.80978601344455,0
A264ZI0RQR2GVS,6,3,0.16666666666666666,1.576732489826717,0
A265S2Z6U63RBU,30,2,0.7666666666666667,0.5282800786717213,0
A265W7V3DK6WC6,6,2,0.5,0.3343190821009192,0
A266VX0V3P2P9E,11,2,0.6363636363636364,0.7712204663549094,0
A267CNXZTWED3N,23,12,0.9565217391304348,0.7937918110861706,0
A267TP7QIWJNBT,5,2,0.8,0.40579322638146176,0
A26869WFGMMZHM,5,1,0.8,0.48123918589435827,0
A268EEWUXYCA8Q,34,2,0.4117647058823529,0.7180417364661745,1
A268RR9DT4DG9B,8,2,0.75,1.4563410152225942,0
A269OEVY5AJ95G,10,10,1.0,0.844243707898276,0
A26ABEIZMVKZ3R,5,2,0.6,0.3582882882882882,0
A26AGFN88XV910,7,1,0.2857142857142857,2.253665154586425,0
A26ASDHO1O3YVM,5,4,0.4,1.171710427606902,0
A26AY1BPGZ50AG,18,3,0.5555555555555556,0.5397378033676796,0
A26B70MNK9XHYO,5,2,0.6,1.8216500553709856,0
A26BNHNAAE3871,9,3,0.5555555555555556,2.1870282498921365,0
A26BP6S06QQV96,5,1,0.8,0.48022356360384544,0
A26C2PU4N7JX8H,8,4,0.25,0.7074404761904762,0
A26C9L4LGGE6D7,16,6,1.0,0.7782650470116335,0
A26CJ570M1WFO6,9,2,0.4444444444444444,1.3041050035236081,0
A26D04YF1J60YX,6,5,0.8333333333333334,1.2631854563093952,0
A26DMFB0S3M1IO,5,3,1.0,0.45441980783444186,0
A26E0Q2VSOHDEI,5,3,1.0,0.93258658008658,0
A26E68WQMH85NO,7,4,0.7142857142857143,0.9251236080677012,0
A26ECP55JCWN3E,5,2,0.6,0.5565667323927352,0
A26EXMDN188M0,5,1,1.0,1.05994743130227,0
A26F4J2K7BIPNK,6,6,0.6666666666666666,0.4711937028675323,0
A26F6T4XWJVZQ2,5,2,1.0,1.8095864661654137,0
A26FT6DS3OOS63,7,1,0.5714285714285714,1.4163017697500457,0
A26GK91HSZTNAJ,15,4,0.6,0.5594283427080875,0
A26GTNZ6AJRYSY,6,2,0.5,1.2157082274898368,0
A26H8BHJ2KATVG,10,4,0.4,0.550530303030303,0
A26HOENZQ6XB3J,5,4,1.0,1.4577777777777778,0
A26I21NALJC4TV,7,2,0.2857142857142857,0.8128556167937407,0
A26I412M2YH1K8,11,2,0.6363636363636364,0.7959750007858307,0
A26IOQ1AITQ1O1,9,2,0.7777777777777778,0.7943809168853088,0
A26IQKUVHETZWF,11,4,0.6363636363636364,0.4533525618453849,0
A26IWDZV1DDO4T,6,1,0.3333333333333333,1.8624729437229437,0
A26K5BF6PGUDMU,5,1,0.8,1.5675000000000001,0
A26KGF6LOYU4F0,5,3,0.4,0.3304456155618948,0
A26KQS2TR5XURA,8,1,0.5,0.507708098061359,0
A26KTMCE1DY2P2,7,2,0.5714285714285714,0.508423942559254,0
A26KVCCCVPBJKN,6,1,0.6666666666666666,0.47447916666666673,0
A26KXNN6H1IL0I,64,3,0.6875,0.7272829001705456,0
A26KXR0KQPM1U3,7,5,1.0,0.5788456326395438,0
A26LPS3UXS8JYD,5,4,0.6,0.8411111111111111,0
A26LQSC65AMTGK,25,2,0.44,0.7837035189293253,0
A26LTNHYVA12RR,13,3,0.7692307692307693,0.9222285811354638,0
A26M1R1JQTTPS1,6,3,0.6666666666666666,1.3587121212121211,0
A26MHH5645KSTZ,7,2,0.5714285714285714,0.36544011544011556,0
A26MLA0UOLVUNU,5,2,1.0,0.7964936523986069,0
A26MY4TPFQPWZ,5,1,0.8,0.7355555555555554,0
A26N5JRAXN8XB5,8,2,0.75,0.7849271261781642,0
A26NA44RSSGIBK,6,2,0.8333333333333334,0.6118687846330122,0
A26NDCRUHAG47O,5,2,1.0,0.5049382716049383,0
A26NZ4ZQF0G1NQ,5,2,0.6,1.0327777777777776,0
A26NZH81YIJ00H,8,1,0.375,0.8639815744992984,0
A26PAN8REXYBYH,12,2,0.25,0.5326569736449577,0
A26PM6HNZPEW6K,5,3,1.0,0.42537815126050427,0
A26Q5GW3D7D1JH,5,3,1.0,1.06597280510324,0
A26QHQQT0AUUCX,6,2,1.0,1.0014430014430014,0
A26QLU9RTU5GCD,10,3,0.6,0.5410360127483387,0
A26R1KR63LP96F,5,1,0.6,1.062978705978706,0
A26R7LLAFTPC3U,15,2,0.26666666666666666,0.7252189888300999,0
A26RDYXA17I0HV,9,3,1.0,0.47673459395722134,0
A26RGX1IXQDLHZ,10,7,0.7,0.5565297356332192,0
A26RO5VL0FLQPX,9,3,0.2222222222222222,0.7984888772705023,0
A26RUAH13NKIW0,5,2,0.6,0.8210804814519793,0
A26SBERFSTW1UC,15,6,0.8,1.1132885655838762,0
A26SD429IFQUD2,5,2,0.6,0.401680469289165,0
A26SN39Z9AJC0Y,5,2,1.0,0.49445324153757897,0
A26SNFYWFPNOJX,6,3,0.5,0.972412583390844,0
A26SQDIKMCIIOF,6,1,0.6666666666666666,0.6309705753184014,0
A26SSBA0BE0XZC,5,3,0.6,0.5954405419248546,0
A26SYZST7CHSX1,7,3,0.42857142857142855,1.1969470974192267,0
A26THF47ZCVUS3,5,1,0.4,0.621236813438826,0
A26TRGJPCDNK63,7,6,0.42857142857142855,0.589936678350601,0
A26TY1E5AJ301J,5,2,0.8,0.8059753001910955,0
A26U3EIKUB3WMZ,5,2,0.6,1.4959277504105093,0
A26U7ULV737CFE,7,2,1.0,0.5440758010521283,0
A26UKXC8QY9FEM,5,1,0.8,0.45413643827436917,0
A26UMYPCY95EX7,12,4,0.5833333333333334,0.6106030463789084,0
A26V1N7O4V0C2Q,8,4,0.125,0.44038653057934984,0
A26VVRPXEX4LPG,9,2,0.8888888888888888,0.630324613657947,0
A26WW5UQ7JMQ5Y,11,3,0.6363636363636364,0.662832194838153,0
A26WXF0P7YNYCE,5,2,0.8,0.9042514099486757,0
A26XMJ4QLXF9AS,15,6,0.8666666666666667,0.6344853360759602,0
A26Y46IJHWT6H5,8,3,0.875,0.6328944100190865,0
A26Y7WIS3JBL65,15,2,1.0,0.6517888236459478,0
A26YB4USHIDWZX,8,4,0.875,0.4877999809324227,0
A26YB9ZD0UKFUK,5,2,1.0,1.0681352282515075,0
A26YD3S1QQLQBA,9,3,0.5555555555555556,0.9501612639474784,0
A26YHIRPMZYZDU,5,1,0.8,1.1113871635610768,0
A26YK9RG579RDF,5,2,0.2,1.04263820470717,0
A26Z4NRNY3EY02,8,3,0.75,0.5466086568212856,0
A26Z828SO7B60U,6,6,1.0,0.6455988455988456,0
A26Z8FBEO1D55T,5,4,1.0,0.772910052910053,0
A26ZFFW1VRMH2L,12,3,0.5833333333333334,0.9920202020202021,0
A26ZHHLCZVUOAS,15,5,0.9333333333333333,0.43894507562454366,0
A26ZI91AQT8P0Q,7,1,0.7142857142857143,0.8112622800316298,0
A26ZP4UCSERR2F,9,3,0.7777777777777778,0.9350280863160785,0
A2700AZT2NLBQS,7,3,0.5714285714285714,0.6669676980948085,0
A2707589GDAWKF,13,5,0.6923076923076923,1.1711729662279113,0
A270ENMQ3OI8Z1,5,2,0.8,1.6703709765411894,0
A271QXN0DZUK9H,5,3,0.0,0.7604633473942937,0
A271T006D2QDZB,5,5,1.0,0.45364265364265394,0
A271YFN9U34PYV,7,2,0.5714285714285714,0.5903953044632486,0
A2720NOZH3V347,5,2,0.4,0.5055052549789391,0
A272B1BEL6M3MR,6,5,0.6666666666666666,1.607340675280092,0
A272VTLI9O0IDT,13,9,0.8461538461538461,1.164405557812151,0
A2731AZYMXHG53,12,3,0.75,0.6675660326112126,0
A2745OK52PQYL6,7,1,0.8571428571428571,1.2645838457896588,0
A274A1A9HGYW36,7,1,0.7142857142857143,0.8185337038041024,0
A274KXWC5PGKMX,9,2,1.0,0.5220073836823409,0
A274PY5VHMVZA8,6,4,0.8333333333333334,1.0385887651065333,0
A274Z8ZM7ZT1MV,7,2,0.5714285714285714,1.116796953623974,0
A2754QG0NENPVX,5,2,0.0,0.2595495495495495,0
A275P1J30EN6DE,5,2,0.8,0.6540513116269668,0
A275WF69VGD0C4,5,2,0.4,0.7184465340974293,0
A276B6V9E5759Y,5,1,0.4,0.8577838827838828,0
A276CEI6L2PPRN,6,3,1.0,0.6487179487179487,0
A276I80QDZ5S1E,6,2,0.8333333333333334,1.03622009569378,0
A276PTIQJ6OHYA,5,1,0.0,1.055755517826825,0
A2770L049T8HKI,6,1,1.0,0.9405470291820938,0
A2776MNKECT4VB,6,4,0.3333333333333333,0.9260802469135802,0
A277HO2778M2HZ,5,1,0.2,1.575157894736842,0
A277P59FPQSCBI,7,2,0.42857142857142855,1.584560150085127,0
A278KMHT2P8IDX,5,1,0.8,0.9686113886113887,0
A278L9F3EPNQO,7,2,0.5714285714285714,0.5729780801209373,0
A278NVDK9RI9CX,5,1,0.2,0.5443473193473195,0
A278PMWYEJPAWT,6,1,0.8333333333333334,0.666085551252894,1
A278S61JJ5Y95L,7,2,0.5714285714285714,2.1080065359477125,0
A278V4RQOW79GG,35,13,0.4857142857142857,0.6914807696282349,0
A2793UXCCFDRUQ,10,6,0.1,1.0156520306158123,0
A27951S4ZN7T2K,5,5,0.2,1.3030123797770856,0
A27A0U9O1HUSC8,5,2,0.8,0.45536933083845665,0
A27AF4DLLOBQDQ,32,6,0.5,0.6071378842028452,0
A27AGVQMDOMKSF,8,4,0.75,0.912209598325837,0
A27BB4YH101LOT,5,1,0.2,1.3832503770739064,0
A27BKXQAR305QL,5,1,1.0,1.1578431372549018,0
A27BRS9UA93O6X,17,8,0.7058823529411765,0.656810366422992,0
A27C68294LPSDE,9,2,0.7777777777777778,0.4406134077236884,0
A27CTW0GPEE0AZ,19,3,0.9473684210526315,0.6694786762944338,0
A27D29NC8SZTJ2,8,8,1.0,0.41034849427162307,0
A27DHWJ275D678,5,1,0.8,0.4428110403397028,0
A27DITPCCZIVAH,14,3,0.8571428571428571,0.8590753837803694,0
A27DNSEA1L04L2,11,5,0.2727272727272727,1.1406922611245387,0
A27DSLOSSYQPB8,6,3,0.8333333333333334,0.5570643998340077,0
A27DYAY3FUWIZ8,5,1,0.8,0.7978507843922149,0
A27E6HW7LMNFL1,9,1,0.6666666666666666,1.0432454718083128,0
A27EJ2U5EXAA3E,5,2,0.6,1.5297623604465709,0
A27EUG4HYNIW2F,11,8,0.9090909090909091,0.9900902110430714,0
A27FGZZD4HYIBR,5,2,0.8,0.5067514124293786,0
A27FNQDQP12TJM,5,3,0.6,0.4657935332437608,0
A27FUXUP1U7O07,6,2,0.5,0.4897062732589048,0
A27FWLNVDVF3BL,8,2,1.0,0.8477345390833672,0
A27FYAUYCGIB5Z,8,4,1.0,0.6876208037340116,0
A27GJW7UIKBDG6,8,3,0.75,0.43626851525878985,0
A27GR0A1QGNSJG,9,5,0.5555555555555556,0.7037963957788587,0
A27GREXNJBQP02,11,1,0.8181818181818182,0.5642301956884969,0
A27GY4I2FJPK2U,5,3,0.8,0.9788219973412193,0
A27H1YHD8FY75H,5,1,0.6,0.555256064690027,0
A27HOKHQMMAQ7Q,7,2,1.0,0.4532323648248706,0
A27I1HNFLO6YXZ,9,5,1.0,0.8120176408414641,0
A27IGO4RPYZDZL,6,2,0.8333333333333334,0.613330592106468,1
A27ILJX6LV8F4I,5,3,1.0,0.5062398358637943,0
A27ISFU1WEMSS8,5,2,1.0,0.3675776397515529,0
A27J1BSKWZK4Q3,5,4,0.8,0.9415139779231849,1
A27JM2US75HVP6,7,2,0.5714285714285714,0.8199099966665432,0
A27K9A3JP5AXZY,9,3,1.0,1.0819689582569003,0
A27KO7X39MLW9Y,6,2,0.5,0.6282859078590787,0
A27KTLDSBWXNED,17,4,0.5882352941176471,0.9519064440891066,0
A27KXZIVTLKCCQ,6,2,1.0,0.4365319865319866,0
A27L4GX7VBDQHW,5,1,1.0,0.7026167067950777,0
A27LNMTPE9QMR9,5,4,0.6,0.3813306451612902,0
A27LQUWEFHLJB0,11,5,0.8181818181818182,0.566041511653657,0
A27LY9ET24N5NY,6,3,0.5,0.42665852665852655,0
A27M2QO62KOEPT,5,4,1.0,0.592994227994228,0
A27MO0NFAA4NII,5,4,0.6,0.5147302291204728,0
A27MVW8KUWH1FK,5,2,0.8,0.59830220713073,0
A27MX4Y22QZW1N,16,3,0.875,0.7817629359437934,0
A27MXTVBMZ3HWN,6,4,0.6666666666666666,0.8211576435260645,0
A27MY21JLR2UG8,12,6,0.5,0.6140774645001111,0
A27OCJOVWOJQPK,6,4,0.6666666666666666,0.7476149786030831,0
A27OCYV9N4O9TK,6,2,0.6666666666666666,1.3346526426878154,0
A27OI4CW9P0D1O,12,2,0.75,1.1288194444444444,0
A27OI6VYNPIPVE,5,3,0.6,1.4399471933714552,0
A27OMVFGJXH1VB,5,1,0.8,0.478752305800369,0
A27PQJHUSWNZZ0,10,2,1.0,0.6106771112162969,0
A27Q1X75QCWTID,8,1,0.25,0.4705216325660698,0
A27Q5M9ISPRKEW,5,2,0.8,0.5467279585101369,0
A27Q7OLW2X0VL2,8,1,0.5,0.3869280679879057,0
A27QOPLT7SROD5,9,2,0.7777777777777778,0.7566691993936577,0
A27QPWKQ0TMAYU,7,2,0.0,0.8974218555045622,0
A27QYR0V6HBV7,5,5,1.0,0.8931884057971013,0
A27R5JQPF8C0RF,23,4,0.8695652173913043,0.6244385117719591,0
A27R9EREW3FFTV,7,1,1.0,0.7420995670995671,0
A27RDCFAIPHKI1,9,2,0.4444444444444444,0.5659223533467967,0
A27REIX5O9POXF,7,2,0.8571428571428571,1.2088007889944696,0
A27RXDK4OPT2F,5,3,0.6,0.5955247220464612,0
A27S1RZ4JF0S3N,15,6,0.7333333333333333,0.8801093764286994,0
A27SEH7FJJIKIC,16,3,0.9375,0.3068498671600065,1
A27TJYR08FGCM,11,4,0.5454545454545454,0.5791420700511609,0
A27TQB8CIV25OX,8,3,0.625,0.7955269096682409,0
A27UAKQX7YEXE4,6,3,0.8333333333333334,1.6794871794871795,0
A27UE9HJRZ22YI,8,1,0.625,0.5872541440818752,0
A27UGTTPUN210J,5,2,0.8,0.9266233766233768,0
A27UIRGPN59HU5,10,1,0.5,0.825535912263988,0
A27VMZ66FLANK3,7,4,0.14285714285714285,1.328262656542864,0
A27WLAGNZ7V8XT,8,1,0.375,0.35483390247784846,0
A27WZYVA9CUMRA,8,6,0.875,0.4368010819342939,0
A27X0OYTCLDR7E,7,1,0.8571428571428571,0.8897772657450077,0
A27XEJX3W4FCUK,16,3,0.875,1.0276292325440053,0
A27XFNU6UX20CA,13,5,0.5384615384615384,0.998445728790592,0
A27XHDVC8GYCTF,11,1,0.7272727272727273,0.6392676440993644,0
A27XPVJ5E5XF8G,7,3,0.7142857142857143,0.8669207164799594,0
A27YBM2L374GWR,6,2,0.3333333333333333,1.3816819777820795,0
A27YNQ41NALGGH,12,4,0.5833333333333334,0.965079175347154,0
A27Z254EPM8U8M,5,1,0.8,0.9963698630136987,0
A27Z5A31ADA74T,10,6,0.7,0.5876180176077717,0
A27ZHAM77ZJUZ3,7,2,0.8571428571428571,0.4870902906617193,0
A27ZQYVUU3Q7EY,13,4,0.6153846153846154,0.5444798928669895,0
A27ZSW3DO2RR5W,7,4,0.8571428571428571,0.46555706375533923,0
A27ZZM7OON7IIY,9,1,0.4444444444444444,0.6106103460544046,0
A280GXBY1EV2TL,5,2,0.6,1.0255555555555556,0
A280TYZIL03MLO,14,2,0.6428571428571429,0.9283054655246409,0
A2822VAXLKFRNW,6,1,1.0,0.6981744421906693,0
A2829NYO1J6ISY,6,1,0.3333333333333333,1.1130068803981847,0
A282VT5E7U8ARD,5,2,0.8,1.241241631931287,0
A2830PBMQPTSUG,5,4,0.8,0.7742445535139973,0
A2833WO1VZAG9H,5,3,0.6,0.5586641299876595,0
A283DE6XDWPE30,7,3,0.5714285714285714,1.2254251230272675,0
A283FMZBOUZ5D3,7,1,0.7142857142857143,1.5930851692144354,0
A283X4O3JWU7LP,6,3,0.5,1.270281957638937,0
A283X7MG53SJ9V,7,1,0.7142857142857143,1.2638386162114654,0
A2847W64D8EX7J,7,4,0.7142857142857143,0.873016472120778,0
A284OQO4QNDLQU,5,5,1.0,0.5734821903242955,0
A284P8XSG9HREA,12,2,0.3333333333333333,0.6183456714063121,0
A28502MYF6RNBP,5,2,0.8,0.606500553709856,0
A2853ME3AJM2B2,5,1,1.0,0.7468576610555221,0
A28621TSIR5EOG,40,4,0.95,0.530063817980952,1
A2864Q0WX7MR1Q,7,4,0.5714285714285714,1.2054829403420304,0
A2865TPYN8CC1,13,4,0.6923076923076923,0.8241825464725496,0
A286MDHLQYMOAT,5,1,0.4,0.7182578539371685,0
A2870P46XR9MZF,5,3,0.6,1.6167320261437907,0
A28751V1TC7DBW,6,1,0.6666666666666666,1.543472826963393,0
A28774QTCK7MJZ,9,2,0.3333333333333333,0.8360710277376945,0
A287A4ZVT37P89,5,2,0.8,0.4177887770990538,0
A287P5PGGHMQLZ,5,3,0.6,1.0414786967418546,0
A287TAETJKLNKI,12,2,0.4166666666666667,0.5913358418568829,0
A287VIG5J2SQTX,10,1,0.4,0.9317948717948716,0
A2882QQKJ0IUBU,10,9,0.4,1.4107775411756194,0
A288AA3OK8CBHP,6,5,0.3333333333333333,0.5747972615619674,0
A288IM0FQOIJ4I,6,4,0.8333333333333334,0.9694662932630848,0
A288V3H3N5CJ9Y,8,2,0.75,1.395499639249639,0
A289BG1P365S5B,5,1,0.8,1.0914285714285714,0
A289R3C1LVU4KS,5,1,0.6,0.7583508245877062,0
A289WEQKPYS04G,10,4,0.3,0.6674635822113812,0
A28A633QKPQZXK,9,2,0.6666666666666666,0.9369566390399723,0
A28ADG2Z4QEVTE,5,5,0.8,1.136137616696623,0
A28AFRCC9Y88HT,15,8,0.6,1.4293025934728338,0
A28AOYX0UWTI66,8,1,0.375,0.46820419918246003,0
A28B7FZ7KKN0TE,5,4,0.6,0.6519504921456143,0
A28BDIUX8HJRCU,6,3,0.3333333333333333,0.45631484075111534,0
A28BJZROR4DAW4,5,1,0.4,0.4948717948717948,0
A28CAQRAIZ1UWU,5,3,1.0,0.7855311355311356,0
A28CCQNXWV6WA2,15,2,0.3333333333333333,1.556224712107065,0
A28CTDM7OP0RAR,6,1,0.16666666666666666,1.5329793839481798,0
A28D486TE26RWF,7,1,0.2857142857142857,1.6430352104876849,0
A28D92BKXSC5Q1,8,3,0.875,0.6021711380459636,0
A28DJ4FW2LG77Z,29,5,0.8275862068965517,0.5694490494691626,1
A28DLC4ADNJAF0,6,2,0.8333333333333334,0.5877104377104376,0
A28DMMH5OU7IYT,8,7,0.625,0.7777999189014272,0
A28DRWU5ZCXQID,5,4,0.0,0.45272615733780797,0
A28DSVZBCYUX88,6,2,1.0,0.3085697493455517,0
A28EJD6AA5331O,5,2,1.0,0.6857658730158731,0
A28EMTHVF120XV,26,2,0.8846153846153846,0.7461176931761534,0
A28EN3GO6VMNEC,6,6,0.8333333333333334,0.7719069851337292,0
A28EQ3TNJNC871,5,4,1.0,0.5979612825166365,0
A28FAA1PEFDN4Z,6,3,1.0,0.5429830847067509,1
A28FCXGE7MWO0F,5,2,0.6,0.7922831050228312,0
A28FDO05T15ZZQ,6,2,1.0,2.505843133474712,0
A28G0HQ0CHPPPT,7,5,1.0,0.7295123177476118,0
A28G2OEEHKO2WT,6,6,0.8333333333333334,0.9045699069101326,0
A28GK42VXT991O,8,2,0.875,1.2037525879917186,0
A28GS21LBHH1TA,5,2,0.8,0.8662260283999416,1
A28GTCEVZTOSXA,5,4,0.8,0.5523476702508958,0
A28GTX82LNA9VA,10,4,0.5,0.6783841851625787,0
A28GUL66KVW04J,7,1,0.5714285714285714,0.8373840328406837,0
A28GYEUYCEV96X,6,2,1.0,0.8267195767195767,0
A28GZFNGKUZRFD,5,4,0.8,0.6489828722002635,0
A28H1NW7R7AWW6,8,3,0.625,1.1114710814710813,0
A28HCZYUF6A302,13,2,1.0,0.6413405509617361,0
A28HE1IYWCEGTA,6,4,0.6666666666666666,1.045045695045695,0
A28HQDUE9R846F,7,1,0.2857142857142857,0.5612897990341599,0
A28HTPAL1KNFA5,14,2,0.5,0.9592505631503466,0
A28I19GM9HQ7IS,10,7,0.3,0.8819158962205883,0
A28I98PKHZZKVB,13,1,0.3076923076923077,0.6706624714317022,0
A28IHPXRI76P4U,6,1,0.5,1.272518214936248,0
A28IIVKXOE1ATF,14,2,0.2857142857142857,0.6730316147979173,0
A28ISUIFUMLQD6,20,4,0.35,0.8822715389670834,1
A28IV0UO4I73XS,5,2,1.0,0.5027761866575016,0
A28J1OWDX35U77,7,1,0.7142857142857143,1.3258051519394172,0
A28J652GMC2T1F,9,2,0.7777777777777778,0.6235195044201255,0
A28JB5IESWSZQU,6,1,0.0,1.1552250588178732,0
A28JPOUFPT3OJ1,10,2,1.0,0.4232142130231549,0
A28JYCMR166H7V,8,3,0.25,1.0142071093008282,0
A28KI92RSY1Y11,16,7,0.8125,0.8706415916400672,0
A28KKIXXND8YDF,7,3,0.7142857142857143,2.4949490324490324,0
A28KPOWUOCIJC6,7,3,0.8571428571428571,1.2072838773393335,0
A28LN6LFOHC419,5,1,1.0,0.8178509230233368,0
A28LVHOJP8PMCN,7,3,1.0,1.0335755354773488,0
A28LWEF27KNK70,5,2,0.8,1.0392001075485648,0
A28M54WGP5V5QN,7,7,1.0,0.2369477472751647,0
A28M7U4RXBB0X6,13,11,0.7692307692307693,0.6422379818676957,0
A28MBNGVHXO93G,11,3,0.45454545454545453,0.6885317947087063,0
A28MHC5QYZ9J5F,6,3,0.6666666666666666,0.803087777191101,0
A28MJ51GOXSEDB,10,3,1.0,0.4534726659124272,0
A28N7G3O49S19Q,7,5,1.0,0.4246363996363995,0
A28NFGZU8M2L0Q,5,1,0.0,1.1447360835885427,0
A28NFIFQR9J008,5,4,1.0,0.6170327015618496,1
A28OH8OG9DYIMG,5,1,0.4,1.0024995615419692,0
A28OZBLQKKYGOR,12,2,0.5,0.7707772783503432,1
A28PDCYDFXBZFQ,5,4,0.6,0.8313061650992688,0
A28PERKUJPRCEF,6,2,0.16666666666666666,0.7838269917217285,0
A28PRQBUX9ZW9X,11,3,0.6363636363636364,0.6016587850361156,0
A28Q8HIV6O7EYV,5,2,0.6,0.8249342814048696,0
A28QBMCWQPHAMN,9,3,1.0,0.7396524544536981,0
A28QKX5PUSZYN2,5,3,0.8,0.7492803461677395,0
A28QRX1HWDLNL1,11,6,0.5454545454545454,0.6692010701161809,0
A28QSAMRQOI27K,5,2,1.0,0.9639455782312923,0
A28R4D0T6ETNAO,8,1,0.5,0.8067869087434305,0
A28RBRJAP7L6PD,11,11,0.2727272727272727,1.1855034089755372,0
A28RDXPO4HK5ZF,7,3,0.8571428571428571,0.7131327006327007,0
A28REER48I4HGB,5,2,1.0,1.210595238095238,0
A28RF9UCP2ONR7,5,3,0.6,0.7704575163398693,0
A28RL6LXMA118H,6,2,1.0,0.523914973914974,0
A28RSMADFCBJDT,46,3,0.5217391304347826,0.7965935866350742,0
A28RWJ08DPAKAI,17,2,0.23529411764705882,1.0546066517281485,0
A28S7WBES96106,6,2,0.8333333333333334,0.38907758907758905,0
A28T5YCKB44MGU,15,3,0.7333333333333333,0.49758421464013564,0
A28T9PVSCSYL9H,9,2,0.6666666666666666,0.3443181818181819,0
A28THGTH733J7C,10,3,0.7,1.0162662500897794,0
A28TW6X3B0VWJT,5,2,1.0,0.6159712643219928,0
A28U0AZP6A3NQL,5,3,0.2,0.40231627077060333,0
A28UH0ED1NMA5L,9,2,0.4444444444444444,1.1311741591019404,0
A28V9F072E0SGY,5,3,1.0,0.969676540103207,0
A28VACO70PJMI7,8,3,0.875,0.3654526474968325,0
A28VYN4Y6DKRVK,5,1,0.8,0.7226725027579088,0
A28W7RKKZV625I,15,4,0.6666666666666666,0.7461889400173908,0
A28X7NZ02016FO,28,3,0.8214285714285714,0.750366277201689,2
A28X8OSUDWMH1X,5,1,0.4,0.43664215686274516,0
A28X8QQ97HM6CX,5,1,1.0,1.3705959631766085,0
A28XEHA0BN9OUB,6,2,0.3333333333333333,0.38205636257349845,1
A28XO41DARZM7J,10,4,0.5,0.6701296460613231,0
A28XSU9CZZBD6P,6,3,0.5,0.6741341991341993,0
A28Y587UOB6VCS,14,3,1.0,0.6898850435570142,0
A28YBV7OYX53KQ,5,2,0.2,0.4363188495365221,0
A28YMQH26AX2KN,22,3,0.22727272727272727,0.8837783825802529,0
A28YTL0ZMSBFQ5,9,3,0.2222222222222222,0.6924732359716881,0
A28Z7T4VDYXTFA,6,2,0.3333333333333333,1.3071589953572407,0
A28ZZGNB6YHB1C,6,2,1.0,0.7639680748893222,1
A28ZZVJQDTXKLA,9,1,1.0,1.2818028953108564,0
A2904N7SWGKRKP,6,4,0.8333333333333334,0.8499764184426207,0
A29072BT6E61Y,5,4,1.0,1.0674054054054054,0
A290DE47S21S5Q,5,1,0.4,0.6975,0
A290GZQ84UZQ5H,20,3,0.6,0.6452167078222076,0
A2910Q67HYWNLA,9,2,0.2222222222222222,1.0351015015716565,0
A291H4XSTIHHHS,10,1,0.7,0.9693096377306905,0
A29407ZZXMJFIB,7,1,0.8571428571428571,0.44786957392428334,0
A2949BRTINKLUM,6,3,0.6666666666666666,0.6959820705141562,0
A294QTFYPS4AEK,6,2,0.3333333333333333,0.8575268817204303,0
A294SYI3TWEBDC,11,3,0.7272727272727273,0.8810122493136848,0
A294WDDU7PKTVN,17,5,0.7058823529411765,1.1326980958167545,0
A294X2KGC8ZGF4,5,2,0.4,0.2710606060606061,0
A2957HNYN1RAH4,8,2,0.625,0.7806703398721868,0
A2959OYCZX0D4Y,5,2,0.8,0.9395443266411009,0
A295AUT0M2JA8R,6,3,1.0,1.2271686891745766,0
A295FGR81Q0V6T,7,2,0.8571428571428571,0.5576696361108852,0
A295GX7EXQ1MHT,6,1,1.0,0.858133587381302,0
A2969S7OIGCC7,9,6,1.0,0.6228575154631493,0
A296EPZRADJ0SF,11,2,0.8181818181818182,1.2423596407669455,0
A296HKC8BJZYNS,6,2,0.5,0.6987429690944955,0
A296NC5H5Z3BGO,12,5,0.75,1.0682656327454465,0
A296QED1MV1V0J,42,6,0.5,0.7805235149058545,0
A296W5YVEBXGBM,10,1,1.0,0.4625417858648765,0
A296Z4WZUOX9HX,14,2,0.5714285714285714,1.2100234380749295,0
A297MY8QTKGXW4,10,2,0.8,0.6233219011936858,0
A298DH3GXNK1DS,5,5,0.6,0.5686640035988899,0
A298KWIQBBUCZ0,7,4,1.0,0.6927294403709496,0
A298M3XMKHWBQK,8,3,1.0,0.5837060453863405,2
A298OODULT08X2,14,8,0.7142857142857143,0.6460157224379875,0
A298ZTGCB89MLE,5,5,1.0,0.5096705733291099,0
A2992O1JIXOHP7,7,1,0.5714285714285714,0.9415854032816442,1
A2997T4X2GJF7C,10,10,0.6,0.7402291137159028,0
A299BC8GNJS5EB,7,4,0.8571428571428571,0.40074761824527283,0
A299TTMYL1PDVZ,7,2,0.5714285714285714,1.7846079846079845,0
A29A4JT995YHJV,6,2,0.6666666666666666,0.4483171264887682,0
A29A59JA6M6RCZ,8,3,0.875,1.4680709948462085,0
A29AMVPLRCGOB2,5,1,0.2,1.2312682257653793,0
A29AX4IB7BJWFZ,8,8,0.5,0.9154673968508271,2
A29AZOMZ9UOZOG,6,2,0.3333333333333333,0.5542957914873266,0
A29B4PAIOL7HYG,28,2,0.5357142857142857,1.1721981264852495,0
A29BD6P61E812X,5,2,0.6,0.5009563038974804,0
A29BICDJTST1G2,7,2,0.7142857142857143,0.894059702408993,0
A29BUEGVFEKPJQ,6,2,1.0,0.35000921788221956,0
A29C2MCYZA5AKE,5,1,0.6,1.162147571159199,0
A29CEI6U2BLLCK,5,2,0.6,0.5123728070175437,0
A29CGU5G2YWZZ2,14,7,0.5714285714285714,0.4483285479915002,0
A29CJR2LAN3LJ0,12,3,0.6666666666666666,0.8062593970274655,0
A29DETROWWTBOY,5,3,1.0,0.5067715104241899,0
A29DISV9GUBK8P,6,3,0.8333333333333334,0.5255421378379636,0
A29DVV1OGO30U0,10,9,1.0,0.5211178449460511,0
A29E0N5YX7ZB7K,11,1,0.45454545454545453,1.688861539684008,0
A29EAOP4EI5DAQ,7,3,0.8571428571428571,0.7890006002400961,0
A29EGA8RIDPUJ1,5,2,0.8,0.9984615384615385,0
A29ELFGIWF1S09,6,1,0.5,0.7052669552669553,0
A29F7WPJY3OSSG,5,3,1.0,0.6588389014756475,0
A29FVZP5E2E91H,6,5,0.8333333333333334,0.6177302731990232,0
A29GAO1CDNU7I0,5,1,1.0,0.569777864597868,0
A29GQAGHNCC8P1,6,5,0.8333333333333334,0.4561614721536791,0
A29H6EE6U3R9PJ,5,2,1.0,0.5774925646305192,0
A29HHD1M6QPCWX,11,2,1.0,1.2310505610556168,0
A29HJ7V8LS8LYS,5,3,1.0,0.8842222222222222,0
A29HT9J9U4QPV5,11,2,0.9090909090909091,0.8589790764790766,0
A29HUC2XR37KDD,5,2,0.4,0.8286488604866517,0
A29HZ1L1MSRWAL,13,3,0.7692307692307693,1.3798028627355552,0
A29I48NFT6IDCP,6,2,1.0,0.40406674991964514,0
A29INQQ6X4ENMO,7,4,0.5714285714285714,0.571902253898089,0
A29IP3463JHHIW,12,4,0.75,0.2719071296815198,0
A29IVL8DK5ZVDM,5,2,0.6,0.4525868242033656,0
A29JFTRR03XE8P,6,1,0.5,0.6999480095068331,0
A29JH1CJ1CHMVX,6,2,0.3333333333333333,0.3500000000000001,0
A29KJ1B32SL5FD,9,2,0.6666666666666666,0.5472212213018093,0
A29KKLJ8BLQ2GN,8,4,1.0,0.5749140329421187,0
A29L9MHE4WG16O,13,7,0.9230769230769231,0.6824623622568204,0
A29LALMN0S0VQ7,5,2,1.0,0.8298660714285713,0
A29LN0NLLO0AJT,5,1,0.4,2.064661530330675,0
A29M7XQ2N6AALZ,9,1,0.7777777777777778,1.9051612108175928,0
A29MCZ55V6XTBV,9,2,0.5555555555555556,0.5272311203683753,0
A29MI0QYBI5WSK,5,1,0.6,0.346112225938313,0
A29MI1DJR2JYU2,5,5,0.4,0.6035714285714286,0
A29N6KX6PCN26H,5,3,0.2,0.6778389010500934,0
A29NE7SBY16CSV,5,2,0.6,1.9997217068645639,0
A29NECZQ85Y57O,8,5,0.625,0.8578855479217241,0
A29NO61G1WH74V,13,10,0.9230769230769231,0.5087127516192205,0
A29NV2YITU0EJK,6,2,0.5,0.8171929824561405,0
A29NV3DTW63GGR,5,1,0.2,0.8008586361373817,0
A29O6REZ04U6IH,5,3,1.0,0.6103571428571429,0
A29OGQ83C0KYLE,6,2,0.8333333333333334,0.9370234204793028,0
A29PQH8RIUG4KZ,23,1,0.43478260869565216,1.3202280132947255,1
A29PRMHNYDC06I,5,1,0.6,0.611617933723197,0
A29PYOW1XV6GWI,6,1,1.0,0.6037618361743236,0
A29QQSD7TCAZWQ,5,2,0.8,1.020798909120077,0
A29QQUKTUHOA32,5,2,1.0,1.6245572422517391,0
A29R396BDDEMON,5,3,1.0,0.6935463659147869,0
A29RWALB7HOGPP,6,2,0.6666666666666666,1.1494047619047618,0
A29RZCKZFN6RES,9,8,0.5555555555555556,0.27009640221171133,0
A29S1MTFU2DJMW,6,1,0.6666666666666666,1.9730038480038479,0
A29S5DRKSYUIHU,5,1,0.4,0.6675476190476191,0
A29SAOEAAI4PAW,7,2,0.42857142857142855,1.2516698922097664,0
A29SB0CL7V5FYF,9,2,1.0,0.39028250664922953,0
A29SL2BZ5HS7GG,5,2,0.6,1.0211698028165204,0
A29SRO9Q4Y4VS8,6,3,0.6666666666666666,0.656007677787981,0
A29STFQPT0DAXP,10,2,0.8,0.9700942531295429,0
A29SZ6ZTP4MH9H,6,2,0.5,1.1250771604938272,0
A29T318NU5MRE1,6,2,0.16666666666666666,1.3914682539682541,0
A29THQFOAB9U4U,7,1,1.0,0.81852195423624,0
A29TSPI4U7YV9M,12,1,0.5833333333333334,0.619874033187943,0
A29UD0YQU95J2Q,5,5,0.4,2.298095238095238,0
A29UH663BZ88D9,10,2,0.6,1.0214091464091466,0
A29UNW6NB16ZE0,5,2,0.8,0.5809281087395136,0
A29UXE5B1U2163,5,2,0.8,1.4720243913792301,0
A29UXGM16BBH35,6,2,0.8333333333333334,0.7667771272718472,0
A29V0DD2IE8Z1,6,2,1.0,0.6086459836459838,0
A29V754TP68LZL,5,2,0.2,0.7158730158730158,0
A29VOCZXMYJWUX,6,2,0.5,1.7862185706200986,0
A29VPWQZC2A62R,5,2,0.6,0.4942445458844816,0
A29Y0UQHVASGW5,6,2,0.8333333333333334,0.7452851475779744,0
A29YE3YVXXA4OJ,5,1,0.8,1.0548887587822013,0
A29YIKVUOHDXDW,6,2,0.3333333333333333,1.1029590859332237,0
A29YKT85YFAY87,9,1,0.5555555555555556,1.0549689000918576,0
A29ZG8IHLO6F9R,6,3,0.5,0.7867965367965368,0
A29ZIJZ5GMU4L7,7,4,0.42857142857142855,0.841436175426274,0
A29ZSWFCDGF3PA,6,2,0.16666666666666666,0.36258169934640544,0
A29ZTEO6EKSRDV,11,3,0.5454545454545454,0.7970162736585832,0
A2A08IJAH5WIKQ,7,3,0.7142857142857143,1.0227644091699393,0
A2A0A55YH86W83,7,5,0.7142857142857143,0.7377988876710103,0
A2A0NIHH6G57VS,11,4,0.6363636363636364,0.7101624111854768,0
A2A0QMAS99TCUO,5,3,0.8,1.1843823948681398,0
A2A0T5NTYP1UYS,5,1,0.6,0.8257142857142858,0
A2A1RBR2MG7LHY,5,3,0.8,0.568628847550416,0
A2A1XEP9I15P2S,5,1,0.6,1.0190101757631822,0
A2A2M8EGBY2FV0,18,3,0.4444444444444444,0.7081882731998963,0
A2A2QQEP8SSAXH,11,2,0.36363636363636365,0.5170063841048471,0
A2A30YI03VDQQI,6,2,0.3333333333333333,0.6559973716406465,0
A2A34GD6XX5MMH,5,3,0.6,0.9033053221288515,0
A2A3VH42I16COE,5,2,0.8,0.6139743589743591,0
A2A46UUJJ5GG2W,5,2,0.8,1.6407718643012763,0
A2A4C0IRW8OMIK,5,1,0.8,2.07,0
A2A4DJHAVP1QQU,5,1,0.8,0.5915989159891598,0
A2A4EQQ6CC2T8C,6,6,1.0,0.9180409118919212,0
A2A4UN76SBQGGP,7,5,0.7142857142857143,0.8269610924997516,0
A2A4Z8KEO7R0DR,5,2,0.8,1.0700520252694166,0
A2A57YUK6GYYLK,8,3,0.875,0.7188956876456876,0
A2A5LAV5TOL679,5,3,1.0,0.5775925925925927,0
A2A5LGHYI9YO46,7,3,1.0,0.7356292517006803,0
A2A5PFTZBFLL68,10,5,0.9,0.6169383103810627,0
A2A6GJPCMOI441,5,3,1.0,0.36758180433427956,0
A2A6QBEALE4SD2,5,3,1.0,1.157860211308487,0
A2A7A6OILSS9SJ,5,4,1.0,1.448051948051948,0
A2A7HAS0GN1I6D,5,4,1.0,1.367117117117117,0
A2A7THBRZ2OXWW,6,1,0.8333333333333334,0.9725850458609079,0
A2A7VL52BWHZHW,5,1,0.8,0.8980365296803654,0
A2A8HDV5DTGLJ2,5,2,0.8,0.45720181120464326,0
A2A942D1AG87PT,7,4,0.2857142857142857,0.7987150415721844,0
A2A9OWDFOTQZP3,9,2,0.8888888888888888,1.008319421849359,0
A2AA3MND6ED8TM,9,2,0.5555555555555556,1.709098228663446,0
A2AAB4Y69I91Y0,17,8,0.35294117647058826,1.1229571159969705,0
A2AADPO6J2BVW8,5,2,1.0,0.7802762455822432,0
A2AAOTWCPRFYYT,21,5,0.5238095238095238,0.8845909887080529,0
A2AAU7T113QDMZ,5,2,0.4,1.4960950998686848,0
A2AB4H9JQJGJEE,5,3,0.8,0.6211433172302738,1
A2AB573QA87CNH,6,3,0.5,0.4344952795933188,0
A2ABALJP4ZTH4P,6,1,0.5,0.8780193236714977,0
A2ABOZF4NB9PIQ,5,1,1.0,1.407169650468883,0
A2ABQ5AAVFUOUR,5,2,0.6,1.2832581453634087,0
A2AC68C4B88P6U,9,5,0.5555555555555556,0.7811837486973603,0
A2ACBKGKN0M09R,8,5,0.875,0.4809870809736938,0
A2ADCV2454LZB7,5,1,0.6,0.8499293319293321,0
A2ADK5HZNUEDG2,12,5,1.0,0.7184971336434689,0
A2ADPP8XE7EFIP,8,2,0.0,0.6334523255212374,0
A2AEIVLT8WUMXT,5,1,0.4,1.619811003497444,0
A2AEJYVFS6EE3E,5,1,0.6,0.9130038850038849,0
A2AEK1YR6AMMT6,5,2,0.4,0.5527594749715777,0
A2AENCFIE6N3E9,6,1,0.16666666666666666,0.3645833333333333,0
A2AEYSAR5T5COQ,5,5,0.4,1.5284252831567409,0
A2AEZQ3DGBBLPR,21,1,0.5714285714285714,1.811985185417241,0
A2AF379F5RHRAE,6,3,1.0,0.3467843734884406,0
A2AFAJC73WZNGA,7,2,0.42857142857142855,0.5711866553880212,0
A2AFFIW9KTDB8O,14,14,1.0,0.5821904436923401,0
A2AG9AU28CA4ZS,7,7,0.5714285714285714,0.5683776857737629,0
A2AGD4UR6E8O3B,5,2,1.0,0.44795825771324865,0
A2AGI5DX5BKE7I,11,7,1.0,0.5111157097139142,0
A2AGUIRQZHZK7K,15,11,0.8666666666666667,0.7881870670349725,0
A2AH4B8LF4S2FX,6,2,0.3333333333333333,0.9272212543554007,0
A2AH9CMEICTXZ7,7,2,0.7142857142857143,0.8075349762218058,0
A2AHDC5WZ5K7YL,5,2,0.4,0.5704584521169886,0
A2AHI7N2BXB063,7,1,0.5714285714285714,1.5283293074314745,0
A2AHNXK3Y5XER9,10,2,0.7,0.6075471069141147,0
A2AHTUMQC1O3M8,19,3,0.42105263157894735,0.6750771624435482,0
A2AIB02RIVPPKU,6,2,0.8333333333333334,0.3188169727491415,0
A2AIBHOQVU9IRB,8,2,1.0,0.4273982558139535,0
A2AIHUT8YFKQ47,7,2,1.0,0.922883597883598,0
A2AIK37IWL09X7,5,1,0.8,0.6580952380952378,0
A2AINLLX0560S1,21,7,0.5238095238095238,0.9348340013701791,0
A2AIQYXKN9V80L,24,4,0.4166666666666667,1.0743136585248927,0
A2AIS7OMPRT5YT,9,2,0.4444444444444444,0.8074069456813446,0
A2AJDCY5XJDTYH,6,3,0.6666666666666666,1.2368881118881119,0
A2AK9QCWJ7PJHV,5,4,0.6,1.150634920634921,0
A2AKDEBXR889PE,13,2,0.46153846153846156,1.3248460202539258,0
A2AKH7RKP0RLJO,7,3,0.7142857142857143,0.521343537414966,0
A2AL5T8PL9A8IZ,6,2,0.8333333333333334,1.0595238095238095,0
A2ALBQEP71X2XG,6,4,0.6666666666666666,0.622076185805694,0
A2ALD4VJP44UEK,5,2,0.6,0.47874999999999995,0
A2ALK5TW65IHW8,9,2,0.5555555555555556,0.6177276831785345,0
A2ALX5U55NTGTL,31,2,0.967741935483871,0.8335414637526887,1
A2AMCRY89N3K9R,15,5,0.8666666666666667,1.0921767299461176,0
A2AMK2RV8YEAS1,7,2,0.7142857142857143,1.5893992113198794,0
A2AMXIGL556D07,9,4,0.6666666666666666,0.519373661764966,0
A2AMYLQF3LGAPG,6,2,0.5,1.2628321669913187,0
A2ANDETHS4MQ4M,5,2,0.8,0.7933333333333334,0
A2ANICQ82D7RJV,19,4,1.0,0.4440866260858165,0
A2ANIO9P7WE1SX,7,1,0.42857142857142855,1.1300067130103637,0
A2ANUZS8OB03X6,5,3,0.6,0.985662177756765,0
A2AO270D2JMUK9,11,2,0.8181818181818182,1.2210056059811263,0
A2AOAEIOSPNZ7E,7,4,0.8571428571428571,0.3462264230497051,0
A2AP059CCLBWPU,9,3,0.8888888888888888,1.0090976810016865,0
A2AP1E5TILZLUA,7,4,0.8571428571428571,1.0136131375627175,0
A2APJH8UKCOL7M,10,4,0.5,0.5662370262717331,0
A2APN5J84C5T5W,5,2,1.0,0.7965610859728509,0
A2APS8XYSD9V2E,5,2,0.2,0.38240860215053785,0
A2APSBKFGSWWRN,5,2,0.8,0.6594639685562417,0
A2AQ1HP3EVGU8V,8,3,0.5,1.1882296413023208,0
A2AQMJ449X1OEI,8,4,0.625,0.37986383080255864,0
A2AQQE7LI2E2C7,8,1,0.75,0.49056687507538893,0
A2ARBHSFWZN5IT,5,3,1.0,0.4285104371597489,0
A2ARF1D0NPVPI2,12,2,0.75,0.5976517513031057,0
A2ARFX9JWJC3VK,6,3,0.8333333333333334,0.9801203524607781,0
A2ARGWWXYHQ1Z4,8,6,0.5,0.9967276302426638,0
A2ARJYDVAG08EH,6,3,0.3333333333333333,0.9401455026455027,0
A2ARKTFI3SE722,5,1,0.8,2.535989974937343,0
A2ARRW8E2WEW10,5,1,0.2,0.3934650455927051,0
A2ARSKPNMB6NOI,8,2,0.625,0.3462522550337197,0
A2ARTM82FHYF82,12,4,0.5,0.6791657456528145,0
A2AS90DPWN2LMY,5,2,0.6,0.7736049801924166,0
A2ASAFOEQ9ORGY,9,2,0.7777777777777778,1.6364361560439993,0
A2ASCP67NRAUJ5,7,3,0.42857142857142855,0.6183292447413749,0
A2ASFQDIEBK6DP,5,3,1.0,2.103846153846154,0
A2ASNCPAZWNTF0,8,3,0.5,1.1880983651517327,0
A2ASZQRCF9VA5A,8,1,0.5,0.7712489804881109,0
A2AT1JVXDCNXQ9,10,2,0.6,0.5624365536299908,0
A2AT1VB213NFEZ,11,6,1.0,1.2431831198818681,0
A2ATV5Z6K00RQ0,5,1,1.0,1.2479220779220779,0
A2AU2OVD6VT49Z,5,1,0.6,0.9499819624819625,0
A2AU4EKNI8NLWT,9,2,0.8888888888888888,0.6219790369882169,0
A2AUIYDQ5DOX6H,5,1,1.0,0.5227272727272726,0
A2AUJKRW4BX6NP,7,2,0.8571428571428571,0.9230576441102757,0
A2AV13FWX8OCQT,5,1,1.0,0.6996637541927201,0
A2AV81E5SIEIQ2,7,5,0.2857142857142857,0.550901351274651,0
A2AVGSWVV7FDRQ,19,2,0.5263157894736842,0.5746706772511373,0
A2AVKGSNUB5ES5,5,5,0.4,0.7236284470246735,0
A2AVQKTJCOA7DX,9,1,0.6666666666666666,0.7462898552434841,0
A2AVTAD5M3LQI0,8,4,0.875,0.6411830357142856,0
A2AVU6O4L6R32W,12,3,1.0,0.7285157403579734,0
A2AVY1038B8KT2,7,2,0.5714285714285714,0.9746120287195337,0
A2AW0SSI0MQ40J,5,4,0.4,0.40249753633899965,0
A2AX8RFI7M3JGP,5,1,0.8,1.2296068159644353,0
A2AX9GI68YW8AL,8,3,0.875,0.320453307676946,0
A2AXDPIHW22AOE,7,3,0.8571428571428571,0.45047855807460285,0
A2AXPXVA8YBI55,5,3,0.8,0.7121120984278878,0
A2AXQJDHWSJKCD,5,1,0.6,0.55,0
A2AXWQVA5V9GPJ,21,2,0.14285714285714285,1.101397734493578,0
A2AY0K8YR6MZHG,6,5,1.0,1.0605993970643652,0
A2AYS6DJU73UP2,5,1,0.8,1.963064935064935,0
A2AZ16HOB7IE49,6,3,1.0,0.5446994821437113,0
A2AZ2KEZTKODTQ,5,1,0.6,0.62495670995671,0
A2AZ744ZH35WLO,5,5,1.0,0.5787438016528927,0
A2AZ7F4XJADSAL,6,3,1.0,0.5743478616661001,0
A2AZI3NU5HGWRL,8,2,0.75,0.777143547153175,0
A2AZIQJGBLU7WN,8,3,0.75,0.6946013668696736,1
A2AZK4US9ZK5VH,7,2,0.7142857142857143,0.4195900070237294,0
A2AZUPSFWSBA3,5,4,1.0,0.7414285714285713,0
A2AZUT2TT2R9KX,5,2,0.6,1.028093308245284,0
A2B0SFSYA5098D,6,1,0.6666666666666666,0.665498771858421,0
A2B1C21U9FVP59,12,4,0.5,1.007263255481593,0
A2B1D8NOWQ6LVU,8,3,0.75,0.8117447916666667,0
A2B1OJ22IYM3NR,11,2,0.5454545454545454,0.7936610062806235,0
A2B1QU9EKEEUZ8,7,1,0.5714285714285714,0.9502120686331212,0
A2B1UZREZPO2EJ,5,1,1.0,0.4595918055008964,0
A2B2CR2H9FDCOX,9,4,0.7777777777777778,0.7317368032484312,0
A2B2EK1UXJ9PJ1,5,3,0.8,0.4616387363616914,0
A2B2GQQHC6FLII,7,2,0.5714285714285714,1.5148469506716349,0
A2B2SMSDQL4QQI,5,4,0.6,0.4664145658263307,0
A2B2TVVNS6NII1,7,2,1.0,0.7535177228786252,0
A2B38WJFTN6MRB,11,5,0.7272727272727273,0.9605110551474699,0
A2B3B8ALWKSLKR,6,1,0.6666666666666666,1.3386034530771374,0
A2B3G7YAO27QOS,8,2,0.5,0.6244548623769595,0
A2B3GDXI482U2T,6,2,1.0,0.7878628004874267,0
A2B3H7RQ3MTFGX,7,5,0.5714285714285714,0.7814364876385336,0
A2B420CB0KROU1,5,2,0.8,0.48248015674860767,0
A2B427WBK10VH9,9,2,0.5555555555555556,0.6015687785874122,0
A2B4ZODG2GZLIN,6,6,1.0,0.7821145124716553,0
A2B54000WDS6D2,20,3,0.65,0.9008617783995451,0
A2B5DJ0IVKTBIW,7,5,0.42857142857142855,0.948715830522121,0
A2B5USYMX4YTUM,5,1,0.8,0.9322889876081366,0
A2B64OK9YBEQGP,6,2,0.5,0.845999131001301,0
A2B7232N5XAOGO,8,2,0.875,0.7582820469263638,0
A2B8GXSCB1R05T,29,1,0.41379310344827586,0.6629781831944132,0
A2B8KX017QWWQM,5,4,0.4,0.9247024860190851,0
A2B8OUWIMS9I50,6,2,0.8333333333333334,0.581103957633435,0
A2B8WBRBVRFULZ,5,1,1.0,0.7645376379743236,0
A2B91B2KLDU9UW,6,3,0.5,0.7445987654320989,0
A2B9AGEXWE8L50,5,2,0.4,1.9282100863314973,0
A2B9AYXPRI38IV,5,1,1.0,0.7888838787547541,0
A2B9OCYV48AMKC,7,7,0.8571428571428571,0.9668200613578765,0
A2BA2TH39PLLTQ,14,4,0.8571428571428571,0.584105737181889,0
A2BABVYTG7S2LS,6,1,0.6666666666666666,0.5746489141536312,0
A2BAHBYCJK7JPA,13,3,0.3076923076923077,0.9531862424574976,0
A2BAMSA51YSE0U,12,5,0.16666666666666666,0.7480181330769083,0
A2BARWBCUPAVAH,5,2,0.8,0.5526516200498477,0
A2BBBID6B14U9H,5,2,0.6,0.5236174055829228,0
A2BBZEFTMJ61N9,10,3,0.5,1.1534480397522995,0
A2BBZGVLEGIAVN,7,1,0.7142857142857143,0.6999879022449031,0
A2BC0S3D755011,5,2,0.2,0.7613930717793679,0
A2BC636KMD01UF,9,3,0.5555555555555556,0.3506162399737441,0
A2BCE305MUUP8R,16,1,0.5625,0.6973381995911065,0
A2BCH9YBQWYF1V,6,2,0.16666666666666666,0.649030061471996,0
A2BCNCXJYDWP8K,10,2,0.8,1.0185501632870053,0
A2BCV9V0BLJ7RI,7,5,0.42857142857142855,1.5371420489841543,0
A2BDERU31EP4RP,5,1,0.8,2.6182648401826483,0
A2BDV9ZJ2LBH6Y,9,2,0.8888888888888888,0.8285678819867652,0
A2BEF5AHXWEEC1,6,1,0.5,1.403846153846154,0
A2BENTCRKZ8UA9,5,1,1.0,1.1028785041868203,0
A2BERMRXE7Y293,11,2,0.2727272727272727,0.42022539785482044,0
A2BES4CAPLGTQZ,5,3,1.0,0.6983482025221157,0
A2BEX80MCLW425,8,2,0.75,0.6016656236584819,0
A2BFH1VK6JTYNV,12,6,0.6666666666666666,0.5397874723608079,0
A2BG1N1J4R84GM,5,2,1.0,0.8385627705627705,0
A2BG2IXO32MWXP,8,2,0.875,1.0101261238761239,1
A2BGDI7RRK6YJ5,15,5,0.2,1.4753854120661845,0
A2BGEG4Y6W9MHB,5,2,1.0,0.5342124542124544,0
A2BGIDLFOT84JU,6,1,1.0,0.4162062699688495,0
A2BGMWY2YME09U,5,2,1.0,0.9764495264495265,0
A2BGO838YJ2YO,6,1,0.3333333333333333,0.9057280118255727,0
A2BGOSSTU99NKK,7,3,0.7142857142857143,1.3023764412926975,0
A2BH04B9G9LOYA,21,2,0.5714285714285714,0.935998082306903,0
A2BH9DHKBIBDX3,21,4,0.7619047619047619,0.6001311861298466,0
A2BH9FCEESTK63,6,2,0.6666666666666666,0.8738694562493189,0
A2BHAEL2Q4HR4A,5,2,1.0,0.30180691454664077,0
A2BHAOAGLNFBBZ,6,2,0.6666666666666666,1.1676089529379001,0
A2BHITA5YYWFM6,5,3,0.6,0.9594405594405595,0
A2BHK8AH22A6FP,5,3,0.8,0.5970819906910132,0
A2BHND8DKPSHTH,5,3,0.6,0.32273291925465825,0
A2BHNIWHUFKE9D,6,3,0.5,0.8202489837398375,0
A2BHV2JH2L376C,5,2,0.8,0.7996095407860114,0
A2BJ3EU0MRTYRT,12,1,0.8333333333333334,1.0254516100847624,0
A2BJ5GTHXK2NRT,6,5,1.0,0.6318973382803169,0
A2BJ9I0BQ1LH5S,29,6,0.3103448275862069,0.8633381404178687,0
A2BJK4J9ZI3FLY,5,5,1.0,0.3711904761904762,0
A2BK8AJS9ASZPL,5,1,0.6,0.9505167055167056,0
A2BKYX16TSC3V5,5,5,0.4,1.4042114695340504,0
A2BL1ZST2W1C1L,8,6,0.5,0.6825392961372438,0
A2BLGQ2SCSKCCY,7,2,1.0,0.667717996289425,0
A2BLIVYF03O1DF,5,1,0.2,0.97,0
A2BMEAPBBH3TXH,5,5,0.8,0.8083208236014421,0
A2BMJZV0TB213D,6,5,0.6666666666666666,0.7102777777777778,0
A2BMMAG1FO41VK,7,2,1.0,0.8043009823409096,0
A2BMNAW7CF2RB1,5,3,0.6,0.4402298850574712,0
A2BMRNUX6W4WQK,6,1,0.6666666666666666,0.6774266674373098,0
A2BMUKKNIWOOD,7,2,0.5714285714285714,1.4101154480116875,0
A2BMXZC6QHRM2L,8,3,0.875,0.5539421362950776,0
A2BN5QKVZEI7Y3,6,4,0.6666666666666666,0.443341982091982,0
A2BN9DIBP9A0XG,23,2,0.43478260869565216,0.7614124359220044,0
A2BNKKY4MNVJI9,6,2,0.6666666666666666,0.5120448179271709,0
A2BNWAUU4ZS3JF,6,3,0.8333333333333334,1.4196522885248373,0
A2BNXPL75IE8TR,8,5,0.5,1.17091213686568,0
A2BO13HXMG3J0I,14,9,0.7857142857142857,0.46227771950213964,0
A2BO5VNC8C319B,7,1,0.8571428571428571,2.2236146378674357,0
A2BO6PLD34SH65,5,1,0.6,0.25517656500802566,0
A2BODKOL9YT475,5,1,0.8,0.9287955182072828,0
A2BOQ0A4GC9V41,6,1,0.3333333333333333,0.35829451345755686,0
A2BOUB0UM5EJK,6,3,0.6666666666666666,1.0160316399286988,0
A2BP7QSZORLM64,8,1,0.625,1.2635961507028441,0
A2BPNL9FYEYMBW,5,3,0.4,0.408589952682976,0
A2BPUF31U5KBBZ,5,1,0.4,0.3159977536981022,0
A2BPVPHCDERJP1,6,3,0.8333333333333334,0.5742761282988051,0
A2BQ43D7E58FWB,5,3,0.4,1.146971916971917,0
A2BQ9WCDW3JF1,12,3,0.6666666666666666,1.5634982504014736,0
A2BQCZ3ZAX05K5,5,2,0.6,0.9484922567753216,0
A2BQPOJU599ANI,5,4,0.8,0.3684868754433973,0
A2BQTNBWIRZ5ES,5,2,0.6,0.5758333333333334,0
A2BR0LJ24WU79M,8,4,0.5,0.6250234261862169,0
A2BR1O2N9ZTJKY,5,5,0.6,0.7255647794552236,0
A2BR6DAI0Q3GNW,9,2,0.4444444444444444,0.5939081846283476,0
A2BSCP6IOIUQ33,6,2,1.0,0.43974712887756384,0
A2BSNVWUCO9MBU,6,2,1.0,1.479204822954823,0
A2BSYDI6DC3EZM,8,1,0.625,1.0482647907647908,0
A2BTW0ILQAD1SM,5,1,0.8,1.2043961352657004,0
A2BTXUU7FROCD8,5,2,0.4,0.5733305728088336,0
A2BU4VOM170W1Y,6,2,1.0,0.6206294218351411,0
A2BUN9S55ZYMHM,5,3,0.4,0.5977812425041977,0
A2BUXQ05X8GB58,7,2,0.5714285714285714,1.4142857142857144,0
A2BV174WH9DTAN,5,3,1.0,1.4149999999999998,0
A2BV8E2VPVORN3,7,2,0.7142857142857143,1.1063579277864992,0
A2BVO9EUDNV3JD,5,4,0.4,1.3124550530517947,0
A2BVT5QJSEEQI8,12,4,0.5833333333333334,0.46759975279191274,0
A2BW2AE4FVJ0SL,9,3,1.0,0.4940062924336024,0
A2BW52IWO65S1F,5,2,0.4,0.6701058201058201,0
A2BW98LHL7RKG3,5,3,0.2,1.242360489534891,0
A2BWCXXC4TW8Y,5,4,0.4,0.3849923659724023,0
A2BWKOU10YHJNL,5,2,0.4,0.80625,0
A2BX0E26599UPQ,7,3,0.8571428571428571,0.6629021965258899,0
A2BX8DDQGCCG2J,57,3,0.8771929824561403,0.8519996251632643,0
A2BXG6W3BBNJAL,12,3,0.8333333333333334,0.7851524953415709,0
A2BXOMMBRCQKSX,7,2,0.42857142857142855,0.5679177418093674,0
A2BYAF78D4IUBH,5,2,0.4,0.703624813153961,0
A2BYDGGUBHSZ96,9,1,0.1111111111111111,0.8320438758032461,0
A2BYI7ZDBNL609,5,2,0.6,0.7112698412698413,0
A2BYPQKJWFA05,10,2,0.3,0.7674426555184021,0
A2BYYAC37POD57,17,5,0.5882352941176471,0.7612567455469726,0
A2BZ7MYTSNYMEW,10,1,0.9,0.653352844492885,0
A2BZ9AJLB77AM,5,2,0.6,0.42250099114576456,0
A2BZJFWHYPSBHX,5,3,0.8,0.6472490472490471,0
A2BZKDJYDLXXYH,9,9,1.0,0.5305661962412535,0
A2BZMMDUDSXEQD,5,3,1.0,0.516604971737799,0
A2C0LEF72UCMQU,10,2,0.8,1.2729465874627166,0
A2C1G0L954QFCH,10,6,0.5,0.4707683143729655,0
A2C1GBKFORV3M6,5,3,0.2,1.3495319794584502,0
A2C1KT41VPR4JP,10,2,0.8,0.4974070285249784,1
A2C1VXIA3PH3RW,7,7,0.8571428571428571,0.39448187923631867,0
A2C1XRZGFO8WK9,8,5,0.375,0.9100263629613516,0
A2C1ZV6ESXKYIL,13,2,0.46153846153846156,0.6500348189618244,0
A2C247NHT2WZIZ,7,2,0.2857142857142857,0.4886164722299175,0
A2C27IQUH9N1Z,10,3,0.9,0.6136190112963569,0
A2C2AWPJUPSGI1,5,2,0.8,0.6900892415617272,0
A2C2JOO6DYRMYL,7,2,0.42857142857142855,0.55798766661136,0
A2C2WVPRY4H9XY,5,5,1.0,0.4611382113821138,0
A2C33LSTCOU5IQ,5,3,1.0,0.8174863387978142,0
A2C34XK49VK1IW,5,2,0.6,0.8863945578231295,0
A2C352EB1Z0PZK,14,6,0.5714285714285714,0.7802810658333914,0
A2C3BHTU1PEPLF,5,5,0.8,0.9468911967767802,0
A2C3DJR0ODHIF1,5,3,0.4,0.6906169994879672,0
A2C42R3XN8GSPZ,5,3,0.8,0.36343595762609854,0
A2C4FZCY8A6W6M,16,3,0.6875,0.6079361586817467,0
A2C4O93BXM5ROE,5,2,0.6,1.553106953106953,0
A2C50KBBXJ9PS5,5,2,0.6,2.8507258064516128,0
A2C56KCZM1VEUA,7,3,0.2857142857142857,0.8992200328407226,0
A2C5LCVTHITXFY,19,2,0.47368421052631576,0.742362213129848,0
A2C5R40FBW3W2F,5,2,0.8,0.5107272727272727,0
A2C61BXPVZC9CS,5,1,0.6,0.6227173913043478,0
A2C6DOEV3JWJO4,17,2,0.5294117647058824,0.5826549111571685,1
A2C6FXL8ITTMDQ,8,3,0.75,0.3461975633602092,1
A2C6ISLU0E5K2B,6,2,0.3333333333333333,1.2662168610444473,0
A2C6LWCQ10DZ79,5,2,1.0,0.758745341614907,0
A2C71LXGUYE972,5,2,0.4,0.4703463203463203,0
A2C7WNWBTF2J1A,8,2,0.625,0.9669307408277996,0
A2C8CYAXD5VG3P,5,2,0.6,1.0899999999999999,0
A2C8IUK1PFWPHK,12,6,0.6666666666666666,0.45262187484275374,0
A2C8OOP3HT8IGW,7,2,1.0,0.5999019464245026,1
A2C8WLHQU2L2RJ,7,2,1.0,1.0802202699261523,0
A2C94C8WHKXQH5,5,2,1.0,0.29433160309937545,0
A2C9ZOF0R2JQTO,19,2,0.631578947368421,1.086741376461485,0
A2CA0FM9SF5VQY,8,4,0.875,0.5954737084367865,0
A2CA374K5ZZWI7,7,2,0.7142857142857143,0.4804682923784558,0
A2CAAZ4SK0SDLQ,9,3,0.8888888888888888,0.5731653388658219,0
A2CAV4ZI44POBY,8,2,0.375,0.7695077206078587,0
A2CBA6D0IIEDNK,8,2,0.75,0.5162021466654494,1
A2CBAZ9DDPNFME,7,3,0.7142857142857143,0.6511094506452466,0
A2CBIY2WT8XCRC,5,4,0.4,0.7217025940811107,0
A2CBOTHF2PZW9M,7,3,0.8571428571428571,0.6267094711452332,1
A2CBYGMX1S6KS6,5,2,0.8,0.7609328063241108,0
A2CC2CRU24E44X,5,1,0.4,1.1580952380952383,0
A2CC8MLBSTMKPB,5,1,0.8,0.5978817459619501,0
A2CCIJ3SM5W136,6,2,0.8333333333333334,0.9260095939312807,0
A2CCLNVLC5AV28,5,1,0.8,1.5120117366587198,0
A2CCNE77SUTEEL,5,1,0.8,0.4243127803835609,0
A2CCR94U15ZG90,7,2,0.42857142857142855,1.424222352417841,0
A2CDVJ11UOJO6,6,2,0.8333333333333334,0.8302669552669553,0
A2CDXJXED5IM45,5,3,0.6,0.31553012967200617,0
A2CE5IEN54MZFD,8,1,0.625,1.1403679653679653,0
A2CE7EN4TBTG38,8,3,0.75,0.8151528459462484,0
A2CEU41NXZ1XGQ,5,1,0.6,0.5878149920255183,0
A2CF6Z5T5AF6NC,5,4,0.8,0.40530158730158733,0
A2CFCASXVT8OIT,8,6,0.625,1.0531462585034015,0
A2CFDI9XX8TPL1,7,2,0.5714285714285714,0.45914786967418547,0
A2CG191FKPTJUI,7,1,0.8571428571428571,0.7372764767601739,0
A2CG457OVZ0LTV,13,4,0.46153846153846156,0.6557639721761273,0
A2CGKHHEXOQRD5,9,7,0.6666666666666666,0.6022388790907309,0
A2CGORRQGDEL37,6,2,0.8333333333333334,0.9941968737138956,0
A2CH2HX82W1KYM,15,10,0.8,0.6012388604555673,0
A2CH4QDGD6I9KL,9,4,0.4444444444444444,0.9590409289596283,0
A2CHQ0T21JIZ10,5,2,1.0,1.0221031746031746,0
A2CHU365MSG0CM,6,2,0.8333333333333334,0.8388046988046988,0
A2CI4FAG7AVRVA,15,3,0.26666666666666666,0.56372968818621,0
A2CIIWF8PURU9J,5,5,0.8,0.432915293019615,0
A2CIV3WRLZKR3F,5,2,0.6,1.1974943182685887,0
A2CJ6BOXPMVDZ9,6,2,0.16666666666666666,1.0862422025480554,0
A2CJI4MLMO93U,5,1,0.4,1.1146825396825395,0
A2CJO12IHT54XU,10,3,0.8,0.4330943997317237,0
A2CJVLER896Q7L,5,3,1.0,0.947205882352941,0
A2CKNUPARHT6UU,5,5,0.6,0.7155761024182076,0
A2CKQA93KUJUH2,11,1,0.5454545454545454,1.0039679729482986,0
A2CKR7APRGHUIA,14,8,0.9285714285714286,0.7395669540754561,0
A2CKVHP0NZIZEC,5,1,0.8,0.32984843060031005,0
A2CKYJ00TRTR65,5,2,1.0,2.2127700167274535,0
A2CL49ZLRKPTMV,8,1,0.25,0.7850724744255975,0
A2CL818RN52NWN,6,1,0.5,0.38670850293984627,0
A2CL8Q9M8JM43S,5,2,0.6,1.2341376082755393,0
A2CLBKNPB1EK0V,5,3,0.8,0.21169191919191926,0
A2CLDB6BSGRGOQ,6,3,0.5,0.9834416819211448,0
A2CM5XYT5Q2MP8,5,3,0.0,0.8897958531815379,0
A2CMCBJSMY0952,6,1,0.6666666666666666,1.1252749396906483,0
A2CMDEP1IU7PKE,6,5,1.0,1.6072363123993558,0
A2CMKRNNI0VIYL,16,4,0.6875,0.7399519687659502,0
A2CMY82W0L2TXH,6,2,0.6666666666666666,0.8791413731484496,0
A2CNGARED6OWWU,11,2,0.45454545454545453,0.8298875497733083,1
A2CNGDV4ATHD6M,7,3,0.7142857142857143,1.2577732345174206,0
A2CNK3GG9IOCWK,6,2,0.8333333333333334,0.5336998096883137,0
A2CNO6NW5PJCP4,9,2,0.7777777777777778,0.5045763788933189,0
A2CNXS86JY4JV4,29,9,0.7241379310344828,0.6280141403717943,0
A2CO0BEL3PM0PY,10,2,0.4,0.7849415961023103,0
A2CO5XM26UPU43,7,4,0.8571428571428571,0.9468125665406253,0
A2COR5FWM8EDGS,5,3,0.6,0.3637027417027417,0
A2CP02KSIYJI3N,6,2,0.5,0.5381794472775496,0
A2CPCTZ42ZFW8A,6,3,1.0,0.6241493691493694,0
A2CPFXG9FW9DK8,5,2,0.6,0.6386395873629915,0
A2CPTH3C7XTHPM,28,8,0.7857142857142857,0.5392194992728098,0
A2CQ3C1AWFVCE2,5,3,0.8,1.1914836461728675,0
A2CQET6JR59YEY,14,2,0.9285714285714286,0.8765672170097351,0
A2CQOUULV6DXTV,5,4,0.8,0.40564468211527044,0
A2CQUM5WXA9KNZ,9,2,0.0,0.8484642583688824,0
A2CQXKOR2VOJWT,5,1,1.0,0.7867521367521368,0
A2CR7ZHVPZQYMQ,12,10,0.6666666666666666,0.9139524231309221,0
A2CRDVC0D4J28K,7,5,0.2857142857142857,0.7341459108654352,0
A2CRIC1BKMLACP,6,2,0.8333333333333334,0.5771219122220267,0
A2CRMNPT0RTH8V,6,1,0.8333333333333334,1.0194624534401573,0
A2CRUZQT2OUT0E,6,2,1.0,0.4728127881246544,0
A2CRZP89XOHVKK,5,1,0.8,0.24776871573210252,1
A2CSABERN3W32Q,5,3,1.0,0.7928984059418841,0
A2CSE0O1AJWUU5,8,3,0.375,0.6604245900298531,0
A2CSPO06UVET3E,8,2,0.375,0.8547089858670742,0
A2CSRY34KF9J78,6,2,0.3333333333333333,1.461183518311102,0
A2CSUA388LZ26O,9,1,0.2222222222222222,1.312621607782898,0
A2CSW8AYCB0I42,7,2,1.0,0.19457742092948876,0
A2CSWARA04BS2Y,5,1,1.0,1.1414939307872687,0
A2CTWMNE7GDZT7,5,3,0.6,0.6113568448460948,0
A2CUD0JVKVKDL1,15,5,0.6,1.084143079143079,0
A2CUK6HYUTZRPJ,13,2,0.38461538461538464,1.0328262408451088,0
A2CUWCJHUPGL9W,9,1,0.3333333333333333,0.7929292929292929,0
A2CUX3MNG98V1E,6,2,0.16666666666666666,0.4915013227513227,0
A2CUZZ2TBBSJ7H,24,3,0.7083333333333334,0.6648770760128994,0
A2CV2CH3J9GKAL,6,1,0.16666666666666666,1.7472616411701558,0
A2CV33795L4KHH,22,1,0.5,0.7288602796490496,0
A2CVBE1M726GEF,5,3,0.8,0.7393438490826169,0
A2CVGAHIPK8HJT,24,6,0.5,0.9124740266202762,0
A2CVGYQF8HF1OU,8,3,0.875,0.8163511827540413,0
A2CVP9D0VV02WT,5,2,1.0,0.3270636528467289,0
A2CVPRPZW9SJFI,7,3,1.0,0.5147599051868146,0
A2CVUK13N5Q51Z,6,6,1.0,0.4718487394957984,0
A2CW4MBY9MVC08,5,2,0.4,0.6208653026427962,0
A2CW6HY2ENGG3L,8,1,0.875,0.6283853574047455,1
A2CW9GKMNFAU6R,13,2,0.6923076923076923,0.8809584110816547,0
A2CWHWWI2A6PE5,8,2,0.375,0.6457295630399562,0
A2CWKZ1UDLTFU9,7,5,1.0,0.690283251347677,0
A2CXZZEJ4QMGZC,6,2,0.8333333333333334,0.47283011272141723,0
A2CY0QCZOY787L,5,2,0.2,0.6642857142857144,0
A2CY3Y1M3FE8QC,5,5,0.6,0.9991951907741381,0
A2CZ8BMPY39IU4,10,5,0.9,0.4053972087230469,0
A2CZDT27T36DBB,19,9,0.631578947368421,0.953390061520733,0
A2CZE6Z1ONVD60,5,1,0.4,0.6014401425018485,0
A2CZPKV10FVJI2,5,2,0.8,0.8741543340380549,0
A2CZPM110DW516,17,2,0.17647058823529413,0.47048639684507043,0
A2D07O23BC35F9,7,3,0.2857142857142857,0.6136054421768706,0
A2D0AZNIM2K3YZ,9,2,0.4444444444444444,0.9204318218586626,0
A2D0BLIQ7K76HG,7,2,0.2857142857142857,1.0735131763735883,0
A2D0CO1OA6DSWY,36,2,0.5555555555555556,0.6054959773334491,0
A2D0F87RY5YMHN,7,1,0.8571428571428571,0.3721595655806182,0
A2D0PY6HIGTYIT,11,2,1.0,0.4701456311199731,1
A2D11ZNRSDE5FZ,10,2,0.4,0.3241589444420108,0
A2D1EMS4E6Y0NV,5,1,0.8,1.1276129188926662,0
A2D1TP9JF02Q45,6,2,0.8333333333333334,0.34643330967701685,0
A2D1ZUE57A8F25,6,3,0.8333333333333334,0.5825721769270158,0
A2D29NKMU0ETZ2,6,3,1.0,0.6757142857142857,0
A2D2AORHOMU0CV,5,2,1.0,0.8250396317297725,0
A2D2CZEHI7KO76,11,2,0.45454545454545453,0.8001346365267932,0
A2D2D2BDLCOIB,5,5,0.8,0.6399019607843137,0
A2D2ITBLLQFELF,5,2,1.0,0.9834934179351033,0
A2D2QXESLDNHG9,5,2,0.8,1.2463183328299607,0
A2D2VE1GPKT8YR,8,5,0.5,0.5473168157378683,1
A2D2YF5XS1G8V3,22,2,0.8181818181818182,0.5972317938634327,0
A2D36GBD5IHB2K,5,2,0.4,1.1593112046127474,0
A2D37IFS1LHTR3,8,2,0.625,0.729268086309855,0
A2D37S73MP28G7,8,3,0.75,0.5839497570040024,0
A2D4FQHV506EPB,5,1,0.4,0.8462337662337663,0
A2D4S2M8JT2OS5,5,3,0.6,0.5219047619047619,0
A2D4U992GODEPP,5,2,1.0,0.5122602599379427,0
A2D4ZVYL5G38N1,7,2,0.7142857142857143,2.2278086992372708,0
A2D56VG7P20QQJ,5,2,0.0,1.615990243578682,0
A2D5IQLB312CBW,5,1,0.4,1.2472222222222222,0
A2D5MI6CIJAYF6,5,2,0.6,1.273955522238881,0
A2D5UXEDE85E5Y,6,1,0.6666666666666666,0.4641627465270876,0
A2D61PGNZXL5R2,10,3,0.5,0.810414625632017,0
A2D6AOPEWR5Q31,9,3,0.8888888888888888,0.8393536917952178,0
A2D6KCMQRX0FTY,8,8,1.0,0.46466526630561633,0
A2D78B1GH41RRA,7,3,0.7142857142857143,0.7909973798131692,0
A2D7IHQGEBIDNG,6,6,0.8333333333333334,0.4427663309504741,0
A2D7IS8H534D20,6,2,0.8333333333333334,1.0366161616161615,0
A2D7NCEHAF50E1,6,1,1.0,0.31212445527095917,0
A2D87C4DVHLQLK,5,1,0.4,1.07494708994709,0
A2D8NTRU97B7F5,7,4,0.8571428571428571,0.5779985711962458,0
A2D8OM8XL872DO,12,2,0.75,0.8612426130956985,0
A2D8Q09LVWM9B6,7,2,0.5714285714285714,0.6494314897676243,0
A2D8T8HTOHCR2I,13,6,0.15384615384615385,0.277635510948789,0
A2D90XLS3UB6H9,13,8,1.0,0.5622024145860602,0
A2D91URRGY9ITT,5,1,0.6,0.9901106934001669,0
A2D924MRQ55QA1,9,8,0.8888888888888888,1.1934144478004127,0
A2D9G0F9MAX2OE,9,7,0.6666666666666666,1.5184688668559636,0
A2D9P8DLLQAPNQ,10,10,0.7,0.7084053749635656,0
A2DBAMGJZYH6NI,6,2,0.8333333333333334,0.9518170276861359,0
A2DBCAIF97EDRQ,5,2,0.8,1.1142364532019704,0
A2DBIFTY6CYIBM,6,3,1.0,1.0963804713804717,0
A2DBJ42XY5OJGA,5,1,0.6,1.3836150067607869,0
A2DBON8DIR24MU,5,3,1.0,0.40104107274838974,0
A2DBZJX6JXU9QD,8,4,0.875,0.9294836037863421,0
A2DC1RCOFNTYIT,7,2,1.0,0.9486321801447853,0
A2DC7Q6SRNW08T,5,3,0.6,0.7510907349441249,1
A2DCE0ENI3RZ29,24,5,0.7916666666666666,0.6254819202529075,0
A2DCKA5SS68AX0,7,2,0.7142857142857143,0.8118839341236084,0
A2DCQA2EYOYZZ3,6,6,1.0,0.9811583856843709,0
A2DCS0VQMMHP8X,11,2,0.9090909090909091,1.1969463554736435,0
A2DD27JIG94A1Z,10,3,0.6,0.7183904330963155,0
A2DD4OZ9MIM980,8,3,0.0,1.0888170498084293,0
A2DDCCZCX3XGXJ,12,8,0.75,0.5476970750703469,0
A2DDD3CWRCSI2E,8,5,0.625,0.6259027389090068,0
A2DDJG9XF9LFFD,6,3,0.16666666666666666,1.4698789863097244,0
A2DDTHUPCXB6Y,11,1,0.8181818181818182,0.38312046791762827,1
A2DDVALP7ZILTJ,6,1,0.5,1.070181166388063,0
A2DEFQ9ZR8ZVPH,7,6,0.42857142857142855,0.8505886176513072,0
A2DEXBQ9X3YQWR,7,2,1.0,1.0490793478129867,0
A2DF3HMOROM045,6,3,1.0,0.6607323232323231,0
A2DF4YYGG9QCCV,5,1,0.8,0.6733519317042022,0
A2DF5LM0ED7RN2,8,2,0.875,0.5212952737831759,0
A2DFI9XJYA31AE,10,8,0.8,0.7441712080432413,0
A2DFM26VLNVYNY,15,2,0.7333333333333333,0.6773074203689845,0
A2DFSJZC9TSHPV,10,3,0.7,0.7177887880386562,1
A2DGJOP4PASFZQ,6,2,0.3333333333333333,0.2806870455050954,0
A2DGK3VPJXWT22,13,9,0.6153846153846154,0.6492857068197715,0
A2DGP7L5CWBWTS,7,1,1.0,0.6329538489478106,0
A2DH5ZCMQSNZ03,6,1,0.3333333333333333,0.4916125541125542,0
A2DHG6FAXBD5GN,6,3,0.6666666666666666,1.2292800992852888,0
A2DHHSW7LJYE54,5,1,1.0,0.880955272077073,0
A2DHHUN5URIODB,16,13,0.625,0.9174817291608337,0
A2DIZRC71BBUXZ,6,2,0.8333333333333334,0.857435254803676,0
A2DJ6C1JLY83W5,8,2,0.625,0.5428626873772762,0
A2DJJ0QOB6QCEU,6,5,0.16666666666666666,0.8531009953890812,1
A2DJJ8TJYOWVFS,6,1,0.8333333333333334,0.5027850546426397,0
A2DJKLXQLWR440,7,1,0.2857142857142857,0.48327033181600665,0
A2DJO68QCG5CLV,5,2,0.8,0.42195451017218255,0
A2DKON9HPCYRHC,9,1,0.8888888888888888,0.8542476674536625,0
A2DKPB5N1CZU6G,9,5,0.6666666666666666,0.9239638447971781,0
A2DKUKHFSBCKCW,5,3,0.8,0.2653733363410781,0
A2DKVF1SS3YAHK,5,4,1.0,0.8176272301373381,0
A2DKVFYCQAICA0,8,3,0.625,1.0794874686213949,0
A2DL5INDOGLY2O,5,2,0.8,0.3604655968837843,0
A2DLDLDTV3951N,7,6,0.2857142857142857,0.5007743325570437,0
A2DLJX2VEEXZAJ,5,4,0.8,0.45993654493654523,0
A2DM5WQR8I31SZ,5,3,0.8,0.6227846748654583,0
A2DMOTZH0LN44F,6,2,0.8333333333333334,2.0345021560790197,0
A2DN13HKY0A58L,6,2,1.0,0.5450609756097561,0
A2DN7RUNX06BZ1,15,2,0.6,1.0748335117689958,0
A2DNDLS28ZW7DC,6,2,0.6666666666666666,0.9448635257071789,0
A2DNHSWYF6H5JY,5,3,0.4,1.5454545454545454,0
A2DNID0AN8FPUO,10,4,0.6,0.7497571763748233,0
A2DNQI5N0GIEP2,9,6,0.8888888888888888,0.5472390244342503,0
A2DNY7AKEZDAB8,9,3,0.6666666666666666,0.7621755267763671,0
A2DOLYDQW5IADY,5,5,0.6,0.5841496598639455,0
A2DOSF40F29ZOG,5,3,0.8,0.6804580498866214,0
A2DPM2ZREJN1UJ,8,8,0.375,0.48536395641218893,0
A2DPRU8CY3A4KZ,5,2,0.6,0.25993331153971894,0
A2DPU5N59IFLJ4,11,4,0.8181818181818182,0.6951672342629789,0
A2DQ1S9H67YO3F,5,1,1.0,0.6744554728425696,0
A2DQ2U5BYIXNUJ,5,4,0.4,0.667663668165917,0
A2DQE5VRXUBMA2,15,12,0.9333333333333333,0.5225650325076828,0
A2DQI48Q6WGS35,8,3,1.0,0.8187377037283607,0
A2DQNUAKCHXLPD,6,2,0.6666666666666666,0.9504569504569504,0
A2DQP0DIRKA0C0,6,4,0.6666666666666666,0.5662726556343577,0
A2DQPXDKVJXBOZ,7,3,0.8571428571428571,0.5292990836915293,0
A2DQQUEPK53ORW,14,2,0.7857142857142857,0.6761791623053217,0
A2DQZRZZH1SR5X,8,3,0.5,1.1461756767484321,0
A2DRUZAE2DULY0,9,3,0.7777777777777778,0.7741595027681636,0
A2DRXU8E9ISH86,12,2,1.0,0.67648332031527,0
A2DS2LVYY0RF5I,6,4,0.6666666666666666,0.7603702155332591,0
A2DS96FWJPBYEU,8,6,1.0,0.4996450347237802,0
A2DSB3556MW53N,21,2,0.5714285714285714,0.49034883691027903,0
A2DSH2Z38Q5WD4,8,4,0.5,0.699176978583816,0
A2DSO1VDL1MM8P,5,4,0.6,0.7206060606060609,0
A2DSSWX5APCF2L,6,1,0.8333333333333334,1.1449999999999998,0
A2DSYH5G2QKDP1,5,2,0.8,1.0394486215538847,0
A2DSZF3OWPPJC3,8,2,0.875,1.6455876977984176,0
A2DT4LXC3A0PE8,9,1,0.7777777777777778,0.8323417073345172,0
A2DTL14ZMP26AD,9,4,0.7777777777777778,0.9298446651387828,0
A2DTLM6P1FWETL,5,1,0.2,0.7952106227106226,0
A2DTRR9SEAT878,15,2,0.8,0.48043670245876124,0
A2DTXMVW1EQEW2,5,1,0.6,0.3844745484400656,0
A2DUF7NJXDD0O,6,2,0.16666666666666666,0.6253774394619466,0
A2DUMM8X66FUEO,10,4,0.8,1.3844963146993539,0
A2DURJRPTPKUZS,7,1,0.42857142857142855,0.49282122141529694,0
A2DV0BXASW4P5A,5,1,1.0,0.8899007936507936,0
A2DVAT6T0JYEQZ,5,2,0.8,0.8927802414387781,0
A2DVIY648U293E,5,1,0.8,1.2233333333333334,0
A2DWTMP6T2PEHP,8,1,0.75,0.5036607142857144,0
A2DXKX1D9FJDNV,8,2,0.75,1.1718923349525483,0
A2DYCPVP2OAMV2,5,1,0.8,0.48803953586562276,0
A2DYIX3UCF74L4,10,3,0.3,0.3729863467055117,0
A2DYMDOAJURO5F,29,1,0.4482758620689655,0.7458239985361059,1
A2DZ19N08ERGMS,7,3,0.7142857142857143,1.0643402598139458,0
A2DZ6ZZBVW857S,5,1,0.6,0.9416450008024393,0
A2DZBE6BSNLCNW,5,1,0.8,1.0349252897639996,0
A2DZE219Q98EB2,6,6,0.6666666666666666,1.1742739529831234,0
A2DZI543UHXMZ,5,2,0.8,0.6475130616509925,0
A2DZJ0QYJQTNAJ,5,1,0.6,0.883939393939394,0
A2DZKFLUL3U5PQ,7,1,1.0,0.5060514534198742,0
A2E0CIUQFDAFG6,5,5,0.6,0.7420397397573414,0
A2E0GCFAWC16WZ,5,2,0.6,0.9026536930561697,0
A2E0ULZEP3AUOG,6,1,0.8333333333333334,0.43011685159974195,0
A2E0ZAS9CUSZR0,6,2,0.3333333333333333,0.9822781385281386,0
A2E14J26DQZOAA,11,2,0.7272727272727273,0.6168771526980482,0
A2E17KF3CAXGSP,11,5,0.5454545454545454,0.7969451533456102,0
A2E1EFNIZL2FVA,38,2,0.8157894736842105,0.7256074907821691,1
A2E1JDQSA9ZM9D,5,1,0.6,0.4611180124223603,0
A2E1KRH6AIXVH,9,1,0.5555555555555556,1.0739091826048348,0
A2E1TI3CZUC4PU,5,2,0.2,0.5510489588066757,0
A2E240DVV4GDJ3,7,1,0.42857142857142855,0.41733976689727864,0
A2E25BAKYHN8P9,7,1,0.2857142857142857,1.2138321995464854,0
A2E276RT57KTRG,6,2,0.6666666666666666,0.6593033509700177,0
A2E2AWPNNYL0FS,6,2,0.6666666666666666,1.5066127852960738,0
A2E2HGSF06GBO4,7,2,0.8571428571428571,0.6847105508870214,0
A2E2O0JHU7KDOX,7,2,0.42857142857142855,0.8680189467091185,0
A2E30AV53XVK1D,10,2,0.9,1.8513598873892991,0
A2E3BO2U4Y7N4L,5,2,1.0,0.5747437747437747,0
A2E3CZ7L8QJ02D,7,3,0.5714285714285714,0.7767522723527274,0
A2E3NAL9ECE7VS,11,1,0.5454545454545454,0.6993723516685759,0
A2E3Q8U8364F5P,5,2,0.8,0.9300636924481933,0
A2E3X55WJCNDEY,6,3,1.0,0.6557004016020408,0
A2E3ZKRDYRASCA,5,1,1.0,0.528051948051948,0
A2E42K3YPXNGC6,8,2,0.875,0.9139813311688312,0
A2E47255AKQCEH,5,3,1.0,0.5774454353982124,0
A2E4Z216B8LFLZ,15,2,0.8,1.9140793576482762,0
A2E50O4GW1E8GR,7,2,0.7142857142857143,0.5344443973317373,0
A2E52DFWFG4RB4,9,3,0.8888888888888888,0.7209555643855161,0
A2E5O8AERZV6UP,6,3,0.5,0.3531529243533096,0
A2E5T8LQ4XZ1LV,13,1,0.6923076923076923,1.0122794522460075,0
A2E6BX287O0VW,11,3,1.0,1.0141608236285897,0
A2E6XES91O86EW,6,1,0.5,0.6664572554816455,0
A2E7FCYIPTT4DF,5,4,1.0,0.48404475426534255,0
A2E7GVWJU80BHK,6,1,0.3333333333333333,0.9701388888888888,0
A2E7OT9UAE8CLO,5,2,0.4,0.6268398268398269,0
A2E7W2XGXMG6RU,6,2,1.0,0.6924260168172199,0
A2E8FKPFV98B8T,25,8,0.28,0.6367512708414629,0
A2E8M13C6BWPCQ,10,2,0.9,0.8029678761084774,1
A2E8WJ6LO7O4ZM,6,1,1.0,1.9989347662141779,0
A2E8XBJC7ZJ70T,5,5,0.8,1.142777777777778,0
A2E95ZZNAQ24GS,24,5,0.6666666666666666,0.697948255917558,0
A2E9AVD9YJQZR8,6,2,0.6666666666666666,0.6505792378930152,0
A2E9BKLBKR2ORS,7,2,0.8571428571428571,0.7726484320469281,0
A2E9TM9LMEU6L1,5,3,1.0,0.615672877846791,0
A2E9VI6KEX2YF1,6,2,0.8333333333333334,0.3802118952329643,0
A2EAH0LXVBWEME,5,1,0.6,1.011103704825868,0
A2EAH2MHH012SJ,5,1,0.8,1.265392156862745,0
A2EAL64PNHVB5E,6,2,0.3333333333333333,0.7180863652480438,1
A2EAPHDHNS3ONC,7,2,0.5714285714285714,0.6263186433993886,0
A2EARYEYVMMNZZ,6,4,0.5,0.8506410256410256,0
A2EAX3QSDP8PKU,5,2,0.6,0.830783410138249,0
A2EB0RM39B711B,5,1,1.0,1.1791161616161616,0
A2EB26JY3IC0WA,5,3,1.0,1.7055555555555557,0
A2EB3SIQIKBM78,8,6,0.5,0.9811951754385966,0
A2EB5VNTY8XMID,8,3,0.75,0.5478988664843927,0
A2EBE4155038HG,5,1,0.8,0.6881060606060607,0
A2EBTJR7VL9GS,7,1,0.42857142857142855,0.879236510657775,0
A2EC5WQMUBFF3,8,2,1.0,0.5458679198508745,0
A2ECLEVAXGZQT7,8,8,1.0,0.5711377528019644,1
A2ECLEVCOXIXZ4,6,1,0.8333333333333334,1.646473058580682,0
A2ECYVU5YQBIXX,5,3,0.6,0.6638461538461538,0
A2ED4B0VYYQ849,5,4,0.6,0.6937373737373737,0
A2EDG2TX1LH702,6,2,0.6666666666666666,0.3831120034018583,0
A2EDHJ1CHBPWZ6,5,4,0.8,0.822138680033417,0
A2EDJL8CB3D02L,5,2,0.4,0.33725525936052253,0
A2EDK3RC645FSV,5,1,0.8,0.37999304831421626,0
A2EDS2YOGL1541,5,2,1.0,0.4937984009240708,1
A2EDTVVR9IFNLW,31,2,0.0967741935483871,0.6305256533552535,0
A2EDU7RYO6S8KQ,7,2,0.42857142857142855,1.358195160183596,0
A2EDWI5EGP4V9N,19,2,0.631578947368421,0.5894442507452268,0
A2EE0QU19W543S,8,6,0.625,0.6015803775743707,0
A2EEG8X6D6078S,7,2,0.2857142857142857,0.5400945804007029,0
A2EFFHU7UMTTIP,5,1,0.8,0.7098084882128626,0
A2EFGPAT884USG,5,2,0.8,0.7649239487026545,0
A2EFQ5VBNODY30,6,1,0.6666666666666666,1.8918174549513294,0
A2EG302Y1DJHXU,5,3,0.4,0.29746109839816925,0
A2EH9PUFVZGI52,5,2,1.0,0.975,0
A2EHUPI8C1LOYI,7,2,0.42857142857142855,1.0178463999523515,0
A2EIMJMWXSK5XC,11,9,1.0,0.44378829489892485,0
A2EINLDKD977BR,5,3,0.8,1.0798412698412698,0
A2EJ7NFODZPQNW,15,13,0.8666666666666667,0.8314023513207721,0
A2EJW0EMH7LVHG,8,3,1.0,1.1792712241883876,0
A2EK1PHU35T2V1,5,3,0.6,0.5655975032719217,0
A2EK6NJFMONJ5K,6,2,0.3333333333333333,1.1511437908496733,0
A2EKH4C5MY0G1B,5,5,1.0,0.7509202244116037,0
A2EKKSMG2MON7G,10,4,0.9,0.4144422252469062,0
A2EKMDG516WSH0,5,2,1.0,1.048434428316781,0
A2EKPIN655LOW8,11,2,0.8181818181818182,0.9672150072150072,0
A2EKQID501FY4U,5,4,1.0,0.42695165022530757,0
A2EKSOLTKBGWTK,8,1,0.875,1.2513834632088845,0
A2ELBR8G4NOWYP,6,3,0.8333333333333334,1.0180555555555555,0
A2ELJT2ETGU2X9,5,2,0.2,0.9230755834204112,0
A2ELODQ11JPPGW,5,1,0.6,1.086634199134199,0
A2ELXAZ8EM4N0N,6,2,0.8333333333333334,0.7492617201919529,0
A2EM2HUBXHDWSL,6,4,0.5,0.4474505898741891,0
A2EME6YC6FR7GD,5,4,0.2,1.0138096327302395,0
A2EMEY387LFM0Z,6,2,0.8333333333333334,0.6359903915249051,0
A2EMKC5VI5MZXB,6,2,0.3333333333333333,0.7152531907949865,0
A2EMLEYYYN17SD,9,3,0.8888888888888888,1.3140132284869126,0
A2EMMZXMDDV5TH,5,4,0.8,1.1861050661050663,0
A2EN0EP5VP35BY,8,2,0.75,0.849860091032824,0
A2EN1183WM2MJK,10,3,1.0,0.9248322332233224,0
A2ENKCGVPDRBOO,5,2,1.0,0.19230769230769235,0
A2ENLKDK0C2X6T,8,2,0.875,1.082326680672269,0
A2ENPQM2SNDEV,5,2,0.6,0.6660457516339869,0
A2ENZ4FESUXXMT,8,1,0.875,0.4687978927203067,0
A2EO0UWN2RGY1W,5,3,1.0,0.4626719576719577,0
A2EODHQXCCWMDH,9,5,0.4444444444444444,0.7131524715137021,0
A2EPEXSEUA32TK,5,2,0.6,0.8180659983291563,0
A2EPHKB79G8XAL,5,2,1.0,1.0799171842650104,0
A2EPM7073A014T,5,3,0.6,0.716609977324263,0
A2EPSSNK2AZ57O,5,1,1.0,0.6860919540229886,0
A2EPWWX0HUNQNX,5,1,0.8,0.47567229703126224,0
A2EQ0ENXTRF24D,5,3,1.0,1.115998838559814,0
A2EQ8GHKXEF141,12,3,0.9166666666666666,0.40877398843474677,0
A2ERFGMJH41TRE,7,2,1.0,0.4025420694593626,1
A2EROLHNRQ09CY,14,2,0.8571428571428571,0.8762021718876525,0
A2ERVAJP1QQ8BI,6,3,0.5,0.9050913324865423,0
A2ES185YQOZDCW,6,2,0.8333333333333334,0.7465377458798512,0
A2ESGTC8OVQCCA,5,3,0.8,0.9977272727272727,0
A2ESLC1U16C00S,5,2,0.6,0.6604743083003951,0
A2ESLMQEZLYD1D,5,3,0.6,0.745473546150424,0
A2ESPRDOTL01O7,5,1,0.8,2.4344624228230787,0
A2ESRN0PM7PE7E,7,1,0.42857142857142855,1.2057720057720058,0
A2ETCT19Z81YUF,8,2,0.375,0.8658602821344621,0
A2ETFNZR7O61DB,5,1,0.4,1.635820895522388,0
A2EU2DD8LJT35E,10,2,0.5,1.0148350062976803,0
A2EU3Z7YROXB0A,9,1,0.3333333333333333,0.8590268569621374,0
A2EUEYAX5L2STA,6,5,1.0,0.6484946236559139,0
A2EV399NUQW9AJ,21,8,0.7142857142857143,0.5362957870062739,0
A2EVA4NZDQ7RUU,7,3,0.5714285714285714,0.5366379310344827,0
A2EVIR0W3WZAQI,6,1,1.0,0.7945112039939627,0
A2EVPSE98E0XF7,9,1,0.2222222222222222,1.6446056911031972,0
A2EVQTMET8J7QZ,6,6,0.5,1.6632672882672883,0
A2EW0LJBF5514B,5,1,0.4,0.5296332788282812,0
A2EWRE6S51SPJI,7,5,0.8571428571428571,0.7245490789626093,0
A2EXG126HPF14S,6,2,0.5,1.006050878383424,0
A2EYO7D7R8SNNC,28,4,0.8214285714285714,0.4810441297813396,0
A2EZAQ2F8N8DAN,7,2,0.42857142857142855,0.9972789115646259,0
A2EZH1R5MQSS8Q,7,3,0.5714285714285714,0.45708197380243043,0
A2EZIBB8WCEWZO,5,3,0.8,0.4927001718561822,0
A2EZJUC9NPLJFE,5,2,0.4,1.4348008658008657,0
A2EZK6SF694OT4,5,3,0.8,1.284090909090909,0
A2F02AM051WF7I,7,2,0.8571428571428571,0.7757851507922907,0
A2F050JSV0QJB0,17,4,0.29411764705882354,0.4837965091684213,0
A2F0KIA4NMIZHQ,6,2,1.0,0.8471975144833762,0
A2F0MX3FT66GL1,20,10,0.5,1.132301401416417,0
A2F0POG1KOAP5J,16,3,0.8125,1.2729211151370596,0
A2F0SPVBIWY9SL,6,3,0.5,1.2195615404631797,0
A2F1WZ7S7CA4UQ,6,3,0.3333333333333333,0.5716995002893733,0
A2F25UERHUS5RV,18,3,0.6666666666666666,0.9190576376127547,0
A2F26RQJQXRLP8,6,2,0.3333333333333333,1.0219267361348108,0
A2F2BVY8DQKEPM,6,1,0.8333333333333334,2.231715139904795,0
A2F2U4O1U6MN9J,11,3,0.8181818181818182,0.922704838265183,0
A2F3CK8F9VIFPL,6,3,1.0,1.613437970065754,0
A2F3L43I26LFE0,9,3,0.6666666666666666,0.7966290775351361,0
A2F3NG6RUGZ5K2,5,2,0.6,3.0436085875247425,0
A2F3WMDZO8OW80,8,2,0.75,0.5169067044067044,0
A2F3YDC2PKGA52,6,1,0.8333333333333334,1.117365816550599,0
A2F4A55ENQBQ6U,5,1,1.0,0.877983193277311,0
A2F4RPMM0W2MY7,6,2,0.8333333333333334,0.8073597659402744,0
A2F4XBBGUXM19V,9,3,0.4444444444444444,0.4458264941869989,0
A2F5M9UR2W4JRD,6,4,1.0,0.5386449320686242,0
A2F6AMFIC7OR2G,5,2,0.4,0.6414379084967319,0
A2F6CA75VJUCPZ,9,5,0.5555555555555556,1.3101851851851851,0
A2F6R85B0XX1CW,10,3,0.8,1.6254567003877347,0
A2F7M6UCTAI4TM,7,2,0.8571428571428571,0.7895972397901038,0
A2F7ZZ2OBVMCIK,6,2,0.8333333333333334,0.7065172223175312,0
A2F86AC7ID6QQR,7,2,0.7142857142857143,1.3543583262789944,1
A2F8L2AZ7HT3G7,5,1,0.8,0.8419359206511151,0
A2F93QMTF8CC50,6,2,0.6666666666666666,1.350187662784412,0
A2F950N2GRC74E,5,3,0.8,1.0500446314741372,0
A2F9SCX6EPTYVA,5,2,0.6,0.8988095238095237,0
A2FA1BX5YJLRXT,5,2,0.8,1.5926140526140529,0
A2FA749WEY82I3,15,7,0.8666666666666667,0.8451059666311489,0
A2FARGJ27YB6HB,5,1,0.8,0.6555555555555556,0
A2FB2HRCHCCA6T,24,2,0.625,0.7459358745068321,0
A2FBBDB3RZ8SBX,9,5,0.8888888888888888,0.5492495315506711,0
A2FBFB9G5IIR9,5,1,0.8,0.8760668058455116,1
A2FBN7PSS38ZDG,6,2,0.8333333333333334,0.9155412573220794,0
A2FC08T2K3JT2C,7,2,0.8571428571428571,0.7411365887351108,0
A2FC7UNC6SOEBP,6,2,0.8333333333333334,1.002475857619172,0
A2FCC02APD925X,6,1,0.8333333333333334,1.1804120571278711,0
A2FCIK8VD2JZ12,7,3,1.0,0.6825153107504166,0
A2FCMY72XEWMXN,6,3,0.16666666666666666,0.5583735909822867,0
A2FCTCWVZ6PPX5,6,4,0.5,0.4685426046813103,0
A2FD3BKI7STWQ7,6,2,0.6666666666666666,1.1643990929705215,0
A2FDW0X0TAEYYF,7,3,0.7142857142857143,1.053921522698891,0
A2FEFZJA3IYX4H,5,1,0.8,0.8826984126984125,0
A2FENN2XJ14IS0,6,1,0.5,0.5594541910331383,0
A2FEUSZVIVVYOR,6,1,0.6666666666666666,0.42682468413908325,0
A2FF9JSQHEGSZX,5,4,0.8,0.5673371212121212,0
A2FFFT7SK6VOOY,8,2,0.75,0.8306126038595552,0
A2FFS7ZFUDUYO2,7,3,0.7142857142857143,0.8032044396706051,0
A2FFVRBRGG12O3,7,5,0.5714285714285714,0.6383042940496357,0
A2FFVTYZOKJ2SJ,10,3,1.0,0.6129380894443889,1
A2FG061KDA1ARB,25,3,0.88,0.5589113734879794,0
A2FG2Q6I7855KZ,6,2,1.0,0.9602532679738562,0
A2FGIRK43VWN8V,12,6,0.6666666666666666,0.6057955522018906,0
A2FGKCGJG82CHB,5,3,0.6,0.6490880858272161,0
A2FHK4PZ6YZQ44,7,5,0.8571428571428571,0.4958353240961938,0
A2FHM6DSCFOABL,11,2,0.8181818181818182,0.6419592293785038,0
A2FHQR1KU3M27N,9,6,0.5555555555555556,1.5692931013908258,0
A2FHVOH600G7A0,5,1,0.6,0.5545387205387206,0
A2FI3GF4Z7QNO,5,3,1.0,0.8152777777777779,0
A2FI78JWTKM6IB,6,2,0.6666666666666666,0.9066150350898313,0
A2FIFENCW2ULY4,6,4,1.0,0.4892166313218944,0
A2FIFJ7NXALJGE,7,3,0.7142857142857143,0.2906178238716843,1
A2FII3I2MBMUIA,7,3,0.2857142857142857,0.5504841128675347,0
A2FIWNRMIJ5IK5,5,2,0.8,1.7029366736256086,0
A2FJ27L11NH6P1,5,1,1.0,0.9969281045751632,0
A2FJ5NWS5LQ9LN,8,1,0.375,0.5046391467727676,0
A2FJCSWEV5JNED,9,1,0.2222222222222222,1.3090779341926988,0
A2FJCZPI1TWDRH,8,3,1.0,0.6315171620439575,0
A2FJHPHGEKN986,8,6,0.875,1.1389275295716113,1
A2FJK1ISRDJEDI,8,3,0.875,0.8052799493316388,0
A2FJNPQ3KK54BM,5,2,1.0,1.120436507936508,0
A2FJTIRAFPC0U2,5,2,0.8,0.5591880341880341,0
A2FK4PB4BLODZR,5,3,0.6,1.5242870556673374,0
A2FKAA9O3ZRT3N,6,2,0.8333333333333334,0.9806434858673665,0
A2FKGO9OW1L5QR,8,4,0.875,0.3660595255471917,0
A2FKP2M7N0S3T4,7,2,0.7142857142857143,0.7314927306862791,0
A2FKXKW2Z6DUT,6,1,0.0,1.1501994072482795,0
A2FKY5R4NSHJ93,10,2,0.5,1.1701057168704228,0
A2FL0CGXE34Z5N,5,1,0.2,0.5390595611285267,0
A2FL10RHRZ7R0O,8,1,0.5,0.8121551126829993,0
A2FLJCJ3SW0TUY,10,2,0.4,0.7612569130216189,0
A2FLNQJM3QOCEC,5,1,0.4,1.2158797151147454,0
A2FMK0SLCHHCW3,6,1,0.3333333333333333,1.103558960013878,0
A2FMNEDMYZMXMM,6,1,0.8333333333333334,0.6774068322981366,0
A2FN97XZ8IM2BL,8,4,0.25,1.1462485345668458,0
A2FNFORPTJLGFI,6,3,0.6666666666666666,0.5580541346973572,0
A2FNKELQ4881X0,7,3,1.0,0.6939494597879692,0
A2FNUCWYTXE76R,5,1,0.2,1.073572874493927,0
A2FO0GGZMSOOIN,10,5,0.8,0.7150854700854701,0
A2FO3WE9MBLDY2,6,1,1.0,0.7210549710238334,1
A2FOH79856YKZS,7,2,1.0,0.6151424963924964,0
A2FOKHWBXETTPO,5,4,0.6,0.6408144796380091,0
A2FOS8JNPITAMC,6,3,0.8333333333333334,0.8451103996185964,0
A2FOV46VEMF9VW,5,2,0.4,1.6818034976547698,0
A2FOXKIKSKA6W,12,5,0.5833333333333334,0.6199344036121006,0
A2FPIBH6WLVBZH,8,1,0.25,0.7122229067326031,0
A2FPRECIF03DMU,20,4,0.85,0.8939710543367771,0
A2FPZRKXQ1JUG9,5,3,0.6,0.42491292169041517,0
A2FQ0WNW94Q2RY,5,2,1.0,0.45514592933947784,0
A2FQIO7O1R9DGG,10,7,0.7,0.7242522492868114,0
A2FQL3421LQWAY,11,10,0.7272727272727273,0.7142836612867483,0
A2FQN4BBQBA6A6,12,1,1.0,0.8045418395217382,0
A2FR4QKMSU2Q3B,5,2,0.2,1.1606516290726816,0
A2FRK3ITDOS9N8,7,6,0.7142857142857143,1.062979219773645,0
A2FSB1E88C7R5C,9,9,0.8888888888888888,0.6031100035165077,0
A2FSHMUOIGIDBN,5,1,0.8,1.0965134099616858,0
A2FSHWQOHC680N,5,2,1.0,0.43211796569166677,0
A2FSJTL7U70RDU,5,1,0.8,0.867337164750958,0
A2FSMTZOX2FTGT,6,2,0.6666666666666666,0.3724637681159419,0
A2FT0Z2B4YXEG6,5,2,0.6,0.6421023146100546,0
A2FT3NUSKCNLZU,6,5,0.6666666666666666,0.9122605153581865,0
A2FTCDXRCN4YE2,6,3,0.6666666666666666,0.521860845247942,0
A2FU1GTCRPMYB0,6,1,1.0,0.995540773589554,0
A2FU6HP81I7FCX,5,4,0.8,0.9925899953249182,0
A2FUGAK9JYAJ0V,8,3,0.625,0.45795988733488724,0
A2FVD1560DPL68,5,2,0.8,1.6373075434051043,0
A2FW7TH5MP6GQA,9,6,0.8888888888888888,0.624170223228076,0
A2FWXZ1JATXRH7,31,4,0.2903225806451613,0.5785712920835573,0
A2FX5GF335I1DE,5,4,0.4,0.6924904435827629,0
A2FXLGDTA044KJ,13,3,0.9230769230769231,0.5906810248279482,0
A2FXX9VTD10J6C,5,1,0.6,0.5594332154938215,0
A2FXY47IREHXHC,5,3,0.8,0.767733696490056,0
A2FY4H0NI517WE,8,4,0.875,0.5027666965465533,0
A2FYIB8I55KZEL,16,8,0.5625,0.7395980431212774,0
A2FZ9AQG6ZENRG,5,3,0.8,0.7245844218674409,0
A2FZN7SO2EK3XX,10,3,0.7,0.6510761560970462,0
A2FZOYLZG6DD7P,5,1,0.6,1.4506878306878306,0
A2FZPWZRDLGTRS,6,4,0.16666666666666666,0.9537037037037037,0
A2FZU1BA13HLN0,12,1,0.5833333333333334,1.8878905952435365,0
A2G0IXGK2CAU25,6,2,1.0,0.787908496732026,0
A2G0YDQWFVJVS0,5,2,0.2,0.8678787878787881,0
A2G1GZ9JYQ372,5,1,0.2,1.1660714285714286,0
A2G1RV7AU440FJ,6,2,0.8333333333333334,1.18606158159389,0
A2G1W97LWVFM6U,12,7,0.8333333333333334,0.6286228676801819,0
A2G238PIUUG1XD,6,1,1.0,1.7634309603209124,0
A2G2QNKDL1Y6AC,12,1,0.8333333333333334,0.6156926406926407,0
A2G32KJR18QZ1I,6,5,0.8333333333333334,1.2105930335097002,0
A2G3CQKHDBOIOX,5,5,1.0,0.8971212121212121,0
A2G3DITF3CHSEF,8,2,0.25,1.270643063605986,0
A2G3K9J80PUOUZ,9,3,0.5555555555555556,0.6501835783538886,0
A2G44NES0MQOAC,7,1,0.2857142857142857,1.0771857923497268,0
A2G466N769EF8A,5,2,0.6,0.7352577319587631,0
A2G49KWLPJ1IW3,9,1,0.1111111111111111,1.1148070644544519,0
A2G4DVTAFH9X6E,10,2,0.7,1.0553305017036345,0
A2G548RFY03L2D,5,3,0.8,1.2254578754578755,0
A2G5ZTMSRJLAXL,5,2,0.2,0.6986876075731496,0
A2G6M1GDCHZE7U,8,1,0.25,0.6854933570359104,0
A2G75S57TJXXG7,15,3,0.8,1.0648182204656276,0
A2G7ISWZHL2UPY,6,3,0.16666666666666666,0.6416487175678353,0
A2G8K3GDE6R2Z5,6,4,0.6666666666666666,0.7982219153433943,0
A2G90W3HOO1V91,5,2,0.4,1.6647435897435898,0
A2G96JB8MRU43B,5,2,0.8,0.2568398268398269,0
A2G9HJ1BZ0792R,5,2,0.6,2.1545698487558953,0
A2G9S6VVEH7S2Q,5,4,1.0,0.3921766529190256,0
A2G9ZHVA6IOGBY,6,2,1.0,0.9306889935672819,1
A2GAKPXUACRPRT,6,6,0.8333333333333334,1.2081058024159737,0
A2GAV2J0VQZLXQ,5,1,0.6,0.7968261562998403,0
A2GAXP5TH857W9,5,1,1.0,1.2994855386159734,0
A2GB8OLVW6Q1QI,9,2,0.8888888888888888,0.6479885057471265,1
A2GC5B79QJ5S6H,15,6,0.6666666666666666,0.5723222359601794,1
A2GCK4V1UTEQCQ,5,2,1.0,0.5292536475869809,0
A2GCMADMUX77O,15,4,0.5333333333333333,0.9533006553508918,0
A2GCNEOPJERTC5,6,1,0.6666666666666666,1.5959291187739464,0
A2GCQ9R1QIUDS2,13,3,0.8461538461538461,1.0920770528096513,0
A2GCVTKDDOKRRX,5,1,1.0,1.6125396825396827,0
A2GD0Y5RBBN6LZ,5,5,0.4,1.3194623655913977,0
A2GDEB47V3NVKQ,5,1,1.0,1.214434831903776,0
A2GDMRYIOK1SUN,9,3,0.3333333333333333,0.2774233038226354,0
A2GDOF1LQYCT8W,7,3,0.7142857142857143,0.7245017566169051,0
A2GDQFT391MA6,7,2,0.8571428571428571,0.518625435660476,0
A2GEJGV36LEY6U,8,2,0.375,1.4277031356801093,0
A2GEZ75EH5IAIK,5,1,1.0,0.5792519181585677,0
A2GFO28ALCKXJQ,5,5,0.2,0.5693108143812369,0
A2GFU0LQ7FUVN3,8,3,0.375,0.6638206784528533,0
A2GGB5O6W6D8QN,6,6,0.5,0.4465745750448172,0
A2GGIAWE0U26EG,6,2,0.6666666666666666,0.7867068251848307,0
A2GGNKPGMWI2WQ,7,3,0.8571428571428571,0.49786731224841546,0
A2GGS3I5BY7R1A,5,2,0.8,0.537929777569737,0
A2GHU6H46Z15EO,17,2,0.6470588235294118,1.03648715409882,0
A2GI5M8ZF15IXA,5,1,0.8,1.2766666666666668,0
A2GI75ATTEYAAZ,6,1,0.5,1.3338654265124852,0
A2GI8QZUW2VJ4F,6,2,0.6666666666666666,1.2845459590024808,0
A2GIUHN8JU8YOK,11,2,0.9090909090909091,1.4189953227545293,0
A2GJZE49751D17,5,1,0.6,1.5215434982233405,0
A2GKCU6IWROCU6,5,1,0.6,0.8712301587301585,0
A2GKF3Q0YG4XS5,5,4,0.4,1.262962962962963,0
A2GKQ0VAVUIC73,5,2,0.8,0.4517415917415919,0
A2GKVTL9PGDVV0,8,1,0.625,1.2061166086758262,0
A2GL6WUBSXI3EV,8,6,0.625,0.9816106442577031,0
A2GL70AZ8MWXI3,17,2,0.7647058823529411,0.9080606151823684,0
A2GL8Q4NAKK1DB,5,5,0.6,1.0160260420318703,0
A2GLJN7RFWOZX9,14,3,0.7142857142857143,1.0532656949814903,0
A2GLLYZ7AUEYFG,6,3,0.6666666666666666,0.9087528439015853,1
A2GM1CXK7HD5MH,7,2,0.42857142857142855,1.173701298701299,0
A2GMG4W6IB8MS3,7,3,0.42857142857142855,0.5338573533862289,0
A2GMZZ6TDYOHY7,43,7,0.813953488372093,0.5749992402946525,0
A2GNATC9V28GJS,6,1,0.6666666666666666,0.5934942892841552,0
A2GNK7WUTIWOXZ,5,1,0.8,1.7575547001172542,0
A2GNR3GUS671Q6,5,3,0.4,0.9499424791486912,0
A2GOQDL887BYJO,7,2,0.8571428571428571,0.7157310308696895,0
A2GP6TUQNXC0TP,5,2,0.2,1.15563233965673,0
A2GPBDXR0LJ7EC,5,1,0.8,0.5256410256410258,0
A2GPI30T42T05R,7,5,0.5714285714285714,0.981569264069264,0
A2GQ1N7URE1WDR,6,2,0.5,0.6251888449714537,0
A2GQOS4UW54MW4,6,2,0.3333333333333333,0.9315681444991789,0
A2GR77INMKX9O4,5,2,0.8,0.9879915457018033,0
A2GRLLJC2JK9FN,7,1,1.0,1.0356683522181418,0
A2GRTX4SKTC6UO,6,3,0.6666666666666666,0.8244806255835669,0
A2GS03YOVGDQ1U,19,4,0.8947368421052632,0.8371746761536774,0
A2GS6CYJ1COCLF,6,3,0.6666666666666666,0.6722065897065895,0
A2GSR9DWLISRQ,5,1,1.0,0.82,0
A2GSTGJBMF5SAS,8,2,0.75,1.2751643328849211,0
A2GT1E39Q36F17,7,5,1.0,0.9989082395318576,0
A2GT7O90KSO9RE,11,5,0.6363636363636364,0.7214595776110577,0
A2GTK26DZ66N94,5,1,0.2,0.3909038542103058,0
A2GTLSFPXZCYOW,9,2,1.0,0.8805882247258459,0
A2GTNC29WXCRYA,6,2,0.8333333333333334,0.8743330837444209,0
A2GU0HP095LTOL,5,2,0.8,0.6778539493293592,0
A2GUTCKGNRTTZ2,12,3,0.75,0.5057263915707374,0
A2GV0GSTNKN6Z5,9,5,0.8888888888888888,0.8258008497386577,0
A2GV5GI7X215XW,15,6,1.0,0.6209842634862752,0
A2GV7L9LPZCZXN,10,2,0.6,1.3267018247762792,0
A2GV96XCT8BJPI,19,4,0.631578947368421,0.8242866479756442,0
A2GVF9A64NEWR5,10,4,0.7,1.736489161973033,0
A2GVRVUBBGH5V0,5,2,1.0,0.4461873638344226,0
A2GW1F1LPHQOZA,7,2,0.7142857142857143,0.5994622173193601,0
A2GWCK5EO96D7I,8,2,0.25,0.41731384167050795,0
A2GWDDQNDHE20V,12,7,0.9166666666666666,0.8810759369434144,0
A2GWG2MUMFU4P7,6,2,0.5,0.3585310008456482,0
A2GWJHRQFAWGSP,10,3,0.7,0.7224934541573884,0
A2GXG1ZNBN75E3,5,1,0.6,0.6871848739495798,0
A2GXTINOCI3JNU,5,1,1.0,0.872878185644143,0
A2GY2P8B9LGLT0,10,1,0.5,1.516836794220084,0
A2GY5J4YRICRSW,8,4,1.0,1.0902917394556388,0
A2GYA7OQHBXSI5,9,3,1.0,0.6370876250186596,0
A2GYD55IIQIWFB,9,4,0.7777777777777778,0.7949581282914617,0
A2GYULZXWU1C5Z,6,4,0.3333333333333333,0.7187066465819957,0
A2GYV0FI2GZ52C,9,7,0.8888888888888888,0.7702562606591129,1
A2GZ0HW54F96DQ,8,2,0.625,0.6084568747823058,0
A2GZ6DMYRXFADP,9,6,0.4444444444444444,0.6749847506385822,0
A2GZBRT6DBCCZY,5,2,0.4,1.2193163461053058,0
A2GZELKIQTTXGZ,6,2,0.5,0.6334321194103802,0
A2GZKGGQ6U0YL0,8,5,0.5,0.8150679540765746,0
A2GZR8E5M50K1Y,7,3,0.7142857142857143,0.9404303943531109,0
A2H00CJ30YSNWM,6,2,0.8333333333333334,0.43778906087394703,0
A2H0734J35EB5Q,5,1,1.0,1.6008946608946608,0
A2H0HL54GR32SK,5,1,0.8,0.5860255170252533,0
A2H0T0PY5IMEFX,17,2,0.6470588235294118,1.5779922422043537,1
A2H0U8LGLEXHXV,5,2,0.6,1.286144539337474,0
A2H14VYOUVKMKA,5,3,1.0,1.6730083252332926,0
A2H158QYO4FLPS,6,2,0.6666666666666666,2.422110615079365,0
A2H1K7OCGKCQMH,5,2,0.6,0.48780255100056136,0
A2H1T6VE1TOHCR,7,1,0.5714285714285714,0.8103123067408783,0
A2H26VE2QC4WV,6,3,0.8333333333333334,0.58545083153823,0
A2H2FT8WV5X6SV,8,1,0.5,1.067573051948052,0
A2H2Z1Y1KPA84U,7,2,0.5714285714285714,0.5824508970254767,0
A2H2ZC8418GP0N,9,3,0.8888888888888888,1.4204037664890379,0
A2H3F5QEUOED39,11,3,0.7272727272727273,1.133587769191665,0
A2H3L41QW1O6BH,6,3,0.8333333333333334,0.4062452037197059,0
A2H40LHCZNLDWR,5,2,0.8,0.5844444444444445,0
A2H48TF6UI4MAL,5,1,0.8,1.572195681511471,0
A2H4GMZRHB999Y,14,5,0.0,0.8215542972887481,0
A2H4YBXW0WRAGA,7,2,0.8571428571428571,0.5047791937391491,0
A2H5HEOD8WF59N,13,2,0.7692307692307693,0.9657037615425366,0
A2H5MB40X1FZJ,5,2,0.6,1.3088461538461538,0
A2H5NDVV3WL1HT,9,6,0.7777777777777778,0.7693623537471296,0
A2H5VO74HPUR7S,7,4,0.7142857142857143,0.7150587507730365,0
A2H5ZMH5TFB9GK,6,1,0.3333333333333333,0.7134012444383963,0
A2H5ZR2HM0NXRT,5,1,0.2,0.9044895774082378,0
A2H69UXCJICBUV,6,6,0.8333333333333334,1.1701061967945021,0
A2H6F2TLGS8F29,6,1,0.6666666666666666,1.6274490069779926,0
A2H6PV0SSU9DFH,5,4,0.8,0.7047297297297296,0
A2H7BUVWEUF8G,8,5,0.625,0.7277814072783586,0
A2H7FQYJDGQP2B,7,4,0.7142857142857143,0.6833541883572651,0
A2H7ICQGFXDI4S,6,4,0.6666666666666666,0.8672619047619049,0
A2H7J3V44LFCLE,5,5,1.0,0.3728571428571428,0
A2H7KHOL5W3QQY,5,2,0.8,0.8475670307845082,0
A2H7W2G83KP7JK,7,5,0.7142857142857143,1.4710575752039947,0
A2H80XRLO5LPU5,6,2,1.0,0.41379982700737417,0
A2H8298OJZ06U6,5,1,0.6,0.3666634814460902,0
A2H8BR3SPO00I,6,6,0.16666666666666666,0.6422781360392241,0
A2H8N13YIAN5V8,5,3,0.6,0.4814285714285715,0
A2H8QTYB4OG1HI,21,3,0.7142857142857143,0.6237006701645521,0
A2H8W05KTHYG8O,5,2,0.2,0.3974280621339443,0
A2H97L4ZA29PDQ,5,3,0.8,1.1953138172900482,0
A2H9DLPZY8AJNY,6,1,1.0,0.5434397557431215,0
A2H9LS7M0RG92K,6,4,0.6666666666666666,0.6201923076923076,0
A2H9NDFD8V68T9,7,2,0.7142857142857143,0.7084132704232491,0
A2H9NHC0WAE61M,5,2,0.6,0.5035714285714287,0
A2HADFGH442QE7,6,1,0.6666666666666666,0.8437144883793312,0
A2HAIEVVA6EJAI,5,3,0.8,1.2340176490176489,0
A2HBA4X4YSTPT3,7,4,0.8571428571428571,0.620841598004286,0
A2HBR4J1JWNQZ5,5,1,0.6,1.3069298245614034,0
A2HBYI24ZNIC8L,11,2,0.36363636363636365,0.7624908259939658,0
A2HC5WKYJOYY96,6,4,1.0,0.8082169994846051,0
A2HCGBJESN9UA6,5,1,0.8,0.47581753967470475,0
A2HCJB4T29KEC3,11,4,0.8181818181818182,0.5989965956908105,0
A2HCK72SA64XV1,5,1,0.8,0.658974358974359,0
A2HCKBBEXELJ3R,8,3,0.75,1.1285451680672267,0
A2HCMW0RU59GPJ,7,2,0.7142857142857143,0.5047871743036837,0
A2HCS79UZ5Y66B,5,2,0.8,0.5316136131961819,0
A2HCT0Z2HSVG77,5,2,0.8,0.8829120879120879,0
A2HCVRSNTCTUNU,10,1,0.6,1.087848311040219,0
A2HDGKZTI6VYPB,7,7,0.2857142857142857,0.5046602375992164,0
A2HDHOQ4P1OASC,5,2,0.6,2.5384660297239914,0
A2HDI3FTPPQXJN,10,1,0.7,0.7940651185824202,0
A2HDJ3CXXETD0J,6,4,1.0,0.5050294476765066,0
A2HDXVFWJ7PRBE,8,1,0.5,0.7123845357541009,0
A2HE337F3466QF,7,2,0.8571428571428571,0.8446025971835963,0
A2HE81NLOBVGNK,5,2,0.8,0.7938072054602499,0
A2HEAW34EOXR83,6,1,1.0,1.1579958621625288,1
A2HEI4LGQEIY0O,8,5,0.875,1.236020124069459,0
A2HEPQFEHWBY0S,6,3,0.8333333333333334,0.7768518518518519,0
A2HEY1NW7A709Y,7,4,1.0,0.6083778136724661,0
A2HF3IPLRCSVWV,7,2,0.8571428571428571,0.9441401111689609,0
A2HF4RY9N1ESJ1,10,4,1.0,0.5955442220614635,0
A2HG4AFBEP9084,10,3,0.9,0.6015899919289749,0
A2HGAB7KU2X700,8,3,0.875,0.7646993864666278,0
A2HGVGBEVX1XE,12,2,0.25,0.5937398966238859,0
A2HH1OUH0VYYR5,5,1,0.8,0.9969129720853859,0
A2HH672XHIBA4W,5,2,0.6,1.1622222222222223,0
A2HHEONCQZR6ZA,5,3,0.4,0.4907660455486543,0
A2HHIGN4KHLUOF,6,2,1.0,0.29889618682722113,0
A2HHRE5H2U56ZH,5,2,0.4,0.7868306693306693,0
A2HIHB3PSTLSHJ,12,7,0.3333333333333333,1.0869308777113378,0
A2HIIO471RE4N1,8,1,0.125,0.8278099215599215,0
A2HINDVMGI04Q5,5,5,0.6,0.6447846889952155,0
A2HIPOAQ9T3KI6,6,2,0.5,1.2111053480534018,0
A2HITJWQ2HVEGR,12,2,0.8333333333333334,0.6925232719500366,1
A2HIVAA6PALLY0,6,1,0.5,0.5648982786434643,1
A2HJUTN2EMIILZ,7,1,0.5714285714285714,0.7928348476510513,0
A2HJZ45393OX13,5,2,0.6,0.5011161387631976,0
A2HK9ORUXOL0RB,8,2,0.625,0.5748310169362801,0
A2HKIMPR8UPN18,5,3,1.0,0.8666895604395602,0
A2HM6DH3ZJOBTT,5,5,0.2,0.6416557833790432,0
A2HMIKMPCZYCJ5,5,3,1.0,0.7819427359490986,0
A2HMPWASWACBX,6,1,1.0,0.7625573351379803,0
A2HNFK432FO6XB,6,1,0.3333333333333333,0.7258826320067254,0
A2HOAC7TJ26969,8,2,0.375,1.3946232769423559,0
A2HOJS4E005E7T,5,2,0.8,1.1123388712147988,0
A2HOLM5I1ARX9J,11,2,0.6363636363636364,0.5470786311695401,0
A2HOZ9K7JFEOER,5,1,0.8,0.550205676676265,0
A2HOZIW0BRGHE1,19,5,0.9473684210526315,0.8126920019546835,0
A2HP12YWQN4ALW,8,2,0.75,0.45715838945005605,0
A2HPFJEJNI4LG0,10,1,1.0,0.8364437984496125,0
A2HQDKTIQW3L1F,6,4,0.6666666666666666,0.6393361645733563,0
A2HQG03NZO975X,5,2,0.4,0.5057335620354488,0
A2HQNV53L4FOOJ,7,2,0.5714285714285714,0.9780873144712431,0
A2HQWU6HUKIEC7,7,1,0.42857142857142855,0.596861471861472,0
A2HQYQIFMB16T6,8,5,0.75,0.6798650371018792,0
A2HR9WDG4G93UK,6,3,0.6666666666666666,0.375842242888172,1
A2HRAU41CPCHPE,5,1,0.6,0.5940656990068756,0
A2HRMGF5HFJH4V,5,1,1.0,0.9638974358974359,0
A2HRN7YQ5TQ5VT,8,4,0.875,0.4215973089513009,0
A2HRVIUB28OMJS,5,2,0.8,0.5496420120882218,0
A2HRXKTNDTAI8M,6,2,0.8333333333333334,0.9972222222222221,0
A2HRY9WK9T3RUX,8,2,0.375,0.99191517698919,0
A2HRYDT4A0W45X,5,1,1.0,1.1230765507784142,0
A2HSGEZYPKW4DJ,7,3,1.0,0.8778995913910043,0
A2HSJDSJC57MH7,8,5,0.875,0.46495312796184884,0
A2HSRTNI97S051,9,2,0.7777777777777778,0.6834416789225065,0
A2HT3E07ZSC39O,9,3,0.6666666666666666,1.342432950191571,0
A2HT5G3JJ10WM9,7,5,0.5714285714285714,0.6706851119894596,0
A2HT8B667SCRN8,5,1,0.8,1.9825773801410982,0
A2HTEGASPEA35B,5,2,0.6,0.7588325371165695,0
A2HTMAYYUNMMQO,6,3,0.8333333333333334,1.0847218582576288,0
A2HTR89968YOXA,9,2,0.7777777777777778,2.1037698412698416,0
A2HUEA1YFJH1LZ,7,1,0.2857142857142857,0.9281923474965631,0
A2HURZ0YX7VZMR,13,7,0.8461538461538461,0.4096906731229356,0
A2HV73U1VS6PRC,10,2,0.8,0.8134877025192944,0
A2HV7COJAVH40,11,2,0.45454545454545453,0.7948428377901263,1
A2HVF8ADBJ31GA,8,2,0.625,2.173239700374532,0
A2HVWQSWC839QR,6,5,0.8333333333333334,1.1522588522588524,0
A2HW0XHWZO3O8J,19,6,0.3684210526315789,0.9518638549687867,0
A2HW3C963JY02G,7,5,0.8571428571428571,0.990610300446366,0
A2HW8E265889IZ,11,1,0.7272727272727273,1.0473466764901305,0
A2HWCNXF7BG13C,5,2,0.6,0.601276069282432,0
A2HWD2SP00BHM2,6,4,0.8333333333333334,1.1523413088940775,0
A2HWIB3OA6T3KF,8,3,0.875,1.1465214297551254,0
A2HWLN72GALMJX,5,2,0.6,1.6898295033358042,0
A2HWX4QWE6J3VB,10,2,0.8,0.6064788732394366,0
A2HX5KDLIX1Q2I,17,2,0.7647058823529411,0.7542401385705302,0
A2HXCPYDWGFP7X,6,2,0.3333333333333333,1.5401458005936792,0
A2HXQ3DVA532KR,5,2,0.2,0.6257246376811596,0
A2HXVQRK8ALNA,6,4,1.0,0.8134435454463963,0
A2HXZPG0Z0JKN5,6,5,1.0,0.934203283287665,0
A2HY19ROSIW9OL,6,5,0.8333333333333334,1.0989010989010988,0
A2HY7WUPTSAQCA,5,5,1.0,0.507266615261005,0
A2HYEGYQXWXCJX,10,2,0.8,0.3530071935917033,0
A2HYH9MYPLTPOQ,6,3,0.8333333333333334,1.2093779178338002,0
A2HZ0KHJ9MY7AM,5,1,1.0,0.6278074866310162,0
A2HZD0DZXGGUPZ,5,5,1.0,0.8558125472411184,0
A2HZJP1IXJKJU9,7,2,1.0,0.740760748743942,0
A2I07R4RMFIG0W,8,3,0.875,0.6404579014847128,0
A2I0HWQDL137NW,9,2,0.2222222222222222,0.6170179547228728,0
A2I0T6EQ2G3D0K,5,3,0.4,0.7905783972125434,0
A2I0X163CQDBFA,9,1,0.7777777777777778,1.6376839790890612,0
A2I13KQT343NTL,5,2,1.0,0.426411149825784,1
A2I14TOX9LURQ9,6,5,0.8333333333333334,0.5270369258814638,0
A2I173MIIXW5GN,8,6,0.875,0.8207268314123153,0
A2I1HKX7IUAEF7,6,4,0.8333333333333334,0.48861698732832765,0
A2I1OR6G8NZQU8,9,8,0.7777777777777778,0.6296660690600084,0
A2I27DOGY79FAF,5,4,0.2,0.32343871975019534,0
A2I2MOP1YT7JVQ,5,5,0.8,0.5222222222222221,0
A2I2Y9S75EA6GB,6,2,0.6666666666666666,1.3714285714285712,0
A2I2ZAJLC8JQD,10,2,0.8,1.1778637728637729,0
A2I2ZOS8K15JX5,9,6,0.8888888888888888,1.6934867228540975,1
A2I3BWIY35O2SX,9,4,1.0,0.6501871073520342,1
A2I4H8HN08EGGL,8,2,0.5,0.6830632000274859,0
A2I4LIDZ36OBFZ,6,3,0.3333333333333333,0.7146743263122572,0
A2I50N9YG5C9S5,9,1,0.4444444444444444,1.5543308738972408,0
A2I59QHSC5TRCZ,5,1,0.6,0.48152574364109846,0
A2I5LVVQ7WXEH6,29,3,0.5172413793103449,0.7077333534781132,1
A2I5NVT7IWQ51Z,7,2,0.7142857142857143,0.964030933536207,0
A2I5T8PPSIK9UQ,6,3,0.16666666666666666,1.1298527593570866,0
A2I5ZXDA6E9QJX,8,2,0.375,0.8218936011904763,0
A2I6A8OSTUB1LD,5,1,0.4,1.088742047426258,0
A2I6FERI4Q0YIW,5,2,0.6,0.416938775510204,0
A2I6K9Z94LDA78,6,2,0.3333333333333333,1.0286490352109015,0
A2I6O3SYDQO39E,15,3,0.3333333333333333,1.1513554948699878,0
A2I6WHTQT57900,5,1,0.6,1.0454636591478697,0
A2I7955ZFHEGUB,14,2,0.5714285714285714,0.6199449446355645,0
A2I7FNNMP8ALI4,11,3,0.8181818181818182,0.4412119410996049,1
A2I7GAO9HAZS9V,13,8,1.0,0.3221703602144502,0
A2I85TDI7XF3C3,6,1,1.0,1.839174620949537,0
A2I8CEEHNOXKO2,5,1,0.4,0.3769047619047619,0
A2I8I9O542US9B,22,6,0.8181818181818182,0.6810511937169036,0
A2I8UBG1QIDEIJ,5,2,0.4,1.4085714285714286,0
A2I8XZ18IRZUA4,8,2,0.875,0.7172057585728813,0
A2I8Y7W4BN5XZA,7,4,0.14285714285714285,0.6565291447858035,0
A2I923LELEHM0,8,4,0.75,0.6463238019454756,0
A2I9312U9XA2Y4,6,3,0.8333333333333334,0.6302491344456516,0
A2I95GCEK5K1D7,5,1,0.2,0.7255555555555556,0
A2I97PZ6XMI1K6,5,2,0.4,0.7618350168350168,0
A2I9Q4DQS1ZSTB,6,2,0.5,0.581343339307049,0
A2I9XSZSHXQ3OZ,11,1,0.36363636363636365,0.6130989948467739,0
A2I9ZH5CM8RFRA,6,1,0.6666666666666666,1.1965145965145965,1
A2IA5Q0TDWE81X,9,1,0.4444444444444444,1.196046026747781,0
A2IA76WQYDVAE8,9,4,0.3333333333333333,1.0701183527403042,0
A2IAMRTW4K0N6J,5,2,0.8,0.6428030303030303,0
A2IAPQIHR58KNJ,10,5,0.8,0.8218944481018212,0
A2IASO091X03AU,7,6,1.0,0.8842889840310965,0
A2IB95P4CG0Q6J,5,2,0.8,0.9402955884695015,0
A2IBA1IN6HO7CA,5,3,0.6,0.5261971370871942,0
A2IBIAOWJYGC3B,8,2,0.75,0.6919642857142857,0
A2IC2904Q8HDPM,5,3,0.8,0.9700258684405026,0
A2ICKE6A3MJMM5,17,3,0.47058823529411764,0.7629961932054019,1
A2ICT9A9NFH6X8,6,1,0.3333333333333333,1.3486111111111112,0
A2ID57OWXOXIU2,5,2,1.0,1.1797864741386337,0
A2IDBXJOCZYWMY,9,3,0.7777777777777778,0.6943470193935944,0
A2IDORN8B8YY2Y,5,1,0.8,0.43264971287940934,0
A2IEB5W097OBDE,6,6,1.0,0.5916567035315086,0
A2IEHJS1HT4FPP,8,2,0.75,1.1417141174303964,0
A2IEKS5Z84WVSR,5,1,0.6,2.7268995098039217,0
A2IETP3EOYU4UW,14,2,0.7142857142857143,0.5558286216476562,0
A2IF43VUHB1SOY,5,1,0.6,0.6704761904761906,0
A2IF9ZFPVR0E15,8,3,0.75,0.38074340389158257,0
A2IFH6X7DHENU5,5,2,0.8,1.6545289855072465,0
A2IFN1FBRHOK7R,23,19,0.9130434782608695,0.5208751073954936,0
A2IFNKUAC5LOQD,5,3,0.8,1.3355538140020902,0
A2IGC6UDL41IFW,5,3,0.6,1.0864208897612397,0
A2IGDGE2NT15Z4,5,2,1.0,0.4702789384528517,0
A2IGDO6NZFC4VM,7,1,0.42857142857142855,0.9685244346196423,0
A2IHDSWGOJBZ2Q,5,1,0.8,1.8594047619047618,0
A2IHSK3Z26SOY0,5,2,0.8,1.5645054945054944,0
A2IHY9YHDXNPO2,6,2,0.6666666666666666,0.8761574074074074,0
A2II4B6CJ4O47Q,13,5,0.6153846153846154,0.8222174195483057,0
A2IJ276VBT3V7S,15,5,0.9333333333333333,1.048929504447422,0
A2IJ8OWXSJQV27,7,2,0.7142857142857143,1.2166637124618611,0
A2IJQ6PX11EHI5,6,2,1.0,0.8376381254939852,0
A2IJSW8ZB6DKF3,5,1,0.6,0.7445784567735787,0
A2IJURJI9QC7UK,13,5,0.7692307692307693,0.5872167008824111,0
A2IKA7KVW5FEAC,7,1,0.7142857142857143,1.54920399234309,0
A2IKIE2ULQ9BI6,5,2,0.6,0.5487466942623893,0
A2IL8EBLBZJUEG,6,4,0.8333333333333334,0.5609919520416478,0
A2ILR40FV03Q98,5,1,0.4,0.6820050125313283,0
A2IMB6NQKPCP0E,9,8,0.8888888888888888,0.867701249097622,0
A2IMGHMF0LO151,16,1,0.375,0.5564236351703006,1
A2IMHFYVZ9IHYG,5,4,0.6,0.4205786188616153,0
A2IN2AD238G08N,6,3,0.5,0.45207418789064474,1
A2IOGHTCJ3QAHU,15,4,0.6666666666666666,0.5667236932875993,0
A2IOZLHBPFWMQ1,8,2,0.625,0.9404390624406777,0
A2IP926J138AOZ,7,5,0.5714285714285714,0.6520913157093159,0
A2IPY2M0U4RU5Z,5,2,1.0,0.5765832631914167,1
A2IQ6DRQ2I1ZVI,11,2,1.0,0.5752672128592594,0
A2IQSPOJJTO5PH,6,2,0.3333333333333333,0.9766774582619183,0
A2IQTE70LMR07L,7,3,0.14285714285714285,0.7744423220848274,0
A2IQTGLZ3PIWAM,5,4,0.4,0.998923780038331,0
A2IRLNJ5LPMDGE,5,1,0.6,1.1706410100271991,0
A2IRXRHEIW5B2S,11,3,0.5454545454545454,0.6364974372137333,1
A2IS2CYVKQD3DO,6,4,1.0,0.5174242424242425,0
A2ISD8F0VT57C0,6,2,1.0,1.3514429637909986,0
A2IT9RVMT0OJMF,6,4,0.6666666666666666,0.4371408629446047,0
A2ITKQ42VPHT7,7,2,0.5714285714285714,0.7777649449273817,0
A2ITOE0KAQG7KU,11,4,0.9090909090909091,0.6398920593050452,0
A2ITP5TDZCBG0C,12,8,0.8333333333333334,0.7330212682091544,0
A2ITWFZOOOR7PQ,5,3,0.4,0.8689865689865691,0
A2ITY7Y27A27ON,7,4,0.7142857142857143,0.7333482843686926,0
A2IU0T2Y6L2EMY,8,1,0.75,2.103564342403628,0
A2IU6J5HBGEUQ4,12,2,0.3333333333333333,0.5984537993825919,0
A2IU90BV8AHYCZ,5,4,0.8,0.6665217391304348,0
A2IUKR58R88PG8,8,2,0.125,1.1537740688131313,0
A2IV74JCKDT290,6,5,0.8333333333333334,1.0610939259229692,0
A2IV8OG0ZKO11B,8,2,0.875,0.8388646933132227,0
A2IVCXNV2WNOF,6,2,0.3333333333333333,0.39763071895424834,0
A2IW0326MP3ZZZ,22,2,0.7272727272727273,0.6927634720608741,0
A2IW3G3HYTNFYC,7,2,1.0,1.0650037792894937,0
A2IW72T4XLU7RO,7,2,0.8571428571428571,0.7661138861138862,0
A2IWDC2FGVR8IZ,11,8,0.9090909090909091,0.9151641200257802,0
A2IWNWS91HAEUK,6,1,0.3333333333333333,0.5025779865295994,0
A2IWUTIC2D8Z98,5,2,0.6,0.26295126475349717,0
A2IX2BCH9YA2K4,5,5,0.8,0.6505493241299971,0
A2IX2PCXS5O2FK,27,4,0.9629629629629629,0.8176821023156018,0
A2IXOX389FMB4T,5,4,0.6,1.3824967345872519,0
A2IXWCUR2M3J63,6,2,1.0,0.5761536938007525,0
A2IY4DLNW5FB01,5,3,1.0,0.5295958751393534,0
A2IYLY74JONDUY,11,2,0.9090909090909091,1.0666970447293382,0
A2IYMS3RCGA7CG,12,5,0.6666666666666666,1.8499930381509329,0
A2IYN1DD7BRBC1,10,6,1.0,0.5264451820639293,1
A2IYPAYDVV6ZZV,6,2,0.8333333333333334,1.0469401679832402,0
A2IYTXOM5CVQWF,10,3,0.2,0.7579434454434455,0
A2IYX5W3A1N3VB,5,1,0.6,1.3633082706766917,0
A2IZ07IC2P4KT9,5,3,1.0,0.5906666666666667,0
A2IZ72037M7CCZ,5,2,0.6,1.3929926442121565,0
A2IZCQ05CGYINK,6,6,0.8333333333333334,0.4459723927020803,0
A2IZGK2RIQOATU,7,6,0.2857142857142857,0.59776837564294,0
A2J08TRRKF0V3M,5,2,1.0,1.14718820861678,0
A2J0BQQB1AQLSW,5,3,0.4,0.7108149786230282,0
A2J0KNW070N4LC,11,2,1.0,0.4378802042632462,0
A2J110L1LHD3LT,7,2,0.8571428571428571,0.5713838739241587,0
A2J1DWBCD63Q54,6,3,0.6666666666666666,0.5121353731551102,0
A2J1KGMMPV16VW,9,1,0.6666666666666666,0.5699659429544487,0
A2J1LVMIFVLYSP,7,1,0.8571428571428571,1.5170305539870756,0
A2J1PH0ZLSD4SM,5,2,0.4,0.533108108108108,0
A2J1WRE1KQ5CS2,9,4,0.5555555555555556,0.4294612143102856,0
A2J26NNQX6WKAU,6,1,0.3333333333333333,1.1759870876250187,0
A2J29BB7TGCPZ2,5,3,0.6,0.8476190476190475,0
A2J2FSHOKZ8R2I,5,1,1.0,0.7424808429118774,0
A2J2QJACJU0H9R,7,6,0.14285714285714285,1.3786281179138322,0
A2J2ZZB275JUVZ,8,6,0.875,0.49180975333517707,0
A2J3C8J062VLVH,5,2,0.8,1.7312906799612242,0
A2J3FNB3NVC24,5,1,1.0,0.5385926773455377,0
A2J3HAHYXJ9ACB,6,2,0.6666666666666666,1.1033360199425684,0
A2J3MR64L567OK,8,1,0.25,0.6142016045548655,0
A2J4E8HBRF8W5K,5,3,0.8,0.6602777777777777,0
A2J4GBHSDLP4DF,14,3,0.7142857142857143,0.6761267665929783,0
A2J4GTZ0EE4W6G,5,1,0.4,0.7307308970099667,0
A2J4IFAU9LRVOT,5,2,1.0,0.5150668058455116,0
A2J4KGU14JIH04,5,2,0.4,1.1798992673992674,0
A2J57HWX95YMCX,5,1,1.0,1.2346838275540102,0
A2J6204NT47JRU,6,2,1.0,1.157894892291362,0
A2J6L9MFRHDQX0,6,1,0.8333333333333334,1.3027777777777778,0
A2J6MHI3X8J7Q,5,3,0.8,0.478373015873016,0
A2J6P9XUK9ID1A,13,2,0.8461538461538461,0.6339567342502742,0
A2J6TO3IDBS6EE,6,4,0.8333333333333334,0.5657950680272108,0
A2J6X7G22CPSOB,6,5,0.16666666666666666,1.2539662147169515,0
A2J6Y2XJ8VDN1,5,1,0.6,0.5593696879649469,0
A2J740RDIZVRXK,5,5,0.8,1.4709523809523808,0
A2J753YWOBIOSR,5,5,0.0,1.548973939526935,0
A2J7FHZFKOKGZ6,47,2,0.5531914893617021,1.286135853289357,0
A2J7L11I9NMTF4,5,1,0.8,1.0114682539682538,0
A2J7LX31PMGQMV,7,2,0.7142857142857143,0.860885202531601,1
A2J7SSMDPM2G3C,7,4,1.0,0.9128117913832201,0
A2J7XVM9MBWVRM,9,2,1.0,0.8054820404149611,0
A2J88D19AC84MO,5,2,0.6,0.975992338834123,0
A2J8C06HW4Z8GB,6,5,0.5,1.2799753063837571,0
A2J8IE3Q5LLB96,9,3,0.8888888888888888,0.43379316211443925,0
A2J8NCGR14OSJG,7,4,0.8571428571428571,0.593509829211884,0
A2J8SD3VYCPODJ,5,3,0.4,0.33795008912655966,0
A2J90HTLU99AP6,6,4,0.5,0.4408436750443215,0
A2J95IYMDKZ7DD,10,2,0.8,0.33972100529532206,0
A2J9HHDCS8HP73,12,2,0.9166666666666666,0.4787298252634387,0
A2J9IE6UTZFSS9,5,3,0.6,0.6942423874177429,0
A2J9K8CD17CBSG,7,2,0.8571428571428571,0.49693104514533065,0
A2J9NEE5C5D2AU,11,1,0.6363636363636364,1.1073943124716819,0
A2JA8EMRNT3ON,20,20,0.55,0.6688053514009608,0
A2JANBPVCA6XAI,5,2,0.4,1.606318361923743,0
A2JAYIHZDFK3XB,5,3,0.8,0.2951048951048952,0
A2JB8QGTB57N4Q,6,1,0.8333333333333334,1.0686628186628186,0
A2JBGG8ZHICFPU,6,2,0.6666666666666666,1.4664420485175202,0
A2JBSW27G9FJW8,7,1,0.42857142857142855,0.47462650131823064,0
A2JC285XI0XT20,8,6,0.875,0.5512591575091575,0
A2JCC72EJ85SPI,9,6,1.0,0.5395623944331047,0
A2JCCDGEMNTR93,5,2,0.6,1.0863100121098481,0
A2JCLNK64MY821,5,2,1.0,0.4931549512700095,0
A2JD9NXYN9BCRJ,7,1,0.5714285714285714,0.5782126137705468,0
A2JDJZX1ILOUNB,5,4,0.8,1.0484126984126985,0
A2JDLPSCCV0WPJ,5,1,0.2,1.26875,0
A2JDMIVEABD4AZ,5,5,0.2,1.3189501661129568,0
A2JE071UW97J2A,67,3,0.835820895522388,0.6989827902735717,0
A2JEA5IDBHOT5J,10,2,0.9,0.5794935998203459,0
A2JEE7L8YFO2B1,10,5,0.9,0.6344938996110792,0
A2JEIU4GYN1KOE,5,5,1.0,0.5148811466510379,0
A2JEP9XNZ7GQIY,11,2,0.8181818181818182,0.6222160175903945,0
A2JEVJKXA6AY05,7,2,1.0,0.4640336399635703,0
A2JFGWW4ID7OHU,11,5,0.2727272727272727,1.0516424016752404,0
A2JFZ640M6BBMW,7,3,0.42857142857142855,0.6229895160957317,0
A2JG84JVWIV6BU,9,2,0.7777777777777778,0.7832337119560635,0
A2JGGBA7C8C65Q,9,8,0.8888888888888888,0.3555361888294492,0
A2JGXI2HX4H7K2,8,3,0.75,0.7948254486204369,0
A2JI25J6JHTJJG,6,1,0.8333333333333334,0.8979953092348049,0
A2JIOGISSP492Z,14,2,0.5,0.9335844411260966,0
A2JJIBBRQ3A3IG,12,8,0.9166666666666666,0.8289459374369056,1
A2JJLVXKHGMY7N,5,4,0.2,1.3901580459770115,0
A2JJM86SG94V5C,7,2,0.8571428571428571,0.7367710720651897,0
A2JJMK095BFJRE,6,3,0.16666666666666666,0.8838224355465735,0
A2JJO0DNB4QV0O,6,1,0.6666666666666666,0.7947048120961163,0
A2JL4DGE9Z7YH1,6,1,0.3333333333333333,0.8783941558576593,0
A2JLDKF0RC1FQM,6,3,0.6666666666666666,0.9920662784720112,0
A2JLG97160BGRR,7,3,0.8571428571428571,1.1608777646549393,0
A2JLKMCQC065Q7,5,4,1.0,1.1013624965575217,0
A2JLNELHJNG1VC,5,2,1.0,0.5359243625908503,0
A2JM12NA3D5T3H,9,5,0.3333333333333333,1.7966570466570468,0
A2JM896LIGPQNA,6,2,1.0,0.3602797788338485,0
A2JMCZJ4D49A3R,6,4,0.6666666666666666,1.9870629370629367,0
A2JMO8W1348Q7P,5,2,0.6,1.0251061277996265,0
A2JMS15L5DP67D,8,1,0.25,0.4973235484172792,0
A2JNOJ7FMXNY3A,11,5,0.8181818181818182,0.48873628833859667,0
A2JO1JUDWQ19RH,5,1,0.4,0.3968887882509236,0
A2JO3BYTZWP6CE,10,8,0.8,0.8656847657701633,1
A2JO44XUN4ZVHO,7,3,0.42857142857142855,1.2330721814417467,0
A2JO8NBR9VJG6E,6,1,1.0,0.6442283956345817,0
A2JOIAJ45QR38E,5,3,0.6,0.7876944444444446,0
A2JOTTF0HLND3J,6,6,0.16666666666666666,0.719072878418808,0
A2JOVHS6HEEOOP,18,3,0.9444444444444444,0.8681808085154507,0
A2JP0URFHXP6DO,9,2,0.3333333333333333,0.6009673502827793,0
A2JP6DLFCJFVZ1,5,3,0.6,0.8022764227642277,0
A2JP9E1H0SF392,56,2,0.75,0.7407099373029432,1
A2JPP7U4U0LGWF,8,2,0.5,1.1857501113521538,0
A2JQ6E24ZPORV5,6,3,0.5,0.6241286192899097,0
A2JQ8IZWUZ18TK,27,2,0.1111111111111111,1.5689971945303876,0
A2JQBUKWSKBF7Q,6,2,0.16666666666666666,0.6066760037348272,0
A2JQD6CWD5MKK6,5,2,0.6,1.0719630978777321,0
A2JQKIDPCYP2E9,5,2,1.0,0.7083982683982681,0
A2JR10TRIJXJ3R,12,1,0.4166666666666667,1.7304011722210249,0
A2JRTXY2SKZ63Y,10,3,0.8,0.5088649937632989,0
A2JS2PPR6FW42E,11,6,0.6363636363636364,1.1329455551002607,0
A2JS3Q4QBJYSNX,23,6,0.6521739130434783,0.595319725747338,0
A2JSU3DOC6BMXS,8,3,0.75,1.1401105670543497,1
A2JSV2AUDK8NBH,9,2,0.7777777777777778,1.1385222596333708,0
A2JTRT3ZZ3Z2F1,5,1,0.2,0.8742857142857143,0
A2JTXO5JBIEXRW,6,1,0.8333333333333334,0.9993888015627146,0
A2JU6PEESZLI39,7,2,0.5714285714285714,0.5611630530701606,0
A2JUG93PXMQOI8,5,5,0.8,0.585904761904762,0
A2JUO2M5VA8EGU,8,3,0.75,0.45686697092630146,0
A2JUXF9YXZZX2K,5,5,0.2,0.7598750807837202,0
A2JVG81TAJH3LZ,6,4,0.6666666666666666,0.8064653427228728,0
A2JVOO63C16ITX,11,8,1.0,0.5045483098775235,0
A2JW2A13TT3VXW,5,1,1.0,0.588922305764411,0
A2JW65G41QDO8X,5,3,0.8,0.9921584949943156,0
A2JW9UXEWV0DDD,7,1,0.7142857142857143,0.7676955397543631,0
A2JWC1I0MAPIU6,5,1,0.8,1.4015151515151514,0
A2JX5WDY0UQCFK,5,2,0.2,0.8402976190476192,0
A2JXCOUGYS5Y4J,16,2,0.5,0.5966063441302137,0
A2JXF308L7EE2H,5,1,0.4,0.8605576776165013,0
A2JYFIK0ORM4ST,5,1,0.6,0.9520495983679715,0
A2JYLPZI8HZ8I5,6,3,0.6666666666666666,0.9407262116644267,0
A2JYXFC45LGRM5,9,3,0.2222222222222222,0.8314800069228093,0
A2JZBS6WFOPTMO,13,7,0.5384615384615384,1.0222470059871585,0
A2JZECAHJV8GL4,5,4,0.4,1.194410761652141,0
A2K0F0QHP6J0RD,5,3,0.8,1.1115873015873017,0
A2K0HK2UUX8RKA,5,5,0.8,0.688639729396032,0
A2K1GAKMW4UT7N,8,1,0.5,0.8603438365487488,0
A2K21ZQVNBVUDI,14,2,0.5,0.6802842280645179,0
A2K24F0XR5L2K1,5,1,0.6,0.5224261974584554,0
A2K2HDLL71QBQD,5,4,0.2,0.7806980037361531,0
A2K2Q1N5ZI4491,5,2,0.2,0.4725711760621172,0
A2K2VS1D5CKLFG,8,2,0.5,0.7552925875294296,0
A2K30WJ3P31AZ2,5,1,0.8,0.547587694175294,0
A2K33VWYQC9C2W,8,2,0.75,0.591563042220937,0
A2K3HGXABW1JWJ,5,2,0.6,0.4392468004373985,0
A2K3OKH6VK6P5F,5,1,0.4,0.8823604069324318,0
A2K3UU6RB24VCT,5,2,1.0,2.2866080586080586,0
A2K41UKIROUWYC,6,2,0.6666666666666666,0.3597474777514032,0
A2K4C10NOTVY8E,5,2,0.2,2.136413373860182,0
A2K4QZUYQXKBOM,7,1,0.8571428571428571,0.41752646560677276,1
A2K4ZBTY3F61K1,9,2,0.4444444444444444,0.4405123958646995,0
A2K5333S3ZF9AO,5,3,0.8,1.702020202020202,0
A2K5Z8R003TIP2,8,3,0.875,0.3932605773966482,0
A2K60GJA18YY24,12,5,0.75,0.4848079950700279,0
A2K64Z8VT8T43Z,8,2,0.875,0.8404014354568472,0
A2K65GPI8Q84Y4,8,3,0.5,0.8097334682860998,0
A2K6DCL30HGP99,6,2,0.6666666666666666,0.5357513460713034,0
A2K6GTUFMVMNQ1,5,4,0.8,0.7360714285714286,0
A2K6H0GJA067E4,18,4,0.8888888888888888,1.176568579784018,0
A2K767PO8Y3944,10,1,0.7,0.3849113549044114,0
A2K7EZH6PWU2ZR,6,1,0.8333333333333334,0.6333655083655084,0
A2K7FBWBVZUQ1X,5,2,1.0,0.613683514341409,0
A2K85QHOSCPTQ6,6,1,0.8333333333333334,0.4936554484941582,0
A2K86G0KVE4XU,5,4,1.0,0.8133333333333335,0
A2K88S2R36PBFY,5,1,0.4,1.0562081705607813,0
A2K89ZPCC9MF6C,5,1,1.0,1.1326068376068377,0
A2K8AMDK9CVFNX,5,3,0.8,0.6157232704402515,0
A2K8J2UF36G3AB,9,2,0.7777777777777778,0.48019888146054984,0
A2K8P3PA7N6392,13,3,0.9230769230769231,0.5758838951214998,0
A2K8PD5X143U9O,5,2,0.2,0.5637857637857638,0
A2K95026HZM4FQ,10,3,0.8,0.5833330042659104,0
A2K9BZPOPPS0L5,6,2,0.5,0.8394773935215113,0
A2K9E1JBKATL10,18,7,0.7222222222222222,0.5110804838568085,0
A2K9FN7C23Z2Y1,6,1,0.8333333333333334,1.1172212999418882,0
A2K9WH9O6NCXF5,5,4,0.8,1.2443555936963644,0
A2K9XFC31BCR5C,17,12,0.4117647058823529,0.6865915120831781,0
A2KA27UB363RNG,5,1,1.0,0.7875384024577572,0
A2KA51YHCM9HCC,5,1,1.0,1.2222222222222223,0
A2KAG3LH2Y86AR,6,2,0.3333333333333333,0.6179750940780354,0
A2KAV56P05K7H1,5,1,0.4,1.9685714285714286,0
A2KB7B2FLDK5MB,8,2,0.875,1.3819746376811595,0
A2KBQ6ASGK3LDM,17,2,0.5882352941176471,0.7729835654034257,0
A2KC01FNAQ0K7F,5,5,0.8,0.5133452950558215,0
A2KC83QL3ZENN6,5,2,1.0,0.30140161725067394,0
A2KCSXYY2DLKSI,21,2,0.7619047619047619,0.5455839204432881,0
A2KE3HCVYS1GH1,10,2,0.8,0.899967071935157,0
A2KEGRLCHT5KDY,5,2,1.0,0.7378840579710145,0
A2KETRDA2QWM8M,19,2,0.47368421052631576,0.4743883724601678,0
A2KF07N5IY3N2S,5,4,1.0,0.8315282278696913,0
A2KF6QYQA7LO0P,12,3,0.75,1.3801059617937117,0
A2KF8FAQQYN9YI,6,3,0.5,1.4179220085470086,0
A2KFGRNZSPB55U,6,1,0.6666666666666666,1.151495215311005,0
A2KFKEME4A9ATW,20,5,0.5,1.5325671798487248,0
A2KFWHHUFVKFXZ,17,1,0.17647058823529413,0.39258630272512784,0
A2KFZGF1UCL4S9,5,1,0.8,1.9044230769230772,0
A2KHDA77VENP49,7,2,0.42857142857142855,1.220650515845436,0
A2KHS2UHIYWR07,5,4,0.6,1.4544451871657755,0
A2KHTNH6BUCKM6,6,3,0.5,1.8516025641025642,0
A2KHUISKVUGVR0,5,3,1.0,0.7298617511520735,0
A2KHVRX8N91HWG,5,2,0.8,0.5813854756242696,0
A2KHXK5GTKBXP8,8,3,0.625,0.7289636683294802,0
A2KI32LAJETKKW,5,1,0.6,0.5754010695187166,0
A2KI81N844USH9,8,1,0.625,1.2385588431104737,0
A2KIANXC8CA57S,5,1,0.4,1.1308676830415958,0
A2KIU9UIY5XTB2,16,2,0.5625,1.0157813055678246,0
A2KJ5XBAA4USG,7,4,0.2857142857142857,0.5722671777765275,0
A2KJFN70BVBK00,6,1,0.8333333333333334,0.69879496721602,0
A2KJLDKNOS2QVF,6,1,1.0,0.5320049813200498,0
A2KJW3P987G4XS,9,9,0.8888888888888888,1.1281686273026326,0
A2KJXBI3V1MZNM,16,3,0.8125,0.6978209489759863,0
A2KJXEXBBUDHXA,12,8,0.5,0.3900299311176089,0
A2KJY8F5O1U5D6,19,3,0.6842105263157895,1.2416372569975582,0
A2KK42DC3DHA6,10,1,0.6,1.6743234372865854,0
A2KKFS9R6VRU5G,5,2,0.6,0.7335801596777207,0
A2KKIP978LAZ7B,6,2,0.8333333333333334,0.4897107295744669,1
A2KL3Q6NMCTJ6M,13,2,0.9230769230769231,1.2159412096145723,0
A2KL5382NA5756,5,2,1.0,0.46478632478632476,0
A2KL733AJ4Z5YM,10,4,0.6,1.1135141010750766,0
A2KLD87AJ577DF,9,8,0.5555555555555556,0.9359315551454517,0
A2KLOQPQHA03ZO,8,4,0.75,0.9114115696964535,0
A2KLSFIQUUNTJ8,13,7,1.0,0.7030236354896988,0
A2KMDFXNRL4UB5,5,2,0.4,0.7141379252045715,0
A2KMTB0ZM61TAQ,7,2,0.42857142857142855,0.5953264984888161,0
A2KMUF699ESJHO,6,2,0.6666666666666666,1.4299393470125177,0
A2KMV50FN2OS92,10,8,0.5,0.6256594490601181,0
A2KNAMFPU486JK,7,2,0.7142857142857143,1.4275462885496906,0
A2KNBUJO7EVNH3,6,3,0.16666666666666666,1.060032002300177,0
A2KNLRRVEHFQ2S,11,4,0.6363636363636364,0.6987948749771834,0
A2KNO1OMN0SG6I,5,3,0.8,0.982641864064789,0
A2KNUQLHRCK5F2,5,1,0.4,0.7599331550802138,0
A2KNZ7MRTIOIDK,6,2,0.16666666666666666,0.45804679183994407,0
A2KO4M7ZJBWGWO,7,5,0.42857142857142855,0.9275985080022349,0
A2KO4NTZ8BE86K,5,3,0.6,0.49590903389589797,0
A2KORPREZO2RHL,6,1,0.6666666666666666,1.6538620857699806,0
A2KPPSALMBPRA4,6,2,0.6666666666666666,0.34268774703557314,0
A2KPSWV4UONRN8,5,1,1.0,0.5705701754385964,0
A2KPWEL1IQLNN4,5,2,0.6,0.8726071577195175,0
A2KQ1DGZH4B1P9,6,5,0.6666666666666666,0.6941595378781198,0
A2KQDZ563T254P,9,9,0.5555555555555556,0.6667309042480041,0
A2KQEAIQOGRQTU,6,2,0.6666666666666666,1.7485660680782633,0
A2KR1481ARVYNP,17,11,0.8823529411764706,0.8984054578864991,0
A2KRK21MIGYXBO,7,3,0.8571428571428571,0.9293891805127761,0
A2KS9RU4KH8NQG,8,2,0.25,1.2667607669099625,0
A2KSHO9HT7L56F,6,2,0.8333333333333334,1.0821010484168379,0
A2KSIBA9G2Z78G,5,4,0.8,0.29208713973380557,0
A2KSP9GE7PPUVQ,9,2,0.3333333333333333,0.8859649122807016,0
A2KSR9HFDEZRJ9,10,6,0.2,0.4601752822341057,0
A2KTANMYE2372G,5,5,0.0,0.5547763670373598,0
A2KTI1N6A8E37I,5,2,0.6,0.4450824537781058,0
A2KTRO275LJY1R,8,2,0.625,0.7205149422469217,0
A2KTTFGE7G0OIU,6,1,0.8333333333333334,0.5997754541327002,0
A2KTY2H7VHKIIO,5,1,0.6,0.8892253417731126,0
A2KU6QQAFJ2PMP,10,4,0.8,0.8827865250510989,0
A2KUL2FDGNTXIH,7,4,0.5714285714285714,0.7132184861652576,0
A2KUOQLRGGHCQX,6,1,0.8333333333333334,1.5384178321678323,0
A2KUVD844LL7QM,9,1,0.6666666666666666,0.75046561625509,0
A2KV5EN862N0P3,5,3,0.8,0.48582742316784877,0
A2KVAGB52EOKLS,12,2,0.8333333333333334,0.4849884655597107,0
A2KVK37N7ZWGPM,11,2,0.2727272727272727,0.4813382225290836,0
A2KVYT8JX39EE1,8,2,0.875,0.8819047758737056,0
A2KVZY5EMMNDOB,13,9,0.9230769230769231,0.613368183773042,0
A2KW2CYEFOG5RV,10,7,0.0,0.47495248277500596,0
A2KW2UQUDF2YB0,5,3,0.6,1.3791486566658193,0
A2KW5FACSTZ2MG,6,1,0.5,0.6957203172161858,0
A2KWDZVYEIWWSE,7,2,1.0,0.5038926681783825,0
A2KWQ3YQ5C3SPD,8,5,0.75,0.7391812042086477,0
A2KWVBHXXERSK8,7,2,1.0,0.733877835933585,0
A2KXCSNY9BKMQ3,5,2,0.8,1.1096026414420677,0
A2KXG3IQF62C0P,5,2,0.4,0.825,0
A2KXJ4CU9YUMNH,5,1,0.6,0.39738816738816735,0
A2KXQN6JTZCSK0,8,3,0.625,0.9369923559060238,0
A2KY5FCLA2QXSR,6,4,0.8333333333333334,0.48908468745425254,0
A2KZD13VXVTZ52,5,3,0.4,0.7415032679738562,0
A2KZKRJS2WG4QI,5,2,1.0,0.7378141167775313,0
A2KZOUW7YLHN49,13,3,0.5384615384615384,0.5019536497055648,0
A2KZRED7T239UP,7,1,0.5714285714285714,1.5105945066198523,0
A2KZRRDZXJVXQK,5,1,1.0,0.6042207552541944,0
A2L0B0SVEJOAG3,5,1,0.8,1.5039793281653746,0
A2L0MBN8AE9GE2,15,2,0.8,1.3523729949235515,0
A2L0WJMOT484GM,13,3,0.5384615384615384,0.5802437310091058,0
A2L1DWB4ZCFQP9,6,6,1.0,0.4872161892926184,0
A2L1J72G3YW89V,5,1,0.6,0.8582611832611834,0
A2L1Y9EZD5JVYI,6,2,0.8333333333333334,0.4257782807958865,0
A2L22QCL5SP037,7,4,1.0,0.5870835334561723,0
A2L2CLFLIXDUJ3,5,4,1.0,0.4403056982147223,0
A2L2LUA6OJZAI2,5,4,1.0,0.6254820278040092,0
A2L2YTV0TFVL8H,5,1,0.8,0.4759163087985618,0
A2L3OUGY7OTR3N,15,5,0.5333333333333333,0.5706815737418864,0
A2L3QPAWY2V3CX,6,4,0.8333333333333334,0.6739130434782608,0
A2L3R2YNQ5UL9J,6,1,0.6666666666666666,0.9047887664066666,0
A2L3WXY4GTSJXE,9,2,0.4444444444444444,0.8534839563065371,0
A2L3ZOXJL8OR9G,5,1,1.0,2.9686868686868686,0
A2L462D897MTWP,9,2,0.7777777777777778,0.8953245612409343,0
A2L49Y2XZFL4X5,8,1,0.625,1.3729832667332666,0
A2L4NHD8CJ2ZGU,6,1,0.5,0.699729310175035,0
A2L5CQCAZD9D86,6,2,1.0,0.4891057976863061,0
A2L606SZFN9ZYI,5,2,1.0,0.46643314167772376,0
A2L6BCJ0SUS81Q,5,1,0.8,1.0073611111111114,0
A2L6QS8SVHT9RG,18,3,0.0,0.4268835995542418,0
A2L6T5ECQVCN8D,5,1,0.2,1.0577655677655677,0
A2L7BGAYUOGC1L,8,1,0.875,0.9828003875968991,0
A2L7DQQSGCBA46,9,1,1.0,0.7827327156274526,0
A2L7F1XRZJ6K8G,6,2,0.8333333333333334,1.439829589055595,1
A2L7MYSQH20POZ,12,7,1.0,0.8113587743856489,0
A2L7WYA5OENV03,15,2,0.2,1.1800841483683098,0
A2L8DLJE17OHMB,5,3,0.6,1.3400779951412862,0
A2L8FUCG0CYD4H,29,7,0.6551724137931034,1.0510283065688353,0
A2L8NERGVGD7NV,11,6,0.9090909090909091,0.49270145800987525,1
A2L8RCOVJ0V03R,6,2,0.3333333333333333,1.1225497571534158,0
A2L8UUH65S1BJ6,9,3,0.7777777777777778,1.3937380328344213,0
A2L9K5TQNR9AHJ,5,2,0.8,1.3592105263157896,0
A2LA3BYSKCT8B6,5,3,0.8,0.7191087717138137,0
A2LAJ7X8V05U8M,5,1,0.8,0.6234265734265734,0
A2LAY7A6RCEGB,5,2,0.6,0.4214914101584891,0
A2LAZXHJITEC4W,7,1,0.42857142857142855,1.0540808097874923,0
A2LB20XRW6SY0W,5,2,0.6,0.8746783625730993,0
A2LBK3DGMT4LEQ,5,2,1.0,0.6761401061076131,0
A2LBZDGSNFYAGT,5,5,0.6,1.26494623655914,0
A2LCFXXWQDS4HA,8,7,0.25,1.1169175305688466,0
A2LDIXBFRKO03N,6,1,0.5,1.2006823324483875,0
A2LDL960FST9LW,20,3,0.95,0.607424453114695,0
A2LDWYW38O4N6H,7,1,0.5714285714285714,1.3882702119309263,0
A2LE2PXJIQU1ZS,5,3,1.0,1.0909709338280766,0
A2LEJPX95M1XER,7,1,0.8571428571428571,0.6575309611023897,0
A2LELPJEN3H7A2,6,6,1.0,0.43023261178467953,0
A2LEMVH8KA7DX6,6,3,0.0,0.5138819513819514,0
A2LER41IZ69GUQ,12,10,0.4166666666666667,1.2594572717975203,0
A2LEVJAOI6RJAQ,8,1,0.75,0.6988097890671421,0
A2LFDMTR42ARM4,5,2,1.0,1.643830730672836,0
A2LFPFGMVTNYBI,5,2,1.0,0.6054956573824498,0
A2LG4FG673JY57,5,4,0.8,1.1876655052264808,0
A2LGCBD8HB2NRY,6,1,0.16666666666666666,0.7657530400224628,0
A2LH2NMV5HQIGV,5,1,0.6,0.9781320669380371,0
A2LH2X39FZ2LP2,6,1,1.0,1.0136111449410683,0
A2LHA4VVONDTKC,5,4,0.6,0.7372372056443715,0
A2LHD5UCM2ZMGN,8,3,0.875,0.42438487695840643,0
A2LHEMBTH0JS2W,5,2,0.2,0.5376194535785329,0
A2LHL3RYUYLCN8,23,2,0.34782608695652173,0.9403538652005099,0
A2LHNJTI1DG93O,7,1,0.7142857142857143,0.829258572115715,0
A2LHNSV6CCCB7U,6,2,0.3333333333333333,1.0946969696969697,0
A2LI5FQFGL81GH,12,7,0.6666666666666666,0.6398512306407044,0
A2LI5QPDH1WA0P,5,1,0.4,0.42813852813852826,0
A2LIGTSDHJY7U6,12,4,0.75,0.6687522019043758,0
A2LJ1M369ZQB7R,28,11,0.8571428571428571,0.6098042291470102,0
A2LJ8BHMRRJF1K,6,2,0.8333333333333334,0.7820750237416904,0
A2LJBBRLDNIMH0,15,3,0.5333333333333333,0.5972536731239688,0
A2LJI7KTRDOB75,6,6,0.6666666666666666,0.7308287988241547,0
A2LK7WJS4REDTQ,10,3,0.6,1.3841729003223255,1
A2LKCLB7M9AQDT,9,2,0.7777777777777778,1.7646646251486549,0
A2LKQF1SJAQS1Q,12,4,0.9166666666666666,0.465598228364029,0
A2LKSAOPWU6MKC,7,7,0.8571428571428571,0.5786843556502843,0
A2LL4SL2PY673I,13,3,0.6923076923076923,1.0585636606682427,0
A2LLHNZOGB9KRP,8,2,0.875,0.5189698429938798,0
A2LLLG3BYD0CWF,6,5,1.0,0.7279136453918351,0
A2LLO611FE9XZ0,7,3,0.8571428571428571,1.2980409844717882,0
A2LLS2VWQPVJCN,5,1,0.2,0.7550000000000001,0
A2LLSFQO8O8XNW,37,5,0.6216216216216216,0.5514850588619866,0
A2LM171DIUGFC6,6,1,0.16666666666666666,1.1011484409310497,0
A2LMB7GSG9ZO37,8,3,0.5,0.5172306901709647,0
A2LNAI0QUU8DKS,8,2,0.625,1.4278846153846154,0
A2LNDUKZZJBNWM,10,3,0.8,1.116876374991129,0
A2LNG1Q2CXTOFO,5,1,0.4,0.6079123640302804,0
A2LNHYBQOTXH4K,8,1,0.75,0.9440142389717645,0
A2LO6UQ9POTJI1,5,3,0.6,0.6481072874493929,0
A2LP0BPV35HDM5,10,2,1.0,0.4152606093689556,0
A2LP5AG0KA4GAT,5,5,1.0,0.46005654880904795,0
A2LP7HFSXB0IL1,5,4,1.0,0.8286482334869432,0
A2LP92GOP9JFPT,5,2,1.0,0.47168193563542377,0
A2LPBW9N4VTGYD,7,2,0.5714285714285714,0.6762943398278177,0
A2LPJY2QMEYTRA,14,4,0.9285714285714286,0.75869109093588,0
A2LPXUSM4T6VQV,5,1,0.6,0.3924108891500194,0
A2LR99VQFO6UNX,19,6,0.8421052631578947,0.9697097599009336,0
A2LRIURBNT9IDF,9,2,0.8888888888888888,0.547943441152432,0
A2LS217P6F0AP9,9,9,0.6666666666666666,1.3406360708534624,0
A2LSEVE6WU83MJ,11,4,1.0,0.88630025053379,0
A2LT3NLBSTYSMZ,5,2,0.8,0.816606557043014,0
A2LT9OF5O2K08X,12,2,1.0,1.3935774451806273,0
A2LTLMN24GTYY9,6,2,0.6666666666666666,0.48296614140358923,0
A2LTTDNALI5484,5,1,0.8,1.4134850640113796,0
A2LVMQGAATBLET,6,1,0.3333333333333333,0.9028442317916004,0
A2LW5AL0KQ9P1M,84,5,0.4166666666666667,0.9240516993866427,1
A2LWPZZSBSA416,5,2,0.6,0.5589605734767026,0
A2LWUTGO03KD0F,5,3,0.4,1.142650501190055,0
A2LXG7OMJ758J,5,2,1.0,0.14357142857142868,0
A2LY37YY016TTR,7,1,0.8571428571428571,0.37527860772100397,0
A2LYEP086U3D06,8,4,0.75,0.8638462000962,0
A2LZBXPNZ2AIQX,14,3,0.5714285714285714,0.9807432133609943,0
A2LZDPPCDRUBG6,19,2,0.7894736842105263,0.6985350553130109,0
A2LZF7JK3KS77J,9,2,0.8888888888888888,0.5374771329046015,1
A2LZJYDXB3FIR3,6,2,0.5,0.34339080459770116,0
A2LZX3NDB6RFF2,22,5,0.6363636363636364,0.5413618389415716,0
A2M02TL1Q0DP5N,12,9,0.5833333333333334,1.0262459910499455,0
A2M05B0RLE1115,9,4,0.7777777777777778,0.7017494452978325,0
A2M08G5ZUM1L8V,6,2,0.6666666666666666,0.7237903264321703,0
A2M0WUJGXPIHGH,7,1,0.7142857142857143,0.5246549924830134,0
A2M1MNG7G40V85,32,1,0.53125,1.187582630528864,1
A2M1R62VDEI7QY,9,1,0.6666666666666666,0.84964959674262,0
A2M20020A9FQBN,6,2,0.3333333333333333,0.9068867946978892,0
A2M23GW3HS0BND,7,3,0.8571428571428571,0.6407647907647908,0
A2M2W5SD96G518,6,3,0.6666666666666666,0.633641121864507,0
A2M2ZOU0R6DSCB,8,3,0.875,0.5287446192254561,0
A2M31FTC3ETYDW,14,2,0.7857142857142857,1.0305475728858549,0
A2M3C1SRCBA7F2,7,3,1.0,0.6862244897959184,0
A2M3N0K43IZC6O,10,2,0.2,0.9232694797755532,0
A2M3ULAAZDNFAD,5,5,0.4,1.2192338217338219,0
A2M440KL4NVR31,8,2,0.5,0.8439187001864487,0
A2M488GEE8M0N,5,1,1.0,0.6276401827374856,0
A2M4PQPBV45U71,28,3,0.32142857142857145,0.8571700055332325,0
A2M4QRSR8D62JD,11,2,0.36363636363636365,1.4477657642729413,0
A2M4U0ZK4R3ZXW,15,2,0.7333333333333333,0.7198618341911025,0
A2M50NPRYXJW1A,5,3,1.0,0.8231313131313129,1
A2M53UG6LKUU4Y,9,4,0.8888888888888888,2.064200922534256,0
A2M5J4IKYBPULM,5,2,1.0,0.55495979230462,0
A2M5LB2BOQB1VL,6,1,0.6666666666666666,0.7102225209080046,0
A2M5VZV3M9BDY7,8,2,0.625,0.8085856349940531,1
A2M60QNZYP1IKL,7,1,0.8571428571428571,0.5505405152491619,0
A2M67NF929W1HE,6,6,0.5,0.6658253450896631,0
A2M67X3IJ1EMIH,5,1,0.6,1.4565367965367966,0
A2M69FXV13M1AI,5,2,0.4,0.38179941632856423,0
A2M6C8OB3Y4AAU,5,3,1.0,0.6576700111482721,0
A2M6JXJ94DS4YJ,8,2,1.0,1.1545177045177044,0
A2M79WB6IX1XUO,5,1,0.8,1.1984006224457289,1
A2M7KU3GGSEXYF,15,3,0.7333333333333333,0.5914008963403011,0
A2M7TBPIH1MV0L,12,3,0.8333333333333334,1.1532584373740071,0
A2M7TC85DV4B5P,6,3,0.8333333333333334,0.8507371165297161,0
A2M8AL6HIX76AB,7,2,0.14285714285714285,0.8223243730156172,0
A2M8CJJ5D76NRS,5,4,0.6,0.9849411058384867,0
A2M8I27ZEERAGX,5,1,0.6,0.729940587867417,0
A2M8QD8OHLA265,10,2,0.7,0.8318498508393052,0
A2M8T1C3YP19NQ,14,2,0.7857142857142857,0.6778812414293781,0
A2M90PULG6JFYJ,8,2,0.75,1.3176081262182997,0
A2M9NIJ88RM4IQ,5,2,0.6,0.5856522820544707,0
A2M9SDVNQ3Y4PW,7,2,0.8571428571428571,1.097863247863248,0
A2M9SWRFUJ4NHQ,8,1,0.875,1.7950161617471054,0
A2MA96FW3ERNPV,8,1,0.375,0.906514397022268,0
A2MAE2ZD37KE23,6,6,0.8333333333333334,0.3739409828611216,0
A2MAXHANV8EETT,13,1,0.5384615384615384,1.227852344212181,0
A2MBDNC27NZ495,5,4,0.8,2.4228947368421054,0
A2MC05CQGEXRDS,5,3,0.4,1.4377586938936986,1
A2MCEQW2PX65F4,9,1,0.6666666666666666,1.6326719576719577,0
A2MCSY6EDXKJ58,5,3,1.0,0.6483902763902764,0
A2MCZGSS6UJHDS,6,1,0.8333333333333334,0.6924019607843137,0
A2MDAAZWLQI0JG,5,5,0.8,1.3809650938941558,0
A2MDF8I6HC7SRB,5,3,1.0,0.6444444444444445,0
A2MDMNAA58AM55,6,4,0.6666666666666666,0.5828320802005013,0
A2MDPP00NTNE5L,8,1,0.375,0.6772599696014678,0
A2MDVIEKHGPJTU,5,3,0.8,0.3130314009661836,0
A2MEBPFR8GH30L,5,2,0.8,1.5955488445378152,0
A2MEC0T7Q65C7S,15,3,0.8,0.7870791111442135,1
A2MEXWR4GQIHQ9,6,1,0.5,1.0638930785989609,0
A2MF6MFBOU2LPH,6,2,0.3333333333333333,0.6553201453522216,1
A2MFBTVBPSPH9S,7,3,0.42857142857142855,0.9684146716497773,0
A2MG8X1PKH7C1,12,4,0.8333333333333334,0.6602927301703777,0
A2MGDI3REBECTQ,5,2,0.6,1.78880633028174,0
A2MGM6AJYYLSAG,5,1,0.4,1.357291327598233,0
A2MGSG2JYJVR6I,5,5,1.0,0.4164569923300279,0
A2MH6X10UANSQ3,6,3,0.5,0.29292696601823404,0
A2MHP3PSJWI0TT,6,1,0.16666666666666666,0.6325396825396824,0
A2MHSUJNKRI1AL,6,1,0.8333333333333334,0.9876227620411568,0
A2MHW2078XBNLD,7,3,0.7142857142857143,1.028710784067927,0
A2MI5PQBEII7O3,7,2,0.2857142857142857,1.5368115942028986,0
A2MIE470WAKCLU,6,2,0.6666666666666666,0.9334774031338101,0
A2MIF552GFBNPU,11,3,0.18181818181818182,1.910571469335129,0
A2MIP3AQVSF2SS,35,6,0.9142857142857143,0.6563965867004,0
A2MIQNIBIOSZHK,7,3,0.7142857142857143,1.2936704389872702,0
A2MJBJTGX1RWAO,6,3,1.0,0.9544487473704342,0
A2MJXZGMRLW9JV,18,4,1.0,0.6205370096515532,0
A2MKG8P7L2PPPB,16,2,0.6875,1.202050983436853,0
A2MKGEOHOM2VPF,6,3,0.5,1.1975083345773,0
A2MKH3FI4YMO1E,10,5,0.8,1.6225451222758438,0
A2MKN0SI8FLMN6,6,6,0.5,0.37407292710928486,0
A2MKWNA5WDB7CY,6,2,0.6666666666666666,0.6920863689156372,0
A2ML3X6FOB1WGA,10,2,0.3,0.9415602620389855,0
A2MLTDJRE47XX8,10,2,0.5,1.3912057844361214,0
A2MLWU5AVPRZ10,10,6,1.0,0.8010277954553138,0
A2MM9UCMTGTWCD,6,6,0.5,1.3122053872053872,0
A2MML4TOL6Q7BG,8,1,0.75,1.1111471315982404,0
A2MMPAHJUJAVWV,9,3,0.8888888888888888,0.835228474718321,0
A2MMR62ULDWMII,5,1,0.8,0.6803258145363409,0
A2MMT8K7KKFTOA,5,3,0.6,0.5134920634920637,0
A2MMXC9Y2Q6UV1,8,3,0.75,0.377420192214817,1
A2MNBG6R6ZXT6M,5,3,1.0,0.7588728934196627,0
A2MNF0QM9FMC3T,5,2,0.4,1.3305051052679135,0
A2MO83Q4SLQQ3Y,6,2,0.5,0.518090193400024,0
A2MONP3IA495W0,5,3,0.8,0.9012499999999999,0
A2MOQ0UOLA67K2,5,1,0.8,0.8801587301587303,0
A2MOVLZ429BFLZ,17,7,0.8823529411764706,0.8822509902154022,0
A2MPC4TPFPEB0Z,6,2,0.3333333333333333,0.6771864348276306,0
A2MPJN8APVIKIB,8,1,0.625,1.9167369131591867,0
A2MPWVJYS8V0O6,6,2,1.0,1.4801377249626342,0
A2MQ3Z1UX5EXUC,13,8,0.6153846153846154,1.165247339096444,0
A2MQ804S0RMW1T,7,7,1.0,0.8294372294372295,0
A2MQMQG85PNI7C,5,5,0.8,0.479226955170312,0
A2MQTJU3PSZMME,5,2,0.4,0.5600000000000002,0
A2MR2WEUU1WLI6,6,3,0.6666666666666666,0.9887508451656526,0
A2MROOW2RK9JMU,9,1,0.7777777777777778,0.5992171001604965,0
A2MRYP1IT5B65L,6,3,0.0,0.9647275964649425,0
A2MS78N2IBRX5C,13,7,0.6923076923076923,0.6822959601651966,0
A2MS89WSIJEZN2,7,3,1.0,0.48326705226797745,0
A2MT1R3WOV50ZU,9,2,1.0,0.6682782195001159,0
A2MT4ZF52ZECVS,5,4,1.0,1.1085592185592188,0
A2MT9P1UIHX0RX,15,7,0.26666666666666666,1.0492617578201102,0
A2MTHXIV6BJH71,5,3,0.8,0.49842503987240827,0
A2MTK4IKNT1VYR,6,2,0.16666666666666666,1.0849429974983218,0
A2MTMN4A9KGE2X,6,4,1.0,0.5137514237461217,0
A2MTSYMQ1IK98L,10,2,0.5,0.45350178894463405,0
A2MU0A5EU80KIM,6,2,0.0,1.6517346384739895,0
A2MUFVNWMVN9C9,16,5,0.8125,0.5667758090394017,1
A2MUOH68CNKX5C,5,1,0.6,0.28981985517979814,0
A2MVM5BS7AWC8X,6,4,0.8333333333333334,1.1002848816578792,0
A2MWNS4UBQFD0P,6,1,0.8333333333333334,1.0462606837606838,0
A2MWOF3JHQHDZW,6,6,1.0,0.3104006171769633,0
A2MWUBN4UJOVIK,5,2,0.8,0.5426168929110107,0
A2MXF31CTW3QSW,6,6,0.8333333333333334,0.4016797918393665,0
A2MXGVIVMTPIQX,7,3,0.8571428571428571,0.6874759731902589,0
A2MXILAH05EAMR,5,1,0.4,0.9023809523809522,0
A2MXO5Y4KDTV82,6,2,1.0,0.3400219988924433,0
A2MZ4XPFN6YH37,7,2,0.2857142857142857,0.6275484358584619,0
A2MZ6PSSONC8AH,6,6,0.8333333333333334,0.3144001750576512,0
A2MZSBCCDVR5QO,12,2,0.9166666666666666,0.8365368557010693,0
A2MZXLN9TLP1R4,11,2,0.6363636363636364,0.7523088023088023,0
A2N0E1LXZRD92K,7,6,0.42857142857142855,0.9634178671468588,0
A2N0UGB60G110F,5,3,1.0,1.1609835045129162,0
A2N1VI3PB6IXMP,8,1,0.375,1.2980499656002753,0
A2N22MW91MM9NB,6,1,0.5,0.5039078531694158,0
A2N2W7U15BNGCO,7,7,0.5714285714285714,1.0442960538127892,0
A2N2XSX54EJQ7C,15,2,1.0,0.7983326907830938,0
A2N2XU3U2LYUZS,6,3,1.0,0.5134920634920637,0
A2N33H4VCFTWKV,6,2,0.8333333333333334,1.5161694946177704,0
A2N3DPMEBNP4PK,18,2,0.8888888888888888,0.7079919359977693,0
A2N3J4RJC9338A,6,1,0.3333333333333333,1.1066645839841718,0
A2N3W25U3BWB4P,9,2,0.8888888888888888,0.7882158864275643,0
A2N46OZ9QHNMG,10,4,0.5,1.1213289156716546,0
A2N4QZ92NBKJZZ,8,1,1.0,2.651892006802721,0
A2N54ZFUSS4A4W,6,5,0.3333333333333333,0.677922278338945,0
A2N56YII67PSHS,5,2,0.4,0.9984575569358176,0
A2N593BNQQT32S,5,3,0.8,0.4549152809485365,0
A2N5AP6TS4U08W,5,1,0.4,1.0638515406162465,0
A2N5IGKWLVPPVJ,5,3,0.6,0.6864864864864865,0
A2N5IRY6FAB5GV,7,1,0.7142857142857143,1.0614381650095936,0
A2N5U5ZGTYCMHW,6,2,1.0,0.3520230181263944,0
A2N610H6ZG2PHU,5,2,1.0,1.1540229885057471,0
A2N67CK7G2TE5Q,17,1,0.5294117647058824,0.7199439468051594,0
A2N6MS2FNKU5PS,9,3,0.4444444444444444,0.9419377287580457,0
A2N7HQSO32I41O,7,5,0.7142857142857143,0.6656462585034014,0
A2N7HYUPR03WOX,5,1,0.8,1.046984126984127,0
A2N7PIXYHW7GLC,5,1,0.6,0.33161739054596195,0
A2N815OYPJMOSH,8,2,0.875,0.48952664399092977,0
A2N8EWW3X1C8WD,5,2,0.6,0.4489421409589477,0
A2N8XZLOKCNGW2,7,3,1.0,0.36220831993819974,0
A2N9ASLEAEDE06,9,2,0.8888888888888888,0.6757644064123178,0
A2N9ESSELDUEY,6,3,0.6666666666666666,0.738592052070313,0
A2N9HBBEAKQILD,5,2,1.0,0.591388888888889,0
A2NAQARWN79ZYP,10,5,1.0,0.4042148912705179,0
A2NAU4O6QZIFMA,6,4,0.3333333333333333,1.443319196952918,0
A2NB8SDKCBWYC5,8,7,0.625,0.9171023119392684,0
A2NBLG314SMFLB,12,2,0.5833333333333334,1.073258127004032,0
A2NCFKGIT3QDTN,7,2,0.5714285714285714,0.5328928483915008,0
A2NCKYW35JTQ5E,6,3,0.3333333333333333,0.9720125061928909,0
A2NCO79BXDXVCQ,12,1,1.0,0.9967534208468579,0
A2NCSPA53VB4OK,16,1,0.5,0.9875623686974789,0
A2NDSIYCBTGMCO,5,2,0.6,0.8947402597402597,0
A2NDTLX2E2W2DZ,6,2,0.8333333333333334,0.63395580454404,0
A2NDTOMATPK9EU,5,3,1.0,1.3413318650160755,0
A2NEIQVG7CJS9I,7,5,0.2857142857142857,1.1089874925956278,0
A2NEOZ5QYG7903,5,3,1.0,0.42477149038521966,0
A2NF1D0WK8KR4V,8,4,0.75,0.6703055046805046,0
A2NF3G1I4WOPVD,7,3,1.0,0.6145866038723182,0
A2NFAGUYIQF616,5,3,0.6,0.6760302677997115,1
A2NFPQ44U90N7W,5,1,0.8,0.5194595114630133,0
A2NFUAZE2P4DB3,10,3,0.7,0.8778323412698412,0
A2NH76ZNF448J5,5,2,0.8,1.4383916083916084,0
A2NHERI3W195Y,5,2,1.0,0.7332415971125646,0
A2NHID60GOWHD0,8,5,0.875,0.3024453465312055,0
A2NHJUNCKX7QKH,15,5,0.8,0.5470509244211806,0
A2NHQ63UM8E8FV,6,1,0.16666666666666666,0.5147456709956709,0
A2NHXRO578LXVC,7,3,0.8571428571428571,1.3762963859848358,0
A2NI55A6S9WG64,5,2,0.0,0.4998840671523597,0
A2NIAXIV81WRNN,6,5,0.8333333333333334,1.071975573855273,0
A2NICGGIGIFU22,6,2,0.5,0.6056013431013432,0
A2NIJK4754AO0I,6,4,0.6666666666666666,0.43996686721144923,0
A2NJ0YI21O0OBP,7,3,1.0,0.6156248973019158,0
A2NJG2VNE0CHV1,12,2,0.6666666666666666,0.9195553763974816,0
A2NJV5ICURIAUJ,6,1,0.8333333333333334,0.872718253968254,0
A2NK8U95H5L4VD,5,1,1.0,0.6253130590339893,0
A2NKC5YR4YJWOY,6,1,1.0,0.9089020662028252,0
A2NL9VKDN1E60M,11,5,0.9090909090909091,0.8555775491300452,0
A2NLQMPSF70M0C,5,4,0.6,1.0027633477633477,0
A2NLWBYRUBR1MA,10,10,0.9,0.7875012431362428,0
A2NLXA4BU86D94,5,2,0.8,0.576703228738702,0
A2NMFVD61EGMY2,5,1,0.8,0.6193808049535603,0
A2NMNIQLTP01CA,5,2,0.2,0.8102453102453104,0
A2NMOEGCL5J2MR,7,1,0.8571428571428571,0.7414611998645615,0
A2NMQPDUAYCPWA,5,1,0.6,0.46868287826641825,0
A2NMQWBDWT3SQF,9,1,0.3333333333333333,0.46800311799177496,0
A2NMY5UF624JGE,16,1,0.5625,0.69053146408824,0
A2NN765NTRCFP7,5,1,1.0,1.0682051282051284,0
A2NNEDEXSKFDY,7,2,1.0,0.6073864175708089,0
A2NNJA7OXW5WOA,15,5,0.6666666666666666,0.4804913806571299,0
A2NNZ4KJWEGPDM,5,1,0.6,1.6259220474003082,0
A2NOGPQWHWU4GT,7,2,0.42857142857142855,1.8447944395149365,0
A2NOO7PE0ERT8G,8,2,0.875,0.6538873939986953,0
A2NOZB6VZCTOI4,12,1,0.5,0.8821906957776523,0
A2NPN06SYI5VL3,23,3,0.6086956521739131,0.9807396427587711,0
A2NPZW0MXZVKPZ,7,1,0.2857142857142857,0.9081283692722373,0
A2NPZWLWFIG6QM,5,1,0.4,2.0305322128851544,0
A2NQ8BMH2ND6XC,5,2,0.4,0.9588424678047318,0
A2NQMVTQ4PVLL,45,8,0.6888888888888889,0.4385410093632277,2
A2NQPZKEUZYGMX,8,2,1.0,0.575272089619292,0
A2NQTZEM32F9H6,13,2,0.9230769230769231,0.620560027153955,0
A2NQVA7O7VY7XV,13,10,0.6153846153846154,0.6464904689309144,0
A2NQVPLLJ05E98,10,1,0.4,0.488615792254152,0
A2NR61K6LW79XP,11,4,0.7272727272727273,0.7424533379078834,0
A2NRCDZ8H01TTH,12,5,0.4166666666666667,1.0968348083427448,0
A2NRK93KC3EYAG,6,2,0.5,1.1038986354775828,0
A2NRSIXF9WEOQ4,6,4,0.8333333333333334,0.5245644946933674,0
A2NRY1J2AZ38QV,5,3,1.0,0.38862481315396114,0
A2NRZOEIT6X2DX,14,8,0.7857142857142857,0.7084267569904216,0
A2NS2BWQKIS13C,16,9,1.0,0.4263780862677716,0
A2NSA87MCQUKI4,7,4,1.0,0.7475491441723295,0
A2NSD7SB60DPY0,5,3,0.8,0.5779055147750799,0
A2NSGRECY3TAGH,5,4,0.8,0.6785324591225512,0
A2NSH5VV3GXO2A,5,2,0.4,1.715238172720986,0
A2NSHRP9SA0S8,5,4,1.0,0.48333333333333306,0
A2NSK3LSXZBSVF,10,4,0.5,0.9845494311889661,0
A2NSRYACBTFVJU,9,3,0.8888888888888888,0.7270646963980276,0
A2NTF338YPQWER,6,3,0.3333333333333333,0.5234848484848484,0
A2NTJP431L754V,15,4,0.7333333333333333,0.830875587972362,0
A2NTPZZ5FS19Q,12,2,0.6666666666666666,0.7703045443727543,0
A2NTQGX09LI49G,5,4,0.4,0.6931082251082252,0
A2NTV6MHFXP4M,5,2,1.0,0.9791197624646957,0
A2NUESIGVXY6D1,6,4,0.8333333333333334,0.5579292929292929,0
A2NUHWMHA9XNKV,24,2,0.0,0.4965720653418313,0
A2NUIL6PXKY4T7,13,4,0.3076923076923077,0.6246676698061993,0
A2NUQTXN66GVKJ,5,3,0.6,0.4116028440713391,0
A2NUURIW9P5YJB,8,2,0.5,1.0737886616137837,0
A2NUZTGO22PLGG,5,2,0.6,1.3818258903335217,0
A2NV44ZC41GO0X,7,4,0.7142857142857143,0.5402727778308499,0
A2NV8WALCNREHN,5,3,1.0,0.4302884923512192,0
A2NVHN96EI2SAV,8,5,1.0,1.4920870075765218,0
A2NVNMLC0AFL08,20,4,0.7,0.7964608539613087,0
A2NW02SOKHZBRY,5,5,0.2,0.6597884331116038,0
A2NW4O9BJLWDDY,12,3,0.5833333333333334,0.7580454805159885,1
A2NWG9WAAJ5YF5,15,4,0.6666666666666666,0.8314849417166924,0
A2NWO99H6PHFMN,7,2,0.8571428571428571,0.8023106763366503,0
A2NWQRHDCX0AD1,5,1,0.2,1.4427419354838709,0
A2NWY7C5JUHHHW,9,5,1.0,0.5871206145374943,0
A2NX5ES3PQOS2C,8,3,0.75,0.48008280404059034,0
A2NXAV1SNXWA9H,13,1,0.3076923076923077,0.7820574483999552,0
A2NXE4YRAUXSF7,8,2,0.875,0.4530871475160799,0
A2NXE533TGQXKQ,5,2,0.4,0.7755555555555557,0
A2NXGS34F5QMKJ,5,2,0.6,1.0324074074074074,0
A2NXH3BQMAFAV0,8,3,0.75,1.3480520538001919,0
A2NYC9OQW4KT51,5,4,1.0,0.9395104895104895,0
A2NYLAJ4PI0CVK,7,5,0.42857142857142855,0.6472630263065403,0
A2NYV0SMW7ZQTA,5,2,0.8,0.4443196946422753,0
A2NYVKZP11SDMK,7,7,1.0,0.6653992383470244,0
A2NYY8Z3CWT3IB,6,2,0.3333333333333333,0.851567809605594,0
A2NZ146W0D92UT,5,1,0.8,0.46095285018767884,0
A2NZIWIMG9VTIR,6,1,1.0,0.6928571428571427,0
A2NZYU7IV0BMYQ,12,6,0.8333333333333334,0.7502964921780318,0
A2O0V7VKB9OH11,17,4,0.8235294117647058,0.7353560485635957,0
A2O10GL2UI75O9,5,3,0.0,1.0239745260119602,0
A2O1DRX47DEJ32,7,3,0.2857142857142857,1.0592911877394635,0
A2O1EW7WHQD3ZH,7,3,0.7142857142857143,1.2971293174889362,0
A2O1OCGUR6V1K,13,2,0.8461538461538461,1.0933739012846517,0
A2O277IJ67ZGAO,8,3,0.625,0.5441371349286912,0
A2O2TMGV7XIPBG,7,2,0.7142857142857143,0.7150698239222828,0
A2O2XN26EWSIJL,8,2,0.875,0.9520805583305584,0
A2O33VJMOZOQ2R,5,2,1.0,0.8765419254658383,0
A2O3AY9CJ9O5W0,8,4,0.625,0.7105158730158732,0
A2O3JR1B7CGJM2,5,2,0.2,0.857692994972143,0
A2O3PEZMIXQ748,5,1,1.0,0.48766586478797935,0
A2O41CV6GXOJPG,5,1,0.2,1.8294511939673228,0
A2O45NYKDQCVOD,18,2,0.9444444444444444,0.48042110305695374,0
A2O489VAPVIH35,5,4,0.8,0.7345599125793302,0
A2O4BRCQ3CM9UI,8,3,0.625,0.6274021237383307,0
A2O4JDX3T2PD57,14,2,0.7857142857142857,0.8675451692247259,0
A2O58ZFZPJCLTX,5,2,1.0,1.018205128205128,0
A2O59M3ZBNSXEG,6,2,0.8333333333333334,0.4837992495067967,1
A2O5GZN3H3ZV0G,5,3,0.8,0.8246026831785347,0
A2O5LFRY1R43VU,5,2,0.0,0.7725747126436783,0
A2O5QOHESWQGPB,6,3,1.0,0.4584843533372944,0
A2O5R82FPF396I,8,1,0.75,0.5664113644668494,0
A2O6H9LGBFY1NR,5,3,0.8,0.48545388905062586,0
A2O6I424ULQ7QB,7,1,0.5714285714285714,0.8386405261405262,0
A2O6UC665MSYUW,5,2,0.8,0.6107594829771058,0
A2O6WLMSNF5UMJ,10,3,1.0,0.3711373566510646,1
A2O6XJII4VSS5G,6,2,0.6666666666666666,0.5625715884868581,0
A2O740E5T5TVY,7,2,0.8571428571428571,0.7390360342669171,0
A2O79E4NI6SKK9,12,2,0.3333333333333333,0.4180273237328591,1
A2O79K4X79IBUX,6,4,1.0,0.41123471246422055,0
A2O7I93691XGU,8,6,0.375,0.7651518862792492,0
A2O7YVGKZSXZRU,6,4,0.3333333333333333,1.0054112554112553,0
A2O8G8CEMOHKKG,7,2,0.5714285714285714,1.113031496490143,0
A2O8HD3YQZOV1X,5,2,0.6,0.3826580867601508,0
A2O8INAXQHP7CP,5,1,1.0,0.6715821812596008,0
A2O8QF1THCP46H,6,1,0.0,1.4228318315909558,0
A2O8YEXGPQVX69,5,2,0.6,1.6866666666666668,0
A2O9L2LA6Z5LXJ,6,1,0.8333333333333334,0.899838608662138,0
A2O9RHWN64LBPY,5,2,0.6,1.5814718614718615,0
A2O9SIBNRR4ACS,6,3,1.0,0.42252136206321866,0
A2O9Z5PQUB8F4G,5,2,0.2,0.48803258145363415,0
A2OA8TE8CGQCJO,5,2,0.8,2.2581385281385282,0
A2OABAFWWLOG4G,7,3,1.0,0.6157136358593609,0
A2OAESBYO73VA3,7,3,0.7142857142857143,0.8407543744500267,0
A2OAJ9XK6U3U5Z,5,1,0.8,1.494720014131779,0
A2OAKLK72E93EV,5,1,0.8,0.7284967320261437,0
A2OB6RN6RY1VB1,7,3,0.8571428571428571,0.6998706702654071,0
A2OB8P0VUTRT3V,5,2,0.6,0.5573048587023741,0
A2OBCFTB0GBKJY,7,2,0.7142857142857143,0.5706926630301243,0
A2OCFY81BELYVJ,13,3,0.5384615384615384,0.7689043587612392,0
A2OCHGNKHT63M9,5,2,0.4,0.7665016199034171,0
A2OCPKX6JGRN1M,6,2,1.0,0.48194793787679163,0
A2OD59YO1ZNX46,8,2,0.875,0.5431042986989278,0
A2ODFS4LXRC9W9,5,3,0.4,0.8603030303030301,0
A2ODIMSHACDTYD,5,1,0.6,1.4587213599408722,0
A2OE14KT0PQEXS,8,2,0.75,1.2538938492063492,0
A2OE2YAOWFT38R,7,7,0.7142857142857143,0.6445176437890779,0
A2OE8HYRN1ZIV3,6,3,0.3333333333333333,0.3524880282726734,0
A2OE8MQ67X0JJB,6,3,0.5,0.8414490527393751,0
A2OEROP2QM102N,5,2,0.6,0.39782608695652166,0
A2OF3TQNUV3ODJ,9,1,0.5555555555555556,0.7580950049495063,0
A2OFEPUS66UDAO,5,5,0.0,0.7287178465904894,0
A2OFJM2LUN893Q,6,2,0.8333333333333334,1.1267540832758225,0
A2OFOUA4N2WW1L,30,8,0.7,0.7890411839396567,0
A2OFQ3SYP7RL41,6,1,0.16666666666666666,0.7142006802721088,0
A2OFSDJB3MVQ16,5,1,0.4,0.6714285714285715,0
A2OG33EMMWA39Z,6,3,0.6666666666666666,0.8642917405519905,1
A2OGD55O0KF31J,6,3,0.6666666666666666,0.8652810846560847,0
A2OGJ8RAIYGS90,8,2,1.0,0.5817819512862616,0
A2OGP90092D2TG,5,2,0.6,0.8776113811956865,0
A2OGYUDNJMHIOT,5,1,0.6,0.42836745152748923,0
A2OH7DSY7VP276,5,4,0.8,1.8527838190517616,0
A2OHU7D2MOBR3T,5,4,0.6,0.9424429019256607,0
A2OHV9YQGJUQCM,8,3,0.375,0.9493064263322883,0
A2OIZKEL38N8O,6,2,0.8333333333333334,0.8169973544973544,0
A2OJCUJL5LBVZU,5,5,0.6,0.7681636881636882,0
A2OJDXF5WEZG6D,7,2,1.0,0.6813382026952718,2
A2OKH2CABY8JI2,6,4,0.8333333333333334,0.5475194491498839,0
A2OKPSJXDU53Q2,6,4,1.0,0.4684657074530598,0
A2OKU9Y9NVNKUZ,5,2,0.8,0.8810975609756098,0
A2OL1U6PORECE,8,2,0.5,0.5211721999405823,0
A2OLJ3NHHOHCHQ,7,2,0.7142857142857143,0.7028975001396951,0
A2OLK54825GS35,5,2,0.8,0.412550852889745,0
A2OLKDXUBEB3KT,5,2,0.6,1.6072380952380954,0
A2OLNUH2YGMWWO,6,4,0.5,0.44070067313576367,0
A2OLV76MD4DAOO,5,3,0.8,2.5692856090918332,0
A2OMG3GYEFXOC9,11,1,0.9090909090909091,0.9483913444838046,0
A2ONS58BJ2H6NW,5,2,0.2,1.9143707482993193,0
A2ONV0Y12XXI6P,6,4,0.6666666666666666,0.9912876955329786,0
A2OOHCDVT87EGL,7,3,0.7142857142857143,0.8905031124635328,0
A2OOX3ZIHEJZ7L,5,2,0.4,0.3562127874576662,0
A2OOZ6XQG32H07,5,2,0.2,0.4949183780937335,0
A2OP960R2626KN,5,1,0.4,0.5405252611993705,0
A2OPC1PTXPU7FG,7,1,0.2857142857142857,0.808972933972934,0
A2OPMV7HKB8VK5,6,2,0.5,1.0921409214092141,0
A2OQIBCFVAOW0I,5,2,0.6,0.5848785782119117,0
A2OQTWEJU5WXAW,11,2,0.9090909090909091,0.715333513889917,0
A2OQVKCMKLR8SE,6,1,0.6666666666666666,1.3509134088417973,0
A2ORAYGSS7LAEL,16,9,0.75,0.6846117691949506,0
A2ORJUL3VJOL62,6,4,0.8333333333333334,0.7662995670679328,0
A2ORX8KQVGLJVS,6,2,0.3333333333333333,0.6125343491197149,0
A2OS3DOVLINRFT,5,3,0.4,0.7633715200788371,0
A2OS7U9JJD0GYH,8,1,0.75,0.5464293813812702,0
A2OSEL4JDMPBAS,5,2,0.8,0.756574074074074,0
A2OSV8MGH0Z1BH,6,1,0.8333333333333334,0.9256762380357886,0
A2OSYYN8BM09RA,5,1,0.8,0.8792114695340502,0
A2OT4VDS8QACNB,10,2,1.0,0.9165583183203599,0
A2OT5UW4ADG05A,7,4,1.0,0.6943285195918375,0
A2OTJK6D3GMGV9,10,3,0.7,0.5336053395084654,1
A2OUO6CGHQ57EO,5,5,1.0,0.32929650223798446,0
A2OURPCT7H9TLM,5,2,1.0,0.7945487261276736,0
A2OVIMMHMBEVIX,5,2,0.8,0.9729629629629629,0
A2OW9MNF06N6UK,8,2,0.25,0.4885049994081819,0
A2OW9VTX019OFQ,5,4,0.6,0.7901242236024844,0
A2OWH0V1B4ML7U,5,2,0.6,0.2300909837619259,0
A2OWLG8I9Q3HA6,6,1,0.6666666666666666,0.5968205337690632,0
A2OWMN8VXP138V,11,3,0.9090909090909091,0.8450673447389047,0
A2OWNMFMQ68287,6,2,0.8333333333333334,0.4749206349206349,0
A2OWOPUH3JJ862,6,1,1.0,0.4934760015117157,0
A2OXOP2ZMY9H4A,5,1,0.2,1.0599999999999998,0
A2OXTG5HSU3NWC,8,6,0.875,0.5400923831070891,0
A2OXTTN0C1LP54,11,3,1.0,0.5799793866359617,0
A2OXTWJ4FTHF1,16,3,0.625,0.9751712794589649,0
A2OY5YNT2040OT,23,6,0.7391304347826086,0.7271919007666432,0
A2OYR2U58OF2TI,8,3,0.875,0.5444191477256358,0
A2OYS122Y99VKY,5,1,0.6,2.0323395445134578,0
A2OYWMBQ50V2K1,7,2,1.0,1.0224136974136973,0
A2OZ18OTQL61EP,12,2,0.75,1.1293551404473872,0
A2OZ3DOCGIZQTB,6,1,0.16666666666666666,1.5993117993117993,0
A2OZ5ERO1D2YOX,16,7,0.75,0.5603884619325392,0
A2OZ6PW2W5FQTP,23,2,0.7391304347826086,0.8170230584708523,0
A2OZKM3TCCG8VG,5,3,0.2,1.0437391304347827,0
A2OZWIOU6BXPL6,5,4,0.6,1.1883541270759317,0
A2P0EJ47SRZ10B,5,2,0.8,0.5615180265654647,0
A2P0LLCFFDG1AQ,8,1,0.75,0.8906279156785588,0
A2P0NEVNUVF89Q,5,4,0.8,0.3877807486631015,0
A2P1T6XU32PGL,5,2,0.8,0.6980645161290322,0
A2P2ST28QAZMJI,10,2,0.9,0.9276259900572521,0
A2P43L9EEWS23N,11,5,0.6363636363636364,0.35702652962011244,0
A2P4620BCU0558,7,2,0.8571428571428571,1.1273622904971323,0
A2P4DZ9LG66F7M,17,4,0.35294117647058826,0.6834238016340152,0
A2P4EJM3VQ7Q5V,7,3,0.7142857142857143,0.542517006802721,0
A2P4NJ9MSJ301X,7,2,0.7142857142857143,0.920729982583145,0
A2P501XVUALQHN,6,3,0.5,0.44952374441709947,0
A2P569CM75RRH0,14,6,1.0,1.0100550946994424,0
A2P5DAIPQO6W7C,5,1,1.0,0.7084821428571428,0
A2P5E4O3ZG1CEM,5,2,0.8,0.9490476190476194,0
A2P5SVUM7AWZLN,5,2,0.6,1.0824739481086232,0
A2P5ZRK30ST2SX,7,3,0.7142857142857143,1.3405103139303052,0
A2P66E1ULH1M9H,6,2,0.6666666666666666,0.7362993772848198,0
A2P6FU1HQ1OFAP,7,4,1.0,0.6772945935920619,0
A2P6J6KGQL4Y8S,5,4,0.0,1.5791227096899365,0
A2P6P7CG18HH95,5,1,0.8,1.0327789046653142,0
A2P6U7HBYZ3QQO,18,3,0.7777777777777778,0.8049472839464553,0
A2P71YT477629P,14,12,0.8571428571428571,0.4590032928428053,0
A2P7DM1Y9W75BK,5,4,1.0,1.3808974358974357,0
A2P7N9VW82JOKE,7,2,1.0,0.6355751782464111,0
A2P7T94KQGQVZC,7,1,0.42857142857142855,1.1801871778459667,0
A2P801T73DG8IO,10,2,0.0,0.7748318668973458,0
A2P80QL4JD89IE,8,1,0.75,1.4181469298245615,0
A2P8A9SINJ4NZR,6,3,0.6666666666666666,1.0839563319857077,0
A2P8VIX6WRANZP,13,2,0.9230769230769231,0.630293562679398,0
A2P9B2TJQU4DI9,5,2,0.6,1.01926030958289,0
A2P9O277WZLBR0,11,2,0.5454545454545454,0.7365417418614348,0
A2PA2IOWVC9YZZ,5,2,0.8,0.9841870458308813,0
A2PB0WVUSEDCJE,5,4,0.8,0.8842301833013906,0
A2PB2R5Q1JJQRU,5,2,1.0,0.9591836734693878,0
A2PB5UJ0FJQ111,5,3,0.6,0.5594773981831235,0
A2PBSJ9TA733YQ,10,4,0.2,0.8870313990805794,0
A2PC10FIDXYR6Y,6,3,1.0,0.7181694591416813,0
A2PC1YCLTB3EY9,5,3,0.8,0.6280993030738361,0
A2PCNXBSKCABG5,10,3,0.9,0.5425765607181366,0
A2PCNYR9AU2AUO,5,1,1.0,1.2105566896871243,0
A2PCY2349HNKYD,18,4,0.9444444444444444,0.5718019702817226,0
A2PCZULZ0TLKET,8,5,0.625,1.3044462481962482,0
A2PD07NCY2EQKS,7,2,1.0,0.8087396385533031,0
A2PDE2VACHYWGK,7,2,1.0,1.1992505945467618,0
A2PDH9I8A4LOJ9,5,1,0.6,0.48695755968169757,0
A2PDHNHGAWM9YS,5,3,0.6,0.9137959583671262,0
A2PDNGELZSWCQG,5,4,1.0,0.615851862850638,0
A2PEB5BBJT2TW9,7,2,0.7142857142857143,0.799224363733139,0
A2PED5QNFA6T64,17,5,0.6470588235294118,0.7790736102043432,0
A2PEF3V2SZ6XZK,5,2,1.0,0.8906200762044232,0
A2PEGY2MOBMOR0,5,1,0.2,0.9413236714975846,0
A2PEJJLVU2MNTW,7,3,0.5714285714285714,0.6249422233293201,0
A2PEUFPOYLY3U7,5,2,0.8,0.5414921301608608,0
A2PFCI71478DWH,5,5,0.6,0.552949494949495,0
A2PFG2T3CBO7EY,6,5,1.0,1.3409005446748345,0
A2PFLNSUF7H2CC,5,1,0.6,0.7332900432900434,0
A2PFSNZM3YNIXW,9,2,0.2222222222222222,0.39611657035292613,0
A2PG1K6YQSUGX9,5,2,0.8,0.6986740767527893,0
A2PG2B03OKT3G,5,1,0.8,0.8912655971479501,0
A2PGD4RIZLW45O,6,6,0.0,0.7920100732600733,0
A2PGIPHMEK6BUP,5,3,0.8,0.42141366223908916,0
A2PGMJ050G1460,6,3,1.0,0.8752961767958003,0
A2PGR4POLH29A3,5,1,0.0,0.4902107728337234,0
A2PGTQ4W07S8I7,6,1,0.6666666666666666,2.330136436597111,0
A2PGVDMTQ9DC3R,7,3,0.14285714285714285,0.8974681309473934,0
A2PH1LLQ3EAP3E,5,2,0.4,0.6653496076721883,0
A2PH7K6MFXT08U,5,3,0.6,0.6951177536231884,0
A2PHB51IVZU4OM,5,1,1.0,2.0796798987947227,0
A2PHRDWHBCVL1,5,1,0.6,0.44479591836734694,0
A2PIAYX0E3OVDG,5,4,0.4,0.4356215509678078,1
A2PICNZWHEINQC,42,9,0.8095238095238095,0.6878726544202558,0
A2PIF7SAJX14GJ,9,2,0.8888888888888888,0.5508212499956566,0
A2PIQ3696HW0OR,6,1,0.8333333333333334,1.6771475256769373,0
A2PIT951YS2ZBK,5,3,0.6,0.752954186813836,0
A2PIX11F2XYZWS,5,2,0.4,0.6174682460396745,0
A2PJ8PJJ68RJ0B,5,1,0.6,1.0406924882629107,0
A2PJRJOA9L2CXH,5,2,0.4,0.5323488358279876,0
A2PK7I2GEBUHJF,5,2,0.6,0.6167438070404172,0
A2PKD2F1Y03APN,8,4,0.375,0.4443048537426228,0
A2PKU42ICW3T0,6,1,0.8333333333333334,0.969336873818006,0
A2PL06HW6KZH2,38,12,0.8157894736842105,0.8255889622323165,0
A2PL7ZNZNA1S68,11,4,0.6363636363636364,1.1053888640095535,1
A2PL91BWC0GWHS,6,1,0.5,2.202314153963638,0
A2PM1K1MNB0328,17,4,0.8823529411764706,0.7111209137959731,0
A2PMGMHYKH3DY5,12,4,0.75,0.9003583329958191,0
A2PMO6E76SR72O,6,1,0.8333333333333334,0.9261138578078469,1
A2PMWKB5V5U1AS,5,3,0.8,0.49428936325488043,0
A2PN8S9QT7INHE,6,2,1.0,1.717577413479053,0
A2PO02915V2PKH,6,1,0.8333333333333334,1.4088109602815486,0
A2PO0FGZYPO6T2,6,5,0.8333333333333334,0.7149670606695163,0
A2PO4RRGNWDLH5,12,6,0.6666666666666666,0.5336468322766033,1
A2POZ9KKZ60HGQ,5,3,0.8,0.7417347445850604,0
A2POZTSCS6PAM9,5,1,0.6,1.5737135749822315,0
A2PP7KANDCFGM7,6,3,0.8333333333333334,1.0074775481851357,0
A2PPFK6BLS6DUK,5,2,0.6,0.4957272727272727,0
A2PPIM5L36CMMK,11,2,0.7272727272727273,0.7385244561542531,0
A2PPLQK9FV0WTA,5,1,0.8,1.0902315145334014,0
A2PPTN3DTD8QNW,5,1,0.8,1.2066500315666056,0
A2PPU4YCLBID07,5,2,0.2,0.37431157078215893,0
A2PQRC3DMESIWF,6,3,1.0,1.5621392496392497,0
A2PREU4LOFQRB1,55,2,0.6545454545454545,0.7432620459879032,0
A2PRVTLJRLKRSU,8,2,0.75,0.8242889873056115,0
A2PS6H6NHW0ZVK,14,2,0.7857142857142857,0.6169074790999426,0
A2PSWW5K06KL29,5,2,0.8,0.7273729194781826,0
A2PT4GPXB6LSHW,7,2,0.42857142857142855,0.4593483709273182,0
A2PT8TJJ9MM5WH,8,2,1.0,1.5543606218822714,0
A2PTGR23MFFWTC,6,2,0.5,1.8517331048581047,0
A2PTLFFHT4ZESI,6,1,0.3333333333333333,0.28207122651730354,0
A2PTMZFEYNLO2E,6,1,0.5,0.4846298438403703,0
A2PUBU5TI3SVOM,6,2,1.0,0.9433624031007753,0
A2PUKFH7AJPAC,6,6,0.3333333333333333,0.781633644133644,0
A2PUT0OE8XFLYE,7,2,1.0,0.8092588735390173,0
A2PVDS90UJCSN2,7,2,0.8571428571428571,0.6842550435856101,0
A2PW3RB7WWTPMJ,5,2,0.4,1.0032524493050807,0
A2PWGRZH6ANIWL,7,4,0.5714285714285714,0.4926943904932489,0
A2PWPFX9071IYL,7,2,0.7142857142857143,1.099025974025974,0
A2PXE9IN87SOMP,8,6,0.625,0.5917692939244663,0
A2PXZLNVKFU45J,8,3,0.75,0.4361667634533489,0
A2PYJXSM0P4YL8,6,1,0.3333333333333333,0.4860874905517762,0
A2PZ1W2Q4JQQWA,6,1,0.5,1.2325084121698993,0
A2PZEWI22ZNOU6,10,2,0.7,1.2518583533474588,0
A2PZJYHC2342W,21,1,0.8095238095238095,0.8980168350097758,0
A2PZWYQYTLSOP9,5,2,0.8,1.1373221882969133,0
A2Q01G2AKHVKAV,6,1,0.8333333333333334,0.3399884681914282,0
A2Q0453VEQDU3E,21,2,0.8095238095238095,0.7773436978223491,0
A2Q0EY4OC887I6,6,4,0.8333333333333334,0.4335651358226955,0
A2Q0GRPEGYUMX9,5,4,0.8,0.4668100223094923,0
A2Q0UGKMVOO7T3,6,3,0.5,0.4451892934651555,0
A2Q0Z9FSVR3XTS,5,2,0.8,1.345621370499419,0
A2Q1046M09398P,24,1,0.5416666666666666,1.0590431407922685,0
A2Q12G0CRKK0KP,14,8,0.5714285714285714,0.465990172199669,0
A2Q1GTF6UKJ3WQ,5,1,0.8,2.8128154908003458,0
A2Q2IQWU49WDT5,5,4,0.8,0.5417508417508419,0
A2Q2QZH42ZEIFF,6,2,0.8333333333333334,0.9689075630252102,0
A2Q2R65WCHJMCI,9,3,0.5555555555555556,0.8773708027001117,0
A2Q3E0DKHG3FG6,11,9,0.8181818181818182,0.539649676126658,0
A2Q3MWU81FSM8V,8,3,0.5,1.2076476408617207,1
A2Q3P65H0I5QNS,11,2,0.6363636363636364,0.7389026729313972,0
A2Q3S5ZMZM4X47,5,2,0.4,0.9969606024227872,0
A2Q3UD9GHXSMXZ,5,2,1.0,0.759819051717206,0
A2Q3YNSIBA52UX,5,4,0.0,0.5683976855180125,0
A2Q4R551PR34DB,8,3,0.875,0.8671928916494133,0
A2Q5010V576P71,12,5,1.0,0.5914633144816072,0
A2Q50A3MXUZTY7,5,2,0.4,1.0379499341238472,0
A2Q56KBVCS8WD8,6,3,0.6666666666666666,1.1379844285241532,0
A2Q5BBLJK3SIJB,7,3,0.8571428571428571,0.8909922803365425,0
A2Q5W11GOA08IJ,8,2,0.625,1.0327629626150008,1
A2Q5WRB9HYVBJK,9,2,1.0,0.3903097936461464,0
A2Q5ZYHFA8EYHL,6,2,0.16666666666666666,0.48852855318372557,0
A2Q67H3PJ12UD5,10,5,0.7,0.6826622629144086,0
A2Q6GONZZTI3Z,6,2,0.6666666666666666,0.6577681577681576,0
A2Q6VIQLGXXLGD,13,1,0.5384615384615384,0.8972715430191147,0
A2Q6XGKWNW3LLC,5,1,0.4,1.4943702391228626,0
A2Q6YZK2IR3TD,6,4,1.0,0.7068992803182704,0
A2Q6ZTNU682AT,7,7,0.8571428571428571,0.6039707230590821,0
A2Q7DE6NA7VKAJ,5,1,0.2,0.6863636363636363,0
A2Q7IUIZK1BTIE,15,3,0.8,0.5600611896706973,0
A2Q7MXBQS12PSX,5,5,0.8,0.5918007662835251,0
A2Q7OJTVPIO2XH,27,3,0.48148148148148145,0.7122493647625009,0
A2Q7PWP4Z6AESN,6,4,1.0,0.7275553150553152,0
A2Q8M9CVOVVH13,7,1,0.7142857142857143,0.44407259980015384,0
A2Q8OARZWB4S6Z,7,1,0.42857142857142855,0.8997908622908622,0
A2Q8Y9D4KOI2HX,15,2,0.6666666666666666,1.0056276795313888,0
A2Q8YOYXC8892R,8,7,1.0,0.7363841092210134,1
A2Q9JKXADL7J87,10,5,0.9,0.7596039834821188,0
A2Q9KU7J7TAOQN,6,6,0.6666666666666666,0.9208934827355879,0
A2Q9ORIBPMCZ40,5,1,0.8,0.837214158390629,0
A2QA249SAHO289,5,3,0.8,0.9031880777211846,0
A2QA2D6DK8MJGT,6,1,1.0,0.5809964726631393,0
A2QA9IR0FKHS2Z,6,2,0.6666666666666666,0.9081145128616749,0
A2QAFTL5ZOEU1Z,8,1,0.875,0.5583609112541338,0
A2QAH6UNUXCSP1,6,4,0.5,0.7799498746867167,0
A2QAHE0SRBOG1Q,6,2,1.0,1.2253097173828882,0
A2QAQAPX153LTG,15,5,0.8666666666666667,0.6291527328018239,1
A2QAR5YZ0DF7X8,10,3,0.7,0.48625189681984493,0
A2QARKV955ZPYI,5,3,0.8,0.5511809291432712,0
A2QB1MCE726PYX,6,4,0.6666666666666666,0.2916666666666667,0
A2QB2ISYKMLRU2,5,2,1.0,0.701832358674464,0
A2QBPD0PXOAUQX,8,3,1.0,0.8401669938812224,0
A2QBQAGUTZUFXQ,10,1,0.3,0.666630033091469,0
A2QC4EH5W3NT8F,6,2,0.5,0.539578823953824,0
A2QCHWZRIOFLC,8,3,0.625,0.593988876872359,0
A2QCO6PGQPENZK,7,5,1.0,1.0915004121605758,1
A2QCZND2AXDCPG,7,2,0.5714285714285714,0.6316053694204955,0
A2QDOJFFLFGF18,61,10,0.8032786885245902,0.7676598096770761,1
A2QDSC731OQC3P,7,1,0.42857142857142855,0.848728793136688,0
A2QDV7YNOJLKT1,15,4,0.5333333333333333,0.6009630913998181,0
A2QEQIWO5JXHAA,8,2,0.5,0.7955536701860232,0
A2QEYP28U6YXM4,5,2,0.4,0.6866666666666666,0
A2QFLRFUOIY270,6,1,0.5,0.5470209614946457,0
A2QFO64UAU5N18,13,1,0.6153846153846154,1.021086066430196,0
A2QFT6WMLJYXCL,5,2,0.8,0.45275683507284475,0
A2QFYYVU9ENO4F,10,5,0.8,1.1366916476593896,0
A2QG1DSSFY43DW,9,4,0.8888888888888888,0.6501750584285922,0
A2QG57J57D1XU5,8,2,0.125,0.5257287851037852,0
A2QGI7AGHKSTKL,6,3,0.16666666666666666,0.6947971781305112,0
A2QGLZST7ZYEOJ,16,3,1.0,0.667480613431426,0
A2QGMG2NZ2ELBH,14,8,0.7142857142857143,0.9529965761530778,0
A2QGV8WEHIYXDX,5,3,0.2,1.2692680825863416,0
A2QGVVI9PYOV9V,8,3,0.375,0.9578955397973057,0
A2QGZ87JF9TL9W,5,2,0.0,1.05656977431171,0
A2QH51T8VKXFMB,15,5,0.8,0.7933412798917411,0
A2QHECRZAUHXM0,6,2,0.16666666666666666,0.9791793529005804,0
A2QHELZXAX6R8S,5,1,0.8,0.520995670995671,0
A2QHFJQX3Z2WU6,10,1,0.4,0.9049448731345283,0
A2QHJEHAIR5OCU,5,1,0.6,1.3041122102518234,0
A2QHJLS9C5VK3M,8,2,0.25,1.70890768588137,0
A2QHM5HBSIXRL4,6,1,0.5,0.6145008354218883,0
A2QHMZ6KS29TB7,5,3,1.0,1.0401564070604317,0
A2QIF3E0BW9OZ9,8,2,0.625,1.443368086390958,0
A2QIHQ4HE4G9HE,7,7,0.7142857142857143,0.8985006402532176,0
A2QIL6MHF0S9S5,9,1,0.4444444444444444,0.6541956388061113,0
A2QIX73WKLLDRV,9,6,0.8888888888888888,1.0977239857545458,0
A2QJ0UUPY2GBRT,6,3,1.0,0.714209975488171,0
A2QJ1NBKASHIXW,5,2,1.0,0.9622701149425289,0
A2QJAV6DBTB5I5,5,4,0.8,0.4525,0
A2QJK0VG9NOM9B,9,5,0.8888888888888888,0.40412283045367225,0
A2QJUYVC1WY6BX,7,2,0.5714285714285714,0.6551770633737846,0
A2QK351LFFPV6H,5,4,0.8,1.3556286549707601,0
A2QK7UNJ857YG,15,5,0.7333333333333333,0.48908526040332595,0
A2QK7X7QC5EJR8,7,1,0.8571428571428571,0.6096959036094763,0
A2QKCW4Y1GE3GC,7,2,1.0,0.4586401765007078,0
A2QKEU7GJSD6FN,6,4,0.16666666666666666,0.7711894586894587,0
A2QKGNHFZR9DEK,5,1,1.0,0.7189121856130842,0
A2QKM789NLTRBF,5,3,0.4,0.7408074195308239,0
A2QKQGCSPCUN8,9,1,0.5555555555555556,0.972014419606363,0
A2QL0FZQH70LJB,5,2,1.0,0.5663146997929607,0
A2QL1HELUMR8XZ,10,4,0.9,0.7306467637358016,0
A2QL3AISOKZCX3,15,3,0.6,1.0592780897356375,1
A2QL8RR6HVSXR9,14,3,0.9285714285714286,1.0494105947126398,0
A2QLDDD9457XZ,9,4,0.8888888888888888,0.8342540426115304,0
A2QLJ5ID50HHJ6,5,2,0.4,0.8748706043997524,0
A2QLVIOTPGRYOQ,5,2,0.8,0.42027665317139,0
A2QM7IJVFO3JJ0,6,1,0.8333333333333334,1.8760521885521886,0
A2QNN81D7PH725,9,3,0.7777777777777778,0.9110018640752965,0
A2QO15JRZZZIAT,6,2,0.3333333333333333,0.7413091614459004,0
A2QO1YPPDVY8LN,5,2,0.4,0.9456641573079929,0
A2QOMCRWX9DUVQ,7,7,0.8571428571428571,1.0274471560185845,0
A2QOWOE2HD7T5J,7,5,0.14285714285714285,0.4147074894608446,0
A2QOY4ZCC0VR1D,6,2,0.6666666666666666,0.5349123677248678,0
A2QP6Y4A0FP3E8,7,1,0.7142857142857143,0.6906436290449095,1
A2QP9ZPGXPM2P9,7,2,1.0,0.8177417661935215,0
A2QPB56799AGUX,5,3,1.0,0.5515534332688589,0
A2QPK00DN3LSL1,6,4,0.6666666666666666,0.535040885040885,0
A2QQ06GUU1APAY,17,2,0.5882352941176471,1.1815132767923051,0
A2QQZ3U2MLBF6C,6,3,0.6666666666666666,1.020743145743146,0
A2QRF6PGRQPOD2,10,5,0.7,0.5579545454545455,0
A2QRL06SYKTNGG,6,3,1.0,1.0413553501994646,1
A2QRQ57CINSWJM,13,1,0.6153846153846154,0.7113145415317026,0
A2QRW6IQ7CSK5G,17,3,0.5294117647058824,0.974028862429796,1
A2QS722FL9DLQ4,5,1,0.6,0.5870129870129871,0
A2QS9242KCRYPY,5,2,0.6,0.672116906839862,0
A2QSBOAAGW1I1H,8,2,0.375,0.6216200152668946,0
A2QSC9US12F2GH,9,2,0.7777777777777778,0.5349251443001442,0
A2QSGOSPEX3UTO,5,1,0.4,1.4109494324045408,0
A2QSRNN45LX9X1,7,3,0.5714285714285714,0.46279184928253253,0
A2QSTT1N2WAFKG,5,4,0.8,0.28041042413250195,0
A2QT19W0RHNMEW,11,10,1.0,0.43114505444050905,0
A2QT3TUZKVW5ML,13,3,0.6923076923076923,0.48081479377265723,0
A2QT6I1I0S25GY,14,12,0.8571428571428571,0.9388642318548491,0
A2QT8WUR0GKB2H,6,2,0.8333333333333334,0.44080827826355384,0
A2QU5F21WQIQ6J,5,4,1.0,0.5012870012870014,0
A2QUKI8AR0C09X,8,2,0.625,0.9045008215919264,0
A2QUO0EI7UQLGY,5,2,0.2,0.6502923976608186,0
A2QUOJMLPOO086,8,1,0.875,0.3665080004150201,0
A2QV91DEEUSV1V,7,3,0.2857142857142857,0.5955758667103205,0
A2QV9NHU89KVC9,8,4,0.625,0.53424417513636,0
A2QVGV8RSNDBLZ,8,3,0.625,0.4735136789440068,0
A2QVJFVM7SJ2I7,6,3,0.6666666666666666,0.9927875243664716,0
A2QVOKJJELVES3,8,1,0.25,1.2582414651154177,0
A2QWF5AKT107SQ,6,2,0.8333333333333334,0.49036934242987584,0
A2QWWTX41EAKB,7,3,0.5714285714285714,0.9628376170715625,0
A2QX6GV3L8A3Q2,7,3,1.0,0.4421669857874499,0
A2QXI6IJV0SBZP,7,2,0.8571428571428571,0.5927097653947228,0
A2QXQVUQJX5EPB,6,1,1.0,0.9210252294521957,0
A2QXV8M0R3NVGP,5,1,0.8,0.5192557425050273,0
A2QXWI3UGU9FX2,5,3,0.8,1.1248205128205129,0
A2QXYPVUF82HB2,7,3,0.7142857142857143,0.7808370653444899,0
A2QY3LF1CYDITA,5,1,0.6,0.7476305915916541,0
A2QY4X667Z3US5,5,2,0.0,0.4889384920634921,0
A2QY6MDH3J7VF0,12,2,0.5,0.6349108036044706,0
A2QY72A7YMHL5E,5,2,0.8,1.0228220140515223,0
A2QYAUN6LSI2X6,7,2,0.7142857142857143,1.0327282491944145,0
A2QYD9ACMOG9AU,5,1,0.2,0.7680530155546379,0
A2QYZ0G4OXPB6W,7,2,0.7142857142857143,0.9580445731562405,0
A2QZ5DZDHJSRWR,8,2,0.375,0.6796474358974358,0
A2QZAFCCMGQSUK,5,2,1.0,0.41731165480581095,0
A2QZT9L3HLEFTL,6,2,0.5,0.9468687404265346,0
A2R05UN1V4OBFM,5,4,0.8,0.7929028132992326,0
A2R0MH3WVKSNGB,5,2,0.6,1.484777183600713,0
A2R0RLAIYI1FG,12,5,0.75,0.6420609483109483,0
A2R18ABO80KPEV,6,1,1.0,0.6199272940806123,0
A2R1HAXRNU0QX7,16,1,0.3125,0.4345222694868499,1
A2R21CYRBXX1HL,5,2,0.0,1.0479143198498035,0
A2R2EOXV5UXHGH,18,2,0.6666666666666666,2.0527538751922054,0
A2R2F4ZQ6I7CDP,5,2,0.6,1.998207562885224,0
A2R2HS6F0JX5O7,7,3,1.0,0.849265095357344,0
A2R2VFYKQMYHN3,5,4,1.0,1.0547619047619048,0
A2R3FNML40YI1D,6,2,0.5,0.440667641325536,0
A2R3VL86M6P8ZJ,7,3,0.42857142857142855,0.6541200541200541,0
A2R49ZN3G6FTCQ,10,1,0.9,1.2654384940613386,0
A2R4GEWPLORVSO,11,1,0.45454545454545453,0.7976421593608743,0
A2R4LSV1WUYWJX,6,3,0.6666666666666666,0.5153192651238482,0
A2R4O3UBZCRHGX,5,3,0.4,0.7686881844936556,0
A2R5592L08AQVG,7,4,0.42857142857142855,0.6074682612799644,0
A2R5C0QOL6VCNO,5,2,1.0,0.7197056277056276,0
A2R5FNKBK3C8ZP,14,5,0.7857142857142857,0.65437790179016,0
A2R5Y32AJVKG8L,7,4,0.8571428571428571,0.5901820521900883,0
A2R63G2FXERHHP,5,2,0.6,0.3904915824915827,0
A2R6RA8FRBS608,41,3,0.6585365853658537,0.7327494249566435,0
A2R6SB61DQ1VXU,6,2,0.5,0.8004992737835875,0
A2R7MUQE5N13OC,10,7,0.9,0.42171995897385955,0
A2R7YRSL3EE7ML,7,4,0.14285714285714285,1.0036746768156408,0
A2R7YV17RBJDX5,19,3,0.7894736842105263,0.6755159248384137,0
A2R863PT6DVK1I,6,2,0.8333333333333334,1.2920772379013277,0
A2R8IS5OHNY41X,5,2,1.0,0.7244949494949494,0
A2R8OSYR8QW8MY,8,3,0.625,0.99489862253145,0
A2R8UTVQN2YX0D,5,3,0.6,1.6865811965811965,0
A2R90BBOXDDHYC,5,2,0.6,0.5789347542409744,0
A2R9308CQZ222H,5,2,1.0,0.5071794871794872,0
A2R99WC8AQ9GVV,6,2,0.6666666666666666,0.8570336556213395,0
A2R9C3RTFN2H2Z,8,4,0.75,0.866559023853146,0
A2R9G9YPBDX2PK,6,1,0.8333333333333334,0.5841459190339787,0
A2R9KY1HOEKTLR,7,1,0.42857142857142855,1.8717895246134446,0
A2R9O7HU3B3FI2,5,2,0.2,0.7852272727272727,0
A2R9ON3MXJTXAE,6,4,1.0,0.6992220278220355,0
A2RA207HEJD5LN,8,2,0.625,0.678252242926156,0
A2RA2SK1H0WLQG,5,1,0.8,0.7927575348627982,0
A2RA6L4F4QLNWE,10,3,0.7,0.7777027001141902,0
A2RAJU3R2XXKT6,10,7,0.2,0.8404611922139928,0
A2RBHQRDWU6KDP,5,2,0.8,0.7817355657178944,0
A2RBUCHBQYPUXM,5,1,0.6,0.8944109681787407,0
A2RBWILKKLAN4M,6,3,0.5,1.5790850868636195,0
A2RC79RKL9Y1Q7,5,1,0.8,1.8958333333333335,0
A2RC9W12WGIG2P,8,2,0.125,1.379066358478123,0
A2RCHK7LHU7BU4,5,1,1.0,0.804326923076923,0
A2RD6GZES9XFEK,6,2,1.0,0.6937793303128643,0
A2RDMVJI8LL2BY,6,2,0.8333333333333334,0.9923611111111112,0
A2RDOIDPJUW1AT,5,4,1.0,0.5246129856697543,0
A2RDSGNN39CECE,8,1,0.625,0.8877391766598332,0
A2RDWKRODPO01C,7,2,0.7142857142857143,0.7999433106575964,0
A2RE3G11H65P4H,5,4,0.8,1.1555518147874209,1
A2REXQEEPUS6RG,5,2,0.8,1.253968253968254,0
A2RF9FHC4HC3JO,8,2,0.5,1.2755034511192145,0
A2RFA2MDIDEGQL,6,3,0.6666666666666666,0.5971329839750892,0
A2RFZIFM2UH9C5,5,2,0.0,0.4528258544524529,0
A2RG0PTQMRDYC0,13,4,0.7692307692307693,0.8234846007637032,0
A2RG8BGT57HCTW,11,3,0.5454545454545454,0.9626914195430238,0
A2RGCN1EW1JK1M,8,3,0.75,1.0649448452627586,0
A2RGJK0EG8XDDQ,9,5,1.0,0.4718692557402884,0
A2RGPYB80E9LFB,8,2,0.5,0.7199920381973105,0
A2RGV4R3OR1UHI,5,1,0.4,0.8351294903926483,0
A2RGVO7DDWF8R2,7,3,1.0,0.6414453872822641,0
A2RGWM5OACPAFT,6,3,1.0,0.26592708045716834,1
A2RGX1B7ODTT61,7,1,0.5714285714285714,2.0095259493129167,0
A2RH40BEAX3V8P,23,4,0.782608695652174,1.1276121369222336,0
A2RHRT08HIMJOV,7,3,0.7142857142857143,0.5274285303276306,0
A2RHZGIN762ZAG,8,3,0.75,0.712004021224559,0
A2RIARU7CX5ZX8,13,13,1.0,0.8512664526090401,0
A2RIP2R0ZJJU0H,7,2,0.5714285714285714,2.363408252606859,0
A2RJ3QSY16HQP8,6,1,0.16666666666666666,0.6242437407755778,0
A2RJ4O4BMAGJVS,5,1,0.4,1.0258963707992383,0
A2RJK4198RFSI9,5,1,1.0,0.8174836601307189,0
A2RJOSXT2OQONA,21,3,0.5238095238095238,0.690351028111465,0
A2RJRDQP9UU6E7,5,5,0.6,0.6876249535488667,0
A2RJSDN6FXLMAL,8,8,0.625,0.7794164169164169,0
A2RK3QEUEFRNAN,10,1,0.7,1.1616800962453138,0
A2RKDHBC8VGY0K,7,2,0.42857142857142855,0.7945905634981266,0
A2RKHAC4KH1309,5,5,0.8,0.5778359173126617,0
A2RKJQ1GFZLJFQ,5,4,0.2,0.5950376511971738,0
A2RKLGDQPRP9FJ,12,3,0.9166666666666666,0.5216367046090058,0
A2RLAECZP50SUV,7,1,1.0,0.7516021462348379,0
A2RLB0XXOLFRCE,16,7,0.75,0.8572738543446635,0
A2RLBSUV58Z0HN,7,1,1.0,1.611232782016885,0
A2RLPPNHIBSM42,6,1,0.8333333333333334,2.0455197877046896,0
A2RLQKE9NHSSZB,20,3,0.95,0.7961120436949679,0
A2RLS5F9LOSF3O,5,3,1.0,1.561904761904762,0
A2RM5ZSZJQL7WY,12,2,0.9166666666666666,0.5695277691756595,0
A2RMXOGA18ZOVD,8,3,0.25,0.7141036549716615,0
A2RN04J6VCZBKP,5,3,0.8,0.35774575151624344,0
A2RNCBWB07O1MB,11,4,0.7272727272727273,0.7127436270179949,0
A2RNEAD6CE3BDS,7,3,0.5714285714285714,1.254763245010923,0
A2RNEC25P6LEM4,6,3,0.5,0.5312911725955205,0
A2RNMSNX5Y5J3T,11,1,0.7272727272727273,0.6004329004329004,1
A2RNQ7FEEC0O1Y,6,3,0.8333333333333334,0.7504764127455421,0
A2RO3DC31WU3LY,9,2,0.8888888888888888,0.7987561090502268,0
A2RO5BKNBR7BSR,5,1,0.2,0.7823411371237458,0
A2ROH84922AKQ8,7,3,1.0,0.682522239665097,0
A2RP62O0MVH3EJ,9,1,0.3333333333333333,1.057948493135007,0
A2RPQJIYCDGREC,6,3,0.8333333333333334,0.4699842009748976,0
A2RPRWKVCY13FI,7,5,0.42857142857142855,0.6252148334081106,0
A2RPZ2CAO0S490,7,3,0.7142857142857143,1.0539045982765576,0
A2RQ3XE9S01IYI,7,2,0.5714285714285714,1.06545042259328,0
A2RQ6169KG5PIU,6,5,1.0,0.5060892040058707,0
A2RQ7VLAK1SHPU,6,4,0.6666666666666666,1.1772755156813128,0
A2RQ8MN9EY5OMY,5,3,0.8,1.2300504413619167,0
A2RQOO8VYAEZZG,16,2,0.5625,0.8321091976827997,1
A2RQP1BQ3LP0R4,6,1,1.0,1.2891429407164545,0
A2RQVKSWEB0F6J,5,2,0.8,0.39453734671125973,0
A2RR5BA3UKUHTG,5,5,0.8,0.2855984325751768,0
A2RRAUTLILRRGD,9,4,1.0,0.5367136679325745,0
A2RRWGS5XEJVCC,6,1,0.8333333333333334,1.0948011864678533,0
A2RS66Y79Q8X0W,31,5,0.9354838709677419,0.6700941607419613,0
A2RSJQURZV7MEF,5,2,1.0,0.6663312693498451,0
A2RSTT7LKR8UYO,5,3,0.6,0.6434342160571669,0
A2RSUJSHWVZJCX,6,4,0.8333333333333334,0.42957232454332434,0
A2RSY6T4WX09YI,7,6,0.8571428571428571,0.4371352135865351,0
A2RT3GQ9ZBCOR0,9,5,0.7777777777777778,1.1081018097566562,0
A2RTFYFK624YVB,5,4,0.2,0.8890041122832111,0
A2RTGA7VIYVIOG,6,3,0.8333333333333334,0.15838293650793656,0
A2RTGJ0ZR93ECB,14,10,1.0,0.4490669018486773,0
A2RU0H9MD4IH5M,7,7,0.8571428571428571,0.6999220592564929,0
A2RU3I9HV8SQNO,5,5,0.6,1.800997732426304,0
A2RU908WLCUTJY,5,4,0.8,0.35572727272727284,0
A2RU92TLE29NKH,5,1,0.8,0.7699541355003539,0
A2RUTZJRUY9HTL,9,3,0.6666666666666666,0.7376094567442052,0
A2RUV29J253TMV,6,1,1.0,0.6004461519863397,0
A2RVBU35XQXENU,9,3,1.0,0.378437608266851,0
A2RVU8GR9NA346,5,1,0.8,0.49587745587745574,0
A2RVULTBUEVRIC,9,2,1.0,0.6134397824987937,0
A2RW6EZBYTMS58,5,3,0.6,0.7926515151515151,0
A2RWCDXMX1C597,13,1,0.6153846153846154,1.895757340733156,0
A2RXEGCYQQTTYG,5,1,0.2,0.521426523297491,0
A2RXSOAUN9SLWZ,9,3,0.6666666666666666,0.8836725350702666,0
A2RXTOII0X0BES,6,1,0.6666666666666666,1.0144552669552669,0
A2RYW5DZWMFHOD,6,6,1.0,0.5520833333333334,0
A2RZBX3UYN6K9C,5,3,0.8,0.9560683760683762,0
A2RZCNXMHFUUS6,5,3,0.8,0.8769997052755674,0
A2RZESQH3U5LJQ,16,1,0.75,0.6072172389719545,0
A2RZJQ6TS017SY,5,3,0.4,0.6688430835908252,0
A2RZP40SE7AQQ5,7,1,1.0,0.40138144811374293,0
A2RZPV3R0GT83Z,8,4,0.75,1.325236791512944,0
A2RZVD8A0T6ZF1,6,2,1.0,1.0867031452784628,0
A2S00H4CKCSGS6,6,2,1.0,0.7166781688520819,0
A2S081Y72FI34Z,9,4,0.5555555555555556,0.47708537677187135,0
A2S0V82P8N0873,5,3,1.0,0.43852372833191267,0
A2S11NSTM645SN,5,3,0.6,0.6417413939430391,1
A2S15FGMUNDX4S,6,2,0.5,1.0004462041226747,0
A2S1ESRNMBH60G,5,2,0.4,1.4327007700770076,0
A2S2OG27OP2JDY,6,4,0.5,0.7772336725212691,0
A2S2VP5J3WCT6J,6,2,0.6666666666666666,0.9198004771199307,0
A2S3DQ0BL6KSM1,11,4,0.8181818181818182,0.80296326480537,0
A2S3G3C84ATVST,5,1,0.8,0.7524395604395605,0
A2S488ENSE2HRP,8,3,0.5,1.7977092352092352,0
A2S4AXMCUREB12,5,1,0.6,0.9331421911421911,0
A2S4DN72TMWC2C,6,1,0.6666666666666666,1.1608796296296295,0
A2S4UO73LBY2EZ,11,2,0.5454545454545454,0.6138936642872616,0
A2S50OCZDINEWV,5,5,1.0,0.6063751059818028,0
A2S52LEXPAS2ZQ,8,5,0.625,0.5677114170937906,0
A2S5EPJ451WL3I,6,2,0.16666666666666666,0.8145124716553288,0
A2S5JZUWE07V35,7,3,0.7142857142857143,0.4061923977431166,0
A2S5O1D5TQTLG0,5,1,0.8,1.5942248227962512,0
A2S5VQZJP7PCRY,8,2,0.5,0.9436662786898635,0
A2S6318E1GAX5D,7,3,0.8571428571428571,0.9516641083246079,0
A2S64SH016IMG0,6,2,0.3333333333333333,0.7198836657169991,0
A2S7E6XB9N5YK5,5,4,1.0,0.5592672759339427,0
A2S7E88PJ5PJ1F,10,4,0.7,0.4578497824230908,0
A2S7FFKWXIUNIT,5,1,1.0,1.1872744993797626,0
A2S7OZ62GYQPDC,6,2,0.3333333333333333,1.1989035087719297,0
A2S7RFZVUCWOVR,5,3,0.4,0.7929565217391304,0
A2S9AKBXRMTXTN,6,4,0.8333333333333334,0.8231125356125357,0
A2S9LDX7X32Y0L,6,1,0.16666666666666666,1.743111847430816,0
A2S9NA9G451UMI,5,1,0.8,1.3013793103448275,0
A2SATJUL36PAQM,10,4,0.4,0.9643471922534486,0
A2SAW42A2VQ1P3,6,4,0.8333333333333334,0.7709789405441579,0
A2SAZDL7G8W3I7,5,4,0.6,0.6836631721580375,0
A2SB4CSWRXAXJT,7,5,0.8571428571428571,0.5742850916110152,0
A2SB8BFB6OHH8H,6,4,0.5,0.8716563866132373,0
A2SBBMXYNC81V6,7,1,0.2857142857142857,0.7577419429310187,0
A2SBIQB6NJGQ3,5,2,1.0,0.5903997213343166,0
A2SBLA889ZRFBT,8,2,0.625,1.1374028647645558,0
A2SC0ULPLIUT9S,5,1,1.0,0.5055555555555554,0
A2SC10UKHUEIS8,6,4,1.0,0.7611111111111111,0
A2SCDCVP3X3RJ2,5,2,0.0,1.409090909090909,0
A2SCLDRJVILF31,5,2,0.6,0.7120348837209303,0
A2SCXTX9QMTJIV,6,2,0.6666666666666666,0.6118093753098575,0
A2SD5AIM5NU2LN,12,4,0.9166666666666666,1.0097299128203658,0
A2SDFXSJ1EVDUF,10,6,0.7,0.7587561129189975,0
A2SDO260QWF9O0,12,5,0.6666666666666666,0.9339344674744746,0
A2SDUCWPMK3TPK,9,3,0.7777777777777778,0.6407150007150009,0
A2SDZU40PD9WSY,7,5,0.42857142857142855,0.7817717973675273,1
A2SEDOJBJURR3Z,6,1,0.6666666666666666,0.7083423642117127,0
A2SEGI6R458QDW,5,1,0.8,0.948175968175968,0
A2SEHOBX4M0OZ0,11,1,0.7272727272727273,1.4469851576994435,0
A2SEXPAN8UK8MX,8,3,0.75,0.5133476374951489,0
A2SFL3B69JZCVT,7,1,0.2857142857142857,1.2338918845130027,0
A2SFRKP53UQ8SQ,5,5,0.6,0.5582930238401861,0
A2SGLEPIUBWNQ8,7,5,0.42857142857142855,0.45647767743190165,0
A2SGX7YCZ7WCV0,8,8,0.5,0.9069727735035262,0
A2SH4497XM1HET,13,4,0.46153846153846156,0.4446921221070015,0
A2SH7OWE8QJYNC,24,1,0.4166666666666667,0.7508639886098409,0
A2SH8OUSRC7A7M,7,5,0.7142857142857143,0.43224847281382967,0
A2SIAAHJEOT8AW,10,2,0.6,0.6388063755401434,0
A2SID5XRX582QL,13,2,1.0,0.5838753369217821,0
A2SIJG16D12XJI,5,1,0.2,1.199814814814815,0
A2SIYEILHP3EK7,5,4,0.4,0.6793807641633729,0
A2SJ2SD6WIG56,8,1,0.875,0.756911552227245,0
A2SJERUM2UAHUC,8,2,1.0,0.9853268890200708,0
A2SJGBCCFA7GD1,6,2,0.5,0.9383288530465949,0
A2SJMA8DQ44Y2A,6,1,0.3333333333333333,1.5869026284348866,0
A2SJPRTIGUWAJ0,6,2,1.0,0.4837212036131267,0
A2SJWKPX3QXHD3,5,1,0.6,1.3850660662022136,0
A2SL73LVZCS7I7,6,3,1.0,1.1686707060362975,0
A2SL86G42FLRZ1,6,1,0.3333333333333333,0.851612321370386,0
A2SLT4L9C7W5LM,13,6,0.8461538461538461,0.6198745375509851,1
A2SLTO5Q1MWWRB,23,7,0.7391304347826086,0.6398987359153255,0
A2SM40FPY16Z6R,7,1,0.42857142857142855,0.45365231458437033,0
A2SM4OZXOEMTV1,14,2,0.8571428571428571,0.8149140592757479,0
A2SM99TS205PEP,5,3,0.6,0.32367167919799505,0
A2SMDJ7L0JRQPC,11,5,0.45454545454545453,1.5825592467253762,0
A2SML48V402KCO,5,2,1.0,0.5294357580028276,0
A2SN114I6X1WTV,5,1,0.6,0.7898467432950191,0
A2SN1QF4HH7G0K,7,3,0.7142857142857143,1.0727106227106227,0
A2SNMMSKX224GR,5,3,0.8,0.671851851851852,0
A2SNQ14U4ZUXSD,7,2,0.2857142857142857,0.36771264061180037,0
A2SOAGWQYVXDIY,6,5,1.0,1.1400383272795886,0
A2SOEYV4W8MQJD,5,4,1.0,1.056937799043062,0
A2SOKOONUQ850N,9,2,0.5555555555555556,1.258033024480393,0
A2SONKFWNN2R2R,7,5,0.7142857142857143,0.6879231373091935,0
A2SOQ3OK9D8DA2,5,5,1.0,2.7032128514056226,0
A2SP232BQ3EIK6,5,3,0.4,0.16332527398345426,0
A2SP31SYMV2PCR,6,2,1.0,0.5909914019336512,0
A2SPT2LQ387HP0,6,1,0.16666666666666666,0.4915084915084915,0
A2SPVJQEJCUIWM,5,1,1.0,1.0731686429512517,0
A2SQ4D1YGGAQ5T,15,4,0.9333333333333333,0.5446901804160963,0
A2SQ7LA7Z8PH2N,8,3,0.875,0.5462112467911322,0
A2SQRADU3Z281M,11,2,0.9090909090909091,0.4487333881529132,0
A2SR4F8QA1LN5M,5,1,0.8,2.053771605533496,0
A2SS2U1H5Z2082,5,2,0.8,0.7348932458399443,0
A2SSY9R7799N9I,7,2,0.0,0.5210317460317461,0
A2ST6L3TOFEIOK,6,2,0.3333333333333333,1.0188777406168712,0
A2ST8E3Y65EUVC,5,2,0.8,0.9755450733752621,0
A2SU3YFX8T4UJ7,5,3,0.8,1.8664102564102563,0
A2SU7HA9UFJN2O,5,2,0.0,0.7834011776753711,0
A2SUDI1IF5FWF1,9,3,0.4444444444444444,0.7138414310093508,0
A2SUOPBCED1VJA,8,4,1.0,0.6592032319052297,1
A2SUSMSKDK6JL0,26,19,0.6923076923076923,0.6872128645615252,0
A2SV1MW01DA32L,6,3,1.0,1.088648367136739,0
A2SVJWQVC7ZDMT,6,1,0.5,0.9918650793650793,0
A2SW560X584UEF,7,3,0.42857142857142855,0.9198667397993682,0
A2SWE0PE557YYS,5,4,0.2,1.4901160990712075,0
A2SWH8G96IMJ2G,5,2,0.8,0.4355695871571628,0
A2SX55KGWDM5NB,8,4,0.5,0.5345067644174787,0
A2SX8FFFC56KDH,9,2,0.6666666666666666,0.5269953024670007,0
A2SXFMVWDYXBHC,5,2,1.0,0.6478593872741556,0
A2SXHP3384ER6W,12,4,0.16666666666666666,0.9179075056318062,0
A2SXIZ7N55VE6B,7,2,1.0,0.46414882240775096,0
A2SXL0NDPTP9X9,17,9,0.5294117647058824,1.1104915195711926,0
A2SY6QYMH8A8F8,8,7,0.375,0.9971222643097641,0
A2SY92ZXU2FOEU,9,1,0.4444444444444444,0.4497939863559831,0
A2SYI5R91KOZX3,5,4,0.6,0.49109890109890103,0
A2SYPAYM9ON3F1,5,2,0.4,0.8395951417004051,0
A2SZ19WB838HN6,7,4,0.2857142857142857,0.42958252843333505,0
A2SZ8KBF07ZTTS,5,3,1.0,0.5625788355972274,0
A2SZWMS0CRJ0T2,12,1,0.25,0.7841697381204932,0
A2SZWR0WW6BPUX,11,4,0.36363636363636365,0.6868366858202755,0
A2T09DJZA3G918,5,5,1.0,0.32252164502164504,0
A2T0D9S16SPR3M,8,3,0.625,0.7349602131822629,0
A2T19CI7GUT9HE,6,2,0.16666666666666666,0.3712474888945478,0
A2T1IDDWHRUYN8,8,1,0.875,0.4888405833653798,0
A2T1IDVDROXB0N,6,2,0.8333333333333334,0.42931919641447863,0
A2T1OLYFY6XTE1,11,4,0.36363636363636365,0.7848391661039883,0
A2T1S6MU2H0FKK,6,4,0.5,0.9738197902665839,1
A2T1ZKNNUVVS2C,6,3,0.8333333333333334,0.5116557824891157,0
A2T208UNIH5WA3,6,3,0.6666666666666666,0.3489641519619234,0
A2T24N91NOC27H,14,3,0.8571428571428571,1.3777953543142376,0
A2T24Z5QP2OMXU,35,17,0.34285714285714286,0.5872353587619463,0
A2T266WTXRX4V8,5,5,1.0,0.8036591478696742,0
A2T28XGN21AZ0A,5,2,0.6,1.193362068965517,0
A2T2CBLOXM9AGA,5,3,0.8,0.7482940598919979,0
A2T2FUY1H5XAX8,7,4,0.7142857142857143,0.5195702550025859,0
A2T32DLU8KJJ3L,5,2,0.6,0.5272165112412349,0
A2T3BZ7OPQ8864,5,2,0.8,0.7945563909774436,0
A2T3L5VLPGLO50,10,10,0.7,0.38273704782946877,0
A2T3PHED9C8ED6,5,1,0.6,0.48260744895716695,0
A2T3R3E038PSYR,8,2,0.25,0.49229571204825595,0
A2T3T4DFFMK456,8,4,0.875,0.5126135119669601,0
A2T463WX091RTX,9,2,0.7777777777777778,0.45464158246194863,0
A2T4KPVN5XQ5V6,7,1,0.5714285714285714,0.7360508582590465,0
A2T4OX8NH9LIIC,12,4,0.8333333333333334,0.4883599755596825,0
A2T4P8075Y0KZH,5,1,0.6,0.7925274725274726,0
A2T4XPDLZBP7XN,22,15,0.6818181818181818,0.7281077302314642,0
A2T55TZ4YDS87U,6,6,1.0,0.5734578489295471,0
A2T59UVX1561HG,5,4,0.6,0.8659796078761597,0
A2T5W3OS7HLK4N,5,2,0.6,0.479885463800905,0
A2T6A1P581H1R9,22,2,0.9090909090909091,0.794667208292509,0
A2T6CKTWZ4V1S,6,2,0.8333333333333334,0.7205948372615039,0
A2T6F02K26AU5E,8,4,0.625,0.6285065665610506,0
A2T6FVCI7U4I5V,7,1,0.7142857142857143,0.8741719470046083,0
A2T6I3YFXVQ5XG,6,1,0.6666666666666666,1.4319193224231983,0
A2T6KCBCS8QL6E,7,7,1.0,0.8377782931354361,0
A2T6NHGBW0OUIB,6,2,0.6666666666666666,2.0928362573099415,0
A2T848P8LWI8HA,8,3,1.0,1.3609899672399672,0
A2T84L1YI1ADGZ,5,1,0.2,0.7332200056593096,0
A2T89J6UK5IC5A,5,1,0.6,1.0624070317782284,0
A2T8N83Z0FDZSX,9,6,0.5555555555555556,0.8819833387545434,0
A2T8OJF2DQ4DPE,9,3,0.7777777777777778,0.7584106768425212,0
A2T92TA2O1TI2Z,5,1,0.8,0.8642168103543316,0
A2T98FTJRCN4QP,5,2,1.0,0.5455531732418526,0
A2T9948RI5PRZD,9,2,0.8888888888888888,0.9287395585014634,0
A2T9E9RPWGBH96,7,2,1.0,0.22002608598678247,0
A2T9FTF1YHS9IX,5,3,1.0,1.0186959021105362,1
A2TAV3LXF0FQ14,8,1,1.0,1.34449462096877,0
A2TBRJ1H3JDFNM,5,1,1.0,0.6060432366494983,0
A2TC83DVNMGTVB,5,4,0.0,1.3108701134930645,0
A2TCH9QEB68CYJ,5,2,0.8,0.559429761590206,0
A2TCJYFNUFU5R6,10,1,0.9,2.358355216212359,0
A2TCNUT0304BYF,5,1,0.4,1.802040816326531,0
A2TD2X84AUXFZ1,6,2,1.0,0.41366843033509726,0
A2TEG25L70Z6GK,12,5,0.75,0.9629943935503947,0
A2TEN6VIVPFHU,12,5,0.9166666666666666,0.5422441102608259,0
A2TEQ1U0O4LYDZ,7,1,0.2857142857142857,0.7734852255758182,0
A2TER5V6RWWS2T,7,1,0.42857142857142855,1.5095684091774284,0
A2TFRNUZOE5OLQ,16,3,0.875,0.4761253370822257,0
A2TFS8T9AWMDVP,5,4,0.6,0.437092731829574,0
A2TFW9CPTKJAS0,6,2,0.3333333333333333,0.3385322850840091,0
A2TFX3UL1VRHGV,6,1,0.5,1.4193904776287922,0
A2TGF3A2Q5JYN8,17,3,0.6470588235294118,1.7140048733215878,0
A2TGRYOFYB9BCP,8,4,0.75,0.5185026914806327,0
A2THBPVDEOF81B,6,2,0.6666666666666666,1.3604941910888202,0
A2THMERC1JBE5H,6,1,1.0,0.4558231917722904,0
A2THT2RZIGOX0F,10,2,0.7,0.5009637207334576,0
A2TI4Y4OJEFDJF,7,4,0.8571428571428571,0.545861995979316,1
A2TIGUXKJXBX2V,16,3,0.75,0.5706388848403536,0
A2TJ6NF6JCVRWF,5,1,0.4,2.266462703962704,0
A2TJ7RVA2HNM64,6,2,1.0,1.0404098573336322,0
A2TJEZCL7BH9SD,6,3,0.6666666666666666,0.9035982892627684,0
A2TKG2HV6WPMPU,9,3,0.6666666666666666,0.46867334253573656,0
A2TKHRZ5SW8M5,5,3,0.2,0.6725641025641024,0
A2TKMA52AMCB31,24,6,0.7916666666666666,0.5218799476490791,0
A2TKXVZVRAQDE0,6,2,0.6666666666666666,1.2931362404533135,0
A2TL151W1VURGR,6,2,0.8333333333333334,0.34922567771779106,0
A2TL8K0XURO82Q,7,3,0.5714285714285714,1.5840734745000395,1
A2TLKD3ZPEWJX1,6,3,0.5,1.2956486042692938,0
A2TLM016YV34OQ,7,2,0.8571428571428571,1.2885581449870667,0
A2TLO6LGFUP897,5,2,0.8,1.3017559849313405,0
A2TLS4JB7EA48D,8,4,0.625,0.6698692817088383,0
A2TM83BIPGJLMW,6,1,0.8333333333333334,0.5297087039944183,0
A2TM97N0X3DM7D,16,2,0.8125,1.2693575861059583,1
A2TM9IXXCCDY6H,5,3,0.6,0.6275177671060739,0
A2TMIG9ZVHXUQ6,17,3,0.6470588235294118,0.6601968314502741,0
A2TMJON7YWB8CW,5,1,0.4,1.7457938324071052,0
A2TMTZDJYNFRQK,5,1,0.6,0.786463560334528,0
A2TN0U8173HM7A,43,10,1.0,0.6682659232949905,1
A2TNR31JQ8JTSN,5,4,0.8,1.1077769151138717,1
A2TNWUOVW8OIX,17,13,0.8235294117647058,1.1446544803523961,0
A2TODK68E1N3JP,7,3,0.42857142857142855,0.6385454181672667,0
A2TOGRO8GK5J3I,6,3,0.6666666666666666,0.6826617826617828,0
A2TOLOXNDL6SKR,5,3,1.0,0.497816091954023,0
A2TPCUVV4A98H3,5,2,0.8,0.32859025032938066,0
A2TPD6IFVJ8HIG,7,3,0.7142857142857143,0.5308685537151921,0
A2TPH171QFO6ZH,5,1,0.4,1.1752364408415363,0
A2TPHVJUHK9SKH,7,2,1.0,0.5008012715923467,0
A2TPKFTT24IPF3,5,2,1.0,0.4177156592664614,0
A2TPQEZ7FYRVEP,6,2,1.0,0.5311160497330709,0
A2TPT1G2DGYEA8,6,1,1.0,0.860632183908046,0
A2TPZW2V21LH2R,7,1,1.0,0.8627005142401887,0
A2TQ5275ZB2ASS,5,2,0.8,0.49989118923087333,0
A2TQBTE41AUBE5,5,2,0.6,1.167156862745098,0
A2TR84TPB5Q7LQ,5,5,0.8,1.0677009265244561,0
A2TRC2TQFZ68UX,7,5,0.8571428571428571,0.5725052499442744,0
A2TRFRIDTRKT57,8,2,0.75,1.2272813633217496,0
A2TRLGHT2BX98,5,2,0.2,0.8791304347826087,0
A2TRXEZYU9GYY8,38,21,0.7631578947368421,0.5916457444785944,0
A2TS1X0QT7I1NU,6,1,0.6666666666666666,1.2528537252221463,0
A2TS471DAEZTJU,8,4,0.5,0.6104439770773707,0
A2TSEMR6PLQP98,9,1,0.4444444444444444,1.7102145131556896,0
A2TSTRYQ5AA9U6,10,4,0.6,1.072206356217841,0
A2TT0EA501Y6IF,5,3,1.0,0.4848135704874835,0
A2TTP36DJ41PQP,6,5,0.6666666666666666,0.9534041394335512,0
A2TTP86LUT27C8,5,2,1.0,0.5121216866508347,0
A2TU1LS17UTRF6,6,5,1.0,1.1559708977413619,0
A2TU6GRU30N6TR,8,3,0.75,0.9780279532295661,0
A2TUB2KO6KKA0P,11,4,0.45454545454545453,0.7160634393511107,0
A2TUD0VXUTNO7N,19,3,0.10526315789473684,0.7222680097680098,0
A2TUL1U56VMPJJ,8,5,0.5,1.3586647727272727,0
A2TUU7S19L7RYU,6,1,0.3333333333333333,0.8977067517828387,0
A2TUXUOKJHAYCI,25,3,0.6,1.139805933476359,0
A2TVSDJQ8LZE1M,8,4,0.5,0.9455371859890331,0
A2TVZXYHMNTSW2,5,2,0.6,0.5481787802840434,0
A2TWF1PYUKNO0C,6,4,1.0,0.7404877935579689,0
A2TWFW7CCZQORL,12,2,0.9166666666666666,0.6912508028109051,0
A2TWHEQLTFAWD2,8,2,0.625,0.5015788327526132,0
A2TWY656F94W0Z,8,4,0.0,0.344254593031767,0
A2TXBQMIFNUWKE,5,1,1.0,0.7097580908793722,0
A2TXGN8ZJDUSGH,8,4,0.625,0.5734757220748599,0
A2TXIYMIN78I1V,17,4,0.7058823529411765,0.9857132152312964,0
A2TXMYYGSZCSZ1,8,1,0.75,0.6823073308270676,1
A2TY7A4X7JTYB8,6,4,0.6666666666666666,0.6670538456252743,0
A2TY8XFIRF0VPH,10,3,0.6,0.9773563351393542,0
A2TYKAXDDND7OE,6,1,0.6666666666666666,0.8972724879122982,0
A2TYRZC2C51E2W,5,2,0.4,0.3670745938636406,0
A2TYUM8DDY2UZI,7,5,0.7142857142857143,1.7534318711415098,1
A2TYWKCMHUYVK9,5,1,1.0,0.5323232323232323,0
A2TZSM0GNHU9CN,6,3,0.6666666666666666,0.5615364167995747,0
A2TZTKQWJXVK3E,8,6,0.75,0.6791256140137214,1
A2U019BJGLQWSI,12,2,0.5,0.5093643896679855,0
A2U16CWOXBD4LI,7,3,0.8571428571428571,0.7369899850400631,0
A2U19SNA2ILW1W,6,3,0.8333333333333334,1.018290831815422,0
A2U1D7A4HBJSQS,6,3,1.0,0.6385231015483116,0
A2U1I8QDQNCY5E,6,2,0.5,0.8123174522845575,0
A2U1IZ6SOWOQH5,6,2,0.3333333333333333,1.2799785856371535,0
A2U2MG0JUPIE5V,5,2,0.8,1.4015588235294119,0
A2U2ZOV0IYWSC8,7,2,1.0,0.6499036648996552,0
A2U3CBFKJA34NA,8,4,0.5,1.2759920634920636,0
A2U3GNLOT28XCH,5,5,0.8,0.9880054644808741,0
A2U3NOMO7FA0GM,5,4,0.8,0.6869861660079051,0
A2U3NQFC2ZT0SO,5,1,0.4,1.1895569806870117,0
A2U3PPXI73BN96,10,4,0.7,1.0398486933316655,0
A2U3RXXQAC0GHO,9,4,0.4444444444444444,1.0550002953511726,0
A2U3Y1Z6H7PE4G,12,8,0.8333333333333334,0.713622126882823,0
A2U4107AK2O2GN,21,5,0.9523809523809523,0.7597345915424473,0
A2U47O0P6F27C2,6,1,0.3333333333333333,0.8366519809042355,0
A2U4Z76U7DF68,23,2,0.43478260869565216,0.7679536090649305,0
A2U5HFDRMADQDB,8,3,0.375,1.0490791615791615,0
A2U5K5WNTJWQF2,9,5,0.5555555555555556,0.9263822754053067,0
A2U5U2WZMUZNPZ,5,2,0.8,0.5641703570061779,0
A2U5URERUIB253,5,1,1.0,0.8348484848484847,0
A2U6HBHYLCPU1N,6,1,1.0,0.5205026455026456,0
A2U6WZT6VBKL11,6,2,0.6666666666666666,0.6858387873915824,0
A2U6X0GHPCODVV,26,3,0.5384615384615384,0.7723775459668433,0
A2U7HQI5DQUT61,6,3,0.8333333333333334,1.889336679327184,0
A2U7KGKNGN0JM2,6,6,0.0,0.8640611946532998,0
A2U7KJVIJKD5Q,11,2,0.45454545454545453,0.7718268979918341,0
A2U7L091GVMVJ1,5,5,0.6,0.4816147534982475,0
A2U7T72Z0EFR9P,7,2,0.7142857142857143,0.4678493822189416,0
A2U80IPZXN5V1U,9,1,0.2222222222222222,0.7276427276427275,0
A2U80U8KAR1DL,7,2,0.5714285714285714,1.3637309205632187,0
A2U8D5JZ5RKRIL,5,4,1.0,0.7962138486639396,0
A2U8K190L4H8GM,8,7,0.75,0.9122315592903829,0
A2U8XR2RA512N8,8,4,0.375,0.7865860098380872,0
A2U8XSU8ZCVPX9,9,3,0.7777777777777778,0.7770273586712588,0
A2U9BKVZKODE5A,5,2,1.0,0.5571896551724139,0
A2U9VGUR4URMLB,5,2,0.4,2.0585620915032683,0
A2U9XX4Q5NQBG6,12,7,0.6666666666666666,0.826833145554788,0
A2UAM0ITC30078,5,1,0.4,0.44627741736175475,0
A2UAS6OGCR8IUG,10,3,0.8,0.6539367946650605,0
A2UBJ9XS14PRQ7,5,2,0.6,0.440884790163058,0
A2UBYEOEW6HKOR,5,1,0.8,0.8177208472041301,1
A2UCIHKZ93ME0C,9,3,0.8888888888888888,0.5643353510304698,0
A2UCLE5P59MKWD,9,8,1.0,0.6794935711669206,0
A2UD8WW52IRDH4,9,1,1.0,0.7524982055887808,0
A2UDFXKJKPL8G5,6,2,0.8333333333333334,0.4577250402490473,0
A2UDK0HL00GYBL,6,6,0.0,0.5113652868554829,0
A2UDM58AXW7O3V,6,2,0.6666666666666666,1.334934058189872,0
A2UE437XZ2QY86,6,1,0.6666666666666666,0.5423423423423426,0
A2UE49UQGINCJW,5,3,0.8,0.6376352813852814,0
A2UE7IZWQWC1JA,17,4,0.11764705882352941,0.6363794622708419,0
A2UF03KWEQ1G64,5,2,0.8,0.4274980694980696,0
A2UF3NLORSWUI3,20,2,0.95,0.9240392687209864,0
A2UFLC250UOE3L,5,2,0.2,1.3352688172043012,0
A2UG220UJU5DO,13,2,0.46153846153846156,0.44302000102671985,0
A2UGCLWKF2DTK6,6,1,0.6666666666666666,0.5635610766045548,0
A2UGMUPCW2ZVSH,7,4,1.0,0.6533359260219516,0
A2UGRZBOCL0JB0,8,6,0.875,1.306009236939739,0
A2UGXIAGSJHHDB,10,4,0.4,1.0789556885900171,0
A2UGYHNUISVGYP,8,7,0.75,0.453382574027009,0
A2UGZFWCCIP44G,7,3,0.8571428571428571,0.8015313995113181,0
A2UGZJVDFKEMIB,5,2,0.6,1.0114914889032536,0
A2UH53Z5LKV0BI,7,1,1.0,0.8137931059022626,0
A2UH5HZG2WX3R2,14,3,1.0,1.0358407831997267,0
A2UHCJM6359S4F,7,2,0.7142857142857143,0.7396145124716552,0
A2UI8UBAS7DJVD,7,4,0.7142857142857143,0.9843845765399306,0
A2UIBTSN2FRSFQ,6,1,0.5,0.6045238095238096,0
A2UIO3PM86K6N0,6,2,1.0,0.8530753968253969,0
A2UIO8RXYYT6MR,5,1,1.0,0.9217479674796749,0
A2UIQYJOGAUPSS,6,1,0.8333333333333334,1.279212962962963,0
A2UIYULZNTGQ4Q,9,1,0.5555555555555556,0.4458379082627203,0
A2UJ8YE9HLGIQ8,5,1,0.4,1.9010563361646953,0
A2UJC17IDFQ3AL,5,1,0.4,0.4635485580457118,0
A2UJWVAPHU1OOW,6,1,0.5,0.4913911364166084,0
A2UJXKYCGZWZ3U,5,2,1.0,0.8974695121951217,0
A2UK2ZTPZQLEAL,5,2,1.0,1.8205570100207638,0
A2UKOHFEAN1XUZ,7,3,0.5714285714285714,0.8052607845193999,0
A2UKPJZCR6NIO2,5,5,1.0,0.6195238095238096,0
A2UKZQCU85ICYM,5,2,1.0,0.792571121846484,0
A2UL7BPWRTY0IV,8,4,0.75,0.7169241222223379,0
A2ULZL2YWJGV4D,6,4,0.8333333333333334,0.7834239700750736,0
A2UMCGRN8YOU5Q,8,2,0.625,0.7116832895365504,0
A2UMKYU1LZZE00,5,2,0.8,1.3043356643356643,0
A2UMU58TNGB9AE,9,4,0.2222222222222222,1.1783006602451047,0
A2UN2RCYKJH0Y5,5,3,0.6,1.3636300596982935,0
A2UN4NLBBF4YRN,19,2,0.631578947368421,0.8642757388188357,0
A2UNEEEJNHGS2D,11,1,0.36363636363636365,0.6162582367127821,1
A2UO040HWOP0C2,9,2,0.5555555555555556,0.6434429004088447,0
A2UOBPRIH6UBEM,18,5,0.7222222222222222,0.7791466888755152,0
A2UOC6T2I7RD4D,6,3,0.16666666666666666,1.195664471462344,0
A2UOSYIC8D0LBP,9,3,0.8888888888888888,1.3499996112570727,0
A2UP9RWR8DQFCK,5,2,0.6,0.589742484129836,0
A2UPY4D7T8EW6L,5,2,0.8,0.5856224432196498,0
A2UQBQ0DOSY6DL,9,4,0.6666666666666666,0.9453124551801546,0
A2UQLK3IYEV94X,5,2,0.8,0.9963975155279503,0
A2UQSIUPX1C2Q1,7,2,0.5714285714285714,0.6925418058355282,0
A2UQUJWVY2L5TQ,5,3,1.0,0.3260317460317461,0
A2UR1OUGLYWJ6S,5,2,0.8,0.63082831802344,0
A2UR2C7TIMBMZX,5,1,0.6,0.40581209072257673,0
A2UR5UYOIQQYRB,5,2,0.6,0.47798156160525507,0
A2URMGQQRLPQYS,5,3,1.0,1.1550500293357437,0
A2USCSEPARB0H0,7,3,0.8571428571428571,0.5850139435918275,0
A2USEB0V03F5XN,8,3,0.5,0.8568785968553599,0
A2USK85WGL8AVN,11,5,0.5454545454545454,1.18862499570249,0
A2USR6TZWUFN7B,5,1,0.4,1.1726785714285712,0
A2UT8SCC8NMVR0,5,4,0.8,0.47877747252747255,0
A2UTEA9QW087A0,13,3,0.38461538461538464,1.394610744616281,0
A2UTHRUDG8DP07,9,1,0.7777777777777778,0.718402917579513,0
A2UTTH4T27JTRE,6,2,1.0,0.5334986772486773,0
A2UU8E5QSXJGOM,8,4,1.0,1.1283775252525252,0
A2UVNWWAPGYXFV,6,2,0.6666666666666666,0.7011000161685091,0
A2UVOEFDQB20OT,7,3,0.8571428571428571,0.46650010256908164,0
A2UW9WI22QKMZE,28,2,0.6785714285714286,0.7322051919758711,2
A2UWB6VLN6NR2D,6,3,1.0,0.5811927367930821,0
A2UWDYNG7MUETA,5,3,0.6,1.0734180035650625,0
A2UX49C3ZKV8T8,7,2,1.0,0.4187870763973957,0
A2UXCJHEOD9SC1,14,2,0.6428571428571429,0.8112963955657975,0
A2UXMXX5Y8CI8G,8,4,0.5,1.0839045741663917,0
A2UXQ9L0RKPXRL,9,6,0.7777777777777778,0.9050840809390741,0
A2UXZ9YW1ET0QH,5,1,0.0,1.1528571428571428,0
A2UYEPDX2FLJVW,5,1,0.8,1.1348721927669294,0
A2UYNRUAY69W0W,9,1,0.5555555555555556,1.1882077636463602,0
A2UYUQCBFV9D5S,11,5,0.6363636363636364,1.1957958331731122,0
A2UZFUR2PS5YZ4,6,1,0.6666666666666666,1.822978826158261,0
A2UZVC9I6G1LQK,6,2,0.6666666666666666,0.3534917980570156,0
A2V04K1X31OQ6H,8,2,1.0,0.6406687353580053,0
A2V0C4HU494D37,9,3,0.3333333333333333,0.8405769501729099,0
A2V0CAZDWCPX62,5,5,0.8,1.0785714285714285,0
A2V0CNBJ63G6TW,5,1,0.4,0.904301075268817,0
A2V0TX1N4A5DB,5,1,0.8,1.1986165577342047,0
A2V0U62C7GD4KD,13,2,0.6153846153846154,0.6411684581725068,0
A2V11FOULOL8VG,8,5,0.875,0.5591198977042917,0
A2V1IH9V1PBO0G,7,2,0.7142857142857143,1.002156251819929,0
A2V1UWS6P5S6YU,5,4,1.0,0.8755993431855501,0
A2V24SPBFPCMQ3,8,1,0.375,0.9859120046620047,0
A2V2WSB5AVI4N7,5,1,0.6,1.5035506715506717,0
A2V2WY7ZQF9MJ3,6,5,0.6666666666666666,0.715567680468712,0
A2V2ZHP2WM94QI,5,4,0.4,0.6350347500419238,0
A2V3K5ZQ0Q3A8R,6,2,0.3333333333333333,0.7088487157683585,0
A2V44P7W37Y9MA,12,2,0.5,0.9478494730483714,0
A2V46ZQ9WSA1HG,6,3,0.8333333333333334,0.5664477933221299,0
A2V4F453JTQVQ0,6,1,0.5,0.6632613799400026,0
A2V4OGW5TODMSF,5,1,0.8,1.1457575757575758,0
A2V4V78CDKYGMT,5,2,0.4,0.949632231706083,0
A2V53BZ9H8U1PO,7,3,1.0,1.0331094128147473,0
A2V5TQFZUPAR16,11,11,0.5454545454545454,0.4398464342594981,0
A2V601AE4465ND,7,2,0.5714285714285714,1.0654882812050197,0
A2V6CYMNRWU2HK,8,3,0.75,0.6499631812459843,0
A2V6YGGQ9BVZ4V,13,2,0.6153846153846154,0.685081682989086,0
A2V7QLHYZJDO6A,9,2,0.8888888888888888,0.9771417237269368,0
A2V7QXV0H1ZVDE,12,3,0.75,0.7265130115876385,1
A2V80K8RI924EJ,6,2,0.6666666666666666,0.7333632492169079,0
A2V80ZROVHV2YT,5,1,1.0,2.576428571428571,0
A2V84NV5I1UE79,5,1,0.8,0.5722710622710622,0
A2V85X981A4RQW,5,2,0.8,1.4296384143908896,0
A2V8JWK27NMRO8,6,3,0.16666666666666666,0.7965187412420542,0
A2V8LCUQZVJWTG,6,6,0.8333333333333334,0.5999098066328769,1
A2V9DTXTQ5YIMK,59,2,0.6271186440677966,0.7071333835259548,1
A2V9I6XYXP2WV3,8,3,0.0,0.7331925661776573,0
A2V9PLC4OWPW1E,6,1,1.0,0.33646048999309874,0
A2VAH77L2MY1Z5,7,5,0.7142857142857143,1.2910484706703194,0
A2VASD2OFJ4Z4K,5,2,0.8,0.5879365079365078,0
A2VB5FKZMKLVPV,7,5,0.8571428571428571,0.6449488078059507,0
A2VBOW7BLMTC8Q,8,4,0.5,0.519459706959707,0
A2VBT7ZK6CH7K1,6,1,0.5,1.3349004873004098,0
A2VC2CCXZH5LQN,5,3,0.2,0.6893121693121692,0
A2VC88MM8BZ452,5,2,0.6,1.2222542163718635,0
A2VCILWWI4OD7Q,7,4,1.0,0.6941125735600128,0
A2VCRAVSBYUG6O,6,3,0.6666666666666666,0.9226210259758244,0
A2VDC0NVWWWG0T,6,2,0.8333333333333334,0.7024644945697576,0
A2VDL1W00E2V92,9,3,0.6666666666666666,0.44674103299655243,0
A2VEBBU8VVPJ4U,10,6,0.7,0.7950555555555556,0
A2VEI09OYPRHW2,7,2,0.5714285714285714,0.9208864598470967,0
A2VEU46CA5QZ4O,10,5,0.7,0.7310088840427861,0
A2VF6TEWSJZ1WG,6,2,1.0,0.4722934472934474,0
A2VFHRIG06OV6Z,5,3,0.6,0.8323000700392557,0
A2VFN33XFSDW9C,33,3,0.5454545454545454,0.6763715216326355,1
A2VFS563I4YB8M,6,6,0.5,0.5775176839408456,0
A2VG6CVUGSQ81D,5,2,0.4,1.1083450561888593,0
A2VGE3D5HHNC9D,6,2,0.16666666666666666,0.7281935781935781,0
A2VGH1NM7L5JUZ,5,4,0.2,0.9696115288220553,0
A2VHK3A0FOBDTK,5,1,0.8,1.2033765898146043,0
A2VHVU4OT13FUO,5,1,0.6,0.5176190476190474,0
A2VI7695Q89WML,14,3,0.5714285714285714,0.4061565245405995,0
A2VIP1K8YKIX2U,5,1,0.6,0.6983008471252647,0
A2VIUUWR7B11KS,9,2,0.7777777777777778,0.6708523935636612,0
A2VIX50K7SO6SZ,6,2,0.8333333333333334,1.6680090377458798,0
A2VJENCCV8LWXQ,5,2,0.8,0.5466847826086956,0
A2VJJ2POCLMED7,17,2,0.5294117647058824,0.5353155760736897,0
A2VJSRI3AOCAD6,10,4,0.8,0.6302182740433041,0
A2VKGCVMVR21C0,7,4,1.0,0.8763847263847264,0
A2VKHMLLFGIPU9,6,2,0.5,0.9896712329929808,0
A2VKNHJ13XED7D,7,3,1.0,0.7932850482850482,0
A2VKUQFGKQ7D2H,5,1,0.6,0.8232411067193677,0
A2VKXIBTH1E4VN,5,3,0.8,1.9244599018003274,0
A2VKZ8BVFUM55T,6,3,0.8333333333333334,0.5668000533546752,0
A2VLF9FE68LFX6,6,1,0.16666666666666666,1.2570623820623823,0
A2VLK05BC8OTRQ,5,1,1.0,1.2405557212446563,1
A2VLO1J42YCWJK,9,2,0.5555555555555556,0.5424470675188034,0
A2VMQQ1WK3LJ17,5,2,0.6,0.620503914709312,0
A2VNGOYFQ0PUER,5,3,0.8,1.0213751977607397,0
A2VNHSOB2EO2YY,6,2,0.8333333333333334,0.6518750993167012,0
A2VNJ8FNOD62W9,6,2,0.5,0.9675027412280701,0
A2VO0DC7L19X4D,5,3,1.0,0.684978354978355,0
A2VO1XDMSA0UVZ,6,6,1.0,0.1949920957542909,0
A2VOMDHZ5EE320,6,2,1.0,1.3001160661044382,0
A2VPDO3G3E2TPT,6,4,0.8333333333333334,0.7529717502943208,0
A2VPFFNPP58O91,6,1,0.5,1.3972273097273096,0
A2VQ3JF3TCLFBU,5,2,0.2,0.538,0
A2VQ3NXP9KWLE4,5,3,0.8,0.8485957132298596,0
A2VQECD0DA38E,6,4,1.0,0.7283751823859507,0
A2VQKZXU3215O7,5,3,1.0,1.0473880822746522,1
A2VRKFYCAV1VJ2,6,3,0.5,1.2797628054465136,0
A2VS2ZGJDHVAVV,12,4,0.4166666666666667,1.0409094392262674,0
A2VSD9D09W2W9B,6,1,0.8333333333333334,0.5476190476190476,0
A2VSE81NGRBMZ1,8,1,0.875,2.0765526196928636,0
A2VSKF5CIOWDBI,7,6,0.42857142857142855,0.8665686302385808,0
A2VSKUR61RYPYH,20,7,0.85,0.8967395948334982,0
A2VSNXLGNFUNMY,5,2,0.8,2.3402777777777777,0
A2VSQ54H9KC2OR,5,5,0.8,0.5450983179341389,0
A2VSUA9IJWTDJZ,7,4,0.5714285714285714,0.5328798185941043,0
A2VT44MCMAW8RD,5,1,0.4,0.41422705314009656,0
A2VT7PM6MAFZI,6,6,1.0,0.7038171704838372,0
A2VTEO649TXYEN,5,1,0.6,2.069292929292929,0
A2VTVISFZQWOWY,11,2,0.5454545454545454,0.30778957040731564,0
A2VTYAHL30ID2W,5,3,0.6,0.5854895204061374,0
A2VUYZAEVAIQHW,7,5,0.7142857142857143,0.9315882034632034,0
A2VVPVI9BGYM7L,5,2,0.6,1.2202917065900138,0
A2VW1WFXXEUBT0,5,5,0.8,0.8941619431140809,0
A2VWLW8JMDWW9W,5,1,0.4,0.7894542239369826,0
A2VX0QFQR113VH,8,2,0.375,0.4022567321590507,0
A2VX5SAAEGF4DH,6,3,0.8333333333333334,0.5145809806135894,0
A2VXGBYDQN5C3F,6,3,1.0,0.2831388273921262,0
A2VXO7I3JTMJ8T,8,2,0.625,1.5899014029448812,0
A2VXWDDIU2YMRX,5,2,0.6,0.7450675299359509,0
A2VXWQ2M6QAO38,8,3,0.5,1.1670735564757304,0
A2VY6PIZHB12QK,9,2,0.7777777777777778,1.0358153024393433,0
A2VYCMDYUVF4ZU,5,1,0.8,0.4737069947596263,0
A2VYOLP8BJDQYW,7,3,0.8571428571428571,1.5288712245608795,0
A2VYRRDJN2UKWB,19,3,0.8421052631578947,0.8251121814773819,0
A2VYSDQ4Q7B2TC,14,2,0.42857142857142855,0.586064863068173,0
A2VYSW6T63JF2W,26,2,0.5,1.0313366033829416,0
A2VZET5SXXG5AJ,12,8,0.75,0.4307316304075977,0
A2VZHBZXSPEWXQ,6,1,0.6666666666666666,1.396116287094548,0
A2VZNEM0V65R10,9,3,0.8888888888888888,0.5648804648804648,0
A2VZRPRIOAYJEV,9,6,0.8888888888888888,0.843400940623163,0
A2W0K48M6KR71F,7,2,0.5714285714285714,1.0574361820199778,0
A2W0RBHXLMJC93,8,1,0.875,0.6630846508563899,0
A2W0V8O0AKY42R,5,1,0.6,0.2749848484848485,0
A2W0ZE7WICAEH3,5,3,0.8,0.701256038647343,0
A2W19U5DEIH0BP,5,3,1.0,0.5942087542087542,0
A2W1J5Y8XUK9NJ,5,1,0.8,1.4534632034632033,0
A2W1J67OS0VIAO,18,2,0.5555555555555556,0.7817638874735918,0
A2W1LLW1Y682PW,15,5,1.0,0.6197306605490748,0
A2W1MVC5OR0I92,5,1,0.4,0.6066666666666667,0
A2W1PVYIOI5A30,5,4,0.8,0.7056678195067745,0
A2W1Q7NMW6HOYO,5,3,0.0,0.6302388114119042,0
A2W1S97NCY0VWD,5,2,0.6,0.9029776674937967,0
A2W22DUZFKQCM8,8,1,0.75,0.8571607747923916,0
A2W22F71SEOLYK,12,2,0.5,1.0715908761657598,0
A2W26CPV6BTAXI,6,1,0.8333333333333334,0.6866367690280732,0
A2W29HD38V9F8X,10,7,1.0,0.6859279727283439,0
A2W29JPY9UBVZ5,5,2,0.4,0.5248358308358309,0
A2W2BGVTAJ2PSM,5,1,0.6,1.1470000000000002,0
A2W2KU6RA6EHHC,5,5,1.0,0.5275171982489055,0
A2W2L97Q4B8Z4C,5,2,0.6,1.8530157583782212,0
A2W2Z5ZL8A49PH,6,2,0.8333333333333334,0.802825521762928,0
A2W3B8UA45I25Q,9,6,0.8888888888888888,0.5645987400452496,1
A2W3U5MHPVUP7E,5,2,0.8,0.5413333333333334,0
A2W45RK6AFUFNK,9,2,0.8888888888888888,0.6054368834243727,0
A2W4GRVON8APBU,5,2,0.4,0.23688271604938266,0
A2W4L816N62KPH,5,2,1.0,0.9235844155844155,0
A2W4VJCOBFJWYV,10,2,1.0,0.5267445016686502,0
A2W4VUPFGYA385,5,2,0.8,1.4284004884004884,0
A2W57WDWTR2ADQ,9,4,0.7777777777777778,1.1120404876926615,0
A2W5S26XTAFD97,7,2,0.8571428571428571,0.6107302846586354,0
A2W6L43ZQTUT94,5,1,0.4,0.6572946859903381,0
A2W6N8135DJ4Q6,7,3,0.7142857142857143,0.7731803832644168,0
A2W76H87DNXXIQ,6,3,0.16666666666666666,0.4235449735449736,0
A2W79GCSMW9S9I,6,2,1.0,0.5236801242236023,0
A2W7V9ZZE91UZV,5,2,0.8,0.8184004329004327,0
A2W8E2X9358OC4,12,5,1.0,0.9812272780072715,0
A2W8F49QLULA4U,7,4,0.8571428571428571,0.958423369347739,0
A2W8GQ93VU8LZV,6,5,1.0,0.7370222587869647,0
A2W8HPGBRXTDK6,10,1,0.2,1.2856056891050403,0
A2W8L7O2RC73OX,5,1,0.2,1.0905844155844153,0
A2W92MBAVSOWLO,5,3,0.6,0.8790347490347491,0
A2W940MKHSJ1XI,7,2,0.2857142857142857,1.3237609932310392,0
A2W9MM3DJ6N0R8,5,2,1.0,0.5725233374286169,0
A2W9VGCIJQG0NI,5,4,0.8,0.44527730286110556,1
A2WA1A33IHLZZJ,11,4,0.5454545454545454,0.8451641160267066,0
A2WA3CPIL2W2GT,8,2,0.75,0.8895139800647489,0
A2WAIJVHEORMBK,5,2,1.0,1.7852406417112299,0
A2WAODVHIPS6U3,6,4,0.8333333333333334,0.5103655631748801,0
A2WAQ2W3QJL5IM,18,4,0.7222222222222222,0.5869044790181834,0
A2WAWYUHWUL215,10,2,0.1,0.526444282706939,0
A2WBSLTE5D541H,5,2,0.8,1.9815368437937209,0
A2WBZTSHU61UOZ,6,6,0.6666666666666666,0.46956120424636155,0
A2WCA7FVGSIWU5,5,1,0.8,2.263333333333333,0
A2WCB04X1TTSDS,7,1,0.8571428571428571,0.6669292717086835,0
A2WCQLJFTE23OG,6,1,0.8333333333333334,1.0602970404857197,0
A2WCZZ304SM5HC,5,1,0.4,0.47677536231884055,0
A2WD17QIWU2CPZ,5,2,1.0,0.5636549707602339,0
A2WD487DM2UDPE,5,4,0.6,1.0483959899749373,0
A2WDCDU02FC2T3,14,3,0.35714285714285715,0.9170634051612313,0
A2WDJ3YB0JG42J,5,4,0.8,0.551769820971867,1
A2WE24HCTKKM4X,5,1,0.8,0.766507997592335,0
A2WE4JPZIFA4K9,18,7,0.3333333333333333,0.5288965113196483,0
A2WEF2MJ7MWNJT,5,1,1.0,0.3606369820655534,0
A2WF3ZGDOQP4B0,5,2,0.8,0.5594014447884417,0
A2WG310V8BKUEW,5,1,1.0,0.8233333333333333,0
A2WGADU89UO0EB,7,1,0.7142857142857143,1.5069021535739802,0
A2WGEGJTW1ZZYF,7,3,1.0,0.7597748235771865,0
A2WGGH4ZEPPLZD,10,2,0.2,0.9504444083803891,0
A2WGIO96GU5F9F,26,2,0.7692307692307693,0.820270232441096,0
A2WGQJA3TVVECO,6,2,0.3333333333333333,0.7746811666893633,0
A2WGSEXR7TNZM5,12,5,0.4166666666666667,0.7478210751237068,0
A2WGUP4EZFUNZJ,8,6,0.625,0.5607291294916725,0
A2WGX6E60UZU9J,6,3,0.8333333333333334,0.8871378406262128,0
A2WH4ISAUH3EK3,12,4,0.75,0.5447960638830763,0
A2WH4JGAKXOYMJ,7,2,0.7142857142857143,0.971949150436939,0
A2WHMTOQN6BOX0,6,2,0.16666666666666666,0.5694945276755461,0
A2WHU3Z9LYOB86,13,8,0.6153846153846154,0.8440010969422734,0
A2WI15EXYOWBK,6,4,0.6666666666666666,0.5648148148148148,0
A2WI5XJCEL035S,16,2,0.875,0.9353905040010531,0
A2WIQ02JR8P4HC,12,2,0.0,0.8825195535400429,0
A2WJ59L9ARDQVH,8,6,0.625,0.5418006317917223,0
A2WJ6JR6AX7YAZ,5,2,0.6,0.49750264550264534,0
A2WJBJUR22RX6B,5,3,0.8,0.6318286085685945,0
A2WJFVGN7CTOS9,18,5,0.6111111111111112,1.2961446940994275,0
A2WJGW3BF6MPMH,5,2,1.0,0.538360045329448,0
A2WJUICEZVACHW,8,2,0.375,0.5956341140792359,0
A2WKAMTWACF7NU,5,1,0.6,0.9796135265700482,0
A2WKKLZHMMBSFC,5,1,0.6,1.2302776171197223,0
A2WKRFZLWM7VTP,6,6,0.5,0.5816486552899597,0
A2WLA2JUPM0ED3,7,7,0.8571428571428571,0.7721852276309803,0
A2WLPHRRNMQX2V,5,5,1.0,0.48476940740940977,0
A2WM1KL9DQSQ18,24,3,0.7916666666666666,0.8861446356763346,0
A2WMYZU3UCI8U0,6,2,1.0,0.8618889725662534,0
A2WNLRAF6OC72V,5,3,0.4,0.7165547224877974,0
A2WO1AMGXON0QH,16,3,0.875,0.5714118638469978,0
A2WO3HGK1KET9,5,3,1.0,0.6540353604535477,0
A2WOE8UPO9VFVU,5,2,0.4,0.9559978226849017,0
A2WOPG2BF0DDJD,14,1,0.7142857142857143,0.6353481369446813,0
A2WP3WEYA1SQCA,6,2,0.5,1.9805712669683257,0
A2WPEGMHNDK7UO,6,1,0.5,1.047001234394961,0
A2WPLAK5I76N8N,10,7,0.9,0.9866351169320708,0
A2WPWLEO3XCDP0,5,1,0.6,0.6187202625102544,0
A2WQAYC0V7I6GH,8,8,1.0,0.6860321177050501,0
A2WQLFB6GN33EG,5,1,0.4,1.589035087719298,0
A2WQPBT1JGLAMV,14,3,0.6428571428571429,0.7617365595024416,0
A2WQW48F4J8VNF,5,4,1.0,0.5685880312277449,0
A2WR2QBMR00X7C,5,1,1.0,1.9745887603020091,0
A2WRKQY6L32JJV,8,3,0.875,0.5352614598615845,0
A2WRPCA4TS0MEB,5,1,0.6,0.8506698069942246,0
A2WRQ8H0HZ79FY,18,4,1.0,0.411141636141636,0
A2WS0U0603Z04P,13,5,0.46153846153846156,0.8330363820044872,0
A2WSE6LXKM1DP8,13,3,0.38461538461538464,1.0579429012919543,0
A2WSFMY6NI495E,6,4,0.3333333333333333,0.9514723643080422,0
A2WSS3BDIT1IGI,6,2,0.6666666666666666,0.6272875816993463,0
A2WSTRQTOHLRC4,8,2,0.75,0.6344738181135241,0
A2WTKQBN78TXD2,5,2,1.0,0.7017999544315332,0
A2WTPZ00M8LSMY,18,6,1.0,0.8333843604314862,0
A2WTZZ1O3XXY5,6,1,0.5,0.846588319088319,0
A2WU7IKAQINJAY,16,5,0.5625,0.7527866147723337,0
A2WUGQKN584PCJ,17,2,0.47058823529411764,1.0570604104424655,0
A2WUHKA1I75SL3,6,2,1.0,1.2438672438672438,0
A2WUL4TA8JPU97,20,5,0.9,0.8204876866412276,0
A2WUNBBBK6LX7B,5,4,0.6,0.23722379070205157,0
A2WUOZN2O3HEFK,26,6,0.9615384615384616,0.9902726387027746,0
A2WV816Z0MR2ZL,11,4,1.0,0.4736352567741751,0
A2WVBEKO391ZH0,9,4,0.8888888888888888,0.7624471314126486,0
A2WWH0RGA7DVVN,7,4,0.2857142857142857,0.325462236176522,0
A2WWMB8JVVHZMQ,9,2,0.8888888888888888,0.997258256168943,0
A2WWY5ZRADZRZY,5,4,1.0,0.9254068002817444,0
A2WXL2NC39ROBS,5,3,1.0,0.47062173458725187,1
A2WXLCO6E6T1Q6,17,10,0.8235294117647058,0.6927836308857667,0
A2WXSJAESQSBIC,5,5,0.2,0.5912791509565704,0
A2WYCI7OJKLMVZ,5,5,0.4,0.4013543523599797,0
A2WYGVGWA1NQ72,7,2,0.42857142857142855,0.5370713834723077,0
A2WYOUNJ93WITZ,5,2,0.4,0.6005555555555555,0
A2WYV9THCT8RCX,6,2,0.16666666666666666,0.3564879299694818,0
A2WZ7GEZN18W23,7,2,0.7142857142857143,0.74668568642079,0
A2WZVWFVVI8BF0,5,3,0.2,0.9608983935520758,1
A2X005PTEXF08S,6,2,0.6666666666666666,0.8764951814058956,0
A2X05YN42VQ1D5,6,1,0.16666666666666666,0.9211309523809524,0
A2X092QJNTY30A,7,1,0.8571428571428571,1.4567414067414066,0
A2X0EUS0IURU7Y,5,3,0.8,0.6222276368617832,0
A2X11U5JCPGBAT,10,4,0.9,0.927704981051663,1
A2X1E214TRA9Q4,5,3,0.2,0.7092126673902529,0
A2X1IIDFC7YSZI,11,2,0.8181818181818182,0.832401258664379,0
A2X29Q2OV8D6PZ,19,5,0.21052631578947367,0.9539394138971865,0
A2X2MGHUCNOQ68,5,3,0.4,0.9570331550023656,0
A2X354HYO55NFX,9,2,0.4444444444444444,1.0567524956535626,0
A2X3DNDW9LGSOZ,5,2,0.6,0.5662796697626418,0
A2X3LO7U57XG5,6,1,0.6666666666666666,0.6409394698868384,0
A2X3PX2HTKMQID,10,7,0.5,0.5656388168916329,0
A2X3T4KQEYNBZM,7,2,0.7142857142857143,0.37494261145425234,0
A2X3TOL5HAU6OA,5,1,0.8,2.0754175022058234,0
A2X3W1DA2HMRJL,6,1,1.0,1.2358254550220253,0
A2X4U0ZHNQGRXX,6,2,0.3333333333333333,0.8316967630266863,0
A2X4UL21EF653R,9,5,0.7777777777777778,0.5821003655699568,0
A2X56FQHPZF48A,7,3,0.5714285714285714,0.7472276903256613,0
A2X5DRMW0F5DOZ,6,3,0.6666666666666666,0.9616210413311864,0
A2X5THJS0N2Z2M,7,4,0.0,0.7918618307683902,0
A2X5YQDN4P5RHA,6,2,1.0,0.6196788139677277,0
A2X674TN3P7AVU,11,2,0.45454545454545453,0.6966365621774654,0
A2X695AM08AIN1,42,3,0.4523809523809524,0.7533120363593161,0
A2X698OHEBB03P,24,3,0.8333333333333334,0.5186966465724121,0
A2X6COYUI9EKID,5,2,1.0,0.6101268296920471,0
A2X6DCDHW4UYUP,5,2,0.6,1.015023148148148,0
A2X7NBUETXC19E,13,1,0.23076923076923078,0.4737427338667289,0
A2X82DNFSIKWYY,5,5,0.4,0.3418846411804159,0
A2X8ORQE9W3GIH,5,1,1.0,0.6233126293995859,0
A2X8TPJV5HBD65,6,1,0.8333333333333334,1.1075106465350368,0
A2X9SQSKV4WKT0,15,3,0.4666666666666667,1.0764213646849672,0
A2X9T5SNNDLV21,12,3,0.75,0.5576489414182962,0
A2XA6JM1SKBSHV,19,11,0.8947368421052632,0.6297608913665779,0
A2XAKGRUHIE2ZA,39,2,0.717948717948718,0.9431194342880059,0
A2XAM27PKFKKWB,9,9,1.0,0.44745104299702,0
A2XAQ3LB4QPEV9,10,1,0.7,0.8518264967294682,0
A2XAQ8EG6DUKWY,7,3,1.0,0.6305208838223236,0
A2XAQOWHRPY98K,10,2,0.6,1.3974444444444445,0
A2XB18IXOKUV82,6,3,0.5,0.7354885719708267,0
A2XB9ZAJKW7QNL,18,4,0.7222222222222222,0.9565181074278528,0
A2XBCBPAJT6W40,9,3,0.5555555555555556,1.0281563737846662,0
A2XBFJZRMF9BJX,5,2,0.4,0.6336124401913876,0
A2XBLFO7ZO70VO,8,8,0.875,0.8049936794041459,0
A2XC4LA4D89ZA8,7,7,1.0,0.5656481066825895,0
A2XCA24U4LQ4CF,6,2,0.5,1.0125895339441502,0
A2XCLHO7US1MI0,9,4,0.7777777777777778,0.77500757518016,0
A2XD36ONYLNU5J,7,6,0.8571428571428571,1.0204562305951144,0
A2XDJQJY4GCETF,5,2,0.8,0.6430033187092802,0
A2XEX0P6SDSDVS,5,2,0.4,0.6678225835788861,0
A2XEXPBAXWRQUS,6,1,1.0,0.3345577289660941,0
A2XF6YX601SZ1Z,8,4,1.0,0.3729528061224491,0
A2XFBCWNNNG4OQ,5,1,0.0,1.125,0
A2XFGIOU6DQWMX,13,3,0.8461538461538461,0.5670033246980576,1
A2XFM8PN6G0B02,6,1,0.8333333333333334,0.7968296637651475,0
A2XFQFYADPW7SB,5,2,0.2,0.6902863777089784,0
A2XFVTEQ7FDQJH,6,2,1.0,1.4353540100250628,0
A2XFWW56M0ORQ3,6,2,0.5,0.8670126170126172,0
A2XGFPVV6P815H,8,2,0.625,0.4606128246753247,0
A2XGTJPI83DHW2,6,3,0.6666666666666666,0.4567014111991625,0
A2XHLFN893T4QQ,6,3,0.8333333333333334,0.8100634132892196,0
A2XIRK8WCGR6CF,12,12,0.9166666666666666,0.42037844994510115,1
A2XJP3MRBSGYKT,7,7,0.8571428571428571,1.0296138455382153,0
A2XK8WOE7ZP52G,16,3,0.8125,0.5214961593717362,0
A2XL2BZVJHTDNP,9,7,0.4444444444444444,0.5594722076864934,0
A2XL91CP36T8F1,7,4,0.42857142857142855,0.775160471712196,0
A2XLEVG4HE14CQ,8,1,0.25,1.26940836789908,0
A2XLKF9IMROL8P,5,1,0.8,1.6340550031982666,0
A2XLT12TLO0WUB,5,1,0.6,1.3550724637681157,0
A2XM50BCI5A9ZT,5,2,0.2,0.4435525934511736,0
A2XMR9ORMNKKM6,6,2,0.8333333333333334,0.6838408119658123,0
A2XMULYNIYD7T9,6,3,0.8333333333333334,0.344629136295803,0
A2XN2L0AFZ0PLG,9,2,0.6666666666666666,0.8599445099985034,0
A2XN4ENQSOS7DQ,5,2,0.8,0.3236966824644549,0
A2XNI4DVRX9VAM,9,3,0.7777777777777778,0.9583043562252489,0
A2XNJE10EFSQ2M,5,2,1.0,1.684756852343059,0
A2XO7E3FDFFLT3,7,7,0.2857142857142857,0.6830465605817011,0
A2XOA9ZXR2D0DF,6,3,0.6666666666666666,0.6680922472589139,0
A2XP34OHJTF1EI,14,5,0.35714285714285715,0.634489258940876,0
A2XP5EU9157FV0,6,2,0.3333333333333333,1.1379946077314498,0
A2XPJ5FLVMFJAY,35,5,0.8,0.9670423606255718,0
A2XPTIYJO4ZMWT,5,3,1.0,0.5397385620915035,0
A2XPTPB0OPNSFA,6,2,1.0,1.7700609296321856,0
A2XQ2YMOF1FP0H,6,1,0.6666666666666666,0.5937730479397146,0
A2XQCM6C945HSO,5,3,0.6,1.8157239745817138,1
A2XQHHYC2XY902,6,1,0.5,1.7926137407992246,0
A2XQY2UZRMC2U9,5,4,0.6,0.5257142857142858,0
A2XRE6MU9BIG0Y,5,2,0.6,1.0414635762961122,0
A2XRJ29ZLECVP5,10,3,0.7,1.073466394389411,0
A2XRMG58UOPU8R,5,5,1.0,0.34776842542799996,0
A2XS1EVB21CI39,5,5,0.2,0.7113579898362508,0
A2XS29627974V2,6,2,1.0,0.39761944287069023,0
A2XSGH4PUZ9V8M,11,1,0.45454545454545453,0.7929085021561512,0
A2XSKL7SCYK63T,6,2,0.8333333333333334,0.7909752734241225,0
A2XSM2DWMPR1MH,9,9,0.4444444444444444,1.047130893665989,0
A2XSN3IKSH7QJL,5,3,1.0,0.5175821083050635,0
A2XSV602WJZGAM,5,3,0.4,0.9489704345688118,0
A2XSWCW099J942,14,2,0.9285714285714286,0.5054342990549949,0
A2XT8C2ASRLF2M,26,1,0.38461538461538464,0.9250356375709122,0
A2XT93QTEMFMXM,6,2,0.8333333333333334,1.4302017427017428,0
A2XTG1CMAM6QU2,6,4,0.3333333333333333,1.0823809523809524,0
A2XTJ3W96MYEBB,7,2,0.14285714285714285,1.1390718477441057,0
A2XTR0MSQ0275D,11,2,0.45454545454545453,0.3981800881010366,0
A2XTRIJIRKVZIU,8,1,0.875,0.6985530322060913,0
A2XUMHOILXH9AM,8,2,1.0,0.8262774174982125,0
A2XUYFBCXRO21E,9,2,0.5555555555555556,0.6641355665326459,0
A2XVR5MH3843OR,5,2,0.6,0.2915268817204302,0
A2XW1QLZVLXZ6L,8,2,0.75,0.7788141890131032,0
A2XW35P5KF9UJY,14,4,0.7142857142857143,0.566431509343091,0
A2XW3V01Q8K7RO,5,3,1.0,0.6219340308049983,0
A2XWDHTF1F8X3N,6,2,0.6666666666666666,0.6766513377926423,0
A2XWEYNZ5EX1PB,8,2,0.875,0.9660974442224441,0
A2XWNP8DFXIF9W,5,2,0.6,0.605412017526277,0
A2XWVY6ETBH4C,6,1,0.8333333333333334,0.5074221046443269,0
A2XXCCT0TBVDIE,18,13,0.3888888888888889,0.7499038685729228,0
A2XXHWJTWB33WQ,8,4,0.25,0.5074579831932773,0
A2XXRN2ANQDBKO,9,3,0.6666666666666666,0.5517346667438761,0
A2XYBR08JXB6FM,5,2,0.8,0.6908805644524904,0
A2XYMZT92ECAD8,5,1,0.8,0.8657106782106784,0
A2XZCMCRPQDW6J,5,5,0.6,1.2004699635815057,0
A2XZD1EQ7FMYN3,10,7,0.6,1.6445690656527172,0
A2XZEJTY5EJ64K,22,8,0.8181818181818182,0.8898500972885397,0
A2XZSVLQMMDJ89,29,3,0.8275862068965517,0.6184222949829592,0
A2XZUB2TPKC95R,5,2,1.0,0.5672922349518095,0
A2Y07FRF7ZMZVF,5,2,0.4,0.5961640211640212,0
A2Y097UFHJ7HWG,8,3,0.75,1.4439633219830907,0
A2Y11TVW6NUK8A,5,2,0.8,0.8264801864801864,0
A2Y12OJTYAYDDL,9,3,0.7777777777777778,0.5320730224456933,0
A2Y1D9287MGNQ4,5,2,0.0,0.5935822510822509,0
A2Y1WCTQSD4PVP,6,1,0.3333333333333333,1.6615639749968107,0
A2Y2YN8TJB9U6P,5,2,0.4,1.2857730319994471,0
A2Y3AZK6UM3LLM,7,1,0.5714285714285714,0.7534013605442177,0
A2Y3BH7YAF3B1J,9,5,0.5555555555555556,0.7319768789758364,0
A2Y3E9ZMKAGHK6,9,3,0.3333333333333333,0.7553925440457949,0
A2Y3EV4HORECFJ,6,6,0.16666666666666666,1.5832755472343572,0
A2Y3F3C8N63JD7,10,3,1.0,1.1765804580723933,0
A2Y3F8RK5SE2ZU,7,3,0.7142857142857143,0.7251317523056652,0
A2Y3MMINQTYZZ1,5,1,0.0,0.9282371794871794,0
A2Y3TB6MSBZCK9,7,2,0.2857142857142857,1.48113131856738,0
A2Y3WO0FT1S4M0,5,4,0.8,0.7761195286195285,0
A2Y43HLB7AHNQX,5,2,1.0,0.6425229741019216,0
A2Y49KA0M7XKQD,7,2,0.8571428571428571,0.6839327462251052,0
A2Y4LA2GGM133X,9,3,1.0,1.0388474543754045,0
A2Y4N0IFVNNP46,11,1,0.36363636363636365,1.1007720148899454,0
A2Y52HTHY4ZK1J,9,3,0.6666666666666666,0.7536359152158181,0
A2Y567F4VE6MYB,7,3,0.42857142857142855,0.6887755102040816,0
A2Y5ABSRE39BDN,6,4,0.6666666666666666,0.29087679044797415,0
A2Y5NI5AOZMK6D,8,2,0.75,0.5934045897658913,0
A2Y5REWKC7TUHO,6,2,0.16666666666666666,0.5149831649831649,0
A2Y5YLEEP06Z6G,5,3,0.8,1.0764832384566732,0
A2Y6IDYSDC9QTY,14,5,0.5,1.1608094665345219,0
A2Y6LMN47WJOXN,6,4,0.3333333333333333,0.5284370015948961,0
A2Y6N1BFQND1XG,5,2,0.8,1.8247735687960422,0
A2Y6YYPH84E0IQ,7,2,0.7142857142857143,1.2626552795031056,0
A2Y739CRM15WDL,49,2,0.2653061224489796,0.6423496830729196,0
A2Y741UP4ZD9FL,5,2,1.0,0.48888888888888893,0
A2Y7Q9NAZ3D2W0,10,2,0.7,1.0926761779679723,1
A2Y7SQ2Y0XT92M,9,4,0.8888888888888888,0.6304501450448625,0
A2Y8EGG96GD6T1,6,2,0.6666666666666666,0.5004067866579948,0
A2Y8VMXX743FAN,6,6,0.16666666666666666,0.7243664717348927,0
A2Y8XRPFCJERHX,5,3,0.4,0.5754626403406892,0
A2Y92FJQ35V0QR,6,3,0.5,0.7016355641355642,0
A2Y9P0B8JGSY,6,6,0.6666666666666666,0.4570119866128269,0
A2Y9YCQBMCFUDL,6,2,1.0,0.5371794407939673,0
A2YBKKLYAMSJMU,11,2,0.6363636363636364,0.7629242860526282,0
A2YBOK9Y0R0Q5E,6,2,0.5,1.2878773731714908,0
A2YCT7G3HKOJJ0,5,3,0.6,0.6019047619047619,0
A2YDJ928L04Q1C,6,2,0.5,0.6105673507529867,0
A2YDK50S4K2JCX,7,1,0.7142857142857143,0.7656985871271585,0
A2YDSDW61A7JCW,11,4,0.45454545454545453,0.9753963356904533,0
A2YEA8F65SHGON,7,3,0.7142857142857143,0.6607637707756765,0
A2YEB6ZF3L9XV1,8,5,0.625,0.9432698164130338,0
A2YECFMBM0ZS6,17,3,0.8235294117647058,0.5698095701297231,0
A2YEE23RGYURJU,5,2,0.6,0.835076923076923,0
A2YEGCDUUAE94N,6,4,0.6666666666666666,1.5349206349206348,0
A2YEKL4SKHI5Y0,5,2,1.0,0.7018730158730159,0
A2YEOR4XJ8N3QE,46,2,0.6739130434782609,0.7960680449110565,0
A2YEU6L6OCPEC2,10,3,0.8,1.2770503065663341,0
A2YF4URKFGNEEV,6,6,0.6666666666666666,1.093634612768834,0
A2YFFCKWBT4ZL6,7,3,1.0,0.8291104313578977,0
A2YFTFT043RCIR,5,5,0.8,0.7633022533022533,0
A2YFUJL8RXAZM5,5,4,0.0,1.569212877017494,0
A2YGPF0A4T8DY,5,2,0.6,1.8188248732776464,0
A2YH5ELVY1VKQ7,11,1,0.2727272727272727,1.019057239057239,0
A2YH7F9YH12NIS,7,4,0.8571428571428571,0.40275190791116167,1
A2YHJG6LDK8A4W,9,3,0.3333333333333333,0.7626149468441558,0
A2YHLSCFPDQZBV,6,3,0.8333333333333334,0.4772260419319241,0
A2YHQ1K8U290GN,5,2,0.8,0.544102564102564,0
A2YHVZ52FRPAOR,8,1,0.125,0.8126340315464604,0
A2YI6MELL2JWUG,5,4,0.8,0.8614361776656857,0
A2YI80B81SFQ0O,5,3,1.0,1.0599206349206347,0
A2YIBBPK6JFVQC,19,3,0.7368421052631579,0.9975343118446529,0
A2YICFDQ540B0,7,5,0.2857142857142857,1.1488235413887609,0
A2YIFMKUZI1OGA,7,2,0.7142857142857143,0.702922077922078,0
A2YJOPWG7R7OWT,8,5,1.0,0.6250619916153017,0
A2YK4UP8YHQAUC,5,1,1.0,1.6997546897546898,0
A2YK7YPFT0FNVK,5,3,0.4,0.6596664521664521,0
A2YKI9I12FWCHG,6,3,0.5,0.8305836869147126,0
A2YKJMO5F61YKS,9,2,0.4444444444444444,0.9205484958320856,0
A2YL701K4ILF0O,5,2,0.6,0.5877192982456139,0
A2YLHJD0GC77J9,6,2,0.6666666666666666,0.3015551821472875,0
A2YLOBC5AMABSK,5,1,0.4,0.5841533345881172,0
A2YM9OX2D5LSE,7,5,0.0,0.580746532147483,0
A2YMFTKZIGM281,5,3,0.6,0.32162118075161555,0
A2YMH397HE8D0Y,8,4,0.875,0.6099662975445355,0
A2YMH80NS16MQ8,15,15,0.8666666666666667,0.374321720607953,0
A2YMH8JBTRKZ3C,5,2,0.8,0.7885195168214036,0
A2YMP0GYNVPLNT,21,8,0.2857142857142857,0.9095649615958366,0
A2YMTU63QRXULP,6,4,0.6666666666666666,0.8601406814023637,0
A2YMUWJM04EWUL,20,5,0.9,0.8090207248521143,0
A2YN17EABMMP9D,9,1,0.6666666666666666,0.7727078477078477,0
A2YND5M9WCFXID,23,9,0.9130434782608695,0.3505471275478149,0
A2YNYGO660LOTR,10,3,0.9,0.7832184715577812,0
A2YO5LAIK7CB2K,7,2,0.8571428571428571,1.5825130052020808,0
A2YOH9LHZ0XYG9,6,3,0.3333333333333333,0.7531869826842211,0
A2YOKHEFFT43MX,5,1,1.0,1.384479578392622,0
A2YORCT7S58Y39,9,5,0.7777777777777778,0.44721705353313923,2
A2YPE1GC2ORYJ7,5,1,0.2,1.0752432513722838,0
A2YPJM6WS48YAO,5,1,0.8,2.5165059719819167,0
A2YPO3NT7VGXW1,5,4,0.8,0.5168710780928871,0
A2YPOJ88NT674A,6,2,0.8333333333333334,0.5991363211951449,0
A2YPTBUWEAMXIB,5,2,1.0,1.0517670682730924,0
A2YQ67DXLWBA01,6,6,0.6666666666666666,0.6182469859889215,0
A2YQ8MEMUOWZK6,5,2,0.8,0.7851092611339849,0
A2YQGFJRHAZEX,5,2,0.8,0.9243386243386243,0
A2YQICWD7C1F9U,18,7,0.3888888888888889,0.5464769541437948,0
A2YQNNNQCZ808D,7,1,0.8571428571428571,0.3937362265867859,0
A2YR272YWI5USX,5,2,0.2,0.9710035879153527,0
A2YR7E5AWU2X3J,6,3,0.8333333333333334,0.9600967122308587,0
A2YRPZERLLTFK5,13,2,1.0,0.5628309031456793,0
A2YRX8J4WM5BRX,42,2,0.9761904761904762,0.6505286115006231,0
A2YSG47MVTUX1L,5,3,0.2,0.5546031746031745,0
A2YTASK1N6F7N1,9,3,0.7777777777777778,0.39195835003333956,0
A2YTI37KKD7KMF,6,1,0.5,1.367016806722689,0
A2YTKXHY0R0SUU,7,5,0.5714285714285714,0.45952380952380956,0
A2YU6764AC04DJ,8,5,1.0,0.47184865479598614,0
A2YUB71HT3NHBK,13,4,0.7692307692307693,0.8281384057596646,0
A2YUDQKESBIEEU,8,2,0.5,0.6652295194089438,0
A2YV1BOXUMTF03,10,2,0.8,1.404782790309106,0
A2YVDKPJ9BRPAD,7,1,1.0,1.3740364204649917,0
A2YVT8YVTMKJ3G,5,2,0.2,1.505979262672811,0
A2YW6XOID7GV6G,37,6,0.35135135135135137,0.9671648216970489,0
A2YWCLGSB71VFK,7,5,1.0,0.4329386239141445,0
A2YWHND2TY7706,5,4,1.0,2.302407031778228,0
A2YWHYLGHUTXB5,8,2,0.375,0.6258138751183105,0
A2YWN109M4NK3J,5,3,0.6,0.8949282034486238,0
A2YWT1Z459TX2Z,9,2,0.2222222222222222,0.336131519206954,1
A2YWY9BZ9KRDR,9,5,0.7777777777777778,0.7419028855322123,0
A2YXFEGFI46ZDN,6,1,0.5,0.505609871651305,0
A2YXPUODEY5LC2,5,1,0.8,1.632577030812325,0
A2YXSMAP0A5TH0,5,1,0.4,0.45833333333333337,0
A2YXYJ4JJC5BQB,9,1,0.6666666666666666,1.2425846064734953,0
A2YYGSXDHMQKSI,5,3,1.0,0.6107816854955482,0
A2YYX0UOJDYPBD,10,5,1.0,0.5115541208120871,0
A2YZ5I3CKKV6LY,5,3,0.6,0.4277233287993689,0
A2YZDI58BIHUHY,6,3,0.8333333333333334,0.8639122315592903,0
A2YZEZ1ZQCFRTA,25,4,0.72,1.1271191808009393,1
A2YZVO7HB60BO3,30,7,0.7,0.5453247852706787,0
A2YZZW6MQC1SVQ,9,4,0.4444444444444444,0.6274775085774115,1
A2Z0DRMXU98TT3,5,2,0.6,0.4647956989247312,0
A2Z0IOV7LLSICF,7,5,0.7142857142857143,0.5600894126411904,0
A2Z0PH91IV8WE,5,2,0.8,1.2157482993197277,0
A2Z0WHBPBRWB9K,5,4,0.4,0.4917463079185567,0
A2Z143QC5T90WG,5,1,0.6,2.2262692437123954,0
A2Z183MNV4D7IY,5,2,1.0,0.4347546479285608,0
A2Z1FK6BTK1IIQ,5,2,0.2,1.6,0
A2Z1TUR16L5SVA,5,2,1.0,0.8569826307613365,0
A2Z20G52ZTG3TG,7,4,1.0,0.4460013069672425,0
A2Z2FF0A2YUW6M,5,3,0.8,0.8570607333842627,0
A2Z2KYL81P4EGM,8,5,0.5,0.5429160217863336,0
A2Z2RKOFT8BZW6,5,3,0.8,0.7053639846743295,0
A2Z377QLXFD4VH,8,6,0.75,1.0154698310948311,0
A2Z3VJH6GJKHIS,7,2,0.7142857142857143,0.7994543271854198,0
A2Z4HOWGB3O2NP,5,1,0.8,0.6429004329004329,0
A2Z4KEZ66CD0IT,8,2,0.875,0.503829320022502,0
A2Z4VIJN83YDOG,17,7,0.8235294117647058,0.7508827272435663,0
A2Z4W5JX3R4D7L,5,2,0.8,0.5941497200117889,0
A2Z51NHQ9FYO7A,5,2,0.4,1.1617293233082706,0
A2Z57VNAIKJ1E4,5,1,0.4,1.576625850340136,0
A2Z5D065JAEB3,5,1,1.0,1.8157142857142858,0
A2Z5RHGZN1Y09E,6,4,0.6666666666666666,0.6714110492681923,0
A2Z61J4CUFPBA7,11,2,0.9090909090909091,0.5372503185929979,1
A2Z6M29DOKM8EB,5,3,0.8,1.000619644772355,0
A2Z6WUBUEHL4IY,8,3,0.875,1.231833743828322,0
A2Z79NJW2QXSG5,13,3,0.8461538461538461,0.761879826334357,0
A2Z7ESXZL3H9PN,12,7,0.75,0.9259228262217264,0
A2Z7HNOUSJ8NWT,5,1,0.4,1.257015457355883,0
A2Z8ZU2FQ8R5Y6,7,6,1.0,1.1896669012432557,0
A2Z93MCK9VL8PM,6,3,0.16666666666666666,0.8876097605783992,0
A2Z9LV56BDY6EM,6,5,0.3333333333333333,0.28667104586736736,0
A2ZAOZ1TYBJVUM,5,2,0.2,0.7873778103616813,0
A2ZB213G4PRCM4,5,2,1.0,1.2888744588744587,0
A2ZB25DSTJH8YZ,7,2,0.7142857142857143,1.1054508735312305,0
A2ZBCBD0R8S72V,10,9,0.8,0.8411616080509609,0
A2ZBRW5Y9FU11R,6,6,0.6666666666666666,0.3949499632663933,0
A2ZBVGD9NMEFCX,8,2,0.625,0.850618982849692,0
A2ZCD901QJP827,5,3,0.6,0.4412309849118568,0
A2ZCG424VQZFSP,19,5,0.5789473684210527,0.7701845423968902,0
A2ZCHU5ZNKMCYF,12,7,0.8333333333333334,0.4658534632961164,0
A2ZCWFNMC84GPY,5,2,0.2,0.4780952380952381,0
A2ZCWSZICBSO8Z,8,3,0.875,0.42307037876784703,0
A2ZDJTAXWCQRU5,8,2,0.75,1.093594337171184,0
A2ZDMIP49N36UJ,11,9,0.9090909090909091,0.7182696067373487,0
A2ZDU057E1Z65V,9,2,0.6666666666666666,0.5240015899738123,0
A2ZDX2GRH96GL5,5,1,1.0,0.9336019536019539,0
A2ZECYNBMKNY78,5,2,1.0,0.5415196743554953,0
A2ZEP41O7N9OEV,5,1,0.8,0.7031388152077808,0
A2ZF8MATF35N48,6,1,0.16666666666666666,0.5669525025846864,0
A2ZG3TLZAJ1SM2,5,1,1.0,1.0544579533941238,0
A2ZGDSN7DH5ERF,5,1,0.4,1.1252525252525254,0
A2ZH26QW2ZPK2C,14,4,0.6428571428571429,0.5140066607627019,0
A2ZHNMF8EDSA34,7,3,0.7142857142857143,0.922095504868614,0
A2ZHSHIVYKUFQQ,8,3,1.0,1.1372461450262534,0
A2ZIIOORFKU1S9,5,3,0.4,0.5456813634983633,0
A2ZIM0MV1D1CNU,11,3,0.9090909090909091,0.35286770925716154,0
A2ZIYV6Y9FLYEC,7,3,0.8571428571428571,0.5640531182502256,0
A2ZJAJPVFH9PE4,7,1,0.5714285714285714,1.385944583032513,0
A2ZJMLZ1IA2YA9,19,3,0.42105263157894735,0.7810010016930302,1
A2ZK6GEC4045K,5,2,0.4,0.7891844553913518,0
A2ZKQC0XCIIAEM,31,2,0.6774193548387096,0.6238518722641878,0
A2ZKSY7U1UYAG1,9,4,0.8888888888888888,0.7700217680057977,0
A2ZKZFCPLF0ROJ,6,1,1.0,1.0702483439947497,0
A2ZLGZ6V1UV5FX,6,5,1.0,0.6876493428912784,0
A2ZLYKRCOKAP1D,5,1,0.2,0.6767835675496416,0
A2ZM11MEGHZ4ZA,6,2,0.6666666666666666,0.8432331031053306,0
A2ZM5YCX8XFZZ4,6,3,0.8333333333333334,0.24294372294372302,0
A2ZM7O40B01QJ6,5,1,1.0,0.6423793023793023,1
A2ZMBVLU9GR4EZ,5,1,0.8,0.7313146997929607,0
A2ZMDF5DYWB7II,8,1,0.75,1.0041943351345888,0
A2ZMGBHL8HQADQ,5,2,0.8,0.9023452157598498,0
A2ZMH05LYXCVT7,6,3,1.0,0.6109924230304972,0
A2ZMK9EZNTII62,7,7,0.7142857142857143,0.940597496342838,0
A2ZMT1JMXG4YBB,5,3,0.8,0.9070473057644108,0
A2ZN4Z64QH3321,13,2,0.7692307692307693,0.7241776514655484,1
A2ZNANUA9P1CUT,5,3,1.0,1.188639910813824,0
A2ZNDM5U1QWHZ2,25,4,0.88,0.5959643527018205,0
A2ZO2WKMD42MI,8,4,0.875,0.9984318546259083,0
A2ZOG2EB2AA4MX,6,5,0.6666666666666666,0.6046372205149483,0
A2ZOJ0TES9MMDJ,9,4,0.5555555555555556,0.7783578674632315,0
A2ZOL3X7TU4NHS,5,1,0.8,0.37848173085977965,0
A2ZOM5ZCF115OR,5,1,0.2,0.5303317818355413,0
A2ZOMLJSE5BK0D,7,4,0.7142857142857143,1.397653933368219,0
A2ZPBQ3VEKPTYA,7,2,0.42857142857142855,1.2090738286656655,0
A2ZPUPNKC6JEL7,5,2,0.4,0.6385031635031635,0
A2ZPV9O5HMJCLG,5,3,0.8,0.4050900448129999,0
A2ZQ3XIF26IF8N,11,3,0.36363636363636365,0.730268951315692,0
A2ZQAJIXZTZME5,10,4,0.6,0.5291188328747356,0
A2ZQFEEE4CR8HN,5,1,1.0,0.543962962962963,0
A2ZQVMW5RF4OYZ,10,2,0.9,1.2661617331400425,0
A2ZR3YTMEEIIZ4,12,2,0.5833333333333334,1.2168056494628503,0
A2ZRQ6XQ8XNMTO,12,3,1.0,0.7234239909423928,0
A2ZRSG04YX4S9J,5,3,0.2,0.6472978566149299,0
A2ZSL86ZBX1PXT,5,2,0.8,0.3677652464494569,0
A2ZSR37M3KHK8C,5,3,1.0,1.0330718954248366,0
A2ZSTNMENRKS5T,6,2,0.5,0.39533258180799163,0
A2ZSUHT88VU7BT,5,4,0.6,0.5297580850522027,0
A2ZT2JGCO95CL2,9,4,0.8888888888888888,0.7008784115214551,0
A2ZT5LYQVJQJAU,27,4,0.6666666666666666,0.7292155830562032,0
A2ZT9K39C45LEF,5,3,0.0,0.9269005847953216,0
A2ZTT1HI6H604G,5,2,0.6,1.2380315446294827,0
A2ZTUIWXR6FED1,12,11,0.5833333333333334,0.744048135354948,0
A2ZU4L8XD8B8JA,5,3,0.8,1.6866666666666668,0
A2ZU4ZTPJ8PURX,5,2,0.8,0.5226007326007327,0
A2ZUBV1VSZ28SF,5,2,0.0,1.2067255768286695,0
A2ZURRQF0GINKQ,10,4,0.7,1.0009828223526853,0
A2ZUZ3YCZZTV25,6,2,0.6666666666666666,0.5510970840745361,0
A2ZVQL2Y73ND45,7,4,0.7142857142857143,0.578622871930783,0
A2ZW7489DI8K63,8,4,0.875,1.0932710953878408,0
A2ZWHO87S7L5DA,5,2,0.2,1.9828544052073465,0
A2ZWT8VQXLOFLL,5,2,0.4,0.9794405912052971,0
A2ZX53OTVSE6RU,5,2,1.0,0.5694203166308158,0
A2ZXBFBA7EKYNR,17,1,0.6470588235294118,0.6139664689762298,0
A2ZXE6NS78MKIB,5,1,0.2,0.5847619047619047,0
A2ZXYCWPNS6KX4,6,2,0.8333333333333334,0.6185714285714287,0
A2ZXYKQYUYS9PW,6,3,1.0,1.462333010885647,0
A2ZY14X18VVJAI,15,12,0.8666666666666667,0.841614257665336,0
A2ZY23X9IKXMON,16,2,0.5,1.1304477868622607,0
A2ZY49IDE6TY5I,82,4,0.25609756097560976,0.4551778018278119,0
A2ZYEJTUAN7DFH,5,2,1.0,0.54512077294686,0
A2ZYHMQDLQ8O76,5,1,0.6,1.135,0
A2ZZFET0L13WX8,9,5,0.3333333333333333,0.6633068275332246,0
A2ZZGQXU0CXLOU,12,4,0.5,0.5902211141281551,0
A3000WU5V0DPHY,8,3,0.625,0.5525246222984219,0
A300B9VXTHK1A9,5,5,0.8,1.1928767150312818,0
A300JNN2QFGDQW,5,5,1.0,2.1043893182764846,0
A300M5BZZ1FWRX,12,2,0.6666666666666666,0.8746374433883517,0
A300MWWJMG56B3,5,1,1.0,1.114175654853621,1
A300O9HLPSZNVS,18,3,0.5,0.6662149106662072,0
A301T1CYM0BURT,6,3,1.0,0.6173188101433538,0
A30228FLDRL7S8,5,5,0.8,1.16213996529786,0
A3024PJIRXPB8A,6,3,0.8333333333333334,0.5796809593055724,0
A302D18ZNWARQ9,6,3,0.6666666666666666,0.8036881419234362,0
A3039A0S3TWLIV,6,5,0.3333333333333333,0.8352653882065647,0
A303C6K2T1EUMI,5,4,0.8,0.44113653432017513,0
A303UDTZGJRFL,5,2,0.4,1.6117261904761904,0
A30411QNHGSW5Y,13,8,0.3076923076923077,1.06777496748989,0
A304D7C3WL901L,5,4,0.6,0.515414710485133,0
A304GUEPCPYM3Z,8,1,1.0,0.8519350012732365,0
A304LZ9EO9V1BV,5,2,0.8,0.8298940189348052,1
A304VKMBH70XKZ,5,3,1.0,0.23288413547237088,0
A305AFH0GCV6TZ,5,1,0.4,0.7531194295900179,0
A305EHGTB1OGTA,5,3,0.8,0.821590486807878,0
A305XJYZOLQ4M2,5,1,0.6,0.5972222222222223,0
A305YZ79VZR02F,15,4,0.4,0.6013897389895203,0
A30611NHKR82CL,8,7,0.875,0.6598673144121037,0
A306153FTKS9PL,21,1,0.14285714285714285,0.8535004107636894,0
A306LNS6H0P1W,23,4,1.0,1.135922045768108,0
A3077MQTAKOVFZ,49,13,0.6122448979591837,0.7522826375600186,1
A307D760B04CAJ,6,2,0.5,0.548266983561101,0
A307HH9TTFX1YK,5,2,1.0,1.1747863247863246,0
A307N15HTJLGO8,5,3,0.6,0.7680901198979001,0
A307U8GALLGEEZ,5,5,0.8,0.8359126984126984,0
A308ET1SK00U6V,5,1,0.8,0.6558543417366948,0
A308JP3BK4VAL7,7,2,0.7142857142857143,1.164271165828376,0
A3091RP0SPZLMN,26,2,0.4230769230769231,0.7924147923463717,0
A309CY4X0WL3ZN,16,3,0.625,0.872040960214028,0
A309U5BPYF81ZY,5,2,1.0,1.19015873015873,0
A30A1GBJJISEHH,13,4,0.6153846153846154,0.7414234727909258,0
A30AD1EAHR7YRM,7,4,0.5714285714285714,0.67151884208274,0
A30AH4DU1TR8Y4,19,5,0.9473684210526315,1.096325847648177,0
A30AIF9C8AK6OB,5,1,0.4,0.9258318209316394,0
A30AJN6GOZ7IXL,14,4,0.7857142857142857,0.3536293790096598,0
A30AKFPDU5DRR2,6,2,0.8333333333333334,0.637370940859313,0
A30AXUOZHZ1T61,9,5,0.7777777777777778,1.1498236331569665,0
A30B0085T09TPK,5,1,0.6,1.35267890579366,0
A30BWBOI4I0GZC,8,5,0.875,0.8819386462656342,0
A30C7MD4KY9J9W,9,5,0.6666666666666666,1.3068867618710633,0
A30CIM3WEKPH2E,5,1,0.4,1.3530062111801242,0
A30CLL9WM1ZJL3,5,5,0.8,0.6877777777777778,0
A30CS0KX2NDAMV,5,3,0.8,0.4360992907801419,0
A30CV4T4I9Y89P,17,2,0.5294117647058824,1.0411467267030878,0
A30DNUNVTNHVYK,5,2,1.0,1.4511924807837828,0
A30DRGHSJJBZ9I,11,5,0.9090909090909091,1.2678392487216017,0
A30E9ISJUEZ96J,7,2,0.7142857142857143,0.9018257368551917,0
A30EUHEZEC6QOZ,7,1,1.0,0.6638528138528137,0
A30F8NJMFB3W3O,5,1,0.4,0.3683605283605285,0
A30F9840P74GAQ,5,2,1.0,1.412937062937063,0
A30FBO6KDEOUEP,6,3,1.0,0.49305555555555564,0
A30FFIEH8EWYPM,12,2,0.3333333333333333,1.041931592143544,0
A30FLSURDH2YYX,8,1,0.625,0.6479353979353979,0
A30GWE163ASTPX,5,3,0.4,0.8396695520313389,0
A30HAGYXB3WZ1E,11,1,0.5454545454545454,1.151250178563665,0
A30HYOZKPSCRMP,8,2,1.0,0.978157096171802,0
A30I5HN8A28V00,8,2,1.0,0.8880296364821338,0
A30I71BY5AUC6F,5,1,0.8,1.2123521835850601,0
A30I7QW6LY5MTL,8,4,0.625,0.7241390064954161,0
A30IB598ICYWVZ,7,4,0.2857142857142857,0.5588259340675087,0
A30IC78OWIW5OW,8,1,0.75,0.6387775842044134,0
A30IKMZYBU5DKU,5,2,0.8,0.8178682264137445,0
A30IVDY024K9OE,7,1,0.5714285714285714,0.8190042292576853,0
A30JLW5XPHUNKA,5,5,0.4,0.6028705384150029,0
A30JO83LNHPMI6,6,3,0.6666666666666666,1.2935597003028854,0
A30JQO0QLNDG1D,12,4,0.8333333333333334,0.47768425197748754,0
A30JRFHETXW187,7,2,0.7142857142857143,1.0493078626799555,0
A30KCMASCI2X95,5,2,0.6,1.0794056641404068,0
A30KNLUAYQ73F2,5,1,0.8,0.8321276595744681,0
A30KO9VSROKOJT,5,1,0.6,1.1315825163575504,0
A30KRK43C7UWCL,5,2,0.4,0.8491013071895426,0
A30L1BE7U9WL2I,5,1,0.6,0.528922305764411,0
A30L1N5XL04S7Y,5,2,1.0,0.6790909090909093,0
A30L1TZXGV9DBH,10,1,0.1,1.7675213675213677,0
A30L4U879FOWLK,5,2,0.8,0.4127250930154741,0
A30L5HM24RSPI1,6,3,0.8333333333333334,0.5817663817663816,0
A30LDKZQ0I6O92,5,3,0.6,0.7153113553113553,0
A30LG4SAVOAVEO,6,2,0.3333333333333333,0.7051440329218107,0
A30LTCNBG96J9Q,7,3,0.14285714285714285,0.37110273187144543,0
A30LVBJ8016E45,6,1,0.8333333333333334,0.41489280754817476,0
A30M43UCEU5JU4,5,3,1.0,0.4929568797215856,0
A30M6GW99Q00VM,13,2,0.8461538461538461,0.7389120518391602,0
A30MVW1RBJ1YGD,10,2,0.6,0.6909812771208121,0
A30MWMKIF9CDYN,5,5,0.4,0.5960606060606061,0
A30NKV5H3TPHIT,7,3,0.5714285714285714,0.5364739482281279,0
A30NMZPFOSQ5SZ,5,4,1.0,0.3752376585263601,0
A30OF3ZLZEJVGT,13,4,0.8461538461538461,0.8364543701173446,0
A30OQMX8UVGBHO,7,1,0.8571428571428571,0.9722457128198754,0
A30P43E8XJ6LBU,7,7,0.5714285714285714,0.6861000344193621,0
A30PPJVP7QJ5O4,5,1,0.6,0.4705797786258419,0
A30PPSLQCGPNT9,7,2,0.5714285714285714,1.102092704024954,0
A30R6CO2E87H0R,6,6,0.8333333333333334,1.0333163554046407,1
A30RCYJTRHS325,6,2,0.8333333333333334,1.1288774261234484,0
A30RMQZADGBG6V,10,8,1.0,0.623036464901219,0
A30RV8W573LWCA,6,1,0.6666666666666666,0.7816416040100251,0
A30RWRLGQLX13T,5,4,0.8,0.5874065554916619,0
A30SAI9X2TR91C,6,3,0.8333333333333334,0.5277124452837825,0
A30SCXATHF163U,5,4,0.8,1.3285714285714287,0
A30SKOMU0QQ3UN,6,3,0.8333333333333334,0.6671488736706127,0
A30SRC26KR8HZU,5,4,0.8,0.5933826034230401,0
A30STJ6DT9RUMY,6,4,0.8333333333333334,0.7382506920897014,0
A30SYUJXR23NXB,5,3,1.0,0.6796386630532972,0
A30TT3NLCYM8MF,6,3,0.8333333333333334,0.44554862348980007,0
A30TTTKW51FMMT,5,4,1.0,0.45174049125671906,0
A30TY4X7L29NVR,7,2,0.42857142857142855,0.8645021645021644,0
A30U2WBMAUMCGC,5,4,0.4,0.7071622816011087,0
A30U514GXPA8E1,5,4,1.0,0.9826470588235292,0
A30U7KWGFN9P8J,10,9,1.0,0.5417080201804868,0
A30UBGZ6MBVWH9,5,2,0.6,0.6813333333333335,0
A30UIX94KZY50P,5,1,0.6,1.8692855635289152,0
A30UMRBVWX0VPX,5,4,1.0,0.33832702020202027,0
A30UNFIT9XNPQ1,5,4,0.2,0.913484606157537,0
A30UPB9E4W92MW,5,4,1.0,0.6220211640211641,0
A30VBMHGJG11A9,5,2,0.8,0.8062593590895478,0
A30VSH8GRQOGH9,5,5,0.8,0.554243156199678,0
A30VU58M8C44WA,6,1,0.5,1.0232841232841234,0
A30VX6KH8RZS4R,17,5,0.5882352941176471,1.552178661379765,0
A30W5HJP2AL008,5,1,1.0,1.0761570247933885,0
A30WCR0A3N1MNH,5,2,0.2,0.4678976217019695,0
A30WDIW9B3XQY1,9,1,0.6666666666666666,1.6596378158878158,0
A30WN3YKW6PWAO,11,3,0.9090909090909091,0.29823841178584265,0
A30WUE24YE26CV,5,3,1.0,0.5070338472443735,0
A30XJ7QUNXCXYW,5,3,0.6,0.3653623188405798,0
A30XNW5IY98TC0,5,2,0.6,0.6008085430968727,0
A30XQ7TPHLPS2Z,8,1,0.75,0.4964379942538545,0
A30XRA4GPXPKPT,7,7,0.5714285714285714,0.4981063419739379,0
A30XVXQHZAYMPL,9,1,0.3333333333333333,1.0890374415466215,0
A30YDEJLEWS5GT,5,3,0.8,0.7186231094978826,0
A30YDYGEAUEA73,6,2,1.0,1.0230118646785313,0
A30YIKKMLUE5DL,5,5,0.8,0.5820475838170275,0
A30YIR4OUR48S8,5,2,0.6,0.9786531184673599,0
A30YLS4CPWB5L4,6,3,0.8333333333333334,0.7365199646946204,0
A30YO2G0MDE1PG,7,3,0.14285714285714285,0.35864811066112695,0
A30Z2DHA1GI70Q,6,6,1.0,0.8210416844137773,0
A30Z6II1P7UHPZ,6,3,0.6666666666666666,1.1502069009421951,0
A30Z9EWE8VY95B,15,2,0.6,1.264527962458997,0
A30ZI78LPFJ7JR,5,4,1.0,0.8681486226777707,0
A3104U1ODDPBHR,7,4,0.7142857142857143,0.9477804906181474,0
A3107N9T58B4GI,7,3,0.42857142857142855,0.4672115768982798,0
A310SKH8L08AQT,12,10,0.8333333333333334,0.6800731273557362,0
A31178M47FKV2V,12,5,1.0,0.6831091433343787,0
A311FQPRTQ5QIM,5,2,0.8,0.5900000000000001,0
A311K0J49AR5OK,5,1,0.6,0.9280672268907562,0
A3120UZEVFKPD7,11,11,0.6363636363636364,0.9064628973719884,0
A312AADW1ZEZ8H,7,1,0.7142857142857143,1.0114634895053911,0
A312B9IUJTD7F9,5,5,0.8,0.6239187276977975,0
A312FYFS8KVEYX,5,4,0.2,0.6112200408223385,0
A312JHV2DVYQIA,9,4,0.2222222222222222,0.6573422699747599,0
A312KWJ4J39879,7,2,1.0,1.6675486793907848,0
A312XIVHMELE2P,8,2,1.0,0.44241161616161606,0
A312ZY7Y941JVA,16,6,0.75,0.7409896383202699,0
A312ZYCZXPIZFT,5,2,0.6,1.044871794871795,0
A3131NCMSV2A77,15,10,0.5333333333333333,0.4171777146154818,1
A31335U0SAOJLH,10,4,1.0,1.4120005654441201,0
A3135J347MDKYK,8,2,0.75,0.5808800129285696,0
A31397SXJE1HM0,8,1,0.875,0.6692958593693887,0
A313CT4P8KT0IA,6,3,1.0,0.547970730043947,0
A313ERD5CL2RRQ,8,3,0.875,0.668218726345039,0
A313H6238N589,32,2,0.4375,0.8146794831000348,0
A314RIYBEK9KSC,5,2,0.6,1.7265736434108525,0
A315S8YEMWY7CX,5,1,0.8,0.6967937084089534,0
A3167BZWGCNLI0,6,1,0.8333333333333334,0.5965501792114695,0
A316LLSM7YZL72,6,2,1.0,0.7400462962962964,0
A316RLHHO9Y24T,25,2,0.36,0.5437279192050624,1
A3182WCBCFNZ3N,6,3,0.8333333333333334,0.4726618953386719,0
A3185VDI67NBSX,11,6,0.2727272727272727,0.8707439988689988,0
A318JXOPGBBDPE,7,2,0.7142857142857143,0.6389487519482636,0
A318VRHUBIUMB3,5,4,0.6,0.46940476190476177,0
A3190RJ4JEAO88,8,1,0.75,2.378985262766727,0
A31A9ZQS18XLAP,5,2,0.6,1.0050173973556018,0
A31AH7RPW17NI5,5,1,0.4,1.0522812051649928,0
A31BGUC1TM5MWD,6,2,0.5,0.8492884250474383,0
A31BOB0PPGTKWA,8,4,0.375,0.9395179155950433,0
A31C0SXAAHXODS,6,1,0.6666666666666666,0.30468910006701116,0
A31C14LOP2B610,5,3,0.6,0.8166312582988361,0
A31CQSAL2PI371,8,2,0.75,1.0549703077774681,0
A31CXNIS5OS9FL,5,2,1.0,0.9303585887796413,0
A31DHUTTHE2PWF,5,2,0.8,1.047942353005644,0
A31DIPWS4RP3J7,6,3,0.8333333333333334,0.6245992569521982,0
A31DVKL8JE4XAH,5,1,1.0,1.0209453436547031,1
A31E8SJGJJZGL9,9,5,1.0,0.8567678577082964,0
A31EP0THMKKG0T,7,2,1.0,0.9889869461298032,0
A31EUFYV87EKZF,9,1,0.7777777777777778,0.8391997084219718,0
A31EVGYGBHIVY3,6,2,0.8333333333333334,1.1767957351290683,0
A31EWOMMBH9IEO,10,3,1.0,0.4059040751423334,0
A31FH6VPXY3YCP,7,3,0.5714285714285714,0.7313911071675047,0
A31FL3W1B9N7HR,6,1,0.5,1.3833727804522296,0
A31FUWP3DWIXH5,5,3,0.6,1.0691387559808612,0
A31FYGE53VGBH7,8,2,0.875,0.4348890730153385,0
A31FZ4PMHCZRG0,22,4,0.45454545454545453,0.572074165750249,0
A31FZONKD9L6J3,5,2,0.8,0.5928571428571429,0
A31GMBLPXYVO9J,8,4,0.875,0.8304450757575756,0
A31GRYHE6LS3JT,6,2,0.6666666666666666,0.8924572649572649,0
A31H33Z895OO6V,9,2,0.4444444444444444,0.7591049066419702,0
A31H79QO2MPOJ7,5,3,1.0,0.5682665335425285,0
A31HE83MU98GBV,51,3,0.7058823529411765,0.7271534189065602,0
A31HJAE2E3R1LX,5,4,1.0,1.0964285714285715,0
A31HJMR8S7OI9V,5,3,0.4,1.0384173471129994,0
A31I5YKPPZCCEQ,5,3,1.0,0.7532646834477498,0
A31IDGEGJXGOPD,20,5,0.75,0.5995274971690804,0
A31IXCWL50KRR7,5,2,0.6,0.554343025395657,0
A31JJ826HPP05W,26,6,0.9230769230769231,0.6767033231618129,0
A31JSQMJGDUR72,8,4,1.0,0.9213327790630421,0
A31K5AKV01KA8V,9,3,0.7777777777777778,1.114280553048669,0
A31K6XBC9DQWN,16,2,0.9375,0.4932825095163458,0
A31K74ADR1D4QR,6,2,0.6666666666666666,0.628151015205017,0
A31L4F663NFGBZ,5,3,0.8,0.601025641025641,0
A31L95HWZ3PF97,5,5,1.0,0.3765381708238852,0
A31LPS0TOFNNOT,5,5,1.0,0.6533333333333332,0
A31LRPDDZ59TBU,5,3,1.0,0.6289632848106412,0
A31LX0K4MEAYK7,5,1,0.8,2.476186868686869,0
A31M42RZO8ULPX,6,3,0.3333333333333333,0.42901665750904855,0
A31M9Z1035S349,8,2,1.0,1.2279066597369697,0
A31N1284OQUN61,5,2,1.0,1.097179487179487,0
A31N71BLI9AA1B,5,1,0.4,0.8263636363636364,0
A31NN7I7VXGTXA,5,5,0.8,0.6492248301070578,0
A31ODJAFB7AG1,8,2,0.625,1.63578498317188,0
A31OHK8WP6F99L,11,1,0.7272727272727273,0.9229287634302097,0
A31OJ0ZL2S03UF,5,2,0.4,0.5097247140576981,0
A31OJB6LNOLZKU,5,1,0.8,0.28222222222222226,0
A31OP1X74MIK2E,8,1,0.25,1.5485119047619047,0
A31OQEN2R4QZKE,12,3,0.8333333333333334,1.193415664655981,0
A31OTIE1FCYEU,5,2,1.0,1.4862018034666256,0
A31P0ZB0P6N6H1,6,2,0.6666666666666666,1.1646167384020611,0
A31P3WRM4BRRAV,10,2,0.6,0.6068001022011517,0
A31PQ63OHGCMFP,5,4,1.0,0.6313651749676594,0
A31QC8CFQL7MBU,7,3,0.8571428571428571,0.5073357318037404,0
A31QFTRBRCF293,6,3,0.5,0.4654040404040405,0
A31R0Z6UJYJC2D,5,2,0.6,0.7080303030303029,0
A31R16WH927T4B,5,1,0.6,1.5564646705951053,0
A31R7NIWFV4EUC,7,7,0.7142857142857143,0.866568916234815,0
A31RC0XJ193BPN,5,1,0.8,0.6369664385793417,0
A31RGXJLHDTW3S,6,2,0.6666666666666666,1.0337421837421836,0
A31RLULNKYYBVX,13,5,0.6153846153846154,1.3847936985100577,0
A31RZMVAFMLB8B,22,3,0.8181818181818182,1.1018629408254443,0
A31SFWPRTFTC8M,21,3,0.7142857142857143,0.6019140089903178,0
A31SGDR2YRIULB,9,1,0.3333333333333333,1.3226049468309529,0
A31SGQKRQTDAGK,6,2,0.3333333333333333,2.3752158934068626,0
A31SNH08CPZHTT,5,4,0.0,0.7814285714285714,0
A31SQTLRDWJWED,8,1,0.625,0.7679347826086957,0
A31STDRE9UAFZD,9,4,0.5555555555555556,0.8525472611679508,0
A31STZHIXMVP17,11,4,0.8181818181818182,0.7584557423269243,0
A31T1AW7P3S3QQ,6,3,0.5,0.5103038863558401,0
A31T2HI8SX0D39,5,1,1.0,0.4407179487179487,0
A31T3R11BANT93,6,1,0.6666666666666666,0.9249919198448611,0
A31T5S3FA0GCD2,16,3,0.875,0.7746227557370535,0
A31TKXW3QPH9T,5,2,1.0,1.522227678916614,0
A31TT5G7U1TK7C,6,2,1.0,2.8728747098312315,0
A31TUX8NSV3LGE,5,5,0.4,0.4568283453732371,0
A31U58XL0RCA37,9,3,0.7777777777777778,0.8644475053565964,0
A31U7CXJXK4J65,5,1,1.0,1.1643689759106304,0
A31U9SQBR2ACLM,5,2,0.4,0.6896825639138396,0
A31UM38UFS5OF5,5,2,0.4,0.8194444444444444,0
A31UN01C95N0TV,8,2,0.625,0.4369759032999163,0
A31UNBJSKHNS2D,5,3,0.6,0.4911803060545575,0
A31UYC5VYQ3UB5,5,1,0.8,0.7178571428571427,0
A31WACMHGEDJ4D,7,5,0.2857142857142857,0.5460422916898156,0
A31WE2V3SK3N5B,6,5,1.0,0.37142785942128026,0
A31WW12OWRZTH3,6,3,0.5,0.3826482508529951,0
A31WZFZUUMB98W,5,2,0.8,0.2903030303030304,0
A31X0C345WKWQU,6,3,0.6666666666666666,0.5372753267973857,0
A31XF50SK13JUU,9,8,0.6666666666666666,0.5032347073420469,0
A31XF91YCEX4CP,8,4,0.875,1.0070981481837586,0
A31XKIQVPUS8CG,6,3,0.8333333333333334,0.39202656170324907,0
A31XKTSBWA49HK,12,5,0.4166666666666667,1.2207949257163329,0
A31XXJOZ0B99T8,6,1,1.0,0.654775518223794,0
A31XZFAU4LE4C5,7,1,1.0,0.5379575905803379,0
A31YKTYMKAKOUX,6,6,0.3333333333333333,0.7994851108487472,0
A31YYDDZNM6NAG,27,3,0.6296296296296297,0.7235763935233294,0
A31ZCZACQYOQ5,13,8,0.9230769230769231,0.4170556004277974,0
A31ZO2G7KA11AR,14,4,0.7857142857142857,0.680097892556143,0
A3207R1RILQLRO,5,1,0.4,0.8933333333333333,0
A32096D3NJCP6H,6,2,0.16666666666666666,0.9407328741370069,0
A320A9LP5UZOP5,5,5,0.8,0.6686676798378927,0
A320BFX1GRFV70,5,1,0.2,0.9234920634920634,0
A320DLHQTRFL5L,10,3,0.8,0.6135634447519693,0
A320E5XIKD3CX4,6,2,0.8333333333333334,0.9947420634920636,0
A320JNJN2YYRFM,5,2,0.8,0.471367677505785,0
A3211IGL56WLBK,9,4,0.4444444444444444,0.5371629087703208,0
A321LGD46B3M9Y,5,2,0.8,0.6925015222244774,0
A321W5W5IJ9R6N,5,4,0.4,0.9358318299474468,0
A32200PYEKDNOG,10,3,0.9,0.4831655936854385,0
A322607AHOM6VW,7,2,0.8571428571428571,0.9390409252946029,0
A3226KN23XIR3R,6,1,0.3333333333333333,0.8187910318345102,0
A322I8YLQCAAPS,9,3,0.6666666666666666,0.8043311799117261,0
A322NTYHYMO6W9,7,3,0.8571428571428571,1.0171060356600425,0
A322Y55VLYPBWP,5,2,1.0,0.7539393939393939,0
A322YPEIK3K7CY,6,2,0.8333333333333334,0.756142893465548,1
A323304W2UIUTX,7,3,0.8571428571428571,0.5958347419176911,0
A323432OPZ02V1,5,2,0.8,0.9895649955351449,0
A3237FOR4LVBZO,7,1,0.5714285714285714,0.7394690986762599,0
A323FTYFV1BHWP,7,1,0.7142857142857143,0.9262048568293221,0
A323TWQ90A893U,8,5,0.875,0.8283012372476549,0
A32461FE1TE4O6,5,5,0.2,0.3353962316753014,0
A32486VW05BJ04,6,2,1.0,0.5879007465963988,0
A324K5P0SHBMSY,5,4,0.2,0.5483760683760683,0
A324SW0DP2B6AR,8,4,0.5,1.1080704558419723,0
A325Q3IA4V0A1X,5,3,0.6,1.0031944444444445,0
A326BMSKB0P4BK,8,2,1.0,0.6361868090900229,0
A326CJOIAVMKIR,11,5,0.5454545454545454,0.598286582705139,1
A326F499MZ3E4Z,8,6,0.75,0.48143459326211346,1
A326OWAO1JPZT5,6,3,1.0,0.4964295318604484,0
A3270K93DE9U9F,5,2,0.2,1.0048534798534798,0
A327HI0M9QL7JR,11,7,1.0,0.7927229597711526,0
A327Z3X65QX9HC,6,3,1.0,0.8104669140383427,0
A32831OS3YG326,6,1,0.16666666666666666,1.0601764136246896,0
A328N302OQLHE1,11,10,0.8181818181818182,0.7260408067067669,0
A329B6BKTHQ41A,8,1,0.75,1.0851206833875067,0
A329H2RZIGCHMH,6,2,0.8333333333333334,1.2774536796786409,0
A329RQ0HHOEMA3,7,2,0.5714285714285714,1.2439720332577475,0
A329TQLDBZDAAF,6,1,0.16666666666666666,1.644152453343221,0
A329Y0V124S0JU,5,3,0.8,1.1853333333333333,0
A329Y1VLYDVU4R,7,4,1.0,0.6471495780501993,0
A329Z94PQ8SZSK,10,4,1.0,0.4564199447895099,0
A32ASCXHNJ2WXB,9,3,0.7777777777777778,0.44117868657829157,0
A32BKL0Y52DG2O,5,3,0.4,1.4173951048951048,0
A32C4861CNAWUX,8,3,0.375,0.9045372888653551,0
A32C7VS9Z1GM80,7,4,0.42857142857142855,0.4886209029066171,0
A32CHHM2748WGJ,6,1,0.6666666666666666,1.0769757005765332,0
A32CLSXADCES9G,5,5,0.6,1.120358990602893,0
A32CPMVK9FMNHO,5,1,0.6,0.29261904761904756,0
A32CU4DK7RQ80Q,6,3,1.0,0.7449915824915824,0
A32DAI53JLA77L,11,5,0.09090909090909091,0.5056944630629495,0
A32E0D8WI1IN87,5,2,0.8,0.612831286360698,0
A32E39AHV2YO9Z,11,10,0.8181818181818182,0.4612750648044766,0
A32E7OZA09LXN,10,4,0.3,0.6086729117876659,0
A32EI3R8L7D8SU,7,1,0.42857142857142855,1.2523219231407385,0
A32EIO7RUPSEHV,6,4,0.8333333333333334,1.0847000075947444,0
A32EN42NQB9CVD,5,2,0.8,0.9268198198198199,0
A32EO0Z06GJZ8,14,3,0.7142857142857143,0.6597455807329337,0
A32EV2FASZ74YL,7,5,0.8571428571428571,0.7405612244897959,0
A32FHXA0OTGZZL,6,3,0.8333333333333334,0.6956156503858955,0
A32FL5THCMR03I,9,2,0.8888888888888888,0.5278947892481812,1
A32G2MFT6TQYW6,7,6,1.0,0.531336195680458,0
A32GCOTGFJ9XC3,19,1,0.631578947368421,0.5597731871067864,0
A32GLSH2IC98Q3,9,3,0.7777777777777778,1.1230587290555307,0
A32GMLDYTT4U9H,5,2,0.6,1.3962105926860027,0
A32GNWYY55V46J,5,5,0.8,0.40988611092391664,0
A32GOCI9S6U7KM,6,4,0.3333333333333333,1.1715939153439152,0
A32HC53TLUW5E0,12,11,0.75,0.3452847458503933,0
A32HCP37MHXUUY,12,2,0.5,0.6329820376951526,0
A32HSNCNPRUMTR,39,3,0.5384615384615384,1.1573720939252705,0
A32HV88TYXC2TZ,8,2,0.875,0.8358063215511033,0
A32I75VKDC6WTM,8,1,0.375,1.2236833073150208,0
A32I9B725XTH5O,6,2,0.6666666666666666,0.5362749116652686,0
A32IAFXRNXS5DE,5,2,0.4,0.9505747126436782,0
A32IAWS84M6SYO,7,2,1.0,0.8443814473194646,0
A32IWRAVI28J6L,9,4,0.3333333333333333,0.7850888422882486,0
A32JCI4AK2JTTG,24,5,0.9583333333333334,0.723309584534697,0
A32JHJ3MAVZWEC,13,4,0.5384615384615384,0.9361587845939053,0
A32KAMWV31JB5O,12,3,0.08333333333333333,1.001393126778675,0
A32KIUW9DLG5S7,11,3,0.6363636363636364,0.7250076410886432,1
A32KND16K1Q0U4,5,2,0.8,0.12344322344322353,0
A32KPKL0TZBGH1,5,2,1.0,0.6816117216117215,0
A32KPVM41CIAB2,6,3,0.8333333333333334,0.4720333415455366,1
A32KSZ8V0TD216,12,3,1.0,1.096574982471905,0
A32LFAZI00HT5K,6,2,0.3333333333333333,1.3952393211289094,0
A32LGCASLKVU1H,8,2,1.0,0.7285886838248764,0
A32LX4XJ2LU740,56,3,0.6785714285714286,0.9193903317763056,0
A32M615C8BU958,8,5,0.5,1.0085839371980678,0
A32MAGYKFBTIX0,13,7,0.6923076923076923,1.3021552908258593,0
A32MIVILCUX18L,5,2,0.6,0.6596560866849998,0
A32N5OT2QFH5WE,7,2,0.2857142857142857,0.4345191040843214,0
A32N8K9NMZI9WK,6,2,0.3333333333333333,0.6986810827390538,0
A32NY5D9QT8PGE,9,2,0.7777777777777778,0.48672947764372204,0
A32O98PFC3OP7K,37,2,0.7297297297297297,0.7283577574655274,0
A32OTVC6T1950L,5,3,1.0,0.4633205879054348,0
A32P0B3INF7HF5,6,6,0.8333333333333334,0.5436507936507936,0
A32P3HU33QU0VN,6,2,0.8333333333333334,0.5917607020772544,0
A32P97G8AHOS22,11,6,0.6363636363636364,0.6259055331578581,0
A32PKVIFSLZ9G4,6,3,1.0,0.3826282875580505,0
A32PPV91DD8QDW,8,4,0.625,0.8958808086606593,0
A32PSWHOP9U5K8,8,2,0.75,0.8964573620823619,0
A32PU0DJRLW662,6,1,0.8333333333333334,0.941838535860275,0
A32PY9MW5928O5,8,2,0.625,1.1899668818577809,0
A32Q3XMDR0FW7N,5,1,0.8,1.2174242424242425,0
A32QSKCT69C2Z3,10,2,1.0,0.8114715626057938,0
A32QVJFV7K9MBF,7,4,0.5714285714285714,0.9491906831322713,0
A32R9X6MNUK9NS,16,2,0.9375,0.8090243113496692,0
A32RBCVLN1U4V4,12,5,1.0,0.7301274297597827,0
A32RMQZM5OE6C1,7,3,0.5714285714285714,0.7291357977652139,0
A32RNPMHES1MPC,5,2,1.0,1.4892857142857143,0
A32RPB6FLF89D0,6,2,0.8333333333333334,0.7682576916613062,0
A32RPLXTAEHP3Y,6,3,0.8333333333333334,0.5291113681887808,0
A32SJN30HT35O1,10,3,0.4,1.1187630119705592,0
A32SLM7H0TJE7B,5,1,1.0,0.861273219534089,0
A32SUIEEW3K443,12,4,0.6666666666666666,1.3264294463270534,0
A32T83AHSEPXYA,9,2,0.3333333333333333,0.7471484174359917,0
A32TPHU48QT21V,14,3,0.42857142857142855,1.0880064941602199,0
A32TX0ZUK2VK3U,10,5,1.0,0.5200490169074475,1
A32U0ID54APPP3,5,2,0.4,0.7149103614576413,0
A32UEYHRSMBFOU,5,2,0.6,0.9670325203252033,0
A32UIQ2A8MUVS2,6,2,1.0,0.47481360914066667,0
A32UJOTFMGTIX9,21,2,0.7142857142857143,0.6327211728332975,0
A32UYROEFWE7VH,6,4,0.8333333333333334,0.7230186345008892,0
A32VHSD0V87NOU,7,1,0.8571428571428571,0.7825563558756835,0
A32VSTSDEPUBHU,5,3,0.0,1.1418505613627565,0
A32W0SHFI92UN4,5,2,0.2,0.5815301036682616,0
A32W5H5BP4F4FV,7,2,0.8571428571428571,1.4715802715802717,0
A32WNM9FLDJ26,7,2,0.8571428571428571,0.871437874071046,0
A32X1RKETGGT9W,5,1,0.6,0.4394065656565657,0
A32X43MUU0Q71,7,1,1.0,0.5224489795918367,0
A32XANGZU24VUZ,9,5,1.0,0.5705371673989339,0
A32XG564YNF13O,7,4,0.7142857142857143,0.8567158067158067,0
A32XJ2MK5GOJ10,5,3,0.4,1.5311528059499662,0
A32XRSZYBKRCKS,5,2,1.0,0.7063725490196078,0
A32XWBSZWC3SNR,7,1,0.8571428571428571,1.633410848616176,0
A32Y856BT9L89C,5,4,1.0,0.5635733895416163,0
A32YB9U0KAVJCK,6,1,0.0,1.6443586992742139,0
A32YM08E2M5AKK,5,2,0.8,0.988707482993197,0
A32YNG1KEBE4BZ,6,2,1.0,0.6607492681560524,0
A32YP7TLINXUNZ,5,4,1.0,0.5119997001049634,0
A32YTSA6EGLDMQ,6,2,0.8333333333333334,2.018216497026518,0
A32YXLEKYMHL53,6,4,0.5,0.7461966815083887,0
A32YXZRI6YI6OI,11,2,0.8181818181818182,0.7770533343789,0
A32Z0BLWJ2RRUA,6,1,0.6666666666666666,0.3439053040571067,0
A32Z0J8VFYSFP1,7,5,1.0,0.25044013898894985,0
A32Z83NM97LCEW,17,4,0.8235294117647058,0.8881354459740783,0
A32ZMEIM5LUR59,7,1,0.7142857142857143,0.784038669520036,0
A32ZQM50BX6OIW,5,3,0.4,0.7150604240648041,0
A3300ZHK4SPWC3,17,6,0.8823529411764706,0.8605675793969375,0
A3301UCUPKF804,7,5,0.8571428571428571,0.7294008544883839,0
A330HCCXCMIDH4,5,2,1.0,0.8257340738176975,0
A330M90TY3AKP7,8,4,0.75,0.48191225560096995,0
A330QQ7R7NORF7,5,5,0.4,0.8611259499213906,0
A330UXVKJ9T142,8,1,0.625,1.9233881672424882,0
A331FRZI9GP1RP,5,3,0.4,1.0606993006993006,0
A331IK9CXHQVUN,8,3,0.875,0.7034138115955165,0
A331YUZJRQ6X3W,9,7,0.4444444444444444,0.384819624819625,0
A33219UGY70PH8,5,1,0.6,0.49111111111111116,0
A332PFV02HENHO,12,11,0.8333333333333334,0.6540893690309307,0
A332ZFX8S3A155,5,2,0.8,1.1024180763075635,0
A333QFWWKW04BU,10,1,0.7,1.6478912765433265,0
A3345VA7RM6GVP,7,6,0.8571428571428571,0.5378126685877447,0
A334OGRMSEH0F8,9,1,0.4444444444444444,1.1468175278971924,0
A334TNUXZ3AEXI,5,2,0.0,0.26473098330241174,0
A334V6ANP848E5,5,1,0.4,0.8716801139060273,0
A334VXUGQJWNOQ,5,2,0.8,0.6890756302521008,0
A3352XH8HO681W,8,3,0.625,1.0268259992168909,0
A335713MZIGYB1,10,2,0.8,1.1398324462431415,1
A335BNHUAEHFU,5,3,0.8,1.1580114982480954,0
A335RS5O80RITT,6,4,0.8333333333333334,0.4757303513711196,0
A3363TZMWGIHW7,7,2,0.42857142857142855,0.7819451700235079,0
A3365UYX8NJBG2,10,2,1.0,0.7013725490196078,0
A336FCPK8ZVMYT,18,4,0.8888888888888888,0.4827255428132622,0
A336FE20YZZL3A,9,1,1.0,0.6641273849607183,1
A336OCR8QA0H36,26,20,0.6923076923076923,0.7027194666105243,0
A336TE6K4X3EDR,8,3,0.625,0.5962807617219381,1
A336YW9R8E8HDE,8,3,1.0,0.9281325960136121,0
A3376ZXV304DQV,6,2,0.8333333333333334,0.8357836585583177,0
A337G9P4TQ0AQX,6,3,1.0,1.7139140271493212,0
A337U81HJ55SRB,11,2,0.6363636363636364,0.6930702400976191,1
A337UU54VPYJLP,10,5,0.4,0.7046351364220907,1
A3385TFEHR0CF3,8,3,0.875,0.5500979571410121,0
A338E7G3VJGA7N,6,3,0.6666666666666666,1.124545449482799,0
A338QXPD9Q64RW,5,2,0.6,1.466426660998636,0
A338WMJ8QUF79,11,2,0.45454545454545453,1.31937849835939,0
A338XVK8ID7BI,6,5,0.6666666666666666,1.0046642899584077,0
A3394J1F9CN9W5,8,2,1.0,0.7147648083623692,0
A339D0QQYH0ZRG,28,6,0.35714285714285715,1.008039848011157,0
A339DV3S739GE8,5,1,0.8,1.2611141304347826,0
A339E19PUWLOXX,11,2,0.8181818181818182,1.1710335202725937,0
A339VQ2QZQD3WK,6,3,0.8333333333333334,0.4615960651891205,0
A339YSP3KOGWGX,8,2,0.25,0.47445211038961044,0
A33A05EQDYFC01,6,2,1.0,1.154193433816911,0
A33A88VHSU05HZ,6,1,0.5,1.2782131853365828,0
A33AAY3HXZRU0Q,8,5,0.125,0.9851840363937137,0
A33AJ1MSMEIA3C,6,2,0.5,0.9429864117364116,0
A33AQ2P7JP4JT,11,8,0.6363636363636364,0.733496450324298,0
A33ARQTZTM214,5,2,0.4,1.4283738191632929,0
A33ASQ3O2MIPNP,5,5,0.6,0.465798552071491,0
A33B1HIZLPZ9J9,6,4,0.5,0.6404784656555733,0
A33BOML0WJ080R,5,1,1.0,0.5367099567099569,0
A33BUDQJJ1K41Q,8,3,0.75,1.053991001930415,0
A33BVOFXW2WA8M,5,1,0.6,1.6260714285714286,0
A33C24BN831LGS,9,1,0.6666666666666666,0.62830031516433,0
A33C796KG4J1P0,7,1,0.8571428571428571,1.2733031288931909,0
A33C7HDK9COP0C,6,1,0.6666666666666666,1.818707004377736,0
A33CDYFTQH0P4U,5,1,1.0,2.150855855855856,0
A33CK9OFDUOVJ,12,8,0.16666666666666666,0.8269329458353161,1
A33CL9Y8Y90652,5,1,0.6,0.8451344317782674,0
A33CXFQX85WS3H,5,2,0.8,0.7866899766899766,0
A33E5TPTGCSV9N,5,1,0.6,1.1890984467728654,0
A33E89SN3A43L4,7,1,0.7142857142857143,0.5923547575705068,0
A33E98J5V9YA9B,11,4,0.7272727272727273,1.0656525908561645,0
A33ECPWPO5YMBK,7,3,1.0,0.7994748159287985,0
A33EJYK8MGVVK1,8,6,0.625,1.4072985626981835,0
A33EX9TG2TJEO4,5,1,1.0,0.6287439613526569,0
A33FCAYYWPMCNK,5,2,0.2,0.7267542733945895,0
A33FUQ2QMIVLKP,5,5,0.8,0.6320860151546125,0
A33G1ARAO3MEH2,6,2,0.5,0.8831153911799076,0
A33G6IMAYCDOP7,6,3,0.5,0.526812450748621,0
A33G8CAKT87UMW,6,3,0.6666666666666666,0.9157884662870702,0
A33GDKWCI2975V,5,5,0.6,0.8192528735632184,0
A33GNK4YENACDJ,13,2,0.7692307692307693,0.6268912594608421,0
A33GRWAT9U82WC,5,2,0.6,0.3652913149781746,0
A33GYMWL5HC4FQ,6,2,0.6666666666666666,0.9256944946283182,0
A33H636AMBLOSB,12,5,1.0,0.532014787489384,0
A33HA1VRI3NO5V,8,4,0.75,0.7364509709430997,0
A33HRCX7I3P7GK,11,3,0.8181818181818182,0.5652745103340007,1
A33I1HW57MWWPT,5,3,0.4,0.47272311212814655,0
A33IJGLTVS5MDS,19,2,0.6842105263157895,1.291050996280207,1
A33IZMZLK5DBDJ,12,3,0.5833333333333334,1.5119054568924852,0
A33IZTCQMITB0X,5,2,0.2,1.1036507936507935,0
A33JSOFSXBW75I,8,5,0.625,0.5578857431873787,0
A33K44M069VSGB,5,3,0.6,0.8901015157836183,0
A33KBT88DP4IZ4,5,3,1.0,0.7164285714285714,0
A33KTZZRC1Y1YN,6,3,1.0,0.9291993533970428,0
A33LE6I8L0YU52,7,3,0.8571428571428571,1.039068090555547,1
A33LMPPMQ4AZ52,7,2,0.8571428571428571,0.8215849976354177,0
A33LQ9MA6PCUBK,6,1,0.5,0.3609831029185866,0
A33MCQL5ECAIT3,6,2,0.8333333333333334,0.9900028552316712,0
A33MPD2VRYV038,7,1,1.0,0.6668611183130239,0
A33MPIK17YGMID,6,3,0.6666666666666666,0.8666912666150471,0
A33MRAWZ999838,5,3,0.8,0.528639933166249,0
A33MT4QRRMZ8SJ,5,2,1.0,1.520573078492295,0
A33MVB71RINBIM,5,4,0.8,0.9824982746721875,0
A33N3Z9MYSIPRO,5,1,0.0,0.2497529921059331,0
A33NKF3Y0CRGCQ,5,4,0.0,0.5773809523809524,0
A33NS2AEUEMWE2,5,1,0.8,0.59781512605042,0
A33OR6LDGCDRMY,10,4,0.5,0.8572608361717429,0
A33P7IDKZDDC4W,5,1,1.0,1.0706822723743334,0
A33P7MDWX7YCTO,13,3,0.46153846153846156,1.272088668054897,0
A33P9AWYR79336,5,2,0.0,0.6764790764790765,0
A33Q00PKGDAUY1,5,2,0.6,1.5136392914653782,0
A33Q9OW16V8U8W,5,4,0.0,0.4157416267942585,0
A33Q9OYFBP0RF4,5,2,0.8,1.4967032967032967,0
A33QGRQWND3CD3,12,5,0.6666666666666666,0.6110022155546451,0
A33QJIRYEWUII1,11,4,0.9090909090909091,0.5383938261987041,0
A33QOSYADK6BWK,17,4,0.9411764705882353,0.5496657581296039,0
A33RAEZ92S50WB,9,1,0.5555555555555556,1.13700976823832,0
A33RAJU0FDA0S3,17,5,0.7058823529411765,0.9479464909994517,0
A33RF29QGMDFBC,7,1,0.8571428571428571,0.6601045074833232,0
A33RHP67MGM9TI,5,2,0.6,0.7944515151875597,0
A33RWVLA7G95PW,6,3,1.0,0.9344276094276095,0
A33SAL1G5AYLST,13,7,1.0,0.47755333383372733,0
A33SDWQL0LLBS6,20,8,1.0,0.6868830748073262,0
A33SFSEVHL5SHK,21,3,0.6190476190476191,0.9376034381269195,0
A33SG2UA24DJ9P,17,1,0.47058823529411764,1.6004779744630808,0
A33SX0AD5PYD9B,41,5,0.21951219512195122,0.5072047742352939,0
A33T7L3D5TC899,5,3,0.8,0.9297340425531916,0
A33TF52MM6PLXS,5,2,0.8,0.8538084579467078,0
A33TI3SYTQRAZR,7,3,0.42857142857142855,0.6826966339711709,0
A33U0FE7WFQTUN,5,2,0.2,0.5695833333333333,0
A33U104WVD0P0S,5,1,0.8,1.1867683915671532,0
A33U4A0EQZ9CEM,5,5,0.0,0.5807985347985349,0
A33U6WJI6K4501,6,4,0.5,0.7764352486001971,0
A33UPDU4NKY1TT,5,4,0.8,1.3546380090497738,0
A33UVHUZLQV2SV,5,2,0.4,0.5808270676691729,0
A33UVKESE10H0X,10,3,0.5,1.2457359307359308,0
A33V25KHAU1SP7,5,1,0.4,0.7699453551912567,0
A33VDZQ6KCDYAZ,6,3,0.8333333333333334,0.9605090719844819,1
A33VGI0MKANP2D,5,2,0.8,0.67202947845805,0
A33VVP46NKZFJZ,6,2,1.0,0.921924603174603,0
A33W1UL0U03MGD,5,1,0.8,1.005181079083518,0
A33W5XU72IHJHM,14,3,1.0,1.009618317084501,0
A33W69G5FMVSE2,6,3,0.3333333333333333,0.5782788702525544,0
A33W7XE9L9KSZ9,5,1,0.8,0.9571403962101638,0
A33WA5TQZB8TP4,6,2,0.8333333333333334,0.579193796266967,0
A33WCFR4H649H8,8,3,0.875,0.8336914311179018,0
A33WDT56961F78,7,3,0.7142857142857143,0.7046548457143235,0
A33WE1Z6QPUM0Z,7,2,0.8571428571428571,0.4872826184066904,0
A33WIOGK6QCN26,6,1,0.6666666666666666,0.6044849766499251,0
A33XVL3C2P8SVO,6,2,0.5,1.2658103094149606,0
A33XZNU0PFPX3Y,7,3,1.0,0.7105311355311353,0
A33Y2M8RJV0P6A,8,2,0.875,0.6561119296173643,0
A33YBNKTV8ZCKP,7,4,0.7142857142857143,0.747522934390635,0
A33YCAC4BGQDY4,6,2,1.0,0.7527669872980639,0
A33YH22HNC1POY,6,2,0.8333333333333334,0.6343648521151484,0
A33YZNZIRA3H97,78,3,0.46153846153846156,0.7982457129601638,0
A33Z1S45LYVS6X,5,1,0.8,0.32355311355311345,0
A33Z9OD619G2IA,6,2,0.5,0.3062902056669583,0
A33ZOFIRMX9FVC,5,3,0.6,0.7424205105239586,0
A340AUQWQ33Y69,8,3,0.75,0.821493200251412,0
A340UXAAOC9CWE,5,1,0.8,2.118452228131304,0
A3412L0GXNIJ01,8,3,0.5,0.8358134547642533,0
A341595E71FG6J,5,1,0.8,0.4638484848484847,0
A3415H58HNGQFV,7,1,0.5714285714285714,0.36391247286387957,0
A341D1ZT0JJLY5,8,3,0.75,0.9618092149483075,0
A341ND7Z67G63N,5,4,0.8,0.3910644432706144,1
A341R01E7PFE06,14,2,0.35714285714285715,1.9643789488540104,0
A3427XYL4MFELD,5,2,0.8,0.682812719760317,0
A342CY43D6VO4C,12,7,0.9166666666666666,0.7214124782846673,0
A342E0DTJDH67M,10,2,0.8,0.48632158468433573,1
A342HSASQVD6FS,8,5,0.375,0.669622818657199,0
A342LSQCE5UESO,8,1,0.75,1.174659333866901,0
A342MYGBNTOD24,7,6,0.8571428571428571,0.7773600668337511,0
A34334ADAWRQXD,6,2,0.0,0.3446969696969697,0
A343AJVLMNSFPD,7,1,0.8571428571428571,1.1407312925170068,0
A343DRIS9U4LR0,5,4,0.4,0.5417893663139106,0
A343JJWEUQYI8M,5,3,0.8,0.33938296445338684,0
A343KS12TIHHTC,8,2,0.625,0.7266202234938228,0
A343RYJA8NVYRJ,6,6,0.3333333333333333,0.595722106058712,0
A343V8TMY024M8,6,3,1.0,2.191459973203799,0
A343WSMKJORRXM,7,3,0.7142857142857143,0.4948800401386607,0
A343XI0NEV2YJ,7,5,0.7142857142857143,0.9311120151474961,1
A344BMJP6A5KL1,15,3,0.8,0.7937949841269719,0
A3455ESW3HKWGP,11,3,0.7272727272727273,1.5904601230270905,0
A345R93H7ZN1JT,13,3,0.7692307692307693,0.9074369485822297,0
A345SZACMR0TE0,5,1,1.0,1.029281045751634,0
A345XOQZWYOXSN,7,3,0.2857142857142857,0.488699197627769,0
A3466AHPAVYL1A,5,1,0.6,0.6211881632455796,0
A3466OP6D0UL3B,16,14,0.6875,0.49435790727849477,0
A346BF42LAWFDR,5,1,0.8,0.9238835758835758,0
A346BFBYE6DZAD,5,1,0.6,0.6394526798959103,1
A346NWHW7LJAND,9,2,0.6666666666666666,0.466472005210083,0
A346TVWIG7OPR4,6,5,1.0,0.47938507885876297,0
A346V0H52GTB14,5,2,0.6,0.9199238414772501,0
A346VOTWKT6OED,13,2,1.0,0.7574990436728439,0
A3479RW745KMYT,6,3,0.6666666666666666,0.7111860977160313,0
A347BI7BGI0MS9,6,1,0.3333333333333333,0.7944519039866744,0
A347QOXYW7B40E,8,8,0.75,1.1863945533925175,0
A347RFNEV7UUYQ,7,3,0.2857142857142857,0.623641697913387,0
A347S2EMXPKHXA,8,3,0.125,0.7716343783524369,0
A3480F18ZTLMWJ,5,2,0.8,0.9475925925925927,0
A34870WLB3MOGZ,5,4,1.0,0.7184920634920636,0
A348R9FN52XQP5,5,4,0.8,0.7924572276073943,0
A348WQNXBUQ45S,7,4,1.0,0.5517176169689233,0
A349DA14ZSJP2H,5,3,0.6,0.923029519500108,0
A349DYY7AEJSJA,6,2,0.8333333333333334,0.6791666666666667,0
A34A8ABI9EDW5K,5,1,0.2,0.37541443293921806,0
A34AB6PSS7QMHR,12,1,0.4166666666666667,1.186073570825726,0
A34ACNQ83OICT1,8,2,0.25,0.9069875749689655,0
A34ALDHBMFXGU7,6,1,0.8333333333333334,1.71891643082183,0
A34AWDRG4TSAWL,8,6,0.875,1.7704072904741024,0
A34BV1IWJ99BRT,8,1,0.875,1.1898148148148149,0
A34C6YRZNGW4F9,8,5,0.75,0.9691663103910333,0
A34C98SJU4M7DD,23,2,0.4782608695652174,0.7152456987616513,1
A34CE623TDL7LU,15,8,0.6666666666666666,0.42304015850793825,0
A34CFG3JR0IKB8,5,1,0.8,0.5406211180124224,0
A34D8QAQ6WF5TB,5,2,1.0,1.2218994261099525,0
A34DPO7FIMXN5J,6,2,0.8333333333333334,0.8210361800035714,0
A34DUBX49DD1ZR,7,1,0.7142857142857143,0.6583440277341461,0
A34DX2CAAF6XPR,5,1,1.0,0.5251666681225526,0
A34F0HOVDIG7EU,16,5,0.625,0.29700011088069755,0
A34F0VOI55PC0S,5,2,0.8,1.399156785243742,0
A34F1PBHEBXQVM,7,5,0.5714285714285714,0.6146551590824035,0
A34F6T0FUCIAED,6,2,0.16666666666666666,1.1407467532467532,0
A34F7RFEA65WH3,8,2,0.5,1.034644998151455,0
A34FQ8BFFZCJKO,7,2,0.14285714285714285,0.6835920971259318,0
A34G4GSIYY4JJ3,5,1,1.0,1.3467202380952379,0
A34G9R0WJSKZQZ,5,2,0.2,1.0880273761326393,0
A34GB0RNIWFTKX,10,3,0.5,0.6703464930563867,0
A34GBGX9SYTJH7,8,3,0.5,0.4142363654694409,0
A34GFZ0XBOZPZ8,5,2,0.8,0.4692340143614507,0
A34GH8QDLI43CL,7,2,0.2857142857142857,1.4910655864246485,0
A34GM17T6WTJDK,26,2,0.9230769230769231,0.8564933141073959,0
A34GN6SG5IZG0K,13,3,0.8461538461538461,0.8021609662760414,0
A34H36KQ3COLGH,5,2,0.8,0.7976237623762377,0
A34H67N8LTYX8H,7,2,0.7142857142857143,0.5811415730294103,0
A34H6K51ZPU0UO,6,3,1.0,2.02416149068323,0
A34H6ML6I28PJ5,5,3,0.0,0.8782145782145783,0
A34HMG1ESIWHXA,12,2,0.5833333333333334,1.088773052668243,0
A34HWXA8RBVUYA,5,1,0.6,1.1683850914284115,0
A34I4NJJ8QI40Q,10,3,0.5,0.8846367079989748,0
A34IQ082I5DK9Z,6,4,1.0,1.3507452522948906,0
A34J5MULVRT7WM,7,3,0.8571428571428571,0.4839412061994609,1
A34JAFEJIQBDVP,5,2,0.6,0.44459116541353383,0
A34JCJQ6BPWKVS,8,6,0.75,0.49526182881446046,0
A34K0CI3HJF1FJ,10,2,0.6,0.7440050612518249,0
A34KC9EY3ZQ5T8,8,3,0.75,0.8700090334236674,0
A34KOJ0D6D5L6I,9,2,0.5555555555555556,0.8211747589670909,0
A34KSC23EUZ4VX,6,3,0.3333333333333333,0.7981054593554594,0
A34L9NGKXTZSI9,6,2,0.3333333333333333,1.3043427092719437,0
A34LSA5O1AEEMB,5,2,0.4,0.9700283219258911,0
A34M6G0X61GZQ7,5,2,0.4,0.9929157300290588,0
A34MI172G0EFSK,6,3,0.3333333333333333,0.8425925925925926,0
A34MR9UNFFMWIT,7,5,0.8571428571428571,0.35119931713783903,0
A34NE60YJ974D4,8,2,0.375,1.1180830286015295,0
A34NI8DC5AAE2W,19,13,0.8421052631578947,0.4947347228257502,0
A34O53HKDQGM3U,5,2,0.4,0.7377142857142855,0
A34ONYQE6K56X8,6,2,0.8333333333333334,1.536223465369521,0
A34OS716X8ANZT,9,2,0.6666666666666666,0.939235793178221,0
A34OXK9SP7TNCT,15,6,0.6666666666666666,0.6984088252819074,0
A34PFAD2MRS5WA,6,1,0.5,0.9737353470425457,0
A34PNK1ZUUBJ8G,6,1,1.0,0.8468050468050468,0
A34PP7YI3H5PE5,10,8,0.1,0.7137450502074305,0
A34PW8LIMBOY9J,5,4,0.4,0.6735113662768687,0
A34Q3GVQ1CHUFT,11,3,0.2727272727272727,0.6612410223344082,0
A34Q9YMABSHM97,5,4,1.0,0.7050733752620545,0
A34QAQ042IRPVW,5,1,0.8,0.6064589557547306,0
A34QGASOS933XG,5,2,0.6,0.7790070921985817,0
A34QZDVDJPI0JS,7,7,0.8571428571428571,0.4986166007905138,0
A34R6K0JJPAXJP,5,2,0.6,0.3943545091272364,0
A34RVWGIYC3M67,7,3,0.7142857142857143,0.7058802560196288,0
A34S5KKOKVXHUE,9,3,0.4444444444444444,0.7750291497687515,0
A34S97MHBCP0JA,5,3,0.4,1.2363090653462927,0
A34SN3J97JNH4Y,8,3,1.0,1.230239898989899,0
A34SVYKCV281IM,11,2,0.6363636363636364,1.7054878763846373,0
A34T45TR4JHAO3,5,1,0.6,0.8139341699217748,0
A34T990CNM3GI7,6,1,0.8333333333333334,0.6967869484316851,0
A34TAOY2MWPQBX,5,5,0.6,0.6844145658263306,0
A34TCNUZL7G0EN,5,5,1.0,0.5307028823250711,0
A34TIA7W1XE99N,6,3,0.8333333333333334,0.534992784992785,0
A34TMG18DABIEJ,6,1,0.8333333333333334,1.4573438634713145,0
A34TVUVJU9JY0X,5,1,0.6,0.4524608944701475,0
A34UCDZFYREDON,7,3,0.2857142857142857,0.6741375400735007,0
A34UPXR4P3MPZ4,5,5,0.8,0.3622442977583167,0
A34V5D2UE7YJY9,5,3,0.8,0.8267093360641746,0
A34V6WYI3PH8MF,6,3,0.8333333333333334,1.1399380317494983,0
A34VKO642QP76Z,8,4,0.375,0.7558480482679242,0
A34VSRTIN67M5A,6,2,0.6666666666666666,1.140915159640041,0
A34VV29RQJOQS0,11,2,0.9090909090909091,0.784154734154734,0
A34VZ1PLPX3Q3D,6,6,0.3333333333333333,0.40979955482855246,0
A34WFQ6ZZ5PP83,6,2,1.0,0.7441628547490403,0
A34WTG5RVZLSZW,5,2,0.6,0.4970695970695972,0
A34X4SQTAAJ8WP,8,2,0.125,1.0571709950882786,0
A34XJ387UFHCCR,5,2,1.0,0.749985334864332,0
A34XLUDPFWS2GB,5,4,0.8,0.43388454011741684,0
A34XPLVFRJOG6A,5,3,0.8,0.6068398268398267,0
A34XUO0QD2CBWV,6,2,1.0,1.03832683764982,0
A34YAUY8PU8M8Y,11,2,0.45454545454545453,0.668352509411686,0
A34YGCAGMN6R21,7,5,1.0,0.6280683160627588,0
A34ZRXT4B3LDPV,5,1,0.2,0.7159231668967634,0
A34ZYX6UEGNK8G,17,3,0.5294117647058824,0.6322622032292996,0
A350058SEN0CUX,5,1,0.4,0.7231125909483289,0
A3500Z479KGT73,5,2,1.0,1.255952380952381,0
A3501IX3XH35RW,5,1,1.0,0.8974636474636475,0
A350C4QPBONBWK,7,7,0.7142857142857143,0.5525610411245976,0
A350COGDFIC2NE,6,1,0.3333333333333333,0.4810560840202176,0
A350E5BDIELJNG,5,3,1.0,0.39186618710841775,0
A350EJZ9ENJOYQ,11,6,1.0,0.5746984614522435,0
A3510RM2GZ61QS,7,7,1.0,0.9615635699703154,1
A3513M2E6P93SD,7,2,0.7142857142857143,0.4700280112044818,0
A351HF8KZVLRHN,8,5,0.375,0.9216166918293801,0
A351KOZWOOEKKU,17,5,0.29411764705882354,1.2256325382437052,0
A351TM1V66NOEJ,11,3,0.9090909090909091,0.8412074154666574,0
A352BSU0MFD7L7,6,6,0.6666666666666666,0.9359576417157748,0
A352GEDAW1NGTZ,9,4,0.6666666666666666,1.1632525133296694,1
A352I41THL9WMT,8,2,1.0,0.8761003802029824,0
A352OV0KQFTMYE,6,5,1.0,0.2963323181713986,0
A352Q286VM04K0,6,6,1.0,0.36263014166239965,0
A35306Q96YIBXK,8,7,1.0,1.128359677204215,0
A35391EU327LSC,10,1,0.4,0.7802176859254899,0
A353EKNGGWE1ZY,5,4,1.0,1.165089906559857,0
A353HUHJ0N65YD,5,1,1.0,1.0947085610200364,0
A353PDHL60VR9H,5,1,1.0,0.7032982045277126,0
A353TBI3BIHYAX,10,4,0.6,0.5885668840579354,0
A3545LP1ZS00TN,6,2,0.6666666666666666,0.703858024691358,0
A354PU9OQZ77OR,8,3,0.625,0.7884337214509629,0
A354U7O8WQQHSN,11,5,0.7272727272727273,0.3911224369593272,0
A355091D0MRS8E,6,3,0.6666666666666666,1.4141666666666666,0
A3557R25YAZV8U,6,1,0.8333333333333334,0.5572183317771553,0
A355QXBVAVOQ6O,5,2,0.2,0.7017857142857142,0
A355XPVHHEWW78,8,3,0.625,0.9787988320174427,0
A356DA8NRGJMQ9,5,1,0.6,2.5286075036075037,0
A356GWW87MKDFI,7,5,0.14285714285714285,0.7499259953730834,0
A356NXEBZRMYHX,10,5,0.4,0.6314535652138916,0
A356PDI67MS3BH,5,2,0.8,0.25750445632798574,0
A358094LXAMQHX,6,1,0.6666666666666666,0.9849172821793578,0
A3586U304DN7IG,5,1,0.8,0.7097902097902098,0
A3587DRF68URDU,6,5,0.6666666666666666,1.2118027775872886,0
A358U1JEA514P6,12,3,0.75,0.7085345675032437,0
A358UQ5Q330AAE,5,2,0.4,1.4631796223100573,0
A358ZRQ7AV41HJ,10,6,1.0,0.49943368099681484,0
A3595DSUBZZ8U5,8,2,0.875,0.7658611964112789,0
A3595N4IFNEAFI,6,5,0.3333333333333333,1.846031746031746,0
A359SIEOJZZ5S1,5,1,0.6,0.7294471420052817,0
A359T9R7B5QU10,6,1,0.8333333333333334,0.8117604617604618,0
A35A2L18E20MNP,6,2,0.8333333333333334,1.3068613485280152,1
A35ALVIKF6GTGV,5,4,0.0,0.9354192962145149,0
A35B3978F4XJ44,10,6,0.7,0.7706107990979084,0
A35BHMEMQWVKGE,7,5,0.2857142857142857,1.2625958789312826,0
A35BVGH5X6Z4QH,21,2,0.42857142857142855,0.5673868789940218,1
A35BY3MLPMNXZT,7,6,0.7142857142857143,1.0011001686439978,0
A35C08P4HELIMI,15,11,0.8666666666666667,1.0044879341717143,0
A35C0YWI99ZPZ7,5,3,0.8,1.1952040133779263,1
A35CA8HLN740PC,6,5,0.16666666666666666,0.9301832426832428,0
A35CKPJUWDIYLK,9,8,1.0,0.7236873020964876,0
A35CMZVAD0LHWO,5,3,1.0,0.9881616688396351,0
A35D265U8EGRFR,5,2,1.0,0.7718452380952381,0
A35DCM2NQ1DNER,5,2,1.0,1.2197378392217104,1
A35DNVCVAFTT6W,6,2,0.8333333333333334,0.9214646464646465,0
A35EB9VHT3W42P,5,2,0.8,0.6217300881311261,0
A35EC54TIQQN01,10,3,0.9,0.8318020070003586,0
A35EIZ0JS0DNOC,16,4,0.875,0.5432110447837213,1
A35EMMRF48BYCG,5,2,0.6,0.3269534050179212,0
A35EVMJVZMIMWE,7,2,0.7142857142857143,0.9576827556419395,0
A35EXX8NRARZNY,5,1,0.4,1.5204349338900485,0
A35F0XZTL3NV60,7,4,0.42857142857142855,0.5301116499906886,0
A35F6J8A31N43L,6,2,1.0,0.5431247036510194,0
A35FBEXJKN6IVP,10,3,0.8,0.3976571326900083,0
A35FQ1CFU3FAAG,24,5,1.0,0.7172643215865216,0
A35FQK5Z6LLKSL,5,2,0.8,0.5624117987275884,0
A35FRM2753VB49,12,3,0.6666666666666666,0.6199935061105123,0
A35GFKX7HHOMPX,5,2,0.6,0.5631968641114983,0
A35GJ4PW1UM6Z,5,1,0.4,0.810927536231884,0
A35GSI5ZVHQBB6,5,1,0.4,1.6344696969696968,0
A35HBWVZV5CYC2,5,3,0.4,1.528342501447597,0
A35I0BV972HD83,8,3,0.625,0.9685097706718346,0
A35IBL52PCPU3R,5,1,0.6,0.6320875946046547,0
A35ICSOCTCOVI6,9,2,0.7777777777777778,0.9834925866245362,0
A35ILBIBAXYHJW,15,2,0.6666666666666666,0.44712054364632436,0
A35IX45KGV789,6,2,0.8333333333333334,0.5668533157663592,0
A35J04KGFR4PME,6,3,0.5,0.9403347779170148,0
A35JCASWZL0XBH,9,1,0.4444444444444444,0.850488830250772,0
A35JVCLNW7AXU0,9,4,0.8888888888888888,0.42668707011863594,0
A35JZ5OWVFSS7G,7,2,0.8571428571428571,0.6539483980477769,0
A35K4ABMETJD0L,5,4,1.0,0.7014148273910582,0
A35KHAKSZQGO39,6,2,0.3333333333333333,0.39681309216192934,0
A35KMUCK6WILYU,6,2,0.6666666666666666,1.2727262064319211,0
A35KQOGQNFWV35,10,2,0.7,0.5815522337218525,0
A35KV5LA01A7L4,7,2,0.7142857142857143,0.4762257089303379,0
A35KZFV5RV6ODE,14,9,0.7142857142857143,0.5280378060449309,0
A35KZRR2D6YP6Z,8,2,0.875,0.6809449695553774,0
A35LK30GFWIX6H,6,2,0.8333333333333334,2.2322012138188607,0
A35LK4MOBB5N5W,7,3,1.0,0.5265302294433604,0
A35M5X7LV6QLFT,9,4,0.4444444444444444,0.43820746778216646,0
A35MH7NEVSBENL,5,3,0.6,0.8142076023391812,0
A35MJQTTE5MDYL,6,2,0.6666666666666666,0.6457397100254242,0
A35N0EICBY7X8J,13,2,0.8461538461538461,0.7098256698582943,0
A35N8F5V2PELR9,26,1,0.5769230769230769,0.4455498525152163,0
A35N8RNEDMKBC3,6,1,0.3333333333333333,0.91479106262388,0
A35NAFXV5GHZ92,21,3,1.0,0.7023598698530742,0
A35NBCUEJSF9VT,8,3,0.75,0.6727290252074734,1
A35NPDPDH4FO4Q,5,2,0.0,1.0376190476190477,0
A35NPKN2RKX8LH,5,2,1.0,1.2067680420844977,0
A35O1KRKZ5RIA5,6,6,0.16666666666666666,1.2064466873706006,0
A35O65MI01L2CX,5,1,0.6,0.8744491451753114,0
A35O8UUCUF78F,5,2,0.6,0.4489183201003389,0
A35OJTOYM4V79B,5,4,0.2,0.9941619371052489,0
A35OKQRL9CP02K,11,4,0.6363636363636364,0.8285179529368328,1
A35OLQS0B4PUWV,6,2,0.16666666666666666,0.8252934419381788,0
A35OLTAXX6JR61,7,2,0.2857142857142857,0.4340930387442016,0
A35OQ29USFZHDN,5,2,0.4,1.0192491416629348,0
A35OZBE1LPKDAP,5,2,0.6,0.6750537634408602,0
A35P1HCORE6B3L,5,2,0.6,1.3689103924398043,0
A35PIJ9XIK1QDG,5,2,0.6,0.7581642512077292,0
A35PLVUM40TU2X,9,4,0.3333333333333333,0.4167484836413102,0
A35Q3CBNFQABN5,7,2,1.0,0.632437955419322,0
A35Q3Z7M3FDV2J,5,4,0.8,0.41754578754578764,0
A35QMY5TQY2HFA,11,4,0.7272727272727273,1.1845605323598059,0
A35QO8V2C4AZDK,5,2,0.4,0.42824355971896966,0
A35QR07ZW63T65,8,5,0.75,0.4452024051490515,0
A35QXDXTPP4IRD,5,1,0.8,0.6581569353839167,0
A35R3MMOSISYTQ,5,2,0.8,1.6526580086580087,0
A35R6ZWYHCKT0J,16,2,0.6875,0.5832730608666983,0
A35RFH5GSZYGG8,8,1,0.875,1.0155501296948666,0
A35RG2LCK02XZ3,5,1,0.8,0.6580681170947296,0
A35RL1VLUIBQSX,6,6,0.6666666666666666,0.6656720659278202,0
A35RQLK7B2ZPGA,6,2,1.0,1.3176583264872517,0
A35S7OUMIXVXH7,5,1,1.0,0.8208354646206308,0
A35SXNALXC54WU,6,4,0.6666666666666666,1.626654886760906,0
A35SYEGKVOO3OD,6,2,0.6666666666666666,0.5138744296639032,0
A35T53SV5XMWAB,10,3,0.7,0.8669174584450581,0
A35TOWGG1F5CZM,15,5,1.0,0.8471151611004764,0
A35U2FNE1HENDF,5,1,0.8,1.3659512633576352,0
A35U3QBAN21005,5,2,0.0,0.5669230769230771,0
A35U50OX5E45VW,5,2,0.8,1.0921915220265872,0
A35UATBZE5785B,6,2,0.8333333333333334,0.7898123532403046,0
A35UDCJGVPIPG6,19,2,0.7368421052631579,0.7429087186842857,0
A35UO4FBTUV47Y,6,3,0.8333333333333334,0.783674228265271,0
A35V3Q68DUJOZT,6,2,0.16666666666666666,0.6557330827067668,0
A35V43VUZJ7B9K,9,3,0.6666666666666666,0.6869289925735395,0
A35VI0H5AFHOJ5,5,1,0.0,0.5502938487658351,0
A35WINR58PK2NS,8,3,0.375,1.6305601294963354,1
A35WJ3R00CR68W,6,5,0.8333333333333334,0.5537037682371527,0
A35WYADRHFI1AZ,5,2,0.2,0.9893017057569298,0
A35WYJH6MPPIFV,11,2,0.5454545454545454,0.6201582671636148,0
A35X2AUUX1NO8I,7,3,0.14285714285714285,0.6302263951064937,0
A35X2JJI49OBZP,50,2,0.72,0.5767462485604735,0
A35XX338I7IO84,9,5,1.0,0.4459149225860335,0
A35XYOMCL95Z1W,6,1,1.0,0.798628345758186,0
A35YCECKSFFPBG,12,1,0.75,0.640996500638269,0
A35YDDGFERKDG0,6,5,0.8333333333333334,1.0446789321789323,0
A35YJ7SBI8ZTME,6,2,1.0,0.5782697878702924,0
A35YTPB3GMNNKO,5,2,1.0,0.7543148148148149,0
A35Z12H2G089VU,10,2,0.5,0.9935817206049766,0
A35Z6A2J7CFW2,23,4,0.21739130434782608,1.3431520699586854,1
A35ZYZ946LZAHG,5,2,0.6,0.5598942532988038,0
A3601K1PQOHHEK,6,3,0.8333333333333334,0.5665555346397272,0
A360GABZW288X7,7,2,0.7142857142857143,0.741640898783756,0
A360PXVXU0BG7L,5,1,0.6,2.13244026635331,0
A360VP3RBMJFDL,31,4,0.7419354838709677,0.5209277462855101,0
A360YNNFODEVX1,7,2,0.8571428571428571,0.6526224982746721,0
A3610IT0GYY2HU,6,3,1.0,0.9370642160187868,1
A3610U4ZX0GMEK,5,3,0.6,0.6462515262515262,0
A3614LPKCNCACE,5,2,0.8,0.7319413557367598,0
A361AW750ZO91K,5,2,1.0,0.7664049830458499,0
A361E4DLNER2AQ,7,2,0.7142857142857143,2.0559595528205397,0
A361U4SXK7FCQE,52,2,0.46153846153846156,0.5340895894281463,1
A361WT227IG886,10,2,0.7,1.1507059949509035,0
A3625B4RPH3ZPR,6,4,0.6666666666666666,2.636096066330765,0
A362RDKIELNGRO,9,2,0.3333333333333333,0.5801474551474551,0
A362UTDBQ8XKEW,5,2,0.6,1.4896825396825397,0
A362VDK5C5E33X,6,5,0.8333333333333334,0.6240981240981243,0
A3630Z6584GCOS,9,2,1.0,0.917555284221951,0
A36318XL2QE196,5,2,1.0,1.3486821705426355,0
A3634UN2OZ0CBS,5,4,1.0,0.49675901179411514,0
A3636TWKL4BITC,8,3,0.5,1.1375747756414878,0
A363G0MV1P1AHC,5,1,0.6,1.5945194805194807,0
A363R8DIVEZWMG,13,1,0.6923076923076923,0.9197951679645043,0
A363ZK0C034T1I,5,4,1.0,1.7304269293924466,0
A363ZVGZ8S8U9Y,5,2,0.6,0.8141679957469432,0
A364CHD6QJB4W4,9,1,0.4444444444444444,0.44533046591547076,0
A364E6HC1XRQ1Z,6,2,0.6666666666666666,0.5234982882041707,0
A364RZZQNA3UO4,6,2,1.0,0.5487477954144621,0
A364XVYQX9N4FE,5,2,0.2,0.4129992528219315,0
A364YOXAKXTXP5,24,6,0.7916666666666666,0.7518440182852282,0
A3653I99U1PFUF,5,2,0.6,2.034762996107534,0
A3658CRHO5BD9W,5,1,0.2,1.0488304093567251,0
A365A90ZY1Q80T,5,2,0.4,0.700955623652253,0
A365B5NVWO9E0Y,5,4,1.0,0.7969828520134955,0
A365ER41CFUALF,6,4,0.6666666666666666,0.8990228707970642,0
A365FZ1L1M0YZK,8,6,0.875,0.7500713128378056,0
A365GBG39RPZVW,5,2,0.8,1.4080143168378463,0
A365IW5R8V53KY,5,2,0.6,0.7129318394024275,0
A365OL1IDO9Q7H,6,2,0.6666666666666666,1.5941175968157981,0
A3665Y5EX7POIT,5,3,0.8,0.9026953768757048,0
A366DQELNIHQYZ,10,4,0.4,1.069631424476145,0
A366LSUBRHCS0L,6,1,0.5,0.4346962035144184,0
A367EGFI0OGGVW,6,2,0.3333333333333333,1.9478700043917436,0
A367W0KWG7UX2L,6,2,0.6666666666666666,0.4904966793404926,0
A367X6YJ5UY0GC,9,2,1.0,1.125150233329653,0
A368102P6NW38L,5,2,0.6,0.9617953730856955,0
A3682XY0PFAF6A,5,1,0.8,0.6155311355311356,0
A3684CSCCDP8G9,12,4,0.4166666666666667,0.8051017525020567,0
A368F4GUTOUZLE,8,2,0.875,0.4728158602150538,0
A368IHRX64LWAC,6,4,0.16666666666666666,0.5812062227380599,0
A368ITJ9X13UQZ,5,1,0.8,0.6835925925925926,0
A368LY0EVS8I4S,7,1,0.42857142857142855,1.5968919864596554,0
A368MBFD8SMIBM,5,4,0.0,1.105525648355837,0
A368Q44U8LKWNH,10,3,0.4,0.5457726862216311,1
A368S3GKDJP8Q6,6,1,0.6666666666666666,0.5830687830687831,0
A368SHGLVX8Z85,7,2,0.5714285714285714,1.0841269841269843,0
A368Z99N6SJ6QP,6,5,0.5,0.5796630393279878,0
A3692YRGPJ0M8J,8,2,0.75,0.4766871981993528,0
A3697CQDNPEGS0,14,4,0.2857142857142857,1.139003378208107,0
A369BU62O5EGDT,26,4,0.6153846153846154,1.427863321989399,0
A369FK9VQ8BAJP,5,4,0.8,0.7362093573798602,0
A369I8AET8AT29,6,1,0.16666666666666666,0.8487541317060768,0
A369QGLXCPJU4C,6,2,0.5,0.3370766987623794,0
A369YHM3JMH0FS,7,3,0.7142857142857143,0.6652379516260918,0
A369ZU3YLFRDIC,11,11,0.7272727272727273,0.5806152447824515,0
A36A5EVFBS8A0K,5,2,1.0,1.4364106988783434,0
A36AQ69ZYQAKCU,6,2,0.8333333333333334,1.268155918155918,0
A36ASG57KUIZU8,6,1,0.5,0.8560990338164253,0
A36B57JPW6W9Q5,5,3,0.6,0.26631701631701626,0
A36B7TZNERS5IW,24,2,0.625,0.7700480026981712,0
A36BDWLPMQQR66,5,1,0.8,0.8523809523809524,0
A36BQQD67VJOD2,5,2,0.4,0.7410774410774412,0
A36BTNRKC5TF5,7,2,1.0,1.0685143622666458,0
A36BYUUDNFMMJI,8,1,0.5,0.9797666491214877,0
A36C3VOFHIGLBK,6,1,1.0,1.2276038269188956,0
A36CCEDNN5YPXZ,7,7,0.7142857142857143,0.49856467605651833,0
A36CLOAPBX3BCN,6,3,0.8333333333333334,0.5155538138584091,0
A36COCV5K2KYZ2,12,2,0.9166666666666666,0.9901660231363566,0
A36CTP2YSXLSFV,11,2,0.45454545454545453,0.8054112554112554,0
A36DWWV2RBTIM9,9,2,1.0,0.5669854574109894,0
A36E35E8LF43AJ,21,3,1.0,0.6685225941200953,0
A36E4R6NZ6RQZZ,5,5,1.0,0.6235772357723576,0
A36E572BVUHLWQ,7,3,0.7142857142857143,0.6292827391188048,0
A36E6BAC4TQGLM,8,7,0.75,0.7705982722736564,0
A36E9BF83I6WID,10,2,1.0,0.49826945080091534,0
A36EE7VSYZPLDC,6,2,0.6666666666666666,0.45471490445253565,0
A36EQWR20L3J97,5,4,0.8,1.3397189695550353,0
A36EWFSZD2Z6X5,7,1,0.5714285714285714,0.9454081632653061,0
A36EWHJIBQEQRZ,6,3,1.0,0.6303648248974926,0
A36F231OIEQ6YA,5,4,0.2,0.7770724456266623,0
A36F8E6RDKOVXA,6,2,0.5,0.465196124615288,0
A36FBO3GQUZVU6,7,6,0.2857142857142857,0.49731015213102786,0
A36GLI6L44EN1Z,7,1,0.7142857142857143,0.9015581193000549,0
A36HBGDEFPWD0U,7,2,0.2857142857142857,0.8007963942670805,0
A36HII9NMV7MM8,5,1,0.8,0.7176277604064882,0
A36I45CYY9VV2H,6,2,0.8333333333333334,1.3088737129934658,0
A36IHC0K68NS2,60,3,0.23333333333333334,0.9324082588638364,0
A36IIG7OQ9BRG8,6,6,1.0,1.417750167054682,0
A36IKBCY8HZ3CC,5,1,1.0,0.9309855295172238,0
A36ILKG74E8MIX,6,2,0.3333333333333333,0.7803240740740742,0
A36IMNECM7APT,7,2,0.8571428571428571,0.7164835164835165,0
A36ISPNE6X7YJ4,5,1,0.8,1.2837486998127732,0
A36IVVBABD60NU,12,1,0.4166666666666667,0.9338253203880696,0
A36JYKPPQWOETW,5,5,1.0,0.6068986059811747,0
A36KGUR06YA950,10,3,0.6,0.5143541331280185,0
A36M29ZONPCRV9,8,2,0.5,0.4756944444444443,0
A36M4R7MXE5EFD,6,2,0.6666666666666666,0.6273448773448774,0
A36MD4KAVIPLB2,8,1,0.875,0.6509055248115505,0
A36MNWVXILRRT,5,2,0.6,0.6143220092915216,0
A36MQY2HNRIA2W,13,1,0.6153846153846154,0.7630530683490074,0
A36N2I7T8KSQEF,12,4,0.9166666666666666,0.5167895792269309,0
A36N61L5UHXSHI,25,11,0.84,0.7584014159645441,0
A36NOPIR1IQ0Z1,5,3,0.6,0.4890664984967833,0
A36OH2397JR45,5,3,1.0,0.6136402004931297,0
A36OQE3RAOO63J,6,2,0.8333333333333334,0.7123956469886702,0
A36P7G6CFLS0GT,8,3,0.625,0.7464554803402843,0
A36PWO2T4N0U3E,10,3,0.9,1.0081388139951515,0
A36Q0DDNWYMGNK,9,6,0.6666666666666666,0.46496350010037113,0
A36QDBEKAL43ML,6,2,0.8333333333333334,0.7274933862433862,0
A36QMI74GGDBVU,6,5,0.5,0.6665499076789397,0
A36RHIF28BRJ9Y,6,1,0.3333333333333333,1.0581345592274556,0
A36RI10PYLLLME,5,2,0.6,0.4786792639984128,0
A36S71AGIJS7EO,6,2,1.0,0.6923685100625739,0
A36S73HYRCQESE,7,2,1.0,0.5120094191522763,0
A36SAY6XKQSHXV,14,2,0.9285714285714286,1.5008406974879842,0
A36SBADPFE19GU,9,3,0.3333333333333333,0.9022435897435899,0
A36SIJOOLSM1PV,7,1,1.0,0.7388605734651106,0
A36SIZMB2LMX7W,6,1,0.8333333333333334,1.096677559912854,0
A36STUKO48873O,10,6,0.6,0.4523549975852788,0
A36T0MYKF1TTUR,8,2,0.25,1.4094416569136037,0
A36TC7G6ODJMLT,6,1,0.3333333333333333,0.488702817650186,0
A36TCVCZV2IG2W,6,1,0.6666666666666666,0.6983252818035428,0
A36TESIFKLU2LW,6,1,0.6666666666666666,0.9809351276742581,0
A36TL65B926P38,7,2,0.7142857142857143,0.8240684644205301,0
A36TS4LH4Z6N32,6,3,0.6666666666666666,0.7210512345316267,0
A36TX67TAV4WJQ,5,3,0.6,0.6859860248447204,0
A36UME3IFQF24P,6,3,1.0,0.644795931278186,0
A36UQDBO05QJ0R,6,5,0.6666666666666666,0.49803002337693875,0
A36UV9RVMTN7ZW,7,3,1.0,1.250916439450274,0
A36UY8TVX4CFLU,7,7,0.42857142857142855,0.6419376693766938,0
A36VH5B1T6CFOD,8,2,0.625,0.8167029839735527,0
A36VOKTKWP4NHI,10,2,0.9,0.44639103406138936,0
A36VP7N8G3GEW2,9,3,0.7777777777777778,0.9599548164879468,1
A36VR7NTE4DOI,7,3,0.5714285714285714,0.5923596396664311,0
A36VXLB8BM9NNE,6,3,0.6666666666666666,0.6798446651387828,0
A36WA7L88C2NW1,13,1,0.6923076923076923,1.2327163164587323,0
A36WCLY7UYFB3S,6,2,0.5,0.6456790581790582,0
A36WTQL2AW6NR5,11,1,0.5454545454545454,0.7097186147186147,0
A36WZYU2N9RTW0,5,1,0.6,1.1010003258390355,0
A36X82VV95S49L,7,1,0.8571428571428571,1.570619854493224,0
A36XFD575YHUVG,12,1,0.75,1.0455609824447853,0
A36XQ44DN6ZH7Z,5,2,0.6,0.5120503307706062,0
A36XRGX51WTMWS,6,1,0.5,1.5378787878787878,0
A36Y6XNMCGK1DQ,6,2,0.5,0.535477582846004,0
A36YCHSQM22B5H,6,3,0.3333333333333333,1.1531082651915985,0
A36YHL63A0913P,11,8,0.6363636363636364,0.7829818926593121,0
A36Z1NGOHWHPB7,8,8,1.0,0.6725193392134182,0
A36Z5BR07LYDKG,5,2,1.0,0.5794110925306578,0
A36Z7W2U0Y2XDT,5,1,0.8,0.8143001443001443,0
A36ZLGJ7S9QEYD,5,2,1.0,0.4848484848484846,0
A36ZWTPNXUWNLZ,8,8,1.0,0.638433931836415,0
A36ZYJUSMDQNIH,5,2,0.8,0.6947193151675913,0
A3703KZSXV6GTO,5,2,0.8,0.4559284224638761,0
A3703OQMNHC0KR,6,1,1.0,0.8042893254451561,0
A3706RFWUE17U9,5,1,0.6,0.9533003425961173,0
A370LEGDL7SL3N,6,2,0.6666666666666666,0.46430203394489106,0
A370O66TDIC35T,9,4,0.6666666666666666,0.9932621345378535,1
A370Q4EYH8BPVE,6,2,0.8333333333333334,0.6896825396825396,0
A370TRGMLS8C3U,5,2,0.8,0.3893726566185782,0
A3714OUKTR3ETX,14,3,0.6428571428571429,0.7752153093976581,0
A3714PC23K9SUB,5,3,0.8,1.156606237816764,0
A371AP43OX0K4V,5,1,0.4,0.8532456140350877,0
A371ZZU2LXL3E0,7,3,0.5714285714285714,0.9185969963886784,0
A372207IXHMN43,6,4,0.6666666666666666,0.35354622187653034,0
A372BZI7VCSFQ9,6,1,0.8333333333333334,0.47391630784360617,0
A372F5MYGWSCVN,7,4,0.14285714285714285,0.9455768905500345,0
A372UKGN0YXF6L,5,2,0.4,0.5383507306889352,0
A373DEIH9BXSNZ,10,6,0.0,1.016551720729801,0
A373OFVTKBW4JW,9,1,0.2222222222222222,1.7771825396825396,0
A373UXV94PMRVZ,7,3,0.42857142857142855,0.5484938291223053,0
A3745URBQID4P9,6,5,1.0,0.7724747474747474,0
A3747YGYHT8ZBK,7,2,0.7142857142857143,1.3906400742115026,0
A3747YPXOBXRAT,16,2,0.625,0.5972060717965456,0
A3756PRIE96H7J,7,3,0.7142857142857143,0.9762358186848791,0
A3757UTNEKT5T5,10,4,0.8,0.5100554189298466,0
A3769JRQXK31M8,6,2,1.0,0.7623321123321123,0
A376FVU0W578M4,5,2,0.8,0.9160396760259975,0
A376NZN9VF144Z,6,2,1.0,0.8479161754125023,0
A3775OP5VTX5ON,40,3,0.625,1.26750014509722,0
A377B0FPXFDCDR,9,8,0.7777777777777778,0.9679879053372851,0
A377B9WK86I75Z,5,3,1.0,0.35178787878787876,0
A377CKA2MEIR54,10,6,0.5,0.5265135878564237,1
A377DC2CPICKNZ,7,3,0.8571428571428571,0.6903168108519706,0
A377FC67NR8G8H,5,2,0.0,0.9234250474383302,0
A377L4SG94MXKX,12,1,0.4166666666666667,2.2040730723014517,0
A377R0BSYTY0L2,8,7,1.0,0.5571757620223017,0
A3780L25J3J74M,7,3,0.42857142857142855,0.3316478008207331,0
A378EEQ7GJSZVE,5,2,1.0,0.6546158344579398,0
A378Q0RQHTKY8J,5,1,0.8,0.5612256049960969,0
A37936J0E19BZL,7,3,0.8571428571428571,0.7536300545668226,0
A3797HHQXCI1CT,6,2,0.0,1.38379917184265,0
A3799H9AD5QRAE,5,4,1.0,0.7572352092352094,0
A379EZKX7CZPKH,5,3,1.0,0.4067639257294429,0
A379GSZSBQU222,6,4,0.8333333333333334,1.0650535652857631,0
A379OEVJVIMEQN,5,4,1.0,0.812659715533967,0
A37A72Y18II54B,5,2,0.4,1.967112010796221,0
A37A77TEUCY1QL,8,6,1.0,0.5253600505774421,1
A37AB65EC0QQHZ,5,1,0.4,1.2814135699454057,0
A37AGASI7HJY3H,13,1,0.23076923076923078,1.0080567619797443,0
A37BD8UL0J3QGZ,9,6,0.4444444444444444,1.2479604757382534,0
A37BOA4UAFAUFW,6,1,0.3333333333333333,1.9155554493746632,0
A37BQ9SEZ4OTH3,6,6,0.6666666666666666,0.6284902658723416,0
A37CIHW31RLJCM,7,6,0.5714285714285714,1.1565509195348824,0
A37D2BPGCF1N89,13,3,0.38461538461538464,0.7023415419634222,0
A37DAPPPH6OKIG,5,3,1.0,0.7416351010101011,0
A37DNOODK5VL4Z,5,3,0.8,0.5973468932627684,0
A37DRA4PX3ITYP,6,5,1.0,0.8953857625366645,0
A37E8PSTUH63W3,6,2,0.5,0.797205914329202,0
A37E989NZ2JAJ0,5,1,1.0,1.5116037904523512,0
A37EBZ96T7C0XO,10,2,0.9,2.2168647401980737,0
A37EIKQQP1HMSZ,6,1,1.0,0.3472114228833297,0
A37EOLAE5SITDL,12,4,0.25,0.4111644086827435,0
A37FCSX7K7GEFT,9,5,0.6666666666666666,0.5589827059161305,0
A37FEUF5TAIJYB,6,3,0.8333333333333334,0.7821802205730778,0
A37FULV9NLQYXU,6,1,0.3333333333333333,0.5155593178279679,0
A37G47RPC4ILX4,7,4,0.14285714285714285,0.6206973338082028,0
A37GFKV81AL1VF,12,2,0.75,1.1816997631349688,0
A37H3YO3SHVJU8,6,3,0.5,0.37502348129071345,0
A37HON08NH2H2R,15,4,0.8666666666666667,0.6300406819104258,0
A37HQS636V4VPL,5,3,0.2,0.7512863281942231,0
A37I3SRFD7Z8UH,14,4,0.7142857142857143,0.595822092740403,0
A37I8W2JNGJFJS,6,1,0.3333333333333333,0.5672417759374281,0
A37IK1LNQS7ZVK,5,3,0.6,0.39285618359205277,0
A37J0Q46FKFUYA,9,1,0.8888888888888888,1.0863545814814173,0
A37J5MKKCOIEED,5,3,0.8,0.9356469922246964,0
A37JIHG3VV3SDC,9,6,0.7777777777777778,1.102536969203636,0
A37KG9AQK1PN10,24,2,0.8333333333333334,0.6647627121704919,0
A37KUM78F2DOIZ,5,5,0.6,0.8513054134697355,0
A37KXO7BGF1NMK,17,4,1.0,0.7499235979069604,0
A37LBY44GNQI51,13,6,0.9230769230769231,0.5367131942146379,0
A37LGB6R2BN2DK,7,2,0.42857142857142855,1.8442261221102065,0
A37LMQLN8B91XA,7,1,0.42857142857142855,1.5756462585034012,0
A37M2K2A21RAZY,8,2,0.625,1.4745683109946102,0
A37MBUKTG3ZQ7I,9,2,0.4444444444444444,0.8303166604637193,0
A37MH7ICH80QOX,24,2,0.8333333333333334,0.612109250761905,0
A37MLLZ55ZO3PP,7,1,0.7142857142857143,1.137995543044804,0
A37MNCN9T7TKQI,14,2,0.5,0.7791728596010439,0
A37MQ7Q47DUUD1,5,1,0.8,0.41087978687978693,0
A37MY3XX9FCE6V,5,3,0.6,0.37218352450469255,0
A37N2NT484FWJC,7,6,0.42857142857142855,0.39815608584081474,0
A37N39M6CYFRYJ,7,2,0.8571428571428571,0.41812706169938413,0
A37N4W4RD4LKLA,19,2,0.3157894736842105,0.9874786629166485,0
A37N8GOFS7QRD1,5,5,0.6,0.8635297906602253,0
A37N9PN29TVI1M,5,1,0.4,0.5440476190476191,0
A37NC7ASD6ZRKZ,8,5,1.0,0.5742707956767005,1
A37O35UDF9Y89U,6,5,0.16666666666666666,0.7077446203655762,0
A37ODKCLWL2D1U,9,2,0.6666666666666666,0.5522649801926005,0
A37OKIYEP0FB5F,9,2,0.7777777777777778,1.101945350777331,0
A37OXQQ2E0W4Y6,9,4,1.0,0.4478300717367634,0
A37P3UTPW2ZY92,7,2,1.0,0.6916898577612864,0
A37PS3J7E4FC4D,7,3,0.8571428571428571,0.7085728915222002,0
A37PV350EIA54K,7,4,0.8571428571428571,0.43431869717583993,0
A37Q2W4UCWAUN6,6,1,0.8333333333333334,1.313095238095238,0
A37Q3M3RUKYEAH,7,3,0.7142857142857143,1.065556482333193,0
A37QUQPYFMR9Y9,20,3,0.1,0.7655897370187091,0
A37R0V3ZGYZGPW,6,1,0.5,0.9817927170868348,0
A37RDWOYNNJ9Y9,5,2,1.0,1.209010989010989,0
A37REYJN833CNN,7,2,0.8571428571428571,0.7057974204453666,0
A37RT5L5KIYKWG,6,1,0.6666666666666666,0.67717195284146,0
A37RTM7Y7O6GLN,10,2,0.3,0.5622466171543683,0
A37S1BWQA09EZL,5,3,0.8,0.8261969788146708,1
A37TBVL9EBQP7C,5,1,0.4,1.2297979797979797,0
A37TLGG82YPU2V,5,1,0.8,0.5672932544435204,0
A37U4HM0UG7FQ0,29,6,0.5862068965517241,0.8821552148474204,0
A37U5PRGBURC2V,9,3,0.6666666666666666,1.0938022438932447,1
A37U6OGB6BRJPQ,6,4,0.16666666666666666,0.7357549857549855,0
A37V8WL882EL7P,7,4,0.7142857142857143,0.9714378478664193,0
A37VRV6T3JL4FL,5,3,0.6,0.4353479853479854,0
A37X2RTRBIINLQ,6,3,0.8333333333333334,0.6010126107025332,0
A37XPPDH5H11HN,5,2,0.8,0.5904713670969878,0
A37Y2BGD9738WW,7,7,0.7142857142857143,1.6669234240662814,0
A37Y3E9YI7W3JD,5,3,1.0,0.5526838829550155,0
A37YB879ZOH501,7,5,0.5714285714285714,0.6074799189624916,0
A37YG5MYEF96EJ,5,1,1.0,0.4063492063492065,0
A37YKHNNLBFGD3,9,2,0.5555555555555556,1.1446425179758513,0
A37YSQCST33ZG8,16,4,0.6875,0.8403813698371918,0
A37Z3FWDW7JFDI,5,2,0.2,0.6054901960784314,0
A37Z9GKGDLNVIZ,8,3,1.0,0.8737921469918536,0
A37ZBHBHMUJHK8,9,1,1.0,1.7923215435163964,0
A37ZHFN7VC5BIV,5,2,0.6,0.798611111111111,0
A37ZXRU31QUB83,5,4,0.4,0.48697994987468646,0
A3806IQJSQDK8Z,7,2,0.8571428571428571,0.987732693676385,0
A380C5HNF0D153,7,3,0.7142857142857143,0.6600932044541279,0
A380P8LHEL3DZ9,20,5,0.95,0.9157835171334068,0
A380VP3THUKNFZ,5,3,1.0,0.8586134453781513,0
A380XZXDJJHIJ5,5,1,0.8,0.7657991681521096,0
A380Z4R0KX24VV,5,1,1.0,0.699846743295019,0
A3811QEYJOCC1A,5,5,0.6,0.5339285714285715,0
A3817HPVMZWMNE,5,2,0.6,1.2686057751692428,0
A381AI1X2V6RA8,5,2,0.8,0.6875885167464115,0
A381CQ49WWBDKM,9,9,0.8888888888888888,0.6441983815236761,0
A381HM3XAV5SA,10,2,0.8,1.4621031746031745,0
A382JW3N7WA2PY,5,2,0.4,0.49049422799422826,0
A382RS1CDQC4I8,5,4,1.0,0.4276848625629112,0
A3834H4VG8SD5F,5,5,0.8,0.7606142167011731,0
A383TMZD2YGSN3,6,2,1.0,0.5174651567944251,0
A384E8RXKKG79X,5,2,1.0,0.3453724053724054,0
A384N59VR99VCE,11,1,0.6363636363636364,1.1918641697362333,0
A38508I5LHU5QY,6,4,0.5,0.8297358374270943,0
A385HZRPXDDFCL,32,12,0.96875,0.8285679860742536,1
A385IY0SJNV374,8,2,0.875,0.7277462121212123,0
A385JPUADFO7IA,5,3,0.4,0.6144620811287478,0
A385MVBV8LYB3Z,5,5,0.2,0.7783985542750426,0
A385OZ6LAF2CJG,8,2,0.75,0.6393730012404177,0
A385XZUTI3TVD9,11,3,0.45454545454545453,0.5941745449076827,0
A3864PI6JFC5R5,7,1,0.7142857142857143,0.9506017850893891,0
A386GKLWYGRY52,8,2,0.625,0.655767161680142,0
A386LG0LRWKJZP,40,3,0.325,1.6746863665961953,0
A386NVAVQV5WUO,18,1,0.9444444444444444,0.8481502751603859,0
A386VJA8LX6G18,8,5,0.875,0.4127360046828439,0
A387R9JE3JTY8T,5,4,1.0,0.5619910732936308,0
A3882RXW8MO4J4,14,2,0.2857142857142857,0.7270652380535901,2
A388D9114PLJM3,7,5,1.0,0.35100073670271165,0
A388RNU7XC3OX7,7,4,0.8571428571428571,0.564505593272024,0
A389C3UKVN6U99,15,3,0.4,0.7662355227075578,0
A389M5HYNF26PN,6,1,0.5,0.4705360018403497,0
A389SDJNGOVAUC,6,1,0.16666666666666666,1.091371415984778,0
A389U7BPUTJRG3,20,8,0.65,0.7292247624621917,0
A38BBO3CJO2NRP,5,3,0.6,0.39310861793983404,0
A38BK5RE00M29X,7,1,0.5714285714285714,0.6346501938607202,0
A38BKI1P3U4K87,5,1,0.4,1.0710191441441441,0
A38BKTQDTI72A7,5,2,0.8,0.5953143598330765,0
A38BMAZQER781H,5,1,0.0,1.4890185385261785,0
A38BMJW8WSSFI5,6,2,0.6666666666666666,0.37947491490305296,0
A38C5I84OVK1OE,10,5,1.0,0.48593166428731116,0
A38CD2EO8I1WG2,7,2,1.0,0.8313349402533463,0
A38CMGE13AYG6M,7,2,0.5714285714285714,0.8044225428435955,0
A38CQJJOWSL8A7,5,2,1.0,0.45663764838892007,0
A38D1RKG2YKC8E,8,1,0.625,0.6238519446240034,0
A38DWWT3CDL5OJ,5,2,0.8,1.0536170212765956,0
A38DXXYKK5AQD4,5,2,0.6,1.0630771182141046,0
A38EAEOIEWZS0F,8,7,0.375,1.0365106434446056,0
A38EPIQBBOSTOS,5,2,0.6,0.5189992594943404,0
A38FBLDJ2CXEOU,7,4,0.7142857142857143,0.7361732868442401,0
A38FFIG80GTSJK,6,3,0.8333333333333334,0.8257267565047886,0
A38FR90W06FI1C,6,2,0.6666666666666666,1.1909290031802193,0
A38G4QQJCB3YUY,7,4,0.7142857142857143,1.2058790715124947,0
A38GAD521LDIK3,5,5,0.6,0.9578220431054734,0
A38GJUQN2TNIDD,6,3,0.5,0.6049936537557123,1
A38GUF88M7BFX9,6,3,0.6666666666666666,0.9305888806857799,0
A38HDVN4KCB9QM,9,4,0.7777777777777778,0.9296301497150482,0
A38HGOQH42GLVW,8,3,0.875,1.1131000779196656,0
A38HPJZBNL8LRA,5,1,0.8,0.3776247504990019,0
A38HZPA85SBMPM,6,4,1.0,0.24147869674185474,0
A38I2YE5DPF9PT,6,2,1.0,0.7134196095505079,0
A38I5MODB0RZFV,6,5,0.5,0.9347253600349575,0
A38I79MHZLL1VX,5,2,0.6,0.46818211822422223,0
A38IC3IFCJMQZI,6,1,0.8333333333333334,0.6282945854370383,0
A38IE6LVA4181P,8,5,0.75,0.5436771617303893,0
A38IEU7EV1ORQL,14,4,0.8571428571428571,0.6175684613184613,0
A38IJCQMF91VFR,7,2,0.7142857142857143,0.7571634714491857,0
A38IK9OPAD774Q,5,3,0.6,1.589492038310124,0
A38IVDBV0842E0,11,3,0.2727272727272727,1.2130296471205562,0
A38JNSBJMF69O5,7,2,0.8571428571428571,1.3145045561993183,0
A38K3NTKCSZK3F,9,3,0.7777777777777778,0.8961705967314251,0
A38K9AJFJCOY6I,10,3,0.6,1.894083065050807,0
A38KBKJ3364PST,10,2,0.7,0.7131635115188841,0
A38KRK4Z0AXC59,5,1,0.8,0.43428571428571416,0
A38L25NCVGB365,6,4,0.5,1.2869237244237242,0
A38L5I9MY8A959,6,3,0.8333333333333334,0.7733974358974359,0
A38LHDJH1DLRBI,5,2,0.6,0.4403789954337899,0
A38LIG1BID5GOD,5,3,1.0,0.8212982615726702,0
A38LJVOSBQZZ5T,5,2,0.8,0.6820718541678957,0
A38M0YMISYLKM9,6,3,0.8333333333333334,0.6579813474690642,0
A38M3N5TYLY10S,10,2,1.0,1.242208058619957,0
A38MQHVEICK46P,19,4,1.0,0.7428735622363346,0
A38MXF5T6LI47A,10,6,0.7,0.5116068191068193,0
A38N0O4TIZE4FJ,5,3,0.6,0.9195059985885674,0
A38NDZI33KHXHR,5,1,1.0,1.1536989616973548,0
A38NNYFZWCZZDP,7,2,1.0,0.6050887021475256,0
A38OHH4FYEPQTN,6,6,0.8333333333333334,0.49112374845492335,0
A38OJOEHJH28N9,7,2,1.0,0.7502721449131083,0
A38ON1MOZNBCGE,22,3,0.5454545454545454,0.5953859532419904,0
A38OTGE6KDN670,8,7,0.875,0.931877996664582,0
A38OZ1J21BH6IT,5,1,1.0,0.5420999809841746,0
A38OZB49IG281H,9,3,0.4444444444444444,1.4206912014035502,0
A38PD0OG5N5UG2,6,2,0.3333333333333333,0.6341711364032793,0
A38PGQT3UVXHEY,5,3,0.6,0.608953722334004,0
A38PR6HL2CIN4Q,5,2,0.6,1.106415343915344,0
A38Q2EI3LM24VT,16,2,0.8125,0.5596380198582903,0
A38QAUO0ADDPWA,6,2,1.0,0.9168462893431606,0
A38QEATH3NODFM,10,2,1.0,0.5865055247593818,0
A38QKP56U86IAW,6,5,0.3333333333333333,0.9905582922824302,0
A38R5LMQS7LP4,5,2,0.4,0.5355742296918766,0
A38R82NFXD83Y3,6,2,0.16666666666666666,0.5731400966183574,0
A38RCV37IFXFQ8,6,2,0.6666666666666666,1.2774771475448259,0
A38S9UIL0GT46R,5,1,0.4,1.1644329354855671,0
A38SBW89EUB4WK,5,1,0.6,2.008925405964935,0
A38SIOKK313R6T,6,3,0.6666666666666666,0.5200254384908084,0
A38SK72V6NORUP,9,2,0.4444444444444444,0.6860993020903506,0
A38SN37XVGG1R7,7,2,0.7142857142857143,0.6106215213358069,0
A38STL750JQ45W,6,1,0.8333333333333334,0.9393545421714437,0
A38T130YDQ9894,13,2,0.7692307692307693,1.334235256900087,0
A38TJEAYHA5A2B,8,3,0.5,0.6807406420279554,0
A38TMOGSEJE676,6,3,1.0,0.7900358170175243,0
A38TT29T79FXIN,6,1,0.16666666666666666,0.37264264933702274,0
A38UBKOFR21D8I,7,3,0.8571428571428571,0.6215157858014999,0
A38UDTT1L7AWFH,8,1,1.0,0.4705706894731285,0
A38UFB0JJ9NN2L,5,1,0.0,1.4331025246565998,0
A38UKFBS0Y3KZY,5,1,0.6,1.423160173160173,0
A38UTTLBZUEP3F,8,2,0.625,0.7920560562934852,0
A38UZ9485PIJXF,7,1,0.8571428571428571,0.8583742271217449,0
A38VL8GYG7H6RN,6,5,0.6666666666666666,0.5315424749329279,0
A38VOK8KNNPWFX,7,1,0.42857142857142855,1.3892975176385316,0
A38VVOTC7EG8YM,11,1,0.45454545454545453,1.0853952505128317,0
A38WIFTJKMIOZ2,11,5,0.2727272727272727,0.783412549438664,0
A38WX315LV2X48,8,4,0.625,0.8853264073431591,0
A38X1W2635YYG,5,2,0.6,1.0654223227752637,0
A38XASLU6I50VZ,5,2,0.8,0.624925925925926,0
A38XFBDC2Q1FRV,21,5,0.9047619047619048,0.5339186724968663,0
A38XH1KTP2HTPA,12,7,0.8333333333333334,1.2197939218284592,0
A38XXIIRBBLDN1,10,2,0.7,0.9303896103896104,0
A38YBA1OIA3ZFX,5,3,0.8,0.7791989828353465,0
A38YG54NBD5TQ,7,1,0.8571428571428571,0.5270363408521302,0
A38Z1QNI3H0JDB,7,3,0.7142857142857143,0.7660100608067878,0
A38Z55RTJB5QCI,6,3,0.3333333333333333,0.6322335675596545,0
A38ZIRJRY8XK4F,8,5,0.75,0.931186848429099,0
A38ZKGP6U1QOF0,8,2,0.75,0.7361249502413294,0
A38ZT0F5VUTOFV,9,8,0.5555555555555556,0.9291208122533424,0
A38ZXR62HBHBJ,5,2,0.6,0.6680932261142155,0
A3902IXDBI0AA6,6,3,1.0,0.4211684673869547,0
A390IK2RPBHURJ,7,4,0.7142857142857143,1.1786133692764216,0
A390IOW0IYA4IF,6,1,0.8333333333333334,0.5221075564728815,0
A390UFRRO2BLZS,11,2,0.5454545454545454,0.7800099900099902,0
A3910BAMCHK81G,10,9,0.7,0.5079715931331428,0
A391FZTMOOR6J9,5,4,0.6,0.5160919540229886,0
A391KXVQH22CM0,8,1,0.5,0.6553418803418805,0
A391RJ8646SYY1,15,4,0.13333333333333333,1.0929391583923624,0
A391TY07SIQRV7,5,2,0.6,1.3837112010796222,0
A391XWV7A098ID,11,2,0.8181818181818182,1.257922800144845,0
A391Y0FX04U814,5,2,0.6,1.575595238095238,0
A392MGJ4TRSOKV,5,1,0.6,1.3652570487717237,0
A392X6TCJXFLLS,6,1,0.8333333333333334,0.8980314664257755,0
A3934OE0XW59IC,5,3,0.4,0.5546320346320348,0
A39357QLRB3A9R,10,2,0.5,1.0279416060818025,0
A393A1LXMSHDVU,7,2,0.7142857142857143,1.13477228239133,0
A394CFIQH570SM,27,8,0.8888888888888888,0.4460414033492307,0
A394PAPPDKM2H9,8,2,0.875,1.4131555944055945,0
A395962NEERHRR,9,4,0.7777777777777778,1.3693007659139567,0
A395AS6KKFY2NE,5,2,0.2,1.1169318791346328,0
A395MR8CHOO4R8,5,5,0.8,0.8224207898954049,0
A396MBRQOLC0KQ,8,4,0.25,0.4557689003169634,0
A396NFQG38D131,5,2,0.6,0.9588558006535948,0
A397CWU6DM3O5G,27,2,0.6296296296296297,0.8144925422258008,1
A397F7NDYV9LB6,5,1,0.4,0.8888074888074889,0
A397L22366PEV2,7,5,0.8571428571428571,0.90093537414966,0
A3980WMG4W2QED,6,2,0.6666666666666666,0.990065441381231,0
A3982CFMRCT3BG,6,1,0.5,0.6834110334110332,0
A3987Q3PVJT07A,5,2,1.0,0.8554126055880442,0
A39888CBNH7R6H,9,2,0.3333333333333333,0.8627746041436518,0
A398I6GWNZPF92,5,3,0.6,0.6172280294231515,0
A398R165PXFOSS,10,2,0.5,0.5926358369771777,0
A398UFN74E60OW,5,5,0.8,0.41172413793103446,0
A399EKS22NOME3,6,4,0.16666666666666666,0.6654657195041297,0
A399MNJ2H60ODE,5,2,0.6,1.1914097496706193,0
A399U44GZOGRC8,8,2,1.0,0.4063614081996435,0
A39A1G7LG6AFXM,5,2,0.6,1.58,0
A39ADPAPZO95IG,7,1,0.7142857142857143,0.6469735842291696,0
A39AGYZ2WBPIJT,5,5,1.0,0.6012260536398467,0
A39AN0PCOVX3HG,9,2,0.6666666666666666,0.46654076222834523,0
A39ANGL5T77E0B,24,2,0.6666666666666666,1.0758169393655055,0
A39B1M31T3QRPW,5,2,1.0,0.5632030635151406,0
A39B8FVIZJRJG5,7,4,1.0,0.692002442002442,0
A39BW25SNOBOS5,16,2,0.875,0.5443239308760788,0
A39C34NKIELF1S,13,7,0.9230769230769231,0.4820272352851273,1
A39C4NUUYCORVT,5,2,0.4,0.4681164743615337,0
A39CQY9EQSZ65Y,6,4,0.8333333333333334,0.5896351643872036,0
A39CUR83QW70CP,5,1,0.8,0.896017151312015,0
A39CW2E40PTXJF,8,2,0.75,0.3661715439732683,0
A39DLJWTHCYTY6,8,3,1.0,0.6638319664880692,1
A39DMGB8IVZ9UI,5,2,0.6,0.9428272604588394,0
A39E456RQ65ADY,19,6,0.7894736842105263,0.7543564477581289,0
A39E8DC7MVKD70,7,1,0.7142857142857143,0.30169401093770837,0
A39EEI8WLCVVAJ,9,2,0.8888888888888888,0.953070960598088,0
A39EEQOPVGMM4V,5,2,0.6,0.5698939393939394,0
A39EHTPEZLRYW6,5,1,0.8,1.0447712418300654,0
A39EIIHJC8W6CW,19,8,0.8421052631578947,0.48632905360119594,0
A39EKY30J4BZMQ,6,4,0.3333333333333333,0.5009432908928284,0
A39ELFSOYEUX9U,9,1,0.4444444444444444,1.0718949003183667,0
A39EMMLBW6SLSB,8,2,1.0,0.9926587301587302,0
A39F5L16R1ATFS,5,2,0.6,1.0079026551886963,0
A39FALMRTZ0K5J,18,18,0.8333333333333334,0.40455968801149067,0
A39FBEWBFBIOZD,5,5,0.2,0.5973856209150327,0
A39FC41M290EZQ,10,4,1.0,0.6147342580849822,0
A39FR0EWCU8RWY,7,1,0.5714285714285714,1.2568469902816408,0
A39FTQREZYV5U7,6,1,0.5,0.4321545284780579,0
A39G7Y40RTNKC5,7,2,0.8571428571428571,0.8002993759487268,0
A39GJTSNHQADX5,9,1,0.5555555555555556,0.30124799448155226,0
A39GSKP0I3NO3S,5,4,0.4,0.7693436293436294,0
A39GUZ9P21Y00J,5,1,1.0,0.6307980235252966,0
A39GVHR55CO51P,8,8,0.5,0.5332819794584501,0
A39HCHNGWCD40E,5,4,0.8,1.3730353430353432,0
A39HI7BT9HG5W5,10,10,1.0,0.5451080187460449,0
A39HOV8FSH4717,5,1,0.4,0.8395238095238096,0
A39JDEY3EQQQ89,5,2,0.0,0.7704984093319195,0
A39JPS9DAMAPY9,6,2,0.8333333333333334,0.6275613275613278,0
A39JSH024LXE75,9,1,1.0,0.36551294737569234,0
A39JX161Y31771,5,3,1.0,0.773039437080674,1
A39KAB22WT4VLW,6,1,0.6666666666666666,1.9343434343434345,0
A39KDVU5JAXJIF,15,1,0.8666666666666667,1.2587128975920454,0
A39KFOERWKI0SS,5,2,0.8,0.8139087965174922,0
A39KGEZEGOLVBW,5,3,0.8,0.6119257086999024,0
A39KS438IBRU6E,10,2,0.4,0.5600284302050607,0
A39L1VHF52OOSL,5,2,1.0,0.7887817611662005,0
A39LM70NNI3B1B,5,2,0.8,1.1310606060606063,0
A39M0KYKJSR2AV,8,3,0.625,1.2308921718358394,0
A39M5JEGVNX8DX,8,3,0.625,2.092390822144167,0
A39M6RURHUXPR,5,1,0.4,0.9388888888888889,0
A39MYHVEU0SZM,9,6,0.6666666666666666,0.9520141992624427,0
A39N0RX5K9MM8S,5,4,0.4,1.6505648926237164,0
A39N6IZKYSPK4H,9,8,0.6666666666666666,0.8445228297080148,0
A39NT9EADS87V1,5,3,0.4,0.5385669403060709,0
A39OLM0L2VMN44,11,2,1.0,0.5527864048992552,1
A39OM050G38BRN,7,2,0.42857142857142855,0.7913522984951555,0
A39P69WIIWU2TI,13,5,0.9230769230769231,0.9815824843284191,0
A39P8TB9YS99V9,5,3,0.8,1.373992673992674,0
A39PEEQWG7EB2G,6,3,0.8333333333333334,0.6356481481481481,0
A39PURIANJL87S,8,4,0.375,0.5585086077061456,0
A39PXL8TQKMNRY,7,2,0.7142857142857143,0.9717693811258931,0
A39Q0LE0OJ5PMF,5,1,1.0,0.9448361162646878,0
A39Q0NPZRS09UH,6,4,0.8333333333333334,0.7916307751170644,0
A39QDDMNPGYU0H,5,1,0.6,1.066830111582587,0
A39QIR7OLW7K66,5,2,0.4,2.2614000383178468,0
A39QO5TOD610ER,5,1,0.2,1.7610138248847924,0
A39QRAAJTOVST2,9,3,0.8888888888888888,0.7552435381382749,0
A39R411XCSWEE1,7,6,0.14285714285714285,0.6746031746031746,0
A39RHYTGB63B3L,6,3,1.0,0.8323729008511619,0
A39RI7B3HQO0X4,10,1,0.8,0.9736993769470406,0
A39RLPMJBR4P2Q,6,3,1.0,0.6109624415545468,0
A39RYTM5FN8OY2,32,7,0.65625,1.0378956119414866,1
A39S9W9IRIFYX4,5,2,0.0,0.9373142439313863,0
A39SJJZ2W6MUTI,6,3,0.6666666666666666,0.7371675943104515,0
A39SSIZA5FVCD8,5,3,0.6,0.6632399773177713,0
A39T79ZGTDV1C7,5,1,0.6,1.4568666254380542,0
A39TCW4S6OSYAY,7,1,0.5714285714285714,0.5467673630717109,0
A39TTX5S1N8SPJ,7,1,0.8571428571428571,1.0455143416937436,0
A39U7CYRJGN71Y,7,3,0.5714285714285714,1.1848775873985957,0
A39U8I1YS5ZCP8,20,19,0.8,0.9204396069818432,0
A39VG04UBAEZTI,6,1,0.8333333333333334,0.5894972858154354,1
A39VMVKQ9N0AFL,7,3,0.8571428571428571,0.9034615518448181,0
A39W3263A9HCMN,5,1,0.8,1.5817686991371205,0
A39W3Y7SPKX8CD,7,5,0.7142857142857143,0.7394461859979101,0
A39W42R8ATQ8V2,5,2,1.0,0.40185686653771774,0
A39W5J9BK460RT,6,1,0.16666666666666666,1.4723228663446057,0
A39WBQCIVRV5RD,7,3,0.7142857142857143,1.084192466944479,0
A39WI8U2N35SWW,6,2,0.8333333333333334,3.017780921563816,0
A39WU7E2QYISCH,24,6,1.0,0.5709176283736798,1
A39X0TAGETRBFK,6,6,1.0,0.9182539682539681,0
A39X251TKM75TW,13,9,0.7692307692307693,0.540969674061045,0
A39XJJ6RAVV9X7,12,2,0.5,0.6294946878763957,0
A39XSMAPJ2P2TX,5,1,0.4,0.8299275362318841,0
A39XZ0QVEJZYNE,6,2,0.8333333333333334,0.6257018716577539,0
A39Y1MYKFJNY9H,6,2,0.5,0.848002358838272,0
A39YK3YQGCW7WZ,5,2,1.0,0.9085152299913675,0
A39YOVIDE1S1VG,7,2,0.8571428571428571,1.1919816730519959,0
A39YPTSCZOZG7S,8,4,1.0,0.5726774286789814,0
A39YR4I81V7XHH,6,3,0.6666666666666666,0.6883718133718132,0
A39YTKNMZRMBP8,7,1,0.8571428571428571,1.0522615611901327,0
A39Z80I79V4XRN,17,9,0.47058823529411764,0.6164704798842815,0
A39ZBGF2DWF8FY,11,4,0.7272727272727273,0.534217453095052,0
A39ZCHSENNXDJ8,5,4,0.4,1.2135294590467003,0
A39ZD63RMA23RO,7,5,0.8571428571428571,1.1430019895928987,0
A39ZM5JBI8XYZB,7,1,0.42857142857142855,0.932346486266347,0
A3A06OY1SI120O,12,5,0.8333333333333334,1.1189164707778314,0
A3A0DX3Z1SYNR5,11,4,0.8181818181818182,1.3569500785776445,0
A3A0EY9K8QU27V,10,2,0.8,1.0840517061721129,0
A3A0KNH534BKPX,6,2,0.6666666666666666,1.7780472627617083,0
A3A0VWP9PGZFFO,6,2,0.8333333333333334,1.0967670051003384,0
A3A13SJCR45A13,5,3,0.6,1.2914934048736868,0
A3A1717ZOXS8DY,5,2,0.2,0.62154486036839,0
A3A18ELO01FE5R,9,2,1.0,0.5096518972397193,0
A3A18QLK7CNIVX,6,2,0.5,0.6510416666666666,0
A3A1AQCGJ2WGNO,5,1,0.4,1.926416041605877,0
A3A1ENOW12T0QY,5,2,0.8,0.6177579956866883,0
A3A1V0EH2V47MC,5,2,1.0,0.5732407407407407,0
A3A1WDSKLIMR38,8,3,0.5,0.5458954676459927,0
A3A29LS5XXXPVQ,12,4,0.75,0.5245987510798781,0
A3A2Z3KKF6GEH,7,7,0.42857142857142855,0.614245886032912,0
A3A33D1ICDT5FH,5,3,0.6,0.6373052946175477,0
A3A4A1AG8TF11S,11,2,1.0,0.4708865060137393,0
A3A4BWS21IXBWB,6,2,0.5,1.478608631419651,0
A3A4CP4PAY4IDQ,7,2,0.7142857142857143,1.083748588928948,0
A3A4DMTHZCMLQ5,8,8,0.5,1.128472222222222,0
A3A4SDX123VAPM,5,2,1.0,0.9582801606995155,0
A3A4SO0D56D538,6,6,0.8333333333333334,0.9165789256368967,1
A3A4UYJ4UOA8HS,5,3,0.4,0.37300477300477286,0
A3A4ZAIBQWKOZS,149,5,0.7516778523489933,0.5535505404101029,0
A3A52F9SSJ5JAK,5,2,0.6,0.49206908625519175,0
A3A52LCHHYK6C5,8,2,0.5,0.9825984443458022,0
A3A579HO297KV6,10,3,0.6,0.6824049233068683,0
A3A59WOOIH35HF,13,4,0.5384615384615384,1.4335899178715876,0
A3A5D1GXEVSVSX,6,2,0.8333333333333334,0.7710131732823026,0
A3A5UFV4RWFIEP,10,6,0.5,0.558903423376788,0
A3A5VMQMYTLXV9,6,2,1.0,0.46112935595694227,0
A3A671GTJDBYP7,6,1,0.16666666666666666,0.34593249196423786,0
A3A6BXU6KC9X43,12,3,0.5,0.686803066851707,0
A3A6GKV3QMYXS1,7,3,0.8571428571428571,0.6893215480172004,0
A3A6GXILVT9JNW,5,1,0.8,0.6819194347319348,0
A3A6MEPNP0VYYK,6,2,0.5,1.0070160141014102,0
A3A6QA4LSECDX1,5,1,0.8,1.5127979206235456,0
A3A6YT5IU21RYH,11,6,0.5454545454545454,0.44180168429108124,0
A3A710BRD6R85W,5,5,0.6,0.6928990749483371,0
A3A770EP3KUHKM,12,3,0.6666666666666666,0.5990685075031669,0
A3A7AC59A6N9RO,5,3,0.2,1.0678299852457158,0
A3A7L06G2NO4QC,5,3,0.2,0.7924404761904762,0
A3A7PT3FT593NX,8,3,0.75,0.4677909926419744,0
A3A7RE595KQZYZ,8,2,0.75,0.798942722143523,0
A3A7RI8WFST71E,6,3,0.3333333333333333,1.0758857164320552,0
A3A7Y3TSPPZU9T,13,2,1.0,0.7598585849241861,1
A3A7YEFVZKD9AW,5,3,1.0,0.7764411027568923,0
A3A824JSE446Z3,5,1,0.6,0.6483244785517515,0
A3A87YT15TD4KH,7,2,0.7142857142857143,0.9506034594180492,0
A3A8IQ3BFGBKT0,5,3,0.8,0.4363501506785089,0
A3A8LENJYSEFUM,6,1,0.8333333333333334,0.35629366689204406,0
A3A8ZN9JAXZJ1V,8,1,0.625,1.1448832153829274,0
A3A95AUNVSTPTL,5,3,0.6,1.1043956043956045,0
A3A9IBYV6IG1A7,9,3,0.7777777777777778,1.1010752126937733,0
A3A9J3Y6CQYSTS,5,4,1.0,0.6290239808430447,0
A3A9LLRVAHU6YU,6,2,0.16666666666666666,0.8323607220666043,0
A3A9NZZOEEWI31,6,4,0.3333333333333333,0.8219759168035031,0
A3A9VAKP7R9YMS,7,1,0.5714285714285714,0.7905562224889956,0
A3A9YJ75YESYUK,5,3,0.8,1.0072962663639795,0
A3AA17V5OVXYDJ,5,2,1.0,0.7644883949002942,0
A3AA38LCQUMP5E,6,3,1.0,0.6465975544922912,0
A3AAIDZA2MLATY,5,1,0.2,0.9523809523809523,0
A3AAII16PVA6DN,6,6,0.5,1.145195868945869,0
A3AAK33K3BUUTM,7,1,0.2857142857142857,0.41004259437439156,0
A3AANUGV2YN5Q1,13,5,0.9230769230769231,0.6028535566997105,0
A3AAYPVX3JDHG7,5,2,0.4,0.6369789722533283,0
A3AB41A1G2XWDK,7,2,0.42857142857142855,0.8650700431687827,0
A3AB5SIFFCG1WS,6,2,0.8333333333333334,0.5462938369336473,0
A3AB7K0YC972U4,5,4,1.0,1.2097747612050715,1
A3ABEL1IT8CFRW,5,4,1.0,1.4847308488612838,0
A3ABFLYV1Y24Z8,8,3,0.75,0.5890924342143855,0
A3ABLRE5BSF4OH,5,1,0.8,0.6914187680814738,0
A3ABTGBKXE7SOS,5,1,0.4,0.9686266390614214,0
A3AC5CHWVNXIQX,7,1,0.5714285714285714,0.9350649350649352,0
A3ACGIYNMBWGW1,10,3,0.8,0.40249167341240516,0
A3ACTW7A04OX5A,5,3,1.0,0.4365934065934066,0
A3ACYFENA2AUWU,8,1,0.625,0.9102927350249919,0
A3AD0K95CHD0JJ,8,6,0.25,0.5756752243395846,0
A3ADA0BCU2PZ0O,5,2,0.4,0.5616778750581567,0
A3ADGCLUOJ2LCG,14,4,0.9285714285714286,0.6646847190597934,0
A3ADQW6TACZE73,9,3,0.7777777777777778,0.7098617341912932,0
A3AE0LPHB7PM3M,8,1,0.375,1.549103513356562,0
A3AEHM4ABSUDEV,9,9,0.7777777777777778,0.6115204663975251,0
A3AEN6JWPGUWFM,6,3,0.3333333333333333,0.6885822510822511,0
A3AENWF1WBHLKB,5,2,0.4,0.6688087774294671,0
A3AF42J6XZZ20Q,9,5,0.8888888888888888,0.9318450844276462,0
A3AFDN9UFIHVN1,8,7,0.75,0.4516441265374192,0
A3AFNU8W7WNBDK,11,6,0.8181818181818182,0.4864204801701108,0
A3AFXRIGFC5JZJ,9,1,0.7777777777777778,0.6623927001876981,0
A3AGDWDXYDAE39,7,2,1.0,0.9500999747636519,0
A3AGKQWJQEDX0X,5,1,0.8,1.1855592045247216,0
A3AGQAXTX6VRJ3,25,3,0.64,0.803668546083821,0
A3AH30XR3MXSD1,5,3,0.8,1.1573376623376623,0
A3AH5JYRIIT87E,11,9,0.6363636363636364,0.8957652697962011,0
A3AHDR4F2J7YXX,27,2,0.7037037037037037,1.0723699769754482,0
A3AHQZPFHGOSAQ,10,2,0.9,0.9711060600995871,0
A3AHUJU81AMMOC,8,3,0.875,1.7662831105368657,0
A3AHUTCNUOAKU8,6,2,0.5,0.5439164415790961,0
A3AI5ARLA29X0,5,3,0.6,1.2272218835883781,0
A3AI5VYYRM8ZWK,6,5,0.16666666666666666,0.8636243386243386,0
A3AIBJ1EKW4AZ4,10,6,0.8,1.170472353568598,1
A3AIIQ50S1XVST,5,3,0.6,0.7555305327367039,1
A3AIPHL8GTS7TZ,13,3,0.5384615384615384,0.6223750829882905,0
A3AJN73TINRTA,10,5,1.0,0.5983428621769635,0
A3AK2R0N3CKTUP,10,1,0.7,0.9560411013817494,0
A3AKG18MHAV8X3,5,2,0.8,0.7055555555555555,0
A3AKZ3BL9SVBCU,11,3,0.8181818181818182,1.2871752650894095,1
A3ALXLASGICTBU,12,2,0.25,0.5293653420636882,0
A3ALZXPFI06ZE,5,2,0.6,0.7436821149864628,0
A3AM4Z6ZW1Z7TK,5,1,1.0,0.7771052631578947,0
A3AMMGLNBBMLM,5,3,0.4,0.6417161986530784,0
A3AMRBCBFAAAN4,13,8,0.9230769230769231,0.43245434506658814,0
A3AMU23EBVBZJZ,8,7,0.75,0.7369567992097636,0
A3AMZUOR3VFBHQ,5,3,0.6,0.46830601092896185,0
A3AN5YZVGQ9JK2,6,1,0.6666666666666666,0.7235071875243175,0
A3ANGVTYA4BDH1,7,3,0.8571428571428571,0.9192380196541695,0
A3ANGWW62RQBHS,12,2,0.75,1.9400976338476337,0
A3ANL6FN35BL3J,11,4,0.6363636363636364,1.034995344091454,0
A3ANSAC9DMR1YK,5,3,1.0,0.43183838983260403,0
A3ANXE7U6MXS8B,7,6,0.7142857142857143,0.7953604601604527,0
A3AOA2QC3SEPME,5,1,0.8,1.5845687645687645,0
A3AOEYOF9XWHGH,11,4,0.7272727272727273,0.5633983782131384,0
A3AOJQJ7XHZMPY,8,3,0.5,0.48128607503607507,0
A3AOV2SQ629OMJ,5,1,1.0,0.2774533657745337,0
A3AP1YQY23PMZU,6,1,0.5,0.8169191919191919,0
A3AP5CW2ZKWHP,10,5,0.7,0.7093753966875385,0
A3APIP5GYBAW6Q,5,4,1.0,0.4602078645665918,0
A3APYWFBBRANU3,8,1,0.375,1.414837851897711,0
A3AQI84JR8CRB7,5,2,0.4,1.7280837173579109,0
A3AQOIFJ13G0F2,7,3,0.42857142857142855,0.7986132577413672,0
A3AQP2VX0TJQ73,8,2,0.0,0.6558433701809383,0
A3AR0HV4FZKXRY,8,4,0.25,0.8135399618112384,0
A3AR1IP86YNNY3,9,2,0.7777777777777778,0.3514981171718165,0
A3ARA5ZCC57FGP,8,2,0.875,0.379385581702392,0
A3ARFUXVMCCTGU,5,3,0.8,0.5635588972431078,0
A3ARN8E5ESYZLZ,5,3,0.6,0.8834848484848485,0
A3AS9N080BXO58,6,2,0.5,0.7532280200320173,0
A3ASAAI4TXHY44,8,1,0.875,1.1095467032967032,0
A3ASE9NTBCK5TQ,6,2,0.6666666666666666,0.32890547263681597,0
A3ASXR3CDDUA70,6,2,0.5,0.8020708143468344,0
A3ASZ2P01CWR75,8,2,0.625,0.9211228572578367,0
A3AT1J0CUYDWQV,5,3,0.6,0.6812480432257739,0
A3ATDZESH9V4SL,9,4,0.4444444444444444,1.05398220382829,0
A3ATORX9LJWRUM,9,3,0.2222222222222222,0.7643037358723634,0
A3AU51R4MOTN55,6,1,0.6666666666666666,1.4678938182994976,0
A3AU76PF07KB50,11,4,0.7272727272727273,1.0322282518022883,0
A3AU772P0RNGDF,5,5,0.2,0.36964294103828993,0
A3AUAJ1JNDGI3E,8,2,0.875,0.537255637073951,0
A3AUT07D3WL69G,5,4,0.8,0.6179528201267332,1
A3AV4IM469GOIU,5,2,0.4,0.881631089217296,0
A3AV5JPTMEJ3U6,5,1,0.6,2.1276190476190475,0
A3AV9MJFIES8Z7,5,1,0.6,0.7910134963076139,0
A3AVFQIEWTIHY5,5,4,1.0,1.0374249771593225,0
A3AVNYNNCYGR3J,6,3,0.8333333333333334,0.6415021535050043,0
A3AVR76CBULZ1,6,1,1.0,1.2562091503267976,0
A3AVXHU880YWQY,19,18,0.47368421052631576,0.8132262609643246,0
A3AW05VYWC3LX8,15,2,0.13333333333333333,0.7346050246050245,0
A3AW1Q8IH25A0L,5,2,0.6,0.6400120048019208,0
A3AW333ZK3A0C8,5,3,1.0,0.5831706322854384,0
A3AW81UKSWXEIO,5,4,0.2,0.6042673107890499,0
A3AWFOTNL6XOOR,6,2,1.0,0.7237531969309462,0
A3AWHO15RK4GGE,5,5,1.0,0.5315731868264141,0
A3AWQ0KN8681FH,8,4,0.5,1.145176401757284,0
A3AWSD2KF5XGZ0,15,1,0.7333333333333333,0.6133747696459778,0
A3AWVPK4VJTQAD,8,3,0.625,0.5159525643777658,1
A3AX4T4PETTDCA,6,3,0.6666666666666666,1.2665965207631873,0
A3AXAR8XTR5MXE,8,1,0.875,0.6745903013642718,0
A3AXV6P7APTPVM,5,3,0.6,1.0359259259259261,0
A3AXXUSU4KJQ6R,10,4,0.8,0.5215037740721827,0
A3AXXZ417JLEZM,5,4,0.6,0.6297354068064008,0
A3AY8SK3PT7ICL,5,4,0.8,0.49176706827309236,0
A3AY9AHGKSOXY9,5,5,1.0,0.4952089893605157,0
A3AYBS85O1FCZS,6,3,1.0,0.6508244531917416,0
A3AYF9CD4PXDJR,18,2,0.3333333333333333,0.7645516232706207,0
A3AYRPF58SU3UX,5,4,0.8,0.5625401069518718,0
A3AZ5LDRPW19VM,17,7,0.6470588235294118,0.9210659469052498,0
A3AZFMRI10XLJF,5,1,0.8,0.4776881720430106,0
A3AZH0OO0GUAI3,12,3,0.8333333333333334,0.47598329725463023,0
A3AZI828WJN1CD,30,3,0.43333333333333335,0.5730617918634546,0
A3AZR7F2KYC2TA,5,3,1.0,0.48093086125344175,0
A3B0CPRWB5GANJ,5,4,1.0,0.5713355609907331,0
A3B0D8Z49UW0P9,8,5,0.375,0.7976281766832145,0
A3B0DCIAW8CXR7,8,3,0.625,0.8634018759018759,0
A3B0HUYVGFCV46,19,7,0.8947368421052632,0.7225522758624043,1
A3B0UITO0IYDHZ,5,3,0.6,0.7225076478184946,0
A3B1DDPAP945HC,6,5,0.5,0.6735003381169627,0
A3B1FSW9UWIWHA,5,2,0.4,1.182355889724311,0
A3B29MGQT63NL3,6,2,0.8333333333333334,0.896461974239752,0
A3B2DTQ8U3VB2Q,5,2,0.8,0.6635624312094899,0
A3B2FTFN1H62FO,8,4,0.875,0.30466497962821515,0
A3B2GOPZHV0RJY,6,3,0.8333333333333334,0.6487301587301587,0
A3B3MSK7L7ZGY2,5,1,1.0,1.1005714285714285,0
A3B3UJ6ZKJ1NOO,9,2,0.4444444444444444,0.5563150683840339,0
A3B42N6O9HBS4W,5,2,0.4,0.4225328591309726,0
A3B52GSCAYLP2G,7,4,0.42857142857142855,0.7905146339564221,0
A3B56D9QCIIBLQ,5,2,0.8,0.7342568542568543,0
A3B5767B1YDFSS,7,2,0.7142857142857143,1.0159877587398596,0
A3B5EANJ7H3VZ8,5,1,1.0,0.4819720984913742,0
A3B5IA8958VL76,7,1,0.42857142857142855,0.5774984274984274,0
A3B5ITYRN84C4H,5,2,0.8,0.8041286453681231,0
A3B5NUWB5SII6Z,8,5,0.75,0.6502243146379717,0
A3B62CEEBAKM7M,6,1,0.5,1.2502019658727168,0
A3B6ITFACJZ5KK,6,1,0.6666666666666666,0.8910655467342895,0
A3B6R766FEI4AD,5,3,1.0,2.8012865497076023,0
A3B6UM8QZVGXUH,6,1,0.6666666666666666,1.1079959940965634,0
A3B7NC8B7D55IE,6,2,0.5,0.7929235679779157,0
A3B7PGE6CL3XCO,5,3,0.6,1.34665991902834,0
A3B7VQBL6KA86F,5,1,0.6,0.6484455324357405,0
A3B7YGT8GBUYKS,8,1,0.75,0.5976086672443273,0
A3B80QB9L9XIKF,9,4,0.5555555555555556,0.8521829388264097,0
A3B87N2ME1NIWH,5,2,0.4,1.1919047619047618,0
A3B87PEZW8VD1O,8,2,0.875,0.7904466605243193,0
A3B8EK6491CYYY,5,1,0.8,1.0728470980377847,0
A3B8SCNQYXFCMU,6,1,0.5,0.938681350589016,0
A3B927BOKGR1FQ,5,3,1.0,0.703917748917749,0
A3B96A42A921L4,8,3,0.75,0.6235040237665449,0
A3B9LN5M6DGTJR,5,3,0.8,0.3709094046421585,0
A3B9R1IJE5YHX6,7,5,0.7142857142857143,0.6890589860880029,0
A3B9V3H9S0JREI,6,5,0.8333333333333334,0.7145147358654117,0
A3BAMQVU8O5O9,5,1,0.8,0.9235335134874294,0
A3BBC8E7QT7N9I,7,1,0.5714285714285714,1.3692132197081734,0
A3BBK2NIEKQAK5,7,2,0.8571428571428571,1.0864271240411056,0
A3BBRTJN94YXUX,7,2,1.0,0.6171637885923599,0
A3BBYU3RHYNLLQ,5,1,0.0,0.4270382395382396,0
A3BC2ED60L90FK,7,3,0.5714285714285714,0.5453927307357053,0
A3BC51PZJ8L67R,7,2,0.14285714285714285,0.9943200691647898,0
A3BCKSMWMD6TTD,10,2,0.9,0.6653662026363977,0
A3BCO4WO19HJKP,5,2,0.6,0.45113001940588154,0
A3BCVC0JJX39MO,6,6,0.6666666666666666,0.5831115779645192,0
A3BD37LBTM1AIZ,7,2,0.7142857142857143,0.8564617853410957,0
A3BD73KWYQBV9P,6,1,0.6666666666666666,0.8481817899142144,0
A3BD8J8XDVAGP9,5,5,0.2,0.6935126050420166,0
A3BDOYTCH6BPP9,8,6,1.0,0.6360637480798772,0
A3BE6T44EVYM68,9,4,0.8888888888888888,1.1862837709955505,0
A3BEDO0NQMAVOC,13,4,0.5384615384615384,1.2665333644886572,0
A3BETHI0E05M22,5,1,1.0,0.4799736495388668,0
A3BEWW7DCT39TI,6,2,0.8333333333333334,1.0680802968960863,0
A3BEY3VE3QIM81,5,3,1.0,0.6205601092896174,0
A3BEYFBHNGZ9S6,8,4,0.5,0.7977687964577657,0
A3BF60V2PEK3YA,6,4,1.0,0.5006757533931447,0
A3BH8UHBA0EU9V,8,3,1.0,0.3567295401297196,0
A3BHG24Z2M1CZX,7,6,1.0,0.8533009489230687,0
A3BHQ7LPHF7PJG,7,2,1.0,0.8779482872362129,0
A3BHY0S3M3WGW7,6,6,1.0,0.8715644652879844,0
A3BHZL1K0TFI5,11,1,0.5454545454545454,0.9473766016787799,0
A3BI8WEX7PATA5,9,4,0.1111111111111111,0.8821575543797766,0
A3BIG91TAC5TWJ,8,2,0.625,1.69571189070514,0
A3BIMAUO4JKCRJ,9,3,0.7777777777777778,0.49867407790612894,1
A3BIUVACFBRBGX,11,5,0.8181818181818182,0.6494586936964846,1
A3BIZ03TTGO10J,5,2,1.0,0.791941391941392,0
A3BJ2MFE8LZ8Y5,6,2,0.8333333333333334,0.6150128421398983,0
A3BJA6RB901DU3,7,6,0.8571428571428571,1.426681783824641,0
A3BJIB38MZKWD4,6,2,1.0,0.6812987736900781,0
A3BJIFKS5CNPJB,10,2,0.5,1.176641414141414,0
A3BJILZFD22RX3,7,6,0.42857142857142855,1.0950328407224958,1
A3BJIYGKM4G2WU,6,1,0.6666666666666666,1.3397534927898966,0
A3BJU6NN26AK2M,9,1,0.7777777777777778,1.1029529537162717,0
A3BK2MCK26FK6J,6,2,0.8333333333333334,0.5649790184272941,0
A3BK52GUVRR5QC,5,1,0.6,0.6593877551020408,0
A3BKBQ9O8WUX23,7,2,1.0,1.45015622528081,0
A3BKO45UKYSNR9,9,7,0.1111111111111111,1.115976341477466,0
A3BKYY14V7DPLH,5,2,1.0,0.905,0
A3BLZ3TUU5OKQE,9,3,0.8888888888888888,0.6840604041690999,0
A3BM5LHI33OKUW,6,5,1.0,1.6396135265700484,0
A3BM8IMDTP1OMD,5,1,0.2,1.8399999999999999,0
A3BMH52AZICG58,6,2,0.8333333333333334,0.8599457215836527,0
A3BMI7VGJT60Y7,6,1,0.16666666666666666,0.4443837075659464,0
A3BML92579N03T,5,3,1.0,0.9276663542642923,0
A3BNEAYDD0I6RT,5,3,0.2,0.5023973727422004,0
A3BNLRJGD3QYKY,8,2,0.5,0.5824404761904761,0
A3BNMHRW2R35LK,45,5,0.6444444444444445,0.837314400229811,0
A3BNOAP5P1X5ZG,8,4,1.0,0.6657774055395974,0
A3BNYC25EOEURJ,5,4,0.8,0.7229258992373746,0
A3BO3CP0OJ5U0R,9,3,0.5555555555555556,0.5157953202438806,0
A3BOO51NPM0QNY,5,2,0.8,0.5002864550106283,0
A3BOVG0TPTDRBA,5,5,0.8,0.47961616161616166,0
A3BPC6BY3LB1W9,7,2,1.0,0.7531600197758734,0
A3BPDUPMEL0IA4,5,1,0.4,1.696935810438746,0
A3BRJNA6LLJ62A,6,2,0.6666666666666666,0.3890413968348228,0
A3BRY2NIGRM1QM,8,8,0.0,1.1499219618147432,0
A3BSJ9LR74UWGS,5,2,0.8,0.7971753246753247,0
A3BSQDDPIHJTEE,6,2,0.3333333333333333,0.5539111024844721,0
A3BSTSEFL0ZU1Z,5,3,0.4,0.8998245614035089,0
A3BTBIV6N9BZFR,35,7,0.6857142857142857,0.6736359311629205,0
A3BTDFZI3FT6I7,18,4,0.7777777777777778,0.7836215127517767,1
A3BTXV6QZ89Z5U,8,2,0.625,0.8501803751803754,0
A3BUE5YXUU7WBH,9,1,0.6666666666666666,1.1790980795610426,0
A3BUG7RMIYITBK,6,3,0.8333333333333334,1.130146709941367,0
A3BUGCB190CCM4,5,1,0.6,1.6610746965452847,0
A3BUONF9B5RP1J,8,3,0.625,0.6476190476190475,0
A3BV4PHLEC8UOV,6,2,0.6666666666666666,1.2062778653762507,0
A3BVAR89MMZMR0,5,1,0.2,1.6995382395382397,0
A3BVWFD2BG3OE8,8,1,0.625,1.9287608225108226,0
A3BWM8DFJXSK79,10,7,0.7,0.4608826562506785,0
A3BWV6ZIIH270,5,5,0.6,0.7289283299526707,0
A3BWZTDVP7Q8KN,8,4,0.875,0.6138069304740272,0
A3BX8QBKDDC2GD,6,2,0.3333333333333333,0.658603205011251,0
A3BXBT48RU8YG7,5,2,0.8,0.993113793507559,0
A3BXDHBAKLA5Y6,10,1,0.7,1.666147717287083,0
A3BXEDV2RKHDIV,5,3,0.6,1.11796992481203,0
A3BXPLX5RNFSO3,6,3,0.8333333333333334,1.1157148446232954,0
A3BXTGA399UMYR,9,4,0.4444444444444444,0.7798585169705071,0
A3BXXXV9JCUQMN,6,2,1.0,0.45910314323357815,0
A3BYAZWRFDX87D,11,5,1.0,0.47253803617396994,0
A3BYKHRPDEMS7B,5,3,0.8,0.5784995112414467,0
A3BYQ2DXMPHKNP,8,4,0.5,0.6334972781081045,0
A3BZUQXA2QHDI2,13,1,0.5384615384615384,0.8503836072618914,0
A3C00N4UHA5XYX,11,2,0.9090909090909091,0.8821629011744846,0
A3C0EP2G95BRLT,9,4,1.0,0.3862114964831434,0
A3C0EQO9OFSSLT,5,1,1.0,0.6590729274165807,0
A3C0HEJBLZPM81,5,3,1.0,0.7600062266500622,0
A3C0RJHV2BZR7J,6,2,0.16666666666666666,0.6524717627535997,0
A3C12AAWXPYUYF,5,4,0.2,1.3777777777777778,0
A3C14A8Z4835PY,5,1,0.6,0.8622180451127818,0
A3C14XYDRWUWQZ,16,4,0.8125,0.7371040301075305,0
A3C1AAFBILRFT4,5,3,0.8,1.500861668524712,0
A3C1JVFGOIZ7LY,5,1,0.2,0.468865106516101,0
A3C1LGN7TUBN33,8,4,0.625,0.5847872755659642,0
A3C1OB9KGOO53Z,7,2,0.8571428571428571,0.6527513127266822,0
A3C1S22BR7LVOZ,5,2,0.6,1.112121212121212,0
A3C2C18MXKHVUB,12,4,1.0,0.4815074644450151,0
A3C2CPTCMB7S4N,7,1,0.42857142857142855,1.1208305903006364,0
A3C2NA2JYBO9YN,5,1,0.2,2.231277056277056,0
A3C2P53X7OVOKX,5,2,0.8,0.48823823878137507,0
A3C31ZCNPF66SO,5,2,0.6,1.4627609038491085,0
A3C38ORL87V4,7,7,0.5714285714285714,1.1808163085977026,0
A3C3JA161N7VX7,5,4,0.6,0.7274529715092328,0
A3C3K44XOT6HOX,6,3,0.8333333333333334,1.3510004316548903,0
A3C3SI8ZZ87FV8,9,2,0.6666666666666666,0.8975149342891279,0
A3C3TEMF8OMCRC,15,12,0.8666666666666667,0.4604893874537768,1
A3C3UF3XI70A6F,6,2,0.16666666666666666,0.5858480542754735,0
A3C44DO400PQY1,6,6,0.8333333333333334,1.469720203543733,0
A3C5I40H91W1V8,5,2,0.0,1.395968992248062,0
A3C5NG192XR4FS,5,5,0.4,0.8518115942028986,0
A3C5WTJO996F0X,13,2,0.8461538461538461,0.7697618499650942,0
A3C670CL1WQM4V,5,1,0.8,1.4538857959422458,0
A3C67YYQ9S1BEE,9,3,0.4444444444444444,0.4398156254132863,0
A3C6PEKINAHWD,7,3,1.0,0.4256652661064427,0
A3C6RY5QEY89CE,8,1,0.875,0.891527883984006,0
A3C7O6H6YY0MIQ,13,2,0.8461538461538461,1.4976677444419377,0
A3C7PUJ7THYRNY,8,2,0.375,1.0859264169802942,0
A3C88ZDIZALRMN,5,5,1.0,0.4302861662352601,0
A3C89WADVMXRNL,5,1,0.8,0.8410364145658263,0
A3C8DRO2ZFI7KC,5,1,0.6,1.9499913509773397,0
A3C9EA3U3VPV4G,5,3,0.6,0.4270731707317072,0
A3C9Q3KTNNLJJ,23,2,0.21739130434782608,0.7075519945937678,0
A3CA5SBRLFJUC1,5,1,0.4,1.169277180406213,1
A3CAIZ5D023DAO,7,2,0.42857142857142855,0.8470430304766009,0
A3CAR6QTQMMR2B,9,1,0.4444444444444444,0.6372171659111231,0
A3CB4RLQTT2VV4,5,3,0.8,1.3789918745275886,0
A3CBCVHIK3G76X,25,1,0.64,0.5029570169511888,0
A3CBOHS80ZI5A7,7,3,1.0,1.1569343770983116,0
A3CBTWDZPPVOK5,6,2,0.8333333333333334,0.6756313183481164,0
A3CCEKRJ9N0XWV,12,3,0.8333333333333334,0.6458087429249754,0
A3CCIWHN9OT64W,9,4,0.3333333333333333,0.7993389240400263,0
A3CCU6W5UEUE6W,14,2,0.6428571428571429,1.0295399121008175,0
A3CD3LQQT05APQ,7,3,0.7142857142857143,0.8247827632395437,0
A3CDG4XCEKIFEU,5,5,1.0,0.7106930358350236,1
A3CE14S3ZGG3L3,7,2,0.8571428571428571,0.9483961689523873,0
A3CE3ZL0HX1WH,5,2,0.2,0.2971505843716796,0
A3CEPHVCWDNAWZ,7,1,0.5714285714285714,0.7950009272001484,0
A3CEPKXGIWY94C,5,4,0.4,0.623296871642322,0
A3CET5ZGLV1ZF2,5,1,1.0,0.7615482556659028,0
A3CF2O10PT4HQ8,5,5,1.0,0.6120751649264975,0
A3CF34MCS2SJB7,8,3,1.0,0.7065471675492907,0
A3CF34XU4Z82JL,5,1,0.6,0.8519773259527359,0
A3CFCXWSS5FF8H,7,6,0.8571428571428571,0.7938835572985046,0
A3CFJ3ZH3FJMG4,5,3,1.0,1.050853461698399,0
A3CFPNU36KFSRL,6,6,1.0,1.3775407064765026,0
A3CFSH6OQGEN7R,7,3,0.14285714285714285,0.7842907092907093,0
A3CFT9D3SKQKSL,7,6,1.0,1.2538356222992342,0
A3CGGVHE9UPECB,11,2,0.8181818181818182,0.4620005227019482,0
A3CH4MIJPZUOBU,7,3,0.5714285714285714,1.080666791368097,0
A3CHD7NHUBAGKN,8,3,0.75,0.8423846986346986,0
A3CIMLV9NH6ZTZ,8,2,0.5,0.5982881122858725,0
A3CIUEZ2PEGR9,10,3,0.5,0.5595139708776073,0
A3CIUKQUK68HRY,5,2,0.6,1.0826153846153848,0
A3CJ2VH56T4TCW,5,1,1.0,0.42377116063816833,0
A3CJ3DKELFXX59,23,2,0.8695652173913043,0.78023914009756,1
A3CJGCQI6RKRNJ,8,1,0.75,0.8790385251322752,0
A3CJGOATIQ948P,10,1,0.7,1.4385600303951367,0
A3CJJ4BS997781,8,4,0.625,0.5649793119923752,0
A3CJOB7CHOSZUG,23,4,0.6956521739130435,0.8262173450355804,0
A3CJTRKTVC6ND5,5,1,1.0,1.414556277056277,0
A3CJVJEA2Z0FUO,5,4,0.8,1.3964285714285716,0
A3CJZO1C5WMFUD,7,2,0.42857142857142855,0.6741241330840329,1
A3CK4DZJ8PJZ2W,6,6,0.5,0.7125701387274278,0
A3CKOQ37K4LBT7,5,2,0.6,1.1793120861856132,0
A3CKW0OKATSXW3,8,5,0.625,1.09722408807175,0
A3CL3DNUSEG1I6,6,2,0.6666666666666666,1.1272108843537414,0
A3CLQZ22LQZOUX,5,2,1.0,0.9268981035036965,0
A3CM0AX26SSRXQ,6,4,1.0,0.9038742690058479,0
A3CMO2KZDBJ0X4,8,4,0.5,1.6672216086278586,0
A3CMWSWT18EWP7,5,1,1.0,1.4683701122725512,0
A3CN1QFX2KCEMQ,5,4,0.6,0.7433333333333333,0
A3CNQOZVF2EE45,5,5,0.6,0.4090618911412346,0
A3CNSVJ2I77TMW,5,2,0.8,1.0583333333333331,0
A3CNZRC6Q39ZHB,5,5,0.6,0.6721367521367521,0
A3CO12S3VULW4G,9,2,0.5555555555555556,0.9060221171321091,0
A3CO1JK5J5D9IP,13,9,1.0,0.6034878661675988,0
A3CO8ZO6K5R8FR,8,2,0.5,1.2201854149434794,0
A3COACPUVQCYM9,8,1,0.625,1.29435697424287,0
A3COOJ2OFFKF6O,8,3,0.75,0.7001099795903261,0
A3CP3J7OEGQMD5,23,7,0.8260869565217391,0.9044632450091141,0
A3CP4ORVF8KIBO,10,8,0.7,0.48258753891746214,0
A3CPEBWPEK4JTF,5,2,1.0,1.212161249124542,0
A3CQ8VN9YO84JQ,6,2,1.0,2.2158919186784622,0
A3CQAN96YXZ9U1,7,1,0.5714285714285714,0.5971546513342177,0
A3CQJ45A05RX1O,9,3,0.5555555555555556,0.7695614208052912,0
A3CQUQ28OKOMMT,9,4,0.7777777777777778,1.0743897163041622,0
A3CQXDCHHMBC1,7,2,0.5714285714285714,0.5971775214877972,1
A3CRLM2N7D4S56,7,1,0.8571428571428571,0.664396924902474,0
A3CRLV6975TLRL,7,4,1.0,0.9957929325576386,0
A3CRTOJK54P800,11,8,0.36363636363636365,0.7953204689110701,0
A3CRUFCJPVXUYH,11,3,0.8181818181818182,0.4814356541031181,0
A3CS0GM5T5FFFM,11,4,0.9090909090909091,0.6195101721654924,1
A3CSDS5RW4XUPG,11,2,0.5454545454545454,1.4986034840466878,0
A3CSLB6IL8IKS4,9,2,0.8888888888888888,0.6332388510959939,0
A3CSPZK663HVU2,5,4,1.0,1.30552493205719,0
A3CSZH55OOTYHM,11,2,0.7272727272727273,0.6005833001799257,1
A3CTXFPNJCCUVO,12,4,0.9166666666666666,0.6518532120134205,0
A3CUOO2EY29OZ4,5,1,0.6,0.7585057099762983,0
A3CUWRVAKGEFHL,13,3,0.6923076923076923,0.8563105046100998,0
A3CUYX2VXZM9KO,14,2,0.8571428571428571,0.8208595481141412,0
A3CVD09ZSLUHD5,19,4,0.7368421052631579,0.5067848952912234,0
A3CVM0YIUB2FAN,8,5,0.5,0.5427972591687469,0
A3CVS1QPS1418G,7,2,0.8571428571428571,0.5517393682921633,0
A3CW30KDTF6TGS,5,1,1.0,1.5848036758563073,0
A3CW41T1M0N5KC,10,3,0.7,0.5020031545951603,0
A3CW5EHY41TCH1,14,2,0.42857142857142855,0.9035939994465342,0
A3CWDNDWKYVPFK,7,4,0.8571428571428571,0.38148945494948944,0
A3CWEK9HY2VPDL,23,2,0.4782608695652174,0.8706317410033841,1
A3CWSI8T1AZ2QI,6,3,0.3333333333333333,0.5789419934640524,0
A3CX02IGUE2FV9,10,5,1.0,0.5665302054453514,0
A3CX61RNLUPA2E,7,2,0.8571428571428571,0.5774935998075151,0
A3CXBIC1O7RVPB,6,3,0.8333333333333334,0.5955304928989139,0
A3CXKFT2IB9N0V,8,7,0.875,0.7080225354337817,0
A3CY9DK7MHYFYR,9,1,0.7777777777777778,0.8826188944468514,0
A3CYMG7BXOYCDF,7,5,0.14285714285714285,0.7262294298796846,0
A3CYSC7Y6M0143,12,9,0.0,0.2864679205015339,0
A3CZ1DYKRUN9JB,8,2,0.625,1.1324494853140687,0
A3CZLCXXJ1VAHY,5,2,0.8,1.9494040206368972,0
A3CZO6QZHJ8IY3,10,6,1.0,0.8134650856389987,0
A3D00UUFE1KNQ5,7,4,0.2857142857142857,0.6640350877192984,0
A3D06W341DO1XE,5,2,0.2,1.5729887106357694,0
A3D0HJGBT511V7,5,3,0.6,0.512126293995859,0
A3D0HMC6RQT0N0,30,2,0.5,0.5379758600377064,0
A3D0ITO1D83PV7,14,2,0.5714285714285714,0.7206190748344568,0
A3D0LG5DON0UL9,5,5,0.4,0.8102730602730605,0
A3D0O63636I5ZU,8,4,0.625,1.3984501036905512,0
A3D0PALWMQ02HN,11,3,0.5454545454545454,0.7221477092453941,0
A3D0Q8CLVGMA67,5,2,1.0,0.8740670005375886,0
A3D0T6EHDQREDJ,11,3,0.2727272727272727,1.5919682579086378,0
A3D0UM4ZD2CMAW,58,32,0.9827586206896551,0.5710609366046128,0
A3D0W0NU7YP9CJ,5,3,0.8,0.6350496170496172,0
A3D0XENFHY64QU,5,2,0.4,1.0251612903225806,0
A3D15FB4VZ9AG6,7,5,1.0,1.0085288116986681,0
A3D17H71KO0CSD,6,3,1.0,0.5975795266093774,0
A3D18C1P125F10,5,2,1.0,1.5817328567465367,0
A3D1BGECNN9QK2,5,1,0.8,0.7926827890377229,0
A3D1CQ05LD9Q86,5,2,0.4,0.8602597402597404,0
A3D1F33TQKQNWG,5,1,0.8,1.5435303776683085,0
A3D1J3L5YEZH90,5,2,0.2,0.46096073517126157,0
A3D1KJLJOCKDEL,5,5,0.4,0.4322364308042058,0
A3D1NSB3FMPTMM,5,1,1.0,1.7276923076923076,0
A3D1WT0CA6HD0B,9,5,1.0,0.7516359026775693,0
A3D296RVX0JVKB,5,1,0.6,0.9438730624214495,0
A3D2P6JA2HXJF9,5,4,0.4,0.785952380952381,0
A3D2VIUT2HWP0Z,49,2,0.6530612244897959,0.8441915494010952,0
A3D2XMRV8DSK3J,14,5,0.8571428571428571,0.9050840384797608,1
A3D2YSJGYH6HNL,5,3,1.0,0.7999289888788857,0
A3D3DQKOLFLHJO,5,3,0.8,1.0192922008547007,0
A3D3EFG4XMO1XG,18,4,0.6666666666666666,0.44639715093995846,2
A3D3O3HPJ4MV4T,6,2,0.5,0.7648809523809524,0
A3D3QN44EHAZ9J,6,4,0.3333333333333333,1.4350680272108844,0
A3D3UNHLOWALK7,9,3,0.5555555555555556,1.3832357643695288,0
A3D41ZJ56Y01E8,9,2,0.5555555555555556,1.3190651494868364,0
A3D42ZX96FA6EW,10,4,0.3,1.136843880106102,0
A3D4BDY2HRDUB2,5,2,0.8,1.6690043290043293,0
A3D4BEOQOZIYPG,7,6,0.14285714285714285,0.8076929204710009,0
A3D4JW4757IYTH,6,4,0.6666666666666666,0.863995696360497,0
A3D4S5HQDD2L1H,5,2,0.8,0.36218045523781656,0
A3D4SZH6KB722J,5,2,0.4,0.4,0
A3D4U8CX40RODD,8,4,1.0,0.6886804353285336,0
A3D4Y3MDRMLJX3,6,2,0.8333333333333334,0.8666666666666666,0
A3D5JTM5LPQBFS,5,3,1.0,0.41680330668852916,0
A3D5OJA3XIQS18,5,1,0.0,0.42862616310892176,1
A3D5QBGBL1KAMV,5,2,0.6,0.4096166341780375,0
A3D66WN3OSC3K4,5,2,1.0,1.338629518072289,0
A3D6N44J8SJXF1,16,5,1.0,0.35088161247399957,0
A3D6P1CR4FYLUQ,6,2,0.8333333333333334,1.4648846484144025,0
A3D6QKR9Y3X86A,6,2,0.3333333333333333,0.5236511596294203,0
A3D78E6Q2YTTNN,7,2,0.14285714285714285,0.6893506491648902,0
A3D7WE62FTMXEG,6,1,1.0,1.074549748786877,0
A3D7YSUWYQW9MK,19,3,0.9473684210526315,0.6007140837023893,1
A3D84NOUIQ6T6I,5,1,0.8,0.4478797567807611,0
A3D8ZM5S6SBTOW,5,2,0.2,1.8224615318674726,0
A3D9AGR9GGHRBO,6,2,0.6666666666666666,0.3462107065048244,0
A3D9BTRM4JOU41,5,1,0.8,1.1160122664221024,1
A3D9HRB3K5G03C,6,1,0.3333333333333333,0.4859415877708561,0
A3DA2AUU9G79BF,9,6,0.7777777777777778,1.3956438804478022,0
A3DANLZDS1L6WC,9,3,0.6666666666666666,0.5115733463594256,0
A3DB30ORA17VWD,6,1,0.5,1.1171900269541781,0
A3DBAJI75FXNID,10,2,0.7,0.464047152194211,0
A3DBBUH2WA1VI5,5,1,1.0,1.398110702614379,0
A3DBI4NMKN2X7C,5,5,0.6,0.5793500778299698,0
A3DBR7DVZ0WPMW,8,1,0.5,1.1964198971892097,0
A3DBT98KW7KDGC,6,1,0.5,0.8181156217579183,0
A3DBY64880HILA,5,1,0.8,1.113817330210773,0
A3DC6E6I749UZR,7,2,1.0,0.4596038881753168,0
A3DCFG1N5AS2LZ,9,6,1.0,0.5121362200827204,0
A3DD7MNNRTRVUE,8,4,1.0,1.0411611866969008,0
A3DD8A1H8ONN30,5,3,0.2,0.89035493714739,0
A3DDI8QH436FPE,5,1,0.2,0.5262987012987013,0
A3DDPLYMNIVED0,16,7,0.5,0.5308248426498859,0
A3DDT4XJVGKCEE,5,1,0.2,0.7988888109801046,0
A3DE2OSSVJ45SN,7,3,0.7142857142857143,0.4237801484230056,0
A3DE9B7KEQD4UD,7,2,0.8571428571428571,0.45473303073351584,0
A3DECRYWZZM0SO,30,8,0.5,0.4579426469472155,0
A3DENEABFQ9EUR,5,1,1.0,0.8845576567662927,0
A3DEU11RZ375IG,8,8,0.0,0.6182927448938174,0
A3DF7YA7S6FMJ4,8,2,0.75,0.5549461876204755,0
A3DFEIOXFDS6EG,16,6,0.875,1.366510575314704,0
A3DFGT63ADLNI0,14,5,0.6428571428571429,0.9932464794884182,0
A3DFJLAXEBNA6Q,5,2,0.8,0.7981780333277066,0
A3DG6QF9K4NOXM,13,2,0.7692307692307693,2.146510407053549,0
A3DGC4BR3V89H1,7,3,0.42857142857142855,0.7349299415123883,0
A3DGMJN91IUKGU,9,2,1.0,0.5356916938214059,0
A3DGWKQPMMC3AF,5,1,0.2,1.186043956043956,0
A3DH3CLMPWPSLH,7,3,0.8571428571428571,0.8587265991178639,0
A3DH53FPYSP9E,34,2,0.2647058823529412,0.5235598218480592,1
A3DHGK7RQ3OI9Y,5,1,0.8,0.7327177539209896,0
A3DHOQ1LTTP9A,6,4,0.8333333333333334,0.6895655270655272,0
A3DHS97DOBZDBW,8,4,0.625,0.4789909315724533,0
A3DIKPCW3H8RET,5,1,1.0,1.4069797915089395,0
A3DIN9E5QQZ6VT,8,4,0.625,0.915114508363732,0
A3DIS5O83SQJWW,29,2,0.2413793103448276,0.5204372434970643,0
A3DJ2W6UT4C05K,7,2,0.8571428571428571,1.4110700694013316,0
A3DK3R7XJJ2XA6,5,4,0.4,1.4231214399635452,0
A3DK484SKLAPF3,7,4,1.0,1.2457778553016647,0
A3DK8GXK3EUVDX,6,2,1.0,0.49302628155087175,0
A3DKBDSNB5BFIX,10,5,1.0,0.5116764301496354,0
A3DKFD50KE1AX6,6,2,0.6666666666666666,0.7651246530768495,0
A3DKM0STAF66Z5,7,1,0.8571428571428571,0.8756696618041155,0
A3DLG94HA5KPMP,5,1,0.8,0.6364597225046031,0
A3DLX9Y127ZDZU,7,5,0.5714285714285714,1.8021788425515133,0
A3DMF04VMA1B35,6,2,0.6666666666666666,0.40966793950284525,0
A3DN6IOE75YQDL,10,6,0.9,0.7686925637346287,0
A3DO7TL2HJ70SB,7,6,0.7142857142857143,0.8982426303854875,0
A3DODUI5D91JKN,7,2,0.5714285714285714,0.7486435292679946,0
A3DOKABTH0A6LD,6,4,0.8333333333333334,0.24765707002549084,0
A3DOVR5V1BFRI8,5,3,0.4,1.4777736131934032,0
A3DP9OX06EFWLQ,6,4,0.5,0.4734809518781644,0
A3DPCV2Y835PP2,9,3,0.8888888888888888,0.31197478991596633,0
A3DPHU1UEI919U,6,3,0.5,1.0376224485813526,0
A3DPMS9ECQMNMB,6,4,0.3333333333333333,1.7198505001949134,0
A3DQ2FQTM28LWJ,5,2,1.0,0.5703496503496502,0
A3DQ3F153IOW5V,18,5,0.6666666666666666,0.36407662881606057,0
A3DQWFWINN3V5A,27,2,0.5185185185185185,0.6816391408942458,0
A3DRKL6OHTSI8O,6,2,0.3333333333333333,0.5198286725646217,0
A3DS0VAXL90E26,13,2,0.0,0.7379844982884272,1
A3DSAV0455ZHCI,7,2,0.8571428571428571,0.726044703595724,0
A3DSEVDT8C98ZE,5,5,0.8,0.3597296024119088,0
A3DSIE82A3T20B,5,3,0.8,0.16279491833030857,0
A3DSJHNR0W71W0,7,6,1.0,0.6775103550934115,0
A3DSM4Z2J0DLJ0,7,4,1.0,0.690466330904119,0
A3DSQVF3G8JOBW,6,3,0.8333333333333334,0.2901478401478402,0
A3DSUPA8E67I7R,14,2,0.35714285714285715,1.414369626126646,1
A3DT2R9QY2U1FQ,10,3,0.9,0.9253715589429874,0
A3DTI03DSFS8MG,5,5,0.8,0.6252195694430979,0
A3DTRBOZM4NEBI,6,5,0.8333333333333334,1.523280291137434,0
A3DTYFXHB3M6KJ,5,2,0.8,0.7276726102627433,0
A3DVUVPASGS9EW,6,2,0.5,0.7352865372953307,0
A3DW8WD4TGMNF0,5,2,1.0,0.7931800766283524,0
A3DWI49RAMSADS,16,5,0.625,0.6828027272547293,0
A3DWJPNIMV9PMG,12,3,0.8333333333333334,0.8272765246449456,0
A3DWO5RJDA430F,60,4,0.5833333333333334,0.8695624211371655,0
A3DWVJFUMLPYDA,9,7,0.8888888888888888,0.8935031355848034,1
A3DXWLHCHTB5OB,16,3,0.75,0.7568446816584177,0
A3DY97VK5PE7S8,10,6,0.3,0.48014201229290754,0
A3DYG3P7FJW9WI,5,4,0.8,1.2362857142857142,0
A3DYKS1F9MD3V2,6,3,0.6666666666666666,0.42601681526084584,0
A3DYO4EJP0F5MU,7,2,0.5714285714285714,0.9253063756335818,0
A3DYUFKEC5RCC9,5,1,0.4,1.5611899065846433,1
A3DYUYQ6UJEWJ8,6,3,0.5,1.0530214424951267,0
A3DYVRFG2W1RZZ,7,2,0.42857142857142855,0.5877241805813235,0
A3DZ16GGJBLAH3,6,2,0.6666666666666666,0.8729188843942942,0
A3DZ7DLD5PY3WN,10,3,0.6,1.474086476723154,0
A3DZFEICHK5LF2,30,2,0.4,0.8971245070133081,0
A3DZJGZNIFZBFO,5,1,0.6,0.9993939393939393,0
A3E049PVKG7NDK,17,3,0.47058823529411764,0.4967423997123754,0
A3E0C9CTNPS4F8,6,1,0.6666666666666666,0.6412698412698413,0
A3E0EMWPWTC0L8,9,2,0.3333333333333333,0.49799253034547153,0
A3E0KTI82FU0NG,6,3,1.0,0.8810633012329019,0
A3E0N8NDZW7TMP,7,5,0.7142857142857143,0.75734425349087,0
A3E0R5R2DGYLGN,7,1,0.7142857142857143,1.519698217284931,0
A3E0T1O7ROYK5,8,2,0.625,0.8436755952380952,0
A3E0VAC3EXRCQ1,13,4,0.6153846153846154,0.7887306224656639,0
A3E0XBS2HKQRVN,16,15,0.4375,0.9863624706691727,0
A3E11WHSG52T0M,17,1,1.0,0.9631352281895067,0
A3E1INNFN4N19W,5,2,0.8,1.026527293844367,0
A3E1QT4LLYZ0Z8,5,1,0.8,1.120548872180451,0
A3E1SL0NL05H1N,7,1,0.8571428571428571,0.5416348357524828,0
A3E2SQ61RG4KPF,7,2,0.7142857142857143,1.2036027568922307,0
A3E367A1TMAHI8,8,2,0.625,0.6206015780558114,0
A3E3O1QGHFUOUF,9,2,0.2222222222222222,0.9930729430729431,0
A3E412PFYYOX5S,8,4,0.5,0.8136559104948271,0
A3E45HUCUX2XGQ,6,2,0.6666666666666666,0.6990153956319368,0
A3E494XO44QZJ3,8,4,0.875,0.8060445892449122,1
A3E4QWRCLIPMUS,5,4,0.4,1.2270667241255475,0
A3E4TW25TGL3FL,8,2,0.625,1.3090522499322308,0
A3E4Z8NHLI5D2Y,7,1,0.8571428571428571,0.8215488215488216,0
A3E58222VWYH4K,7,4,0.8571428571428571,0.3401959977474852,0
A3E5A62QNYWUK9,6,5,0.8333333333333334,0.39427521008403366,0
A3E5E5M9X6EVI0,5,2,0.8,0.8427402993999188,0
A3E5WIDHCTLFAI,9,1,0.8888888888888888,0.5754409171075837,0
A3E6AEDC0JSFPD,5,3,0.8,0.4976190476190476,0
A3E6DQHSW5OH5X,10,4,0.3,0.5341310145175552,0
A3E81751S55308,7,2,0.5714285714285714,0.7930772308923569,0
A3E83GTCA7W3YL,8,4,0.75,0.5561356785797325,0
A3E8EMMFHJ6VVU,5,4,0.4,0.3426174527227161,0
A3E8P7J7WN7UA2,5,3,1.0,1.586904761904762,0
A3E8ZFKCZ9EN2Q,5,3,1.0,0.5278825995807127,0
A3E9857YP2TYEN,20,13,0.65,0.8203548698879558,0
A3E98CN49QC7TY,11,3,0.9090909090909091,0.4766291586370937,0
A3E9L45NX4BXZA,7,3,0.8571428571428571,0.21964104218762628,0
A3E9O1VNJ3U324,18,6,0.8333333333333334,0.7251040370794807,0
A3E9O825OSV6R5,6,3,0.6666666666666666,1.0055554281126342,0
A3E9RDQW2ON89G,10,4,0.6,0.47666451402599164,0
A3E9T7UNC3JLIM,6,6,1.0,0.7135152049930623,0
A3EA1SPV1V3G51,5,2,0.2,1.0925430960914833,0
A3EA63Y0I1SDEP,5,5,0.8,1.7058441558441557,0
A3EA7KGYC8LB0,13,4,1.0,0.46313770327240555,0
A3EAAFGS0DU8R6,8,1,0.75,0.919861003677618,0
A3EADR2QSMFRKC,7,4,0.5714285714285714,0.7847067672582043,0
A3EANUH7WV1AGU,29,6,0.8275862068965517,0.6649546118266435,1
A3EAP2VG0BVYWX,27,2,0.4074074074074074,0.642506089631545,1
A3EAS9X3FYT7O1,17,2,0.6470588235294118,0.599349936132995,0
A3EATUZD2CA3RG,5,5,0.6,0.6522321428571429,0
A3EB3MYMFLEGTT,8,2,0.75,0.6826715072577443,0
A3EBI7BWH8AXS4,6,2,0.6666666666666666,0.6993589743589744,0
A3EBJDZ5N1UEI5,17,2,0.6470588235294118,0.7606350164699309,0
A3EBSA5XZPSD0V,5,3,0.0,1.2129816420139001,0
A3EBTEVWG2XKQV,5,3,0.8,0.46904220401779123,0
A3ED1UP7WYCPVZ,8,3,0.75,0.6142485119047619,0
A3ED6SV7OVKL5L,5,5,0.6,1.4241558441558442,0
A3EDDOZCRF1D2J,5,3,0.8,0.5209199134199134,0
A3EDNLQ8I9P3LL,5,2,0.6,1.431625457875458,0
A3EDRXVKHE3GD1,9,3,0.7777777777777778,0.950860959293499,0
A3EE2Q7XB44KXG,5,1,0.6,0.8320475659606095,0
A3EE88UYGWUSST,7,1,0.7142857142857143,1.650924075924076,0
A3EEAG299EHJ8U,6,2,0.8333333333333334,0.9665036166890153,0
A3EEOSVTUGB4YE,5,2,0.8,1.2755394202571622,0
A3EEWQC5IBKDTZ,6,5,0.8333333333333334,0.5505497368013318,0
A3EEZG9EOIQFVI,9,2,0.1111111111111111,0.9240646983746772,0
A3EF9MS04X2W4W,5,3,0.8,0.7578848000242303,0
A3EFEASM8S3MSZ,15,7,0.7333333333333333,0.8596908798709307,0
A3EFHXEF9SC7DG,13,5,0.6923076923076923,0.6127580110156872,0
A3EFTC52RU17O1,7,3,0.5714285714285714,0.7458808311100332,1
A3EG3EFHNKE81G,6,1,0.5,0.609590072588175,0
A3EGS9EO6EXDBA,7,2,0.42857142857142855,0.9707826907844671,0
A3EGZ6NHMB6QWN,7,3,0.5714285714285714,1.5393939393939393,0
A3EHHW1OBQG11A,5,2,0.6,0.5166666666666666,0
A3EHOSGONBNFZ7,5,1,1.0,0.5609349593495935,0
A3EHTUPS2S1OXT,6,6,0.3333333333333333,1.2862120935330654,0
A3EIJ5HBA6H1N8,6,2,0.6666666666666666,0.8110667014537641,0
A3EIPX668CCYY,7,1,0.42857142857142855,0.8368839977851606,0
A3EKILCI3RJKTX,6,3,1.0,0.30194532256176104,1
A3EKNB6HM09LN8,7,2,0.8571428571428571,0.8178730820356436,0
A3EKPJZT9STBUD,6,1,0.6666666666666666,1.128968253968254,0
A3EKT50Y361K32,5,5,1.0,1.0508860759493672,0
A3ELJI0OU61AQT,5,3,0.8,0.9353965183752418,0
A3ELX8BUTC9EVP,8,3,0.625,0.4519004702194358,0
A3ELY19S6SCEYZ,8,3,1.0,0.690011859534865,0
A3EM32S9AYBZVA,7,3,0.8571428571428571,0.4597474585203717,0
A3EM40VV41YOHH,9,1,0.1111111111111111,0.7359576166601011,0
A3EMG0HA76J7Z8,5,3,0.6,0.772108843537415,0
A3EMINMW9O6YOZ,5,4,0.8,0.6280544217687075,0
A3EMQKYFSJ0TVC,8,1,0.875,0.5991441198145211,0
A3EMZ433QPZU0O,5,2,0.8,0.678815628815629,0
A3EN48HL6EXS9M,5,1,0.6,1.3946650326797385,0
A3EN7YSDC6V5BN,5,2,0.6,1.11006303460837,0
A3ENCI99UDNP4O,12,8,0.6666666666666666,0.7046402003346447,0
A3ENMC6TOG1Z4M,10,7,0.9,0.595258658008658,0
A3ENO7ZDMZ62TK,7,2,0.5714285714285714,0.42504127682993953,0
A3ENUOZLLQEIA,6,2,0.6666666666666666,0.8161167968848747,0
A3ENX1Y48DJQVK,26,5,0.4230769230769231,0.936664198408727,0
A3EOHJ6IV8548X,7,3,1.0,0.5928571428571429,0
A3EOLZ1GSSXNNG,5,2,0.6,1.5926720907550949,0
A3EOW9X7Y8JP71,6,2,0.6666666666666666,0.9222427737279223,0
A3EP26M3QHINXT,25,4,0.72,0.5958849964450749,0
A3EPLJDHXSIR3X,9,7,0.7777777777777778,0.3492104493117306,0
A3EPZNFF590EXL,13,1,0.6153846153846154,1.6838002047815122,0
A3EQ16EV3AN0G2,5,5,0.6,1.0869923371647512,0
A3EQMYM2D9A0QD,9,5,0.6666666666666666,0.6333122277634721,0
A3EQRG0AYCU91N,9,7,0.8888888888888888,0.7086146329321719,1
A3EQUD17SM7VD4,7,7,0.8571428571428571,0.8162301587301588,0
A3EQXYIGJPI497,14,3,0.6428571428571429,0.7945162785731384,1
A3EQYQ8Q3KSBUP,5,1,0.8,1.411726811634697,0
A3ER3JDSFVX5JH,6,4,1.0,1.7025226757369616,0
A3ER3V2E06DH7D,5,1,1.0,0.9630001069043782,0
A3ER6ARJ23CIN8,47,13,0.8297872340425532,0.7048417152626694,0
A3ERH01X69ILES,5,2,0.8,1.3523574011450488,0
A3ERIYU56MOIZV,5,2,0.8,0.7322711442023879,0
A3EROUQNIQULVI,5,3,0.8,0.5833333333333334,0
A3ES9GMLKNN5TJ,9,4,0.8888888888888888,1.1948435278267824,0
A3ESMG31XIRL1R,17,3,0.7058823529411765,1.1080003510204521,0
A3ESOTEAESKH37,7,6,0.5714285714285714,0.5754251700680272,0
A3ESPB9KIXW0LZ,8,3,0.625,0.9736042961000517,0
A3ET35NGQ2VDN,5,4,0.8,0.6354728898727949,0
A3ET65973XPUQD,5,3,0.8,1.2958903613001975,1
A3ETUBMI2F5I1G,5,2,0.8,0.7931241471416544,0
A3EU23F5C930TA,5,3,1.0,0.5276862026862027,0
A3EUFGSTIBRF6U,5,1,1.0,0.6098198500082948,0
A3EUL7LI5UYE8P,7,2,1.0,0.5519138236908272,0
A3EUMLKEJQOWJ9,8,1,0.625,0.7008351144979051,0
A3EUP6JL17VQQZ,14,3,0.5,0.3807501698052937,0
A3EUS4JC68Q476,10,2,0.5,1.103308929632459,1
A3EUUD8HXMEB3I,7,3,0.8571428571428571,1.3251684560079957,0
A3EV2R77V65VGM,27,4,1.0,0.505674918978702,0
A3EVWMJ2I8TLK,5,3,1.0,0.8334632034632037,0
A3EW0BKQL8UBIU,5,3,1.0,0.7622769437289535,0
A3EWRMOMV84TXC,6,2,0.5,0.6549873503883293,0
A3EWTI4UIVR7UV,11,4,1.0,0.8176502299519656,0
A3EWUMHYMPD7IB,5,2,0.8,0.7654200542005422,0
A3EXJSCK1RWV2Z,5,3,0.8,0.5503770739064857,0
A3EXKNVJ9W62NT,5,3,1.0,0.4682781021943878,1
A3EY0L5NNRT2UP,5,2,1.0,0.6501615585649797,0
A3EY6XMCV29ASL,9,2,0.4444444444444444,1.0928776494638432,0
A3EYQ06LJKNOKL,7,4,0.7142857142857143,1.1733240304668875,0
A3EZ6WB5WDD6FD,5,1,0.4,0.6183673469387755,0
A3EZAA4F1UY1FM,6,2,1.0,0.8061269044964697,0
A3EZN5XWOR5FA7,6,4,0.8333333333333334,0.4185216993015001,0
A3F007O5Z3SJII,7,3,0.8571428571428571,0.4365889212827988,0
A3F0HJLB79JQJ4,11,3,0.6363636363636364,0.9808058740452948,0
A3F0LGYV5ZSC7K,8,2,0.75,0.5374798812298812,0
A3F0PKX1ZJIQ3K,7,2,0.5714285714285714,0.7796897546897547,0
A3F0UFBUB2FHX0,8,2,0.75,0.5453487806240865,0
A3F0YK0OIDWOGA,6,4,0.8333333333333334,1.3968900966183575,0
A3F11LFK9YRGV7,5,2,0.6,0.7264957264957264,0
A3F172PBMY1AN,8,4,0.875,0.7490881899775692,0
A3F18SDKBDF2WR,6,2,0.8333333333333334,0.6728310582400487,0
A3F1GNJZMOOM9P,7,2,0.7142857142857143,0.849256861214431,0
A3F23TNCLI3PTK,9,1,0.6666666666666666,1.033080808080808,0
A3F2414TEKJJW0,8,1,0.75,0.7560386228354978,0
A3F2926FPOBNL,10,2,0.4,0.8016984521835268,0
A3F2AUIISSQ5PH,10,2,0.6,0.4957740017406896,0
A3F3T0M58SE33C,12,3,1.0,1.1765786377704983,0
A3F4JBU5BMJ8W,6,6,0.6666666666666666,0.7250240500240501,0
A3F52D6MXA8FF8,6,3,0.6666666666666666,1.3066308243727598,0
A3F52K2N8MMN5Q,6,4,0.5,0.7958187164106817,0
A3F5A7WFK4QSAX,6,6,0.8333333333333334,0.7286227722082984,0
A3F5E8N7LHB0N1,5,1,0.2,1.5621514393273372,0
A3F5FJ5T8B6U55,9,7,0.6666666666666666,0.31253934077918055,0
A3F5ST8CFY4D6Q,9,3,0.3333333333333333,0.7077594573971385,0
A3F62JHOWXS44E,6,2,0.3333333333333333,1.0306182121971597,0
A3F64EXUHBLTP6,5,1,0.6,1.1903620030159257,0
A3F6O2RD11GNDR,15,8,0.6666666666666666,0.9799242552332219,0
A3F6SL8QNEVFFJ,8,3,0.5,1.0428806390977443,0
A3F70T6TTMAS2X,6,4,1.0,0.35134248467581797,0
A3F74TEV4ASM24,6,6,1.0,0.6186106001411729,0
A3F7AAPD8WM8LW,7,3,0.8571428571428571,0.5070692303132749,0
A3F7F7QKQP2FKT,29,11,0.7586206896551724,0.6841975681924011,0
A3F7IUGLIDU9IM,6,2,0.8333333333333334,1.1651677898252755,0
A3F879SKNN47RG,6,6,0.8333333333333334,0.735522064082886,0
A3F8OLKGTJ4NIL,6,3,0.6666666666666666,1.3275045537340617,0
A3F8PT0H9Z517V,9,5,0.8888888888888888,0.5683916204241408,0
A3F9AG94G7EH43,12,7,0.8333333333333334,0.7738226781120238,0
A3F9BX46VF4QYZ,8,4,0.5,0.8966056071257934,0
A3F9UCQK9Z4GGL,5,5,0.8,0.6973076923076923,0
A3F9VZ3YJ17SN4,12,3,0.6666666666666666,0.8100452787952789,0
A3FA3C83G0TV2V,5,1,0.4,2.8229931972789117,0
A3FA9RMVUGHSO8,5,1,0.6,1.2305323505323507,0
A3FAQFPIADHY2A,5,3,0.2,0.5653846153846154,0
A3FBVB7XP9I27E,5,3,1.0,0.5942963940193492,0
A3FCBZSKZ0UNEY,10,1,0.5,1.189544349024057,0
A3FCSXIUNGZSEH,7,4,0.7142857142857143,0.9978932700602605,0
A3FD6PPAC0BYFK,5,4,0.6,1.0869330400782016,0
A3FDBMNWA9QI4I,5,5,0.8,0.656606735374508,0
A3FDOJDBRENI8K,6,2,0.16666666666666666,1.1357729468599036,0
A3FE88OSGEVLNM,5,3,0.4,0.8204857030943989,0
A3FEG08IYQZPTT,5,2,0.6,0.4636497831243981,0
A3FEKADWPY8K4H,8,3,0.375,0.7176019363519365,0
A3FETWIN9GFV68,5,2,0.6,1.112265889600803,0
A3FF4XNRBT13MP,5,1,0.8,1.6897501041763339,0
A3FF8R08LI61J2,5,1,1.0,1.086950998185118,0
A3FFDJS3CFT6DQ,9,3,0.6666666666666666,1.0015664160401,0
A3FFEZ9CZVJT17,6,2,0.8333333333333334,0.9676602846022506,0
A3FFNE1DR5SI1W,6,2,0.8333333333333334,0.6720655781569288,0
A3FG0FTDQ1557I,5,2,0.6,1.275953895071542,0
A3FG23YJXY1OOO,6,6,0.6666666666666666,0.5178748186194849,0
A3FG70JHP6A6PX,10,4,0.6,0.9499368264585655,0
A3FGOOWBV8SUCA,25,5,1.0,0.7297336079188469,1
A3FH2H55MGDARV,6,4,0.5,0.5465854029011923,0
A3FH8ZKYJVE5ZE,8,3,1.0,1.111110037449323,0
A3FHI2J1NKKE3U,7,2,0.0,0.6203008235010963,0
A3FHTGEFBYZWCY,6,2,1.0,0.6432831661092532,0
A3FI0TJQX1TTAC,7,6,1.0,0.29693877551020414,0
A3FI46T2P4G34Z,7,1,1.0,0.684513422593918,0
A3FIA2QBJZJUIA,14,5,0.7857142857142857,0.4855547544830934,0
A3FILXI12RWHS4,6,4,0.16666666666666666,0.647651515151515,0
A3FINRNI579RA5,8,4,0.125,0.6149809512297235,0
A3FISGTK0WD7JK,5,2,0.6,1.0182395382395384,0
A3FJE1JPA27CFR,5,3,0.8,0.6727011155301351,1
A3FJW4LBNLJJ1N,6,2,0.8333333333333334,0.5393275788576298,0
A3FK275D13K5WJ,6,2,0.8333333333333334,0.9664550264550265,0
A3FK474L7GD0U8,5,3,0.6,0.7406820238584946,0
A3FKDHFZ129CVV,6,2,0.6666666666666666,0.9983552631578947,0
A3FL2RSS95UQXI,7,2,0.42857142857142855,0.37041953514387405,0
A3FLILNMY2OD8R,8,4,0.375,0.5501983978999618,0
A3FLNCYFL7465Q,7,1,1.0,0.9914661689162572,0
A3FLOWOKVNQ72S,15,5,0.6666666666666666,0.5819978453694616,0
A3FM766C6A13Z,6,1,0.6666666666666666,1.8384469696969699,0
A3FM9BHIIDME0S,6,1,0.6666666666666666,1.025815115318158,0
A3FMH2DGZHTIT0,10,1,0.7,0.9254094811055762,0
A3FMHTRW1C4DAP,5,3,0.2,0.7440982514753006,0
A3FMKEREO1F9O0,6,4,1.0,0.7212826126619231,0
A3FN1OZ2TJ5HS2,6,2,1.0,0.6412754452266953,0
A3FN4G5Y8GRZ5S,5,3,0.4,0.648676220080368,0
A3FNA0D0GBPNIE,7,2,0.7142857142857143,1.5540202191987906,0
A3FNOSCPPESDF9,16,4,0.6875,0.6364746134342076,0
A3FNRHCR34K5LD,6,2,0.5,0.6955565110789892,0
A3FOERDM2P3X46,5,4,1.0,0.9663322185061315,0
A3FOEYIN9ZTFK2,6,3,0.8333333333333334,0.8082500745600955,0
A3FOWTOACN5TNU,5,2,0.4,0.9796652249588153,0
A3FPDVCYKN68I3,5,3,0.6,0.30799397275369833,0
A3FPMKMYYXU9YC,5,2,0.8,0.7997532656023221,0
A3FPOOEMDCW962,9,3,0.5555555555555556,0.5625570598609814,0
A3FPPA6B77MR2A,5,2,0.8,1.3515555555555558,0
A3FPRZAPR38UUG,7,2,0.8571428571428571,1.1483944052167894,0
A3FQC80PE9MDZC,5,2,0.2,1.2231623931623932,0
A3FQRJBI5FTEFG,6,3,0.3333333333333333,1.3633071826620213,0
A3FQZH8PJB535A,7,1,0.14285714285714285,0.7003401360544217,0
A3FR3PTQJXF6B8,6,2,0.8333333333333334,0.9730510766230255,0
A3FRCFOIM9URJW,8,3,0.75,0.45707144107879394,0
A3FRKYF74RXHCW,6,1,0.8333333333333334,1.049073242155003,0
A3FS4QJGZZEMOU,9,5,0.8888888888888888,0.745185126764074,0
A3FS5IXG6F66SQ,5,2,1.0,1.5969094304388423,0
A3FSCAKJJ7I9S6,9,7,0.5555555555555556,1.5441554874561412,0
A3FSUK6BB76S8U,8,1,1.0,0.91215592861464,0
A3FT1K0M5OY1SQ,5,1,0.6,0.6526514837819187,0
A3FTAH0NKM6OVQ,12,4,0.6666666666666666,1.3690632416374424,0
A3FTTCWY67R5O7,5,2,1.0,0.7275497605900327,0
A3FTUN2MUUGNQD,5,5,0.6,0.8733333333333331,0
A3FTXHHJFX62FS,10,3,0.5,1.4837018683071315,0
A3FU8T75Q5YGC7,28,5,0.7142857142857143,0.6792200261489293,0
A3FUAGZZ6AF8XM,5,1,1.0,1.67,0
A3FUFO0Z5G5P0Y,11,2,0.8181818181818182,1.0629129770080352,0
A3FUKG6UDKUQ0T,8,3,1.0,0.6801832820756137,1
A3FV27DQQ84523,5,2,0.6,1.2183760683760683,0
A3FV9Y5U0F6DE7,10,4,0.7,0.6460366234721073,0
A3FVTOHP5V9W3G,5,4,0.6,0.46533767092290407,0
A3FVYH7IJSDMM1,6,4,0.3333333333333333,0.5529817328178016,0
A3FW1LCISRPOYC,5,3,0.6,1.2144927536231884,0
A3FW23J5MUPKUO,5,5,1.0,0.32390756302521007,0
A3FW3KF40W5N6R,5,2,1.0,0.39212026589075766,0
A3FWLRL772578H,5,4,1.0,0.6894912263662263,0
A3FWSOTC1OZWR7,10,3,1.0,0.3991109160472153,0
A3FWUJXSIIKHIX,7,3,1.0,0.7652086475615889,0
A3FWVV13DJELLV,5,1,0.4,0.7725,0
A3FX463L5XQ4MD,7,5,0.2857142857142857,0.515469326398917,0
A3FXVBMZ32Y0SV,5,1,1.0,0.7580156508870981,0
A3FXVCKXFXZW8O,6,3,0.5,0.6429634926046409,0
A3FY06FJT8I8DN,6,1,0.6666666666666666,0.8869973544973545,0
A3FY1GXS48WR8B,5,1,0.4,0.5165799123266521,0
A3FY8Q6PWOFPOB,6,6,0.6666666666666666,1.904487361648487,0
A3FYED7IS5YXRB,5,2,0.8,0.7980158730158731,0
A3FZ0J725GFE08,7,2,0.8571428571428571,0.5675637744303123,0
A3FZ0O8COAW8KX,6,2,0.5,0.4936170158171255,0
A3FZC71CGQNMOM,6,4,0.5,0.6277267388436855,0
A3FZDGKLU5IA88,8,4,0.625,0.5898580232529806,0
A3FZPHQPQLALJL,5,2,0.8,0.7108895547608963,0
A3G0CC5TOD9D6F,5,3,0.2,0.9897538445921942,0
A3G0QU7L8J2Y2D,6,1,0.8333333333333334,1.0645502645502647,0
A3G0U77E8RQO4N,5,2,0.8,0.4994360178162994,0
A3G11WF34W2IN2,5,3,1.0,0.7084395989627553,0
A3G18QG04I71B7,5,4,0.4,0.9188829787234043,0
A3G19B09K43OAK,7,1,0.42857142857142855,0.8289508110936683,0
A3G19SJMZO3NZW,18,3,0.7222222222222222,0.7782144839215932,0
A3G1BD69ZJQ4O8,5,2,1.0,0.38766179949424906,0
A3G1NGQAAE28PP,5,2,0.8,0.6737073844030366,0
A3G2AAMHUT1N1U,7,3,0.5714285714285714,0.4063829773281976,0
A3G2PUJI3MHBSR,8,1,0.625,1.207535535117057,0
A3G2UODFWBT8OE,5,3,0.8,0.4060114210911445,0
A3G2WCDU8JAVSH,6,4,1.0,0.5088944701620758,0
A3G2XI1VWI6SVK,7,5,0.8571428571428571,0.5862385906946115,0
A3G35MZTC46DA1,8,4,0.875,0.705303235411931,0
A3G3FEU8AXPMVW,6,2,0.3333333333333333,0.8335965276306654,0
A3G3HPYV1DBRC6,7,1,0.7142857142857143,1.8039534654441487,0
A3G3LITI9EWHPM,9,4,0.7777777777777778,0.46660229373201356,1
A3G3Q0WO65I8Q6,7,6,0.8571428571428571,0.7980554514685411,0
A3G4059JVY9VYB,6,2,0.6666666666666666,0.8429098556480495,0
A3G4NSG8P49G4L,12,1,0.4166666666666667,0.8333971923728467,0
A3G4W0QIOZ2X0S,5,2,0.2,0.7486319585305388,0
A3G52XWKNLBC3,26,17,0.34615384615384615,0.4784681289194125,0
A3G636N0YXQA7A,5,1,0.4,1.713993329075296,0
A3G6JEPMHP8H1W,5,3,0.8,0.9698976031676484,0
A3G6N1LDACZQCD,5,3,0.8,0.4809832777257338,0
A3G7BC1IGTAMZP,11,4,0.8181818181818182,0.601704583619174,0
A3G7UEG64KNGNY,6,2,0.3333333333333333,1.4680283224400872,0
A3G7Y8TENKTB6Y,5,1,1.0,1.9700000000000002,0
A3G8BQH1TMZR2S,5,4,0.6,0.7402152689472111,0
A3G8GD1KTLFBLP,13,3,0.23076923076923078,1.2497139110261282,0
A3G8HND34EXMBG,9,3,0.7777777777777778,0.7123364736979738,0
A3G8RKFB0UTTCT,5,1,1.0,0.671447963800905,0
A3G91TWL7TQ7OE,8,4,1.0,0.8487882860866731,1
A3G9FZJ3WMNHA4,17,5,0.8235294117647058,0.6862856072851727,0
A3G9XFGG1EZRNY,13,11,0.6923076923076923,0.554627408418485,0
A3G9ZJLMZNVYKO,5,2,1.0,0.43036751753993147,0
A3GA52KVFMDNLO,5,3,0.4,1.0650446343779678,0
A3GAHSKFONFZRR,6,1,0.3333333333333333,1.1603426766470244,0
A3GBL2GYZDJ2VR,5,1,0.2,0.6943877551020409,0
A3GBWL7H4U2S5T,5,2,1.0,0.6987383143172619,0
A3GCDS9S7YKUY8,5,5,0.8,0.7231912249003704,0
A3GCQ30FRM9MKQ,6,4,0.8333333333333334,0.8313936859635785,0
A3GCWRUCFAMZF5,12,3,1.0,0.911400536067486,1
A3GDDH47T69OZZ,5,2,0.6,0.9351615585649797,0
A3GDMDR42JPHTA,5,1,0.4,1.2443188854489164,0
A3GDN39HIKKD13,5,1,1.0,0.5484436274509805,0
A3GDYVCSYEW1SN,5,2,0.4,0.5619607843137256,0
A3GE8NHFZ5R05X,5,1,0.8,0.4621385281385283,0
A3GEDBJNKQG161,7,2,0.8571428571428571,0.7687853441700204,0
A3GEDRZKWRT2HF,9,5,0.5555555555555556,0.5607039100842955,0
A3GEVMQ38ZEV59,5,2,0.6,1.4407242615251517,0
A3GFQ3HF6Q8SHL,5,3,1.0,0.4377264492753623,0
A3GFVTJ4C0S9DN,7,1,0.42857142857142855,0.8959383753501401,0
A3GG2F2936IPS3,5,4,1.0,0.7254761904761905,0
A3GG7QSSI58HJV,13,3,0.9230769230769231,1.0551358821792414,0
A3GG8AP181TC01,6,1,1.0,0.5953526747613257,0
A3GGC0QUGFHZUT,13,3,0.8461538461538461,0.5822266806866128,0
A3GGUBZMTQD1B9,9,1,0.7777777777777778,0.7557496425143483,0
A3GH5XMSPELEW0,5,3,0.6,0.8358707821246523,0
A3GI2Q50RKE7J8,9,2,1.0,0.9962940891639794,1
A3GIBLGFLDNX7T,7,2,0.42857142857142855,1.0418744420845263,0
A3GIFH6IJ9T3V2,11,3,0.2727272727272727,0.5791606436924184,0
A3GIFP83R1K7Y2,7,3,0.7142857142857143,0.5641620284477428,0
A3GJ8PZKDN97CK,5,3,0.8,0.2505670701089121,0
A3GJLYCMZECXQI,5,4,0.6,0.9058119658119658,0
A3GJUXQOKUNIJM,5,2,0.6,0.9261067193675891,0
A3GJZIH58UCNYX,7,4,0.7142857142857143,0.9835554572120759,0
A3GK146A9DQK8O,5,2,0.4,0.7798534798534799,0
A3GK2YW141RDWR,5,3,0.8,0.6381669587369904,0
A3GKMK6KQH3Y1H,8,1,0.125,0.622123015873016,0
A3GLQPJ3TLXM09,9,2,0.7777777777777778,0.1838470548905019,0
A3GM71QJ64A275,5,1,1.0,1.0190835464620631,0
A3GMCGNT2ZO04V,7,4,0.7142857142857143,0.42346141091482703,0
A3GMIO4FFZWC27,7,2,0.42857142857142855,1.0116872565320019,0
A3GMS4BCKQORV0,6,6,1.0,0.7433088039753608,0
A3GMU0VTI9IPEP,8,1,0.75,1.1796414369943782,0
A3GMVCTJTHYG1F,13,1,0.6923076923076923,0.48796379829987946,0
A3GN3H910MOZ5A,5,2,0.6,0.6804376657824935,0
A3GNAV1I28EJCA,10,1,0.2,0.8626590859828651,0
A3GNB3WUBWXU17,6,4,0.0,0.47391304347826085,0
A3GNZUE5BIH395,24,5,0.8333333333333334,0.7798787182681733,0
A3GOS8Y7DV0E4X,18,8,0.6111111111111112,1.1477567356303744,0
A3GPDH4FMH514Y,9,5,1.0,0.6794861706212162,0
A3GPGNTI8KV9B5,8,2,0.875,0.9589352462620933,0
A3GPIUGCM7GDX8,6,4,0.6666666666666666,0.631398753429425,0
A3GPLGYP1MLWYS,5,4,0.4,0.41673992673992677,0
A3GPTJ9WUTT6N0,7,5,0.7142857142857143,0.70942190260651,0
A3GQ97I3V3LB7I,5,2,1.0,0.992244104428622,0
A3GQM9ZLFA1LHU,6,2,0.8333333333333334,0.598384875022806,0
A3GQZO7IS2FDGG,8,1,0.875,1.7999919250645995,0
A3GRNFBJE3UQ29,9,3,1.0,0.6166025509345985,0
A3GRXU3CCYU2AL,8,5,1.0,1.037187987873155,0
A3GS12USHLMPR4,19,19,0.7368421052631579,0.6370988091579148,0
A3GSIHEWYIKBAP,8,5,0.5,0.8626862493788984,0
A3GSQBNE4O9Y5E,8,3,0.625,0.48622445949156556,0
A3GSYEL2O5A65,15,3,0.7333333333333333,0.5914552599458471,0
A3GTDLW2YVC8XB,5,2,0.4,1.2183972125435543,0
A3GU5WBPH98GS,8,3,0.5,0.5317811361851031,0
A3GUTB5HY7N5SS,8,4,1.0,0.5562508289562964,1
A3GUVZ4QJEM247,5,1,1.0,2.0976302349336056,0
A3GUYFGEQGW4F,10,3,0.9,0.5893275082822063,0
A3GVDH2V3HK9IG,7,3,0.42857142857142855,0.6824897824889992,0
A3GVK4BH4Z7XJ1,8,2,0.875,1.0820151824141186,0
A3GVTK181RD96Y,16,6,0.8125,0.6079185752615507,0
A3GVWUCMN6NDTP,5,1,0.6,0.3482736265344964,0
A3GW8KCILR2E8L,15,3,0.7333333333333333,0.8126090034046434,1
A3GWAWL1Y68YMP,7,4,0.7142857142857143,0.8088550340921266,0
A3GWQDR4DNXPMG,10,2,0.8,0.5507486229101539,0
A3GX3CEXT0B5U1,14,6,0.5714285714285714,1.1074004588301665,0
A3GX7EVYDJZTWJ,11,3,1.0,1.0333241420307273,0
A3GXMPG6R0LER7,9,4,0.8888888888888888,0.7508672921621271,0
A3GXQTX2Y2CKSY,6,2,0.6666666666666666,1.2039849970208654,0
A3GY44KEUNEGQY,10,1,0.2,1.025903509059247,0
A3GYAB5SN9UUJA,5,2,0.6,1.8875302112882828,0
A3GZQJZLSMETLI,8,7,0.5,1.0010912698412697,0
A3H00BFSIO8B0R,6,5,1.0,0.7595518899090328,0
A3H0AW7EAWQEWT,5,5,1.0,0.7536267018006148,0
A3H0DQ1FJF1VAK,8,6,0.75,0.6620904099366774,0
A3H0GG7X0XKDE5,10,2,0.7,0.9016880091817512,0
A3H0NEHDHQ96D6,5,3,0.8,0.430619791340854,0
A3H12CND4I3EM4,5,2,0.6,0.9073456420040269,0
A3H12V31XEYD1D,6,1,1.0,0.6332696675614288,0
A3H1316H0IEZTQ,6,1,0.8333333333333334,0.5641048085901028,0
A3H15IMJTTZROE,6,6,1.0,0.4645839851218411,0
A3H1AZ031TPWD8,6,5,0.8333333333333334,0.9204179475918606,0
A3H1CE8T6GDVWV,7,1,0.5714285714285714,1.014898791684506,0
A3H1OY96C9ML65,5,2,1.0,0.5132298136645964,0
A3H1U5UV5LYJ9Y,8,5,0.875,0.444966481626213,0
A3H28BN5IS3VP8,5,1,0.0,0.330952380952381,0
A3H28VNR4FG6CU,5,2,0.6,0.5122625718940848,0
A3H2CKTFZ3B3GD,8,1,0.625,0.8645484532616068,0
A3H2DTODV3M1QS,6,3,0.5,1.0193168360461593,0
A3H2TN29DG1SS3,7,2,0.8571428571428571,0.44338099286648036,0
A3H38JP56IKQJG,7,1,0.2857142857142857,0.8818730940652123,0
A3H3CBID5TL2DA,7,2,0.5714285714285714,0.6790107361325001,0
A3H3HZGVI37AQJ,6,2,0.8333333333333334,1.1246535768703254,0
A3H3NOOQN5EWTO,6,3,0.16666666666666666,1.0615351234916452,0
A3H3QYKO5LAYCP,9,6,0.6666666666666666,1.3344107538551984,0
A3H3T9Y0FHNH0F,8,2,1.0,0.5276304979777555,0
A3H474MO4CM2Y5,6,1,0.5,0.7833695652173912,0
A3H4FFQ4AYZORO,7,2,0.8571428571428571,1.1530382354962188,0
A3H4HGNE9TJ1K1,6,2,0.5,0.7764781379603928,0
A3H4HJ30KWIMEK,6,5,0.8333333333333334,1.0415703748666447,0
A3H4TIVTTA5IBB,31,2,0.22580645161290322,0.5017136709651502,0
A3H501ZDMBZLRO,6,4,0.5,1.5551948051948052,0
A3H5A4OAWZ4YF,8,6,0.5,0.5102980517158013,0
A3H5CVICTMQRS8,5,1,0.8,0.7750000000000001,0
A3H5H9DE84JIKI,5,2,0.8,0.694809384164223,0
A3H5WKVJRED0BR,5,1,1.0,0.6248683821354628,0
A3H7DG1R6VXLR6,6,2,0.8333333333333334,0.9171857952345756,0
A3H7EDIC6M40BY,6,4,0.3333333333333333,1.035836385836386,0
A3H7J5POTR9TZW,5,1,1.0,1.2031531531531532,0
A3H7R5QEFUBZH7,8,4,0.625,1.1799929511278195,0
A3H8IE60X1L8ZY,7,5,1.0,0.3326017796259754,0
A3H8QYB549URIT,6,2,0.6666666666666666,0.549146224146224,0
A3H9FJL67HJA3D,6,1,0.0,0.6215367965367966,0
A3H9YT0P97I34O,10,3,0.9,1.054718137254902,0
A3HAA7H8PBVM78,10,2,0.3,0.690297619047619,0
A3HABMO1YCQCAK,5,3,1.0,0.37461534779070327,0
A3HADHOS4619R3,6,1,0.8333333333333334,0.5996421051124241,0
A3HAG5HVXP3V54,6,1,0.6666666666666666,0.9065771570882886,0
A3HAMBCVJ615PO,7,4,0.42857142857142855,0.5116131067811739,0
A3HAS6A4BD8T6S,5,3,1.0,0.7562946158499697,0
A3HAU9RI9D07F7,6,6,0.5,1.8297201383746347,0
A3HB7EDZF0ZB8J,6,4,0.8333333333333334,0.49103017853017866,0
A3HBASBZZVT2N7,5,4,0.0,0.7290536467751657,0
A3HBGR9WEIIA5K,6,2,0.8333333333333334,0.9839205718297103,0
A3HBK3JS4VU4II,5,4,0.8,0.5812157685551872,0
A3HBZOPOJFVV8Z,9,4,0.2222222222222222,0.7437677427873506,0
A3HC2220JYRF6J,5,3,0.6,0.4024910761752866,0
A3HCG8U4ATKXG4,8,3,0.75,0.5220886752136751,0
A3HCGSOLAHATVQ,7,4,0.7142857142857143,0.6429437229437228,0
A3HCMJOGRRSAF2,34,3,0.38235294117647056,0.8648798569867512,0
A3HD1742YP624R,7,6,1.0,1.1448540181622888,0
A3HD6PT2FL2BYL,7,2,0.8571428571428571,0.8522619885392582,0
A3HDSPFMOCEUTA,11,3,0.5454545454545454,0.9927074178953876,0
A3HDW0BQ5Q46G2,5,1,0.2,0.5082398509643091,0
A3HDZO6UOFNK3B,7,2,0.5714285714285714,1.4064533879464023,0
A3HEGIOHBTEM32,6,1,0.8333333333333334,0.7590808832744318,0
A3HEU19KYGI5YX,8,3,0.625,0.3496311600974996,0
A3HEX74HFC0VM5,7,3,0.7142857142857143,0.5275888133030993,0
A3HFA497LX7BW3,7,2,0.8571428571428571,1.1932670805307362,0
A3HFG905TQ77FL,6,6,0.8333333333333334,0.40686963309914126,0
A3HFNEDU0KSYVR,5,2,0.8,0.6254566210045663,0
A3HFUVIA168297,8,2,0.875,0.651954602774275,0
A3HG2DNHVU3M3R,11,2,0.8181818181818182,0.8037380190474156,0
A3HGKLYTBE4QX0,5,1,0.6,0.8182255710552218,0
A3HH340REI4J47,37,13,0.5945945945945946,0.49815955004721574,1
A3HH4M0CU5GWTB,5,3,0.6,0.9140215075929362,0
A3HH6ZWIOWIYOU,11,5,0.45454545454545453,0.5348485296873969,0
A3HHCD6UU62VNH,5,2,0.4,0.37517460317460294,0
A3HHEF1R6L7651,5,1,0.8,0.7033333333333334,0
A3HHQXOMMY99Q9,5,2,0.6,0.9921052631578947,0
A3HHRRVRF7OLCJ,6,2,0.5,0.5260701190623326,0
A3HIXLGOEH2OEN,5,2,0.2,1.1682175992533594,0
A3HJ6FNSURIH42,10,4,0.6,1.0655685724500181,0
A3HJIOWKO7R1DR,6,4,0.3333333333333333,1.4395256552233295,0
A3HJL3TXRC472T,5,2,0.4,1.201919004235595,0
A3HKJUDAXMZHFE,9,4,0.6666666666666666,0.969197188287883,0
A3HKOWAT6BP059,7,2,0.8571428571428571,0.4611760950479663,0
A3HKU0HXXWAVEI,5,3,0.4,0.3374288302277432,0
A3HLH7UOHXEX94,9,2,0.8888888888888888,0.7561557767611119,0
A3HM8N429OW7V6,5,3,0.6,0.49451971688574314,0
A3HMJJ5T9GQY1V,8,3,0.5,0.39186099486188963,0
A3HMP6XEGFD7S7,5,1,1.0,1.048974358974359,0
A3HN318DL1X2G3,21,9,0.6666666666666666,0.5823490182963165,0
A3HNLJGBLFBJIA,28,1,0.6785714285714286,0.764894711555138,0
A3HNMKMU0YJAN7,11,3,0.7272727272727273,0.6748913919025579,0
A3HNYXH7NW2LGD,6,3,0.5,0.4383742861561233,0
A3HO0FX4WC9YTU,6,3,0.8333333333333334,1.2972512280346382,0
A3HOO29NMD09UN,6,2,0.16666666666666666,1.1753012606599924,0
A3HOQZJ3HDUQRH,8,2,0.625,0.8291849938625205,0
A3HP14Z1CII981,5,2,0.8,1.018541897891232,0
A3HP4VTP6952XA,10,5,0.9,0.8576929780554057,0
A3HP5DC0RR17DF,5,5,0.4,1.2118181818181817,0
A3HPBB9V036H6K,5,1,1.0,1.3614483821263481,1
A3HPP56WYGDVPC,13,5,0.38461538461538464,0.6892577910680315,0
A3HPZJY70DOYYH,5,1,0.2,0.633836976032098,0
A3HQ6IPNE7PUO7,7,2,0.7142857142857143,0.6544506682755531,0
A3HQKIJ6ZFQB87,6,1,0.8333333333333334,1.6783999483302956,0
A3HQP9BYC4I9CL,5,2,0.6,1.1555491329285394,0
A3HR1PRCZTMOER,5,5,1.0,0.3424041075203865,0
A3HR5WMYNUOXO8,5,2,0.8,0.8322222222222223,0
A3HR5WRS2KN0DB,5,2,1.0,0.7208837970540098,0
A3HR9EHWN2A9FT,7,3,0.2857142857142857,1.1624712811921185,0
A3HRAXFHBPBBCA,8,1,0.625,0.447882326007326,0
A3HRICS5J0RVR2,5,3,0.6,0.6644825967055519,0
A3HROY0XROW4S8,6,4,0.5,0.4518630450233306,0
A3HROY1ML8ZQIP,7,4,0.8571428571428571,0.3858173307515646,0
A3HRPYUMCSE8SW,6,2,0.8333333333333334,1.0326081326081327,0
A3HSFWAJGSSVZS,6,1,0.6666666666666666,1.3266632894292467,0
A3HSKN33BTBMCO,6,3,0.6666666666666666,0.6287735849056604,0
A3HT7V9SDMR6U7,11,2,0.8181818181818182,0.6800637613874888,0
A3HT8Z717DVTNZ,12,2,0.8333333333333334,1.6641234077238647,0
A3HTIGE4Y8UW3L,6,3,0.5,0.750736531986532,0
A3HTZK9SXHK5S5,7,4,0.5714285714285714,0.9642653299564341,0
A3HU6DC49QTI2D,5,5,0.6,0.9505762280362784,0
A3HU75ZKLB9GFP,10,2,0.6,0.8862101063631052,0
A3HU8TU3T5LNRV,11,4,0.7272727272727273,0.6014041974350031,0
A3HV10458SSRVM,15,13,0.7333333333333333,0.863603304982328,2
A3HV79NDXN3UUX,6,1,0.5,0.5855369896465786,0
A3HVBHXEQD472E,8,2,0.625,0.6044415020158767,0
A3HVH753MBGBX1,8,3,0.625,0.6390744884910486,0
A3HVHFOQGPMV3U,5,3,0.4,0.5808650214703297,0
A3HVRW8WS7TCV5,7,3,1.0,0.9606560164013579,0
A3HVX1Q10UBL3B,7,1,0.8571428571428571,1.1132653061224491,0
A3HWQ1J6KI1JP0,6,3,0.6666666666666666,0.9902107464607467,0
A3HWXBF7B1ND74,7,3,0.2857142857142857,0.8743449532923216,0
A3HX2OHUEFX4HQ,6,1,0.3333333333333333,1.1042910486038449,0
A3HXGSMCIOZEW8,44,9,0.7272727272727273,0.5864863769311107,0
A3HXLBV8IUCS88,6,4,0.6666666666666666,0.42434809236397614,0
A3HXO3MMYYHHHD,8,3,1.0,0.8116468326994644,0
A3HXSHUIDLHS55,5,4,1.0,1.1548356476115011,0
A3HYC0RY9VVYS3,5,1,0.8,0.8720743034055726,0
A3HYE2EHPFPK2J,7,1,0.0,1.093754984511287,0
A3HYFFRQD1KE36,5,3,0.8,0.6317646947646945,0
A3HZANL0GB61U8,17,5,0.7647058823529411,0.8632690283243853,0
A3HZFUJ6WSBV6R,7,2,0.5714285714285714,0.5186690554450413,0
A3HZG7E435SH90,6,2,0.8333333333333334,0.748620288695188,0
A3HZGKQN0UF1CH,5,3,1.0,0.4452275800602374,0
A3HZOPDA4KKC5W,7,6,0.5714285714285714,0.6988986540380384,0
A3I04CBXGNEX6,6,1,0.0,1.7726542478112115,0
A3I093DEFVCUUY,12,2,0.75,1.3766657562907805,0
A3I0BG02LR5SRW,5,2,0.6,0.7645139726970518,0
A3I0EQUFL7WZ7J,7,2,1.0,0.7435727954909541,0
A3I0I0YHZB013F,27,3,0.6666666666666666,0.6539449748818268,1
A3I0VTX1RS5NMK,7,2,1.0,0.5731844744610691,0
A3I0ZJFJ5OE7MV,5,3,0.4,0.725195707070707,0
A3I18N3IVJOOUS,9,3,0.6666666666666666,0.9493925475849494,0
A3I195NZP83EU1,17,12,1.0,0.6044919495118579,1
A3I1GZ3Z7AXSNZ,13,2,0.6923076923076923,0.7524686424686424,0
A3I1I949XB220J,5,1,0.6,0.730420168067227,0
A3I1LYDUSZSGUY,11,3,0.8181818181818182,0.9947951636689715,0
A3I1U3ZBZCUMMB,6,2,0.6666666666666666,0.3895833333333332,0
A3I2AIBC3CYQMH,5,3,0.6,0.36497695852534556,0
A3I2E3IWY7RW00,10,2,1.0,0.7098409617703458,0
A3I2QAIABQSK79,11,3,0.6363636363636364,1.0414166026196372,0
A3I37YQFNO548K,15,13,1.0,1.0440515648895468,0
A3I38VP7ZNCKM9,13,2,1.0,0.9764827172105357,0
A3I3BYJ6PIODG1,7,1,0.42857142857142855,1.6390689282649007,0
A3I3OQ2B6EKOXY,6,3,0.6666666666666666,1.0244426350005014,0
A3I3SRKV9V02G9,9,3,0.8888888888888888,0.7793800781124912,0
A3I42CDG116KKQ,12,6,0.9166666666666666,0.8377350067054118,0
A3I4FNN00CJ3QS,15,3,0.8666666666666667,0.6889520929125312,0
A3I4KR7P3MGN3P,5,2,0.8,0.45526220577654436,1
A3I4PHXEKVY40L,12,1,0.3333333333333333,1.626738799036979,0
A3I551RT5B4KLF,7,2,0.42857142857142855,0.38534366176846113,0
A3I5SGVPSQARNJ,5,2,1.0,1.6424242424242426,0
A3I5TRZZSO8C0B,10,2,0.7,0.41430507846703046,0
A3I6U2RZL3WL7U,5,2,0.8,0.4078571428571429,0
A3I6XLHKVUU9FB,9,9,1.0,1.1517052300120905,0
A3I73QMJPPMZ3Q,26,4,0.38461538461538464,1.264272774632193,0
A3I7ZQV5QDUSP7,5,3,1.0,1.0386459958955716,0
A3I88QYGHGTWKO,8,8,0.625,0.7438030019319981,0
A3I8R0PC35026S,10,2,0.9,0.6117232767232768,0
A3I8VKL1FVKY0C,6,2,0.6666666666666666,1.2260035345442455,0
A3I8ZUK0UUUXQ8,6,1,0.3333333333333333,1.4971105738994561,0
A3I98FCRUS9L72,6,2,1.0,1.1919953503286838,1
A3I9CG8HA38QJ4,7,3,1.0,1.0448073350725158,0
A3I9GK5OO42B0I,5,3,0.2,1.2076190476190476,0
A3I9NLAKW3L4WI,9,2,0.6666666666666666,0.5552005191479594,0
A3I9UCU2T8HIKS,6,1,0.16666666666666666,0.7167832473168985,0
A3IAAVB63OE76I,5,1,0.8,1.3018210108426902,0
A3IB5F5UTKNG5D,10,3,0.9,0.742347429278693,0
A3IBH5QRQFH97Y,5,1,1.0,0.6146143979477312,0
A3IBY99O59EW7J,10,6,1.0,0.8360809029820354,0
A3IBZN5AUG04I7,14,3,1.0,0.5210047212060832,0
A3IC1RAA9W8RGZ,8,1,0.125,0.6634000735861803,0
A3ICDLUQ3V2QY2,9,1,0.5555555555555556,1.0450937950937953,0
A3ICEC2KAKMBML,6,4,1.0,0.6341151211771159,0
A3ICH3NHPG7W9F,6,2,0.6666666666666666,0.430281432748538,0
A3IEAYDS24L2IK,10,3,0.7,0.939172112603137,1
A3IEBFQFROGCKN,5,3,1.0,0.3843591575652411,0
A3IEEK4JCSF336,6,2,1.0,0.564376052188552,0
A3IEGFLUNPKRV4,9,6,0.6666666666666666,0.6345337926330527,0
A3IF5BJFPH8OG5,7,1,0.14285714285714285,0.5758198016048525,0
A3IFAGP5ELDMHU,5,3,0.6,1.1020873087103067,0
A3IFCL2696IUER,20,4,0.35,0.565695341418423,0
A3IGETH1M17L0W,18,3,0.7222222222222222,0.7959553158813404,0
A3IGF82JII638Y,7,3,0.42857142857142855,0.7798185941043084,0
A3IGFS3NAIL6PS,8,2,0.875,0.9531048884086404,0
A3IGLE6X6RSNZX,20,3,0.7,0.9630467531614734,0
A3IH5LXI0YVYXE,5,5,1.0,0.5257505467595841,0
A3IH5TH6AKY6KR,5,2,0.6,0.3201354201354202,0
A3IH6INLYZ7RAY,5,2,1.0,0.6813375350140056,0
A3IHEEQDOUZKS0,9,2,0.6666666666666666,0.4789419457509773,0
A3IHTB81B9HDQ1,5,2,0.6,0.5183741676089962,0
A3IHZP2530M05N,6,2,0.8333333333333334,1.3457070707070706,0
A3II1BHNKL2HAL,11,2,0.9090909090909091,0.8215037716797338,0
A3IICSS30MRX9M,8,6,0.875,0.9239624800990501,0
A3IID9YHOZZHNO,5,5,0.6,0.741639598600383,0
A3IJFYE918YC4Z,6,5,0.8333333333333334,1.0722545282246774,0
A3IJX6L3BALFVM,5,2,0.6,0.5111912982262039,0
A3IK7FKX7OV93G,5,2,1.0,0.3330580654414323,0
A3IKK57TI9BP85,6,5,0.8333333333333334,0.5672669922669921,0
A3IKOI71108FUB,6,2,0.3333333333333333,0.38966721989167813,0
A3IKQ1HN8KQJFD,8,4,0.75,0.4656498015873015,0
A3ILC2L5EOTHY6,8,3,0.875,1.174553238049851,0
A3ILJX4T7N4QX5,6,4,0.6666666666666666,1.1115828615828613,0
A3ILMKW88W1TIR,5,1,0.6,0.5585769980506823,0
A3ILZDO340H7BQ,5,1,0.6,1.4104862953138817,0
A3IMQRHC2WBG0G,7,7,0.5714285714285714,0.6537736148720129,0
A3IMZIPHBDMANK,9,2,0.5555555555555556,0.45988519076754375,0
A3IN7BU0IY6QXB,6,1,0.3333333333333333,1.224590442237501,0
A3INFMKPU6ZU3F,6,1,1.0,0.5604377104377104,0
A3INIL5S7HNKB5,5,1,0.2,0.905378787878788,0
A3INKBDWXCL8LP,14,3,0.6428571428571429,0.6174373888569974,0
A3INP2ULA50M5I,5,2,0.6,1.4073777788707458,0
A3INUENVJRK20B,11,1,0.7272727272727273,0.8532944157944157,0
A3INXYG0TAJQ61,12,10,0.5,0.8921464848006956,0
A3IOINIAOMUJK3,6,1,0.6666666666666666,0.8526333457866402,0
A3IOMFM9VQNGGS,9,1,1.0,0.8527105434819927,0
A3IONEIQB9028N,7,2,0.42857142857142855,0.8155095581342575,0
A3IOQ7NVVLAUEE,37,18,0.918918918918919,1.0182094728082483,0
A3IPDGNMA9GXJ6,9,2,0.6666666666666666,1.2474016563146995,0
A3IPHMUE2TBDSO,5,3,0.8,0.606421188630491,0
A3IPKDIL9DVUH2,5,2,0.4,0.8701206140350877,0
A3IPN12WPXYTEI,7,4,0.5714285714285714,1.2265253918927084,0
A3IPRGWKSJ4BBW,14,1,0.35714285714285715,1.3263613040438968,0
A3IQ16G6QSPU78,5,1,1.0,0.6894444444444445,0
A3IQ3HU1SIL6RD,6,2,0.3333333333333333,2.085192147034252,0
A3IQ5URWAKDF3H,5,4,1.0,0.7815955091714105,0
A3IR5HRM2K58TW,7,4,0.7142857142857143,1.0883960428736548,0
A3IRJT9J0C6R9Y,5,2,0.6,0.9240894715657525,0
A3ISA8LBB5P34E,10,2,0.6,1.3821827779266804,0
A3ISVYONRK0TPQ,6,1,0.6666666666666666,0.9667005077746796,0
A3IT51CB8K392O,11,2,0.9090909090909091,0.7506324674986419,0
A3ITD2GNEMBXO3,5,1,0.8,1.2831356693620843,0
A3IU2TOMXONMU,9,2,0.6666666666666666,0.9499753021146253,0
A3IUPHLK5U0MVL,6,6,0.8333333333333334,0.479411608927738,0
A3IUW081KXD3PE,42,5,0.4523809523809524,0.612741686903174,0
A3IUX9ORAHPQRV,6,5,0.0,0.6958452449018487,0
A3IUYGMS1GYVSF,11,2,0.36363636363636365,1.359483819516048,0
A3IVDLIXVJCRDQ,27,2,0.3333333333333333,0.8272453758432762,0
A3IVOBRF33TWWI,8,2,0.875,0.6401225875224762,0
A3IVW9455F3NBT,10,5,0.4,1.2644204739643066,0
A3IVWNSONC6EHJ,6,2,0.6666666666666666,2.0964770523594054,0
A3IW6HJF53384O,12,3,0.4166666666666667,0.7502786405673133,0
A3IW9TTG36O24X,19,5,0.5789473684210527,0.6883796881202718,0
A3IWHS6BZL9RLA,9,3,0.5555555555555556,0.5301117264681094,0
A3IWLVCZ0CH36M,10,2,0.3,0.529189311929311,0
A3IWUICVZ4AH7Q,10,2,0.9,0.560781546632062,0
A3IWVKGBWBGLEX,5,1,0.6,0.7415449735449736,0
A3IWZ99KRTRK2R,5,2,0.8,0.7095351436817027,0
A3IX9M09JQCHKR,5,2,1.0,1.0760731616274728,0
A3IXCF92PS9B05,5,3,0.0,1.2069686411149827,0
A3IXF3BZMBQTJU,13,5,0.8461538461538461,0.5620020746480454,0
A3IXLWYLOF5ICE,5,3,0.6,1.0887177292825558,0
A3IY8S20GL2IP4,5,3,1.0,0.6528148907103826,0
A3IYA4H79ISAEH,5,2,0.6,0.525128205128205,0
A3IYXQEMMNFN9L,6,5,0.8333333333333334,0.9883237133237134,0
A3IZHB30ALHJRH,7,2,0.8571428571428571,0.7695813066336287,0
A3IZXJRV8RHUQC,5,2,0.6,0.7737662337662339,0
A3J0FSNHFNUH9H,5,1,0.2,0.49499999999999994,0
A3J18C4T2JWI2F,12,3,0.9166666666666666,0.7149978475482638,0
A3J1RP6WISTKU4,5,1,0.8,0.9238669769720727,0
A3J1UD9K9G21R2,6,2,0.3333333333333333,0.8604160657397971,0
A3J20HDHEMAS4U,6,4,0.5,0.7041666666666669,0
A3J2G5QM4U3ZZA,5,1,0.6,1.0360804735804738,0
A3J2JFWCQY5JJ1,5,3,0.6,0.8290420577844511,0
A3J2N3MC99CLB3,15,2,0.4,0.642790138203427,1
A3J32XYCB1F5U,5,3,0.8,1.3689647376692122,0
A3J3DSTPE51WGT,9,9,0.8888888888888888,0.6248417288552566,0
A3J3QD1GK2VMR8,6,1,0.8333333333333334,0.8416592359720321,0
A3J3RY2TMR19IQ,5,2,0.4,0.7838247132983975,0
A3J40I08JKD4N1,5,3,0.8,1.0011577149364208,0
A3J40JUCYGXNPN,10,2,1.0,0.5608829445588553,0
A3J427EII1BJ3C,11,4,0.5454545454545454,1.090120205537663,0
A3J4DCLWS6CAHW,6,5,1.0,0.6793565717141429,0
A3J4OATZUDX8OS,7,2,0.42857142857142855,0.7419153168513785,0
A3J584XUXWACTH,6,1,0.6666666666666666,1.1880718954248366,0
A3J5FNFCQFQ5AP,6,2,1.0,1.9146244676732482,0
A3J6KZ3VKXU676,5,1,0.2,0.5231812169312169,0
A3J6SVDM96JYQF,6,3,0.6666666666666666,0.6492245046166615,0
A3J6UIFFLPCMD1,6,1,0.16666666666666666,0.5454906204906206,0
A3J6UOVQMZXS1Q,9,3,0.8888888888888888,0.934083537235711,0
A3J7H61WESSUL2,6,1,0.6666666666666666,2.482855265363005,0
A3J7Q94UJ4LQKR,11,3,1.0,0.9605105196232636,0
A3J8G09MLB4YHY,6,2,0.5,0.7212569997052757,0
A3J8O8PE56EJBX,7,2,0.5714285714285714,1.4398008328396856,0
A3J994FVYOM3Y4,7,7,0.42857142857142855,0.7288404452690168,0
A3J9C2WMW0TZYB,9,1,0.8888888888888888,0.4228059363476031,0
A3J9O3GEES45SK,6,4,0.8333333333333334,0.4231223407521365,0
A3J9R9J4R74L0G,8,4,0.5,0.4558251697359277,0
A3JA0WEPU6ONK3,5,2,0.6,0.5143498063601156,0
A3JA30EHGT7TU4,10,4,0.5,0.7540776474237095,0
A3JAITM5A93M0U,7,2,0.7142857142857143,0.6525784443935938,0
A3JAJG8H9U6FNR,5,5,1.0,0.698583438419504,0
A3JAY3B09H5JJP,5,2,0.2,1.0340295308406762,0
A3JB4P1HZ74BIS,5,1,0.8,0.9037936913895994,0
A3JBJ4DD3RWYDV,6,2,0.8333333333333334,0.6210133666655406,0
A3JBMN4PPGOTFJ,5,1,0.6,0.5899999999999999,0
A3JCP0OA7XRRQZ,5,1,1.0,0.6634449294591978,0
A3JD7WHVHEPCPP,6,3,0.6666666666666666,0.3086492673992674,0
A3JDBMF683S6G9,5,2,1.0,0.3676322196322198,0
A3JDCUXO8Q4AD1,5,2,0.8,1.5951988217967599,0
A3JDG8DWTFTXG7,5,2,0.6,0.28953481264135944,0
A3JDL0QTF3S4HQ,6,2,0.3333333333333333,0.6540344922450567,0
A3JE752C5H1CDT,8,7,0.875,0.9900304326400299,0
A3JE9MGEBFOPJR,5,2,1.0,0.9983458646616541,0
A3JEHY6YI4OQLP,9,7,0.8888888888888888,0.8818149957038846,0
A3JEI47EQBK2IY,5,4,0.8,0.6499234289737723,0
A3JEQOGQUBE9XO,5,2,0.6,0.6856060606060608,0
A3JER1SISEII76,5,1,1.0,0.5333333333333334,0
A3JEWGKJ0X4Z5J,8,2,1.0,1.1715382951560482,0
A3JF001WP479T7,6,2,0.6666666666666666,0.7830895158481365,0
A3JF0TXPGIYHYY,5,2,0.6,1.2155674390968507,0
A3JFA3XLR020E4,5,1,0.6,1.7167479674796748,0
A3JFMJUG3W56YR,10,5,0.5,0.5182596416293872,0
A3JFOZM9TQ686Q,6,3,1.0,0.5639886631942969,0
A3JG635P2UPX59,7,3,0.7142857142857143,1.059336121836122,0
A3JG7F04KBUH1O,8,2,0.625,1.0731990981990982,0
A3JG9IR27BDP6P,6,4,0.6666666666666666,0.8608716475095785,0
A3JGE56B1T47VX,5,3,0.0,0.44026655353641864,0
A3JGFVWBUSNR70,6,2,0.3333333333333333,0.7486537662975564,0
A3JGIXQPX65TGJ,23,2,0.5217391304347826,0.8889729523274043,0
A3JGWPU67E3IVY,8,3,0.75,0.7126800713051995,0
A3JH18T58CY65P,6,1,0.5,1.1266298962082095,0
A3JH6XM7CPVPEO,5,2,1.0,0.46317582417582415,0
A3JHC8O59WDHFZ,23,2,0.2608695652173913,1.260044134249935,0
A3JI1ELQKBH8SH,5,1,0.0,0.49592471358428797,0
A3JI6DI1JLT64D,5,2,0.8,1.1660994908912472,0
A3JIGBRDRPKHXN,5,1,0.6,1.0767732360562423,0
A3JIXQXC6KARBH,5,1,0.6,0.702062322062322,0
A3JJI4J8XAMK5Y,8,2,0.75,0.5277882205513782,0
A3JJO60MHSX3PG,7,2,0.8571428571428571,0.40533485446717943,0
A3JJUCA6K4P31H,15,2,0.4666666666666667,0.7007343568852763,0
A3JJVDYQL39YPF,9,2,1.0,0.8370250243729903,0
A3JJWPJGG8IOIY,5,3,0.8,0.6521164021164021,0
A3JK77PGI49VM6,10,7,0.8,0.8243709239866973,0
A3JKK3VYJU990R,11,1,0.2727272727272727,0.3909375096122085,0
A3JKQBXT5ZLVV8,9,3,0.5555555555555556,2.041285083676388,0
A3JLBMXPEENJ9T,7,1,0.7142857142857143,0.49013937641832633,0
A3JM1MSD1G97R5,12,3,0.75,0.7233025731801833,0
A3JM5I8YUOR6D4,5,3,1.0,0.5292682926829269,0
A3JMYUXPG9NA3B,6,2,0.3333333333333333,0.5935820991692936,0
A3JN8DMA0EC9YL,8,2,0.875,0.9032137063387063,0
A3JNS16SMDIX98,5,2,0.8,2.018406254854243,0
A3JOCFD1SLS5ZK,6,2,0.6666666666666666,2.3115104092922465,0
A3JOGUHYHZV8LD,5,2,0.2,0.5940726817042606,0
A3JOTB0BUVZ69W,5,3,0.8,0.272853949329359,0
A3JP4GUOZ4QKDO,5,3,0.2,0.42853858784893273,0
A3JPE2AYIMKB59,9,2,0.5555555555555556,0.8823413452669725,0
A3JPRLI6012U5B,14,2,0.8571428571428571,1.10210404258093,0
A3JQ58CZBV3FOZ,21,2,0.38095238095238093,0.8680679193556771,0
A3JQ7JBTC4M50Z,5,1,0.6,0.3996226415094341,0
A3JQDCCN8OJ2OL,5,4,0.8,0.4834828520699001,0
A3JQKKDSX3PELZ,7,1,0.7142857142857143,1.201287909995162,0
A3JQMVCMR3XHWG,9,2,0.4444444444444444,0.4238763861429395,0
A3JQQ2TWTKFVNH,8,1,0.5,0.616796398046398,0
A3JR5JFYBQ98C8,9,1,1.0,0.8488589866351803,0
A3JR66FUSQFHGH,5,5,0.4,2.9278023381471656,0
A3JR735LS372L8,7,3,0.7142857142857143,0.7890075872067311,0
A3JREFQ0PB1GNH,8,5,0.875,0.4616459367838044,0
A3JRJE9F15JJU9,7,2,0.8571428571428571,0.7140136054421767,0
A3JRJYI36TKMA8,14,4,0.7142857142857143,1.2420960319795922,0
A3JRN9WZJM0Z7J,5,3,0.8,1.4857638888888889,0
A3JSBSXZRB2BBJ,24,3,0.7916666666666666,0.708998598128508,0
A3JSZW4RU63B6B,6,2,0.8333333333333334,0.45939615939615946,0
A3JT0N7V6GQ3NY,5,2,0.8,0.38036334913112163,0
A3JTLS4M8EGFD8,5,4,1.0,1.1877927742289993,0
A3JTYP3IOAHWWV,6,1,0.5,0.7166271576611374,0
A3JU990UTN5RQP,33,12,0.696969696969697,0.5721950631465926,0
A3JV41WP2W5628,5,1,0.6,0.9138746438746441,0
A3JVCX9M5VQACQ,5,3,1.0,0.4746291959406713,0
A3JVMJ28T65VJ0,7,2,0.8571428571428571,0.759481185034505,0
A3JVSNEJXVUBEC,5,1,0.6,1.4796066252587992,0
A3JVYU0Q17BXYC,7,3,0.7142857142857143,0.6554200343437303,0
A3JWD0WQ3VEZEX,18,2,0.5555555555555556,0.6732415462263909,0
A3JWED7KFG0AT6,8,4,1.0,1.154554906898657,0
A3JWERVKJQYMR3,8,5,0.875,0.8361890484515049,0
A3JWXTHSZHMVWH,5,1,1.0,0.6806809030213288,0
A3JX1D26WFEXOS,21,2,0.9523809523809523,0.7927667660235488,1
A3JX979OZAUECT,5,3,0.8,0.5331731249425686,0
A3JX9A63XH05O2,5,1,0.4,0.6587734487734489,0
A3JXAJDGMYNI47,5,3,1.0,0.6134615384615385,0
A3JXQFBGI78YVW,6,4,0.8333333333333334,0.624848105111263,0
A3JXR3KRNFANVO,5,3,0.8,0.6178949651329619,0
A3JYKP076RBZKX,5,2,0.2,0.3755813344048639,0
A3JZ217FAPBVAR,6,1,1.0,0.5971577678112182,0
A3JZ898Q8XXL6K,10,5,0.7,1.1585204255266728,0
A3JZ92BV0YZ6PB,7,2,1.0,0.5644869058734605,0
A3JZFZ8BFQWISI,5,2,0.6,0.7442938850214075,0
A3JZORIWCLAS6P,5,3,1.0,0.7622222222222222,0
A3K0X1VTJ1W8NS,8,2,0.375,1.1132186224692306,0
A3K0XRQ8U93TTA,14,3,0.5,0.49690637261448184,0
A3K14PAV2AXJAV,10,7,0.8,0.76239231078905,0
A3K164C3Q8JX8I,8,3,1.0,0.7346219162497339,0
A3K1JZPUXSADRJ,8,2,0.25,0.7928845805793845,0
A3K1KA3F4HLUTD,6,2,0.8333333333333334,0.9832587826235738,0
A3K1ZWRWAPO1HI,5,1,0.6,1.1835040355807223,0
A3K225TUAJG7UW,5,1,0.8,2.887632696390658,0
A3K29V6MYWL2GI,6,2,0.5,0.6490857825326096,0
A3K2ENY2T3U84Z,6,2,0.6666666666666666,0.578913838122541,0
A3K31WDCP9J2SC,6,1,0.5,0.8247086247086247,0
A3K3NAP5LJ6DDD,13,3,0.6923076923076923,0.6658112643850967,1
A3K3WV35QBGF11,5,1,0.8,1.4631400966183574,0
A3K42B9C5AEZXZ,5,2,0.4,1.7280426929392447,0
A3K4A8EDZM22OU,5,2,0.8,0.8000996583749196,0
A3K4O1HILYDNU9,8,3,0.75,1.2538033497973657,1
A3K4SK9HWHLJL,7,1,0.2857142857142857,1.031805653295801,0
A3K59W3T8JL82,6,1,0.3333333333333333,0.6915636446886447,0
A3K5CX3JICKPO7,8,3,1.0,1.1212830804136522,0
A3K5GGGMR11SA7,5,3,0.8,1.1088385864856456,0
A3K5NP63E32ZBG,22,3,0.5909090909090909,0.51188534547858,0
A3K649G2P9C8PY,9,2,0.7777777777777778,1.550151171579743,0
A3K6F81PI168Z9,6,6,0.5,0.8874081571449994,0
A3K6FXL68M7IED,7,2,0.8571428571428571,0.8012458243701447,0
A3K6JECJIXECT9,5,2,1.0,0.5498015873015873,0
A3K6TFP9YB5HCS,8,2,0.625,0.353109428271702,0
A3K6Z80X3DK8OV,16,14,0.8125,0.3829427622564146,0
A3K7FHPI1HHBN0,6,3,0.8333333333333334,1.0386464624078031,0
A3K7IRZ5DX8Y8B,5,2,0.8,1.178656496530748,0
A3K7YTUYLN7QMC,8,1,0.125,0.85664241449088,0
A3K7ZA8LG1KWYP,7,2,0.7142857142857143,1.6349981874142046,0
A3K8375JA9XX8R,5,2,0.6,0.8851282051282052,0
A3K8A2GUNZYRXD,8,4,0.625,0.9386262864982431,0
A3K8CXT7LTCH46,5,2,0.8,0.3466045548654244,0
A3K8PHTBHPBIJJ,5,2,1.0,1.2212435126891927,0
A3K8VNJ6CLJSVM,7,3,0.8571428571428571,1.0120181405895692,0
A3K94GILOTHNDL,5,1,1.0,0.5195668421394682,0
A3K97RXL1J3CQ5,11,2,0.45454545454545453,0.9180573842694417,0
A3K9A8EDRVBMXK,6,3,0.8333333333333334,0.8151215684243195,0
A3K9FPTO7VDSVM,5,2,1.0,0.6173517547120454,0
A3K9MIR8R9XAFQ,5,2,0.2,1.5985821697099891,0
A3K9SJHCEAFHRM,11,2,0.5454545454545454,0.4520487031765226,0
A3KBQ9YE2WFHO5,5,2,1.0,0.9025719885421379,0
A3KCB6IMTFBPZV,5,1,0.6,0.5833333333333333,0
A3KCZC992HN4B7,7,2,0.8571428571428571,1.1562096110373974,0
A3KD0XKP6PV9DK,5,1,1.0,0.7946194809571958,0
A3KDO3XV0MK1GX,32,3,0.53125,0.5670058916452001,0
A3KDQMSWQMQJFC,13,5,0.9230769230769231,0.8335568335399456,0
A3KDSJV4DH8F8W,6,1,1.0,1.7540728661804896,0
A3KDZ6MARIAC7W,6,2,0.6666666666666666,0.39343786295005817,0
A3KENRBITA2DET,6,3,0.8333333333333334,0.9755156666968446,0
A3KEUSZO5VTO1W,7,7,0.5714285714285714,0.49730109051070315,0
A3KEZLJ59C1JVH,23,2,0.43478260869565216,0.7281525327373728,0
A3KF46ZAB3XEMB,10,3,0.4,0.5020541334912594,0
A3KFB0U7M82L96,13,2,0.6153846153846154,0.6136363636363638,0
A3KFJ6FDEI13XK,5,2,1.0,0.5142142001255303,0
A3KG8K6GO9SJJP,6,4,1.0,1.25718954248366,0
A3KGDTSKKTDEDJ,8,5,0.75,0.5395058148938182,0
A3KGPES66TRIP2,5,2,0.8,0.9233920922708109,0
A3KH60GFEYUBDK,6,2,0.6666666666666666,1.2,0
A3KHBD3YRNY5WO,8,1,0.5,0.8479377246181492,0
A3KHE737E13QGC,5,1,0.4,1.6418772663544907,0
A3KHEFM5LI7WAM,7,4,0.5714285714285714,1.2554799963463645,0
A3KHIBFERCW890,6,1,0.5,1.3829725829725827,0
A3KHRW6ZC2EQIL,19,4,0.631578947368421,0.812133562395028,0
A3KI5DWHG0G0Y,9,7,0.8888888888888888,1.5003529780619564,0
A3KIROVPB2Q7Z6,8,4,1.0,0.8664373536615729,0
A3KJ8RMIQTQKEG,5,1,0.6,0.655603938545115,0
A3KJB65OASA5IP,12,9,0.8333333333333334,0.560194688147054,0
A3KJME3TOKVZ4J,6,2,1.0,1.3649046756383714,0
A3KJQ5BA7AVOCN,5,2,0.4,0.7540293040293039,0
A3KJUHJDY4D033,5,1,0.6,1.0108731387730792,0
A3KKDY0D0B4OJF,9,7,0.6666666666666666,0.603163840662991,0
A3KKMR2NISUND4,8,3,0.75,1.0223849156001765,0
A3KL5GL7LH6541,5,2,1.0,1.065709140887409,0
A3KM9UA6MAVURN,6,1,0.8333333333333334,1.2944789510006902,0
A3KMTRDUT0T1ZJ,7,4,0.2857142857142857,0.43758437329865896,0
A3KMUHGAZME8VN,5,1,0.2,0.7081047790533644,0
A3KMYHC1E69P32,32,3,0.5,0.758574903186455,0
A3KN2OBPZ6QJLF,6,5,0.5,1.7733391860617311,0
A3KOASATK1KTI,11,1,0.8181818181818182,1.0010037079657332,0
A3KP2LB6GX8VCY,5,1,0.6,0.7268689069763312,1
A3KPBZH4CQZMTW,6,2,0.5,0.9493041358108824,0
A3KPL5GWT82YSB,5,5,0.4,0.6521198156682027,0
A3KQ6GTL8T5409,5,2,0.6,0.9023951032613773,0
A3KQM3KEDFITWI,5,3,0.6,0.37840495404326885,0
A3KQOKDNFSHKT1,5,3,0.4,0.6632145104083389,0
A3KQQ7A604R2RZ,5,3,1.0,0.42845029239766086,0
A3KQZ9AGTZD3OF,6,2,0.6666666666666666,1.3810945998446,0
A3KR1VQWDFFD01,7,3,1.0,0.8447500212206095,0
A3KR23KCFKZBGH,5,2,0.2,0.7964646464646463,0
A3KR42X6V874C5,9,3,0.7777777777777778,0.767259966733651,0
A3KR9841V0VBKV,6,1,0.8333333333333334,0.9057308675729727,0
A3KRL10VOIMOT,6,4,0.8333333333333334,0.721212407122437,0
A3KS7FVBBMGQCL,8,5,0.625,0.9777617521367521,0
A3KS883B0SZ10L,5,1,0.8,1.0678571428571428,0
A3KSCKP9WYB99V,5,2,0.8,0.7411413454270598,0
A3KSPF2TN7QTZS,7,1,0.5714285714285714,1.3317546842391563,0
A3KTN2CBQRW3I0,5,3,0.0,0.9995581041640975,0
A3KTWY04ET3VRT,14,2,0.8571428571428571,0.41751960038185487,0
A3KTZMHLWU3U7U,5,4,1.0,0.4301303406738189,0
A3KU1BUGA67Z2T,6,2,0.5,0.9468459100812042,0
A3KU1YPYP28N7Y,5,1,0.8,0.845,0
A3KU4FFWKD8SVL,5,2,0.8,0.5911719620958753,0
A3KUE8XSAGRZLU,5,1,0.4,0.9986434431928799,0
A3KUP8IQ3JMS0P,6,2,0.5,1.2732193732193733,0
A3KV1N6N34D6XA,6,2,0.6666666666666666,0.5384987819198347,0
A3KV79GY53BXS4,8,6,0.75,0.8133698065219805,0
A3KVCK2EGBTJKY,5,3,1.0,0.38320802005012544,0
A3KVTI413BG1WN,5,3,1.0,0.5802681992337163,0
A3KVXROGIY42XS,5,1,1.0,1.3165162907268169,0
A3KW4BQHU6FMQ2,5,2,1.0,0.6569664902998236,0
A3KWLE7H7QYUOJ,19,3,0.8421052631578947,0.8946451312138265,0
A3KWZ941YN0KXA,12,5,0.75,0.8499104618483769,0
A3KXHVYY8SPAOB,5,2,0.4,0.6659517922346282,0
A3KXUGUD7GGD3Z,7,6,0.7142857142857143,0.5394942986411488,0
A3KXVF03HN6MBV,5,2,1.0,1.963741051976346,0
A3KYD8IQCLIMS9,5,2,0.8,1.8597701149425288,0
A3KZ481ZRRROR4,5,1,0.8,1.6554137891094414,0
A3KZ8TV912VVGF,6,2,0.8333333333333334,1.5238321134905577,0
A3KZCNV1N8R9GC,30,3,0.4666666666666667,0.8220812902737389,0
A3KZDS16VTCBCD,8,1,0.625,1.5181707076837891,0
A3L0JLM9CB0IW0,16,5,0.875,0.5592275713797814,0
A3L0OZ1CG1ZTNO,8,7,0.75,0.4498847204161679,0
A3L0Y9G1R9BETG,6,3,0.6666666666666666,1.011411273911274,0
A3L1B7VRRD6N19,5,3,1.0,0.897178944304995,0
A3L1LUERHVTNJ4,5,2,0.8,0.8198621553884712,0
A3L1S8MJRO28W9,5,3,1.0,1.8091625615763547,0
A3L1SUL071K0GV,9,2,0.8888888888888888,1.4045133114484543,0
A3L23F8XEP0QB8,5,2,0.8,2.4987662337662337,0
A3L2D08MNW82NC,5,3,0.4,0.7388527600203878,0
A3L2RO17VVWYHF,7,2,0.7142857142857143,1.4186609044119844,0
A3L30T0VFGDECI,8,2,0.75,0.7375443870992284,0
A3L32IZX05JYBE,5,4,1.0,0.6219607843137256,0
A3L34D6WMMDI91,7,1,0.7142857142857143,1.0790569453587886,0
A3L39PERV5GAAO,5,2,1.0,0.9639654463183873,1
A3L4UZ6RU66UUL,17,3,0.7647058823529411,1.0902178301154644,0
A3L593MSEEKE8M,6,2,0.8333333333333334,0.8654308229996301,0
A3L5DG003XLN9T,5,5,0.6,0.53207843815082,0
A3L5FJJQNE15AX,9,2,1.0,0.5244761196311585,0
A3L5WHP35307RW,7,4,0.14285714285714285,0.2958747678520145,0
A3L5XNWP23GKGM,5,4,1.0,0.3922704996652282,0
A3L6O8HKTGG9VE,5,5,0.4,0.9713978494623655,0
A3L6XHA5FVMN16,12,2,0.9166666666666666,0.8753710407062671,0
A3L706G7TP4AWK,10,2,0.8,0.752465612037627,0
A3L72D03KB4JD2,5,3,0.6,0.8984848484848484,0
A3L7EQAO3CI00Z,5,4,1.0,0.5094487113841953,0
A3L7HPEMZWF5YD,6,1,0.16666666666666666,1.2323352301293478,0
A3L7ZYMCIV5U79,6,2,1.0,0.4434981684981683,0
A3L8JOQRY8I27L,7,2,0.7142857142857143,0.7659303247710741,0
A3L8QR8WW719L3,5,2,1.0,1.0801198801198801,0
A3L8YH446HUCVM,7,1,0.42857142857142855,1.165122316792463,0
A3L916IN6IEOY7,7,3,0.8571428571428571,1.544938012163841,0
A3L9E7ZRZS42HN,10,2,0.5,1.2029797273310125,0
A3L9WR7LGB4ZZV,16,2,0.875,0.5720922024382823,0
A3LA01MBK3Z6C3,6,2,0.8333333333333334,1.0641201656101036,0
A3LA5HHYYVPUWO,6,3,0.5,1.0781644281644283,0
A3LAOPDVS08O98,6,5,0.3333333333333333,0.47548618794193803,0
A3LAZP5JAIVDVO,5,1,1.0,0.678580542264753,0
A3LB1B61S50FEK,27,13,0.8518518518518519,0.5211273432558832,0
A3LBVRW7KNMC4V,5,3,0.8,0.5397725844955396,0
A3LBYMMXIMYEIC,6,6,1.0,0.5597019158339914,0
A3LBZX8UCV5H82,9,4,0.5555555555555556,0.800816702790387,0
A3LC1SBE4UI23F,5,2,0.4,0.8034326633848167,0
A3LCEXRTNHGCS5,5,3,1.0,0.7463912226207308,0
A3LCOCCWI7B95F,5,4,0.8,0.9362663543910277,0
A3LCPA6TPPX8UR,5,1,0.8,0.8046167557932264,0
A3LCRHFTUB2AGS,5,2,0.6,0.8096737199165984,0
A3LD1I935CDUYR,5,3,0.4,0.719437375335305,0
A3LDCW5T2KXPRR,5,3,0.8,0.5614071542492596,0
A3LDPF5FMB782Z,45,2,0.4666666666666667,0.6277913836078808,0
A3LE4MRHK9KACO,11,5,1.0,0.6851165538652537,0
A3LE9G7OU2O8EK,8,2,0.375,1.0322502864782277,0
A3LEEWD0Q3UE9O,7,1,0.8571428571428571,0.4274427952999383,0
A3LEFYBPA40MF5,5,3,0.6,0.782509507375179,0
A3LEU5RR9JGK3V,5,5,0.4,0.7824747474747473,0
A3LFA4EH8K2K98,8,3,0.625,0.6893948412698413,0
A3LFD1D8HUJ241,5,3,0.6,0.7555310055056503,0
A3LFK82LONVKRW,8,3,0.5,1.26584661498523,0
A3LFV4YUTA7Z8U,7,5,1.0,0.7694559376352846,0
A3LFZRWUYXMXSJ,9,8,1.0,0.8878885629788089,0
A3LG3OZUN6K6CX,6,3,0.5,0.5798136645962734,0
A3LG8SVCC25FBC,9,3,0.6666666666666666,0.9530252765324067,0
A3LG8W19C1TVRM,8,3,0.5,0.4757569528595137,0
A3LGQDBJCNEENV,9,4,0.3333333333333333,0.8850510982315382,0
A3LH07E8KKT1Q1,5,5,0.2,0.5637283792440743,0
A3LHCDEWYC9JZA,9,2,0.7777777777777778,0.637973137973138,0
A3LHDVXVRWGM08,13,3,0.6153846153846154,0.4314670979287684,0
A3LI50AX5WYICE,17,4,0.47058823529411764,0.7979768134410975,0
A3LIF253SVDRMW,10,4,0.8,1.3211373185637891,0
A3LIFZB4RC49DE,5,3,0.6,0.7976584886828293,0
A3LISZ01VY6PI7,7,1,0.42857142857142855,0.6726901669758812,0
A3LJ3S3JO0YVIB,5,4,0.8,1.0522689075630254,0
A3LJ781MNY5UKN,7,3,1.0,1.1109160214620515,0
A3LJINXW8JL7WD,10,3,0.2,1.0532479505031052,0
A3LJLRIZL38GG3,16,5,0.8125,0.736681325676728,0
A3LJSX6TD7PY4I,5,5,1.0,0.36005353828396736,0
A3LKZ7353APU9T,5,1,1.0,0.8086098283595679,0
A3LL7087RQ0K3A,5,2,0.8,0.6326984126984125,0
A3LLRWHESIV3BE,6,2,0.6666666666666666,0.5174807303771017,0
A3LM3M4CX4RBZD,11,5,0.9090909090909091,0.38568368773053974,0
A3LMILRM9OC3SA,6,3,0.6666666666666666,1.317910052910053,0
A3LMQ7IRNGQSCJ,10,1,0.4,0.911941091427401,0
A3LMVQ8BTEL4VY,5,4,1.0,0.7281316067653277,0
A3LN6Z0Q7OQLGH,6,2,0.8333333333333334,0.6964811869417131,0
A3LN8XSXO5FQZ0,9,2,0.4444444444444444,0.32457017069565475,0
A3LNKTMYB6NW5Z,5,5,0.8,0.5282742316784873,0
A3LNKX22ZWRHUA,14,5,0.35714285714285715,0.6547022358038069,0
A3LNYIYQXESY3X,6,3,0.0,1.1982186006623445,0
A3LO1K2IV0KGO5,6,1,0.5,1.475065256296131,0
A3LOC24GCZBZ0N,19,5,0.631578947368421,0.45089545036830697,0
A3LOTHAWNM7BEF,5,1,0.6,1.16,0
A3LOTS9QPVBVQA,8,4,0.75,0.6389248701748701,0
A3LP1TBTDXECQP,7,5,0.5714285714285714,0.8201617494824017,0
A3LPA9QC00M146,7,7,0.5714285714285714,0.7719568034421955,0
A3LPLQV6J658F4,7,1,0.42857142857142855,0.9307587650444793,0
A3LQ4LK4GVLU0D,5,2,0.4,1.1920190982944558,0
A3LQJAR83FLTPV,6,4,0.5,1.1268787515006002,0
A3LQNRS81TVFKZ,5,1,0.6,0.8075925925925926,0
A3LQUHXUA1CYUW,7,2,0.7142857142857143,0.8006710954584813,0
A3LR17Q1F6L5EE,5,3,0.6,0.8367060283232789,0
A3LR3TGNYOHMGM,10,3,0.7,0.7629467453812768,0
A3LSEIG2PIJYBL,23,6,0.4782608695652174,0.7131998238192739,0
A3LSLLR3OAJI7Y,6,1,0.3333333333333333,1.5858770858770859,0
A3LTHVGDTSY67A,10,3,0.4,0.5963316238997731,0
A3LTK1JJA7G052,5,5,0.4,1.4485769230769232,0
A3LTQ216SK2E6,7,4,0.42857142857142855,0.9568865227250319,0
A3LTS0Y25P9V88,10,1,0.5,1.8422690110682152,0
A3LUJDFUYGZNV2,9,6,0.8888888888888888,1.034237463464266,1
A3LULJF2MQSAAQ,12,3,0.4166666666666667,0.9055603832094133,0
A3LUO1R6EUGM21,5,1,0.2,0.4228717948717951,0
A3LV0S0100ZR52,10,2,1.0,0.6899494618713398,0
A3LW1N4P1VIZFI,22,7,0.7727272727272727,0.8270127203644763,0
A3LX7B0YT8D91Q,10,10,1.0,0.6250940020817071,0
A3LXDGX32E7E57,9,3,0.7777777777777778,0.7053333295117332,0
A3LXDQABSYT0A4,6,1,1.0,2.3413748844950484,0
A3LXELWUW7QIL4,5,2,0.6,0.7768027210884354,0
A3LXENVI2AAAWL,6,6,1.0,0.46898127678157153,1
A3LXP6GO4BPRRR,7,2,0.5714285714285714,1.1630541969945225,0
A3LY2VQ6K0TL61,9,3,0.8888888888888888,0.6758299616142754,0
A3LYGFCK85V4IS,5,3,0.0,0.666824991447622,0
A3LYJZN8A4PPLP,9,1,0.7777777777777778,0.9536026470932472,0
A3LYX5ZH17L7SW,5,2,0.6,0.6691163976210704,0
A3LZ7MVTW83ZVS,5,4,0.6,0.7204398148148149,0
A3LZA0ZL5IA0MS,6,2,0.3333333333333333,0.2846697331823191,0
A3LZNFUSNQM19D,8,3,0.125,1.1528767056546636,0
A3LZQZMCIZDXK3,6,1,0.6666666666666666,1.5859918307498952,0
A3LZVR1DWU894K,12,3,1.0,0.3872405899062214,0
A3LZXB1SBY0GVB,8,3,0.625,0.6348461114908484,0
A3LZZ99N4SIX7N,5,1,0.8,2.4466054764441862,0
A3M0514264KY3I,10,4,0.8,1.351010582010582,0
A3M092JAVYA0EM,6,2,0.8333333333333334,0.8656084656084656,0
A3M0LQOJ45BX1C,9,2,0.4444444444444444,0.5259426318085194,0
A3M0W7VFDPD8Q9,6,3,0.5,1.0265076090235865,0
A3M1H4L96NQPKL,5,2,0.6,0.3318931068931069,0
A3M1I9KLSN69U2,6,1,0.6666666666666666,0.8463147963147962,0
A3M1LZWDS19XM9,5,1,0.4,0.31979170194309053,0
A3M2HDFADNLIKG,8,3,0.625,0.8542468262249467,0
A3M2IUVOKVDGD4,10,4,0.7,1.0543741668835156,0
A3M2RRKZ72YHVB,7,2,1.0,0.41029540848597507,0
A3M333GYMKIG8A,5,2,1.0,0.5900298934781691,0
A3M34NPTGTSIWI,12,2,0.4166666666666667,2.0409323979022815,0
A3M39CD642BHP4,8,4,0.5,1.9053575483952323,0
A3M3CZ0MVUOED0,5,1,0.6,1.3845826687931952,0
A3M3DVNZFJ5BAU,6,2,0.6666666666666666,0.49755747126436795,0
A3M3M4DTJKXPAX,6,3,0.8333333333333334,0.5743319088819921,0
A3M40K7VET8SCN,7,2,0.14285714285714285,0.6998750452794698,0
A3M49MLZN9JI78,8,3,0.875,0.5531702344466107,0
A3M4PNSKK5ARC2,6,2,0.6666666666666666,0.7220680971073695,0
A3M52G49M3LD5N,5,2,0.8,1.0006648861094827,0
A3M5EOPA4ME913,7,4,0.7142857142857143,1.1911215078916941,0
A3M6FSDG784SXG,16,2,0.625,0.9927054175356647,0
A3M6KV5PDU46YI,8,3,0.375,0.9502194065600238,0
A3M6S7Y1FNPOLD,6,2,0.16666666666666666,0.8601725229503007,0
A3M6XXS223BSPI,8,5,1.0,0.8178327602155727,0
A3M7ROZKQW6F69,8,3,0.375,1.1600763267263428,0
A3M7VAYKYYHEAX,8,5,1.0,0.8038662726162726,0
A3M7ZYYDLPLHLJ,6,3,0.8333333333333334,0.5616333082940778,0
A3M8AIQNGECWE6,5,1,0.6,1.5402298850574714,0
A3M8N4KMEYR3QL,10,2,0.5,1.2259146341463414,0
A3M94M3EJM9WGO,5,1,0.2,0.6483263246425568,0
A3M9ABRW2VB84J,5,4,0.6,0.7248916321145872,0
A3M9MILGTJKRWU,14,4,0.6428571428571429,0.9465882087777293,0
A3M9VU3HIDYFJN,8,3,1.0,0.9592778539833238,0
A3MA5KHUR406R4,6,2,0.16666666666666666,0.8076317000230043,0
A3MA8GE6Q5N3XW,5,2,0.8,0.6520720720720721,0
A3MAMHEH3YFW30,11,2,0.9090909090909091,0.7233253844100311,0
A3MAT1NQF6UC4O,25,9,0.56,0.8340543931583771,0
A3MAWKBNY7SD2C,13,1,0.6923076923076923,1.244620594420701,0
A3MB37I1XR1FNW,7,4,1.0,0.5745993134095743,0
A3MB5OEXZK8TBF,8,3,0.5,0.6609328639525268,0
A3MB9041DVZDUM,5,1,0.8,1.8665466853408028,0
A3MBBC80DD58HM,5,1,0.2,0.8574244751664107,0
A3MBFWZCPDKPC4,6,2,0.3333333333333333,0.6243102227884837,0
A3MBGHTKEJUTE6,5,1,1.0,1.4920582047685835,0
A3MBHQBIF9XTOG,6,1,0.3333333333333333,0.5459064327485382,0
A3MBRKEMNBASQ,7,3,0.8571428571428571,0.7494173224756813,0
A3MBTTDPBX43VV,5,2,0.2,1.1335306986919889,0
A3MBTVX9FJQU2S,22,6,0.5909090909090909,0.7925792554382123,0
A3MBTYL3P3QWDO,5,2,0.6,1.0531350370060049,0
A3MC268M00JR8R,6,4,0.8333333333333334,0.3036603192780518,0
A3MCJIDGZ10JU2,5,3,0.4,0.6446367358132064,0
A3MDA891A1EPT8,22,2,0.5909090909090909,0.6033888779689612,0
A3MDFAL5F5S2CU,8,3,0.625,1.0484821069925128,0
A3ME6T538ERZ8X,5,2,1.0,1.2548293883725248,0
A3MECTXMXYC8XZ,6,1,0.5,0.38344171931128446,1
A3MEDEQS42LWCM,10,4,0.5,1.3285872669441083,0
A3MEVM441KX831,5,2,1.0,0.9889214664441344,0
A3MF0WGXKF9SFZ,8,3,0.5,1.3431020865418406,0
A3MF5GC81U7W4Y,9,4,0.4444444444444444,0.6680661872728678,0
A3MF9Z2VJ7VZ4U,7,6,1.0,0.48928276025050227,0
A3MFGULNTMAJS9,5,1,0.2,0.35424054789379866,0
A3MFORLOKIOEQY,63,3,0.6507936507936508,0.7633380864719184,1
A3MFU0GVZUVH3K,22,2,0.7727272727272727,0.7778366263817091,1
A3MFX6X10LAWGL,7,3,0.7142857142857143,0.8147218801820265,0
A3MGK847FOITPS,7,1,0.8571428571428571,0.6865609880315764,0
A3MGPKTHSKRFUW,5,5,1.0,1.040104800540906,1
A3MGZ9EBB1NCFO,5,2,0.6,0.3663101604278075,0
A3MHEXLAMSL03F,6,1,0.5,1.642304804804805,0
A3MHQNXFM2NK5Z,5,2,0.0,1.3525862068965517,0
A3MI09LIZEQ1QD,6,1,0.6666666666666666,0.8985214865808203,0
A3MJ1OH04JQNQF,16,2,0.75,0.7654437576312576,0
A3MJ2QVZOK8R3O,7,3,0.42857142857142855,0.4237723429452753,0
A3MJGFNQONLYN9,11,5,0.5454545454545454,0.896297953332258,0
A3MJIXDIQT5S16,5,1,0.4,0.78,0
A3MJR0F0NUWJL7,22,6,0.9090909090909091,0.8857050190828993,0
A3MJYQFHRYLUUB,25,3,0.48,0.7335380081226852,0
A3MKAUSIYREEQ0,5,2,0.8,1.9151515151515153,0
A3MKHBPA5FGD8W,5,3,0.4,0.236351730019493,0
A3MKMGJ23QOQKM,6,2,0.0,0.8624999999999999,0
A3MLBG29YH52YT,6,2,0.6666666666666666,0.5405421786632966,0
A3MLMULW2D9UIU,5,3,1.0,0.45942355889724296,0
A3MM1BZP26D5NC,5,2,0.8,0.9246671005927432,0
A3MM1ZN3IV9B2R,5,2,1.0,0.6228188711381988,0
A3MMDL4UP9H9L,6,2,0.3333333333333333,0.20169082125603865,0
A3MMDV095IKMLQ,5,1,0.8,0.6898801080715975,0
A3MMTCR4WCGJWC,5,2,0.6,0.6171717171717171,0
A3MMWWENH3Z7GS,5,2,0.6,1.4188392857142857,0
A3MN08LMEB3CCR,6,6,0.5,0.9067727090836334,0
A3MNQJQSE4K1Q8,6,1,0.5,0.8431291724687044,0
A3MNV6BP0YENP7,6,6,1.0,0.8066719201470974,0
A3MNW51H5XH12D,5,3,0.8,0.6453931874930611,0
A3MNZKOFEMKRFI,5,2,0.8,0.8541407867494824,0
A3MOOBGS5JCP11,5,1,0.6,0.5579912001098081,0
A3MOR10UWP4B1H,7,1,1.0,1.4175074925074926,0
A3MOZABSXJZIMN,5,2,1.0,0.7703529909110125,0
A3MPHJMEIAWSCR,6,5,0.8333333333333334,0.8085679382530958,0
A3MPWONT80G4RQ,16,2,1.0,0.5452421662182834,1
A3MPX1S83LFLM0,5,4,0.6,0.9162529644268774,1
A3MQ15651KGVLJ,64,4,0.84375,0.9279180653670352,0
A3MQAQT8C6D1I7,39,4,0.9487179487179487,0.918994666406231,0
A3MR29TUT7E9M7,7,2,0.42857142857142855,0.8880301871410866,0
A3MR2JZ8CRK79A,5,4,0.2,0.6255172987358618,0
A3MR4QBSYAKJ6C,7,2,0.5714285714285714,0.8215986394557824,0
A3MRBEZTRYUBWM,5,3,0.4,0.4079184704184704,0
A3MROP5KA9LRTP,5,3,1.0,1.1206751243336608,0
A3MS07XVG2V5TD,7,4,0.2857142857142857,0.9683673469387756,0
A3MS1B2NBKZJNT,5,3,0.4,0.6518640183346067,0
A3MS4HABNNHDIR,9,3,1.0,0.5940315606147898,0
A3MS4KNF0H5FYI,7,2,0.7142857142857143,0.5015370513391622,0
A3MSF0AFOFX6KP,6,3,0.6666666666666666,0.8201432022084195,0
A3MSIMW9K5METI,7,3,0.2857142857142857,0.5580785296574771,0
A3MSXYMTCN2Q1Z,5,3,0.4,0.5553298340654662,0
A3MTGH0GYRUV6J,7,4,0.2857142857142857,0.9719497382819172,0
A3MTJ97L38S7P4,5,1,0.6,0.5664957264957265,0
A3MTSDMQAZ37VO,11,5,0.6363636363636364,0.9843485831582264,0
A3MTTQ15FMD8M4,6,2,0.3333333333333333,1.1708516983554216,0
A3MULQX51L9VBO,10,10,0.7,0.7480179662915795,0
A3MUVI9I3WUC7O,8,3,0.625,0.680727072907776,0
A3MV583EGBUBPK,5,2,1.0,0.820740431066518,0
A3MWB1V96BE3LC,10,2,0.6,1.1438699505145944,0
A3MWU3LIRG6GHO,6,2,0.8333333333333334,0.4225432846509078,0
A3MX5WX93TVPRL,5,5,0.0,0.3508263630964962,0
A3MX8MDSCHB642,6,2,1.0,0.4858248073765316,0
A3MXHZD3BSB1LQ,9,7,0.6666666666666666,0.833395279393965,0
A3MY87GH376958,15,2,0.4666666666666667,0.8940868032571428,0
A3MYIPSGFRLEFI,5,4,0.6,0.5253045404208196,0
A3MYOPYP9VBML,5,2,0.2,0.655620993993087,0
A3MYZTZN6F0EGO,6,1,1.0,0.8991836004396391,0
A3MZ092W9K5PHZ,11,5,0.45454545454545453,1.0782740940029945,0
A3MZIAFQFJ1NP1,6,1,1.0,2.212443845462713,0
A3MZSWSG6L8EN2,5,2,1.0,0.37584325396825397,0
A3MZWM75KSM1P6,12,1,0.6666666666666666,0.8053365747013288,0
A3MZX416YIS5IN,6,1,0.3333333333333333,0.7431351154755409,0
A3MZZU5Y2INTU1,6,1,0.5,0.857422969187675,0
A3N035E28XRS0M,5,1,0.6,0.6090516356495737,0
A3N0HN4WLGP62T,8,4,0.875,0.4578229963679995,0
A3N0KQSPPMAZF7,6,2,0.6666666666666666,1.0133459040435786,0
A3N0OINVM9NVB2,5,3,1.0,0.6743113276176158,0
A3N1ASTPM1GUKS,5,1,0.8,1.3956709956709954,0
A3N1GJI2UPJAWZ,8,3,0.75,0.8292694641959348,0
A3N1KKOGKXBICU,9,2,0.5555555555555556,0.38529428345323374,0
A3N1M1L9A1NY2G,5,2,1.0,1.0072549019607844,0
A3N2EW8WUJJRS2,8,6,0.875,1.0222448818953622,0
A3N2VW90SOCQ2N,6,1,0.5,0.6410729727103653,0
A3N35H0A9RB6AE,5,5,0.6,1.193484137146109,0
A3N37IWYXIEFL0,9,9,0.7777777777777778,0.645279831726101,0
A3N3LPHLB7V9NV,6,1,0.8333333333333334,0.7950148809523809,0
A3N3QK4DKTL0FM,10,2,0.6,1.733808838365198,0
A3N3VQA7DEGT18,9,1,0.3333333333333333,0.8542887501084222,0
A3N3W4ZZ8JS8L3,12,2,0.25,0.4169878822087873,0
A3N4HVZKE14PY7,5,5,0.8,0.845473399252105,0
A3N4IZIY5Q1RNO,5,2,0.8,0.7170835823444037,0
A3N4SGWWMUTY1Z,13,2,0.46153846153846156,1.0779805701472536,0
A3N4Y4970YSIA3,5,3,0.6,0.6173737373737371,0
A3N5DHGLORF8UT,7,6,0.8571428571428571,0.3200010136806131,0
A3N5GQN3FBUMCO,6,4,0.3333333333333333,0.6534632034632034,0
A3N5NHI0RVXICR,5,3,0.8,0.8344086021505378,0
A3N5PA768EFIDP,5,1,1.0,0.6998692810457515,0
A3N5WP36O2IQBY,11,2,0.45454545454545453,0.4906167220105839,0
A3N6N8RWXYX7AJ,6,2,0.8333333333333334,0.8384765529693067,0
A3N6ODWP7FP7II,5,5,1.0,0.6531255682851427,0
A3N6VBAVGRAKP4,15,2,0.2,1.4431550129772017,0
A3N6VQ7CI1BCVJ,6,4,0.5,0.5126364430062108,0
A3N75I60JM46JX,6,2,1.0,1.1316031463090288,0
A3N78KTM2DRY04,5,2,0.8,0.5033512498572739,0
A3N7BE9GC8PBJH,7,2,0.8571428571428571,0.535994215717718,0
A3N7GBJ5NC8RUC,14,10,1.0,0.8926101179589558,0
A3N7VLUBMMBE5Z,9,5,0.4444444444444444,0.5584499172913807,0
A3N7Z7NU7WSWCX,5,3,0.2,0.6863028323507143,0
A3N8EWFA0BZUJD,6,4,0.3333333333333333,0.6684284234284235,0
A3N8ZNS77F03GJ,11,3,0.9090909090909091,0.7532677881318931,0
A3N92N6M0UM0RS,10,4,0.8,0.8664821649185785,0
A3N9946VS9D0CC,10,3,1.0,0.922556016925809,0
A3N99REXKZNENT,6,1,0.8333333333333334,0.6857087357087356,0
A3N9GM8O1VTJ9S,5,1,0.0,0.752446832030398,0
A3N9XYDXHU8J2W,9,2,0.6666666666666666,0.8924805214278897,0
A3N9XYXUZA4XCF,9,8,0.6666666666666666,0.5677317877580247,0
A3NA11HX8HY85O,16,4,0.8125,0.5214193218878366,0
A3NAJLO81N0SEY,7,6,0.7142857142857143,1.9623960695389269,0
A3NAMRA9FFI82P,5,2,0.8,0.9066808152446452,1
A3NANTF1H34FVA,5,5,0.8,0.430506956356013,0
A3NAVOYKS20MQR,5,1,0.8,0.414137936597564,0
A3NBKB0M5Y9KI9,6,2,0.5,0.8881683792398075,0
A3NBXTHSZ156XP,6,5,1.0,0.8494047619047619,0
A3NBXUHHJZTZLF,12,10,0.75,0.6002238658475308,1
A3NC3O383HC9MJ,12,4,0.8333333333333334,1.8018597374847374,0
A3NCF09IT8RX5A,5,2,0.4,0.8138888888888888,0
A3NCIN6TNL0MGA,42,2,0.7380952380952381,0.9441537407019596,0
A3NCN2C3HI5SNE,5,2,0.2,0.6200915543357943,0
A3NCQ8HU1UJVLM,5,3,1.0,0.49037855715237466,0
A3NCYNYH30C12D,5,1,1.0,0.8520881396036675,0
A3ND5JC6AP5D4R,6,3,0.6666666666666666,1.900560224089636,0
A3NDUBKYPI47N2,29,2,0.4482758620689655,0.6795779142604349,0
A3NE86TIVJUKOX,8,4,1.0,0.590833742820392,0
A3NEEH12ATP6X,5,1,0.8,0.2480515297906601,0
A3NEK46JOQBXRS,5,2,0.4,0.9556839474533912,0
A3NENMWZ6D536G,5,2,1.0,0.18616246498599445,0
A3NF1RKSXG8BIU,10,4,0.8,0.7671087138135194,0
A3NFOS8RTO0X1R,6,3,0.6666666666666666,0.743866308702558,0
A3NG9N42VMUCP,8,3,0.375,0.705037299913402,0
A3NGGF2CL59JY7,6,2,0.8333333333333334,0.8644897248345526,0
A3NGX35C4OQNBV,16,3,0.6875,1.1247492320604227,0
A3NH30B70DU5IH,16,6,1.0,1.1236686650337966,0
A3NHDH12CBHLXR,5,2,0.4,1.2951219512195125,0
A3NHUQ33CFH3VM,125,7,0.616,0.7274914923999536,0
A3NI86U3HF2ZEH,5,5,0.8,0.5805719532992262,0
A3NI9A259E5YL,6,4,0.5,1.23675858579218,0
A3NIOYLDUOVK9S,6,1,1.0,0.771164021164021,0
A3NJ0PP190OOR5,5,5,0.2,1.0117171717171718,0
A3NJ6E612ZDLP,5,2,0.8,0.7374053892378388,0
A3NK89SEOVQFCQ,13,4,1.0,1.0260428596348727,0
A3NK9KAVKUTST4,5,3,0.4,1.5933333333333333,0
A3NKL43SIFR3CK,6,2,0.8333333333333334,0.41694593816521364,0
A3NKRADYHW2CIP,7,7,0.7142857142857143,0.7118136879503553,0
A3NKSK4VFKY521,6,5,0.5,1.0345861216615422,0
A3NKSY3I0UW3KK,7,5,0.8571428571428571,0.774839208410637,0
A3NL3DO9J4SWDC,5,3,0.8,0.5351626867755901,0
A3NL827F09Z00B,6,4,0.6666666666666666,0.5576479076479078,0
A3NLCKSEDQ6546,8,2,0.875,0.6051171459602914,0
A3NLG4XRJNNNBE,9,5,0.5555555555555556,0.9505436623076152,0
A3NLI44GQY8K48,5,2,1.0,1.4496416002298358,0
A3NLJZI5NEOT0K,7,2,0.5714285714285714,0.7669266191325016,0
A3NLM1ATIFSFGD,5,1,1.0,0.9370085470085471,0
A3NM0RAYSL6PA8,17,2,0.47058823529411764,0.7507703081232493,0
A3NM39O6R8H3A5,11,2,0.45454545454545453,0.6676665326015975,0
A3NME3SH3VHQE8,14,3,0.9285714285714286,0.5898100156778655,0
A3NP4JF896RLX5,5,2,0.8,0.41693313953488376,0
A3NP7IIMI89BD5,13,4,0.46153846153846156,0.6640250003656921,0
A3NP7RA38FVQIB,6,1,1.0,1.0212121212121212,0
A3NPZ24PG7U7VU,5,2,0.6,0.5875755937362329,0
A3NQ51Q3Y7BQKP,5,2,0.4,0.566941045606229,0
A3NQSN3D19ECZ7,11,1,0.18181818181818182,2.054272999727545,0
A3NR0GWVTTJNLF,8,1,1.0,0.43890306122448974,0
A3NR0P3PKQBXKG,12,4,0.5833333333333334,1.0575042671354147,0
A3NR679MU3D4UQ,6,2,1.0,0.5757495590828924,0
A3NRZITQMFWFGC,6,2,0.8333333333333334,0.5446216546216548,0
A3NS0A7ADK3ROB,7,6,0.5714285714285714,0.9662691668163623,0
A3NS2ZZYH6GOV1,7,2,0.8571428571428571,1.0558087027914616,0
A3NS98ZQBS78CE,6,2,0.5,0.7991714413037942,0
A3NSUUSP9MCOUX,5,2,0.8,0.7037503770739064,0
A3NT2DO5BKENZL,8,3,0.625,0.6583281704132089,0
A3NT52GB169L24,5,2,0.8,1.007857142857143,0
A3NTAQ473SV08U,12,2,0.9166666666666666,0.790612911426103,0
A3NTW4UFWJC11O,6,2,0.16666666666666666,1.095005175983437,0
A3NU8FUAUL3WY1,6,6,0.8333333333333334,0.951334977008918,0
A3NUC07PCIWBCW,5,3,1.0,0.6631539074960129,0
A3NUDZ45VG16ZI,5,1,0.4,0.8361381673881674,0
A3NUQ5C61CTK4E,6,4,0.6666666666666666,1.3143558429118773,0
A3NUUJF2S2ZWAD,9,1,0.7777777777777778,0.6237550885666265,0
A3NV2LRNA725XB,5,3,1.0,0.84004329004329,0
A3NV3JFYTMQN30,5,2,0.4,0.5447230549721851,0
A3NV9BJPA3FJYB,6,1,0.16666666666666666,0.38849483490226727,1
A3NVDL0K6Y0W28,5,2,0.8,0.41596989966555176,0
A3NVHI6NQQLJLM,5,1,0.4,0.9839445970695971,0
A3NVN3D15Y8U7I,6,1,0.8333333333333334,0.33646754019888353,0
A3NVRBHJERYH9V,17,2,0.29411764705882354,0.914215369097912,0
A3NVZTGPORNPRW,28,3,0.6785714285714286,0.6313473859606563,0
A3NWG7ID09IMAR,5,1,0.6,0.675528877091377,0
A3NX1H9ZAP4I5W,5,3,0.8,0.37320794148380365,1
A3NY0831XBYKV7,6,3,1.0,0.6956605391388001,0
A3NY49QVQJQK7P,8,2,0.875,0.8100527231892725,0
A3NY5IA9FQKMZD,5,2,0.8,0.21894342277974008,0
A3NY94QMTA1411,5,3,0.8,0.413851689436105,0
A3NYBI5VMVEEIK,21,2,0.8571428571428571,1.083395668570036,0
A3NZBKAK7T3PE,9,7,0.8888888888888888,0.7752249749755096,0
A3NZGQ0RG93ZAG,6,6,1.0,0.9261805587105436,1
A3NZU7DVK2VZ2X,5,4,0.6,0.42367140763324346,0
A3O0B45D9VG1E6,7,4,0.5714285714285714,0.46584685488739097,0
A3O0BNG7D76BAD,5,1,0.2,1.6233333333333335,0
A3O0MV1HSPQPF2,8,4,0.75,0.4909661619629938,0
A3O0SB8I1QXKOZ,5,5,0.8,0.7006060606060607,0
A3O0UK01P4PB8R,5,1,0.8,1.2292673992673993,0
A3O10ZTQSU6RKX,7,1,0.5714285714285714,0.8540009796455158,0
A3O1EFKA6UXFHR,11,2,0.8181818181818182,0.7090829693240767,0
A3O1EHYSM0XKCJ,8,4,0.75,1.2362238455988455,0
A3O249OLH61S1K,8,1,1.0,0.7692307692307692,0
A3O2MCWGYEFKHR,8,2,0.625,0.7692488067488067,0
A3O3EBPR8JIQOQ,7,3,0.5714285714285714,0.423377835982878,0
A3O3GOWB1W51DO,11,4,0.9090909090909091,0.5233381079512397,0
A3O3MI0QJ5VEQ9,8,4,0.75,0.4224678581395155,0
A3O41AYYBVV98E,6,3,0.6666666666666666,0.8683609385783299,0
A3O49VCR0F4441,10,6,0.6,0.7404495504495505,0
A3O4B7VGPSAH76,10,6,1.0,0.7226666124910837,1
A3O4L958N9G8VK,6,3,0.8333333333333334,0.4286752649764367,0
A3O50CWH0MPE5V,7,1,0.8571428571428571,0.9023046794475363,0
A3O582NDVVNWSD,6,5,1.0,0.41535743264274316,1
A3O5NY2ZPM7UWC,5,1,0.8,0.6576902025177886,0
A3O63IEJTNWPTX,6,1,0.3333333333333333,0.843694646511548,0
A3O63SOVRFOEQE,5,1,0.6,1.7899999999999998,0
A3O690L0GM5XMM,6,2,0.3333333333333333,0.8432367149758454,0
A3O72DJ2MQ8930,6,1,1.0,1.0285714285714285,0
A3O7LVFESZEMH7,9,2,0.8888888888888888,0.41647892216758137,1
A3O7MJLEXEXJIN,5,2,1.0,0.884068100358423,0
A3O7N0KGB3UZIQ,6,2,0.3333333333333333,1.3112138246293796,0
A3O82AI3BEFMP3,5,2,1.0,0.7071670297148005,0
A3O86JFA1REME,6,3,0.5,1.3944017750469362,0
A3O8OQ2PBXM4T2,5,1,1.0,1.443111472007304,0
A3O8S6NG2UHIJM,5,1,0.6,0.9027800269905534,0
A3O93FNXW1PYOH,5,2,0.6,0.7709090909090909,0
A3O969BRYQ347T,6,4,1.0,0.6761904761904761,0
A3OASMBSVBWUVY,12,2,1.0,0.7478337583940299,0
A3OATWIFEAST8F,7,1,0.7142857142857143,0.5460206721257194,0
A3OAX0WCV109IQ,6,1,0.8333333333333334,1.2101498463874358,0
A3OB66O9FB9RRC,8,5,0.25,0.9449513687739779,0
A3OBQYGOU05960,6,1,0.16666666666666666,1.328281740046446,0
A3OC1P26505FV,7,1,0.42857142857142855,0.8421479229989867,0
A3OC1XBXM9XQKW,9,1,0.6666666666666666,0.6812887736131013,0
A3OCL8JJFD4X1A,6,3,1.0,0.7155945419103314,0
A3OCR4UBY0TXN,7,2,0.42857142857142855,0.9737558181167206,0
A3OCSNE59Y4EAC,5,2,0.8,1.0016666666666665,0
A3OD29NBB95KBC,5,5,1.0,1.0979286451422674,0
A3OD2SIQZTH4PK,7,5,1.0,0.5461675596879678,0
A3ODQQDGMRX3UV,5,4,0.8,1.5365349143610012,0
A3OE8046KWT42B,5,1,0.4,0.9357142857142857,1
A3OEBOH4IX9GJJ,5,3,0.8,0.9897096399535424,0
A3OFA1UM5F1SAC,5,4,0.8,0.5480384642679723,0
A3OFJES10PZGEH,23,2,0.782608695652174,0.9822173927821085,0
A3OG220BB9S5F0,7,2,0.7142857142857143,0.8739098203383919,0
A3OG7KKY52MMLE,13,1,0.6923076923076923,0.9402805616715428,0
A3OGKCJ5FLU588,6,2,0.6666666666666666,0.5420893623483329,0
A3OGRASETKA292,6,5,0.8333333333333334,0.4498013825221663,0
A3OGZ5RW9MQRFK,7,2,0.8571428571428571,0.907730364873222,0
A3OI24430N17SA,6,2,0.8333333333333334,0.9233169729880256,0
A3OIGJHNDIU7OV,7,4,0.7142857142857143,0.47112170955338656,0
A3OIKVX3SJKXFG,5,5,0.8,0.8737142857142857,0
A3OJ0V1TQYZ71W,6,1,0.8333333333333334,0.5636136136136135,0
A3OJN23WKQFOP0,6,4,0.5,0.8925399596981313,0
A3OJVGKKEBH2HT,6,3,0.8333333333333334,0.38173632880529457,0
A3OK8MJ9Y68FAL,8,1,0.5,1.1141504329004328,0
A3OK9A083IZA2N,7,1,1.0,0.9037491249798073,0
A3OKE6J65HD49X,5,2,0.2,1.2277597402597404,0
A3OKKZM41VOZK7,8,1,0.25,0.9617519114594731,0
A3OL48K0OQ7DH1,6,4,0.6666666666666666,0.8190476190476191,0
A3OL74I0JQZAUE,5,2,0.6,0.9235714285714286,0
A3OLAZKM77XR6P,6,1,0.6666666666666666,0.4430814354727399,0
A3OLCY79DNKSNO,5,3,0.8,1.107192226378273,0
A3OLNEGDP5UGGL,8,3,0.625,0.5795078104361782,0
A3OMCZ1CRVVB5H,5,1,1.0,0.8098653530377667,0
A3OMFMKQI32K3G,5,1,0.8,0.8790476190476191,0
A3OMLWL3Q45FCA,6,5,0.5,0.441096866096866,0
A3OMM3CVRUANSD,7,4,0.7142857142857143,0.49745459035429257,0
A3OMWGJO8GYH5L,5,1,1.0,1.7064768564768564,0
A3ONWXEZOB7ZDY,16,3,0.8125,0.72265795718314,0
A3OO7POTHBPQIE,9,3,0.7777777777777778,0.786301467526764,0
A3OOBDU2GJSQND,5,3,0.8,1.3791819105691059,0
A3OPGNQT5FDBAF,5,2,0.6,0.6131972505464791,0
A3OPLLHN1C14R6,5,3,0.6,0.9137894363700816,0
A3OPMJ7REL1RIF,5,2,0.6,0.8727617362734567,0
A3OPQEQPRNW79G,6,2,0.8333333333333334,0.5522036685362157,0
A3OQ6VZLTZ9FPO,5,1,0.4,1.2938234519104086,0
A3OQJC5R0QTWTA,5,2,0.8,0.4186515837104071,0
A3OQYC0HNQGLYW,5,1,0.4,0.4097039519620164,0
A3ORGSWL6S5I2Q,6,2,0.8333333333333334,0.7180870710282475,0
A3ORHGR6SCLA3R,5,1,0.4,1.652125043905866,0
A3OROIQVEIQ87A,8,7,0.5,0.8739087301587302,0
A3ORWMLSWJJAJ0,10,4,0.9,0.8888134766538055,0
A3OS1SO09S3WRJ,7,4,0.7142857142857143,0.887458913738322,0
A3OSYLMU0H5O2H,10,2,0.3,0.6401330388449986,0
A3OT8KJ0QDVER9,5,2,0.6,0.5931968569065343,0
A3OTGI4MOW85KA,9,4,0.7777777777777778,0.42116017503522735,0
A3OTW643LEJTA8,5,2,1.0,0.7997312104091766,0
A3OTWTGU8Y37SU,5,3,0.8,0.4448097516518569,0
A3OU1EOI9ESAJ1,10,3,1.0,0.5851450704467946,1
A3OU557B4BK32S,7,3,0.5714285714285714,0.8141127144984616,0
A3OU6E9SSMVU9D,11,3,0.7272727272727273,0.4409590125919035,0
A3OU9P0YR8W7VS,7,6,0.5714285714285714,0.4512848679202767,0
A3OUH3ATL4GO18,15,2,0.8,1.2195985450925957,0
A3OUYFXUOHDGH,12,2,0.9166666666666666,0.8482949712584543,0
A3OV100QQCDOTJ,5,1,0.6,0.6491977225672878,0
A3OVCRAAYM5BK7,5,2,0.4,0.5333333333333334,0
A3OVN5HBTNF89H,8,3,0.75,0.4685743302591129,0
A3OVY1RN145NIY,6,4,0.3333333333333333,0.5886031626492493,0
A3OW12V8O7G5LD,10,1,0.6,0.9200702002112321,0
A3OWYXTI802I48,6,5,0.6666666666666666,0.440158459582994,0
A3OX26QQQS51XK,5,1,0.2,1.7735930735930736,0
A3OX4XPLBWSXQJ,6,3,0.6666666666666666,0.7185881370091898,0
A3OXHEV3U8YOAZ,24,9,0.7916666666666666,0.6084355775891771,1
A3OXKNZT3RQU2L,12,4,0.4166666666666667,0.6045330585076453,0
A3OXRK2TRTIDR6,14,3,0.5714285714285714,0.6416961357335159,1
A3OXZEQ7WZNKER,7,7,0.42857142857142855,0.5373788430060269,1
A3OY71ZRALZKS0,19,5,0.631578947368421,0.964857018201828,0
A3OYMK6UMM871F,7,3,0.5714285714285714,1.2222625552953421,0
A3OYQ3L7Q6X3F9,5,1,0.2,0.6406041986687148,0
A3OYS3SSHB4KL1,7,2,0.8571428571428571,1.1847764470751803,0
A3OZA8HNJM26DC,38,14,0.5526315789473685,1.1460424105715834,1
A3P0JI73T7GAA8,7,2,0.2857142857142857,0.8462833219412167,0
A3P0ONOLQOKE9G,6,2,0.8333333333333334,1.6053751803751803,0
A3P0UPCQC7BR0R,6,2,0.5,1.0760106958842222,0
A3P1508PZ0UADD,32,6,0.75,1.037284038733719,1
A3P162WRKMTV1R,8,4,1.0,0.7003886470051022,0
A3P1GPCA3HYIN,9,2,0.3333333333333333,0.7204272140955148,0
A3P1R0OA5RME2C,6,1,0.5,1.4295051353874884,0
A3P20M898R18T8,8,4,0.625,0.5144596892045481,0
A3P222CN9HAPTF,8,1,0.125,0.8361874732344402,0
A3P235R8CZH82V,6,3,1.0,0.6744850110020809,0
A3P29S8XMVF9EU,5,2,0.8,0.921072501072501,0
A3P2DBXIJUPJEC,5,3,0.8,0.3947666825927694,0
A3P2INZJEROUIS,6,4,0.8333333333333334,0.5576352313957198,0
A3P2TXT2WDMZR6,10,1,0.9,0.9860989301769933,0
A3P2WE9PKTWM2R,6,1,0.8333333333333334,1.9626889019619345,0
A3P2WGUW82Q6EC,6,1,0.6666666666666666,0.7174036281179137,0
A3P34VT9VVIOJY,5,3,0.8,0.5955154123733752,0
A3P39U9AGOIHP3,6,1,1.0,0.5745426024290995,0
A3P3J6QFE7K230,14,1,0.5714285714285714,0.7515878879618286,0
A3P3JUJZ2MFW2M,5,1,0.4,0.4649940456747082,0
A3P3UJZF2NEHC4,5,2,1.0,1.6586398987158617,0
A3P3XP70BMBX06,33,5,0.48484848484848486,0.8833047498965207,0
A3P4BKWNJ6UUS,5,3,0.6,1.273809523809524,0
A3P4I2ZG03O2M0,10,3,0.6,0.6387678743371081,0
A3P4KG4X4LKDY7,5,2,0.6,0.4647077922077923,0
A3P4WOECOANW1M,6,2,0.8333333333333334,0.8450863678804854,1
A3P52GDRRWJLSU,9,2,0.5555555555555556,1.9612755449916202,0
A3P69ARHV1WCKC,6,6,0.5,0.618568160234827,0
A3P6PDCTO3O96K,6,1,1.0,1.8258759758759762,0
A3P6RM1ZDRPIUQ,10,2,0.6,0.6196105704029402,0
A3P7S3JGBGCGOM,5,4,0.6,1.1188311688311687,0
A3P80NY5BNL418,5,2,1.0,0.9472877839013417,0
A3P85GOGY4MDE6,6,2,1.0,0.7046899644283365,0
A3P864F9KY5LC,6,4,0.3333333333333333,0.951511919684186,0
A3P8D1HOYW3HMQ,8,1,1.0,0.7926068128400785,0
A3P8LAJ1MWZNO6,7,2,0.5714285714285714,0.44255952380952385,0
A3P8W2BZ4K1EB4,5,2,1.0,0.7266666666666666,0
A3P93T4J28EDVB,6,3,1.0,1.0035035421514038,0
A3P9BN02LLPDPH,19,10,0.7368421052631579,0.555557122181187,0
A3P9HWSQG4YWP3,7,5,0.7142857142857143,0.9001987083954297,0
A3P9NBQ6F4DR69,5,1,0.8,0.7083333333333334,0
A3P9VNS4JCAVBI,5,2,0.8,0.34897759103641446,0
A3PADQ74NYUN6M,5,2,0.8,0.54,0
A3PAE40PWT7NYD,5,2,0.8,1.313388984263537,0
A3PB3ZO4XGELZS,5,2,0.8,0.5047218643223912,0
A3PBNFUWTZCUFF,5,5,0.8,0.789487302568222,0
A3PBPEFMYAX0CT,20,4,0.85,0.6474857092557618,0
A3PBS7LDLRFGB1,5,3,1.0,1.1231886764920471,0
A3PCIV1KQC0C7H,10,5,0.7,0.655271311708136,0
A3PCMBD36OWHME,6,2,0.3333333333333333,0.8990421455938696,0
A3PD8JD9L4WEII,118,3,0.4830508474576271,0.5873363019350872,0
A3PD9P3DOS9OD0,6,6,1.0,0.5182539682539683,0
A3PDFQOVURWZY,7,4,0.2857142857142857,1.186857062711241,0
A3PDGWYC08DXF4,10,2,0.8,0.6525763125763125,0
A3PDNCT9HOUF3Q,5,3,0.6,0.5374358991097441,0
A3PDNN5MJF9ZJ0,8,2,0.75,1.2280555765302386,0
A3PDSVXNSBA9ZQ,5,1,1.0,0.5657244716068244,0
A3PE2ASRMWCDST,6,1,0.8333333333333334,0.7763888888888889,0
A3PE884TA8529G,14,2,0.5,0.6096656460192943,0
A3PE9GL8IQXZOP,8,6,1.0,0.7984862642202757,0
A3PEDW2XE6W08V,7,3,1.0,0.7062437269989962,0
A3PEIM3T6Q8CZU,6,6,1.0,0.6436361695622955,0
A3PEJHC7PRDCG9,17,2,1.0,0.6295394369933339,0
A3PEN6PH24S5DU,14,2,0.7142857142857143,0.9101716947622842,0
A3PEO98ZQVHWOK,8,2,0.125,0.8294654463489681,0
A3PET7UFYAAGMA,5,5,0.2,0.5872192630717976,0
A3PEZSF99K0GY2,7,2,0.7142857142857143,0.5808375298171217,0
A3PF319KRS0HMY,6,4,0.8333333333333334,0.5704736781410366,0
A3PF5Z6QKR5UZA,6,4,0.6666666666666666,0.35773010958769486,0
A3PFA1N90MQ4JR,7,3,0.42857142857142855,0.45043608352431896,0
A3PFLKE491X4AJ,5,2,1.0,0.3795559067483277,1
A3PGGVAY8PKSAY,18,6,0.3888888888888889,0.6622983219096225,0
A3PGPWZ7KUIAUQ,5,1,0.4,1.5502564102564105,0
A3PGR8QXG6FVXI,5,2,0.2,0.46212454212454207,0
A3PGVJF37JSHFO,47,10,0.3829787234042553,0.840466067809022,0
A3PH4ZOVNB7PZE,5,3,0.0,0.9156736380673717,0
A3PHEC426SCQW9,7,1,0.5714285714285714,0.6308065821672247,0
A3PHFAG8VPL6S2,8,2,0.25,0.8844995384517443,0
A3PHK2DQKHLEG2,13,10,0.8461538461538461,0.554155337611565,0
A3PHKR5SYBONZ2,7,3,0.5714285714285714,0.798326163632286,0
A3PHMIBO7ZYHLB,7,3,0.5714285714285714,0.51958986493148,0
A3PI5UWQK3P659,5,3,1.0,0.5252622498274672,0
A3PILS1MN6GEHP,9,2,0.6666666666666666,0.406824857079299,0
A3PIVKCLKIAHHT,5,1,0.6,0.8532654853089469,0
A3PJV1MNED650H,5,1,0.8,1.128787878787879,0
A3PK1CL0ODOQBJ,7,1,0.7142857142857143,0.7037815126050422,0
A3PK3C1J8P23PO,8,3,0.75,0.6791514095676836,0
A3PKIZR71F40I5,12,2,0.8333333333333334,0.514471899365695,0
A3PKR4Z22DCFV7,5,1,0.8,0.28256620468248406,0
A3PLBJLY8T7L7B,7,2,0.5714285714285714,0.6371808372471796,0
A3PLJJIN80R9K5,7,3,0.42857142857142855,0.7081126067448255,0
A3PLOKOVGMLK41,11,4,0.36363636363636365,0.5752713071862008,0
A3PLX087S71H5D,5,2,0.6,0.4511124930901051,0
A3PM5DH1D3E1EI,5,1,0.6,0.975,0
A3PM9IBH4RD1RS,6,5,0.8333333333333334,0.6547619047619048,0
A3PMLWI0SNB3DF,7,3,0.5714285714285714,0.6075470453367904,0
A3PMX751MDK3AC,8,8,0.375,1.1274972632731255,0
A3PNK1JFOIC3YH,6,3,0.8333333333333334,0.5808758769965667,0
A3PO55MPTOWUV0,7,5,1.0,0.733036804465376,0
A3PO95UD7TRYPT,6,3,0.5,0.5188792688792689,0
A3POAF988GPYCQ,10,1,0.6,0.5512267523137087,0
A3POTE9LL0L5NH,6,5,1.0,0.538792554210637,0
A3POU3A52PSWR9,7,5,1.0,0.8794063079777363,0
A3POVDRP5U5LP9,7,2,0.7142857142857143,0.5612747422749328,0
A3PP7UGDW3VG4N,6,6,1.0,0.49093010614073496,0
A3PPBVJ2QZBOHI,12,4,0.25,0.42969660977229646,0
A3PPI3EFN594PG,5,5,0.4,0.5377227369921597,0
A3PQ36C3EFB04Y,7,5,0.8571428571428571,1.413965964764284,0
A3PQDGK9DS2YZZ,8,1,0.375,1.3747292940818856,0
A3PQHS6R9WKVA9,5,5,0.4,0.6211153846153847,0
A3PQRE0KKPO2J3,9,2,0.4444444444444444,0.5810153402830748,0
A3PQSL9TBTCG6C,13,5,1.0,0.4941843013222459,0
A3PQUSU35MJICT,6,3,1.0,0.9149915770992004,0
A3PQZHO4YDNNDS,7,1,0.7142857142857143,2.3440318829816094,0
A3PR1ZJD3R0CKI,5,3,0.6,0.3553915845009515,0
A3PR4W9COZVVF8,5,1,0.2,0.8133881268838049,0
A3PREF4Z95NCCN,9,4,1.0,0.9211737172633092,0
A3PRIEMQJDJWY0,6,5,0.16666666666666666,0.6117860633989667,0
A3PRQ5HBAX8DW0,10,2,0.6,1.183196386946387,0
A3PRZ9F89UREJJ,5,2,0.8,2.2828218210361064,0
A3PSGM7T1GK049,7,1,0.2857142857142857,1.4712052418389074,0
A3PSJCHRBQEOAF,7,4,0.7142857142857143,0.39610348471568,0
A3PSL549ERGXLD,12,2,0.9166666666666666,0.8637763109933404,0
A3PT42JTV5OTWB,5,5,0.8,0.49794117647058805,0
A3PT6XPUDULKG6,8,3,0.625,0.5863731856378916,0
A3PT892Q65UTXG,5,2,1.0,1.1137878787878788,0
A3PTG5V447NJNW,6,1,0.16666666666666666,1.0581331779079015,0
A3PTSN0CFNUYJ,8,3,0.375,0.5721597044614948,0
A3PUOEWQEQKS1J,8,1,0.75,0.700832645811361,0
A3PUWIKP32K41A,7,2,0.42857142857142855,0.656103028973264,0
A3PUXJQUQYXJGD,7,1,0.42857142857142855,0.4721609572068359,0
A3PV2UN5HWCMGU,5,3,0.6,0.3071030340380186,0
A3PVKJAIGQ0C3I,6,4,0.3333333333333333,1.0031052618643859,0
A3PW4EWMNEMAEK,18,9,0.8333333333333334,0.6487190426610141,0
A3PW73FDBORZTZ,6,2,0.3333333333333333,0.5251830318690782,0
A3PWDPQ4B1S7G8,16,5,0.75,1.0828530048145728,0
A3PWPNZVMNX3PA,14,1,0.42857142857142855,0.9094237991391589,0
A3PWSAC6ORW33Z,18,1,0.5555555555555556,0.654546504824703,0
A3PXF6HP44DY7H,5,2,0.6,1.450061174971661,0
A3PY3AMUYBA2RZ,5,1,1.0,1.4869025950387436,0
A3PYCGZZC3DVSV,11,1,0.36363636363636365,0.5555688790515082,0
A3PYJA6KCKYO22,7,3,0.2857142857142857,0.4144712430426716,0
A3PYON8WF41MMC,11,2,0.9090909090909091,1.0716537838253055,0
A3PYSV48S6GFFE,8,1,1.0,0.6607663887836301,0
A3PZ56NBFYZZUL,5,5,0.8,0.3859630606860156,0
A3PZD2IVEPMQ8J,5,1,0.8,2.078997668997669,0
A3PZM15SU7V48N,11,3,0.8181818181818182,0.7589261584841459,0
A3PZM2HY2I2UJD,5,3,0.6,0.9888689643689645,0
A3PZYRZ8YFTZSF,8,3,0.5,1.178922235172235,0
A3Q0D8U4I1FCRM,5,5,1.0,0.8233333333333335,0
A3Q0UCHM8DSDG7,8,1,0.5,0.5552714506855375,0
A3Q0XZQB9RA3HP,6,4,1.0,0.6827591908410874,0
A3Q0ZG1T0HYS4N,10,6,0.4,0.963087313702126,0
A3Q12NUZUM5ECC,6,1,0.6666666666666666,1.0277976551883656,0
A3Q1AAC99311LI,5,5,1.0,0.6929151732377539,0
A3Q1AR7PVTFRSM,8,2,0.625,1.4653159139344174,0
A3Q1KIDFJ8THMP,12,2,0.5833333333333334,0.4812465477965335,0
A3Q1WW2IOCO38Y,9,1,0.7777777777777778,1.2862286707384747,0
A3Q31LGZSP33KH,5,2,0.2,0.52125315442851,0
A3Q387RL6ON95F,12,2,0.9166666666666666,0.9286230912196558,0
A3Q3N3WSGM5QP2,5,3,0.6,1.1671296296296299,0
A3Q4RN776W6HYQ,5,1,1.0,0.4568747381650608,0
A3Q53CV6IV7SIQ,8,6,0.75,0.9072722567287784,0
A3Q55E6MRPLJAB,8,2,0.875,0.7104470824516306,0
A3Q5GZ46OUL4H5,6,4,0.8333333333333334,0.7098639455782312,0
A3Q5IRZ3ZJV4P3,7,2,0.2857142857142857,1.3808290733891784,0
A3Q5KTK592FVV2,6,3,0.6666666666666666,0.5714285714285715,0
A3Q5ZQAL0E0JR5,5,3,0.6,0.7325925925925926,0
A3Q6AFZFX58URL,10,4,0.7,1.7096712783885597,0
A3Q6EL2PFKJK76,6,4,0.5,0.4156401371190103,0
A3Q6V0J8NUSR23,5,1,0.8,1.4052585765488992,0
A3Q6YFJ4SARWGT,5,2,0.8,1.2224347633790358,0
A3Q7NGN14THEQN,5,2,1.0,1.8936363636363638,0
A3Q7WYYAZ12B7N,6,2,0.6666666666666666,0.981842231842232,0
A3Q82T5MFPDN2Q,6,3,0.3333333333333333,0.6241518695126942,0
A3Q9BX67GBXRST,20,2,0.85,0.9988077503764405,0
A3Q9IQUZQM3SXZ,8,3,0.375,0.42622122536556484,0
A3QA0BBQW08DLZ,9,4,0.7777777777777778,0.45923604251618844,0
A3QAC7JK8RWKJ7,5,5,0.4,1.6548611111111111,0
A3QAD1BD3NIIO4,12,2,0.25,0.7342398168864842,0
A3QAE3B97FVU42,6,4,0.6666666666666666,0.5713832631698713,0
A3QAY3AZH0P6P4,14,8,0.5714285714285714,0.4320304424949321,0
A3QB47YYMIN3GO,6,3,0.6666666666666666,0.5276875901875901,0
A3QBMZHPQSCG5V,5,3,0.4,0.7776478088366547,0
A3QCC7PV6EG4YC,7,2,0.14285714285714285,1.1182829895884083,0
A3QCCHF4TVH97P,8,6,1.0,1.1839058324479217,0
A3QCHHUFTZWV7P,8,2,0.625,0.7864405814773461,0
A3QCLEQ7F77V6C,17,1,0.8235294117647058,1.937601153853526,0
A3QCQY083YLM3J,7,1,0.8571428571428571,1.5158676743008417,0
A3QCXIDIO5DF00,5,5,1.0,1.0695327942497754,0
A3QD42AP50YE7G,5,1,1.0,0.8638106554010443,0
A3QD8ADZ5ARVO0,6,3,0.5,0.3155010542228586,0
A3QDDEW6RXVEAY,7,3,0.42857142857142855,1.1434812033975383,0
A3QDMDSANPYGUX,23,3,0.8695652173913043,0.8432152865833287,1
A3QDPQBJAJC6C,20,3,0.8,0.39399177950307124,0
A3QDTYCY651Z2S,5,5,1.0,1.2608707767328458,0
A3QDY5F9BA5V0B,11,2,0.2727272727272727,0.3730397554439366,0
A3QDY9I0CNMD2W,38,10,0.6578947368421053,0.8985114434509786,0
A3QE3P6JJCPIHW,9,7,0.4444444444444444,0.6233520957378541,0
A3QEIPJMT9ISQ,6,3,1.0,0.6862920577772064,0
A3QF87EWX0K9MR,8,3,0.375,0.965034648917038,0
A3QF9RS5O37QXK,6,2,0.8333333333333334,0.7873020078902431,0
A3QFUNJ0L81OOD,7,2,0.7142857142857143,1.107398317737697,1
A3QG1JW6O3SD96,7,4,0.7142857142857143,0.7317401590657404,0
A3QG1KCB8HB5AQ,23,15,0.782608695652174,0.6864151826883323,0
A3QG32P5IF3JAK,10,1,0.7,0.8386471736927555,0
A3QGDEFBDG2AGX,6,3,0.8333333333333334,0.4664021164021164,0
A3QGK1KW95V6O0,7,5,0.7142857142857143,0.48122880918982197,0
A3QGL7LZXPDQE3,7,2,0.8571428571428571,0.9010510575193396,0
A3QH15ZP9MNC6V,9,4,0.8888888888888888,0.7357189188443276,0
A3QH5ABN8MVAT,11,2,0.9090909090909091,0.9697910154820956,0
A3QI0A547ERENA,7,3,0.7142857142857143,0.6106697224344283,0
A3QI3AR05267SG,9,4,0.6666666666666666,1.6017867722764534,0
A3QI63WBTTCNG6,5,4,1.0,0.8306297096994772,0
A3QIIRJ72EC0V9,5,1,0.2,0.9876507515473033,0
A3QJ2H1R16YPIG,5,3,0.4,0.7836204539239815,0
A3QJ8QL3TOGVFF,6,3,0.3333333333333333,1.1872107414217694,0
A3QJWPMUQOCZXY,6,1,0.5,0.5447401011686728,0
A3QJZFR41U8IGA,5,2,1.0,0.5278690614159457,0
A3QK41IM3X2CUF,12,5,0.5833333333333334,0.6587599855769837,1
A3QK723XT3MJXZ,9,2,0.2222222222222222,0.6706443090633071,0
A3QK8LDWVJHI7D,6,2,0.5,1.18217740087488,0
A3QKHWD77WXLJO,9,4,0.7777777777777778,0.9671516754850088,0
A3QKPPRBJ6C0ON,6,2,1.0,0.6622749709639953,0
A3QKX6N77VHNGQ,7,4,0.14285714285714285,0.9553618129173869,0
A3QL4FUUL2DT51,6,4,1.0,0.5585564980709264,0
A3QLBQXF441AW1,6,1,0.6666666666666666,2.781082846300238,0
A3QLCKK2SOZTXZ,5,5,0.4,0.7673122854157336,0
A3QLJT5IQ5A1O1,6,2,0.5,0.5678162055335969,0
A3QLMRL114BPEE,6,4,0.6666666666666666,0.4023019670388091,1
A3QLQS0AV282FD,12,2,0.4166666666666667,1.1494716177894586,0
A3QLYWNWI8DTKW,18,3,0.5,0.9422034050731871,0
A3QMV7LPU3YMFK,5,5,0.6,0.4800000000000001,0
A3QMZVNXQT60OY,5,3,0.6,1.451801461325271,0
A3QN1DHU09PHZ5,10,6,0.6,0.8423979362214681,0
A3QN5PCFZYOHHI,5,2,0.8,0.5807281553398059,0
A3QNDSQJFA360M,34,3,0.8529411764705882,0.6286494429392123,1
A3QNFP46L7TRSC,7,1,0.8571428571428571,1.551360544217687,0
A3QNMK4Z8QDTLN,5,2,1.0,1.3439285980992828,0
A3QNNCUZ04JW7R,7,2,0.8571428571428571,0.8428182256884448,0
A3QNPWAS1BQVOC,6,3,0.3333333333333333,0.97881357998398,0
A3QNR732UXVH9X,5,2,1.0,0.6638792270531401,0
A3QO2M6G9ZMVT9,6,4,0.8333333333333334,0.41605856771081,0
A3QO5UPOCBMAR5,9,9,0.6666666666666666,0.5617804728353686,0
A3QODVJ5K4QAWZ,5,1,1.0,0.7814644079346398,0
A3QOLITU5R8J3R,11,1,0.6363636363636364,1.314767790163171,0
A3QOOW0G6D0X9V,8,2,1.0,1.0232011843622262,0
A3QPSFGLHHK7JX,13,2,0.6153846153846154,1.1988091926747388,0
A3QPXUOD684ZYO,13,3,0.6923076923076923,0.5561445150910034,0
A3QQCEQ33O0GJU,26,15,0.8076923076923077,0.6230710093143658,0
A3QQLWRK7ZFW8E,5,3,0.8,0.9643480963480965,0
A3QQOKTQAZWN6U,6,2,0.8333333333333334,0.7414758665988642,0
A3QQVWKE32ULEJ,11,2,0.7272727272727273,0.5268851342110517,0
A3QRW0UJPKIAX7,41,4,0.4146341463414634,0.8605089687074843,0
A3QS3UKZ8GYAZU,8,7,0.625,0.6350340307200603,0
A3QS4WWC1LCA6H,19,2,0.42105263157894735,0.5815223865085362,0
A3QS8K9V8BS2H7,10,8,1.0,0.733502886002886,0
A3QSCN94V60VR7,5,4,1.0,0.5854058441558442,0
A3QSM5XHPL1T6Y,5,1,0.4,0.49023809523809525,1
A3QSSI1RZMP6P8,12,2,0.6666666666666666,1.0425507417433526,0
A3QTIH4K1OYIQI,12,3,0.5,0.6053734079540533,1
A3QTOZ50MIBS96,8,2,0.875,0.9351012370060936,0
A3QTZOYENFR3NV,6,3,0.16666666666666666,0.6877396486618997,0
A3QU3O79AGNWCY,42,2,0.6428571428571429,0.890509868253285,0
A3QU5OILKT9T0M,8,8,0.75,0.7059056121669551,0
A3QU89RBYRMR67,22,7,0.8181818181818182,0.9006365435734239,0
A3QUTY8XPNJ1S6,10,6,0.1,0.7238118920054404,0
A3QUZG4J7L8D4K,20,3,0.5,0.8066115493201668,0
A3QVAL6M4AGSSV,5,2,0.6,0.7624227234753549,0
A3QVAVJEBPMGBB,9,4,0.8888888888888888,1.0268865121806299,0
A3QVN3OVRKKCT6,9,3,0.7777777777777778,0.8069900721097825,0
A3QVRCSJ9TXYM7,6,2,1.0,0.5815007630210102,0
A3QVSNBVHDIIRU,5,2,0.8,0.5771929824561404,0
A3QVT8LVXRA7MG,5,1,0.4,0.5040750915750916,0
A3QW8EI3B9D4I4,6,2,0.6666666666666666,0.6728300055261828,0
A3QWC68BASQSCF,7,3,0.8571428571428571,0.7754920645798897,0
A3QXDQF5L6XOTS,10,1,0.6,1.791780805715232,0
A3QXLT7SOW6XC7,9,3,0.7777777777777778,0.621889150138626,0
A3QXWA0QNDLF4A,6,4,0.5,0.9886904761904761,0
A3QY178HG7F8S,5,1,0.8,0.5903333333333334,0
A3QYAZL1LKMRZK,9,5,0.8888888888888888,0.6238365114082982,0
A3QYCGVIZSO97E,5,2,0.6,0.27324601827148526,0
A3QYFYTMKII7TV,5,3,0.4,1.2864942528735632,0
A3QZEQE9T2660L,13,3,0.6923076923076923,1.1458968040551287,0
A3R0ZDQWANTOHM,7,5,0.8571428571428571,0.5643783371472159,0
A3R19YKNL641X3,80,2,0.5375,0.6197222767375421,0
A3R1LZMZN1BD5U,5,3,1.0,1.406934865900383,0
A3R1Z9PCJ6BBW3,5,2,1.0,0.4619965373886048,0
A3R26SD2ESFC5Z,6,2,0.6666666666666666,0.7045288045288046,0
A3R2I26IFPI0OZ,6,2,1.0,0.536466262282408,0
A3R2L1WMJHB8V0,6,5,0.3333333333333333,0.7630465051517684,0
A3R2SH4H4TNH0T,6,4,0.8333333333333334,0.6245370370370369,0
A3R37EX54XC8Q5,10,2,0.8,0.9715224632024346,0
A3R3KMN9V95D5T,5,1,0.6,1.0893990410809633,0
A3R3LZN5NDXAJQ,6,2,0.8333333333333334,1.0945436507936508,0
A3R3SS28ASLWBD,7,6,0.7142857142857143,0.698639455782313,0
A3R3SXLYQZIH61,5,3,0.4,0.39502814987381074,0
A3R3ZRHXV3BXXQ,5,1,0.2,0.4127380952380951,0
A3R3ZVSITXMVB,5,1,1.0,1.2277452198661163,0
A3R4Q2UEPTZPSQ,11,4,1.0,0.3961952191900134,0
A3R59J6WB6INQB,7,1,0.42857142857142855,0.5221993862236461,1
A3R5GTYQ50QVMD,20,2,0.5,0.87436467660426,0
A3R5LZ29W7TGCH,5,1,0.6,1.1928515733778893,0
A3R5OQTF2A9C8H,7,1,0.2857142857142857,1.5257950466193226,0
A3R5QIGAFV0CRR,5,5,0.6,0.6245660489427417,0
A3R5TV4CE8UJMC,5,3,0.6,1.2221895604395603,0
A3R5V8QZVAWU2B,5,1,0.8,1.1682539682539683,0
A3R5VT4UW4ZVSE,5,2,1.0,1.2986384335154828,0
A3R64H4RC4CH5V,6,2,0.8333333333333334,0.6574457060466793,0
A3R6B4KVUNSM88,8,8,0.75,0.6527711561325642,0
A3R6DA93CFNPN4,5,1,1.0,1.3200617283950618,0
A3R6IGKV182J6Q,13,5,1.0,0.8309262034262035,0
A3R6L0P2Q15KS8,5,4,0.6,0.9503844570503561,0
A3R6U22E5A1ZW8,7,1,0.8571428571428571,1.0640920012192532,0
A3R71B7WE6Q7SY,5,2,0.4,0.9587496816908582,0
A3R7DYXM8HP4OW,5,1,0.2,0.8098220155953196,0
A3R7EE1SEQJ728,11,3,0.9090909090909091,0.7864899079448222,1
A3R8FQ1YNRE5RP,6,1,0.8333333333333334,1.001807938650044,0
A3R8KVIU7VPUST,6,2,0.6666666666666666,0.8573539878200895,0
A3R9KRIO25CKZV,9,2,0.1111111111111111,0.8480035453977663,0
A3R9RGOOUID7YK,5,3,1.0,0.1675137020428501,0
A3R9Z9G4L7U0G0,7,4,0.42857142857142855,0.9523039762170196,0
A3RA0IYGOM1FMH,9,5,0.7777777777777778,0.7672839506172839,0
A3RA9ATCEEQFV7,9,3,0.4444444444444444,0.7965956057402982,0
A3RAYL7IX9HMS6,5,1,1.0,0.8549527433924389,0
A3RB1JA72Z0TUN,5,2,1.0,0.47705385228391534,0
A3RB9PECLH84S7,14,7,1.0,0.7584920628146652,0
A3RBTKH8OI4X6X,5,1,0.8,0.8775987841945287,0
A3RBVDH87QF1A,11,3,0.7272727272727273,1.8732177761386686,0
A3RC2OSA1WWYJ3,10,5,0.7,0.80067247408857,0
A3RCGTO0O4WUOM,8,4,0.625,0.6246989000278474,0
A3RCRB71D777GA,8,2,0.25,0.48939600180624665,0
A3RCY0OBPZ5XWF,10,3,0.8,0.8085192202433582,0
A3RD6YA8UMLLEX,10,3,0.6,0.8878818866318868,0
A3RDD3NQWIW17B,8,4,0.5,0.679384791795506,0
A3RDIQ577D0XEU,7,3,0.8571428571428571,0.8769973705851859,0
A3RDNGSC1OQEQ5,8,3,0.875,0.8771848102033194,0
A3RDQS449HC370,5,2,0.8,0.6754637444292616,0
A3RDWN2D0YJLMC,8,1,0.5,1.406961498254068,0
A3RE92TU1FLGJ0,11,1,0.2727272727272727,0.7865175233583063,0
A3REBHTMMJ9MIB,23,2,0.5652173913043478,0.8160218193293025,0
A3REKZPYAFOLUJ,5,4,0.8,0.7313181504485853,0
A3REW00RHL6GUG,9,3,0.5555555555555556,0.994647076171511,0
A3REX4XML9APRX,13,4,0.9230769230769231,0.49443703136086736,0
A3REZPNBF49ME4,5,2,0.6,0.5409617955023602,0
A3RF5L5NIAPEH,11,9,0.6363636363636364,0.7048623083647246,0
A3RFNCMOL3FSE8,14,1,0.6428571428571429,0.6658582496543767,0
A3RFS2PZ2FK97N,8,1,0.875,0.9069046816805066,0
A3RG3S43T1TTH4,16,6,0.4375,0.8496650623658522,0
A3RGQ4R9M2ZGWY,9,1,0.4444444444444444,1.2618893192577403,0
A3RHFJXM8J5N7H,12,5,0.5,0.7590380197058666,0
A3RHSVCDBL52MR,7,2,0.14285714285714285,1.052232097913161,0
A3RHXRO17DLWQN,6,4,0.6666666666666666,1.405472739820566,0
A3RHYWBMDX7J8D,5,3,0.0,1.5522360248447205,0
A3RIOBX7NLKJ7S,14,9,0.14285714285714285,0.8909347964221931,1
A3RIRKGU4F6X9S,7,5,0.7142857142857143,1.35899074667697,0
A3RIVB2A5PER0D,8,8,0.25,0.5672734433183486,0
A3RJ0LX5R4CJRY,7,2,0.7142857142857143,0.6161909386314368,0
A3RJBK9U9FITGA,11,6,0.8181818181818182,0.6459297229236927,0
A3RJO4ALM3CAG2,7,6,0.7142857142857143,1.0597074153044301,0
A3RJVINZDBOUNE,5,1,1.0,0.8615942028985508,0
A3RK90I0ROCI0R,5,2,0.2,1.4866409266409266,0
A3RKMKBVUCBSJR,5,3,1.0,1.1028770268331183,0
A3RKPP9QT474EX,7,2,0.8571428571428571,0.8729680277908265,0
A3RL3JVFKCKDNW,8,8,0.375,0.8097314470185537,0
A3RL80EVOZ0LJK,8,4,0.625,0.6894106506238858,0
A3RLAG3TLIOCIZ,7,2,0.8571428571428571,0.7396639996936115,0
A3RLD38GOU0VM1,7,3,0.7142857142857143,0.8752980168511016,0
A3RLDR83KEU2M5,6,4,0.5,0.7989928646787717,0
A3RLL5GRAIYZDG,7,1,0.42857142857142855,0.8126415601205517,0
A3RLL7N9RWR9RO,5,5,1.0,0.4732843137254902,0
A3RLLU7CU8IRV1,7,4,0.5714285714285714,0.7305366621849044,0
A3RM4WTQL8VAU5,18,9,0.7222222222222222,0.7478906928482344,0
A3RMAXAL6RISE5,5,2,0.4,0.5556521739130436,0
A3RMVM067JNZKJ,5,1,0.8,1.3674087484559607,0
A3RMXNZMYN0U43,5,4,0.6,0.7051960784313724,0
A3RNPV0BV4SLDK,7,2,0.8571428571428571,0.4271006447978728,0
A3ROELHHTEZLMX,7,1,0.42857142857142855,0.7039205155746509,0
A3ROH61D71HSPT,8,4,0.5,0.8809853682852451,0
A3RORUAONZHYD5,6,3,0.0,0.7814278080900608,0
A3ROWBJW70FJF,30,9,0.7333333333333333,0.4736581966217247,0
A3RP75O13ISVP8,11,1,1.0,0.7147764265411325,0
A3RP7YZ5DHAXH2,5,2,0.8,1.2387083352134687,0
A3RPDN9247BQHK,9,6,0.6666666666666666,1.2716471466249557,0
A3RPWK92E3SG1V,5,2,0.8,0.5405674281503317,0
A3RQHCUVSRHU21,5,2,0.8,1.0443265373925752,0
A3RR1VQAGMKZZX,8,4,0.625,0.5287506442042637,0
A3RRL3MZAN0VQ4,8,3,0.5,1.203069485361644,0
A3RROR8EUY0IFY,6,2,0.8333333333333334,0.3057897954727022,0
A3RRR1GSIXUAZD,5,3,0.8,1.1013419913419913,0
A3RS3NOBP4X1KV,6,4,0.8333333333333334,0.951588441890166,0
A3RS44P0PNEMJ,10,2,0.7,0.8253563103563103,0
A3RS7PAN125FTL,5,2,0.6,0.6961538461538461,0
A3RSVR9ELA3U2E,7,4,0.7142857142857143,1.2166520196595383,0
A3RT9VQL58FMSO,8,2,0.5,1.0048553862149414,0
A3RTAH3INJ40HW,6,3,0.3333333333333333,0.8979235465186147,0
A3RTDU3X791JO0,13,4,0.7692307692307693,0.8129430974531614,0
A3RTQUBL19STRE,7,7,0.7142857142857143,0.5128553860568618,0
A3RU4VT25HZ60Y,5,4,0.4,1.2753823953823953,0
A3RUMVZZ7W2E2S,6,2,1.0,0.5763586001488181,0
A3RVDXHXWXI6K4,16,6,0.75,0.7174020855369506,0
A3RVF0PUY8BVOH,5,2,0.8,1.0250250797993616,0
A3RWUEZ5U8OT0Q,7,2,1.0,0.6631926467857616,0
A3RX6RA5WURQJ5,6,5,0.8333333333333334,0.9694149519730916,0
A3RXEU8N2RD320,5,2,1.0,0.44887385482734327,0
A3RXJ4A6JZKXLX,5,1,0.6,0.5300258564964446,0
A3RXQZFJRX5DS0,6,3,0.6666666666666666,0.9056721056721054,0
A3RYK0RT54MRVC,6,4,0.6666666666666666,0.7115052959281872,0
A3RYUX3AW5RW19,9,1,0.4444444444444444,0.424115805970364,0
A3RYVZ9T4LXPRZ,15,5,0.9333333333333333,0.636971944818104,0
A3RZ23VUW00A3F,5,2,0.8,0.31814655172413797,0
A3RZ3PXOHNYC8S,10,1,0.4,1.2712411786101043,0
A3RZHCAMAV3E40,5,3,0.8,0.8586744639376217,0
A3RZM875TV2Z65,5,4,1.0,0.6807661791224203,0
A3RZN4OD4Q82WV,9,3,0.8888888888888888,0.5774478784759766,0
A3RZOPQ42Q50B1,28,2,0.39285714285714285,0.7501735882483983,1
A3S03DVUVT11JB,8,4,0.75,0.669919475887521,0
A3S0KTQB7SQ9K2,14,5,0.6428571428571429,1.3074298279745586,0
A3S0LG7590F4MG,10,1,0.6,0.5862412314461495,0
A3S0N3CJPUJ2HC,6,2,0.5,1.0714202693451318,0
A3S15J9WWXXOCB,11,3,0.6363636363636364,0.4496872831257949,0
A3S1MQ6SAPVKQI,5,2,0.8,0.3996937543133196,0
A3S1WRDSRF1XE7,5,5,0.6,0.6412723688201396,0
A3S25YPCZ63OQL,6,5,0.8333333333333334,0.594459141681364,0
A3S3F6PBF0PA91,7,4,0.7142857142857143,0.44999607834684646,0
A3S3MOT7JM82FA,13,4,0.6153846153846154,1.353498705522997,0
A3S3NGWOXWKXKH,5,1,0.6,0.583015158015158,0
A3S3NT5VS54FC8,8,1,0.625,0.6023940058479531,0
A3S3Q1739PMUVM,5,5,0.8,0.3947640555770636,0
A3S3R88HA0HZG3,93,3,0.8279569892473119,0.7849837918668372,2
A3S3TGIWP6785Z,24,8,0.75,0.9086890098478464,1
A3S3XESYDHV39U,5,2,0.8,0.3657833708961181,0
A3S4YVPGHSD5I8,5,2,0.4,0.32544393708777264,0
A3S58J9HNVKP32,20,2,0.75,1.2083945479832021,0
A3S5AME3Q5SFDD,13,7,0.7692307692307693,0.4289258031312573,0
A3S5CU8SKTVDC4,7,1,0.2857142857142857,1.4487616647391082,0
A3S5DNGZLH87XO,5,5,0.6,0.2905361757105943,0
A3S5E00AAJC446,5,1,0.8,0.7241896151787308,0
A3S5J3FJQSDSI2,5,3,1.0,0.4987500316447685,0
A3S5QARP3IAMP3,11,2,1.0,0.7045093795093794,0
A3S5VDRPAFYFOU,9,5,0.6666666666666666,0.7665584980386595,0
A3S5Z6342WZWRN,5,2,0.8,0.5117989832645005,0
A3S646CCL57YA7,7,2,1.0,0.7019485507067396,0
A3S68HGRLVGXKZ,6,4,0.8333333333333334,1.0322969835264917,0
A3S6N7PEWZRLSI,10,3,1.0,0.6087592683078163,0
A3S71WW0FEU9DR,8,1,0.5,1.3604808560818948,0
A3S73MX3KSMGBN,7,1,1.0,1.0651340169612595,0
A3S7997A6GYVDW,6,4,0.6666666666666666,0.9977352501185358,0
A3S86II8A99U86,10,6,0.8,0.8874545243082205,0
A3S8C41QV6G2QL,6,4,1.0,1.214931064728225,0
A3S8F9XZLS8AWC,8,4,0.75,1.0462697699384589,0
A3S8N7AO37BEIV,7,2,0.42857142857142855,0.6564750669073988,0
A3S946UETX4NTK,5,2,1.0,0.6259388308168796,0
A3S96J0R2IB1IW,5,5,0.4,0.8219790104947526,0
A3S9962G73SNAP,6,2,0.3333333333333333,0.974988043998087,0
A3S9MTAMV79BX8,5,3,0.6,2.834940476190476,0
A3SAH3ZIWSXZU2,7,3,0.7142857142857143,1.4824758474818498,0
A3SB5E688J9HVG,6,4,0.8333333333333334,0.697509114020308,0
A3SBCWMLKF6H32,5,4,0.8,0.851548562667255,0
A3SBL75CSO5PUK,20,2,0.8,0.9757786832375605,1
A3SBTW3WS4IQSN,8,5,0.125,0.6084242553423587,0
A3SBXIOSQ3455W,8,4,0.625,1.1883292722415972,0
A3SCDYBZ7I0P87,8,3,1.0,1.206581728355922,0
A3SCV6FML8MLMS,6,2,0.5,0.6250785446437622,0
A3SCYVE2ANQ94H,6,1,0.3333333333333333,0.9038439058100183,0
A3SDEQCEKNED4O,6,1,0.5,0.9376543209876543,0
A3SDEZYAEY4AQX,5,5,0.6,0.8856460067838421,0
A3SDW6TI2CBCT3,7,1,0.42857142857142855,1.077147501959532,0
A3SDXX0IE7T2BD,7,3,1.0,0.9721757234362276,0
A3SE4XL71KC56G,15,3,0.6,1.0275246564506506,0
A3SEDVZYQGTRVL,6,1,0.3333333333333333,0.4186323035785402,0
A3SEZY62JRWVAC,5,2,0.6,0.8398964289567376,0
A3SFEHDHGCJ0GC,15,6,0.8666666666666667,0.9883446942175041,1
A3SFEO8X4JIW3D,6,2,0.6666666666666666,0.7105475040257648,0
A3SFHZ326WL184,9,2,0.0,0.7166168693572216,0
A3SFNV4NNRSUS4,6,2,0.5,1.485057471264368,0
A3SFWN1DLJLURS,5,1,0.4,0.4798115609880316,0
A3SG2N77KI8365,5,3,1.0,1.4283984028393966,1
A3SG7CTHYG1QC2,8,4,0.5,0.3967221776959691,0
A3SGBRA0BQTB7J,13,1,0.38461538461538464,1.751782273677759,0
A3SGITD7AM2KZ1,6,3,0.3333333333333333,0.6548944685590647,0
A3SGLP7CEZ9SGQ,5,3,0.6,0.7905023536602485,0
A3SH855WQ0JLCX,8,1,0.375,0.6487192399825784,0
A3SHAOQ7FI3JLN,9,2,0.3333333333333333,1.0885203654644202,0
A3SHECVIYG1LJP,5,2,0.8,0.49372549019607853,0
A3SHUHOUB1BFEV,5,4,0.8,1.0626032369976595,0
A3SHYHT4Y88AS7,5,1,0.8,1.9012455310806136,0
A3SI5CN0K8U2H0,9,2,0.8888888888888888,0.33572740390922207,0
A3SI5H12GE0WG0,6,2,0.5,0.9105182926829268,0
A3SI9Z6G0NYNTO,8,1,0.875,0.7943441412191413,0
A3SIZZF8M4P891,6,3,0.5,1.178627330212696,0
A3SJBFCTJWBFT2,11,7,1.0,0.7652521536816953,0
A3SJFCGN99S7O2,5,4,0.6,1.2470589376667474,0
A3SJOO3QCY4R67,5,3,0.4,0.5403449933525122,0
A3SJU1AGUIIH91,8,2,0.75,0.7294359112741271,0
A3SJZ8ZS6PDTYS,8,2,0.625,1.0536115110379818,0
A3SK20MFK90J8H,7,2,0.5714285714285714,0.644651419041663,0
A3SKD1PCCN1X0V,6,5,0.5,0.9674888992240612,0
A3SKNNNW3H1J9I,5,2,0.8,0.8064468864468864,0
A3SKXRB5QQWMLZ,7,2,0.5714285714285714,0.7798652794451114,0
A3SL2O5KOVWBGK,16,5,0.5625,0.9196426167098021,0
A3SL6PMPLMCB2L,5,3,0.6,0.9983838383838384,0
A3SL7UWG7Z4H4T,5,2,0.0,0.6073931623931624,0
A3SLIVSNS5DFYF,21,3,0.6190476190476191,1.1581229072825712,0
A3SLNCRKJ9UFJD,5,3,0.2,0.3913427074717397,0
A3SLQHHWES42CX,5,1,0.6,0.5320029239766082,0
A3SLRAY7SYG0WY,5,1,1.0,0.6452579987062744,1
A3SLUAWDK43B7R,5,1,0.4,0.3859593428014481,0
A3SLVTZGDINW4C,8,5,0.875,0.7747543585061519,0
A3SM3TCURJAEDL,7,3,0.5714285714285714,1.0624542124542125,0
A3SMH6EOXOYNX3,21,2,0.9047619047619048,1.1376304017541976,0
A3SMPC84SOLLL9,21,3,0.6666666666666666,0.6313669810302015,0
A3SMW95H6703IV,6,2,0.16666666666666666,0.6266711605437592,0
A3SMWBV1QHQ3AA,7,3,0.5714285714285714,0.9684546789223443,0
A3SNELGI09147J,5,3,0.8,0.8359778963636895,0
A3SNQ2R7WVE7I3,5,2,1.0,0.3786248131539612,1
A3SNXW2VFQ6EQD,6,3,0.6666666666666666,1.467450980392157,0
A3SO7Y2NLF76LI,9,2,1.0,0.8605413105413106,0
A3SOT3ANV2EJLL,8,1,0.375,1.3373774509803922,0
A3SOWXCQ3VOCT8,7,2,0.5714285714285714,2.3560028292662634,0
A3SP6GHL4UVUMZ,16,4,0.8125,0.8430818126531369,0
A3SP7NUDZWAB0Z,5,1,0.6,1.2153846153846153,0
A3SQ3W73LZECJV,23,6,0.9565217391304348,0.6887237987334458,1
A3SQANJATF1BU3,5,2,1.0,1.1759621612954947,0
A3SQBB48X66XXD,8,5,0.25,0.9579703093358556,0
A3SQCTNYQFVBWM,24,5,0.16666666666666666,0.6787134039195726,0
A3SQWFNXXRTRKC,5,1,0.8,0.6514095500459138,0
A3SQXDQAPTZ7HC,5,1,0.2,0.7753571428571429,0
A3SR05SMKQ0ZS5,6,4,0.6666666666666666,0.8755919034280378,0
A3SRDVCD2ATIIS,40,6,0.75,0.5752481359121934,1
A3SRJ2JNFHWQBZ,12,3,0.75,1.0091563186365413,0
A3SRJRM4GB1YJQ,5,4,1.0,0.912008700290623,0
A3SRNWZY4RNNWV,8,7,0.875,0.9913336290447318,0
A3SRQ9QJ1CJKGB,18,3,0.7222222222222222,1.0487446524296733,0
A3SRTRD7RQJSEI,5,3,0.8,0.9363636363636363,0
A3SS02EYXQIUO2,10,1,0.8,1.8009254683071816,0
A3SS10UCJ5DEYB,5,5,0.6,1.1853133522049752,0
A3SSGWK9T1AFO3,5,1,0.8,0.9607142857142857,0
A3SSSVZHCZDCVG,13,5,0.8461538461538461,0.7027022299601574,0
A3SSWDB9F7LPCG,7,2,0.7142857142857143,0.7978057889822596,0
A3SSWY2DMD37Z4,5,4,0.6,0.7911961054818197,0
A3STDPXRUJQBOQ,11,2,1.0,0.6762174393821188,0
A3STDT3602PFK4,7,3,1.0,0.3472706658420942,0
A3STK5WDK5UB58,12,3,0.6666666666666666,0.7627409823717125,0
A3STLGY53AYP6B,5,3,0.4,0.6727692141736943,0
A3STQ45XNMV62B,12,3,0.9166666666666666,0.7164314771125917,0
A3STUYYPY03ZAT,7,3,0.8571428571428571,0.8500528801771036,0
A3SU9RTSDFFQFL,5,1,0.8,1.707372253264054,0
A3SUBHQ6PZ4RHQ,5,1,1.0,0.45959895964426545,0
A3SUXSX1LL81ST,6,2,1.0,0.5491630918586771,0
A3SV5AOLDP8HW3,9,3,0.6666666666666666,0.9791783856999545,0
A3SV7SVGH9OQF,11,11,0.8181818181818182,0.6350647351734829,0
A3SVDWADM5BA0C,5,4,0.8,0.48818804483188033,0
A3SVMHD77WOYUY,9,2,0.7777777777777778,0.4520924340767373,0
A3SVOFSBPMLW5F,7,4,0.8571428571428571,0.49545718509133135,0
A3SVYWA9O1KUQV,29,2,0.7586206896551724,0.7606922413155707,0
A3SVYYD8E3MERB,6,5,0.5,0.6915831244778613,0
A3SWCGTOYLM67A,5,5,0.4,2.04696856766422,0
A3SWCMOF9HRSY0,7,4,0.8571428571428571,0.3298390245337575,0
A3SWQE01EYV7FM,12,7,0.8333333333333334,0.7357440916150187,0
A3SWVIM7A8UE7D,7,3,0.8571428571428571,0.5619115225027013,0
A3SWVY7NZ4DMDX,6,2,0.8333333333333334,0.4289192428290172,0
A3SX1K1N7VR310,19,2,0.3684210526315789,0.4421917606058148,0
A3SXFF9QGG3ZI9,13,4,0.3076923076923077,0.7905638268541494,0
A3SXI6ISNLWOV0,7,2,1.0,1.3794256120527308,0
A3SXP858XO6OCZ,8,2,0.75,0.6841100407243302,0
A3SXR1YCJJTG50,10,2,0.5,1.3324562474562476,0
A3SXYB8JPQ44LN,7,1,0.5714285714285714,1.068865930290756,0
A3SYB4E5MCEBZL,7,2,0.8571428571428571,0.8301220463729635,0
A3SYSOI4RPHRDO,7,1,0.5714285714285714,0.9676678756933742,0
A3SYYDOCTL7P8Z,5,3,0.6,0.4858063100562086,0
A3SZEYY6ELTTJK,9,6,0.6666666666666666,0.6687323191560479,0
A3SZG4S2MGE4SH,5,4,1.0,0.8960603543743076,0
A3SZGI1HEP1VTQ,7,1,0.7142857142857143,1.565105132962276,0
A3SZHD18TB5G3A,7,4,0.5714285714285714,0.7716269841269842,0
A3SZHF95Q773JV,5,4,1.0,0.9120343378826001,0
A3SZLHORO83C6V,6,4,0.5,0.5462544332112874,0
A3T04M0BMTEA3F,5,4,0.4,0.626699292955107,0
A3T07RJR2T0TPC,5,2,0.8,0.5866666666666666,0
A3T0DQ3IMKX25Q,13,11,1.0,0.7793012117289558,0
A3T0LQU40KRLZP,12,3,0.5,0.4455099486188237,0
A3T0NKG7M9L96K,8,1,0.875,1.8829781105990784,0
A3T0QM1TQMFBAG,6,3,1.0,0.674674321783508,0
A3T1GBLPD4I6GH,18,2,0.8333333333333334,0.7576405209335763,0
A3T1HR8ZU00BSJ,5,2,0.6,1.7251966122202056,0
A3T1KRR2SPF3TD,6,5,0.3333333333333333,0.7658877912867276,0
A3T1NQELNJEDTE,6,3,0.8333333333333334,0.5920704182346339,0
A3T2F40NCAB6TO,6,3,1.0,0.5464517774025047,1
A3T2J7YMQT11Y2,17,3,0.8823529411764706,0.6707576693283971,0
A3T2URSMLAMFEH,7,5,0.7142857142857143,0.7610478529647802,0
A3T39GSZA16IM,6,3,1.0,1.1565597566533898,0
A3T3MJC3ZTFV84,5,2,0.2,0.508624813153961,0
A3T41DSAR6AN4R,14,11,0.5,0.4773091610415898,0
A3T4OHEAHOJ700,81,4,0.5061728395061729,0.7287600298427921,1
A3T4WZP2ANHR5D,6,1,0.3333333333333333,0.8238004890800236,0
A3T4Z1IBRLEL88,7,3,0.7142857142857143,0.7123030208023392,0
A3T569ZAJAGF2H,11,7,0.0,0.6538898127439378,0
A3T5V76AQJ85IJ,5,3,0.8,1.1034579327868324,0
A3T5W6DUDBM8WA,5,1,0.2,1.2783755274261603,0
A3T5Z5PRLDMCLZ,13,1,0.8461538461538461,1.2818620802775733,1
A3T6HX48F66512,14,2,0.42857142857142855,0.5748535127067751,1
A3T6JD6OZETMCH,9,3,1.0,0.3798691052242565,0
A3T6TYHHUBB9FU,7,2,0.7142857142857143,0.7863114360552567,0
A3T6UL4EBK9SY7,8,3,1.0,0.8915190148165649,1
A3T6W3UKZBIUTB,6,2,0.5,1.0688367316294423,0
A3T73GUWOVNN0T,6,4,0.16666666666666666,0.5271381010435167,0
A3T79VHPTR9J97,5,2,0.6,1.4581356408262036,0
A3T7OVWAIIASJL,5,5,1.0,0.7036553326227175,0
A3T7W83MU4M125,5,2,0.4,0.8583615819209041,0
A3T7XQ1CZISZGI,5,2,0.6,0.46850574712643683,0
A3T85CZHNQIA9N,6,3,0.6666666666666666,1.2853681309922345,0
A3T8NXP95KWTMP,5,2,0.4,0.7983333333333332,0
A3T8TV7DCNXGX5,8,5,0.75,0.9073223264030439,0
A3T8V93US6KUNP,5,3,0.6,0.29537096027662046,0
A3T8XGEOFSU5UI,5,1,0.8,0.8521531187488633,0
A3T8XGSS2HGMBW,5,2,0.8,1.3837359238316176,1
A3T98ZFLXHTY7A,6,2,0.3333333333333333,0.5874309868875085,0
A3T9B1YISRJMMI,5,5,0.6,0.8138914728682171,0
A3T9HNU52G8Y4Z,11,2,0.9090909090909091,0.7792090789761449,0
A3TA1UJWRJF9NC,34,4,0.9117647058823529,1.0901756937219402,0
A3TA4RVYYDMUWK,5,1,0.4,0.6595825771324861,0
A3TAMNYKRLIC3W,5,2,0.8,2.2250968079539506,0
A3TAY117P2YQA2,6,2,0.3333333333333333,1.5295691366159077,0
A3TB9HNQR54B5V,20,2,0.45,0.7541731315714693,0
A3TBM744VFAPPR,6,3,0.16666666666666666,0.42389734582357547,0
A3TBMAWIIHKHFN,53,3,0.5660377358490566,1.1574894801617206,1
A3TBMYC360M2G0,8,3,0.875,1.1077838827838828,0
A3TBTRRK100RIZ,9,4,0.5555555555555556,0.8913377367800683,0
A3TC2CGUIOJF8X,5,4,0.6,0.22305585705936393,0
A3TC5EV3EN00SF,6,1,0.5,1.0332138590203108,0
A3TC6A6PQQG2VO,7,2,0.8571428571428571,1.7397349183575865,0
A3TC9PXICZ4ET5,9,5,0.7777777777777778,0.7777834181836395,0
A3TCGIUJIGXRJ9,10,2,0.7,0.9639845860166844,0
A3TCHBGG6IS1OZ,6,5,0.6666666666666666,0.6979315089097698,0
A3TCN2R34CBOTW,6,2,0.8333333333333334,0.5694902319902321,0
A3TCT5JUXOYERC,14,5,0.7857142857142857,0.6279527987217265,0
A3TDPKBH9FQYSE,8,8,0.375,0.5939275088946141,0
A3TDR5VQPREEMA,5,3,0.6,0.9794393371921462,0
A3TDYJPBZ7DXE7,22,2,0.45454545454545453,0.4725055399404905,0
A3TE4YZEDRLHF6,6,2,1.0,0.5804271708683474,0
A3TE6K94I09YV1,5,1,0.8,0.3695804195804196,0
A3TE9EHDPX18KU,11,5,0.8181818181818182,0.5101089105511272,0
A3TE9OJ4E7ZTH5,6,3,0.5,1.1965109314165918,0
A3TFBHVF12XYFL,6,2,0.5,1.1330426468142805,0
A3TFN9X5MBCDJH,9,1,0.5555555555555556,0.9889066428793145,0
A3TFNUO6A9CY7T,5,3,1.0,1.6346441947565544,0
A3TG01YS74D3OM,11,5,0.2727272727272727,1.1338812166398373,0
A3TG3SYHMGVXI,10,6,0.8,0.6403124717895325,0
A3TG61RSYK082T,5,2,0.8,0.3709803921568627,0
A3TG7ZOOE80YOF,6,1,0.6666666666666666,2.0851190476190475,0
A3TGO4V3LFIXJ3,17,8,1.0,0.454842318724287,0
A3TGQLV658XSGE,8,7,0.625,0.5318804060722164,0
A3TGW1OJUDVNVS,5,4,0.6,0.4888888888888888,0
A3TH59CZ5RNNGU,8,2,0.875,0.5755700583922634,0
A3TH7TBJSHXIBE,6,5,0.8333333333333334,0.8746035149337036,0
A3THA7HBIVPD2F,5,1,1.0,0.42665634674922615,0
A3THMVCBWN0X01,9,5,0.5555555555555556,1.0827694332708466,0
A3THQTGE68U7DJ,5,2,0.4,0.5437878787878787,0
A3THUA1MU3ZJY8,5,1,0.8,1.2762305986696232,0
A3THUD3HY7P3K1,6,3,0.5,1.001890610955881,0
A3TIJLY4VX8CH3,20,1,0.45,0.8395669787727243,0
A3TIJQPOMLWQHI,10,6,0.3,1.247710594072823,0
A3TIQ3JPQ9UU8Z,5,4,1.0,0.9370305735930735,0
A3TJ5HSZ6MBZO1,6,2,0.3333333333333333,0.8727525252525252,0
A3TJ735KIV1CTF,10,2,0.7,1.0388813681610292,0
A3TJBYOGVGJ9K1,6,2,0.16666666666666666,1.0694226508299736,0
A3TJDFV180X1HZ,6,4,0.3333333333333333,0.6608205580427803,0
A3TJXGZ6DE38R7,8,4,0.625,1.4567926185627749,0
A3TKHAC2G7G0H1,12,3,0.75,1.0221836013720613,0
A3TKV1WC3DBO1O,7,1,0.7142857142857143,1.305984322016852,0
A3TL36D4EDYWS0,28,21,0.9285714285714286,0.4339354968413147,0
A3TL64H6FMF4EM,9,3,0.7777777777777778,0.7401661380257346,0
A3TL835Z8VT2AD,10,4,0.7,0.37235755220954464,0
A3TLWU6RHMKFMT,5,5,0.6,0.7552432357138645,0
A3TMB4AHCY6VRJ,5,2,0.6,0.6033333333333333,0
A3TMF8E4YQFIH8,6,2,0.8333333333333334,0.7061367594154481,0
A3TMQ1QYP1PQJT,5,1,0.8,0.7080544409163168,0
A3TN04NK4MGMMR,6,1,0.6666666666666666,1.775410827494161,0
A3TN9J60Z0A1IJ,5,4,0.6,0.6578280542986427,0
A3TNEKWE76N0M9,7,1,0.14285714285714285,1.001862450016543,0
A3TNJOLY8S5W4U,7,2,1.0,0.7325109869579916,0
A3TNLIPY5MAZVF,5,4,0.0,1.2583333333333333,0
A3TNTDRTVYO1SN,12,3,0.5,0.6915012579105716,0
A3TNW65BBL5QIH,9,2,0.6666666666666666,1.6950998315894705,0
A3TNZIK20GVBQD,7,5,0.8571428571428571,0.3684530836923381,0
A3TOB6873G5JC9,6,2,0.6666666666666666,0.8744926948051948,0
A3TOTZ8JPY4THV,6,3,0.6666666666666666,1.115163289297674,0
A3TP5DV40NMPI4,5,3,1.0,0.5573930616490423,0
A3TP5QO1Y4J93J,10,2,0.7,1.4557951415509556,0
A3TPDMYDNGGNOU,5,3,0.6,1.5050985221674877,0
A3TPK023S4NK93,11,4,0.9090909090909091,0.6308926524333995,0
A3TQEF7QWHABGE,18,14,0.6111111111111112,0.8943876723852533,0
A3TQIU3Y54TLEI,6,5,0.8333333333333334,0.28166498146275715,0
A3TQOZ5EGVBP63,6,1,0.8333333333333334,1.513393444878407,0
A3TQRHIXSTUAR5,5,2,0.8,0.6034674295250015,0
A3TQTYD0D6AUO3,24,15,0.7916666666666666,0.5588335124593878,2
A3TR4J71PYZVU9,22,8,0.5454545454545454,1.062558406888367,0
A3TR5ZSEXQWQHG,5,2,0.6,0.7661538461538461,0
A3TR9UNLC08A30,5,1,0.8,1.2785714285714285,0
A3TRT5AAQNB1H9,5,1,0.8,1.925,0
A3TRWR80K580WS,9,1,0.4444444444444444,2.0087910293219404,0
A3TS3E0SKX3UXG,5,2,1.0,0.5286713286713287,0
A3TSASUCOVFOP8,5,1,0.2,0.9050505050505052,0
A3TSQAWFANQ6TX,5,3,0.2,1.3434200416787874,0
A3TSQVDK4TZ1VD,8,2,0.625,3.0486444358445133,0
A3TT3O6MY52E0N,5,4,0.6,1.3300840336134452,0
A3TTE0TY1DXGD2,7,5,0.7142857142857143,0.894073888698635,0
A3TTG579DHLYZW,7,1,0.7142857142857143,0.9341269841269841,0
A3TU2Y9IOFNPB8,6,6,0.8333333333333334,0.4977370411645124,0
A3TUA2EVIAVM1W,6,3,0.8333333333333334,1.0684425223898908,0
A3TUZOJZM9008Y,8,2,0.75,0.982390873015873,0
A3TV4MVPQP7M4Y,5,2,1.0,0.6861038569981659,0
A3TVG6RNC19DS5,7,3,1.0,0.6311191648392639,0
A3TVZLJ6CPRGDC,6,5,0.6666666666666666,0.5125355000285498,0
A3TWBW1B17R151,24,2,0.6666666666666666,0.9787320059224265,0
A3TXKZNC4I2VUQ,5,2,0.4,0.9813772938092358,0
A3TXV05NP1NZGC,7,3,0.7142857142857143,0.7151149863414015,0
A3TXZJQWCPYNVS,26,4,0.46153846153846156,0.9578110503777943,0
A3TYXVPPKM0QGU,8,2,0.5,0.5144909797471909,0
A3TZ66W7YQK6BX,5,2,1.0,0.7558908507223114,0
A3U018Y06X5TRN,5,1,0.2,1.3441586867305062,0
A3U027SLRGEIRA,6,2,0.8333333333333334,0.8433261877534323,0
A3U09E4BQ2EDES,5,3,0.8,0.47619196235868955,0
A3U0MFX1PMY9R4,8,5,0.75,0.8564999099333905,0
A3U0XOJELLY43E,5,3,0.4,1.6958882549675387,0
A3U10NUL6CBDVT,9,3,0.6666666666666666,1.0908467523241816,0
A3U15MB3IULBXE,6,3,0.5,1.176136871671461,1
A3U1BZEMTXOA1B,7,2,1.0,0.8713954187372099,0
A3U1CIZXF2QEJT,5,3,0.6,0.7265359477124183,0
A3U1NLCVPFM3KV,10,4,0.4,0.6237353267126597,1
A3U1PLAF04R3LH,7,7,0.5714285714285714,0.5752663985199605,0
A3U1X630S1OOY2,7,2,0.8571428571428571,0.7393859992279318,0
A3U2L3V3MOEYLC,6,6,0.8333333333333334,0.7477302262389983,0
A3U2NUMDTC86XX,12,2,0.75,0.7262926306370013,0
A3U2RRXMXBQB73,6,2,0.5,0.9672935357717966,0
A3U34D9O8CUPCT,5,3,0.0,0.7234840605761153,0
A3U34R8EGKA461,7,4,1.0,0.5606843637005026,0
A3U37H35WL6WGO,5,3,0.8,0.22597978748728592,0
A3U3K3I2HJ1QPX,7,6,1.0,0.5085409659981335,1
A3U3PXRAYLZMKK,7,4,0.8571428571428571,0.6788549197491636,0
A3U4A914JS9QVS,5,3,0.2,0.6105891288828384,0
A3U4AFML9SZPWK,20,5,0.7,0.5367444124068443,0
A3U4B12A1IQWIO,5,3,0.6,0.6329034123770965,0
A3U4FCEAT75XLS,12,2,0.5833333333333334,0.585857098933082,0
A3U4XE70BIUUOB,8,5,0.875,0.6769276706981737,0
A3U52V5ZAHZZKU,22,2,0.9090909090909091,0.6558420391853045,1
A3U5O91F3IMRB,7,3,1.0,0.5307307771593486,0
A3U5YY6V7DZB9I,7,1,0.42857142857142855,1.6192743764172337,0
A3U62T6MYQ3J20,7,7,0.5714285714285714,0.5079420927034873,0
A3U676NLLX1JQY,6,3,0.3333333333333333,1.0880110292012823,0
A3U6U68Z9K2UKD,8,2,1.0,0.765867986180486,0
A3U7PUBA4R031N,6,4,0.8333333333333334,1.281314192343604,0
A3U88U92DCKRE5,13,2,0.7692307692307693,0.46167331417332885,0
A3U89SLWUOEI7O,5,2,0.2,0.6107648431423386,0
A3U8GAX8OEQATQ,6,2,0.6666666666666666,0.4386409254960584,0
A3U8J6HOIYKIFM,9,2,0.6666666666666666,0.5196385055914029,0
A3U8NZO54UZRVU,7,4,0.5714285714285714,0.8903061224489797,0
A3U8RIVABKC987,5,2,0.8,0.557450980392157,0
A3U9ECP0UKZYO0,5,3,0.6,0.6249122807017546,0
A3U9KACCAE0JDY,12,7,0.75,0.8411320361186491,0
A3U9SQNM1CK7BM,8,6,1.0,0.74149406039752,0
A3UA33CYG5JO0O,10,3,0.7,1.032060973512212,0
A3UA7AX1MI437Q,7,1,0.8571428571428571,0.7437780772686434,0
A3UAIOKNS8SX7V,6,5,1.0,0.7620709537376203,0
A3UB7T4RXTP7R9,5,2,0.8,0.5665656565656565,0
A3UBE74RTPXUKA,8,1,0.75,1.6484437302667758,0
A3UBYYUZQHN7RR,5,1,0.4,0.6255555555555554,0
A3UC3YT2E65LZO,23,1,0.2608695652173913,0.8615568245017214,0
A3UCKG31PUKC3H,5,3,0.8,0.5042164107029082,0
A3UD0LC8A5MKAA,13,4,1.0,1.046392318507703,0
A3UDW0YGB7MKSL,6,2,0.16666666666666666,0.9731424247049248,0
A3UEFI9RBNOWE9,6,4,0.5,0.5133353236801513,0
A3UFFJKLHHA7NC,11,1,0.8181818181818182,0.9015984354528279,0
A3UFLDM3M3D7TE,7,1,0.7142857142857143,1.0405622972485882,0
A3UFXJ1RVC0FYX,9,3,0.6666666666666666,0.5530379827963553,0
A3UG1RJQ5HY4IA,5,2,1.0,0.6686962833914053,0
A3UG7CA50W8B2H,5,2,1.0,2.1572894242282215,0
A3UGZMQD328Z6B,6,3,1.0,0.632071632071632,0
A3UH7Q5PBLXBFK,6,5,0.5,0.9444590522935593,0
A3UHVS1AHF0J31,7,3,0.8571428571428571,0.8115283311807231,0
A3UI9U9NOOAM9S,5,3,0.6,0.5141025641025643,0
A3UIB3XINRBJWX,6,3,0.6666666666666666,0.3821969696969696,0
A3UIF7HZKZDU83,6,3,0.3333333333333333,0.6383707029294291,0
A3UIG77O78JTUV,6,3,0.5,0.6454328263378328,0
A3UJBG1NLV9IZX,7,2,0.5714285714285714,0.8589608183699013,0
A3UJJGEVXNN8QW,6,2,0.5,0.926536153590941,0
A3UJSWR0FGBVNW,7,3,0.7142857142857143,1.1679392000331337,0
A3UJXBHSZBHGCO,6,3,1.0,0.7205433455433455,0
A3UJXFGRDTMWN8,5,3,1.0,1.1289285714285715,0
A3UK7PD6S21CO5,5,2,0.8,1.3882524160892955,0
A3UKIMS698FI6J,6,6,0.8333333333333334,0.6570305349776091,1
A3UKOUX3DQQHQU,7,2,0.2857142857142857,1.1468678471436646,0
A3UKXRRVD2WDZT,5,1,0.8,0.8632319376026271,0
A3UL4LRWWTKEF,5,1,0.4,0.9485714285714287,0
A3UL6IOH9F4HU4,7,5,0.8571428571428571,0.5016575999500983,0
A3ULEB5AWEMRCE,5,1,0.4,0.4395115336085359,0
A3ULGF8NVVABAA,7,5,1.0,0.8832398911969249,0
A3ULGJ13NXUS1E,6,2,0.6666666666666666,1.3905415183074343,0
A3ULKG89L2HFY0,9,2,0.8888888888888888,0.9854810764516534,0
A3ULXO7OU7IUSL,5,4,1.0,1.1223593073593074,0
A3UMA2D8DXOXGC,5,3,0.8,0.6346153846153847,0
A3UMY01C29OAE7,8,6,1.0,0.712358352431882,0
A3UN01P1W379C3,6,6,0.8333333333333334,1.0123291925465838,0
A3UN38OZEGXI13,5,4,1.0,1.278562848332992,0
A3UNP5AKEGLW17,11,5,0.36363636363636365,0.6524895715589437,0
A3UNPHHPR3ECYH,5,2,0.8,0.9786979704162366,0
A3UNX2X3N8R5I1,7,7,0.8571428571428571,0.8673469387755103,0
A3UO7TPKCH3D4,14,4,0.5714285714285714,1.0231713438390457,0
A3UODPDKNHJ00W,12,2,0.3333333333333333,1.0905016524869466,0
A3UODYFVHXDIM7,12,4,0.5833333333333334,1.0933095839345839,0
A3UOJSQM80ILY1,23,6,0.6956521739130435,0.5688170724056973,0
A3UOK4B9B2PCG9,9,3,0.6666666666666666,0.8910245515746831,0
A3UORBSIKQ56ZB,17,2,0.4117647058823529,0.46074235592197066,0
A3UOVTZ0NKCQDL,6,6,0.5,0.32773363734582533,1
A3UP070UDU89I,5,2,1.0,1.2656299301329728,0
A3UP3IWJAX32QE,12,2,0.75,0.8052284767589318,0
A3UP97IQAI6LJH,6,2,0.8333333333333334,1.0895271222910974,0
A3UPCZTJ5DBSKO,5,1,1.0,0.5993656241443299,0
A3UPEV60FD84VX,5,2,0.8,0.605563711650668,0
A3UQ0CZNQAUJ3Z,7,4,0.8571428571428571,1.1844741623357418,0
A3UQEEFTW73F22,6,3,1.0,0.9350309820898056,0
A3UQGBOPPQ9F4O,7,6,0.8571428571428571,0.7987528344671203,0
A3UQITEFZIXXHD,8,2,1.0,0.45659410490243274,0
A3UQNOLPIDI9TT,9,1,0.4444444444444444,1.20205116520906,0
A3UQPMXRSHUBFB,5,1,0.6,0.6114927601134499,0
A3UQWO38N396JX,7,4,0.5714285714285714,0.7414790053952617,0
A3UR7FEDR770E2,8,2,0.5,0.5285624882915887,0
A3UR8MBDZSBB2,8,1,0.5,1.1323440026565028,0
A3UR8NLLY1ZHCX,6,1,0.5,1.7961754798818754,0
A3US5ZQU4A1FDS,8,3,0.75,0.7965621378715606,0
A3USFXB8EHZWV2,7,3,0.5714285714285714,0.8290897311305475,0
A3USWH19MW0BG9,7,1,1.0,0.5607746221257713,0
A3USXQ0SFFP22P,7,4,0.42857142857142855,0.9989489659362619,0
A3UTEDNLSJF3Y8,5,1,0.4,1.090861921548397,0
A3UTQJC81QEJIV,7,3,0.7142857142857143,0.7704106252978434,0
A3UTX46FT4FZC,6,1,0.5,1.1502675076353939,0
A3UU3FQHJKTD77,6,3,0.6666666666666666,0.7811174668058724,0
A3UUYTE3JNDOVY,5,5,0.4,0.8699999999999999,0
A3UV770ITVY68S,5,1,1.0,0.6336618357487923,0
A3UVXRXBQLH0Z1,7,4,1.0,0.7082188343057908,0
A3UWD7E7P9LXJV,8,4,0.875,0.7227352579730086,0
A3UWE1FEN3VFUF,13,5,0.8461538461538461,1.095967999182867,0
A3UXE1BG6RY52C,9,2,0.7777777777777778,0.9235477302533815,0
A3UXHE0P73PG1Y,5,3,0.8,0.5542384755499512,0
A3UXM1D3I5A0ZN,5,2,0.8,0.834829025200551,0
A3UXW18DP4WSD6,41,5,0.8292682926829268,0.5083748455364033,0
A3UXXGZ955DM55,13,3,0.6923076923076923,0.6871590566154405,0
A3UY2ZIAYCK4DQ,19,14,0.9473684210526315,0.6774679014858347,0
A3UY7XZZ7H9PLI,10,6,0.8,1.1411570368679527,0
A3UYBRB74RJFXB,31,3,0.5806451612903226,1.3930334929670791,0
A3UYJGCDON7FBL,5,2,0.8,0.7077625778993769,0
A3UYPEI27DC879,5,5,1.0,0.5861904761904763,0
A3UZ4DI04LV0GC,5,1,0.6,1.649251700680272,0
A3UZ4YPT0SM2SH,5,1,0.6,1.615877192982456,0
A3UZFW0JK0DJ2B,11,2,0.9090909090909091,2.1720172089123704,1
A3UZMJ2JPHF8SY,5,1,0.8,0.4894377844377843,0
A3UZOR226INB7H,9,2,1.0,1.1288581301739198,0
A3UZWI4MSU8QKB,11,1,0.9090909090909091,1.4739384808602762,0
A3UZWT71Q2UWHH,7,5,1.0,0.948070323070323,0
A3V0JSSESO1STO,5,2,1.0,0.9813419913419914,0
A3V0NS2UB8H0BB,10,4,0.8,0.8484014266372484,0
A3V0PEIMOBU8H5,5,1,0.8,1.4339285714285714,0
A3V10TJNFQM3ZG,7,1,0.5714285714285714,0.5373403747463898,0
A3V1F2LGDQE12E,8,8,1.0,0.9232050282172035,0
A3V1MV24OOGX36,6,2,0.8333333333333334,1.1000044091710757,0
A3V1T6WFSPV9CG,14,10,0.6428571428571429,0.9071639131843214,0
A3V21JUJFONHFN,5,5,0.6,0.6919815668202766,0
A3V2DRC1RRM8TO,6,4,0.6666666666666666,0.677142857142857,0
A3V2HN4WZXGFO9,7,6,1.0,0.9441861425954745,0
A3V3DZNPOC49H7,6,3,0.8333333333333334,1.156172839506173,0
A3V3E76MMO3XQB,6,6,0.6666666666666666,0.5820729854940382,0
A3V3QIO99RVBFU,5,4,0.6,0.48642857142857154,0
A3V3RLS3UJB4D9,6,2,0.5,0.3344058344058345,0
A3V3RQLNN5KFL8,8,2,0.25,1.1148763853367434,0
A3V3RVPM5XH01O,6,1,0.6666666666666666,0.9760302197802199,0
A3V3RX8OT98IJV,8,3,0.5,1.5968482905982906,0
A3V43343RY8C52,6,3,1.0,0.7738259551244052,0
A3V47Z0S4TC17E,6,2,0.5,1.0069478233166826,0
A3V4DQ1L3W6P8Q,5,1,0.8,0.9204278812974465,0
A3V55DVYU80LDS,26,1,0.6923076923076923,0.9010638149399205,0
A3V5GIEVJ2E5NW,5,4,0.6,1.2329598506069093,0
A3V5ORI6T49JOZ,9,2,0.7777777777777778,0.5659977631522347,0
A3V5UUVTM43S2Q,6,1,0.3333333333333333,1.366798941798942,0
A3V62HVAC3YVZC,5,1,1.0,1.210262819965567,0
A3V68RO7DD7IJB,6,2,0.8333333333333334,0.5162376807405135,0
A3V68SE6TOGK32,5,2,1.0,0.49773937176255245,0
A3V6KKG9N1EHCL,6,4,1.0,0.7750987978398532,0
A3V6NZYJGS5UAK,6,3,0.3333333333333333,0.9053088463995936,0
A3V6RB64N8IDIB,6,1,0.16666666666666666,0.343958233699984,0
A3V6Z4RCDGRC44,43,7,0.6976744186046512,0.738167917290191,0
A3V772MIKBBETE,7,5,1.0,0.6112861780109169,0
A3V77OX73MYEYM,12,2,1.0,1.860482681958839,0
A3V7CDBG8SDO6Q,12,4,0.5833333333333334,0.7263414899360906,0
A3V7G0CQ3P1I1B,5,4,0.2,1.3712857142857142,0
A3V7H58BH72AYT,7,1,0.8571428571428571,0.9863673214408857,0
A3V7HRQR1OQPQ7,5,2,1.0,0.7069206349206347,0
A3V7PWRZJP9DRN,9,4,0.7777777777777778,0.9268303954578463,0
A3V7TIQP76LTZP,11,6,0.36363636363636365,0.7810184401736092,0
A3V82A8JCDVYN2,11,3,1.0,0.9766437956518608,0
A3V8CMR9FM7IZH,9,5,0.6666666666666666,0.935064799555912,0
A3V8DDNLHFFPYS,11,5,0.45454545454545453,0.42177586000939676,0
A3V8P0O224OBDB,30,3,0.9333333333333333,1.0803845347082643,0
A3V8SZGX4VHDK9,5,1,0.4,0.6435816035816035,0
A3V95JQXQ00FLY,6,1,0.6666666666666666,2.243187830687831,0
A3V95X9W2MSZEK,5,3,0.4,0.8124242424242425,0
A3V96MUBN97A8Y,5,3,0.8,0.676111658456486,0
A3V9LHBRQZJLZ4,5,2,0.8,1.5927777777777776,0
A3V9PAH3MJULH,7,3,0.42857142857142855,0.881176070745507,0
A3V9VA2LVVXM0,5,1,0.8,1.1882787293652544,0
A3V9WR7O9GCQDC,9,2,0.6666666666666666,0.8276688453159041,0
A3VAFCEYGMFVRW,8,2,1.0,0.9754037467700258,0
A3VAHUFXKVQ4ET,7,3,0.8571428571428571,0.6644044709669867,0
A3VANVPTUJUIUE,6,3,0.5,0.5733448161624328,0
A3VAQB4LRWLZIZ,6,2,0.6666666666666666,0.4666372601081476,0
A3VAQJ0LHVA9EI,6,3,0.8333333333333334,0.344047619047619,0
A3VBC0KXTZJGLK,12,10,1.0,0.8121737384813041,0
A3VBDVGH06EPMA,13,2,0.6923076923076923,0.5748609797453059,0
A3VBJB69BAGE24,8,1,0.875,0.6827380952380953,0
A3VBMSRAWIY6S1,6,2,0.5,0.9119685990338163,0
A3VBXQKRM7A4JR,40,2,0.35,0.8597885065100035,0
A3VCACVA90GFT,8,2,0.75,0.6745250088370449,0
A3VCOPG1MJSL6X,8,4,0.75,0.5782540251290251,0
A3VCTDMWRDQLZM,6,4,1.0,0.3760845830718318,0
A3VCX6SB4WREFG,6,2,1.0,0.8910939184660661,0
A3VCZ0FTUSMX8R,5,3,1.0,0.5096565556863192,0
A3VCZYKQIIZPSY,13,9,0.8461538461538461,0.8429328989876577,0
A3VD2K03D71AUS,5,2,0.4,0.5274506556245684,0
A3VDC5IYVMK0NA,10,10,0.9,0.6009019941806828,0
A3VDJOQI6643D4,10,7,0.9,1.3385054347826089,0
A3VE9ONTVM7UTV,12,6,0.8333333333333334,0.531001750672984,0
A3VED9GZ59WUV5,9,1,1.0,0.8517719950249565,1
A3VFHUM2DOQB89,5,1,0.8,0.40007797270955187,0
A3VFKTWXI89UYX,5,3,0.8,0.52507215007215,0
A3VFL3F7ZEP42H,5,1,0.6,0.9427450980392159,0
A3VFLFVFC3K7L7,5,2,0.4,1.1807290962361956,0
A3VFQVAH039VXT,5,3,0.8,0.6075132275132276,0
A3VFR3DU6D8W7E,6,2,0.6666666666666666,1.0319444444444443,0
A3VG1RDWHEYK6V,16,6,0.5625,0.6049223885562814,1
A3VG5C8YHID0LM,5,2,0.2,1.4288941866862277,0
A3VGDP7B40MC0F,8,4,0.75,0.50236420556188,0
A3VGERAK44VQMT,7,3,0.8571428571428571,0.8047668716551579,0
A3VGP2NLDSEE8F,5,2,0.6,0.3403709327091374,0
A3VH5ONYTEHZ9V,6,3,1.0,0.9863864893276656,0
A3VI3A2G8Z9LD,5,2,0.8,1.0150103754008677,0
A3VIAJ48BGUQ2R,6,2,1.0,0.5184472793883462,1
A3VIXAZNPR8QS1,7,3,0.8571428571428571,1.7527609059877691,0
A3VJOJRTL2LQI2,8,5,1.0,0.47287035172885006,0
A3VK1L51BUTYM8,7,4,1.0,1.3561944008372577,0
A3VK8X8WHKHTXT,5,1,0.8,2.056432234432234,0
A3VKOWGFI7FU3Q,6,2,0.0,0.6952898119169467,0
A3VLRV3OMTS22N,6,3,1.0,0.6907333883341727,0
A3VLVOVWP2ZX63,21,6,0.6190476190476191,0.5388515222810457,0
A3VMDCADR79X1F,6,4,0.6666666666666666,1.7325657894736846,0
A3VMEIB7P4BL75,6,4,0.8333333333333334,1.3368055555555556,0
A3VMGMP00Y9VOY,5,4,0.6,0.4978325123152709,0
A3VMNLJNDP5GJU,5,3,0.4,1.1505704099821745,0
A3VNAKMYO27RFX,6,3,0.5,0.5073831743620472,0
A3VNIBTS23YXME,8,4,0.625,1.3031697183220776,0
A3VNN7KL0JN9HI,8,2,0.875,1.3614169351951306,0
A3VNWAPB2XTKFM,12,3,0.75,0.5001556892234097,0
A3VO0M0R2JZ0H7,8,1,0.75,1.123982111477274,0
A3VO38XMXZO13F,5,1,0.8,2.3129866070188116,0
A3VP6TKT6D8UKS,6,3,0.6666666666666666,0.9896700410868763,0
A3VP6VLK4IVVCP,5,1,1.0,2.132269752220664,0
A3VPFM3KVTM8GZ,6,3,0.5,1.072631268166212,0
A3VPYQGLFH9XAD,8,4,0.875,0.5967949894862378,0
A3VQ260CKD5X31,6,6,1.0,0.4628319038684892,0
A3VQ77Z5SI8ES7,17,9,0.29411764705882354,0.8469933673588694,0
A3VQA7DON9YTWO,5,1,1.0,0.5010942973238055,0
A3VQE9WTS0WGUR,9,4,1.0,0.779707514714827,0
A3VQFUAB6WQXMU,23,5,0.5217391304347826,0.5783913702939905,0
A3VQPNUVOH1OKI,8,3,0.875,0.806213772365518,0
A3VS22NB6W0358,5,1,0.8,1.0467929292929292,0
A3VS2CT8YN64L2,14,5,0.6428571428571429,0.7195096408217526,0
A3VS52146VFF65,7,4,1.0,0.7985110329883555,0
A3VS6IOPI47EC4,16,6,1.0,0.5564662160719522,0
A3VSHLS9K329RP,21,20,0.6666666666666666,0.6173467085073991,0
A3VSLX634BWQ9I,7,3,0.8571428571428571,1.3327413811688484,0
A3VT3GFXXM3LCL,12,2,0.9166666666666666,0.8258672613935772,0
A3VTN80U7FIZ5K,5,3,0.4,1.5792961876832845,0
A3VUUW8CQ0ICK7,5,1,0.8,1.0813427498659038,0
A3VV72QH3SHRN3,7,2,0.42857142857142855,0.6537465859101427,0
A3VV8NW2KDD1YD,5,2,0.4,0.8944862155388471,0
A3VVARA7BW5U3L,10,6,0.6,0.7374394987548076,0
A3VVBEKCAGIEPK,5,3,0.6,0.6031253283627777,0
A3VVERBE2JDBI4,6,3,0.3333333333333333,0.5982364629905612,0
A3VVFDWY855EEP,20,7,0.8,0.599550447342823,0
A3VVL9YV9GB8N,6,2,0.8333333333333334,1.679404832893205,0
A3VW15GKQB6LPD,7,2,0.42857142857142855,0.5745717658058205,0
A3VW2WTJS2B8S2,8,3,0.875,0.45226201658040005,0
A3VXFX9E5KL0LB,5,1,0.4,2.1103648732220157,0
A3VY0Y0J93ZO59,6,2,0.5,0.8885185185185186,0
A3VYDLL7WN5ZCM,7,1,0.5714285714285714,0.4358251504592968,0
A3VYE2ZBAJX54W,9,1,0.7777777777777778,0.888285795373918,0
A3VYM3NY7W4MX4,13,2,0.9230769230769231,0.2931778536535655,0
A3VZ21TZSRB4HC,6,2,0.5,0.4334472560182275,0
A3VZSX37QLKF68,6,2,0.5,1.583653557208324,1
A3W04G0GWQ9FSC,6,3,1.0,0.3933925071717952,0
A3W0QBWMP2V3K5,7,1,1.0,0.8590045237592675,0
A3W0YPC3VSUXYY,5,3,0.8,1.5302744321619095,0
A3W10PUF6P8IMV,5,3,0.8,0.7560975609756098,0
A3W1PWZ64LF7HV,5,2,0.2,1.0878262819387923,0
A3W22UEN8UJ3UV,7,2,1.0,0.5679682654746083,0
A3W246UFS9Z69K,10,2,0.8,1.0193428666614153,0
A3W2B4QKKVG8ZS,5,4,0.8,0.867148033126294,0
A3W2GML230S766,5,2,0.8,1.0178526309494442,0
A3W2R3ZXDHUJ75,9,6,0.5555555555555556,1.018400408596487,0
A3W2USMOUVP33,8,5,0.375,0.7288568182649404,0
A3W34JPK2MMQM1,6,6,0.6666666666666666,0.5608404085148271,0
A3W34TUQJD6GQF,7,1,0.42857142857142855,1.017809452034848,0
A3W3EZ9CVA2NFO,14,3,0.7142857142857143,0.7071637273060504,0
A3W3HF7ZQ45UWL,8,6,0.875,0.453338979860719,0
A3W3LC1O4TIK9Q,5,2,0.6,1.076219413385189,0
A3W3R3AAYXOOMK,6,3,0.16666666666666666,0.7240656668593964,0
A3W42RDSFZ8JRJ,5,1,0.6,0.7508155128669808,0
A3W4LI6NBHBJW9,5,1,0.2,0.9163361932459646,0
A3W4NLU1LAA153,5,1,0.4,1.7424698761730244,0
A3W4ZUQ4HGCIYV,5,1,0.8,0.7255165692007798,0
A3W530PAYA6XY0,6,2,0.8333333333333334,0.6976815776815778,0
A3W597SQT6AW1P,11,3,0.36363636363636365,0.8531426632217147,0
A3WAQEX5H4F3A,6,1,0.6666666666666666,0.5411700121418792,0
A3WFXFCLASQMP,16,2,0.625,0.8397794616685009,0
A3WZ86666UYVO,5,2,0.6,0.4157422454959123,0
A3WZMVT4ZMAT4,6,6,0.8333333333333334,0.7031590014923349,0
A3X2W3R9V3M09,7,2,0.2857142857142857,0.5399015973112505,0
A3X59FM57CGNG,8,3,0.25,0.7803724053724054,0
A3XBWFQEPGC,9,3,0.6666666666666666,0.6873004103486005,0
A3XD7HLD4EEBY,6,3,0.3333333333333333,1.087037037037037,0
A3XDIM0VN7CQR,6,4,0.8333333333333334,0.45778635778635773,0
A3XGHG3XSPSWJ,13,11,0.38461538461538464,1.192654901606344,0
A3XIG9JBA4B2K,5,2,0.6,1.3209817064655773,0
A3XMQ7TF7EB1S,5,3,0.6,0.8844816053511707,0
A3XP79CF1HOVM,5,1,0.6,1.7959577677224736,0
A3Y1704RKF2OL,5,1,0.6,2.2082142857142855,0
A3Z7M3KBLHOH,10,4,0.7,0.31069662097587153,0
A40FHA1I9PYF8,5,1,0.6,1.2061380406671887,0
A40H8OV831NRP,11,1,0.36363636363636365,0.7201654945935347,0
A40IV5Z4RILSC,5,3,0.4,0.9244379399699956,0
A40JKC4FZMPGI,17,12,0.8823529411764706,1.039732263234547,0
A40UTSS993WSK,16,4,0.875,0.790112421634038,1
A4179VTCQWILS,9,2,0.8888888888888888,0.7197708625244856,0
A417SZZ6IWQI3,6,2,0.3333333333333333,0.5443873256373256,0
A41OY4NQ4Z98U,6,2,0.8333333333333334,1.1905402059813823,0
A41R0AZODNX91,5,1,0.2,0.42459488642555004,0
A42HINFMHFB9C,8,2,0.875,0.6550524056118332,0
A42PJ9K10RLMT,8,2,0.75,0.7416104728604729,0
A42TAR55F3LTS,9,3,0.8888888888888888,1.0236961381698224,0
A42V0WLOUSA9P,9,2,0.8888888888888888,1.132179802596797,0
A430A53XNWCIJ,6,1,0.6666666666666666,0.7898408765420042,0
A43ATVS5VPJKB,9,1,0.7777777777777778,1.2218703853913189,0
A43FW1GMI9FZC,7,2,0.8571428571428571,0.6248964595993537,0
A43Q42VMUAWG4,7,3,0.7142857142857143,0.959491239466609,1
A43QDXPU9PW9G,5,2,1.0,1.1003100775193801,0
A43YX2KSCNE09,5,3,0.8,1.4962662337662338,0
A441JEIQ80ILP,5,3,0.0,0.6153361344537814,0
A44UKZE6XEV9,9,1,0.5555555555555556,1.2164473894810974,0
A450WKBT9ZIM,23,9,0.8695652173913043,0.8377880428054523,0
A45AGODHSB6G9,5,2,0.8,0.8151101928374656,0
A45QFXJXNKNOQ,5,2,0.8,1.1964285714285714,0
A45XNILIQC839,6,3,0.5,1.42035470834754,0
A46BVNKYZZ0DD,11,2,0.45454545454545453,0.7329715758434294,0
A46VYCWWIGDIV,5,2,0.4,1.2160877063316087,0
A471O6OGIQ8VU,6,3,1.0,1.0137909878863824,0
A473NG4FPX47O,6,2,0.5,0.47488284202569925,0
A47CI1YQRFEVN,6,2,0.3333333333333333,1.1821273291925467,0
A48105KAFLYI6,5,2,0.8,0.49150550516377456,0
A48CUUP3YUKOC,5,2,0.4,0.7441269841269842,0
A48HQD0ND9BZL,10,4,0.8,0.7419680100844485,0
A49BMCWB3NTT5,5,3,0.2,0.5877332144979204,0
A49SZ0LCRA0RV,5,1,0.8,1.0534920634920635,0
A4A6MLFG9MOK5,6,3,1.0,0.5607005390216894,0
A4A6REIF6F23V,5,1,0.6,0.9700055416281831,0
A4A9CR4EPHFN2,5,1,0.2,1.8733416479136729,0
A4AF29Y2BHYEY,12,3,0.6666666666666666,0.8771944927424232,0
A4AJEM576CYBZ,5,1,0.2,1.4996926138876605,0
A4AN73D43RO1B,5,1,0.6,1.8193727562148614,0
A4B6ZBXLRRIHZ,6,1,0.6666666666666666,0.4983091459099304,0
A4BA6M0HBU56A,8,3,0.625,0.778358915589519,0
A4BFMYO9VC2FR,9,8,0.6666666666666666,0.893063878434385,0
A4BUMGA3NN9GU,6,4,0.6666666666666666,0.6428351309707242,0
A4BW957GKIJUM,14,3,0.7142857142857143,1.1191475810371885,0
A4BY23UXAZUWI,5,2,1.0,0.2724742587429153,0
A4C3SCYZUJWSG,6,2,0.5,0.8130486447900437,0
A4CD5NJD5GA25,5,2,0.0,0.7588095238095238,0
A4CNZJC77AIRY,6,2,0.5,0.7328314659197012,0
A4CVTJ2LMTDKG,7,5,0.5714285714285714,0.8143494946564002,0
A4DIZP2S9FPCK,11,4,0.6363636363636364,0.6401326699316635,0
A4DT7GWEURSW6,5,3,0.8,0.9475181648952141,0
A4DVTFHDRJJC5,7,1,0.5714285714285714,1.7575475249388293,0
A4DX9KMMZ9WLS,6,1,0.5,2.1194801084249644,0
A4E0I88T1MS4O,8,2,0.625,0.5417864984386307,0
A4E3ODS197TD3,7,3,0.42857142857142855,0.8762363961978233,0
A4E9H23O2Q9SR,24,7,0.7916666666666666,0.46281205980675927,0
A4EHTR4LKWPW3,6,2,0.5,1.0237776112776114,0
A4EKU9GUHI3BB,6,3,0.5,0.46775311756003995,0
A4ERQV4ZQDWVT,6,2,0.6666666666666666,0.5837657170688022,0
A4ETDBJYSJEUZ,7,2,0.7142857142857143,0.6696522463606042,0
A4F5EXG9A3P78,11,2,0.45454545454545453,0.5127984144515724,0
A4F9T7K5B5AKK,5,1,0.0,0.4429006589379013,0
A4FLWKIVU6HC7,5,4,1.0,0.41261904761904766,0
A4FRO4ZM0C8HM,15,4,0.8666666666666667,0.6399872650206231,0
A4FT1XK3VSOB3,11,8,0.6363636363636364,0.956082493943644,0
A4G51W9PC7TJL,8,1,0.875,0.9922252609752611,0
A4G62S1VYQ3VG,7,7,0.8571428571428571,1.0989677293024371,0
A4G733AN36ARX,5,1,0.6,0.45398989898989905,0
A4GY0PTRX9QQQ,7,3,0.42857142857142855,1.0330305324049929,0
A4H5BAIBHIGDD,14,4,1.0,0.5438632061017906,0
A4HITS9OE53AA,10,3,0.6,0.4022212165990629,1
A4HT7FH6PGPV6,16,5,0.625,1.8243591552828144,0
A4HVZEGJORF4Z,7,2,0.42857142857142855,1.505346700083542,0
A4IFS6HW8MS1L,20,5,0.9,0.5404514158861868,0
A4IMHV1ECJG2G,5,2,0.8,0.6831277056277056,0
A4JD7DJC94VPR,5,4,0.4,0.6844844844844846,0
A4JZKOBW6S8CP,7,2,0.5714285714285714,0.44726784443703455,0
A4K8B7I6RC1GW,10,3,0.6,0.9354460307871543,0
A4KIYRMFSXGEY,9,4,0.5555555555555556,0.8294020385932152,0
A4KOQMKRM3DU4,6,3,0.3333333333333333,1.8708741416188224,0
A4KVL7NBTJEUH,5,4,0.4,0.8007343221441584,0
A4L6LXZG711CG,10,3,0.5,0.5042748538011695,0
A4LC2671SUPT1,5,2,1.0,0.4649624060150376,0
A4M2EHKT0Y7T6,5,5,1.0,0.28610833610833597,0
A4M8IQFCNUUU1,7,5,0.42857142857142855,1.1789804756919033,0
A4MITR1JLMU4F,5,3,0.8,0.8927647907647909,0
A4MJN3KW9UQSD,5,2,0.8,0.6965100250626566,0
A4MR0PYNBLHJ,8,3,0.375,1.4560121183548997,0
A4N1S4TIMG9ZR,6,6,0.3333333333333333,0.6454877455452167,0
A4N2VK9DYK2JQ,6,6,0.8333333333333334,0.6106575963718821,0
A4N7V27LJPYQM,5,4,0.6,0.47860153256704974,0
A4N8LGB5CXGMT,6,2,0.6666666666666666,0.4466012064696276,0
A4NBM4A8ZND0S,5,3,0.6,0.8813852813852815,0
A4NRNOKZAZMZC,6,6,0.5,0.6628721093240866,0
A4ODWP5ICN23N,5,3,0.8,1.0852661064425768,0
A4OPNK2K0EDLG,20,2,0.45,0.5120254376577721,0
A4OQ4ZU7JJLH0,9,3,0.5555555555555556,0.8228534472582091,0
A4PAWL8DBZ8P1,5,4,0.8,1.1662179487179487,0
A4PEKQQD7XZ4F,5,2,0.8,0.6248322289265943,0
A4PNU6ZE85B96,5,1,0.4,1.6198925464779124,0
A4Q1AC81B9TO4,7,2,0.5714285714285714,1.1087797609193402,0
A4Q4J7X9WMYDX,6,2,0.6666666666666666,1.2322984749455337,0
A4Q65S8MUUMY5,5,2,0.2,0.9160457516339869,0
A4QCYNKAT2UN,11,2,0.7272727272727273,1.7968273449130527,0
A4QFND00RDEH5,5,1,0.8,0.8595970695970696,0
A4QHA5ZKH6DYD,8,4,0.5,0.7920858577096901,0
A4QVHCWC1RD7D,9,5,0.5555555555555556,1.0277688880208926,0
A4R0K0K8OWHYB,12,3,0.75,0.848344234384561,0
A4R0P9O20UQN4,5,2,1.0,0.6561437014997387,0
A4RDE2GAAYGA1,5,2,0.8,0.8865322580645161,0
A4RHCT4A10OXR,5,3,1.0,1.0606396823427433,0
A4RIBNWMELKIG,9,3,0.6666666666666666,0.6559822473988208,0
A4RIDHWMZMTC8,6,2,0.6666666666666666,1.0087185709912982,0
A4RKKE3CJE588,11,3,0.9090909090909091,0.817126422493779,0
A4RMYVRMYOU7D,10,4,0.8,0.9906556751355511,0
A4RSDNO8QY35N,5,1,0.4,0.7741433634116561,0
A4S62AASPV1RK,6,3,0.8333333333333334,0.21420300566642045,0
A4SCKVU6SM223,8,3,0.625,0.9008928571428572,0
A4SD8F79JBYG2,21,2,0.38095238095238093,0.4460328813123844,0
A4SIT9HM6BKWW,7,3,0.7142857142857143,0.4117090303468584,0
A4SOCDD3YVH83,5,2,0.8,1.227277364212848,0
A4SOQCD2P0N0R,5,5,0.8,0.9083396801218584,0
A4SXWAK9P6G63,5,3,0.8,0.5328732563732563,0
A4TMXOVCB07RX,8,1,0.125,1.6869160324857615,0
A4TQD3WTCN7JG,5,1,0.8,1.3395484254307786,0
A4TXDGMX5CYJQ,5,1,1.0,0.6347020933977456,0
A4U27URFECK1U,48,2,0.3541666666666667,0.5996919342914661,1
A4U952S4FN0T9,8,3,0.375,0.764768482024955,0
A4UB0QAQF83R8,5,2,0.8,1.0035556526382212,0
A4UB2G1A52XLV,5,5,0.6,0.6327700077700077,0
A4UFU4WKYEUGO,20,1,0.7,0.7702218614718614,0
A4UGMKUSX9XHI,62,3,0.8548387096774194,0.5924829260273616,2
A4V3MZPLN3XUU,5,1,0.4,1.4523809523809526,0
A4V63DQQ4ROHX,7,2,0.7142857142857143,1.4802456070717775,0
A4VAE3W39G7IX,6,1,0.6666666666666666,0.6512528534267665,0
A4VKGG2E47CR4,6,1,0.8333333333333334,0.8921809897419655,0
A4VM54X0QV30W,5,2,0.8,0.6729166666666666,0
A4WCB01IZPU5C,12,1,0.3333333333333333,1.1797986092228365,0
A4WCI1XNXGSA3,6,2,0.8333333333333334,0.5861695287383362,0
A4WOKTVA4HST9,11,7,0.8181818181818182,0.9346176395061879,1
A4WUBX3LGT8FY,5,2,1.0,0.6224209799861973,0
A4X357Z0AJY8A,6,1,1.0,0.9435340168676167,0
A4X3DZ41QN5BW,9,2,0.7777777777777778,0.6801187084520417,0
A4XCTN5YLC89U,9,5,0.5555555555555556,0.5407140157898499,0
A4XF0Z4VW0QBP,5,2,0.6,1.5682378357366584,0
A4Y347HDC5PL5,5,3,0.8,0.505366119258654,0
A4YEJSFAN8RP7,12,4,0.5833333333333334,0.5800987501967892,0
A4YH7UXJVXPMO,11,9,0.5454545454545454,0.5799264841371158,0
A4YKENOECESBL,7,3,0.42857142857142855,0.5564858422001279,0
A4YV49T8Y0X94,6,1,0.3333333333333333,0.38888027859656765,1
A4Z12I3D81BK8,15,12,0.9333333333333333,1.1059197174876794,1
A4Z7AYP2KIPVZ,16,5,0.875,0.5598883177008177,0
A4Z9FWK2J34BP,12,3,0.8333333333333334,0.7822215252495459,1
A4ZELSQCE9GRB,5,1,1.0,0.7705916305916306,0
A4ZP6L59MJJ16,8,3,0.875,0.6407829153166642,0
A4ZPR1AI15ZHM,5,5,0.8,0.5399802819678594,0
A4ZS9Q2RHBTJQ,7,3,0.8571428571428571,0.7324612585482152,0
A4ZZ6E1Z2JVZY,8,2,0.5,0.6019512013885226,0
A50EKG08BL5DE,5,3,1.0,0.23610144927536236,0
A50WVRL15SP9U,7,2,0.5714285714285714,0.8395794681508969,0
A513VEBQYIFTV,5,2,1.0,0.781212121212121,0
A51455EJUUO5D,5,5,0.4,1.0216832779623477,0
A51DA3QCP4OL2,7,2,0.8571428571428571,0.42539666638043727,0
A51FILOGPFMUX,5,1,0.6,1.3566666666666667,0
A51GV4F3AHVUF,6,2,0.8333333333333334,1.6485029785029786,0
A51O4THXIPGSU,16,7,0.5625,1.3778560246505358,0
A51TSKKQAA3ET,12,5,0.9166666666666666,0.8025008805980685,0
A523Y3LMTBY5Y,6,2,0.3333333333333333,0.8991699679305792,0
A527S9S9AMALU,5,1,1.0,1.5155906593406594,0
A529YUMB096DX,5,1,0.8,0.7377622377622378,0
A52CNGFJTZZM4,7,3,0.7142857142857143,0.6967663060089248,0
A52X1I4UT56KL,5,1,0.6,0.5857142857142856,0
A52Y39SZ0HMRX,11,2,0.8181818181818182,0.8511109750807839,0
A53LYHZR1J8OS,6,6,1.0,0.5098198447255053,0
A53VN3M2TZT8C,5,2,0.8,0.5946484397868979,0
A54CXMDHKSQ4T,5,3,1.0,0.575,0
A54GN0U250O8M,6,4,0.8333333333333334,0.9036041167620116,1
A54NEOWDRAFW1,13,2,0.23076923076923078,1.1804016283139456,0
A54S9CIUV5VNB,67,5,0.5970149253731343,0.5365419889613562,0
A54TDQ0KJ0HJE,5,1,1.0,0.5974747474747476,0
A54WV030WSMJY,9,3,0.2222222222222222,0.6080157934176847,0
A55PCTJ6NINET,31,2,0.3548387096774194,0.5884356281291471,0
A55Y5PYGB7CTX,5,1,0.6,0.9118434343434345,0
A5640GELN9X9X,5,1,0.8,1.2758478776125837,0
A56IAIR71TPP5,25,2,0.4,0.8328796930068253,0
A56LFTL0JT23D,6,3,0.5,0.9793407128933446,0
A56RRRF6TIBLB,5,4,0.8,0.9686607427660061,0
A57QS8CXFWMV5,7,2,0.5714285714285714,1.3044862772695285,0
A5834FSAH2HZQ,13,1,0.6153846153846154,1.0810393521908426,0
A58437AUQICZF,24,4,0.9583333333333334,0.6325437930268757,0
A58F10T4OE58C,16,1,0.375,0.860931352283743,0
A58HWDUOYBE80,8,4,0.625,0.6904326943904434,0
A590KWYVGQTFN,6,2,1.0,0.5713282342401599,0
A599O3M1DJKUR,15,9,0.8666666666666667,0.5865066295715647,0
A59BC7H4T874H,6,2,0.16666666666666666,1.2068803110469777,0
A59JQ3SGRVIB0,5,3,0.6,0.35796252927400474,0
A59KQVAYG5CXP,7,3,0.8571428571428571,0.4416357452071737,0
A59NGBUI2VYZS,8,4,1.0,0.43475200427644656,0
A5A8ES4SE0P6R,5,1,0.6,0.9856438135507901,0
A5AHQNQAHYQKI,5,2,0.4,0.6240451703972574,0
A5AZ67NUDZISA,5,4,1.0,0.6282916530456575,0
A5BBX79MTKHQ4,5,1,1.0,0.37716049382716044,0
A5BFBXMYI5JEN,5,2,0.6,0.6868908382066277,0
A5BLA0D9TRCL,7,3,0.14285714285714285,0.8586891924933894,0
A5BUHKHEV2XHN,8,2,0.875,0.41668268778731676,0
A5CX0CH4F41RF,5,2,0.6,0.6938934426229507,0
A5CX29PQEAKAX,7,5,0.8571428571428571,0.8111361402798666,0
A5DJONXRNID33,6,3,0.8333333333333334,0.9301587301587303,0
A5DLLWALGN44L,5,2,0.8,0.6291316526610644,0
A5DNDIWL0SW37,8,3,0.625,0.6127146326679925,0
A5E89BNDLFGBY,6,3,0.16666666666666666,1.5525974025974023,0
A5EZ4HIONOTRB,5,5,0.6,0.775320512820513,0
A5FNO2P7JHGZ,13,3,0.07692307692307693,0.5446544793999427,0
A5FZF3K6MBD65,7,7,0.7142857142857143,0.7206574460022735,0
A5G0OFSQYPK26,11,4,0.5454545454545454,0.46989828499805364,0
A5G21E8OCXITS,6,2,0.3333333333333333,0.908119658119658,0
A5G3GY4XV6E7A,17,7,1.0,0.8432768239877794,0
A5G6IZ7F2B7XA,5,1,0.8,0.8965392502234606,0
A5G7TBRTBSLRU,6,2,0.8333333333333334,0.5178366370471635,0
A5GGNXJS00EM8,6,1,0.8333333333333334,0.442887225495921,0
A5GPH59NDWJRB,39,2,0.41025641025641024,0.6604273197847466,0
A5GTSRKAQOFJ0,6,4,0.8333333333333334,0.7109740898887541,0
A5GZNZM1TGETA,6,6,0.8333333333333334,1.9966226076494584,0
A5H5RINYG5QWR,9,2,0.3333333333333333,1.6457137120926335,0
A5H6NKS0797P4,7,1,0.8571428571428571,1.516810146780421,0
A5HGRRYG905RR,10,2,0.9,0.390283042247328,0
A5HPJMT2HIXBE,5,2,1.0,0.5170175438596492,0
A5HQFPD9LC8PK,5,2,0.2,0.6019039499857912,0
A5HVB143T35CE,8,2,1.0,0.7692293693793306,0
A5I2OROFJ0UMQ,6,3,0.8333333333333334,0.7236467236467238,0
A5IB4TLAEY7SU,7,1,0.14285714285714285,0.42507439349751464,0
A5IDSJ659KFU6,5,1,0.2,2.1636421166827384,0
A5J8IRAJ89NRX,7,6,0.7142857142857143,0.8894024119574685,0
A5JFMRT6DTZQT,5,2,0.8,0.4946173864920473,0
A5JJMC4D2L18D,6,5,0.8333333333333334,0.5810536924761062,0
A5JLAU2ARJ0BO,123,6,0.5691056910569106,1.1701746232764736,0
A5K5DIDKAML5C,25,2,0.56,0.6298332653615242,1
A5KBC6M1KUIC8,5,2,0.8,0.6421455356237964,0
A5KG8KBOKE8BG,5,3,0.4,0.624846830451926,0
A5KMMY627T3W,76,4,0.75,0.7556344459827391,0
A5KNGKBC9ZEN2,11,2,0.8181818181818182,0.4591940477768672,0
A5KVLN94M3U1V,5,2,0.8,1.2184633399387497,0
A5KXS242C761Q,10,4,1.0,0.7871358213764572,0
A5L34G2P8LQKJ,5,2,1.0,0.7652254641909815,0
A5L3659SM6PYG,7,1,0.2857142857142857,1.018101673101673,0
A5L8M7EBZG7IV,8,2,1.0,1.2919264015285932,0
A5LG9E00VDCGH,7,2,0.8571428571428571,0.9231163784260007,0
A5LHM8M30C5EA,9,9,0.7777777777777778,0.8075138677207373,0
A5M6G3QLLXBVF,5,2,0.4,1.2175903898785625,0
A5MHUYJHLUC99,14,8,0.35714285714285715,0.6352798169053876,0
A5MXNEKQSVHEG,8,3,1.0,1.9373227236823207,0
A5N0QU8JBRVQQ,21,3,0.8095238095238095,0.6261584682882873,0
A5N5DEJ0ZBU8V,5,2,0.2,0.5882496782496782,0
A5N5YI3VZM00H,5,2,0.4,0.8806471467510771,0
A5NNN4CXDDEYB,5,1,1.0,0.5668905892939888,0
A5NNSSZRMVFMJ,6,1,0.6666666666666666,1.8581032597893063,0
A5NPTG4QQU9JN,5,1,0.6,1.435064935064935,0
A5NPZGROYFVIX,5,2,0.8,0.7709539629805409,0
A5NTWG8GTXO88,5,1,0.8,1.7369230769230772,0
A5NYUBEKXFLX5,10,3,0.4,0.8611459941620406,0
A5OAWF1PUIC93,11,1,0.18181818181818182,0.8260013345072871,0
A5OF2KARX7J5U,6,2,0.6666666666666666,1.0742784992784993,0
A5OY9OA1Z2P6T,14,2,1.0,0.5268737116580147,0
A5PE58QC7H2M3,8,3,0.375,0.45079898901400617,0
A5PEVCGMRAITO,6,2,0.6666666666666666,0.5411740495073828,0
A5PL1JVHV5V31,9,3,0.8888888888888888,0.4882044656695034,0
A5POZKK5JOL2M,8,3,0.75,0.6404546452845894,0
A5PSNCI685HGL,6,2,1.0,0.5016796910171203,0
A5PYEJWN7FS1S,5,2,0.8,0.1906839438900274,0
A5Q6TAWM1YOFI,8,2,0.875,0.8919455218373298,0
A5QDFTKL2AJJ5,5,1,1.0,1.4446425034660328,0
A5QTF6GMCTE04,5,2,1.0,0.8345203183912862,0
A5QVKA6XGNNES,5,3,0.4,0.975688684075781,0
A5R8IN688K7A2,6,5,1.0,0.6950596816976127,0
A5RM7VF99O19G,6,2,1.0,0.7458052319306581,0
A5RMME9GIC2T2,6,2,0.6666666666666666,2.4948522927689596,0
A5SF5XIV42MW5,10,2,0.5,1.19076402497758,0
A5SIBQZJ2G8YL,17,1,0.5294117647058824,1.4424659695672368,0
A5TD6SGRF5786,5,1,1.0,1.8525243215565799,0
A5TDOCTCGY19V,7,2,0.8571428571428571,0.6215454202989691,0
A5TKLXLIR9R8W,5,4,0.6,0.6942877585542915,0
A5TS1Z9S7PD5Z,5,2,0.8,0.5014463998159651,0
A5U5JJ8HXPLMP,10,4,0.7,0.4309854732097548,1
A5U5T6EWH90O0,18,2,0.4444444444444444,0.8841236313937464,0
A5U6BUMPQ8TKF,5,2,0.6,0.599326051260084,0
A5U78TECINI9K,6,1,0.8333333333333334,1.1000940780352544,0
A5UFS2KBEGYFN,5,2,0.8,0.7035179370738949,0
A5UG32NSZEL30,5,2,0.8,0.4840659340659341,0
A5V4PMU0M4ILG,6,1,0.5,0.9185897435897435,0
A5V97TZZOSUUK,13,4,0.38461538461538464,1.225154012674179,0
A5W21FCENJQ4Q,5,4,0.6,0.8785394504164025,0
A5W5LJNL3UOFG,8,1,0.375,0.6668489405331511,0
A5WRKFUY16F17,5,1,0.6,0.8596962275452003,0
A5WV6BV9Y5RB8,10,4,0.9,0.6403327919660673,0
A5WXMP1BROF0J,22,5,0.8636363636363636,0.4793740245338985,0
A5X1B2HBQUR3P,18,3,0.2777777777777778,0.46330552755865934,0
A5XN61891R13P,9,3,0.7777777777777778,0.5501884114079236,0
A5YBNNSWA9LEM,5,2,1.0,1.1081578947368422,0
A5YBU9HNQ9TZ3,7,3,0.5714285714285714,0.34754340407331596,0
A5YBZQ14BWDCR,12,10,0.75,0.5977184682568653,0
A5YRYCYXQRJ8B,5,5,0.2,0.29062091503267984,0
A5YWF3BZZYR95,10,1,0.8,2.0526930280916815,0
A5YWJ2DTETQRO,6,1,0.8333333333333334,0.38698172198172215,0
A5ZT2R76N28PZ,6,2,0.8333333333333334,0.8162279086892488,0
A5ZW1R47LT4HM,17,3,0.8823529411764706,0.5963659159848517,0
A608AREVHD95E,5,2,0.6,0.7858417508417508,0
A60A31DFFUMAW,5,3,0.8,0.6393827425707125,0
A60D5HQFOTSOM,7,1,0.7142857142857143,0.9283348037364405,0
A60QQU4N5MJ2S,5,2,0.6,0.9514975845410628,0
A611J1TAB1VGT,11,3,1.0,0.6408571490093292,0
A6156ZBTAIOOO,5,1,0.8,0.8563751668891857,0
A618OXK15BZR2,12,2,0.5,0.7614075353308906,0
A61D3JICC4XKR,9,4,0.8888888888888888,1.388157894736842,0
A61DKOMPGIXH,8,4,0.75,0.9253319492001999,0
A61FS7L32ZCWC,11,4,1.0,0.638248704157795,0
A61SNNE29VSVG,11,2,1.0,0.5827721582590528,0
A61WIKEMXXMIP,5,4,1.0,0.3253074866310161,0
A62CTOSCWYNKD,5,2,0.6,0.5404553186236878,0
A62H8RHR7DNPM,5,2,0.6,0.6994829890335305,0
A62R496DI8W34,8,2,0.5,0.8624187293721408,0
A639SSAX07GJK,9,4,0.6666666666666666,0.7066498316498316,0
A63GSML234W5B,5,1,0.6,0.5945054945054944,0
A63MK7CF9BCN0,8,3,0.625,0.6050593671757973,0
A63Z02K7Y6DI0,5,2,0.2,0.9923809523809524,0
A64A14YBQOD2H,20,1,0.75,0.9373865990102133,0
A64C9PCOGYIEY,9,6,1.0,1.3940145502645502,0
A64EG33PLEGLP,10,2,0.3,0.6387004811623552,0
A64VV64H3KKYQ,5,1,1.0,0.6144707699481262,0
A6523LMB2930M,5,1,0.6,1.1111801242236026,0
A6577W0IEUMA2,9,7,0.1111111111111111,0.5976410058031796,0
A657G6UZGX5H1,7,3,0.5714285714285714,0.40877126749219767,0
A65AWQ5U0H98T,8,3,0.5,0.8339564306179215,0
A65VEN5RKAEA8,5,1,0.4,0.5261288628862887,0
A65ZZAYUKMWC1,5,1,1.0,1.107878787878788,0
A663IHPPCBF4I,5,2,0.8,0.899546925566343,0
A66G347VX35WW,5,1,0.8,0.5996404590694795,0
A66G3VKBFTXLT,5,2,0.8,0.4258776486671225,0
A66HGFENQO4IG,13,3,0.6153846153846154,0.567981460405113,0
A670I74M0ZIMA,6,5,0.5,0.4103081058726219,0
A677SAWN907Q4,10,3,0.8,0.5684008721235112,0
A67EXHR7TTEX,8,6,0.75,0.23892407991269216,0
A67S8FWOZQYMA,7,2,0.7142857142857143,0.7470005473453749,0
A67ZYQ0GIF1S3,5,2,0.4,0.7096202043570464,0
A682VSB1KBA5R,7,2,0.8571428571428571,0.6663643821918,0
A685QH4I53XJL,5,2,0.4,1.4525396825396826,0
A68I27YTWAHAY,17,15,0.8823529411764706,0.5702056178517791,0
A68K0JCWEACRI,13,2,0.7692307692307693,2.161380691342041,0
A68S6HCI1SALX,10,2,0.9,0.6877619611210942,0
A6910CDX3JK92,5,3,0.6,0.7221256038647342,0
A691XU34BVWME,7,2,0.14285714285714285,1.2948148224807166,0
A6975NKAWMCOY,15,6,0.8666666666666667,0.7835472731403903,0
A69LKULD5QF0K,7,1,0.42857142857142855,1.9945561310253963,0
A6AJPZK7QIOUF,7,2,0.7142857142857143,0.46200528103247834,0
A6AOKU1LXS59S,8,3,0.875,0.44856809856809843,0
A6AXA6U8WIXC3,5,1,0.2,0.29935759393030753,0
A6B53E1Z258WX,15,4,0.6666666666666666,0.7737865758654116,0
A6B9NE4KUM75I,7,6,0.7142857142857143,0.7404751110621268,0
A6BJCVLQ54ZYU,12,2,0.75,0.6551989994391955,0
A6BJWBPA4P2S4,9,3,0.8888888888888888,0.5027842609208311,1
A6BMK5LUK71M0,10,9,0.6,0.8619568485701489,0
A6BPKZG60HQLK,8,2,0.5,0.6748407653627158,0
A6BPVS5UMMWVH,5,3,1.0,0.9230994302140548,0
A6BTPZ102XJGE,7,4,1.0,0.6855474703542619,0
A6CAYJIV2Z9B2,10,2,0.5,0.8636779448621553,0
A6CDFN0DTACXV,7,2,0.8571428571428571,1.1153223228616385,0
A6CES41QW3M2A,8,3,0.875,0.3960486817104464,0
A6CKFRLTL3E41,5,5,1.0,0.4722751322751323,0
A6CXO60VYUKL9,15,3,0.7333333333333333,0.6804652343289416,1
A6E0C8SL7Q9TG,6,4,0.6666666666666666,0.6552739229369665,0
A6EICNVQEW4EV,10,5,0.7,0.8713166290954308,0
A6EIGEXEYDK8E,6,3,0.3333333333333333,2.0627357211023085,0
A6F2N4ZICYHTU,7,2,1.0,0.5065508055190023,1
A6FGKXU6ZPW64,8,3,0.875,1.0047697094572094,0
A6FNS064DS223,9,2,0.7777777777777778,1.180381993206798,0
A6FR266LGUHQR,5,4,0.6,0.5125681725681726,0
A6GDUWATWOH8B,5,2,0.8,0.670845039018952,0
A6GNN25N3M7E9,14,3,0.8571428571428571,0.4402134008783504,0
A6GO2J8IDHEFV,7,1,0.5714285714285714,2.031813824430871,0
A6GZN55F1X4TW,9,2,0.6666666666666666,0.7112015542002754,0
A6H29NLU11YOQ,5,1,0.6,0.5539283680547852,0
A6H419V7I87CF,5,3,1.0,1.1865134099616859,0
A6HBQF4IJL4PB,5,3,0.8,0.7330827267414058,0
A6HJRWK8DNLGP,6,1,0.5,0.6992041039463309,0
A6IARH52O77RB,5,3,0.8,1.2066666666666666,0
A6IH4MLEBCR03,8,2,0.375,1.222376816318927,0
A6IWFS5DRX4I5,8,3,0.375,1.0085961680648494,0
A6JFU52LM12T8,5,2,0.2,0.18461290432067337,0
A6JQT8CK2RWLH,5,1,0.8,1.5470577809287487,0
A6K6N2LXDS32B,12,4,0.6666666666666666,0.6779743929712824,0
A6KOZNBOASGHK,6,4,0.8333333333333334,0.5691583445517083,0
A6KS978KER7LE,5,1,1.0,0.7759172521467603,0
A6KZ9YPZOWL46,5,3,0.4,0.7017546791443848,0
A6L4TRWZU8XHF,8,2,0.625,0.8359131217631937,0
A6LB5TKEDDCC8,7,1,1.0,0.955030617353208,0
A6LL1EV6YK3DO,5,3,0.8,0.457674089784376,0
A6LV4NK1MQAN7,6,2,0.6666666666666666,0.8829423143268481,0
A6M0NRI5OC4Z0,10,3,0.8,0.5614404918752746,0
A6M4N31LHHZUA,8,5,0.625,0.5577771251238496,0
A6M5U2YWC3YFF,7,1,0.5714285714285714,1.4292447727230335,0
A6MAV9H0KDLA9,5,1,0.4,0.9443628987645216,0
A6MDKR51KQWUF,6,2,0.6666666666666666,0.6626424501424503,0
A6MEH8UAL56XE,6,2,0.6666666666666666,0.5501763668430336,0
A6MKAZKUCUWYH,9,4,0.4444444444444444,0.7490853013141295,1
A6MZY30UK8FZ4,7,3,0.14285714285714285,0.7222667563247273,0
A6N6FELD4DTW3,7,5,1.0,0.7319217041252365,0
A6N8YJNAGKS50,5,2,0.8,0.40070707070707084,0
A6NEEUV9QWV1H,10,9,0.7,0.44056943132972853,0
A6NGURBNLLVTI,5,1,0.6,0.4917479423402769,0
A6NQN8TY3VDOR,5,1,1.0,0.6754147812971342,0
A6NZMIOJXTBW6,6,4,0.3333333333333333,1.090911513859275,0
A6O6DLR6N3FO3,5,5,1.0,0.6723540826989103,0
A6OCU7DV3NYL3,5,2,1.0,0.6421212121212121,0
A6OKB19K5L1K9,6,2,1.0,0.5065302144249512,0
A6PBOLHOT13X9,5,3,0.8,0.9016167492638081,0
A6PGY3XAJSYH2,26,2,0.5769230769230769,0.8131018067951689,0
A6Q7WKH6CXPLO,13,2,0.6153846153846154,0.6854294963645494,0
A6Q8YZ8FQVD97,9,8,0.5555555555555556,0.8982139920542913,0
A6QOYC72C3XVV,5,3,0.4,0.588796296296296,0
A6QU128IYO0UO,5,1,0.0,0.8715167185755421,0
A6R1QTUCT0PDL,6,3,0.5,0.9356099541265781,0
A6R8TU1OCBXCR,5,1,1.0,0.9155555555555557,0
A6RJAEW8IDNDD,7,3,0.42857142857142855,0.9213790353261524,0
A6RW94Z9A6VVJ,6,1,0.3333333333333333,0.6702866792650074,0
A6RZ0GCULOOGE,5,1,1.0,1.5987991718426502,0
A6S9AKRSORG2G,14,5,0.9285714285714286,0.6064945357315834,1
A6SP4RJSNITOW,14,6,0.5714285714285714,0.897677003715116,0
A6SUG7KKCCM82,8,4,0.5,0.8656977239931785,0
A6SZEICLFF9TO,8,1,0.125,1.3122347559847558,0
A6SZZSMX7DQG1,19,3,0.8421052631578947,1.0843558946557927,1
A6T02WJLLG3X6,6,2,1.0,1.2455367912210409,0
A6T2B13WYCMJG,14,4,0.6428571428571429,0.975568674433187,0
A6T9KVIV4HQ4,6,2,0.6666666666666666,0.9162329568579569,0
A6TBXL1JJXNMT,6,2,0.16666666666666666,0.712049867999358,1
A6TD81IZFH5FH,6,1,0.5,1.116798807917229,0
A6TEG5HXCDMEX,6,2,0.6666666666666666,0.7744908962714114,0
A6TFJPYZ1F4FD,9,2,0.8888888888888888,0.7414111833162177,0
A6TO2PGST0GW3,5,2,0.8,1.3124765471995024,0
A6U2AE2X7DOA1,5,2,0.8,1.0925931249251408,0
A6UCPIORJBAGB,12,3,0.5833333333333334,1.0082732975964466,0
A6UN73GHJZIXB,13,2,0.6923076923076923,1.0950406246600422,0
A6UVZAU2KXMYM,7,2,0.5714285714285714,0.6147603227337447,0
A6V7YUPA4U3ED,6,3,0.6666666666666666,0.41184210526315795,0
A6VXZ1EEPRTLV,90,3,0.4111111111111111,0.7217875115882498,0
A6W32J4WZ1AR1,6,1,0.6666666666666666,1.0423539093955394,0
A6WG83SQPP7Y4,6,5,0.6666666666666666,1.6761904761904762,0
A6WJQ1C01N36K,5,2,1.0,0.5687307596201897,1
A6WYBGYM7CE4I,6,1,0.8333333333333334,1.6423110223110224,0
A6X1O3A5C5FX1,12,2,0.4166666666666667,0.48249352771411597,0
A6XDOE6RJAB47,5,1,0.4,0.8733333333333334,0
A6XDZ1MJ0B1A2,37,2,0.7027027027027027,1.5824477154897751,0
A6XW5OOZPNEG4,5,2,0.8,0.5330364040550555,0
A6Y1NR701XI3G,5,3,0.4,0.9392857142857143,0
A6Y8G4A9DM7VK,13,6,0.6153846153846154,0.7309221230490427,0
A6YA25TZ6IDWH,20,6,0.7,0.6131856988973083,0
A6Z212SNV77EH,7,2,0.7142857142857143,0.7978578665508758,0
A70K5OJVE8MF9,8,4,0.75,0.9364013533965233,0
A70M6A06LDI3Z,6,2,1.0,0.765690592172847,0
A70OQKQU37IRY,5,5,0.8,0.419607843137255,0
A70V21OI7QZEZ,7,1,0.42857142857142855,1.3993540850683708,0
A70YGMFQTPYEC,16,3,0.625,0.7669883503739131,0
A710WH88AVD7S,5,1,0.8,0.6792772268382024,0
A7173ZR5TX1U0,5,2,1.0,0.49673383900888135,0
A717A0PJOWV7N,6,5,0.8333333333333334,0.6297653423220622,0
A71C9EY9JFVNW,8,3,0.5,1.330216758064728,0
A71KB54J4IKU0,5,4,1.0,0.8369696969696971,0
A71MGIJ6PQMM8,6,2,0.6666666666666666,1.1513870081998043,0
A7210A582B74E,5,1,1.0,0.4952609654496447,0
A72H3SEM77Y25,5,4,0.4,1.0833763607215328,0
A72K096ZOUAJL,13,6,0.6153846153846154,0.6033599733271278,0
A737TRR7XGC2I,7,7,1.0,1.002278975450751,0
A73N4TGUPZV7V,13,1,0.5384615384615384,1.158697475765382,0
A73OFBDIBB0W0,5,2,0.8,0.560107800696036,0
A746UCJAGGA0A,5,2,0.8,0.7387781286231759,0
A74IPZ1MNI6GI,10,4,0.6,0.7502361928477725,0
A74L0RCV1BI18,12,2,0.5833333333333334,0.6229285721058185,0
A74TA8X5YQ7NE,5,1,0.4,0.8630858242168431,0
A74ZXSK0GOMXS,5,2,1.0,0.421832358674464,0
A753NB2ZQ2J9U,5,2,0.8,1.0383353010625738,0
A75X38YKOGQ77,10,3,0.8,0.9501165841308655,0
A75XQ5F2VTLF2,17,6,0.7058823529411765,0.6644967467752132,0
A764CVJBUAJLT,8,1,0.75,1.0340277777777778,0
A7657U6RAV1BX,17,6,0.7058823529411765,0.9200201068007526,1
A76E5FPXTTH08,6,2,0.6666666666666666,1.2802370825886082,0
A771BHQGXJ2D3,13,1,0.6153846153846154,1.0123984710941232,0
A77LSZ526K877,8,2,0.625,1.4311483739837398,0
A77MI7M9JSM3Y,5,3,0.8,0.9337373737373736,0
A7829CRHD25WU,20,3,0.6,0.8443844615223355,0
A789GSV7QEECA,5,2,0.8,0.9304924242424242,0
A78J8S9GI06HN,5,3,0.2,0.4866666666666667,0
A78P2SIVDKN6Z,7,2,0.8571428571428571,0.5273101668968732,0
A78PJ50UNRJV6,12,1,0.75,2.5388027064497654,0
A78QO0H1WMGDF,6,2,1.0,0.5453872006426427,0
A798ALE8CVTAV,8,6,0.375,0.8437043285781423,0
A79B4GJHA9W3L,5,2,0.6,0.8457181832771624,0
A7A5N79VKRKBK,5,5,1.0,0.19188007659705786,0
A7AJ8ZAQVERJT,5,1,0.6,1.416111111111111,0
A7AXIDOKL27M7,8,4,0.875,1.1017022357723578,0
A7BO124885Z32,7,2,0.7142857142857143,0.6527255639097744,0
A7BXOCVBJ530O,7,2,0.42857142857142855,1.8599281959584961,0
A7BXUFESDLFKK,5,5,0.8,0.3112884670693127,0
A7C3DMXKL78HR,6,2,0.8333333333333334,0.7920634920634919,0
A7C45E7ZN46SH,5,1,0.8,0.5644137224782386,0
A7C85BP9H7UGE,11,4,0.36363636363636365,1.2968985222459233,1
A7D2CHGKQ517K,6,3,0.6666666666666666,0.7670261836928504,0
A7D2TLDGXHQXS,16,3,0.8125,0.6722443542518183,0
A7D7RK06TKY62,6,1,1.0,0.9995126705653021,0
A7DD9Z0LSAYFG,6,2,0.5,0.7382480264833206,0
A7DY9OIFCOMWE,6,1,0.5,0.6701103244915538,0
A7DYBDGVB2LC4,5,2,0.8,1.4226795248992048,0
A7EK88GF8N40F,15,2,0.7333333333333333,0.9237281765853195,0
A7EO623JIO3GS,12,2,0.75,0.7342734174693661,0
A7ERY8BQH1SOB,6,6,1.0,0.6450344611528823,0
A7F5CUX2GAUVG,8,2,0.5,0.8105009672490698,0
A7FC7ALKQRAP0,5,2,0.6,0.48268907563025215,0
A7FLQY3PIVLMQ,5,2,1.0,0.4735150302823419,0
A7GKJR97QBSBF,9,2,0.8888888888888888,1.0636962891864854,0
A7GSAXOHLDDYP,19,6,1.0,0.46810963595181615,1
A7GX1H55D8L70,5,1,0.4,0.35413188961576053,0
A7H879OKN6WB3,7,2,0.42857142857142855,0.7146768707482993,0
A7HCFR8M45HFL,5,1,0.4,2.16967365967366,0
A7HF2IW708I8M,6,2,1.0,0.5554952009032863,0
A7HPQEWKPSFJ6,23,2,0.6956521739130435,0.723491101011915,0
A7HY1CEDK0204,11,2,0.8181818181818182,0.7356241792371837,0
A7IFFMH44G9MO,8,3,0.5,0.3690448298725686,0
A7IH7JB75UML2,6,1,1.0,0.5953832516526014,0
A7JHC4AZYRX23,7,3,1.0,0.903284950343774,0
A7JJ0VXY3QTVO,5,2,0.6,0.9396721074678608,0
A7JJ3MTS8TAUG,6,2,0.8333333333333334,1.2437851782363978,0
A7JJ97AMCV7BZ,7,4,1.0,0.6105413879181661,0
A7JVZFSXVY9RL,7,1,0.5714285714285714,1.3868808185250805,0
A7K8SHKR3NG7L,6,2,0.3333333333333333,0.7065857307085377,0
A7KIHIAHP48XJ,6,1,0.3333333333333333,0.9029875786002682,0
A7KIPOL4IQ8L,6,2,1.0,0.5412824589295178,0
A7KU590ITPEXK,5,4,0.2,0.6379085256560124,0
A7KVMEIDJP0JK,15,7,0.8666666666666667,0.8705728466776221,0
A7KVU8N30SQQI,5,3,0.6,0.6066250944822373,0
A7L96GS2RNTCY,6,4,0.8333333333333334,1.079077689990983,0
A7LQTXGRMVD6R,6,4,1.0,0.8486831527897012,0
A7M9520FHBX2,6,2,0.6666666666666666,0.6710233918128655,0
A7MN22NBKJTBX,5,5,0.8,0.39076348830996643,0
A7MVSPT0JTTMT,6,2,0.6666666666666666,0.6305310789630105,0
A7MY0K1TA1O4J,5,1,0.4,1.3799533799533799,0
A7N2EGO2ELQ3Q,5,1,0.6,0.8142857142857143,0
A7N7E89WRC4UU,5,3,1.0,0.6586666666666666,0
A7NF03970DAXY,5,2,0.8,0.8028902488199435,0
A7NKKP0FUGFHU,18,12,0.9444444444444444,0.5390431727957086,1
A7NREKKZ0E4JU,8,3,1.0,0.7523750266871383,1
A7NUXXOKGQQKP,18,5,0.7222222222222222,0.9720056137819297,0
A7NY6BRPLN1VA,6,1,0.8333333333333334,1.1135442773600668,0
A7O1XESFWS0BB,7,1,0.0,0.5641599693838502,0
A7O2CGZ4LQOXU,5,2,0.4,0.6769667166927441,0
A7O2TSLP1CBW1,13,8,1.0,0.8028267674893103,0
A7O7304QL7K7B,5,3,0.4,1.468673469387755,0
A7OABP6TW418J,11,11,0.9090909090909091,0.4628947474933497,0
A7OQE283RLQ3T,12,1,0.5833333333333334,1.4655925577763071,0
A7PHXHQRUSG2Q,9,4,0.7777777777777778,0.8199043636633306,0
A7Q33422HO5YE,5,2,0.8,0.5972070223438213,0
A7Q6CND42YMMN,5,3,1.0,0.9745337995337995,0
A7QD47PSJDVI7,11,3,0.9090909090909091,1.2946967822941848,0
A7QOOJUE2THEC,8,3,0.125,0.56969941822883,0
A7QRC2A39CBV8,8,6,0.625,0.6719131766387862,0
A7RA8HUCLBM6U,5,4,0.2,1.004285714285714,0
A7S2UATR39U5V,9,9,0.4444444444444444,0.6014840179632797,0
A7S8GTJRTHCXE,6,6,0.6666666666666666,0.45740642414499194,0
A7T67XA3U5J8B,6,1,0.6666666666666666,1.0137752905725357,0
A7TM1HVD8EVS1,5,2,0.8,0.7123557828928675,0
A7TPHVO84W8OD,6,1,0.6666666666666666,1.4550151632468706,0
A7TX6O50180TX,6,1,0.8333333333333334,0.8689599878412902,0
A7VGOOVZ8XGQU,6,1,0.8333333333333334,1.081174585218703,0
A7W4T3F2X31V2,5,3,0.6,0.21842105263157893,0
A7WBN2UA742J5,21,6,0.8095238095238095,0.4852819375257549,1
A7WO11FUH6VYN,5,1,1.0,2.2238613530167157,0
A7XMOAALJQNFP,7,2,0.7142857142857143,1.5093529129640644,0
A7YQQP4R2D24J,6,3,0.6666666666666666,0.6259244926040591,0
A7YT7X7MIWR16,7,2,0.8571428571428571,0.9082487418518872,0
A7ZJYSM02AMQ1,6,3,0.6666666666666666,0.6269786047147369,0
A7ZKJ86MUO5JS,10,10,0.7,0.6002754570387914,0
A801LG6QTIIW4,9,2,0.4444444444444444,0.5117980135523995,0
A808R98RIW1KF,7,2,0.2857142857142857,0.8185481258555648,0
A80FU4Q23XN7P,5,3,0.6,1.088888888888889,0
A80SK99NL9PX6,13,3,1.0,0.6663544711375634,0
A818AYBEBGQCR,7,3,0.42857142857142855,0.9668008409122935,0
A81M9AEYSQMF9,20,5,0.65,0.5429923297367771,0
A81QUF4H36U02,5,1,0.8,1.6377912087912088,0
A82F83197HNMJ,11,2,0.9090909090909091,0.33974925151395746,0
A8311F1VOH1PO,5,2,1.0,0.4487011349306432,0
A833IDN7PVOY5,10,3,0.5,0.574684156423287,0
A83D3H7AEVNWC,7,4,1.0,0.5407660240443819,0
A83UBOTWYVQ2A,5,3,0.4,0.8657200566195054,1
A843GHVYU3MKI,6,1,0.6666666666666666,1.288827650968223,0
A84JRYIZJ132D,5,5,0.4,0.8055819965920442,0
A84VS1GJ2V5Y,8,8,0.75,0.7497197980989794,0
A850ABQTJNSC0,5,3,0.2,0.3923427742497198,0
A859VQNNIYQJ9,5,2,1.0,1.4723684210526315,0
A85FJ55B5VWW,9,1,0.5555555555555556,1.2051419247115969,0
A85OUN9U4V35H,5,1,0.4,1.1360599494402313,0
A85PGE2FRU7J8,7,3,0.5714285714285714,0.9531315974665728,0
A85QO1YEJLS3B,5,1,1.0,0.5881060606060606,0
A85XOXI57795Q,6,1,1.0,0.5952102678125696,0
A8601B4HXM34W,5,1,0.6,0.6201773835920177,0
A865MVWJN4HSH,6,1,0.8333333333333334,1.535113035113035,0
A86AL23DZQP2K,7,2,0.2857142857142857,0.7598654442931284,0
A86H99Z3TWDVH,7,2,0.5714285714285714,0.5134654549548167,0
A876CB05XPJAH,5,3,0.8,0.8680303030303032,0
A87EKDKFDHH6L,6,1,0.3333333333333333,0.6086582977207977,0
A87R87ANLCQ09,12,2,0.5,1.1089194506473918,0
A88LXLS3O0XLR,5,2,0.4,0.47140522875817015,0
A88Z3SGOJ4YRJ,6,4,0.6666666666666666,0.9435692098621627,0
A899CY91B7WBD,6,2,0.3333333333333333,1.3289682539682541,0
A899KWJ99OW4D,5,2,0.4,0.9736747529200359,0
A89SXAFXQCUSE,5,4,0.4,0.4696867158936124,0
A8A2AF5NCZ867,15,7,0.7333333333333333,0.7650716411479866,0
A8A94TEE61CUR,5,4,1.0,1.0770356446672236,0
A8AF6TUXMA86H,6,5,0.8333333333333334,0.6464685103162773,0
A8AK2HEXCZN4Q,9,5,0.7777777777777778,0.8108268342508946,0
A8AK8YTXQ1NZF,7,2,0.2857142857142857,0.5333872010342599,0
A8AL0L199H1QI,10,1,0.4,1.1340013621182616,0
A8ANIKJF5OAKS,5,2,0.6,0.5975284608378872,0
A8AO9Z7V3SCIS,15,7,0.7333333333333333,1.6204812551405743,0
A8ATC5S7R11IT,11,2,0.7272727272727273,0.9297461057979991,0
A8B467TCT4ECR,8,2,1.0,0.825008139121923,0
A8BAGCZLC43QA,5,5,1.0,0.5975459513164433,0
A8BGFC6VK46OW,8,2,0.625,0.34162289915966393,0
A8C2GDGVQKWKM,5,4,1.0,0.8470025839793284,0
A8C94HIGE57XG,5,5,0.2,0.47373913043478255,0
A8CMCOTPCAZ3S,5,2,1.0,1.772925768255519,0
A8CPQ7D8WSK2,11,1,0.7272727272727273,0.7595372492431316,0
A8D0R2PBV7HMJ,6,2,0.5,1.2238720484796717,0
A8DH9N3F5KRNN,5,5,0.8,1.3803942652329748,0
A8DTDSELPM3GT,6,1,0.16666666666666666,1.432077182077182,0
A8DU5VFCY9ASK,7,3,0.5714285714285714,1.2014037286468842,0
A8DZW6P86TDZ0,5,1,1.0,1.0004761904761905,0
A8E15E5KKAQLJ,6,1,0.8333333333333334,1.5627240143369174,0
A8EALICITYTVX,8,1,0.125,1.031153711484594,0
A8EBWQZIDKF78,5,1,0.6,0.672020202020202,0
A8EBXKFTIY13M,11,1,1.0,1.090368438641847,0
A8EDTKSPOMRWK,6,1,0.3333333333333333,0.4435225268558602,0
A8EF0IKKHZKLQ,8,2,0.5,0.41918870814934284,0
A8EL45N7HNRL2,6,6,0.8333333333333334,1.4615355824778602,0
A8EYC54BUYHPU,11,3,1.0,1.0945040022870212,0
A8FHVEA3F1ETX,5,3,1.0,0.4447436600213498,0
A8FUOMTIFIZLM,7,1,0.8571428571428571,1.5503401360544216,0
A8FZSIALO6TGG,5,2,0.6,0.5826372382569327,0
A8G1INE6I1IA0,8,5,0.625,0.36945068411980175,0
A8GM3S7RAA5VT,6,2,0.8333333333333334,0.6190363839998876,0
A8GXR32W4K6JO,8,2,0.75,0.4949578304499365,0
A8H1EPW5OP3EL,7,2,0.8571428571428571,0.6365818727602479,0
A8HDMZ529KZ9W,10,6,0.4,0.7186209721079054,0
A8HL1SNCKZN54,9,2,1.0,0.9243582035248702,0
A8I094XNJMLP,5,2,0.8,1.9537082243533859,0
A8I72XWK3R2IO,6,1,0.3333333333333333,0.6981033952683436,0
A8IEV4J6XX2JB,5,4,1.0,0.48258640588754737,0
A8IZUL3X0YDQ8,5,3,1.0,0.7855505772980969,0
A8J3GET1NMLG2,12,1,0.25,1.3730871479602138,0
A8J6HKCD8ULQX,5,2,0.0,0.4776058106777993,0
A8J79440ZC99,6,2,0.6666666666666666,0.7465747690417676,0
A8JHMCSJ2ZPG6,15,3,0.8,0.6869027756124506,0
A8JKZ50QBRXZY,5,2,1.0,0.5796107331821617,0
A8JQR21CWZUNS,6,1,0.3333333333333333,0.945593149540518,0
A8K0QSKFK97WA,7,1,0.2857142857142857,1.577224476042954,0
A8KSFTRTQSFU9,5,3,1.0,0.22735137261759047,0
A8L0Y8B8MQPD6,14,3,0.7857142857142857,0.5363154907917059,0
A8L5CCEWQB6LG,6,2,1.0,1.8251252096328496,0
A8L8R694BPWE,8,5,0.875,0.811711972238288,0
A8L8U91R992XJ,8,5,0.625,0.6146197348769228,0
A8LIC48AXFIZB,10,2,0.7,2.4337904905551966,0
A8M0HF1XBZLH7,6,2,0.6666666666666666,0.604512152731023,0
A8M1ZR6XTSMDY,8,6,0.5,0.5486794725401252,1
A8M33XHTPUMEG,5,2,0.2,0.7963846153846154,0
A8M6Z1QQ1PNS0,5,2,0.6,0.6143761384335156,0
A8M84NBNEWD08,5,2,0.6,1.0822776638566114,0
A8MTE6SIYM0GY,10,3,0.6,0.346601052242951,0
A8NIZAIRT4EF7,5,1,0.6,0.7799359005789405,0
A8NVIXC75F7LF,6,4,1.0,1.2235770153472016,0
A8O2E6UBLWWFM,8,1,0.875,1.0692910138537073,0
A8OFN5T8D1JHG,5,1,0.8,1.3233333333333333,0
A8OWYUFPJLSOE,5,4,0.6,0.48222789115646264,0
A8P38A0JS5IJE,5,1,0.8,0.6310407239819005,0
A8P6GIIQ6YQV8,26,6,0.4230769230769231,0.5235178923193382,0
A8P7XZLMXKT6W,5,1,0.8,1.619346405228758,0
A8PJN5U8C88W,5,3,0.4,0.39107240585501446,0
A8PNYY5G8714P,6,3,0.3333333333333333,0.5953201909940236,0
A8POIV41IOOTM,5,5,0.6,1.95658377172007,0
A8PVY0TEPYZV6,5,4,1.0,3.2166098191214467,0
A8Q2MNKU8H9T6,8,3,1.0,0.39926297518510634,0
A8QG6JH1LO2OV,12,2,0.5833333333333334,0.7623104713132748,0
A8QIOZKTSQPYE,5,5,1.0,0.8427731092436975,0
A8QUY85XR577A,6,6,0.8333333333333334,1.4492174038031067,0
A8RNZWE4GUWHZ,5,1,0.8,0.48414056531703603,0
A8RXB974Y20PK,6,5,0.6666666666666666,0.7728174603174601,0
A8RZ4KKXBX5NQ,6,1,0.8333333333333334,0.743698020640732,0
A8RZA4T43QTVP,5,2,0.6,0.6703942652329749,0
A8S3630MGQOND,5,2,0.4,0.4100488758553273,0
A8SHQZ9JUBNV2,10,3,0.6,0.8529980850575818,0
A8SIXLOCJP77G,7,2,0.7142857142857143,0.8954727475564983,0
A8TPMYYCV00OB,6,2,0.5,0.6665452743713614,0
A8UK6I1TYJ1HX,14,1,0.8571428571428571,1.2686735983363386,0
A8UWEGAX77U76,7,2,0.42857142857142855,1.0693681318681318,0
A8VL134ND0RSP,5,2,0.6,1.026388888888889,0
A8VL3RR9UPWYQ,5,1,0.2,1.0871428571428572,0
A8VRWQW8N3735,8,8,0.875,1.6398752878894505,0
A8VT5LB42G79Y,11,2,0.2727272727272727,0.757944329941033,0
A8W9CDKDLI8XY,6,1,0.8333333333333334,1.9396303221232063,0
A8WAYVOKYBLO6,21,1,0.3333333333333333,1.014644698932013,0
A8WCY8F616U2S,5,3,1.0,0.5693548387096774,0
A8WDG81D8PMXI,7,3,1.0,0.4459098691651869,0
A8WEKW81IT6IY,6,3,0.5,0.6700505050505052,0
A8WMVITPT6NP7,6,1,0.8333333333333334,0.6063852813852812,0
A8WWT8O05LCBM,20,4,0.65,0.8445977493713304,0
A8WXLST0944GZ,30,2,0.3,1.0468238341779268,0
A8X8D4BUY5DFU,25,4,0.64,0.5960146856224954,1
A8X9DON2E1CHN,8,2,0.375,0.8495334987902126,0
A8XBVAXZ4ZLKJ,5,5,0.8,1.5961314090853733,0
A8XLDY1JBIHHO,6,2,0.8333333333333334,0.5131313131313132,0
A8YFJMSXIFDXW,20,5,0.75,0.7212630907684094,0
A8YM93QZWCB23,15,2,0.5333333333333333,1.6741832133305332,0
A8YQPDSJRCQYR,6,2,0.0,0.7522186147186147,0
A8YWUV45T5G18,8,3,0.625,1.1889608225469108,0
A8Z3WD5ZWBOO7,9,2,1.0,0.9032875710670741,0
A8ZEIMTD8NDOV,21,2,0.3333333333333333,0.7256915310039995,1
A8ZFHHSCRWQS5,5,4,1.0,0.6267133620689656,0
A8ZIS2SS22TQ4,6,3,0.5,0.5736276182976777,1
A8ZTHXSROIMZ3,6,3,0.3333333333333333,0.6962849546598301,0
A8ZVKQT47JSH5,5,1,0.6,1.125,0
A900SF7QHJKWP,9,4,0.7777777777777778,0.9937760550850163,0
A9021T3HAU25X,5,1,0.4,0.5710437710437711,0
A90G79F72RWIP,5,1,0.0,0.476412870119964,0
A90XRYEU01197,5,1,0.8,0.6495259212332383,0
A91451LWGKHON,19,5,0.8421052631578947,0.8526084095108977,0
A9160ZNKW176Q,5,2,0.0,0.7587301587301586,0
A918FR9LOWPH5,10,4,0.7,0.7691344265356181,0
A91BVZEDZYEWW,16,3,0.5625,0.5969825878512066,0
A91ETEOOZOV80,5,4,0.4,0.9751082251082253,0
A920ZPU0N924N,12,5,0.5833333333333334,0.49707622294745946,0
A9298U7GYVQG4,6,5,0.6666666666666666,0.7528596062407539,0
A93L49J4JR84B,6,2,0.8333333333333334,1.4995851370851374,0
A944SUQYY8SJZ,16,2,1.0,0.4389479941562818,0
A94S2Y2RON2II,6,1,0.8333333333333334,2.1486568986568986,0
A94T3B9K7RYOM,8,2,0.75,0.665427900751685,0
A957FCRXL0EIP,6,3,0.6666666666666666,0.731686853852023,0
A95ASBVSBZTCT,5,1,1.0,0.7493346652767574,0
A95Q9A3YF8NHO,6,3,0.8333333333333334,0.5770971706255393,0
A962WLCJKA1CI,5,2,0.0,0.28236546651180827,0
A96O6X2YQCG89,5,2,0.4,0.8589326765188833,0
A96TVYCTIM44J,25,8,0.88,0.6211744966643163,0
A97HGX3UGK1U5,10,4,1.0,0.5352080018804892,0
A98PZRXGCS8Z2,7,2,0.2857142857142857,0.9942784639881214,0
A98WI1QPC5BAY,5,2,0.4,1.710673374613003,0
A99AC7UERI09X,18,4,0.8888888888888888,0.5516305978010503,0
A99K7S15XOQ45,26,7,0.6538461538461539,0.6827521090186541,0
A99QSLY0QF2YQ,6,3,1.0,0.9488293058027516,0
A9A50VD2EU93F,10,1,1.0,1.3367936181465592,0
A9AE8WIC34BFJ,5,2,0.8,1.2003661346521297,0
A9ALS50Y8XRPV,11,4,0.8181818181818182,0.7148054637493201,0
A9AR5T9OE95WU,9,8,0.8888888888888888,0.9185685380417359,0
A9AVU2D9H7QJD,5,5,0.6,0.8504783849023483,0
A9BHUHDEQ6ZR7,6,4,0.8333333333333334,1.0867314874667817,0
A9BHWSD0ZWA71,5,1,1.0,0.5935385558876339,0
A9BKB4OAEJ8X2,6,3,0.8333333333333334,1.128903512460404,0
A9BKIPTBOUDSV,12,3,0.6666666666666666,0.5897373666159434,0
A9BOMBZCJD2WE,5,2,0.4,1.0349018819533498,0
A9C5ZLYHUWY20,5,4,1.0,0.8062244897959185,0
A9CJG1AOHUOP9,6,2,0.3333333333333333,1.744886545678849,0
A9CUKGWMQ6CCJ,5,2,0.8,0.9823051948051947,0
A9D87WNSGOGLW,11,6,0.9090909090909091,0.857154316035749,0
A9DEERYV064PX,7,4,0.8571428571428571,0.6100267379679145,0
A9DIYBDBJDOJ,7,2,0.7142857142857143,0.8480636768814108,0
A9DJDNEH706XG,6,1,0.5,0.9859043611163453,0
A9DL1VVBWMRC5,6,3,0.5,0.7812121776186195,1
A9DP44D9RALB8,6,1,0.8333333333333334,1.7207611832611835,0
A9E9Q0BC20AAC,6,1,0.5,1.431060606060606,0
A9ECPHDJKWX8I,5,2,0.8,0.5465900243774808,0
A9EDWX9SR4XT6,5,2,0.8,0.6593827160493827,0
A9ESYY3ZM4N8P,5,1,0.6,1.770579831932773,0
A9EZ9FFCDD1V8,6,5,1.0,0.5127484522645812,0
A9FEC5FQ3NZ8B,7,5,0.8571428571428571,0.5749313288699137,0
A9FJFURSISMVT,6,3,0.3333333333333333,0.4671268814335579,0
A9FSJD6Z7QGJE,7,2,0.42857142857142855,1.2055658627087198,0
A9FUQA04WK9N2,7,1,0.42857142857142855,1.746736194477791,0
A9G7HOCY9AASC,7,3,0.5714285714285714,0.7822378240849849,0
A9GADKYN21JN,9,2,0.3333333333333333,0.5266650926833992,0
A9GB16Y3ZUC1R,7,3,0.7142857142857143,0.551730179485982,0
A9GGVIWIAZ5F2,14,5,0.7857142857142857,0.744569897747486,0
A9GIGJUB98JNR,28,1,0.5714285714285714,0.9015802517588233,0
A9GTIQJE4B1ZQ,5,1,0.6,0.7905,0
A9GTZU854XN0G,22,2,0.7272727272727273,1.0003634117061446,0
A9GV9FUPGMIY1,5,3,0.6,0.44220588235294117,0
A9GWBCKURNXZS,19,12,0.9473684210526315,0.9761791642381276,0
A9GYMUHAVWR6L,7,5,0.5714285714285714,1.1691540843979868,0
A9HDC08HYY349,15,4,0.7333333333333333,0.46168763603546215,0
A9HLVZ6GVAIJC,6,1,1.0,0.5315421293682162,0
A9HR1VAVA865N,16,2,0.875,0.3813571397087497,0
A9HYSJ3D0D6I2,5,1,0.0,1.2719355332904372,0
A9HZ8C9WTNRQI,8,4,0.625,1.2519614444650347,0
A9I5M2OT66XAX,6,2,0.3333333333333333,0.7190503273201222,0
A9IDBNSHX7UEX,5,2,0.6,0.8348541003633315,0
A9IJKA13VAXD6,5,2,1.0,0.4303648732220159,1
A9J5SLYXUCWO1,11,1,1.0,1.077600804410015,0
A9JAJQ8OMOVUC,5,3,0.4,1.0693434343434345,0
A9JDOM7L4EML9,5,3,0.6,0.19897022249109372,0
A9JH3CD9AB4IZ,7,3,0.5714285714285714,0.7012282690854119,0
A9JRPVUF7LXJR,8,3,0.875,0.4728770195262168,0
A9JXM8PIRJM9L,6,2,1.0,0.5099285250162443,0
A9JYA18JY89VC,7,1,0.7142857142857143,0.5516870854925041,0
A9KAKO9RHE3QN,6,3,0.8333333333333334,0.7961104552013643,0
A9KKFAEVLQIEL,5,1,0.6,0.8439781271360222,0
A9KPXWI692QBM,6,2,0.8333333333333334,0.38302808302808283,0
A9LIWCGS2SM0K,5,1,0.8,0.8585961965744676,0
A9LNA3OQU3X7U,14,4,0.9285714285714286,0.635864316122501,1
A9LZ5IBKWWKVR,11,3,0.6363636363636364,0.4076713923740229,0
A9MCXIOVSSCCW,6,3,0.5,1.197194786902848,0
A9MF6OT936TOB,5,2,0.8,0.45897274633123697,0
A9MGHMVZMJL9Y,10,3,0.6,0.6940729292700343,0
A9MSL7WHLDC3O,16,8,0.5625,1.1947420191419391,0
A9MWI9S0HEIRA,9,3,1.0,0.4153821105320355,0
A9NK4CE537Q0,6,5,0.8333333333333334,1.5512919896640829,0
A9NOZ2HSXI4YJ,22,5,0.5909090909090909,1.6144555348413758,1
A9O1YRZAT1I1X,13,3,0.6153846153846154,0.6520023655468629,0
A9O2V66QQBFPM,8,2,0.25,0.8828320802005012,0
A9O504G7QUDPS,8,3,0.625,1.3624634255411567,0
A9O6AL247M1F6,7,2,1.0,0.5510734231042518,0
A9OD7T1MY5FPI,7,2,0.5714285714285714,0.5895485911443358,0
A9OV4YH35B769,5,2,0.4,0.8527332824815662,0
A9P1AXK37DLDT,6,2,0.8333333333333334,1.335375884569433,0
A9PLL1T5F5ANK,5,1,0.6,0.49861569712130444,0
A9PP0WPACZNC4,6,2,0.8333333333333334,0.9579834116712332,0
A9PSPAXL7YIU8,16,6,0.875,0.37617456308073505,0
A9PT136VE8M6L,5,2,0.8,1.2836328725038402,0
A9PWX5IY0R2XW,8,4,0.75,1.038416052297531,0
A9PZY5RPK6OTQ,6,2,1.0,0.46498906588341954,0
A9Q1Y0PLTCFHO,5,1,0.8,0.5226304945054945,0
A9Q6TCZSUF6VV,5,1,0.8,0.4995670995670996,0
A9QMGWXG4CO5D,8,3,1.0,0.5300637187032766,0
A9R6BTJP1BD2O,7,2,0.8571428571428571,0.4573377679549493,0
A9RMM8GWJA8F3,6,3,0.3333333333333333,0.5807895768025079,1
A9RQYUTHMXC2P,5,2,1.0,0.5206020066889632,0
A9RSHEI4Q8NQO,12,4,0.6666666666666666,0.8006408786970817,0
A9RTRKZM3IEOY,5,2,0.6,0.574146624166908,0
A9RV7IGIQTUL2,5,1,0.8,0.6053648578075299,0
A9SBTVG7ZBRAR,7,4,0.8571428571428571,0.6579321680825441,0
A9T0I39FSJMM5,8,2,0.75,1.0323065789551296,0
A9T55I800OFXA,6,1,0.6666666666666666,0.8953391053391053,0
A9TPQNB0T8R4P,7,2,0.8571428571428571,1.241273411213866,0
A9US4NGLYLM37,8,1,1.0,0.7553743131868134,0
A9VGWFG3EJ8P2,5,1,0.6,1.0476059654631082,0
A9VQXTNY9XKG6,8,3,0.375,0.9424732413181479,0
A9W2CF4Y7W790,9,5,0.3333333333333333,0.5130289916386173,0
A9W62AZ31YPGB,9,9,0.8888888888888888,0.39923939286068577,0
A9WXGBR0J71N1,6,3,0.5,0.6647062411555165,0
A9WZ9C8L65XOA,5,3,0.6,0.7345217239627178,0
A9XT888YY5TPM,5,1,0.6,0.5458312020460359,0
A9XWNKSBAWCDE,5,2,0.4,0.4342424242424244,0
A9YD1S6VJJMOV,8,2,0.875,1.3829590548340547,0
A9ZMG8FBA0GAV,5,2,0.6,0.8854156954156955,0
A9ZUKCYDWPPUB,5,1,0.2,0.5612596006144392,0
A9ZW1V5RKVGQB,5,3,0.0,0.8961479786422579,0
AA0MHZSAEZ707,5,1,0.8,1.4816666666666667,0
AA0TCIQ0BQSZP,6,1,1.0,1.4011494252873564,0
AA0WSIDW7YNHI,11,4,0.8181818181818182,0.7252849586820745,0
AA10CO0GN1RQZ,8,2,0.375,0.5596263978708773,0
AA1FBD24BCUK,9,4,1.0,0.7454494778858902,1
AA1KH7FKRXULW,5,3,0.8,0.8196221274579483,0
AA2NO95QTZPIY,6,5,1.0,0.3730463980463979,0
AA34OPIOEVOLB,5,4,0.8,0.689039983762939,0
AA394CGT3GNYH,8,2,0.25,1.0031485195088135,0
AA3JKQ31FKJYN,5,4,0.6,0.6265848940331697,0
AA3KEAOFOXG90,5,3,0.6,0.4912807896037711,0
AA3PKF7NQTBBE,6,3,0.6666666666666666,0.7812672707409548,0
AA478JQL0UG57,5,1,0.6,2.008695652173913,0
AA4DN04Z069ID,6,2,0.8333333333333334,1.7873737373737375,0
AA4KMZ9FPUJGW,7,3,0.5714285714285714,0.8534914471349714,0
AA4YMELM0MMI9,5,5,1.0,0.5130287809688154,0
AA5S8E460UZ1J,5,1,1.0,1.4132142857142858,0
AA5W2UHXCEDUY,5,2,0.6,1.1599999999999997,0
AA6176V2HKG16,25,4,0.68,0.7903442758174917,1
AA66O1V57XZX7,9,8,0.4444444444444444,0.6810119253672844,1
AA6K9WCIIUR4M,31,26,0.5161290322580645,0.6140084359826624,0
AA6KG0FLEC3R3,6,5,1.0,0.5771080079053581,0
AA6M6COS1GFMH,5,1,1.0,0.4115987460815047,0
AA72VFJ3GJOV,6,1,0.0,0.4393754004190247,0
AA7QI6JRNNYOH,6,2,0.6666666666666666,1.2323054324536538,0
AA7TUT7H5KMW,5,3,0.4,1.0043568973981345,0
AA801ZW32BAFZ,5,5,0.0,0.4319115348067314,0
AA80FVLRVRBRM,9,2,0.8888888888888888,1.8326460461909377,0
AA8UUMTAC5NI0,6,2,0.3333333333333333,0.4769672898705159,0
AA904BKV1Z2PQ,5,1,0.6,1.1348100848100848,0
AA99UPLC20VI2,5,4,0.4,0.3837505415806509,0
AA9PV73DST0J5,11,2,0.9090909090909091,0.9720396035567137,0
AAA89DEVXPQYN,5,1,1.0,0.48426841063305676,0
AAA9Y0JPSDY94,14,3,0.7142857142857143,0.8127885913022358,0
AAAETID0EK92P,7,1,1.0,0.6035649430018208,0
AAAFFVZC2FCG8,5,1,0.8,0.8973848699328982,0
AAB9AT3LYIDBT,11,9,0.9090909090909091,0.41603892842806367,0
AABB0L1IH04MW,5,2,0.8,0.36761904761904757,0
AABH31PCKVX2E,13,2,0.5384615384615384,0.9813485821946432,0
AABQ639S3SESX,16,4,0.6875,0.45411822640958033,0
AACE9HX9DWSU9,8,1,0.375,1.206718534020592,0
AACI5VWXSEP4A,6,2,0.8333333333333334,0.5266498502932612,0
AACKRUEFSCZOW,6,3,0.5,0.5290831637814396,0
AACRB2LDV8OV7,6,2,0.6666666666666666,0.6156453291699192,0
AACXVPEUAD32F,7,3,0.7142857142857143,0.6110771853961223,0
AAD1W9GBYWY1W,5,1,1.0,0.7689249880554228,0
AAD2KI8D3R2F4,7,4,1.0,0.31533475384926657,0
AAD5UVXYNE14D,5,2,0.6,1.1674908424908423,0
AAD9YI26PB7R5,6,6,1.0,1.0658251950627886,0
AADASLP6FC00G,8,1,0.875,0.7611602586533696,0
AADCC339C0S95,6,2,0.6666666666666666,0.4498633671420221,0
AADCXICH3XZW3,13,1,0.38461538461538464,0.7377381555844746,0
AADP7ITZJMZEG,9,3,0.7777777777777778,0.628337177963966,0
AADSJBKCD7C94,9,2,0.4444444444444444,1.5031166367154316,0
AAE3YYTBHRASD,5,3,0.8,1.0487721492599542,0
AAEL2K5N3EO04,5,5,0.2,0.7769568145779304,0
AAF3A2OXL7PRC,6,3,0.5,1.1164366928804619,0
AAFN35L808KGU,8,8,0.75,0.6558916702654739,0
AAG7VAB67Y47Y,6,2,0.8333333333333334,0.9187907999554308,0
AAGGG7ONSYD5V,5,1,0.4,2.4075405214940098,0
AAGZZMXI0XX0D,7,1,0.42857142857142855,1.910275763197841,0
AAHHLNG0XHRIP,8,8,0.625,0.4767818061568062,1
AAI784Z4JBI15,5,2,0.6,0.747262386736071,0
AAIII2YVYS4T6,12,4,0.5833333333333334,0.645145903479237,0
AAIR44YSDC90S,6,5,0.8333333333333334,0.4794932228265562,0
AAIU4V0FTRZ2N,15,2,0.3333333333333333,0.6806469751955863,0
AAJ7RUTWEYC3B,5,2,0.8,0.7163825230726907,0
AAJB79DB0AIEL,11,6,0.5454545454545454,0.8524001074803214,0
AAJN633OF65R6,5,4,0.6,0.7117184265010352,0
AAKHRCDJ9W5GT,6,1,0.3333333333333333,1.1311868686868687,0
AALJN5EQ3RVSX,5,1,0.8,0.8328054298642534,0
AALU4MBSTCOAL,7,2,0.7142857142857143,1.3136904761904762,0
AALWZCFMGNAG1,8,1,0.375,1.053423111386821,0
AALYWAAECEIGS,5,2,1.0,1.1252462216373726,0
AAMB5EMKAFBEN,7,3,0.2857142857142857,0.4980345586510465,0
AAMP772ZWFKY3,5,1,0.4,0.8638095238095239,0
AAMR8DYZV4H7O,10,2,1.0,0.9376953928424516,0
AANW43Z1L5S92,5,1,1.0,1.0218253968253967,0
AAO3HB5GFT0IN,15,3,0.8,0.6652083249822763,0
AAO8TNZNKDFGB,6,2,0.5,0.7257246868357979,0
AAOE8GBDLZBXX,7,3,0.5714285714285714,0.8078911564625849,0
AAOEN7B4L9DHW,5,2,0.8,1.5775252525252526,0
AAOPX9PTTOP3G,15,13,0.8666666666666667,0.6215758791473077,0
AAP9OJFJI0IZ3,6,2,0.3333333333333333,1.3191036226318487,0
AAQ2805X6BKI6,6,3,0.6666666666666666,1.2770006640367964,0
AAQHD9J4S1PU5,5,5,0.6,0.31057038960962513,0
AAQIW26UB8HRK,5,2,0.4,1.2879164952694364,0
AAQXRTWPQNNFB,9,1,0.7777777777777778,1.1307977715906785,0
AAR7JZA4TKHZH,6,2,0.6666666666666666,1.6355859219434488,0
AARA6Y6F78JCN,12,10,1.0,0.8273647006976269,0
AARTYIHQDUH0N,6,3,0.16666666666666666,1.331702446386341,0
AARZIUBJKKQPQ,6,3,0.8333333333333334,0.5535309808037081,0
AASHXVH43EX0E,11,4,0.45454545454545453,0.8703120446614618,0
AATO5M2LPTX9L,5,3,0.4,1.6772727272727272,0
AATXK33K48V2C,12,1,0.5,1.3108465554509816,0
AAU0SFEEHPUED,8,1,0.625,1.281123307909022,0
AAU2F3F59OQ70,5,1,1.0,1.7524141749723146,0
AAU8JJV2A38CO,13,2,0.46153846153846156,0.6272593389400521,0
AAUDYQICF0SLA,12,9,0.8333333333333334,0.7320791927011138,0
AAUXC1L5QR4UK,5,2,0.2,0.7178549314462629,0
AAUZ79CDTSVCP,16,16,0.875,0.5030712298916544,0
AAV05XDUKH2Q8,6,2,0.6666666666666666,1.0466806351052653,0
AAV8Z26IIWDA1,7,2,0.8571428571428571,1.7937452758881332,0
AAVN8J9EC21AS,5,3,0.6,1.6350228738399977,0
AAVSL38E1GU2L,6,6,1.0,0.8414825023082289,0
AAVWXO2TVQM1K,7,1,0.8571428571428571,0.9682598336448329,0
AAW4JYVF4B845,27,9,0.7407407407407407,0.9613705985048429,0
AAW7URHWA2VHT,6,2,0.6666666666666666,0.5794585738804808,0
AAWMXR87RO9PZ,11,2,0.8181818181818182,1.0863033167264586,0
AAWU8XQM3XL79,8,3,0.375,0.5685743621621664,0
AAX5JSZIIUJ1S,12,10,0.8333333333333334,0.4635875719550018,0
AAX8GK2XM57NK,5,3,0.8,0.4599104291070685,0
AAXCF93TQFM5G,6,6,0.0,0.5943732193732193,0
AAYANAEX0B7MW,5,5,0.8,0.8680439351572637,0
AAYKPY50SCXHW,6,3,0.8333333333333334,0.89057067271353,0
AAZA7B023FEDW,6,2,1.0,0.73996743996744,0
AAZTMLVDQUHZK,7,2,1.0,0.756431221154748,1
AB00KQZ88BSAZ,12,11,0.9166666666666666,0.3856680965426025,0
AB047SLZ8DU3K,7,7,0.2857142857142857,0.6105886243386243,0
AB07GJWJBDAQ2,16,3,0.5625,0.6220992310687388,0
AB0E5X8SHI8GR,5,2,0.6,0.768,0
AB0NI2PYVJR3M,5,2,1.0,0.8656349206349209,0
AB0XHMMI00PYP,8,1,1.0,1.227345677430864,0
AB0ZI13CLWPL6,6,1,1.0,0.3591088376421732,1
AB1HG1W6G6Y8D,6,2,0.5,0.6612877907999859,0
AB1I5IQ2FTFQC,5,2,0.4,0.4858095238095238,0
AB1P9Y6D8S0E4,8,3,0.875,0.4580073825399469,0
AB24LMHHPLUEG,13,4,0.7692307692307693,1.0055751722032018,0
AB26FPFY8E6AA,11,9,0.7272727272727273,0.5997102607386199,0
AB2GEBSPR0Q22,6,3,0.6666666666666666,0.6469780219780219,0
AB2XX40JVWV69,9,1,0.8888888888888888,0.380105803647939,0
AB399AECXCDT8,17,1,0.8235294117647058,0.6772950188130522,3
AB3MCV2X60JW,6,2,0.16666666666666666,0.5419390819390819,0
AB3NP00D9CJF1,5,1,1.0,0.8889999999999999,0
AB41N80UM8BLW,12,6,0.5833333333333334,1.258280228588263,0
AB4ELQX285UKL,13,1,1.0,0.8241477545192715,0
AB4OEYZVJNHZN,10,2,1.0,0.7196948027462733,0
AB4ZBN3S7WTT0,5,2,1.0,0.6001985252410665,0
AB5N4A5118C7S,7,3,0.14285714285714285,1.3949925472241902,0
AB5S5DS16EVMJ,5,4,1.0,0.6091428571428571,0
AB5SX4EPBKYMG,5,1,1.0,1.4865384615384616,0
AB62IZA9087G4,5,1,0.0,1.6032457580733444,0
AB64ETZWLCB5U,5,1,0.6,0.8183060109289618,0
AB6BXYA1TFLTP,5,1,0.6,0.7749715828360328,0
AB6VPLMNJA51F,6,5,1.0,0.95380291005291,0
AB6Z7SZM9QOR,10,6,0.8,0.6702855704894153,0
AB76THS0IXKAQ,6,1,0.6666666666666666,1.0265993265993265,0
AB78B157ZMYF3,12,2,0.5,0.7598387924474882,1
AB7DR7FWLMGZ9,14,3,0.8571428571428571,1.314338646888998,0
AB7T1DDG1HUOD,11,2,0.2727272727272727,0.7413265416582533,0
AB83NX9D3EGSY,5,1,0.8,0.7893753865182436,0
AB8FFJN338JP2,5,2,1.0,0.5905477566663337,0
AB8NG5F9LTGMI,5,4,0.4,0.32114121510673216,0
AB8QIVEKL4ZLN,6,3,0.3333333333333333,1.5037037037037038,0
AB8X1GAJLQX1C,9,2,0.7777777777777778,0.9304158645510117,0
AB91W3ZUSW397,6,3,0.3333333333333333,1.2864461589233394,0
AB959Y75NXZOY,7,3,0.42857142857142855,1.738682745825603,0
AB96RGQGHKRS2,8,2,0.125,0.756753193701723,0
ABA1WB1SVFHTW,6,3,0.8333333333333334,0.6557927893340779,0
ABA2GCVCMVENO,6,5,0.6666666666666666,0.6780525213583685,0
ABAFTT9IM7GZK,7,5,0.7142857142857143,0.8734428937668995,0
ABAKFHTLH7JVG,5,2,0.4,1.226050420168067,0
ABAXZYRBJ7KUT,5,1,0.8,0.6962301587301587,0
ABB9MFBMQCD2C,10,2,0.3,1.032733741668168,0
ABBENK1LTDEUF,8,8,0.625,1.378106722899683,0
ABBMO87FVDXZ9,5,2,0.6,0.47227627257799665,0
ABCXQCFQ5U9HL,5,3,0.8,1.3697831978319785,0
ABD5U987ZBMPN,10,6,0.7,0.7060868074083686,0
ABD6TPKC6ADF4,7,2,1.0,2.296220665299612,0
ABDHBMIC5F1IC,6,2,0.6666666666666666,0.9321395614301791,0
ABDIEN5LT0PII,5,4,1.0,0.48285714285714293,0
ABE3U70G8R5HH,5,3,0.8,0.9721532091097307,0
ABEAUXVVB2E1M,11,3,0.9090909090909091,0.6386323041799412,0
ABELFZY1RYG0R,11,2,0.6363636363636364,1.1946450850267751,0
ABFPSOCLBFTSS,7,4,0.8571428571428571,0.5075218898748312,0
ABFX5OPQD50P,5,1,0.4,0.7160791850855276,0
ABFZYCGJGY580,6,1,0.6666666666666666,1.467824074074074,0
ABG1YM60SJILN,5,2,0.8,0.5267055860805862,0
ABGD4FXC1AJPJ,5,2,0.6,0.8448554475827201,0
ABGJYLBMM68T1,6,4,0.8333333333333334,0.6878081941277087,0
ABGUYZ6CWA2V1,11,6,0.7272727272727273,1.01851159302458,0
ABH44EA9XNRHH,5,1,0.6,0.8533333333333335,0
ABHEAEBA726JI,9,5,1.0,0.5878658817440245,0
ABHU2CJAYUPHW,6,1,0.0,1.0135865728405182,0
ABI1D4CB1TZP9,7,2,0.8571428571428571,0.7410639787830026,0
ABI1V8YHNUK87,9,6,0.7777777777777778,0.3735269477246739,1
ABI3JNYR69RUA,5,2,1.0,0.4339128158359868,0
ABI5KIHILDCP1,5,3,0.8,0.816083916083916,0
ABI7ZAFVUMU8G,6,3,0.5,0.5381812671305081,0
ABJ4SLPVOM7PN,9,1,0.7777777777777778,0.47113255345304544,0
ABJ5RVCQRJ08A,6,2,0.5,0.42666666666666675,0
ABJNCFD48KB8,11,2,0.8181818181818182,1.0995797546729877,0
ABJRP4JJOHJHH,11,1,0.2727272727272727,0.955181843732002,0
ABJTM65X62TD5,7,1,0.7142857142857143,1.5828793928919087,0
ABJX7EJ6H5U2H,11,6,0.6363636363636364,0.995694669248058,0
ABK33U7YRNOFV,7,3,0.8571428571428571,0.879462487283359,0
ABKOVXEYT0DPE,6,5,0.5,0.9181670651725099,0
ABKQWLUFEW3KB,5,3,0.6,2.0954010695187164,0
ABKR7RC02WQLU,17,9,0.9411764705882353,0.6715884538844282,0
ABKSY74FEIGUI,5,2,0.6,0.6890663650075414,0
ABKTE34F2D5GB,10,1,0.2,1.5345423446285515,0
ABLCKVHML5QVB,5,2,1.0,0.585144883485309,0
ABLE2G1YIJX13,5,2,0.8,0.5197431985621936,0
ABLI32M2CZOLW,9,5,0.7777777777777778,1.0880141552846867,0
ABLOQ5V7QL137,5,2,0.8,0.7916666666666667,0
ABLOQZIL42W7I,8,1,0.875,1.077232142857143,0
ABLV9L4MQO7ER,11,2,0.45454545454545453,0.5540733938901411,0
ABM0Q995KC344,16,2,0.75,0.5398333752863591,0
ABM6WJ30UKD1L,6,1,1.0,0.7718318387961246,0
ABMGPIWCYYG70,5,1,0.4,0.885699228307924,0
ABMQTSJL33EDH,5,1,0.6,1.371981351981352,0
ABNSCJPMH6GV7,5,2,1.0,0.3224668040293041,0
ABNSZMW305TON,7,4,0.8571428571428571,0.9983107957334764,0
ABO3W0PSHFLLG,13,8,0.9230769230769231,0.8912977089521303,0
ABOKSGJ7EFF0G,10,3,0.7,0.43476159096283473,0
ABOL0PZZZHRN1,8,5,0.375,0.3843673687423687,0
ABP1RGWP15YVF,5,2,0.6,0.820221878224974,0
ABP6FLBI86XF6,6,1,1.0,0.6014670514670514,0
ABPP6J9PWJ25O,17,2,0.9411764705882353,0.7231139319257897,0
ABPX680DGJ5AA,7,2,0.7142857142857143,0.7158281767128395,0
ABPYBCQWBPRLW,6,1,0.8333333333333334,1.1692187986305633,0
ABQEDHBG91BBR,18,2,0.5,0.5716723091723092,0
ABQWEL10KO46C,14,3,0.5714285714285714,0.9485843798696598,0
ABRB6T9FET2Z9,11,5,0.9090909090909091,0.6064240283313235,0
ABRCBGS5DP0GE,7,2,0.2857142857142857,0.6160228389601455,0
ABRLSSBF1EV83,6,1,0.6666666666666666,1.1185185185185185,0
ABS1TJ1OKRKPZ,5,3,1.0,0.6445687464324708,0
ABSBO832VAJ36,5,2,0.2,1.1245480895915676,0
ABSEYAX48XK2I,9,3,0.7777777777777778,0.9455956801425196,0
ABSI2Z5TVSP84,5,1,0.8,0.8398118279569893,0
ABSIVDSNICG8N,9,3,0.7777777777777778,0.4677657640783753,1
ABSYIF0ONC2AF,49,3,0.5510204081632653,1.0397578973957573,0
ABT31V7PY3MHA,7,4,1.0,0.6004981088604782,0
ABT8W1CAXD7XX,7,2,0.5714285714285714,0.8843118275679067,0
ABTGHMEDB7ZCM,6,3,0.5,0.48267704517704524,0
ABTGKKAJWZQ0H,10,6,0.9,0.8985239084528576,0
ABTUNH7645QJL,16,1,0.6875,0.670903175214616,0
ABU5AVJ05TWXW,6,1,0.6666666666666666,0.8142390289449114,0
ABURBAEJ21T52,9,3,0.5555555555555556,0.5728757713507828,0
ABUTJHGQAUW5G,5,3,0.8,0.5511363636363636,0
ABV6I0MER7GXX,6,2,0.8333333333333334,1.0040684624017957,1
ABV8DV842X40S,6,1,1.0,0.8168209876543209,0
ABVHVYB9VQEWD,9,3,0.7777777777777778,1.0665865883302543,0
ABVUI9GWVE5WW,9,2,0.8888888888888888,1.4394413452987307,0
ABVWKW1VUECLJ,8,7,0.75,0.884454198011736,0
ABVYGB2TKBO8F,78,6,0.6538461538461539,0.6762049566499835,1
ABW3BG0PV5KDQ,6,5,0.8333333333333334,1.4611716256453098,0
ABW68OIWFRRGY,6,1,0.8333333333333334,0.733124602498004,0
ABWDNZW06BSN5,7,3,1.0,0.6254822366120791,0
ABWPT22HGDTBJ,5,1,1.0,0.9848983570036202,0
ABX8BQ088K1KI,5,1,0.4,0.6975232198142416,0
ABXANRX4GPYRZ,49,3,0.7755102040816326,1.1285409857523871,0
ABXSSBGM48SZ8,6,5,0.6666666666666666,0.48743386243386255,0
ABY7ZUPSW3EQ9,5,1,1.0,0.48392857142857143,0
ABY803BNE9PJG,8,2,0.5,0.6713209788110513,0
ABYC6R55E1K11,6,6,1.0,0.44670634920634916,0
ABYZ4VIV01HXA,5,3,0.8,0.5929688737973968,0
ABZLFL9N5TI4R,14,1,0.42857142857142855,1.0294217687074831,0
ABZN96PUQH2WV,5,1,0.4,0.8965079365079365,0
AC09OIFJYTUQK,11,5,0.7272727272727273,1.4181315029999242,0
AC0HPFQVBZVGY,12,3,0.9166666666666666,0.8083714086727586,0
AC0PI7MD4E415,5,4,0.4,0.8398168498168499,0
AC0QNBQB1V5CG,5,3,1.0,0.697188693659282,0
AC11GZAL5N99C,25,2,0.36,0.7771020582887682,0
AC1577HKKQGBB,9,4,0.8888888888888888,0.7654083400544448,0
AC1A0YFXNWOKM,7,3,0.8571428571428571,0.38504729955223194,0
AC1GUNT7IBLDH,5,3,1.0,0.7427953481118037,0
AC1INZK10Y3WB,5,2,1.0,1.7953224457482233,1
AC1QHKELS0VDC,11,2,0.7272727272727273,0.5979448939806996,0
AC1YYSNH6ZZIQ,9,4,0.7777777777777778,1.0058445423556985,0
AC2EGRJTJYVBA,14,2,0.6428571428571429,0.8983059812313653,0
AC2IWMCGG70MD,5,2,0.2,0.9322271314023892,0
AC2KX2856CJPQ,10,6,0.7,0.4726864375048116,0
AC38EBJ5IML9T,10,7,0.7,0.8493872003173273,0
AC3K8C43DQDHX,5,1,0.8,2.6386799406952455,0
AC3ZP91KBF1L0,11,4,0.8181818181818182,1.3778925565882088,0
AC49ZI7CUTTH5,13,12,0.9230769230769231,0.6129301330663165,0
AC4MKYMRD0V15,8,2,0.75,0.8872911445279867,0
AC4ROPT6A9R5A,6,1,0.6666666666666666,2.217063492063492,0
AC4TQ8K03VU7C,5,3,0.6,0.5917241379310345,0
AC4XLUZBAH94U,5,2,0.2,0.48554409270774457,0
AC4Z1ESFAVGNH,14,2,0.8571428571428571,1.7898485229367582,0
AC5299TP9UFK7,7,2,0.5714285714285714,0.9580576656048354,0
AC5MFKNUBK388,8,4,0.75,0.450844017094017,0
AC5OU76YOTP4F,7,1,0.7142857142857143,0.6621235906950192,0
AC60HVSSKPWEB,6,2,0.6666666666666666,0.8431204612616644,0
AC61U16AJQ8X7,10,1,0.6,0.7724950690918407,0
AC62SNVRI158P,20,1,0.5,0.8120000811834462,0
AC63VUXD7H1U0,8,2,0.875,0.7315711733139295,0
AC79EKSD1S2MB,5,2,0.4,1.0627678841522585,0
AC79HAUD1J7RU,9,2,1.0,0.7171649352913984,0
AC7J8ZLWJIKNS,18,2,0.2777777777777778,0.7731439468549011,0
AC7QBADE054CN,5,5,0.2,1.364978354978355,0
AC81CGJ6K9QW8,7,1,0.2857142857142857,1.1302795450163872,0
AC82TH39WO32T,5,2,0.2,0.67300715157858,0
AC8E3L5ZM01P,5,1,0.6,2.188888888888889,0
AC8OLNK3M3H87,5,2,0.6,0.40269388773537,0
AC8QOXIVQ70XT,9,6,0.8888888888888888,1.1505500758486948,0
AC96E3OMZ48EY,5,2,0.4,0.5123194812849985,0
AC9LJIQA1OVHF,11,5,0.6363636363636364,0.8943453263997486,0
AC9Q7B5V8OJ71,5,2,0.4,1.7109462365591397,0
ACA0VTA4HXZNM,9,6,0.6666666666666666,0.9186422485256427,0
ACA6DWWWQDAHY,7,2,0.5714285714285714,1.013502071698793,1
ACA98CAV02ODL,6,4,0.8333333333333334,1.001739926739927,0
ACA9RBJUG04ZN,5,3,0.8,1.0454308300395256,0
ACAO2P8SHVSIK,6,2,0.3333333333333333,0.7273681515617,0
ACB7AIGP2VWOS,5,1,0.8,0.5361198188784394,0
ACBBT4Y7S7MBZ,8,4,0.75,0.8868541709711413,0
ACBH45KYJF1V7,14,2,0.6428571428571429,1.8426101708082818,0
ACBILA6GEC4SU,6,1,0.5,0.5673728564716937,0
ACBIXBSWSCFR,9,3,0.4444444444444444,0.5494781144781145,0
ACBO76L6K8I9J,6,3,0.6666666666666666,0.7732092163464713,0
ACBTRDBXC322U,14,3,0.7142857142857143,0.8329936396640079,0
ACCDYVXJKFSXK,5,2,0.6,1.077832512315271,0
ACCL4DJSFD20A,5,2,0.4,0.6600582991887339,0
ACD6VY56XTA64,10,7,0.7,1.1919613438091698,0
ACD9P76EDBILT,9,2,0.7777777777777778,0.5458645514442615,0
ACDHUPAMZR7DC,8,2,0.375,1.3418956043956043,0
ACEFBWOGU9M9K,14,4,0.5,0.5723627850745893,0
ACEGMV8RTBL8H,5,5,0.8,0.7920668058455116,1
ACEW2AUO3AEA4,5,3,0.6,0.5037359659310878,1
ACF5TTRUHTJIJ,5,1,1.0,0.8322008562781427,0
ACFPNR34ZFMAQ,8,4,1.0,0.4827565085485722,0
ACFZGF41QF4DQ,9,8,0.5555555555555556,0.9346442041571706,0
ACGM3FWR8985F,7,5,0.8571428571428571,1.077929808286951,0
ACGRP8Z3JDDA4,9,8,0.6666666666666666,0.4725670658126799,0
ACGTYE5R2EXVF,6,1,0.6666666666666666,1.077578106647874,0
ACH5PJUBU2BZG,6,1,0.3333333333333333,1.4034900284900285,0
ACHMAK6A8MHH,10,1,0.6,1.062783618700796,0
ACHMMTLFPH6DU,16,3,1.0,0.8779728058427682,0
ACHPP86D37DRY,5,1,0.4,0.25555555555555554,0
ACHTDPEQYSEQL,53,2,0.4339622641509434,0.8469962414979562,1
ACHTJT49MY6O9,6,6,0.8333333333333334,0.647093160251055,0
ACHVCY9QRTN2C,6,3,0.0,1.6004549214226633,0
ACIHT0Y2I2YHF,9,2,0.2222222222222222,0.8786566578881436,0
ACINECQRU9XMW,8,2,0.25,0.9767310340574317,0
ACJ125D7GPG5C,6,2,1.0,0.8170645130550791,0
ACJ7G5LEGWSBU,7,2,0.7142857142857143,0.6517841933521374,0
ACJKBT89CTT20,5,2,1.0,0.33545864322740593,0
ACJX7DQOO5P5M,15,3,0.9333333333333333,1.2627464722963497,0
ACK6AR1MQ92UK,7,2,0.7142857142857143,1.016135300273956,0
ACK9P6NQ66UDX,10,1,0.5,0.5387177003966567,0
ACKAZVADOU8EG,5,2,0.8,0.7654973852752806,0
ACKIX4X8OZSN0,6,4,0.8333333333333334,0.6248143012374512,0
ACKRS3SSRUWDR,5,1,0.6,0.7554978354978352,0
ACL00TUP0CN4R,6,2,1.0,0.9209284016636956,0
ACL11OKQWPXGV,12,3,0.5833333333333334,0.8044519931365713,0
ACL4OV0KUAJ9Y,5,4,1.0,0.5265728900255754,0
ACLFVHG1NWII4,6,5,0.3333333333333333,0.8681894628668823,0
ACLKV3VV6FGDU,6,3,0.5,1.608920516939385,0
ACLOZB3K7EUCL,6,2,0.6666666666666666,0.822960032544095,0
ACLU576JJXM93,6,5,0.3333333333333333,1.061141735855905,0
ACLV747KEB0HL,7,2,0.5714285714285714,0.9090202779676463,0
ACMTBJKXMYCW7,7,1,0.7142857142857143,0.808815688247773,0
ACMZSIXW1JC1O,10,4,1.0,0.545278369038545,0
ACNATFT0CN0HO,10,6,0.9,0.8571595946658315,0
ACNFAOWLKCJ9Z,5,2,0.8,0.8451198584697039,0
ACNQI6RTN3IAD,5,3,0.0,0.4727637673700462,0
ACOAXGKSE4LXN,7,4,0.7142857142857143,0.34157141363487004,0
ACOECYWS6Y9IA,5,2,0.6,0.37026232247284874,0
ACOF64EAN08QQ,15,5,0.9333333333333333,0.7100314665243664,0
ACOO19LQNRQ7F,5,2,0.8,0.6737860444640107,0
ACOT1FCV9ZFX6,8,2,0.375,0.9929388722204032,0
ACP5CQC6JVPPS,7,1,0.42857142857142855,0.6388665978829913,0
ACPES073674LC,7,4,0.7142857142857143,0.9093206815407197,0
ACPJEDEYRH1JL,6,3,0.16666666666666666,0.8709538827185885,0
ACPNPETJGE9FW,10,8,0.8,1.118675465966028,0
ACPR51DDDNWJR,5,2,0.2,1.1137599478147424,0
ACPT29J3JOMYO,6,4,0.8333333333333334,0.6801078551078552,0
ACPV29SBTSTBS,37,13,0.6216216216216216,0.6273000664821827,1
ACPZ5GKPVOLNS,6,2,0.3333333333333333,1.5022115876954585,0
ACQ49QJVQHR2X,10,2,0.9,0.6451071435416786,0
ACQF3DSBMIYI1,6,5,0.6666666666666666,1.2760995801608042,0
ACQGF9PXBB35M,9,4,0.7777777777777778,0.6178125795772855,0
ACQYIC13JXAOI,61,2,0.5901639344262295,0.6532899865342257,0
ACR5NF8LQ9WF4,7,1,0.8571428571428571,0.8196957043687041,0
ACREH4UJ7IEKU,6,5,0.5,0.5099098217315273,0
ACRLL3VXRM4V1,5,3,0.6,0.3449236728184095,0
ACRSBYVX737SS,12,4,0.6666666666666666,0.628936505381518,1
ACRU2ZKIZ5ICA,7,1,0.7142857142857143,0.9037901947676384,0
ACRUPCVEFLP4X,6,3,0.6666666666666666,0.6118282498184459,0
ACS10ZOB8XCGO,20,8,0.45,0.67783467217321,1
ACS1SMITQ63F4,5,3,0.8,1.2894827586206898,0
ACSB6YEM3Q6Q1,9,1,0.6666666666666666,0.836548545564939,0
ACSC1GIHEG8PR,5,1,0.4,0.9438311688311689,0
ACSRLM63AVH1F,5,1,1.0,0.7101698785085883,0
ACTE5JQ9ZEMA9,6,1,0.8333333333333334,1.4237830448201825,0
ACTPKR50TGN7D,5,2,0.2,0.41157832796387,0
ACTSPBEX8BB03,6,2,1.0,0.3233256014654118,0
ACUMU8SJT1WOM,5,2,0.8,0.982716049382716,0
ACV0DOQBKUH4O,5,2,0.6,1.270870240870241,0
ACV2QOBZ4Y00W,5,1,0.8,0.6015566882490702,0
ACVF82ZXCWP31,5,2,0.8,0.6633658064358011,1
ACVGH6J8GWEH6,8,3,0.25,0.8250467823180492,0
ACVKFV8LD7HDH,10,2,0.5,1.3064521796212816,0
ACVU7OORPTPVX,9,1,0.7777777777777778,0.7660233384943169,0
ACW1Q5ZX1A31W,8,3,0.875,0.9790886458928911,0
ACWAN8W8AXVJZ,5,1,0.8,0.9761694697678468,0
ACWATJN494ICW,5,4,1.0,1.3747899159663866,0
ACWSLC5PSZAXF,6,3,1.0,0.7815408953436447,0
ACWTHJJQCYG03,7,1,0.2857142857142857,0.6081453634085212,0
ACXPRSPIVAS6H,5,1,0.8,1.0197012138188608,0
ACXRG7Q1U86F5,5,2,1.0,1.103895781637717,0
ACXUVW6BIHU6C,9,2,0.4444444444444444,0.6945770534102897,0
ACYC9OP9ESIM6,5,5,1.0,0.5991257689678743,0
ACYR6O588USK,25,2,0.84,0.8556044086632322,0
ACYSIALDXXOHI,9,6,1.0,0.6508597883597883,0
ACZ7G0OF0XZKI,9,8,0.5555555555555556,0.5642026970378637,0
ACZ7LPQ281ZR3,7,2,0.8571428571428571,1.6964503612429696,0
ACZD1BCN2YU67,7,3,0.5714285714285714,0.945715972339349,0
ACZYLE440LNVT,13,4,0.7692307692307693,0.8730066484187363,0
AD00RQLTDBIO2,6,2,1.0,0.4915622389306599,0
AD09AO2MAQFWS,8,3,0.5,0.6287971526731995,0
AD15YMGAUGXFB,8,2,0.875,0.45955494910441674,0
AD1BODIB6WLQ2,5,2,1.0,0.36313286808976464,0
AD1MRUOBFE8FG,25,1,0.6,0.47594635036121846,0
AD1WVH9MP1ZS6,7,2,0.8571428571428571,0.827368753736397,0
AD20KMDUDP5EF,6,5,1.0,0.5176294561540463,0
AD2871D0DKXS0,5,3,0.0,0.6805729529111574,0
AD2GPNMQJNV9X,7,3,0.42857142857142855,0.7529079423977383,0
AD2HJFO8KQNHT,5,3,0.6,0.5081632653061223,0
AD2KEOIA6BSUZ,6,4,0.6666666666666666,0.7728594288785581,0
AD2XR1U9LMTOH,5,3,0.8,0.580849934820949,0
AD3T2UHBH86B9,6,3,0.3333333333333333,0.9435185185185188,0
AD4157JAQ17T9,7,2,0.42857142857142855,0.6719479445285896,0
AD49US86GSQ4V,7,1,0.42857142857142855,0.4479591836734693,0
AD5OQXJ9OP6UO,6,1,0.8333333333333334,0.8511473429951689,0
AD5SB64C76M0I,6,3,0.3333333333333333,0.6376262626262627,0
AD62LD1Y5N2D7,7,1,0.42857142857142855,0.66508748426907,0
AD62SC9WY4QY5,7,2,0.5714285714285714,0.5164659405587815,0
AD638WKA31YYL,5,3,0.6,0.8103354978354979,0
AD6OWWB6FO7Y0,5,1,0.8,1.1153343388637507,0
AD75DV2LKDOW7,9,4,0.6666666666666666,0.5255774827849056,0
AD7WMABMPXIOY,12,1,0.75,0.8295772773414333,0
AD8B5TP4BSP9C,11,1,0.5454545454545454,0.8744581176399359,0
AD8EAN16XJVP6,6,1,0.3333333333333333,0.5782254782254782,0
AD8G6JC492GZX,9,1,0.7777777777777778,0.8069780718982837,0
AD8T1ATRFOVYE,6,2,1.0,1.0655092592592592,0
AD8UOWO6YKG0Y,5,3,1.0,0.877507659955478,0
AD9GX8BYR4377,7,2,0.7142857142857143,0.9258987440599216,0
ADA6AMI54Y4X0,6,3,1.0,0.5454013154701228,0
ADAVEDQ2BK3XE,6,2,0.6666666666666666,0.8776878031955971,0
ADB8XCKNSDY5Z,6,1,0.3333333333333333,0.4498031299840511,0
ADBG81ZG0O7SI,5,4,0.6,0.5100198920147767,0
ADBHIPICHGAM8,15,5,0.13333333333333333,0.6317154296580073,0
ADBMC6M91XYPW,5,1,0.2,0.8099797994346059,0
ADBQ1ZDM5KL1G,9,5,0.5555555555555556,0.8138022950484891,0
ADBU4Y14RP5PN,8,1,0.875,0.7030124083432907,0
ADC4LHC9YFI92,6,2,0.8333333333333334,1.1334046857998954,0
ADC846Q1W4YHD,7,2,0.8571428571428571,0.5176628036444119,1
ADDSLR3U3UJD9,5,1,0.6,0.04705882352941178,0
ADDSMW8LJ31Q3,6,1,0.3333333333333333,1.6274990036901198,0
ADE482XHZSXKM,5,1,1.0,1.6004658385093165,0
ADE9Y7MODO51A,5,2,0.4,1.138572540719796,0
ADF2HJPRW1BZG,5,4,0.8,0.6491622103386809,0
ADF86HAB3K6EF,9,1,0.7777777777777778,2.865691358733393,0
ADFEY653CEBZ9,9,5,0.8888888888888888,1.5808293508562326,0
ADFKQEK4TP0TW,6,3,1.0,0.7032828282828284,0
ADFPSCR19NA33,12,2,0.3333333333333333,0.6185028540160609,0
ADGGGIV1I1OIW,6,3,1.0,0.5597466835780778,0
ADGO5A1QI41T,17,6,0.8823529411764706,0.7295029255567165,0
ADGOVXOE7QXXI,22,3,0.8636363636363636,0.5755919112398865,0
ADGRGP45LC5JZ,5,3,1.0,0.6166666666666666,0
ADH0O8UVJOT10,6,2,0.8333333333333334,0.6037555549902366,0
ADHABLMCBV9CG,5,1,0.6,1.3455295566502463,0
ADHK5MKMKEUHZ,7,2,0.7142857142857143,0.9188259215077414,0
ADHLG6CZ597MY,5,3,1.0,0.8136608298080846,0
ADHQKNPEHLE17,7,5,1.0,0.5630385487528345,0
ADHSORA794GWJ,5,2,1.0,2.222987012987013,0
ADI2V9PO71H81,5,4,0.8,0.6232872479823699,0
ADIDN6XPZSXWB,8,6,0.0,0.5895156136630018,0
ADIEIQTLKI89V,5,2,1.0,0.37289473684210517,0
ADIHEOOO6PUZ4,5,1,1.0,1.375827123302151,0
ADIY38MRLN2ST,5,2,0.8,0.3484873949579832,0
ADJC7UVU5C4NT,7,2,1.0,0.8268929167588915,0
ADJFEZLUTV7LF,5,1,0.6,1.203781512605042,0
ADJH3RUOLDJVL,5,4,0.2,1.0647755991285404,0
ADJHDFYZSVAPF,7,4,0.8571428571428571,0.5124711460392705,0
ADJKQDACHPWCX,6,6,1.0,0.9034735399536159,0
ADJMETBPYJL7Q,14,2,0.21428571428571427,0.6963471542617522,1
ADJOGYVD3C66D,5,2,1.0,0.5315134099616857,0
ADJYPGPJHF1K4,6,3,0.5,0.8420433574229195,0
ADKDLVC83NZN5,5,2,0.6,0.4400129870129872,0
ADKHI1TUGAX4,6,1,0.5,0.26452991452991453,0
ADL51Y71SZ07K,8,1,0.375,0.6498938561438561,0
ADLBBN13D7TR5,5,2,0.8,0.6388046284344459,0
ADLP6U3FUNG70,5,3,0.8,1.0264854090059305,0
ADLV35W3JE3WF,5,1,0.2,1.9684829059829059,0
ADM7TYXR8KV29,7,2,0.7142857142857143,0.48928951126877795,0
ADML0D7XXX1A6,5,3,1.0,0.35326057340604944,0
ADMLMHWFGY3Q7,5,1,0.4,0.6542285601109132,0
ADMSZ0X6EZUA9,5,2,0.6,0.6883508771929824,0
ADMUMWBE64BMZ,15,5,0.8666666666666667,0.8515814243179972,0
ADN0RCVJEJUWI,10,4,0.5,0.5734881368839388,0
ADNJJMUSQ2IDD,12,3,0.8333333333333334,0.7730033455744406,0
ADNX0ZTI9L1PY,5,2,1.0,0.4777658431793769,0
ADO1FR4GR9KG2,5,2,1.0,0.4916666666666666,0
ADODSAZA0QDOB,7,4,1.0,0.7727853064809586,0
ADOGOPFTKOQW9,10,1,0.1,0.6363660595523513,0
ADOQEB6QHONTY,8,3,0.875,0.40940579576250313,0
ADOVS5KA4XGBO,8,7,1.0,0.7770625765045518,0
ADPA0H8V1LG2Q,6,2,0.6666666666666666,1.8394688644688646,0
ADPDMLUDAMML0,6,1,0.8333333333333334,0.47316305980099066,0
ADPEAW8G1AQID,6,2,0.8333333333333334,1.436799344066786,0
ADPLZ2BRR4ACQ,5,3,1.0,1.0351743565768812,0
ADPP0TXH70ON8,8,1,0.25,0.40800857675857677,1
ADPQXAFVQ653F,7,2,0.0,0.5243748052143449,0
ADPSGEUFKXAY6,11,3,1.0,0.5625304222252794,0
ADPWNILB9BN9U,5,3,0.8,0.5195238095238095,0
ADQHHZAKMOJZC,6,1,0.3333333333333333,0.2747355693142924,0
ADQXVKPS5CFK5,8,1,0.375,0.8518626535669411,0
ADR6157NMQOTV,6,3,0.3333333333333333,0.6260403672903673,0
ADRALQ5LX7UXP,6,2,0.8333333333333334,1.3972714043172445,0
ADSBLGTMHO0DP,7,2,0.7142857142857143,0.4220784645596674,0
ADSF2TWAQS044,11,2,0.5454545454545454,0.730967264814902,0
ADSXUQX5KWV6C,6,2,0.8333333333333334,0.48333614953322535,0
ADSZFYL0DP2R1,6,6,1.0,0.597573557805538,0
ADTG5DS3C1XPB,5,2,0.6,1.2830199430199432,0
ADTGWOXJWWAY7,5,1,0.8,0.9757575757575758,0
ADTRPBYXKK8BE,5,1,1.0,0.4263933891834066,0
ADTUS88NFTW23,10,1,0.5,1.3712754013055217,0
ADTUXCFI51M0D,9,2,0.5555555555555556,0.5993191918101416,0
ADU56N9Z46FTF,5,2,1.0,1.1073333333333335,0
ADUD85JE0U4GF,5,3,0.8,0.3938867184172029,0
ADUT3M0FDX7Y3,14,6,0.6428571428571429,0.679805541312288,0
ADUT8PGXFQFNQ,6,2,0.8333333333333334,0.63136471637189,0
ADUTTER4DACSE,8,2,0.5,1.371500611084247,0
ADUYUQHXRD6F1,6,1,0.8333333333333334,0.6011124761124761,0
ADVAOWPCRO67,9,4,0.7777777777777778,0.6126931645411745,0
ADVNOBKDZROPH,9,2,0.8888888888888888,0.49316440621463387,0
ADVSW4W1HHYF7,6,1,0.3333333333333333,0.7814525462962963,0
ADW9VUM2NREY8,5,2,0.4,0.7134199134199133,0
ADWNP4AT5HTGV,11,2,0.45454545454545453,0.532267960618658,0
ADWUBOHYNBG9O,5,4,0.8,0.6051579626047712,0
ADWW5BZJ1VWLT,6,2,1.0,0.7848173515981736,0
ADWWNMEYNO12R,5,1,0.2,1.730489805893032,0
ADX13PR5U2JKW,7,2,0.7142857142857143,1.1662893728920138,0
ADX2LGXIE9NDS,5,4,0.6,1.0426345750524317,0
ADX2Y1FI2JUYM,15,6,0.8666666666666667,0.4997840184300157,0
ADX81OJF8C5CF,5,1,0.4,0.74,0
ADXK3LKHL8ZSV,9,3,0.7777777777777778,0.5870067325175683,0
ADY22LZ9XAYV6,5,1,1.0,0.36063544637111294,0
ADY6USUU26QTZ,5,3,0.6,0.5921187455320247,0
ADY9HT6IIILB9,7,5,0.7142857142857143,0.6379295307866736,0
ADYGE1FVW9U72,6,3,0.6666666666666666,2.1784902597402596,0
ADYRLMDROBAXW,23,8,0.782608695652174,0.7266203592059659,0
ADYZKTC3R4X63,5,4,0.8,0.6888354506957046,0
ADZ2QODSMGAUG,15,14,1.0,0.519489945239157,1
ADZ4D4V9NDZ6Y,6,1,1.0,1.2954546633468202,0
ADZIJQN6MNRAB,23,2,0.30434782608695654,0.7522570991697556,0
AE097AM7851QN,27,9,0.9259259259259259,0.6256896122031603,0
AE0O9GNP52DQ2,5,2,0.4,1.1719286510590858,0
AE0TH3NM24IB,6,5,1.0,0.3083333333333331,0
AE12AEJFCOGGY,23,2,0.34782608695652173,0.631775911359463,0
AE17J3ZHWQBY3,8,3,0.5,1.1146064107461167,0
AE1SRLTQI4VDH,7,7,0.2857142857142857,0.8294882765018234,0
AE1W1CSPT13R3,5,2,1.0,0.6667760180995476,0
AE1ZYTA2ITPK0,11,2,0.6363636363636364,0.5526065184390005,0
AE2DR6ZLPAD2R,6,2,0.8333333333333334,0.5332849615978031,0
AE2GQSSEJ8G6O,8,3,0.125,0.8762495963871675,0
AE2H22PR0TSLC,7,2,0.5714285714285714,0.9701069316615535,0
AE2HQG8WJM545,7,4,0.7142857142857143,0.43356808755711246,0
AE2LECGAQU83Y,5,1,0.4,1.1795367965367967,0
AE2Q1F0D62IXE,5,2,0.6,0.6299356639020232,0
AE2URYCBT0SX9,5,2,0.4,1.1788577072826718,0
AE2X30STEHHY8,16,4,0.5625,1.1000334687904965,0
AE363F9UEW576,12,2,0.9166666666666666,0.9094012317639657,0
AE3BHWNJCRO8R,5,2,0.6,0.6010908681961314,1
AE3PQYXY49FJB,14,3,0.42857142857142855,0.8047546936691656,0
AE3R42KJ3IWLS,7,3,0.8571428571428571,1.5865504096375391,0
AE3S5S2B77PJX,9,3,1.0,0.6863191497829534,0
AE47VC8XN6342,5,4,1.0,0.5698587127158555,0
AE4EIEY8O9GZW,11,2,0.8181818181818182,2.0508333333333333,0
AE4G4UGH25UKG,7,4,0.8571428571428571,0.622614083841705,0
AE4PE48Q2794I,11,3,0.6363636363636364,1.0739643947695172,0
AE4RENZ3VSFCZ,7,2,0.5714285714285714,0.544576017132408,0
AE5O0B4Z1OHX,6,2,0.5,0.8268066847335142,0
AE5O9M61UEA9Y,6,1,0.6666666666666666,0.8034684799095828,0
AE5X7VOCIXCCD,23,3,0.4782608695652174,0.5461079368757563,0
AE6GO9O8C0C83,6,1,0.5,1.0003381190178942,0
AE6TMSEK2YVSG,6,2,0.5,0.5309523809523808,0
AE74FA4VJ8Q4,9,8,0.7777777777777778,1.133825371570217,0
AE7OVAB5CVUPV,5,1,0.6,0.6846450304259634,0
AE7V5RBBRKBVF,8,1,0.625,0.9335676250078424,0
AE7ZCUUEMWGFZ,8,4,1.0,0.7426459162301304,0
AE85UF0WKD80A,7,4,0.7142857142857143,0.9931632653061223,0
AE8CF0V7WEY6Y,5,3,1.0,0.8283297651718703,0
AE8LCUNRSTTW2,8,1,0.25,0.9238734355921856,0
AE95ZT9BI2ZFG,7,3,0.8571428571428571,1.1727991116467915,0
AE9F14HQR1YS1,6,6,1.0,0.64599238041861,0
AE9GUJOQKSOAA,10,10,0.9,0.5500431674500011,0
AE9Z0T5VCMESA,6,3,0.8333333333333334,0.6495331465919701,0
AEAIND7LLDW4D,7,2,0.8571428571428571,0.7897617092814136,0
AEAYQJZD5K0IZ,5,1,1.0,0.6291960963013595,0
AEBAUPOM4TF9S,6,1,0.5,1.9099615125156921,0
AEBBAHNV53ZIW,6,3,1.0,0.615611540584143,0
AEBDPHCCG6TO9,5,1,1.0,2.074597478248594,0
AEBPVHLHFDZVV,6,2,0.6666666666666666,2.2580928023383264,0
AEBXWBD99FWW0,12,2,0.6666666666666666,1.5663805703773912,0
AEC0I4XOMJJ72,10,4,0.7,1.281905542659166,0
AECFRE7C0CCLU,16,11,0.3125,0.5751691397485001,0
AECHHFHD89CI7,5,3,0.2,1.1365276705276703,0
AECZ9AJ2GTNI9,15,3,0.4,0.8688280597819682,0
AED24PGN5EZRX,14,6,0.6428571428571429,0.8706848673132811,0
AEDDSCHVX31DO,5,2,1.0,0.47120260354302934,0
AEDFR5E06UPJW,8,4,0.75,0.5636753476663166,0
AEE09CTHJUKXR,7,5,0.7142857142857143,0.786889319143709,0
AEE6K6S63EXMY,6,2,0.8333333333333334,0.529972174054807,0
AEEMMKYX27YQ,9,1,0.3333333333333333,0.969471181977156,0
AEF12MHCWA243,8,2,0.875,0.8006884057971015,1
AEF5XY40EGG6G,5,1,0.8,0.526582623725481,0
AEF7CR8SNCYF2,7,2,0.5714285714285714,0.5882156702484558,0
AEFMWTH14ZFWT,7,3,0.7142857142857143,0.978191072913902,0
AEFRL0YRN389H,6,2,1.0,0.45765870079990395,1
AEG3OFU1ALMIF,6,2,0.3333333333333333,0.777008177008177,0
AEG7G69MYOTZC,8,5,0.875,0.5370893959435625,0
AEGRQ8VFNT71T,6,3,0.3333333333333333,0.6537047479810637,0
AEHO5T9MU0MJY,8,1,0.375,1.18483176909067,0
AEI18WXR9RWT4,6,2,0.0,0.47504258623376483,0
AEI6MBDTGGIQU,7,2,0.42857142857142855,1.559778911564626,0
AEICY0E9YMZDP,13,3,0.6923076923076923,0.8688017152832063,0
AEIILE1PUV2W,6,2,0.5,1.6920806150285668,0
AEIIYU21PLLBM,7,3,0.7142857142857143,1.1206916099773243,0
AEJAGHLC675A7,139,2,0.7482014388489209,0.5216838819354008,2
AEJLYLYX4DBB5,6,4,1.0,0.7459420413281692,0
AEJNWMXJS818O,5,1,0.6,0.7732223294723295,0
AEJQ6Q9MSOVHN,6,6,0.5,0.4592592592592593,0
AEK22R8KSM2QG,8,2,0.125,0.6958431328680899,0
AEKID8YBJSV8K,6,1,0.6666666666666666,1.2060185185185184,0
AEKJPCJC2IH3,8,3,0.0,0.5860164141414141,0
AEKNT5K9X1ZI1,5,3,0.4,0.6792858230839904,0
AEKXPITBQW6XO,8,1,0.75,0.7602610217273111,0
AEL4F8EL8V3L9,6,3,1.0,0.6782407407407408,0
AELG460KTFJNA,5,2,0.8,2.016385882484548,0
AELKG7P19LYHA,6,2,0.8333333333333334,1.100616458704694,0
AELV8AB69M51M,5,2,0.2,1.9777660695468917,0
AELXYY8U89FBI,8,5,0.375,0.5747710622710622,0
AEM5JDYC0TATE,6,2,0.5,0.579193620729671,0
AEM7F3Z6U9L30,9,1,0.4444444444444444,0.5554171487785325,0
AEM9CCSE7CQ9M,5,1,0.6,0.8406895971743336,0
AEMSGB00FL3YO,11,1,0.8181818181818182,0.7602210630899155,0
AEN44U6T9R93,22,4,0.7727272727272727,0.6665892634222086,0
AEN4ZZEL2L1CZ,6,1,0.0,1.414528285907859,0
AENK4X1X4C5CM,16,3,0.6875,0.6454615474087404,0
AENLD33KQ6MJ4,10,2,0.5,0.9550215400963207,0
AENU742EV17J7,29,3,1.0,0.5900782959530443,0
AENWG241KH1LX,5,1,0.4,1.3711594202898552,0
AEO7XW62UARQZ,6,1,0.6666666666666666,1.1498859779304744,0
AEO822Z718KEL,6,3,1.0,0.8053708439897699,0
AEOKL03H269BU,11,5,0.45454545454545453,0.5240741583106524,0
AEOO3M4PS72NM,17,3,0.8823529411764706,0.8843348176500611,0
AEOOZBMUPDHMM,5,2,0.6,0.475389068377228,0
AEOXSEGPBXHIF,7,2,0.7142857142857143,0.9103583716083962,0
AEP6UQQQXO48B,9,5,1.0,0.9189083137073246,0
AEP6XSF7UQK5O,6,2,0.8333333333333334,0.7787468035109545,0
AEPBD0MTKK9X2,8,3,0.375,0.7327530111794693,0
AEPWMQOZYDB5J,5,1,0.6,0.7341269841269842,0
AEQB8TBZA5EL4,6,4,0.8333333333333334,0.4579599572225317,1
AEQDE049FICNF,5,1,1.0,0.9244916502787568,0
AEQKUNN8X67EN,6,2,0.3333333333333333,0.48684370405969285,0
AEQO1ZGKVIOSB,5,2,0.8,0.4768961066329487,0
AEQYAG42F9128,24,2,0.875,0.933795253061915,0
AER08DBAXGT5Y,6,3,0.6666666666666666,0.747010582010582,0
AER2EZOUZSKYB,8,7,0.5,0.5144982246812909,0
AER38WSDYO72S,8,2,0.5,0.7607903357903358,0
AES1WLHGAVKAD,7,5,1.0,0.7729246078596728,0
AES62N9JMEF8O,5,3,1.0,1.0441666666666667,0
AES94FXOUTHMB,5,2,1.0,0.6807437116260646,0
AET5BFTM2U0GS,6,3,0.5,1.5934788613536215,0
AET7IKQNT5CEG,7,2,1.0,1.3228557747446434,0
AET9D5GAZ4MFB,7,2,0.8571428571428571,0.56823720941368,0
AETG43ARLZDZD,10,1,0.9,0.505540529402248,0
AETN1JFSVB8FS,5,2,0.4,0.797010238050374,0
AETVLNIA7RYT4,8,1,0.875,1.1486035954785956,0
AETWNVLTEOTSP,6,2,0.6666666666666666,0.460694405353848,0
AEU0PXF31KEOC,8,4,0.875,0.48922443977591035,0
AEUNTDZLLTQWD,7,2,1.0,0.732010582010582,0
AEUSUWLS9Z4MG,6,2,0.6666666666666666,0.4348274017511596,0
AEV29BSA522EC,12,5,0.6666666666666666,0.74688013136289,0
AEV9CT81N33CR,7,1,0.7142857142857143,0.4203873350066544,0
AEVNTIQFU2TQ6,7,2,0.5714285714285714,0.6732753443933569,0
AEVOIRKIAR9SR,8,4,0.625,1.209925143177272,0
AEVTPBSCCPD9A,8,1,0.875,1.4120589234952416,0
AEWD45LTOTWDA,6,1,0.8333333333333334,1.3921119085592768,0
AEWYUPCNDV7HY,100,4,0.55,0.7374967660437612,1
AEX4BM6L3TRNF,5,1,0.6,0.6179740259740257,0
AEX6CST6WV7ST,5,2,0.8,0.45780696792887204,0
AEX7F29JQ8HKB,16,1,0.6875,0.9277964510369581,0
AEX8HIT291CQU,5,2,0.6,0.7417469806563839,0
AEXS7M2VKYQ7D,6,3,0.8333333333333334,1.0871353062142537,0
AEY6RDKCNLKGG,9,2,0.8888888888888888,0.7232962663385137,0
AEYFQ3FYU4WG1,5,4,0.6,1.1405263157894736,0
AEYG1U7ILRM2W,6,5,0.3333333333333333,0.9376913003946793,0
AEYIBQTRNUBP8,5,2,1.0,0.2168176538908245,0
AEYRKP8X8L9M,5,2,0.4,0.7343703839066807,0
AEYTIBELV1G2R,5,1,0.6,0.9008522254402612,0
AEZG6BJSPF832,7,1,0.7142857142857143,0.8498288406271598,0
AEZIYSTR1GZLF,17,7,0.7058823529411765,0.5572874420131436,0
AF00SVHXXZ5C2,6,1,0.16666666666666666,0.2677054806340773,0
AF0E5TGS52NRD,6,1,1.0,0.9735539883844969,0
AF1FTIRQEUIEG,12,3,0.4166666666666667,1.1886381568399111,0
AF1NVXZ4A86XJ,5,3,0.4,0.786007084853564,0
AF1P3RC6MPU4D,6,2,0.6666666666666666,0.9363331211735466,0
AF21G0G3GTV2C,5,2,0.8,1.0468827992412897,0
AF23PSFR9R89W,5,2,0.2,0.7050779490218755,0
AF27YM78JY8TK,5,3,0.6,0.8689600331500742,0
AF2DBJX3RQVF7,11,8,1.0,0.5319833158009315,0
AF2RGO0246GPY,7,2,0.8571428571428571,0.9023217125515125,0
AF2TVLLDYTX7,6,2,0.3333333333333333,0.8671703296703296,0
AF3D31QX07BWW,5,1,0.4,0.9760494516574371,0
AF3HHL61IMR25,8,1,0.5,1.6472639853813866,0
AF3VJ2YW3BB92,6,3,1.0,0.2861457297958559,1
AF3YNCFFKKOOO,7,1,0.7142857142857143,0.8145136818069147,0
AF3ZIGIYXZUMH,9,1,0.3333333333333333,1.1097772616990986,0
AF3ZRKVXJPDK1,10,3,0.5,0.7449160125365188,0
AF40ONNQIRMXF,7,5,0.7142857142857143,0.6565824617066853,0
AF4MGQIQR9V0S,6,5,0.8333333333333334,0.4196830332456094,0
AF4QSN0KVJWY9,10,5,0.7,0.5955534596981966,0
AF4X6HPAJ7KA8,5,5,1.0,0.23650251430553143,0
AF4YRU0KFXLIE,13,1,0.3076923076923077,0.9155716038685366,0
AF502FLL5WFZ3,7,4,1.0,2.2473775017253277,0
AF5ESP1ZPJVWK,6,3,0.6666666666666666,1.6494902261980062,0
AF5ETZ8HTFJVW,7,1,0.42857142857142855,0.5397161060748819,0
AF5FTJL71VB7L,11,3,0.8181818181818182,1.2334941461140134,0
AF5MSCBHDDID4,6,2,0.8333333333333334,0.6002051983584131,0
AF5MYIR1E75L8,6,1,0.3333333333333333,0.5474759738924865,0
AF5NGZ9YJA3J8,8,8,0.875,0.6623336834733895,0
AF5UPK1K0TZVK,7,5,0.0,0.48505507695068883,0
AF5Z5CNJW28WW,5,2,0.6,0.9494827586206895,0
AF64NAM5XBWAY,11,7,0.45454545454545453,1.0146938715492928,0
AF67P6581W0JC,5,3,1.0,1.141789033712809,0
AF6F8M9MNUWUG,6,2,0.6666666666666666,0.9677950351785478,0
AF6G3FWPES2BM,8,5,1.0,0.7869170703848123,0
AF6PSN8I17GSU,5,4,0.6,0.7651014195192751,0
AF6VCO8270L2N,11,2,0.18181818181818182,0.5775650893966402,0
AF6XN610YKQLH,5,1,0.4,1.619029525140848,0
AF71V4Y923I63,5,2,0.8,0.9893933025080566,0
AF7CWQNEAW1UZ,11,1,0.36363636363636365,0.44368429189857755,0
AF7D0R98AI0NL,9,5,0.8888888888888888,0.7466859256330137,0
AF7NWNPFJX4XJ,11,5,0.45454545454545453,0.5584216583380855,0
AF7REHI1Y5DQD,5,1,0.4,0.4696710942441493,0
AF7ZY22W9KG0L,5,4,1.0,1.5767857142857142,0
AF8NC7SYC33JB,8,4,0.75,0.5693700396825397,0
AF9FUZJBGH76W,6,2,0.5,0.5579165841420742,0
AF9GHFH7O50ET,5,1,0.6,2.5906818181818183,0
AF9OYN557Z77I,6,1,0.8333333333333334,0.7679617835802146,0
AF9TYXG5OIMZL,5,2,0.8,0.1890196078431373,0
AFBHNWYD37MJG,6,1,0.6666666666666666,0.17222222222222228,0
AFBPWRW6HBLDF,5,2,1.0,0.8937743950039032,0
AFBUDZ63FOLVS,23,2,0.8695652173913043,0.5358353523853576,0
AFBXQDFJF33VS,9,1,0.7777777777777778,0.7922558922558923,0
AFCAZIM440BI4,11,3,0.5454545454545454,0.48187796428751073,0
AFCLR2ITPE5AZ,6,4,0.6666666666666666,0.7915504362699836,0
AFCQ78N0GKHRZ,19,4,0.7894736842105263,0.7755035315561633,0
AFCVVCYYP4Y6L,5,2,0.8,0.35085560463183646,0
AFD37Z3CRRQMM,5,1,0.8,0.47896333057623364,0
AFDW8D6VMCZBO,5,3,0.4,0.26302925152962875,0
AFEIDDS1U2U3O,5,1,0.6,0.5699654934437544,0
AFEK14A7MNGTV,5,3,0.6,0.44196712712012587,0
AFEKIJE6YASCB,9,2,0.8888888888888888,1.3903708649118687,0
AFERMR9RNPIWQ,5,3,0.4,1.6676470588235297,0
AFFASX0TNO0QP,5,2,0.8,1.5604404987801572,0
AFFIQR4UGBCBC,5,1,1.0,1.0274282386221816,0
AFFJSLANB28F7,7,1,0.14285714285714285,0.9058144090969721,0
AFFY9QXWHZZST,5,3,0.6,0.81359418767507,0
AFG005J657WY5,9,5,1.0,0.36598058326644506,0
AFG12IEZUKI2S,5,4,0.8,0.5666257854493151,0
AFG4D2RELLZZI,5,4,0.8,0.3583591926778662,0
AFGBQJFS46U9E,6,5,0.3333333333333333,1.1949105736038317,0
AFGLC9EDU5DDY,5,1,0.4,1.1577070371488976,0
AFGTF6XOJUC8S,5,1,0.6,0.6804177109440268,0
AFH3LIQXXEB6B,5,1,0.4,0.8663636363636364,0
AFHBSL4JPSJ04,5,3,0.2,0.8270081629025912,0
AFHM8LWBUDBO2,5,2,0.2,0.6242580443611372,0
AFHYEO3Y1IIDD,39,3,0.6666666666666666,0.8257868289684855,0
AFI2GX7CAYGC1,5,1,0.8,0.6236108028116909,0
AFIR57I2Y901O,26,2,0.6153846153846154,0.7640199340204495,0
AFITFTAG0FKG4,7,1,0.42857142857142855,1.0151269675649521,0
AFITTL8QQB8N,6,2,0.16666666666666666,0.9343902226861515,0
AFIYOQOG778DA,5,2,0.2,0.3345238095238095,0
AFJ6ZVBQG4LRK,10,1,0.7,1.2424872557349194,0
AFJIA32NLIHSI,10,5,0.5,1.3681257662485282,0
AFJSV43FD2ZRA,5,2,1.0,0.4571428571428573,0
AFK892KY3M57U,5,1,0.8,1.0060096153846154,0
AFKMY7WCDGUL2,5,2,1.0,0.7984848484848484,0
AFKSEPX9W2CA0,5,3,1.0,0.313282542867776,0
AFL8DI2C1ZPU8,6,4,1.0,0.6249031007751938,0
AFLSOO2COOI7A,5,2,0.8,0.4771767894149532,0
AFLT6UHXHRU87,7,4,0.8571428571428571,0.45701745646191555,0
AFLT7BQX5ZI4I,5,3,0.8,0.4170968351523422,0
AFM77XOJX20C,6,3,0.6666666666666666,0.8645076314087202,0
AFMMYIN0TXT7V,6,5,0.8333333333333334,0.8659202569916856,0
AFMVQ27SB2N8U,5,2,0.4,0.9418373442566992,0
AFN1L4WPOV13K,21,4,0.9047619047619048,0.8126502631792706,0
AFN32PGTZ31MV,17,1,0.29411764705882354,0.4978921622415453,0
AFNE6AFYU3ZVD,8,1,0.625,1.1448172744594118,0
AFNQ627UCEQH1,6,2,1.0,0.9371500139645302,0
AFOI8LFZOXMFX,16,2,0.8125,0.7203610003372232,0
AFOPIBDOIDIG5,6,3,0.6666666666666666,0.6886678315664384,0
AFPQPO5INP7C3,23,4,0.5652173913043478,1.529228928574187,0
AFPSKCPSXE7XZ,5,4,1.0,0.6393650793650792,0
AFQDG0BKGQ6BK,6,2,0.8333333333333334,0.6981058830423065,0
AFQLV1X8EY042,8,1,0.75,0.6838786027503712,0
AFQNB98RN0LYU,7,3,1.0,0.7530979259173548,0
AFQZQYJZ8HR2V,5,1,0.4,0.40079432624113476,0
AFRNZC5XAWY2J,5,1,1.0,0.6535459360115603,0
AFROGMQUUAQK2,8,3,0.75,1.3397344121257369,0
AFRPS2HGKKF7Z,11,4,1.0,0.8131882017215877,0
AFRU4OKWMJJIR,8,2,0.625,0.7538718270448128,0
AFSVO2X2ECRD2,13,3,0.5384615384615384,0.6952069647771005,0
AFTA0RLE9ELTM,7,2,0.8571428571428571,0.9431682585348928,0
AFTOJCGW8QXAV,5,1,0.8,1.0247063702191457,0
AFU75NX4Y9WA8,14,3,0.35714285714285715,1.7623192556543508,0
AFUBIHEP3H76O,17,2,0.7058823529411765,0.8157715813598166,0
AFUGQP2NS6IMD,7,4,0.8571428571428571,0.8290022149210562,0
AFUZA5L0OBGX6,6,2,1.0,0.6978945207847205,0
AFUZXN7X0M1XV,7,3,0.8571428571428571,0.368871487989135,0
AFV2584U13XP3,20,1,0.85,0.6564547754316256,0
AFVISOZWL410F,7,4,0.42857142857142855,0.5947729577769901,0
AFVO217Q5P5XF,7,1,0.7142857142857143,1.1571862971176472,0
AFW0DOKAFVQYF,5,2,0.6,0.7675236167341433,0
AFWIQ3NRAWYAV,7,5,0.2857142857142857,0.6522964358157056,0
AFWMVMPB2WVP9,5,1,0.6,1.6078138528138528,0
AFWNB49LVPXT2,5,3,0.6,0.9590489510489512,0
AFWX74XOJQEVY,8,2,0.75,1.0535521259785967,0
AFX4E33OXUB76,5,4,0.4,0.6403609903609901,0
AFX6DK3RMHQGO,5,2,0.6,0.6965079365079363,0
AFXNXN8TMGKZF,5,1,0.6,0.7428397992403688,0
AFXQKP2AVULA1,5,3,0.2,1.4344110275689221,0
AFY1YIAQD5Y0J,9,2,0.8888888888888888,1.7948746222331127,0
AFY2MWSB3HI1C,7,4,0.5714285714285714,1.0063517831374973,0
AFYSJG723ZV12,5,4,0.8,0.5710446075663468,0
AFZBF0RDO8G8,5,4,0.6,0.8555368182826875,0
AFZKMBCM5050L,14,3,0.6428571428571429,1.0513587330719427,0
AFZL13QCWF7AS,5,1,1.0,1.2840377043549,0
AFZWQI2GHZKUF,5,4,0.8,1.0150510892616158,0
AG00PGSTKXI9E,7,2,0.7142857142857143,1.2727950514328223,0
AG051YWDHHR13,5,3,1.0,0.9126236223465775,0
AG08KHIO8TVPY,8,2,1.0,0.6249918831168831,0
AG0GNIZ34DZP6,6,2,0.16666666666666666,0.554558851781074,0
AG0LPI8LN5U9K,11,4,0.45454545454545453,1.4858663125545897,0
AG16PRCYMVTOA,10,4,0.6,0.5187930944913003,1
AG1MDK0TA0GUM,7,1,0.5714285714285714,0.408622723758389,0
AG2HIXA3FF28S,15,8,0.6666666666666666,0.8455438683152157,0
AG2MQJHQ80DUP,6,4,0.3333333333333333,0.6885166575958378,0
AG2SVK72GTWRW,6,3,0.8333333333333334,1.0103174603174603,0
AG2U1NI7EZ5V,10,8,0.9,0.5061493482126702,0
AG2VAQY6DCI5R,7,5,0.42857142857142855,1.5083868400854619,0
AG2ZX0UKD6F5E,5,1,0.4,0.7726242236024844,0
AG365K2OBU3Z7,7,2,0.8571428571428571,1.1381420511855296,0
AG39CXVXZVJBM,7,2,0.42857142857142855,0.47698412698412707,0
AG3JJ7E89AYP,5,2,0.6,0.5471523346180579,0
AG3MRUYCGF5CG,5,1,0.8,0.9764716669723088,0
AG4CVJALRXJC3,5,1,0.6,1.3619917440660474,0
AG4LBEYRCWT9S,26,8,0.8076923076923077,0.7873997664104058,0
AG4MMQYOIPNIV,7,4,0.5714285714285714,0.7498120300751879,0
AG4U11RFDY7LU,5,1,0.8,0.7536075036075035,0
AG507BWAFAO50,7,2,0.8571428571428571,1.6685688839342514,0
AG535XPWWJ57J,7,3,0.0,0.5992717300497619,0
AG5GOXV38CWFY,5,4,0.2,1.0287312884966926,0
AG5KHHZ6RADRF,5,5,0.0,0.8961538461538462,0
AG5KVHO71PYBJ,6,3,0.5,1.5003244383753003,0
AG6D3NM93UO3Y,6,2,0.6666666666666666,0.8707191690423398,0
AG6QJKU6WXSE6,7,2,0.7142857142857143,0.7503791857980903,0
AG7UPJV2IDKTO,14,3,0.8571428571428571,1.0155366324380144,0
AG83MQBMP77GP,6,2,0.16666666666666666,0.9239926739926742,0
AG8AC5PYQ565C,5,1,0.8,1.3181188491873423,0
AG8E2F0G98ZTB,28,2,0.32142857142857145,0.6267322484095361,0
AG8XXURGEVC3,13,2,0.8461538461538461,0.7770310881535022,0
AG8YP2XTC5X1I,25,8,0.6,0.5928324464749875,0
AGA6B9FHJ6HY0,15,2,0.6,0.809263126609008,0
AGA7LFNS3YUXC,16,1,0.3125,0.6652211151375231,0
AGAEUZKE4SKT2,6,1,0.6666666666666666,0.4691865181334201,0
AGAH1DTP3T5AG,7,2,0.8571428571428571,1.082659189802047,0
AGAHIHVVDJZQ6,7,1,0.42857142857142855,1.0448361162646878,0
AGAN6583I4QSF,5,3,0.8,0.9429516522055976,0
AGB7UQZMVHNUJ,5,1,0.0,0.34045977011494255,0
AGBFIQMV9L61Y,13,1,0.5384615384615384,0.5788830172741455,0
AGBNZH8PJF2UY,15,8,0.7333333333333333,1.229179402394656,0
AGBOCY4VZ3NYE,11,6,0.45454545454545453,0.705375580320148,0
AGBYQA6RPY6VN,5,3,0.6,1.0934703557312253,0
AGC3LVDTAXMS4,20,4,0.9,0.6323774020243949,0
AGCQY1LAZ3NW2,6,2,0.8333333333333334,0.7393097643097643,0
AGDP18EW9AE37,5,2,0.8,0.4598893280632409,0
AGDRYPBKTYBGA,5,3,0.8,1.048062804136253,0
AGDWVRFL81B4O,12,2,0.75,0.6301688548047947,0
AGDYZCLB7HMCG,5,5,1.0,0.7795283018867925,0
AGEI76UGZHFN3,10,3,0.3,1.6990649508403557,0
AGEMHKI1MXI0E,5,4,1.0,0.5255564043799337,0
AGEOKCBGVUQV6,7,1,0.8571428571428571,0.7283824640967497,0
AGF5IF0DR32RQ,7,4,0.8571428571428571,1.0843915343915342,0
AGF6MOOI4225M,5,1,0.8,0.7462408424908424,0
AGFFKWIQYKEYH,8,1,0.625,0.901154135375949,0
AGFUJAPEIOEXR,16,1,0.25,0.6497441096096964,1
AGFW667QNHDOY,22,2,0.6363636363636364,0.8077222678454379,0
AGG0XJ3JGRQ5S,6,5,0.6666666666666666,0.566533836328509,0
AGGIG4GSY7HAB,5,3,0.8,0.6722691375400736,0
AGGK2X8P26FFY,7,2,0.42857142857142855,1.5489036673110248,0
AGGR4VMDX9Y01,7,6,0.2857142857142857,0.5534644675480256,0
AGGYFNOAD9SBJ,8,1,0.625,1.1881026346402814,0
AGH9FOHXRAQ5E,5,3,1.0,0.3723809523809523,0
AGHXKB22N9DYR,17,9,0.8235294117647058,0.7505100141053649,0
AGI2TGGQEEY9X,7,3,0.5714285714285714,0.6776499252183141,0
AGI34T5QZWBBC,6,1,0.8333333333333334,0.8086893516530701,0
AGIK1GKXXV6PY,6,3,0.5,1.1937937793200952,0
AGIQQVLJ58EBL,5,2,0.6,0.6449402880224797,0
AGJ89OG4HNWW5,5,3,0.8,0.7227874933757287,0
AGJYODE19RSGR,6,1,0.6666666666666666,1.0006034714197336,0
AGKUW5GIDYSG2,6,3,1.0,1.060438417791359,0
AGLLRYG6Z3LUJ,7,5,0.5714285714285714,0.7608762176692034,0
AGLMA1JNSJTTG,6,5,0.8333333333333334,0.36869633983236655,0
AGLQ6ZKYYT4R4,9,4,0.7777777777777778,0.6331861614002812,0
AGLQXI48J4AI5,7,2,1.0,1.4266190295746946,0
AGM7ATQ8V6B9S,6,4,0.0,0.726721942811173,1
AGM8AI8Z6SJ7V,5,2,0.8,1.2341545504536662,0
AGMK7YDO9AIWP,12,5,0.8333333333333334,0.9676939881790013,0
AGMU95SWMYVPZ,5,1,0.6,1.2634256816182936,0
AGN7HY13L1RJU,5,1,0.0,1.3595334490071331,0
AGOEVYHKSNPOR,6,2,0.8333333333333334,0.4652398152243354,0
AGOH8N902URMW,74,4,0.7567567567567568,0.7842494489280211,1
AGOIS4LC6AY9I,6,1,1.0,0.8291061049500618,0
AGOMW95M7MIV,7,3,1.0,0.8846147607271728,1
AGON589HSB0P4,5,1,0.4,1.5845709845709846,0
AGOZAFK7KYFQD,7,5,0.5714285714285714,0.6057158939997754,0
AGP19FB5K1OIC,5,2,0.8,0.5223064403627065,0
AGPAM84DY7EMX,7,7,1.0,0.2236004736004736,0
AGPOXH2TDCUHG,5,5,0.4,0.3536168546365914,0
AGPZ9FW0WD0PF,5,1,0.8,0.5114833264841785,1
AGQ3WPCQHF43X,5,1,0.6,0.7347619047619048,0
AGQ45LLYE4LQO,5,1,0.8,1.5559523809523808,0
AGQ832NX4979M,5,1,0.8,0.39263492063492056,0
AGQFB60B5A1E8,7,2,0.8571428571428571,0.6400883013303843,0
AGQIKGB66P607,5,1,0.6,2.4102770562770557,0
AGQV1ZHY2TK3N,5,1,0.6,0.669013846673421,0
AGQZGMC4WLPGO,5,2,0.8,0.531111111111111,0
AGR1G5S0BO3R6,12,7,0.8333333333333334,0.7361627463638958,0
AGRK0C0FGMQKK,10,3,0.8,0.5220520405777471,1
AGS3TT2IXQ9C7,5,1,0.8,2.1586303939962477,0
AGS9MKJO7DLGZ,5,1,0.6,0.6477018633540373,0
AGSC327PXS3W6,16,3,0.75,0.9115815597919451,0
AGSNR3BDHBQ7C,5,4,0.6,1.6348299319727893,0
AGTKEYTCDZXO4,5,2,0.2,1.1500589306760953,0
AGU0FWLEWIQBP,8,2,0.75,0.3730097592859118,0
AGU7N9HSQQ57C,10,2,0.4,0.609313048063048,0
AGUIDZ5H8LFPQ,5,1,0.0,0.6624414035353726,0
AGUO8C8CIUBPL,8,2,0.875,0.6436419800308262,0
AGUQZUI2AR6XW,6,1,0.6666666666666666,0.9038287547496915,0
AGUR7X3147WQE,21,8,0.7142857142857143,0.8403895613960831,0
AGUUL1TIUPEJM,5,3,0.4,0.7825848936065654,0
AGUXXFCVUZ8HK,10,4,0.9,1.2043037518037516,0
AGV5H61U4QUJW,8,5,0.625,0.4700957179860773,0
AGVH2UVB4QZSS,8,1,0.625,0.685972116119175,0
AGVYD8F7E5TLI,6,3,0.6666666666666666,1.3126615249306541,0
AGWE0KVWYJ7BR,5,1,0.6,2.18780701754386,0
AGWE8Q29BAZ84,6,4,0.6666666666666666,0.7886243386243388,0
AGWPEF3TA2U42,5,3,0.8,0.5337437070938214,0
AGWVKYM50CZ5E,11,5,0.36363636363636365,0.5816936939029961,0
AGX0E3F1ALEG,7,2,0.42857142857142855,1.7147358398894947,0
AGX8N8O95L9NB,5,2,0.8,1.2028571428571428,0
AGYDSR2K2FS2V,5,4,0.6,0.507362755338224,0
AGYQ2ZF0J0K0K,5,2,0.4,0.5036256081379918,0
AGYYVP030GSR,7,2,0.5714285714285714,1.0257333763544945,0
AGZM4K17J4CRU,10,2,0.5,0.7443777409260651,0
AGZOOPI6GJXFD,5,2,1.0,0.9391863131414325,0
AH0HULTQ44W2,8,2,0.75,0.6133598570028254,0
AH0MSSIX2E0R6,5,2,0.4,0.5187096774193548,0
AH0UFACML9IH4,13,6,0.8461538461538461,0.5240059208997949,0
AH13107WXGG9A,7,5,0.5714285714285714,0.7487681297024994,0
AH1KJ45IQTM4T,24,4,0.625,0.8155474448787868,0
AH1SZFTJE4VPZ,5,5,0.8,1.005042016806723,0
AH291OIQ6DYEB,5,3,0.8,0.8302294019988457,0
AH2J8GCUT37KD,5,3,0.8,1.056160624983105,0
AH2QPLXRNB7TI,5,3,0.8,0.5482876806455691,0
AH31JJKXHMV6W,5,1,1.0,0.6424021450902484,0
AH33TB4STCJ2Z,6,1,0.8333333333333334,0.5255639805329245,0
AH3C1S2P7VS16,5,4,1.0,0.4014895031822931,0
AH3WDMLRQHE2Q,5,2,0.0,0.9137772372554981,0
AH4B2J6Q0X5F7,15,3,0.6666666666666666,0.6998911610465072,0
AH4J9SNZTFE48,5,3,0.4,0.3626811439926193,0
AH4L0WGP61WJ4,6,3,1.0,0.6475739628213943,0
AH5BCMZELZSKG,21,3,0.5238095238095238,0.993553340922791,0
AH5NDKZ3YK0AE,7,1,0.7142857142857143,1.2053869527988057,0
AH5NO0H1U5HZ9,6,3,0.6666666666666666,0.1850382214879501,0
AH5Q5ZFG54E96,5,1,0.4,1.5951282051282054,0
AH5VCWQCHT1Y2,6,6,1.0,0.5597775932078258,0
AH6OYB8SIKPE9,21,5,0.9523809523809523,0.7260384019558723,2
AH7BDAN6I61QV,5,1,0.2,1.1600906246628546,0
AH7DLKHSGZKCR,5,5,0.8,0.5910714285714286,0
AH7EUQC22OVTD,6,5,1.0,0.706229341469616,0
AH80J0RT7BMEQ,9,4,0.7777777777777778,0.995647695020839,0
AH869MKQO31B0,5,3,0.4,0.69725978721869,0
AH8I6HH2VLRY7,5,1,0.6,1.2077124183006536,0
AH8S7X7AJKK81,13,2,0.6153846153846154,1.0136151111760867,0
AH940Q0BZN5DD,5,1,0.8,0.7196923614216285,0
AH9IN34WRKTZA,7,2,0.5714285714285714,1.7423129251700682,0
AH9IOH347K5A2,5,1,0.6,1.2880372142477405,0
AH9TPX4TW5JIO,5,2,1.0,0.7305040189695362,1
AH9VK6BEE5A44,6,1,0.3333333333333333,1.2916355721393034,0
AHAE60LDLIEU4,5,3,0.6,0.5158315289403096,0
AHAIR9GE4IRUH,11,10,0.45454545454545453,0.784633127814946,0
AHAOH3G74S3LI,7,2,1.0,0.4959429115775866,0
AHB6RAJ33HYOU,5,1,1.0,0.8850397381954185,0
AHBEOUSMFQNF4,5,2,0.8,1.2734723402629897,0
AHBOQ0N02OG4U,5,1,0.8,2.500601256836673,0
AHC5V0LEKN2II,8,1,0.625,0.4980210119736405,0
AHCNMT02HZ6VE,7,5,1.0,0.35390961050843955,0
AHCRMQF0LPV81,6,3,1.0,0.9290123456790124,0
AHD5AKX3NH314,5,1,0.8,0.6578674463937624,0
AHD78O90BIZHE,7,1,0.7142857142857143,0.49856674553879515,0
AHD7VJVY32IT7,7,1,0.5714285714285714,0.4397313158673079,0
AHDHIQGIQTVCA,5,4,0.6,0.691194581280788,0
AHED8DKPQ1ER1,9,5,0.8888888888888888,0.8199538782593072,0
AHELID40G3KS,6,6,0.3333333333333333,0.6203390177074387,0
AHER5NLWJW5IC,5,4,0.8,0.3827380952380951,0
AHETVC0QYJT8H,5,2,0.8,0.7347319347319348,0
AHFGCH8LANEZK,27,2,0.5925925925925926,0.7597645602430004,0
AHFX3J2EFPIZ2,5,1,0.6,0.7077237048665619,0
AHG7OKVJWQCUF,9,4,0.6666666666666666,0.7799908424908425,0
AHGT53AWMWCSR,14,2,0.8571428571428571,1.227945847088683,0
AHHCXZQCV8287,7,1,0.5714285714285714,0.6681078432480889,0
AHHV038KLC9H,5,3,0.6,0.6436109487629068,0
AHI9X5MKQH3J2,11,4,0.9090909090909091,0.7957093842859841,0
AHIHM3F4P24TF,9,4,0.6666666666666666,0.7350214709203047,0
AHIJR9QVBQFFV,16,1,0.375,1.5241956021884984,0
AHIUV8RE75DXK,6,6,1.0,1.3292635216295319,0
AHJ3Y5H9NAPAO,28,7,0.75,0.8491602891156462,0
AHJ8BT6HG4L0Z,5,4,0.2,0.8727122427918536,0
AHJROGTYWMWBU,12,3,0.75,0.612522091064958,0
AHK9Z99W9UQE0,6,3,0.3333333333333333,1.148412698412698,0
AHKDSWU5HEH9I,6,1,0.16666666666666666,0.6921939171939172,0
AHKJXWMSUWE2U,10,3,0.5,0.9764252552252148,0
AHKMPSVVJ7MYD,10,7,0.4,0.5592383882759937,0
AHKOPVTQ3IEBL,6,1,0.5,1.348513857276744,0
AHKZMAV762S4E,5,2,0.6,0.7883288669002955,0
AHLDQ5UNL75KC,15,4,0.9333333333333333,0.6343705581889404,0
AHLF5V8B3Z8C7,21,6,0.38095238095238093,0.8346110430867438,0
AHLJS790VGKNE,5,2,0.2,1.31687675070028,0
AHLQKNM0CCHJX,7,3,0.8571428571428571,0.5112303010200286,0
AHLTAOM2825VQ,8,1,0.625,0.5915999262573868,0
AHM04SXO4IQDW,6,2,0.5,0.8202880452880453,0
AHM1BQAMNAGY6,6,2,0.5,0.49201640412402736,0
AHM54PJQF2JA9,8,1,0.25,0.7564748880264067,0
AHMDD7LQJ53TB,8,8,0.875,0.7511191581895915,0
AHN0TOFN3GK5Q,5,1,0.6,1.2857756912740117,0
AHN86VFJIJ2JP,26,2,0.38461538461538464,0.5637344722500367,0
AHNT7KPCYI0E7,8,2,0.625,0.9273252112347856,0
AHO3ONWH3S63H,12,7,0.5,0.6493421169397269,0
AHO6D2H0W140S,6,1,0.8333333333333334,2.8228174603174607,0
AHOIPPX45NJML,7,2,1.0,0.7015045842568037,0
AHOTYSSIOS4TS,5,2,0.6,0.6539715805350481,0
AHOXK15HIY6KG,5,2,1.0,0.6338729013052651,0
AHP1SIOY57W8Y,9,1,0.4444444444444444,0.532065956485822,0
AHPPSX065I54D,8,2,0.75,1.4031119569725492,0
AHPS2A529W2SQ,6,4,0.8333333333333334,0.6101717305957974,0
AHPX71LWPYX04,5,2,0.8,0.7442336427939875,0
AHQ0RRZQU9RD8,5,2,0.6,0.6656628598143326,0
AHQ4S49YMAYSI,6,4,1.0,0.7060384618444658,0
AHQFWUN77ANXB,5,1,1.0,0.680952380952381,0
AHQIFXFV3A8LZ,12,8,0.75,0.6587726939299469,0
AHQTXJQX2584I,9,2,0.8888888888888888,0.5866383036519078,0
AHQUWEU6OHWL5,6,1,0.8333333333333334,0.7094531177399869,0
AHQZ83VQ726ZH,5,1,0.6,2.554681605975724,0
AHR8JQWC1P11F,6,1,0.3333333333333333,0.6201639630211059,0
AHRCOMX6HVLVV,6,4,0.5,0.509083287857578,0
AHRHARRRG24QU,5,1,1.0,0.5263122385840437,1
AHRMLJZTUC6BE,5,2,0.8,0.2757254573383605,0
AHRXKIIL7DFD5,5,2,0.4,0.8515490615348064,0
AHSSHK7X6I1ID,5,3,0.6,0.6803154285043098,0
AHT55KXRUB3N5,5,1,1.0,0.8,0
AHT8F2VO9T2D5,6,2,0.8333333333333334,0.7802661633083593,0
AHU9AJXPMF7R1,5,3,0.6,0.6278605935127676,0
AHUD64YB90TQ4,5,2,0.8,1.167970827970828,0
AHUNA332Z2NB0,7,3,0.5714285714285714,0.6008803347122822,0
AHV3UGWQ74JEA,5,2,0.8,2.0948830409356725,0
AHVAH9UPSLD77,6,4,0.3333333333333333,0.5965959161611335,0
AHVHP0J5Z00EC,11,5,0.18181818181818182,0.8808734415940862,0
AHVLDNLA5IRQ1,5,1,0.8,1.93854526425955,0
AHVM1K3YGXMAE,15,3,0.8,0.5343608927666416,0
AHVV0165ZYBT,6,2,0.3333333333333333,1.3728243182452247,0
AHVWHHTYV3GMP,16,4,0.75,0.7708988375418337,0
AHW7XVP6Y9ZG,5,4,0.6,0.9161111111111111,0
AHW9IEC4YL4LE,7,1,1.0,1.0956856426781239,0
AHWAWAIAJQFVN,7,1,0.7142857142857143,0.8575321737086444,0
AHWDHH3MPRLFV,8,2,1.0,0.7161791444928238,0
AHWLPGLOAGPAT,7,6,1.0,0.5876659914975811,0
AHWLPKVOV84U9,8,2,0.75,0.5593118686868688,0
AHX1NLJVJH49,8,5,0.5,0.8125207785134254,0
AHX3FSCB9SRN3,10,3,0.8,0.9657521982216057,0
AHX8FSNAVR156,10,4,0.6,0.564257314185318,0
AHX8LNAYUCL8W,13,2,0.9230769230769231,0.8997204779763697,0
AHXN03152761I,7,2,1.0,0.6819473303066595,0
AHXRHFIH8TXI5,6,4,0.8333333333333334,0.7292046605876393,0
AHXV3DA6QJRPY,16,2,0.5625,1.0641238998002382,0
AHY3LIK8QYUY,9,5,1.0,0.7849445217660249,0
AHY6I9IFRSD4A,8,4,0.875,1.0638619940729914,0
AHZHWRR0ZHB3X,5,1,0.4,0.7266666666666667,0
AI01HV7G98FJP,8,3,0.5,1.5102029914529915,0
AI0MFWI85NG0H,16,3,0.9375,0.9241849373088429,0
AI0V99FGBKWLB,7,5,0.2857142857142857,0.6243583712128695,0
AI10BK8OABRA1,8,2,0.25,0.5682698787061995,0
AI161PX1MPODJ,8,3,0.5,0.539098909463742,0
AI1J8UQELHK8L,20,3,0.25,1.1307719439219153,0
AI1SBMID464QA,18,6,0.7222222222222222,1.3341610510982271,0
AI20IWUXDTR30,8,1,0.25,1.142769753920322,0
AI29WO72IV7ZM,6,4,0.6666666666666666,0.752334513447957,0
AI2C78Y29TP9H,5,2,0.8,0.8986521181001283,0
AI2JX4DXMQSYH,9,3,0.7777777777777778,0.7482270092339374,0
AI2P9ZSBTP45X,6,2,0.3333333333333333,0.9309110679019188,0
AI2QJ4JZT6EEM,5,1,0.2,1.0133346065699007,0
AI2TFA864UX2S,6,2,1.0,0.9791774332472006,0
AI2WD20YMB1TS,7,2,0.8571428571428571,1.4918963048014124,0
AI3EA48EJQW2Y,5,2,0.2,0.45797940797940784,0
AI3JPX1S4RNQF,6,1,0.8333333333333334,1.443079002318133,0
AI3KZUQVAZXO5,5,2,0.6,1.1007575757575758,0
AI3QWUBQFVP3M,5,2,0.6,0.5458464452214452,0
AI3WJVTOS9QND,6,3,0.8333333333333334,0.9518008492146423,0
AI409ODT5ZPS,6,2,0.6666666666666666,0.686541428165469,0
AI42N06EHAGBH,5,1,0.4,0.8458333333333332,0
AI46TT7QSHRYE,7,4,0.42857142857142855,0.9029787672644815,0
AI481UO6Z3V0A,5,4,0.8,0.47513290802764485,0
AI4AUESH2VFBD,8,2,0.625,0.66040381381139,0
AI4P413T9GWMB,5,2,0.4,0.5028571428571428,0
AI4WN15VV8AYB,5,2,0.8,0.6117216117216118,0
AI57OQ89IH6IF,5,5,0.8,0.7182495471983344,0
AI5BIQGRWBTZH,5,4,0.8,1.5737710437710437,0
AI5MIQYR3JZC5,5,2,0.6,0.5342364532019703,1
AI5N269JP7JAA,6,1,0.3333333333333333,0.9671743329530216,0
AI618IBWLLACA,5,2,1.0,1.0178104575163398,0
AI6H0BAY1YIHZ,5,3,0.8,0.7533160173160173,0
AI72WJFB7ZZ8U,5,2,0.6,0.6012820512820514,0
AI7FG0JAGX77B,7,2,0.14285714285714285,0.5830984943438837,0
AI8CKT111WHK5,5,2,0.2,1.0265591448781106,0
AI8HOA8K4QU2L,17,6,0.8235294117647058,0.8688919293152898,0
AI8XMO4X4JJHK,7,3,0.7142857142857143,0.5598260356774288,0
AI93LF8UZEBNX,15,3,0.6,0.7052694301376938,0
AI9NFEZEWVO7Z,5,2,0.6,0.7979044719866636,1
AI9OK9EA8JAUM,14,2,0.7857142857142857,0.8403399606697646,0
AI9VYV5E5ZCBY,23,4,0.5217391304347826,0.5652533704222116,0
AI9YI4IVOA504,6,2,0.8333333333333334,0.32366273067492574,0
AIA1GFEMLPEF,5,2,0.8,0.6389037433155079,0
AIA874OBKAO0N,12,1,0.5,2.1725039277764844,0
AIAB531WQ3QK4,7,2,0.2857142857142857,1.2593073593073592,0
AIASR7GJGDVJ5,5,2,0.8,1.098062678062678,0
AIAZPWEWIUUYJ,5,2,0.8,0.5291666666666666,0
AIB1C4AQUNY0Y,6,2,0.16666666666666666,0.7501107085346215,0
AIBB1A7AT82FD,7,6,0.5714285714285714,0.575347184192547,0
AIBGSX2D3EXU6,6,2,0.6666666666666666,1.6909571851114569,0
AIBRTGBN07D6A,41,2,0.5609756097560976,0.7115007350634538,0
AIC77P1TNFED0,6,2,0.8333333333333334,0.8809722222222224,0
AICCYGY5TWSGW,6,2,0.8333333333333334,1.1497597181416062,0
AICFNGZ0CQT1C,6,6,0.8333333333333334,0.38131932553076026,0
AICLGJYPMXBL,8,2,0.5,0.6125139969135147,0
AICRTSIHQ02F5,5,3,0.8,0.7302059496567506,0
AICUWMWG4NX95,9,3,0.8888888888888888,0.6778771635469825,0
AID96A35CQO18,7,3,0.5714285714285714,0.43250711807992104,0
AIDUSLPZR97XD,5,2,0.4,1.4890563967522492,0
AIDXLRK9XKSQZ,11,4,0.8181818181818182,0.4791296508934348,0
AIE14EPI8YQBV,9,2,1.0,0.5490501283319712,0
AIE3DUTR5004K,9,2,0.6666666666666666,0.9393988005690134,0
AIF0IIY7Z2I9V,5,1,1.0,0.6457282502443792,0
AIF78X3QVRR4E,5,2,0.8,0.609710938031724,0
AIFLY2HF8NS8U,60,3,0.6333333333333333,0.6996675327243976,0
AIFWCOS6FFYCV,5,1,0.6,0.9808610400682014,0
AIFZ33Q7LFJZ2,6,3,0.8333333333333334,1.1569444444444443,0
AIFZOA3790SQM,6,1,0.16666666666666666,1.131726705018925,0
AIGE3H2MTHR9N,8,3,0.875,1.0681711964337073,0
AIGI4MMOFYO46,5,1,0.6,0.9753030303030303,0
AIGK3405J6NAI,9,2,0.7777777777777778,0.7871805498639879,0
AIGZW643OAYGT,9,3,0.4444444444444444,0.8637070837893102,0
AIHYN9BY05T3H,13,6,0.8461538461538461,0.5651264979186089,0
AII03ONHNQXCY,11,4,0.5454545454545454,0.6480508706521412,0
AIIBD0NIYCK5K,18,11,0.4444444444444444,0.9068305705086908,0
AIIL4JVB5I2ZQ,5,4,0.8,0.5991535689495081,0
AIINQ2BZC33RO,9,3,0.7777777777777778,0.6175200045834647,0
AIIZTJHZLV158,6,2,1.0,1.0261060719725386,0
AIJ2BICYGA6Y7,11,4,0.7272727272727273,0.7975150094375131,0
AIJ7JO6PKLM4Y,5,3,0.2,0.6879902853673345,0
AIJ9WDUMGAJ15,8,3,0.625,0.951291847993695,0
AIJJ8WUEGRYH1,11,6,0.8181818181818182,0.8700444565431611,1
AIJXFWDBODEMB,7,1,0.42857142857142855,0.49273120619485244,0
AIKK1SADHVOZS,6,1,1.0,0.5134477124183006,0
AIKTAE6HIX853,5,1,0.6,0.8581167986320211,0
AIL6VNBJC2MDF,18,9,0.7777777777777778,0.7624304397134023,0
AIL8Q0STSY5Y5,17,4,1.0,0.9367497100365793,0
AILALRKB4WYD0,5,1,0.6,2.0431955922865015,0
AILN4G9TNJCE,7,2,0.8571428571428571,0.8360204081632653,0
AILN4NLF6FMB8,8,4,0.875,0.9103856048315222,0
AILQZN2I7LQOY,5,2,0.8,0.556969696969697,0
AIM5EDU0UAY4Z,5,2,1.0,0.49533035270740183,0
AIMGHPI1AGVRF,12,2,0.5833333333333334,0.5896306744311605,0
AIMV33HXTEZOI,13,6,0.46153846153846156,1.014584429263505,0
AIN25734EXYX,11,6,0.36363636363636365,0.7734143502436798,0
AIOODIDBZFXHE,15,3,0.8666666666666667,0.6253817635294572,0
AIOPIWA4Q6GAJ,5,1,0.0,0.604327485380117,0
AIOYY9UE33E5S,6,2,1.0,0.7139371557114265,0
AIP7X9PXRM3KY,9,3,0.7777777777777778,0.4426071315474981,0
AIPGSRPV67ER0,7,2,1.0,0.8448608328208385,0
AIPZ2355QWR8J,6,5,0.8333333333333334,0.7771658896658895,0
AIPZEBUEDO7ON,5,3,1.0,0.7081994759626338,0
AIQDXA5BDLDJB,5,2,1.0,0.14666666666666667,0
AIQETHWF8VAYI,8,3,1.0,0.9410992460616364,0
AIQF9JR56XHFO,18,5,0.9444444444444444,1.002594059171382,0
AIQHYSPJHKUHB,18,5,0.8888888888888888,0.5772821466786543,0
AIQKROLJIXBET,10,2,0.6,1.451513352838393,0
AIQZK8PU1F5RA,5,3,0.8,0.6092816804997004,1
AIR0D9JGATVTQ,9,2,0.6666666666666666,1.073402783051906,0
AIRRBOGXMMN7M,5,1,1.0,1.208408170766766,0
AIRSSUN0LG3W5,6,2,0.8333333333333334,2.2362794612794614,0
AIRXY9NIF06S8,6,1,0.6666666666666666,0.8197440087145971,0
AIRZAEK6LLYQ,12,3,0.5,0.6138595025741898,1
AIS11K1PYBIYW,7,2,1.0,0.6887403237156933,0
AISINXK2MAD7U,7,5,0.14285714285714285,0.6405567852918624,0
AISSIRI0N0I57,16,2,0.625,0.8499223147319337,0
AISV534OKNAVM,8,2,0.375,0.838243294534413,0
AIT53A8U4QSCE,7,2,0.8571428571428571,0.8701710987425273,0
AITMQEIJVODJ,5,2,0.6,0.5166541042375219,0
AITT09G2W02VB,6,1,0.8333333333333334,0.5553605345272011,0
AITYLT5P5EKQ9,11,2,0.9090909090909091,1.3007986475970226,0
AIU9H93YC7Z1C,5,2,0.8,1.20047018807523,0
AIV0F2Z2343QM,11,1,0.7272727272727273,1.0479950426229805,0
AIV0YBBAOU26I,10,2,0.4,0.5314020502614303,0
AIV4KG0EWH77I,13,11,0.7692307692307693,0.6014247566058911,0
AIV9JO2GTK22L,10,2,0.7,0.689607535321821,0
AIV9PF4EOONB3,5,2,1.0,1.125,0
AIVS9YBY06OP5,5,1,1.0,1.9983851674641149,0
AIVZJ8Q2PKOHI,6,2,0.8333333333333334,1.1376033178564948,0
AIVZMEFEAGF3,13,2,0.46153846153846156,0.6077082403925818,0
AIW4CHZOM5W7D,10,1,0.2,0.6871060760458584,0
AIWDGRTLV7IQF,12,1,0.5833333333333334,0.6455788029960356,1
AIWIEBG568SKP,7,5,0.5714285714285714,0.5693850613995803,0
AIWIVN4UAFCA4,5,1,0.6,1.1834341334341336,0
AIWM3C7MT397S,6,6,0.6666666666666666,0.33906207757123824,1
AIWS26QOVOATT,6,5,0.3333333333333333,0.6002379780380035,0
AIX474FEGC1KX,5,3,0.8,1.0422230710466005,0
AIX8QN3F94ITC,5,1,0.8,0.4908033503595462,0
AIXOU10V3MKGJ,8,3,0.75,0.7087692772203641,0
AIY8MK340XSRN,5,4,0.6,0.5460720548381953,0
AIYN7QCMDJUL1,6,2,0.8333333333333334,0.6004073926868044,0
AIYUFROT6F0YU,6,2,0.8333333333333334,0.44323136654361656,0
AIYWBXF9JZV34,5,3,0.8,0.33850108225108216,0
AIYX8VIO0EV13,10,2,0.9,0.5182367149758453,0
AIZ0P42ZNV8E9,7,2,0.7142857142857143,0.33035881019074304,0
AIZ8JZTWS2GCY,8,1,0.625,1.4934971352965314,0
AIZEG6DBYDT4L,6,2,0.5,1.7652777777777777,0
AIZLNGBECYQMN,6,2,0.6666666666666666,1.0189834489605656,0
AJ00LNJA8WHBX,6,1,0.5,2.024241832179014,0
AJ08CA3PQUGO0,5,3,0.6,1.7939631192606023,0
AJ0B1WKMHMMF7,5,2,0.4,0.45276362950386717,0
AJ0J196VK6C32,15,10,0.6666666666666666,0.5759737631894862,0
AJ0LVMSVJ0CN1,6,1,1.0,0.6222689730403617,0
AJ0YCHUSMWCGD,5,1,0.8,0.7878441558441558,0
AJ29ASQPZAEVZ,6,1,0.6666666666666666,2.2200314153439153,0
AJ2DU4JFF2DYT,17,7,0.47058823529411764,0.3958203919710139,0
AJ2LJJRXAU0WR,8,3,0.625,0.582344745695949,0
AJ2Q1T7TX2BSW,9,2,0.7777777777777778,0.9364345065896013,0
AJ2RVTE5ZN68V,12,3,0.5,0.5292176885376288,0
AJ36VJHN8B9XY,8,3,0.875,0.9877924876847292,0
AJ3M8ZLT6W5CC,12,1,0.5833333333333334,1.0775580130157711,0
AJ3N4HYOU7VLH,5,3,0.2,1.553102411826668,0
AJ3XED46BCQL9,6,4,0.5,0.8121212121212121,0
AJ4049SB12OB5,5,2,0.8,0.6174121779859486,0
AJ40PN4HY4Z0I,9,5,0.5555555555555556,0.36589752707663753,0
AJ59VMEWJN64K,6,1,0.3333333333333333,0.8787247474747475,0
AJ5GTAT0SNFLH,6,3,0.8333333333333334,0.5076974224033047,0
AJ5WCSJ8C8Z5W,8,3,0.5,0.36156237438244787,0
AJ656YBL9S5HP,7,2,0.8571428571428571,1.1843930352496852,0
AJ6AEWN1MZNSX,6,4,0.8333333333333334,1.1940119114991778,0
AJ6DZGGVCIMO9,12,5,0.9166666666666666,0.8167872704637409,0
AJ6F7A837UREV,6,1,0.6666666666666666,0.46749901147586154,0
AJ6KO5Z74DXKC,8,3,0.875,0.7451057605760576,0
AJ6LKHPJ6APFW,7,3,0.7142857142857143,0.5756910137917004,0
AJ6TMOHHFJJAJ,16,2,1.0,0.36017644790408904,0
AJ6WCVOY4HP06,22,3,0.6818181818181818,0.7172585423764306,0
AJ74FSZTDUYWP,5,2,0.6,0.815900327742433,0
AJ757PG2TZA3H,5,1,0.8,0.5843442698281409,0
AJ79L3NEILJ4G,5,2,0.6,0.7620680365971844,0
AJ7H1WKQ0D0DU,6,2,0.16666666666666666,0.7834126984126982,0
AJ7XTRLI3EUC4,8,1,0.125,0.8818272846832746,0
AJ813BX869YD3,5,2,0.8,1.4638383838383837,0
AJ8SF1EJW9NT1,9,4,0.7777777777777778,0.5239156023757257,0
AJ94C7KUS8669,13,6,0.5384615384615384,0.5044783509664986,0
AJ9AE2BVND0GS,32,1,0.5,0.5446185574940405,0
AJ9B4KNSF9SVR,7,6,0.7142857142857143,0.7660501793068377,0
AJ9QKWTRRQXAI,9,6,0.7777777777777778,0.6523928615822678,0
AJ9VCY2178066,5,3,1.0,1.0746451234469152,0
AJA7BQTVLRSXH,5,2,0.0,0.4899083546462063,0
AJA8ABXYA9B5O,15,5,0.8666666666666667,0.7457191301922494,1
AJABCCOWPZFB7,7,2,1.0,0.7999037999038,0
AJAGJG5G1B7PL,5,2,0.8,0.7358185941043084,0
AJAWJEOLFTU5L,5,3,0.8,0.8523069036226932,0
AJBF0L0KVJG8J,5,2,0.8,0.6783333333333333,0
AJBG5H2G9MS2M,5,1,0.4,0.3911255411255411,0
AJBHBY6FHBP5N,25,5,0.72,0.7168176346849069,1
AJBLCBYL4VG8X,9,2,0.6666666666666666,1.5838566805666099,0
AJBY7XQNN49P7,8,4,0.875,0.39746609193322713,0
AJC7WTO025631,11,8,0.9090909090909091,1.1398930867112684,0
AJCAVTHZFM0J3,9,2,0.4444444444444444,1.308855022861814,0
AJDH7H33X44YS,7,5,0.7142857142857143,0.979059829059829,0
AJDYMAFXHWY1R,7,2,0.42857142857142855,0.667024321035515,0
AJEA6BL7GF7UT,16,8,0.4375,0.9567916186564654,0
AJEDVT3OSUZCF,7,2,0.5714285714285714,0.6037184235396288,0
AJEFRZFGMQQWF,5,5,1.0,0.730915750915751,0
AJEJE6MDNGYM6,5,2,0.6,0.6262939187961181,0
AJES485KARIKQ,5,1,0.4,1.1221505376344085,0
AJG1EUV3ZC8EF,13,4,0.8461538461538461,0.6780910907085927,0
AJG2H4MZIB478,13,2,0.5384615384615384,0.6663485207602855,0
AJG6W1PKOAR4U,9,5,1.0,0.9816342892642977,0
AJGAWZLLHCUQ3,6,2,0.5,0.9592796044098847,0
AJGR23V4M0ZNJ,6,2,0.8333333333333334,1.2500698812019566,0
AJGVMFBYDA4K7,5,5,0.8,0.6722366191022908,0
AJGXGXR76J1C9,6,2,0.8333333333333334,0.5004720195991749,0
AJH0DNDG54P4K,14,3,0.7857142857142857,0.7101506240151256,0
AJH5HL0FQ4MW9,6,4,0.8333333333333334,0.5412784679089027,0
AJHL6V79ZGVZI,11,7,1.0,1.1115502788783476,0
AJI5OQYWJVJ0L,7,2,0.2857142857142857,0.6530554815012292,0
AJI77XXUZ28QK,7,2,0.5714285714285714,0.5584357398873527,0
AJILFYCDNPDDG,9,3,0.8888888888888888,0.5445027632527633,0
AJJAC2OAI0I7D,7,3,0.7142857142857143,0.48959507258343476,0
AJJQ188TFNITV,7,4,0.7142857142857143,0.6003002464867256,0
AJK4MYXU5MC73,5,2,0.4,1.207095238095238,0
AJKFFVYFRO30O,7,3,0.8571428571428571,1.048160173160173,0
AJKKP6CCW27JK,5,3,1.0,0.4890488412751554,0
AJKM5DVTQXDOT,5,2,0.6,0.9521172509407805,0
AJKN1OQ368JGH,12,2,0.5833333333333334,0.9947361061877191,0
AJKNXOQIBMYEZ,6,1,0.0,0.7309012935198895,0
AJL3U764D7NI3,34,5,0.9411764705882353,0.7293184399402439,0
AJL9UH9G5AC9P,5,3,0.4,0.33679691799669803,0
AJLG4KTC18BYI,5,4,0.6,1.1344885464715866,0
AJLPNPDPR5HAB,7,1,0.8571428571428571,1.0139098496541474,0
AJLXGXB2DLECG,8,4,0.375,0.41200067891878245,0
AJM1L6YIO1M56,5,1,0.8,0.5954410616705698,0
AJMITQE9R3LMH,6,2,0.8333333333333334,1.1745136361364432,1
AJMVSLUWY20S,5,2,1.0,1.148095238095238,0
AJN6H8S332NFE,9,3,0.5555555555555556,0.8678961470628138,0
AJNDDOA4QJSD6,7,2,0.7142857142857143,0.7301891488302638,0
AJNMA4PQZE3YE,9,2,0.3333333333333333,0.9925233281564326,0
AJNZQZVL8MG6P,19,5,0.6842105263157895,0.5939898125636653,0
AJO5UGNMFVDJN,10,3,0.3,0.806510372264848,0
AJOF1CZXBB5BG,5,5,0.4,0.9292926613616267,0
AJP44QXY4JBOZ,5,1,0.8,0.6833333333333333,0
AJP7IKVQXDJ7G,7,2,0.8571428571428571,0.5747561389397057,0
AJPCB8S3TFLOQ,5,2,0.4,1.2032352941176472,0
AJPKPYAOPSWK7,9,4,0.7777777777777778,0.9073457288400755,0
AJQ6SOEETLPOX,6,4,0.6666666666666666,0.5531070760300912,0
AJQDIT55SZ3ZX,31,3,0.7741935483870968,0.8132784707870014,1
AJQFNOFTZ7GOX,15,2,0.4666666666666667,1.4168592988944104,0
AJQLO9QR8R396,6,2,1.0,1.1459181089897224,0
AJQYFOGBU47W9,11,3,0.45454545454545453,1.499016867941027,0
AJRFZ0VZ0LD26,12,3,0.5833333333333334,0.7861226144559478,0
AJRPVCNT3Q7W5,7,1,0.7142857142857143,1.6366419294990722,0
AJRS1BBEWQCMG,6,2,0.6666666666666666,0.6019476372924649,0
AJS808O95CSWI,10,7,1.0,0.5674569229073873,0
AJS95SB2XJXHN,14,3,1.0,1.2043315109062491,0
AJS9A3LU92BNG,9,3,0.4444444444444444,0.6308277951351152,0
AJT08ZT4NQBYX,5,2,1.0,0.8786444862673285,0
AJTLKIV78ZT8B,5,1,0.4,0.8847086125073844,0
AJTP3N1B4MS03,5,1,0.4,0.5180263232753329,0
AJTYN2L8T5FER,7,1,1.0,1.2645119451289288,0
AJTZ1CZ8Z3NIN,11,5,0.7272727272727273,0.5947219520831016,0
AJU0Z0TMBAYJI,7,1,0.7142857142857143,1.121198689017838,0
AJUEAE35LR20G,11,4,0.9090909090909091,0.4504258748615284,0
AJUOFW4Q5KGJA,6,2,0.8333333333333334,0.7525313829235397,0
AJUVSCLST3HW0,9,2,0.6666666666666666,1.0268271252844756,0
AJVF3100286GE,14,7,0.7142857142857143,0.7752110724477229,0
AJVOF2MAURIBZ,9,2,0.7777777777777778,0.785465789050433,0
AJW95IX15AIGE,5,3,0.6,0.5846283309957924,0
AJWS4HTM4B0XG,5,2,0.8,0.8105050505050505,0
AJWXQZZI1Z9PK,9,3,0.8888888888888888,0.7293792801288961,0
AJX9A4Q19UTJU,55,3,0.5272727272727272,0.5732460500105356,0
AJXV6T2EMQHF0,14,5,0.7857142857142857,0.7728388694961204,0
AJYUFKL1YV6O,5,2,1.0,1.2663121454788122,0
AJYX7A3IOAD71,5,2,1.0,0.8323076923076924,0
AJZIS9MKUF7IB,5,2,0.6,0.734025974025974,0
AJZNROJ3BYNT4,7,7,0.7142857142857143,0.6856535614529411,0
AJZR37LXKSI7P,20,11,0.8,0.7670965624274985,0
AJZWZ9SPFSGIA,6,2,0.3333333333333333,0.9525457378398553,0
AK02U8QCN7FLK,9,3,1.0,1.261858388525055,0
AK0AZ175B3XSJ,13,7,0.9230769230769231,0.885915341217182,0
AK0JFKYJOJ4V5,5,2,0.8,0.5321428571428573,0
AK1JDQDIX0OWJ,6,1,1.0,0.8040991584112672,0
AK1MWX130DC0I,7,3,0.8571428571428571,1.560901261089231,0
AK23S56B6O5D9,6,3,1.0,0.8289060068471832,0
AK27L2P414KKD,9,2,0.6666666666666666,0.6543221579508045,0
AK2PEM3N8A78H,5,5,0.4,0.4429777070063694,0
AK2RNPCHB83EW,14,4,0.8571428571428571,1.2890967355882448,0
AK3D1F2TEULT0,9,2,1.0,1.0327046273004177,1
AK3D3Z8DCAZ29,6,2,1.0,0.8167676767676767,0
AK3GKIV8DEY8B,33,2,0.7272727272727273,0.7035232911563606,0
AK3J3SVYLR6ET,5,1,0.8,2.1655244755244754,0
AK3JBBGGT2ZD7,10,3,0.7,0.468238598731544,0
AK58HIH357ER,6,6,0.16666666666666666,0.3431028551771586,0
AK69BPBJ5Z4I5,13,5,0.9230769230769231,0.7212517060001686,0
AK6LCV7GQ6MQF,5,1,1.0,0.32991609174715536,0
AK6Q7BEBB8NTY,5,1,1.0,1.2315947153687847,0
AK71WC8VXY47I,11,3,0.2727272727272727,0.8345694799658994,0
AK72GKAD61UR2,5,1,0.8,1.7735029354207437,0
AK8B4ETE3G6UB,9,1,0.6666666666666666,1.4494378363599043,0
AK8FHIM9NVY3P,7,4,0.8571428571428571,0.8758298971762617,0
AK8SW2H4XXR2M,11,9,0.7272727272727273,0.4441897631306935,0
AK9G9DKV97BNP,5,1,0.8,0.646996336996337,0
AK9K4I5BCGQPV,8,2,0.75,0.9458783891580828,0
AKA60HW5OO6Y0,6,1,0.3333333333333333,0.33381957108726673,0
AKAM7QXKZMJK1,5,5,0.6,1.5883807074217533,0
AKAMPNA389X6O,11,2,0.5454545454545454,0.579547542785946,0
AKB50QCV7IM7J,6,1,0.8333333333333334,0.3911089367253752,0
AKB58HW6EV9MH,6,5,1.0,1.6581503638181456,0
AKB5F44SK4AN9,13,3,0.7692307692307693,0.8539620615521943,0
AKBGBE9H1C0L6,5,1,0.6,1.6957588961510528,0
AKBOZ61TYE5X,7,4,0.8571428571428571,0.4001455845496094,0
AKBV1OEQHCDN4,5,5,0.8,0.9815974025974026,0
AKC1EDKP416DO,6,3,0.6666666666666666,0.34913413002493465,0
AKD0HR91GEYD,5,3,1.0,0.9234304796599877,0
AKDDMEE4NAX15,5,2,1.0,1.088118130834086,0
AKDK6T50F52JP,5,4,1.0,0.6965186162415715,0
AKDVPBUOZGM6Z,5,3,0.4,0.6056104471619026,0
AKE4NR62FLGUC,5,2,0.4,1.0347508843029558,0
AKEU9BS434Y0R,12,5,0.9166666666666666,0.3391784810158322,0
AKFFLOPBYHOP4,5,1,0.8,0.870841013824885,0
AKFOKF9L25MCK,12,5,0.75,0.6933816573781533,0
AKFTR2Z33Y0BJ,16,10,0.75,0.6011756786223927,0
AKGD1KMEC5FEN,5,5,0.8,0.5260047281323876,0
AKGY8D4J1TIAX,8,3,1.0,0.5318906594258256,0
AKGYV341V3N3L,6,2,0.8333333333333334,1.7921332687780058,0
AKH0LJQ1FR2U2,6,4,0.8333333333333334,1.014500276854928,0
AKHE159EZIOT5,6,5,0.8333333333333334,0.5634833870009391,0
AKHU75YBXHVS0,6,2,0.8333333333333334,0.5447743681697467,0
AKHWZLV8HFIPS,6,1,0.5,0.5177397300992806,0
AKI0XQTMH49QA,8,3,0.75,1.6649816500374433,0
AKI21YOBXB5JH,5,4,0.6,0.34832097319802235,0
AKIAD2NULPM14,5,2,0.6,1.0252747252747252,0
AKIWNQOHKRA9J,6,2,0.8333333333333334,1.0502486518111518,0
AKJ6CB76PLQ59,9,3,1.0,0.5220971731831977,0
AKJ7NAX0W9L1E,10,4,0.4,0.7552886675380843,0
AKJASO7IH993C,10,4,0.4,0.8745052266854593,0
AKJPUR7NJOKTY,5,1,1.0,0.8573452606849191,0
AKJQHKWN3GM5L,6,3,1.0,0.6778454116689412,0
AKJYF99A9JBQ5,6,1,0.3333333333333333,0.4982259570494864,0
AKKBLVSS4X699,5,3,1.0,0.5317874396135266,0
AKKIGH65S6ILU,9,3,0.6666666666666666,0.777265401690689,0
AKKSGOGMZ897X,9,6,0.5555555555555556,1.0195386796693988,0
AKKUP5GZMQB1S,5,1,0.8,1.292857142857143,0
AKLHMR5FK8BAR,5,1,1.0,1.1450793650793654,0
AKLPA7CAF0192,5,4,0.8,0.9970521484125972,0
AKLUFVL8A311U,17,1,0.7647058823529411,0.9818266634921161,0
AKLW74HZFKGFZ,5,2,0.8,0.7612646194385324,0
AKLWPU59G2S46,6,2,0.8333333333333334,1.1663410419989368,0
AKLY5TNY606U1,11,1,0.18181818181818182,0.934273150221426,0
AKM0FX3BH20V3,7,3,0.5714285714285714,1.523611111111111,0
AKM6H2Z59BVYS,5,3,1.0,0.7719231847490888,0
AKMD3RNXJKEX9,6,2,0.8333333333333334,0.6289967838420355,0
AKMLTHX647BDH,12,1,0.6666666666666666,1.1535709963023206,0
AKN40DPD84M5R,10,3,0.9,0.7961979606037042,0
AKN5NF1LOLJVI,12,2,0.5,0.7048459991852599,0
AKN6JB6WWI6JA,7,3,0.7142857142857143,0.7349658307988339,0
AKNERXLCNZ00G,5,1,1.0,0.35251606301775096,0
AKOWINWF4HUA1,7,3,1.0,0.47551169590643266,0
AKOYIJFDDTC46,6,3,0.6666666666666666,0.6872635857937527,0
AKP4LF4UWT4SZ,9,4,0.4444444444444444,0.48713578088578086,0
AKPKPMWM6IIU5,10,1,0.3,0.9296293869871789,0
AKPTQUDBDL8OF,8,7,0.75,0.7794583851649068,0
AKQ63Q51PID2V,10,2,0.6,0.48403549474656826,0
AKQHNTUAL056P,14,3,0.8571428571428571,0.6718666008913686,0
AKQLMC9400YZW,5,3,0.6,0.8027087831179902,0
AKQLYSUN599GO,5,1,0.2,0.9390646913739461,0
AKR5AFA0X3FAP,5,2,0.6,0.8125404420141262,0
AKRFGKKU6WI79,5,5,0.6,0.6644444444444444,0
AKRIBMA658JSL,5,1,0.8,0.9766917293233082,0
AKRPHZ41ASEM8,6,5,0.5,0.9108757250631649,0
AKSKSQ4PS7HQF,8,5,0.875,0.688681210447001,0
AKSYSW9FQUOPY,5,2,0.8,0.7816242746904102,0
AKT8JFVXGG2TX,5,4,0.4,0.31997635933806146,0
AKTDFNQ1Q008E,9,2,0.2222222222222222,1.47560510071475,0
AKUOQRDLG9NXV,6,3,1.0,1.511111111111111,0
AKV87H8H5TYQD,9,3,0.6666666666666666,0.7019923876445615,0
AKVE4HEHX75UZ,9,7,0.7777777777777778,0.8678010113174108,0
AKVHD27CVTEOJ,8,5,0.75,0.8793912496516938,0
AKVN9N4N3UDJL,6,3,0.16666666666666666,0.9892676767676768,0
AKVR3JML9UJKN,6,6,0.6666666666666666,0.5146872763252074,0
AKVUBE6NBDYHY,5,1,0.4,0.9431417874593204,0
AKVXJMLUFOOJV,6,2,0.5,0.4338240899561654,0
AKVY3FDMU42ZA,19,15,1.0,0.3720605827882569,0
AKVY41VH6TO7X,13,2,0.38461538461538464,0.7044947466187123,0
AKVZKGT6ISQCS,6,2,0.8333333333333334,1.0733286084111555,0
AKWFWHW5ROIZS,18,2,0.3888888888888889,0.7578422874134696,0
AKWGHI5ZZKFOP,5,5,1.0,0.7199413489736071,0
AKXY559IVWBI6,6,3,0.6666666666666666,1.6006600473348234,0
AKYEM423XKR8U,7,2,0.7142857142857143,1.6299085421907722,0
AKZRG5WSSXT3B,6,1,0.8333333333333334,1.8937154157623262,0
AL031S3E74TOF,5,3,0.6,0.46224182262306035,0
AL0MLF4AINGY3,6,2,1.0,0.3101281695675289,0
AL1708MTIB1MD,6,1,0.6666666666666666,0.8013888888888889,0
AL18MV3HEGJJ3,5,2,1.0,0.7886016427020097,1
AL19JDYS0DJXA,5,1,0.6,1.0264933406312715,0
AL1P2YLM5DJD9,5,1,0.6,1.8020003162555347,0
AL1R38R4Q03NQ,10,3,0.4,1.0968711552046504,0
AL1RGKM6KZKFA,7,4,0.2857142857142857,0.31595838598944187,0
AL23XHPPEGQ7R,5,2,0.6,1.1142758857929138,0
AL2K5GSTRUIY,9,1,0.4444444444444444,0.9891226630357066,0
AL2M6S0TZME77,11,2,0.8181818181818182,0.4410945704127523,0
AL3397YBXLQ6Z,5,2,0.0,0.4977982162764773,0
AL39DRW85MNRC,7,6,0.7142857142857143,0.9923649337160809,0
AL3BK83FWLMJX,6,2,0.3333333333333333,0.6962798833508215,0
AL3JCDQ3DTGFE,6,3,0.5,0.9297659957453773,0
AL3M61X9YMUXB,6,4,0.6666666666666666,0.5758624502432552,0
AL3TILX5ZWU73,6,4,0.6666666666666666,0.49069496572575394,1
AL3UDDIXOOS18,6,3,1.0,1.239469608981804,0
AL42IHQOXJF6G,8,6,1.0,0.6160005980048813,0
AL42PIIG5DXYD,29,3,0.3448275862068966,0.7242018070966774,0
AL4IZP0C8F58Q,7,1,0.2857142857142857,0.9410758848994142,0
AL4SB31UAZLXL,13,2,0.5384615384615384,0.6767420222728998,1
AL4XJ4SYQRB3P,5,1,0.6,0.4609553441575473,0
AL5155YRTFTF1,7,2,0.7142857142857143,0.6714285714285715,0
AL595BBGO5SGW,5,3,0.6,0.4992452830188679,0
AL5Y9S3SDQDX4,9,2,0.5555555555555556,0.5522971258478504,0
AL6BBQ6E0V098,21,4,0.8095238095238095,0.664378941778517,0
AL6NLI16VNICJ,5,1,0.8,2.186399000060972,0
AL6S9YJ9L4IU4,5,2,0.8,0.6349414809757918,0
AL71NTSZF6S6J,14,3,0.7142857142857143,0.7408458294343064,0
AL73NEC9YOLQB,17,11,0.9411764705882353,0.4902744472779843,0
AL7SIGH0AC5D6,5,4,0.4,0.992536231884058,0
AL7ZQN0HVE2SE,7,2,1.0,0.9106528254354341,0
AL81TQK7KDOW6,5,1,1.0,0.7837385070905405,0
AL8U6FF27WZF2,5,1,0.0,1.0772549019607842,0
AL925GI83NJSG,6,3,0.8333333333333334,0.6450551723856808,0
AL9MTILKJR4Q9,5,3,0.6,0.5769348809758017,0
AL9VKODB44IYK,13,7,0.46153846153846156,0.5103300561511023,0
ALAD52ZT30A0W,16,3,0.6875,0.8118301424936003,0
ALAEE9UOW8F0N,5,2,0.8,0.38346490111195985,0
ALAEX6Q8ZYQDM,10,3,0.8,0.8460971432051082,0
ALASUQ48KNV0F,8,3,0.875,0.48025250967201427,0
ALBKKU3QZ611R,6,6,0.8333333333333334,0.43928571428571433,0
ALC5GH8CAMAI7,11,5,0.9090909090909091,1.0532719717439747,0
ALC6LWQXBHIPG,7,1,0.42857142857142855,0.5751466275659823,1
ALC7PB2DB3C50,7,1,0.5714285714285714,1.110618912577438,0
ALC8I6BZ0QDJE,5,1,0.6,0.864078144078144,0
ALDAF4VVLFRHP,101,4,0.6237623762376238,0.6927439910577317,0
ALDDF3C3PNX70,8,4,0.875,0.47188837414299595,0
ALDKIUG0HY4A,6,5,1.0,0.2257834757834757,0
ALDYVPJB1J69N,12,2,0.75,0.5137933302892734,0
ALE263M5L7C5,8,4,0.375,0.6240803020079337,0
ALEG9QCIUWK81,7,3,0.2857142857142857,0.9126317999418992,0
ALEJLSSNM439V,6,5,0.6666666666666666,0.6665373682058889,0
ALEUQQE118NEW,6,1,0.0,0.6275538187302894,0
ALEZOIB1WIVXW,8,2,0.5,1.0540468227424749,0
ALF0HXDJGI984,5,2,1.0,0.5787396480331262,0
ALF21I8E0Y4MA,11,1,0.6363636363636364,2.2333333333333334,0
ALF5KJPDFHLEX,6,2,0.8333333333333334,0.9673362846428809,0
ALFKIVR4GXVWU,16,4,0.875,0.8597274322862538,0
ALFNK2WHIO8XR,5,2,0.4,0.5125178297372935,0
ALGDLRUI1ZPCS,6,2,0.8333333333333334,0.6291269490342919,0
ALGJ0HO4F1CSU,9,2,0.8888888888888888,0.4589177878651563,0
ALGPQD44E1RC9,10,2,0.5,0.8880111126098843,0
ALGRTA7OUHP23,6,3,0.8333333333333334,0.6748631957473421,0
ALGUXW3P7JEL9,9,4,0.6666666666666666,1.045655789030486,0
ALHA37HKYVZUA,5,1,0.6,1.6083248350761963,0
ALHNJGPDV4EC0,22,4,1.0,0.5527413697007323,0
ALHV7EWV2XNGL,5,2,0.6,1.5587311435523117,0
ALIM7SV8S51EM,7,2,0.8571428571428571,0.8538014840905499,0
ALIN01RFOIX3G,5,4,0.2,1.1559593280282936,1
ALIS67L1FYITU,5,2,0.8,0.945933734939759,0
ALIZ13E04IN5D,11,1,0.8181818181818182,0.9813031043969389,0
ALJ4NMTVSVPOQ,11,3,1.0,0.5826317073511731,0
ALJQEKXUZCL39,6,1,1.0,0.5123687690850381,0
ALJVYXJJEX9MK,6,5,0.3333333333333333,0.49459205514544785,0
ALK9TZQVPJXAA,5,2,1.0,0.5815308254963426,0
ALL66HA1SSK9P,6,1,0.3333333333333333,0.6788487261713265,0
ALLB2W6UMJIPQ,5,1,0.4,1.8785151049667177,0
ALLO5TSNKH2HB,9,1,0.7777777777777778,0.5202302154683106,0
ALM6KZL6JNFH6,5,2,0.8,0.3372747747747747,0
ALMAQB7P7PLRI,5,3,0.8,0.7577039445460498,0
ALMCJNB8KA2OR,5,4,1.0,0.6247120596205962,0
ALMK0YBTI72RL,6,2,0.6666666666666666,0.8763244991442666,0
ALMPIA33W9YXJ,5,2,0.6,1.1997463768115941,0
ALNAXN9SFT7BB,11,2,0.9090909090909091,0.9028125582551421,0
ALNDOOHC7L4VE,7,2,0.5714285714285714,0.7328041458620732,0
ALNFAA0XTWP7G,16,7,0.75,0.5196904460368393,0
ALNH0LZHUYS91,7,2,1.0,1.443107769423559,0
ALNLAAH9NNOVI,6,2,0.8333333333333334,0.7778139701310431,0
ALNM6SLBJSBBQ,5,2,1.0,0.8015198569546396,0
ALNVUHXW9QX6G,6,1,0.6666666666666666,0.6843396393412405,0
ALO7PEIIIGXA9,7,1,0.42857142857142855,1.1144832126398947,0
ALOFWDKRECMK0,15,8,0.6666666666666666,0.9899906905717164,0
ALPNXYJVO25LX,9,2,0.0,0.7779018807179008,0
ALPP0PTG46UYN,5,2,0.8,1.7254164244314076,0
ALPZ97AV9UAY0,5,3,1.0,0.35724208804851454,0
ALQ4USPEQ9L5N,57,9,0.543859649122807,0.8213506408606952,1
ALQT1NJRZ5W06,10,1,0.6,1.7103441579996121,0
ALQVFEKRWU4TL,6,2,0.5,1.0091882923473197,0
ALRA6T40GGNR3,11,2,0.7272727272727273,0.45300993809058326,0
ALRI5VCFB206H,9,2,1.0,0.9309768381269394,0
ALRI7LZS1CPA4,8,2,0.5,0.8384259735362676,0
ALRJ3PZCFW72E,6,1,1.0,1.292007138669957,0
ALT4TFZTMNY0J,24,5,0.6666666666666666,1.2176955002865837,0
ALTD3G36MJTGO,5,5,1.0,0.8437833714721588,0
ALUM9UH24LC5L,7,1,0.7142857142857143,1.4744166672516958,0
ALVES1OA7MBXP,6,2,0.8333333333333334,0.6884397686723269,0
ALVGZZGISIROG,6,4,0.3333333333333333,1.2266268045679811,0
ALVO1A5UB8DG0,5,3,1.0,0.7233800222542409,0
ALVO51HPY14QX,5,1,0.4,0.672787071316483,1
ALW2XXJJ184RL,5,2,0.6,1.011790890269151,0
ALW739ZDOWYLW,6,5,0.6666666666666666,0.46217624437408267,0
ALWFD0B4M6EFG,7,1,0.8571428571428571,0.38268988150815897,0
ALWG57JEKN9DV,6,1,1.0,1.598957752918149,0
ALWNVBP10WKJN,11,1,0.8181818181818182,0.7407407930234018,0
ALWRNPDSUBMAG,5,3,0.8,1.5663680697274809,0
ALWYH3FK2EU3Q,5,2,1.0,0.7276979197476091,0
ALX0BW1CWSU2J,5,1,1.0,0.520238095238095,0
ALX3DEOD3RQEG,6,2,1.0,0.9275166191832858,0
ALXD45SPH5K9A,5,2,0.8,0.8588952591345815,0
ALXJQKYN0R8F8,7,3,0.8571428571428571,1.0176631110685221,0
ALXRR13LFL1Q4,15,4,1.0,0.45258390866685805,0
ALXXIDQSHMHYE,7,6,0.7142857142857143,0.5387686609201953,0
ALY0PX65WSYZC,18,1,0.8888888888888888,2.486665648815018,0
ALY2N0T7Z3VRL,5,2,0.6,0.6886491513601489,0
ALZ796TTBBDBL,7,4,0.8571428571428571,0.5725415822357312,0
ALZ8EVPGN68LO,6,1,0.16666666666666666,0.7441902412832645,0
AM004PHO6F3FZ,16,3,0.375,0.5748566382121117,0
AM07FQ8JBYLQG,6,5,0.6666666666666666,1.4257936507936506,0
AM18CU72YEWH5,7,1,0.7142857142857143,0.9518576661433803,0
AM1JRR4EYXGO3,5,4,0.4,1.0580549450549452,0
AM1UWIGYKTGDY,6,6,0.5,0.761348357524828,0
AM285URLQRKEX,6,3,0.6666666666666666,0.6544821753838147,0
AM3FNVNAKXAF6,10,4,0.9,0.9896613190730837,0
AM3XNQU9TZBD8,50,2,0.82,0.8536828055076167,0
AM41YXC6WY4N1,11,2,0.7272727272727273,0.3797155895492094,0
AM42286XLFIEP,5,2,1.0,0.9522054599313806,0
AM4JK6BZS7UY2,5,1,0.8,0.42318007662835233,0
AM4RLASQZPTA1,10,3,0.3,0.7684383015471666,0
AM4WBRO83TGM,6,1,1.0,1.302385265700483,0
AM4XF7DFRDD6M,6,3,0.8333333333333334,1.2599537037037036,0
AM5F7ZJVS2ZSH,6,2,0.8333333333333334,0.6900976130032334,0
AM67VZ3Z4HUTR,6,2,0.8333333333333334,0.549259269593641,0
AM710FPMDASUB,5,1,0.8,0.9194458410144681,0
AM716P8GCOU1K,6,1,1.0,0.7897851512840072,0
AM71JIFY00NKJ,7,3,0.8571428571428571,0.5566962557380675,0
AM7B7RNT99CC6,5,2,0.6,1.0538626926846653,0
AM7FT45V417W1,6,2,1.0,0.6295922939068102,0
AM8470CK9G46V,6,1,0.16666666666666666,1.667117421681316,0
AM8CCN7XZF1HF,5,3,0.8,0.7845238095238095,0
AM8T9VU4YJVTJ,5,1,0.8,0.7268131868131867,0
AM91X8KQOXB55,7,6,0.5714285714285714,1.389211536583334,0
AM93KBB79O6YQ,7,1,1.0,0.5682383627608345,0
AM98RSFMKAV9U,11,5,0.9090909090909091,0.7344134247127595,0
AM9HWE7DE791U,5,2,0.6,0.6616844256312946,0
AM9HZUQETO9R9,5,5,0.8,0.8076958105646632,0
AM9IH3TFEDBY0,5,3,0.8,0.6124531613771211,0
AMA701V6ZGRGZ,5,5,0.8,1.2313573350897484,0
AMAJ9ZHR0J999,7,2,0.42857142857142855,0.890125620589673,0
AMAYG9JRU9ZTR,8,4,0.625,0.5951031424715635,0
AMBD13R31ENKV,6,3,0.5,0.5234387197501952,0
AMCS8V9N7XOQ5,5,2,0.6,0.7471654501216544,0
AMDAU1WCBC0S,5,2,1.0,1.51984126984127,0
AMDBZ5P0GAT69,8,3,0.5,0.48952114851665085,0
AMDPB7ABG8HWE,5,3,0.8,0.7105237842079947,0
AME0H0WM3WAZE,8,5,0.375,0.39054888340114063,0
AMECXHREA9I60,5,1,0.8,0.48538327526132397,0
AMEEB2LUVM41P,16,3,0.625,0.9287257410274051,0
AMEYGLCD4PFKQ,8,3,0.0,1.2744364695030554,0
AMEZJVXMSEPY0,13,2,0.38461538461538464,0.38572730621349105,0
AMF4EP7723WMQ,7,3,0.5714285714285714,0.5335309264948918,0
AMFBWTEGTCISK,5,2,0.8,0.5153999929609683,0
AMFDPQX94YR0T,5,2,0.6,1.0083604297459403,0
AMFFX9I9RWELU,7,4,0.42857142857142855,1.0507468204673174,0
AMFPJEN89FYY1,7,3,1.0,0.43472919175699193,0
AMG67CSC5IJWN,5,4,0.8,0.789854565992446,0
AMGFZD2GQG0MR,6,2,0.3333333333333333,0.8805651110346672,0
AMGGZCWY3VNZC,6,1,0.0,1.3253709953926927,0
AMGMR24HZQV1P,5,2,0.6,0.9739916029389715,0
AMH3MVGRC2YG,5,2,0.6,0.49442166556800726,0
AMHCNH4EMT58Q,5,5,1.0,0.40016483516483525,0
AMHE73T0KPO2H,5,1,0.4,0.8268791208791211,0
AMHGIF73NE1WS,8,2,0.625,1.15625,0
AMHHU5XOD4R6D,5,3,0.6,1.0466962861699702,0
AMHPDFQDPB1M7,6,1,0.5,0.9633458646616543,0
AMHZ90YOXWWBG,5,1,0.8,0.8577506153976742,0
AMIGVTZZIWS6I,6,2,0.5,0.8083909370199693,0
AMIJ0W6I1CN2N,6,1,0.8333333333333334,1.9824782802359515,0
AMIM6DCCZLFCV,6,2,0.8333333333333334,0.9451107551870693,0
AMINF18H9ZF21,15,2,1.0,0.9574198251874598,1
AMJ1HZZMXDTFO,5,3,0.6,1.8287952594841947,0
AMK5ZFNWXTSDE,5,4,0.4,0.5985885449759463,1
AMKBKGDGQDJ0O,5,2,0.8,0.39220868554266486,0
AMKUP6159S7PF,6,2,0.8333333333333334,0.6313596636848581,0
AML0A32NHXJJG,5,1,1.0,0.5072368421052632,0
AML2Y0FRVP25Y,6,5,0.8333333333333334,0.9905244448890148,0
AML9JRK4SP222,5,2,0.8,0.9083762682656632,0
AMLDED53I2C28,9,3,0.1111111111111111,0.9612686353427095,0
AMLJIPD9K3BW1,5,2,1.0,0.45000000000000007,0
AMLQ9URT570WJ,7,2,0.42857142857142855,1.1869014288714013,0
AMLXY5B95T869,17,2,0.47058823529411764,0.6893058023212882,0
AMLYJZEMPMAV0,5,3,0.6,0.49884615384615394,0
AMMBTOPV467NP,11,5,0.7272727272727273,0.45995741731035866,0
AMMEQHH65S74L,10,2,0.8,0.7272740544982529,1
AMMJUXDUA9O09,6,1,1.0,0.8050560041323437,0
AMMUZIC8NMTFM,5,2,0.4,0.49626865671641784,0
AMMWWWWNAJ22S,6,3,0.5,0.5073099415204677,0
AMMY92R9JJGZ5,7,2,0.5714285714285714,0.47387448768327217,0
AMNFIJ6V497VU,6,2,0.6666666666666666,0.8662549192975156,0
AMNO74IMDTYLO,5,2,0.6,0.6495238095238096,0
AMNSIWTH2YPU2,7,7,1.0,0.9090004311583788,0
AMNWYADFBFU6Y,6,2,0.6666666666666666,0.35645095645095637,0
AMO1CR5KN8T4P,7,2,0.7142857142857143,0.8434184417150933,0
AMO1MLSIJSQOF,35,2,0.6,0.7096092551682298,0
AMO1MZ9GDX3VI,5,2,0.8,1.0433333333333334,0
AMO77BLLJ70RP,6,2,0.3333333333333333,0.40097991120238063,0
AMOFAUGROGKR8,14,3,0.7142857142857143,0.9578436162014243,0
AMPG1OHMOPGJM,6,1,0.6666666666666666,0.9485931343084218,1
AMPKOIPK02W6B,10,7,0.2,0.8945892361187017,1
AMPS7FYT8YHLS,10,6,0.8,0.9858832952957112,0
AMQ84FSNHW0O,7,1,0.2857142857142857,0.9606028530438034,0
AMQXANAHZMIRO,5,2,0.8,0.9656445993031358,0
AMRUJM3KWO0JL,7,6,0.8571428571428571,1.0722542615621584,0
AMRYLIEKOJMLW,5,4,0.4,0.6375479345662832,0
AMS5SN1517K4Z,5,3,0.8,0.7222222222222223,0
AMSBCSGY4EYJB,5,1,1.0,1.5089649614231657,0
AMST19F9D96J3,10,4,0.7,0.5991631514265786,0
AMT22S17QG1DN,5,2,0.6,0.7175720992622401,0
AMT3RC78XAUHK,6,2,0.5,0.4596037839666025,0
AMU12A55W5UB6,6,2,1.0,0.7720398428731764,0
AMU56E1HI6EPR,6,3,0.5,0.9226933197521432,0
AMUM002MXEXV4,5,1,0.2,0.9233278163963365,0
AMVJ9LHG7EFBG,8,2,0.375,0.5050968327318361,0
AMW6LVNP9HMMM,5,1,0.6,1.467142857142857,0
AMWFNF7Q64L9K,5,3,0.4,1.066125541125541,0
AMWXJ5YS0WFBS,6,6,0.5,0.5606845315976919,1
AMXBU7IQI0G9O,6,2,1.0,0.6569669247009148,0
AMXFYABGZGMXL,7,3,1.0,0.6987571951857667,0
AMXOA0TC2QPF6,5,1,0.8,0.589661220180664,1
AMXOES34C90K0,7,2,0.5714285714285714,0.29934123847167327,0
AMXSPPGOOS1CY,10,5,0.6,1.6722454232069506,0
AMXY26ABPVDDA,5,2,0.4,0.9837518037518038,0
AMY8AQS6K4VXW,5,2,1.0,0.6983465970863233,0
AMYG28A2GVG93,6,2,1.0,0.8488143631436315,0
AMYLICF12M47G,5,2,0.6,1.0124221211335551,0
AMYPMYY8EAMU4,9,7,0.7777777777777778,0.8291625603994576,0
AMZ1Y9HCOOXDO,7,1,0.5714285714285714,1.101126444553725,0
AMZ6FEOEHBCFO,8,6,0.5,0.7294385502716316,0
AMZI3ABA7O19,5,1,0.8,0.6710299842145682,0
AMZMQZ8XWYYQM,15,10,0.6,0.43239741748321686,0
AMZYKZ1Y2M467,8,3,0.875,0.49053246848431553,0
AN0432Q8WEIA4,7,1,0.7142857142857143,1.1875097740245522,0
AN04V9HBJKQKF,9,5,0.7777777777777778,0.5246473132040079,0
AN07AB5HE4U5J,5,4,0.8,0.7887600494743351,0
AN15R7KT7KEGB,5,2,1.0,0.7500388431910172,0
AN175XHIN3P8C,8,2,0.125,0.3433343689697122,0
AN190T0W0BTQJ,5,3,0.8,0.35719522814350385,0
AN1JYRA1MDHUD,7,2,0.5714285714285714,0.786347557891081,0
AN1M29CUG0MG5,9,5,0.7777777777777778,0.7156129843241644,0
AN1MS7QNQT2WL,5,2,0.8,0.6449999999999999,0
AN1YHIAI07MIU,6,4,0.8333333333333334,0.9888443935926773,0
AN2ATCYJWU3WA,8,7,0.5,0.9469727462183124,0
AN2R1PM3G46UJ,6,2,0.3333333333333333,1.4816450493240776,0
AN36CFXMPZAIM,6,1,0.8333333333333334,0.9864290801790802,0
AN3EDRNDF9TJF,9,2,0.5555555555555556,0.4997089995731145,0
AN3SJJ4XPJ252,5,1,0.6,1.2467474489795918,0
AN3XJ4BHFW0PT,17,2,0.7647058823529411,1.3372571488488443,0
AN402FWV4UDOF,7,2,0.42857142857142855,0.8555655072896451,0
AN430ORNSIY80,12,4,0.8333333333333334,0.5385996342981637,0
AN4EZ0ALG3M6E,11,1,1.0,1.034149184149184,0
AN59OX193K1XK,5,1,0.4,0.7369434615951643,0
AN5FR9XOS0ORP,6,5,0.8333333333333334,0.3690862561137475,0
AN5FTAWSS5DMO,6,1,0.6666666666666666,1.1408221534227727,0
AN6WO355FGB7C,5,2,0.6,0.446429512516469,0
AN73K3EXEALIS,10,2,0.9,1.4602869592894663,0
AN77Y28KYR3XF,5,1,0.8,0.8542403628117914,0
AN7AELA3YHNZK,16,8,0.625,0.7330150955264181,0
AN7DH1WHK5XXN,6,2,0.6666666666666666,0.671761734997029,0
AN7PYDVNOVQOA,12,5,0.4166666666666667,0.9464360894540419,0
AN7QQ1EEAB97I,5,1,0.2,0.7723417929044526,0
AN7ZTHQEJLJW,7,2,0.42857142857142855,0.815395723506794,0
AN80WN9BWDHFE,13,3,0.6923076923076923,1.2464058443474086,0
AN85G70HW0YQH,19,3,0.2631578947368421,1.8778404200081018,0
AN8EPR2B5UMUU,5,2,0.4,0.5978535353535352,1
AN8JP4WQIA7YJ,5,1,0.6,1.131795378534509,0
AN92S28RV1FQ4,16,2,0.4375,2.043396728174246,0
AN92U23LYTQBR,7,1,0.5714285714285714,0.6798569801322797,0
AN95O46L97YJL,6,2,0.6666666666666666,0.9276287721939895,0
AN9766RTX9ISB,8,3,0.75,0.8247365900383142,0
AN9J46667D80O,37,2,0.4594594594594595,0.5719841919311075,0
ANA1W92UTZ0VF,5,2,0.6,1.428235294117647,0
ANAFOVE8AE3UI,7,5,0.42857142857142855,0.8208140348337917,0
ANALOM35NWNNF,7,5,0.5714285714285714,0.7872294372294373,0
ANATJ6QFQJX3Q,6,1,0.6666666666666666,0.6944801000033558,0
ANBI9UGOEN8RZ,8,1,0.875,0.8273809523809523,0
ANBORSEKMXIIF,8,7,0.875,0.7763316670645978,0
ANC58RQKSQ5DG,8,8,1.0,0.689886933787013,0
ANC8LUXJU31JN,5,3,1.0,0.6814170439039595,0
ANC8SQX3EDMOE,13,2,0.7692307692307693,1.1218086263051839,0
ANCOMAI0I7LVG,6,1,0.6666666666666666,1.6650167084377612,0
ANCTEVATRGO0K,10,1,0.9,0.7123255582137161,0
ANDBHQL4I1CWT,6,3,0.5,0.7190617913832199,0
ANDV40FXSP1QN,5,2,0.8,0.39622748149734655,0
ANEA9U64SYH0Q,6,1,0.8333333333333334,1.26202934662237,0
ANEARFZ8JJB1W,8,4,0.5,1.0102128258111205,0
ANEDXRFDZDL18,29,2,0.3448275862068966,1.2551948631184833,0
ANERNVFSBEGSO,5,2,0.6,0.9287542916853262,0
ANEVEWN5Z9XJL,6,1,0.5,1.8839056316008136,0
ANF125J5HIXP,7,2,1.0,0.7782414706695057,0
ANF6TEV6NFYRN,7,3,0.42857142857142855,0.5843120604493819,0
ANFGKQ2G4LEKM,11,4,0.7272727272727273,1.2478698073400738,0
ANFHRU4HCNSTQ,6,4,0.16666666666666666,0.8700549450549451,0
ANFMETZP2OODT,15,5,0.9333333333333333,0.8128245944905298,0
ANG3S30XQ0BFM,7,2,0.8571428571428571,0.5426990023990749,0
ANGB2NDP866XC,8,2,0.875,0.5380289517313593,0
ANGQ1S51W33TQ,5,3,1.0,1.671774891774892,0
ANGTXZIY1V1TI,7,7,0.42857142857142855,1.5913170163170165,0
ANH4SSC0JZ7DT,8,1,0.875,1.4114827133119818,0
ANI02M2R6JRJ0,8,3,0.625,1.5074961063773027,0
ANIHMU5MFG5KY,9,4,0.8888888888888888,0.6959357274636753,0
ANIP9H69JNG0,16,3,0.4375,1.3428951340363997,0
ANIQM5ZY1KS69,5,4,0.2,0.36595959595959593,0
ANJALC6WRXG4S,5,1,0.6,2.259722222222222,0
ANJEBGHPRZ6RO,5,2,0.8,0.8155952380952382,0
ANJY75Z24A6AG,5,2,0.8,0.4930783323860516,0
ANKLA1Z5NY4L4,7,2,0.42857142857142855,0.47603443068559353,0
ANKW2Z0H0KVZ0,5,2,0.4,0.6722330815963258,0
ANKYVQ6CNOB7D,6,6,0.6666666666666666,0.5070422535211269,0
ANL1RN4IRTMOT,6,1,0.6666666666666666,0.8904499198341513,0
ANL24YSB8KB4Z,7,3,0.5714285714285714,1.3275283384857854,0
ANLQEZPXB7473,12,6,0.6666666666666666,0.4361754832537983,0
ANLQIKDJM1C60,7,2,1.0,0.7101514310275342,0
ANMB89ON8576X,5,1,0.2,0.6743589743589744,0
ANNFX92QXSH7A,7,2,0.7142857142857143,0.7717612728151371,0
ANO3PLR7O4VBF,9,3,0.8888888888888888,1.3151024345962432,0
ANO453594L7JX,5,3,0.6,0.7188118658834772,0
ANO7EAXPYVRB3,14,2,0.35714285714285715,0.7535867868147221,0
ANOLSCSFPHWMX,5,1,1.0,0.47782317493158943,0
ANOPTZAQSU0DH,5,2,0.8,1.5212245214291251,0
ANOS716UE925L,6,2,0.5,0.7640378140378141,0
ANPIELRQWLR54,6,1,0.6666666666666666,0.9865800865800866,0
ANPUFXIDA9OSI,5,3,0.8,0.36750000000000005,0
ANQ5H0KG2IXNO,7,2,0.2857142857142857,1.5050301109331665,0
ANQD84MKG8GAH,6,5,0.8333333333333334,0.9378762999452656,1
ANQN644VHQBA3,5,2,1.0,0.6105110336817654,0
ANS0YHPGX93LR,7,3,0.8571428571428571,1.1971552257266542,0
ANS38UFJ5F91V,5,1,1.0,1.8997387635174694,0
ANS9R3MM9ZU7X,5,2,0.8,0.44792207792207783,0
ANSFRRLSKV39G,11,2,0.18181818181818182,0.8245329827251329,0
ANSHZ9YVAKWTA,5,2,1.0,0.6038018433179723,0
ANSV4TGRPI6CZ,6,1,0.8333333333333334,0.42892618397514354,0
ANSVB7OYSXZSL,16,1,0.5,0.6956912256804498,0
ANSZ8P095QVA7,5,4,0.6,0.48517827645317146,0
ANTJICXHIXAPE,14,10,0.6428571428571429,0.6070922536336342,0
ANTN61S4L7WG9,53,3,0.5471698113207547,0.6227953070801107,0
ANTOV8XD0YB0W,28,15,0.75,0.7123122553835161,1
ANUGPFWYN38AW,7,1,0.7142857142857143,0.6790547248085103,0
ANUJ17BGW9UU8,5,1,0.6,1.255378194034409,0
ANUMFGPD79H6P,11,2,0.36363636363636365,1.4412683145833614,0
ANVPLS56WCKL2,7,1,0.7142857142857143,0.4416666666666666,0
ANVXNAKAC4D59,9,2,1.0,0.6462481962481962,0
ANW6EGY12V5XS,84,6,0.5,0.862352060063252,1
ANWK394NM6LWO,6,3,0.5,1.286060012490774,0
ANX51Y0Y4TXAK,5,1,0.8,0.770754543363239,0
ANX7EL9512XDQ,6,4,0.8333333333333334,0.9102119339507286,0
ANXJJML65M5TF,5,2,0.2,0.6647209653092004,0
ANXNTFUW0HKXZ,6,3,1.0,0.8185786435786436,0
ANXXKNIGXTAS0,7,2,0.5714285714285714,1.0646910424942462,0
ANY0YPK9N6SXQ,6,2,0.6666666666666666,0.8457564545429349,0
ANY6L67JQPQJ2,7,4,1.0,0.5271689956770887,0
ANYKKMEHB0ABA,6,4,0.6666666666666666,0.5397823617703136,1
ANYN4KAJR5R37,5,3,0.8,0.8449926325691294,0
ANZ2AZ4PE9H55,6,3,0.5,0.5117611527994508,0
ANZGC4YCEQC6W,20,4,1.0,0.5974332489082507,0
ANZLKWV7VUBXX,6,4,1.0,0.5715062705727861,0
ANZO21PXQ989Y,5,3,1.0,1.0823015873015873,0
ANZOBVEVYFPE1,5,1,0.8,1.3914550264550265,0
AO04G5TZ3R8L2,6,4,1.0,0.7034997135464577,0
AO09RWV40IX78,44,5,0.7272727272727273,0.7891300718276821,1
AO13TNMQBPLZE,7,1,0.2857142857142857,0.7363945578231293,0
AO1A43AFC3RBG,5,2,0.6,1.0527797202797202,0
AO1C5VKTWTDD2,6,3,0.8333333333333334,0.8088671784738803,0
AO1OG64J0SYPY,9,9,0.8888888888888888,0.4542312542056789,0
AO1Z6ER9FPXDC,6,1,0.3333333333333333,0.8308626333016575,0
AO2BSY9E345DZ,7,4,0.5714285714285714,1.299308803695985,0
AO2OSS7TKDN74,5,4,0.8,1.7168060200668898,0
AO3DUMLF2SIQC,6,2,0.6666666666666666,0.35227272727272735,0
AO3E90T97U1XQ,5,1,0.6,1.12989898989899,0
AO446XXSZS7ME,6,1,0.5,0.4983456914953375,0
AO4EEX602894D,6,4,0.6666666666666666,0.8506488053713076,0
AO4LJ777HXG8A,21,2,0.47619047619047616,0.8753687279532492,0
AO4ZORR05SSFZ,5,2,0.8,0.9511345932469529,0
AO50HSYM1N6XG,6,1,0.6666666666666666,0.6932960557960559,0
AO5B7TLBAHMK6,5,1,0.4,0.3769248324062187,0
AO5DMVKG4UGQ3,6,1,0.8333333333333334,0.355738011988012,0
AO5QBNCXTVSUQ,13,5,0.6923076923076923,0.7026276020153374,0
AO68X66YOJGQI,5,1,1.0,0.3854993386243386,0
AO6AV9VWS82IA,11,4,0.18181818181818182,0.5317646892456495,0
AO6JDOIGQTTZP,6,3,0.6666666666666666,1.3387297042736392,0
AO6U7AVUYDT15,14,12,1.0,0.5671314850532906,0
AO72DT6UKHI0I,5,5,1.0,0.45070132686040376,0
AO73H7AZLL3AF,5,2,0.4,0.906564752429414,0
AO7HMB8YVRBUP,6,1,0.8333333333333334,0.4453494848231691,0
AO7W7WGOU6UIW,13,10,0.8461538461538461,0.49392819464375803,0
AO80YNX2GKKSG,9,4,1.0,0.8415648448143208,0
AO8F2P769YIA9,14,2,0.7857142857142857,1.0498424272068057,0
AO8RJE8TIFJZA,20,3,0.65,1.0168080701596085,0
AO9YR9LQ6AHWC,5,1,0.6,0.8391089108910892,0
AOA1HBE3BS9Q5,6,2,1.0,0.9324999999999998,0
AOABTPH9XCSOL,10,6,0.6,0.7949823412175034,0
AOAGX6XYHLS6C,5,3,0.4,0.535109819121447,0
AOB5V6AHO66HE,5,4,0.6,1.3402681992337162,0
AOBSTWSH6UUL5,15,2,0.7333333333333333,0.8248346644489701,0
AOCEW3GPQH1F4,6,6,1.0,0.37286765775137853,0
AOCOIFM61SA7F,5,4,0.8,1.356484602636129,0
AOCZATW9T853M,5,2,0.4,0.6325258075258073,0
AOD8USTJR95UI,6,5,0.6666666666666666,0.5647058823529412,0
AODKB0THUTN7W,8,1,0.375,2.4226554595500405,0
AODOIMDU38S2I,5,1,0.6,2.1709108610629606,0
AODQI51IBW7WN,7,2,0.42857142857142855,1.532584808116795,0
AODR1I0ONAW25,5,3,1.0,0.3982683982683984,0
AODSDJXUR4CGZ,12,9,0.6666666666666666,1.30184777626601,0
AOEDXOKYPII2Z,8,2,0.75,0.4734116316777607,0
AOEG7G97HCETR,5,5,0.2,0.8034679377235319,0
AOESSGBVV5TC5,7,2,0.42857142857142855,1.4281839318005685,0
AOF3IT5FFBI0H,7,2,0.42857142857142855,1.0617826617826618,0
AOF9I5DN25AHX,5,3,0.8,0.4662306070215033,0
AOFGOUMXLMVZS,8,3,0.875,0.6224847325293752,0
AOFYOL08MJDJS,7,3,1.0,0.8372269960615826,0
AOG5IJS9T4HYR,11,7,0.7272727272727273,1.0066496367587285,0
AOG7NMZWCPQJ4,6,1,0.8333333333333334,0.6064897366784158,0
AOGMYIIP9ODCW,7,3,0.7142857142857143,0.9822052425435882,0
AOGV0STIII2RQ,9,2,0.8888888888888888,0.6647711297486496,0
AOGVYZO1QFA4Q,5,1,0.4,1.2929112554112554,0
AOGXZMSQVVF3D,13,2,0.46153846153846156,0.7594096465942557,0
AOH3SU7NAQFAX,9,1,0.7777777777777778,1.3436987295636027,1
AOHIR1VQW8PNG,11,3,0.5454545454545454,0.5461933863379117,0
AOHNLSWSOLK8N,18,3,0.6111111111111112,0.5690713512271813,1
AOI15M1DOYHHV,5,2,0.4,1.4120756436545912,0
AOI2MD752ZWFU,28,2,0.6428571428571429,0.9919700581352844,0
AOI81AB9625WK,6,3,0.8333333333333334,0.6162290958049887,0
AOIADNJYCHZI3,8,4,0.625,0.4948081636500755,0
AOIARHI764ML4,11,2,0.18181818181818182,0.9220489754727397,0
AOJ1KCAZB1T2Y,8,3,1.0,0.4655758439377873,0
AOJ6HB7JC3V95,5,1,0.6,0.26061317412784923,0
AOJA1LC8PN7K1,34,2,0.5882352941176471,1.2824075533899286,0
AOJO5IHH8OLAW,5,2,1.0,0.581547619047619,0
AOJR0L4FM2PL5,7,4,0.14285714285714285,0.5547425995671678,0
AOJT7DS8K78U,8,3,0.375,0.6843951487764379,0
AOJW1NEG3A13Y,9,1,0.8888888888888888,1.1413537375263796,1
AOK76CXIYF77E,5,2,0.6,1.4833010255166452,0
AOKASVMQ129C2,6,1,0.3333333333333333,1.5450285095021936,0
AOKHOR1YFPSVF,6,3,0.8333333333333334,0.3684818553025074,0
AOKO24WAU7RKU,8,4,0.875,0.9480485615472729,0
AOL0W1DYL8LUT,7,1,0.42857142857142855,0.9398350960937736,0
AOLVIXRW16GQ5,11,4,0.9090909090909091,0.6196035660043041,0
AOLY6K5ZYP9L4,7,2,0.8571428571428571,0.5791925238735859,0
AOM9AX5AGB5LO,8,3,0.875,0.4973625629113434,0
AON3HUR9J10VU,6,2,0.8333333333333334,0.41551493773715986,0
AONUCJBC85BL,98,3,0.3673469387755102,0.782814611728304,1
AOO6FZHDMZO1S,6,3,0.8333333333333334,0.34235957946720275,0
AOOQCNY6ZXFPT,9,1,0.8888888888888888,2.607813607319156,0
AOP2C0LV629TY,7,2,0.5714285714285714,0.8542667010408947,0
AOP2ZRNSHY2Z3,23,2,0.34782608695652173,0.5904179963150478,1
AOPRHJQ3IHSG5,5,1,0.6,0.7285469602860908,0
AOQ2V2E7XA5IH,5,2,1.0,0.6477207977207977,0
AOQ7TF6JSG04C,5,2,0.8,0.5358330328716828,0
AOQGVVXK6BYI1,22,9,0.7272727272727273,0.6902741091935783,0
AOQMN4EDMQIKL,6,2,0.16666666666666666,1.7356078152042276,0
AOQOZUIJZ6J8B,9,4,0.7777777777777778,0.7570386849585959,2
AOR1LY5MMSRL3,11,1,0.2727272727272727,0.3546056735896309,0
AOR67L7N4X4OI,5,3,0.6,0.9807300763118558,0
AORSH1CU6IPHC,6,1,0.16666666666666666,0.6117063492063491,0
AORXNI4GOQNSY,7,5,0.7142857142857143,0.8194255479969768,0
AORZWOULTSN19,7,2,0.7142857142857143,0.7762330098336452,0
AOS4WVF9W3L8L,6,2,0.8333333333333334,0.5425283021592746,0
AOSD9E171QO9,7,5,0.42857142857142855,1.193050252359008,0
AOSMOGUP5XN7V,8,3,1.0,0.8181586155166891,0
AOT46P5S8YLKQ,8,3,0.5,0.7012070105820105,0
AOTBQZF21MUGY,5,2,0.4,0.9771180432470754,1
AOTJSFCTHKF20,7,2,0.7142857142857143,0.9244897959183673,0
AOTY05YYW58RK,7,2,0.42857142857142855,0.5717150701702417,0
AOU1YLOGUJP0U,6,2,0.8333333333333334,1.1440315106005972,0
AOUIWUINZ8I9P,5,1,0.8,1.0725633232016212,0
AOUQ2P71C63FB,7,5,0.42857142857142855,1.0211976632132826,0
AOV5BX24NBV29,13,3,0.6153846153846154,0.7199240823738129,0
AOV6N4S7RAO3G,9,2,0.3333333333333333,1.450664767331434,0
AOV8L3S4QEMJF,11,3,0.8181818181818182,0.8238822172634375,0
AOVCHTDDFIYPH,9,8,0.7777777777777778,0.47808012093726365,0
AOVILDVMRNVM0,7,4,0.7142857142857143,1.4624707656684401,0
AOW1JG0YNDF6C,6,2,0.6666666666666666,1.4437991021324355,0
AOWXKCDLZJNCE,8,7,0.75,1.147979390729334,0
AOWYNR90LA3AO,7,1,0.5714285714285714,0.6435057194122086,0
AOX744G76OR1Z,7,2,0.7142857142857143,1.264250527797326,0
AOXSL69K4Q18L,21,9,0.5714285714285714,0.7202889671752699,0
AOYW301DRHH3S,7,3,0.7142857142857143,1.3350769033046124,0
AOZ3JQQ4DGGGS,5,3,0.6,1.3951900395014167,0
AOZBVGFIUY44X,13,3,0.8461538461538461,0.7907995528200134,0
AP0WGB4RR3H7U,7,1,0.8571428571428571,0.34488743942626526,0
AP1HYW434MZEG,5,2,1.0,0.9666250253914956,0
AP1NM1HDT821Q,5,2,0.8,0.956480982330039,0
AP1YNJCELGOSM,9,5,0.7777777777777778,1.289669658052671,0
AP2EPKWJE01ZZ,6,3,0.8333333333333334,0.5169043520761615,0
AP315X1IW0YAW,9,2,0.4444444444444444,1.0807043776914105,0
AP3JKMVMR6IWV,6,2,0.8333333333333334,1.1288855572213894,0
AP3V63JVKLEO5,6,1,0.5,1.4404761904761905,0
AP48YXARZY42W,5,3,0.8,0.5939933166248954,0
AP4MT9U9KP22H,7,5,0.5714285714285714,0.7455972345421796,0
AP5257J86Q977,7,2,0.5714285714285714,2.2384743048413,0
AP5448DCATXSJ,5,1,1.0,2.056153846153846,0
AP58E84QFYYVT,7,2,0.5714285714285714,0.6295134717061627,0
AP58IJNZ3YTVX,7,1,0.7142857142857143,0.8957826233941854,0
AP63OYVCLW6XU,6,1,0.8333333333333334,0.9381464281619082,0
AP69VDGEJABTE,7,3,0.5714285714285714,0.5387872390335444,0
AP6CSXSJNZG15,5,2,0.6,0.6068627450980391,0
AP6H4EYBPVS46,5,3,0.2,0.5170024570024571,0
AP6H8LNMY0Q9E,6,4,1.0,0.9211436711436711,0
AP6L54VTCJKCQ,40,2,0.575,0.5650101568268975,0
AP6UY891F9AKW,6,3,0.8333333333333334,0.9887959633382973,0
AP71M7YQIL0MP,5,5,1.0,0.8257187257187258,0
AP73L7OLDCDIK,5,1,0.6,0.7115548236244829,0
AP790IUU3HY5D,7,1,0.7142857142857143,0.2077380952380953,0
AP7ELOKYSDI7B,9,3,0.6666666666666666,1.0887954146548477,0
AP7EW3TXFZGO6,5,1,0.0,0.6945573294629899,0
AP7IT6ZJMDVUA,5,2,0.8,1.3133258046301524,0
AP7QXN18TC2S9,6,2,1.0,1.3697061755459028,0
AP8A20WHNV392,12,6,0.5,0.893445302684433,0
AP8IOGZJC9CPY,7,1,0.7142857142857143,1.515392648287385,0
AP8KIUUU0VZMH,5,1,0.4,0.588888888888889,0
AP8ZY1UNYQP1P,5,1,1.0,1.0843695014662758,0
AP9FFNQM4DZWV,5,2,0.8,0.518840579710145,0
AP9HA7KU2SP64,5,1,1.0,1.1676518883415434,0
AP9J6VOYRM1SL,5,3,0.8,0.32187584711303874,0
AP9MD16WV9NYA,5,1,0.8,0.4275202915640074,1
APAA7N2VTURIM,6,2,0.6666666666666666,0.3732850838500668,0
APAEBFIM1588A,5,5,0.8,0.8341001642036124,0
APAEK95R7T8RD,7,1,1.0,0.4245713550700075,0
APAF9E7SGYWE8,6,4,0.16666666666666666,0.4508597883597883,0
APASW0USALPXM,18,4,0.7777777777777778,0.7483328540756076,0
APBAS0SCK6GEZ,6,5,0.3333333333333333,0.6910860744194078,0
APBDBT90MAALM,6,2,0.8333333333333334,0.930959956481778,0
APBJAFSQ119O6,5,4,1.0,0.3392915214866436,0
APBPXPYBUKE1W,9,2,0.6666666666666666,0.6106547928644729,0
APBVFX85FHKAY,8,3,1.0,0.5968518222322101,0
APCCZ9RNT0FZM,6,2,0.8333333333333334,0.5398544266191324,0
APCGKWFKN5BAQ,10,2,0.8,0.9015323864613751,1
APCJSTR0EL514,5,2,1.0,0.8178749329227036,0
APCK0LYT3GMGP,13,7,0.3076923076923077,0.4797367170400254,0
APCUI22CRPL7F,6,3,0.8333333333333334,0.583027667663683,0
APD8JEGCYC28M,5,3,0.8,0.3780708455631056,0
APD8K5WTYASBY,5,1,0.4,0.712998260567849,0
APDFIJGKJPXT0,6,3,0.3333333333333333,0.929292489353465,0
APDNEF1XXVYDU,7,1,1.0,0.8636328657337062,0
APDTFL0NS0OHE,6,3,0.8333333333333334,0.569612388994849,0
APDTWLZZVJON2,9,1,0.5555555555555556,0.5052116287051057,0
APEFMOE6CMM1J,6,2,0.3333333333333333,0.4345574044340647,0
APEJ8EJCC8PQ8,9,3,0.5555555555555556,0.5708569867140523,0
APEQ5VWNN1QA1,5,1,0.8,1.058544061302682,0
APEWIIOVFGBIY,5,1,0.6,0.7180952380952381,0
APF0XNUTXT0PZ,5,3,0.2,0.4936997749919641,0
APF7ER67O2KFX,5,2,1.0,0.9483886483886484,0
APFGI8278CTA2,9,6,0.8888888888888888,0.8202450281927602,0
APFNDSGVBG7UG,5,3,0.8,1.2107940161104718,0
APFSFA4B91BOI,8,3,0.75,1.0727059381762352,0
APFYI8EVFRYTX,7,1,0.7142857142857143,1.4709484426968438,0
APG7Q8CPCBX69,5,3,0.8,0.9312152777777778,0
APGE05SC50SPL,10,2,1.0,0.3833040603154026,0
APGESIHRV27WZ,5,3,1.0,1.5417543859649123,0
APH1NC19O4OFQ,7,2,0.7142857142857143,0.49340318898589575,0
APHAITDWEDSCX,6,2,0.6666666666666666,1.528395622510172,0
APHCUHWSA2R4H,8,2,0.375,0.9941833617504973,0
APHX8VOWVTCHG,5,5,0.4,0.3338888888888888,0
APHXWZJ22M17M,24,3,0.875,0.8326322677646104,0
APINWZ75KE9TT,5,4,0.8,0.8639627251391957,0
APIP8ZKGBMWBH,8,3,1.0,0.6334861972544148,0
APJ30DZNPFU6K,6,2,0.3333333333333333,0.40608465608465605,0
APJOQ5U9NBEPW,5,2,0.6,0.5647721198551734,0
APK4R7CIVTKWU,5,3,0.8,0.9383333333333332,0
APK74RJ5E0DDX,6,2,0.8333333333333334,0.737928718191876,0
APLIQGV6ZSMA1,11,2,0.7272727272727273,1.015065956521475,0
APLMY6N587W0D,8,2,0.75,0.2715413059163059,0
APLOH4IOOBJOI,10,8,1.0,0.6364923711727704,0
APLY7V4J0NLAC,8,2,0.75,0.9269221106274679,0
APMERM3ITCMWE,5,3,0.2,0.38690476190476203,0
APMG34X89DAI5,5,4,1.0,0.7369230769230771,0
APN3EN8KYQZZB,6,1,1.0,2.75465367965368,0
APN50UILUQ3FZ,16,2,0.375,1.2307230850681703,0
APNIAK7MKD4HH,9,8,0.6666666666666666,1.390646892247134,0
APNMLMXPR7FJI,7,3,0.0,0.8417511060368204,0
APNTTC3TIK0EX,5,2,1.0,0.763095238095238,0
APNUW5FMA10S0,6,4,0.8333333333333334,1.424999695345388,0
APNWNUW7LT2DT,10,4,0.6,0.954495947315096,0
APO2Q77TABHCD,6,2,0.3333333333333333,0.5148169032227164,0
APOFQFXC8K645,21,3,0.9047619047619048,0.9806123058941727,0
APPJM86N03ZMG,5,5,0.6,1.1074468229625178,0
APPP4P483RZ8W,9,3,0.6666666666666666,1.023095138306432,1
APQRGQLWZI4LM,5,2,0.8,1.4603000531884498,0
APQU90CFJS0AE,12,5,0.25,0.8116014661970893,0
APQUBV1HRO5QU,5,1,0.6,1.1333333333333333,0
APR4B9PWWEPKX,9,2,0.5555555555555556,0.7532752692133093,0
APR5994RLKVE,5,4,1.0,1.2566666666666666,0
APRJDKS9CHS61,15,1,0.7333333333333333,0.8339870236071728,1
APRNHY9YZA2VU,5,3,0.8,0.8693617664851784,0
APS18PNFSYKS0,8,3,1.0,0.7372683341853143,0
APSLFVQALWV65,5,1,0.6,0.5736111111111113,0
APSOLWPTAS8FJ,7,5,0.8571428571428571,0.6654591076609426,0
APSSRJEZ09F3V,9,3,0.6666666666666666,0.9505732426880407,0
APSWOU8J77CVN,7,3,0.5714285714285714,1.175113668655868,0
APTCHDEWTLVTD,5,1,0.4,0.7875324675324676,0
APTDMTPFJEOGM,6,2,1.0,1.2936555460507557,0
APTLMVR9J0FZS,5,1,0.8,1.8757142857142857,0
APTZ8ATM9RJK0,6,2,0.6666666666666666,0.664526874435411,0
APU2F4UI1I9PV,10,8,0.3,0.9048138957816377,0
APUGL98BRKRA7,6,5,0.8333333333333334,0.5227541371158394,0
APV3AE88NLZ2X,6,3,0.5,1.3154761904761905,0
APV9N3FBJRH6D,9,3,0.7777777777777778,0.6688020169116938,0
APVG1LNNJJKJL,5,3,1.0,0.7116102514506769,0
APVKSHPDJLOXS,7,5,1.0,0.6201341080290758,0
APVNJKKHYD0X,5,3,0.6,0.7443099008751581,0
APVVQ866N4T2S,16,9,0.8125,0.7613112365539764,0
APX99TCDHNEFH,6,2,0.8333333333333334,0.8821420895888981,0
APX9B5RSL81YJ,8,2,0.5,0.818306036069194,0
APXFWNEAJR1O6,5,2,1.0,0.6957965859611172,0
APXQHFTTYERDE,7,1,0.5714285714285714,0.6515018315018314,0
APXWLGX4CN8EV,5,2,0.8,1.710317321378654,0
APY0PLR9RNL2D,24,6,0.75,1.0784054569087098,0
APY64JBMB369U,6,2,1.0,1.450024383658458,0
APYK8PLTDISMD,6,4,0.8333333333333334,0.5259985475533335,0
APZ74YCJM4YO2,6,1,0.6666666666666666,0.9808731124329086,0
APZA8SXX9DMT8,11,3,0.9090909090909091,0.7239329274052445,0
APZBU2T2NM7LM,5,2,1.0,1.011969696969697,0
APZCMJNDEZ94V,5,3,0.4,0.5274586934332617,0
APZENT0V05RJJ,5,4,0.8,0.44884490841428626,0
APZXAGPCGAC8Z,6,2,0.8333333333333334,0.9042922339656952,0
AQ0Q4CES379O4,8,2,0.5,0.5080984702052442,0
AQ12KA2MADRIS,9,2,0.8888888888888888,0.9896013404710864,0
AQ1DGIWEF4S5A,7,7,0.8571428571428571,1.0370607598603834,0
AQ1F3NP2G15S5,6,1,0.16666666666666666,0.9127160691421254,0
AQ1FWUP3I93IY,8,2,0.375,1.1553100358057629,0
AQ1L03M7CTSGR,8,7,0.75,0.7551705404383975,0
AQ256WL61ZFK5,5,2,1.0,0.904248366013072,0
AQ2FC1DLKVD8H,55,4,0.8,0.8832144530155903,1
AQ363X9VQLD84,12,4,0.6666666666666666,0.5677847877832513,0
AQ3BVPWA301ZF,15,3,0.2,0.46872251931075465,0
AQ3GHT17PGSBL,10,2,0.7,0.706051292301124,0
AQ3MJ8V783YYQ,19,4,0.6842105263157895,0.9048562634539038,0
AQ3PNEEG79976,9,2,0.6666666666666666,0.6508706816473832,0
AQ3ZKNRD1RWO1,5,3,0.2,1.8057422969187678,0
AQ4DV2S7XBRVF,6,2,0.3333333333333333,0.3241375371401942,0
AQ4G1PWWDDO9U,11,4,0.45454545454545453,0.8137509549274256,0
AQ4P5VTU2RASK,15,10,0.8,0.9553298230156272,0
AQ4QE7INQGYZD,9,4,0.6666666666666666,0.6692803186963115,0
AQ50CV0TRJ21F,7,1,0.7142857142857143,1.6884121583154206,0
AQ5216XVE0ORU,13,2,0.6923076923076923,0.45389449111259556,0
AQ55H30MZSV0Q,31,2,0.41935483870967744,1.2143245476919566,0
AQ5CIWIFDDCB9,8,1,1.0,0.5045220423912363,0
AQ5Q0Q69HJSL4,6,1,0.6666666666666666,0.3842592592592591,0
AQ5QUFT0D6RCM,5,5,1.0,0.41495140080045756,0
AQ64NMZDUVYN7,16,2,0.625,0.5348338293650793,0
AQ66EFBFY7JXY,14,5,0.7142857142857143,0.8690563523263949,0
AQ69WQY9ADEX1,5,1,0.4,1.6224043715846996,0
AQ6QKGG4369FD,5,2,0.8,0.3133600152468078,0
AQ6UE5MKP9QQB,17,5,0.9411764705882353,0.7784922738870108,0
AQ6XS10RR7CE0,11,2,0.7272727272727273,1.1463023923867297,0
AQ7QRW8UFXKH8,7,2,0.8571428571428571,1.3341308901913103,0
AQ831E972J4VI,10,2,0.7,1.4650078509635587,1
AQ8PYQ6CD7YLO,8,2,0.875,0.7975891323024054,0
AQ8YM6P74DRE5,7,2,0.7142857142857143,1.4516354016354016,0
AQ9GVQAH3ZU0,18,6,0.6666666666666666,0.7432040905520427,0
AQ9RTW5BNHRNZ,6,2,0.3333333333333333,0.7676882137839685,0
AQ9Y2L3B8L597,6,4,0.3333333333333333,0.7575148669163948,0
AQ9Z9QQ1I9YEN,6,3,0.6666666666666666,0.5117374700095839,0
AQAPF257W6PTY,5,5,0.8,0.5211949685534591,0
AQAQLXGKRS1VY,5,1,0.4,0.5914343434343435,0
AQBBCMSM0RTXL,12,5,0.8333333333333334,1.1803667151972779,0
AQBER2BLR3XZS,15,2,0.3333333333333333,1.0382056423763633,0
AQBJQG8EQEEL6,6,2,1.0,0.4572653662686477,0
AQBLWW13U66XD,16,11,0.9375,0.6432217634323134,0
AQCDIKR9S3610,7,3,0.7142857142857143,0.7111784545515262,0
AQCDKQI0X2WV0,7,2,0.14285714285714285,1.3723499741848368,0
AQCJSZSRUEOL2,5,2,1.0,0.8705462184873948,0
AQD6T7EAZOVY4,8,2,0.625,0.5876245384517443,0
AQDBNNXVK21B4,5,5,0.8,0.4630765669268345,0
AQDZH1FRF2RB6,10,3,0.9,0.4255467473947346,0
AQE5DUAHBG34S,5,5,0.2,0.6783769389276807,0
AQF3D0KX5SFCM,16,2,0.25,0.816376880358839,0
AQFDQVYNLJFT2,5,3,0.6,0.7900358688930118,0
AQFIN342CUSRL,6,5,0.5,0.37710821786908744,0
AQFRVC52BIL6,5,4,0.4,0.6583373323489602,0
AQG2MV13YKB1H,7,4,1.0,0.899470031915205,0
AQG58UVSDEBWI,7,2,0.8571428571428571,1.08102195423624,0
AQGDGMPN2VW0U,6,1,0.3333333333333333,1.1353174603174603,0
AQGDI4H921BOU,6,2,0.6666666666666666,0.7486053949521496,0
AQGKMHAVEI8L3,6,2,0.8333333333333334,1.238164929945752,0
AQGQ2G07LY6FI,9,2,0.3333333333333333,2.3973226146827296,0
AQGXXZ3YNMCEJ,6,3,1.0,1.1165758613532588,0
AQGZS64X42K2W,10,2,0.6,0.5704752351565515,0
AQH9RV53R1VRH,6,1,0.3333333333333333,1.2704195314489433,0
AQHCQ1ZA717U7,6,1,0.6666666666666666,0.39692955435976796,0
AQHIVQZ41PZ19,5,1,0.8,0.6307954162453655,0
AQHLJ57UZNNPP,8,4,0.875,0.7074595423733354,0
AQHOV9T6LV141,5,2,0.2,0.8338160919540231,0
AQI4DWRDKQYP8,7,3,0.7142857142857143,0.9702756892230576,0
AQIDS17OBKTVW,5,1,0.6,0.7863551752044169,0
AQIEN3BHQFFQ,9,3,0.4444444444444444,0.6710134706608735,0
AQIX4NJD7ZP7M,6,2,0.8333333333333334,0.9164086018114806,2
AQJG2NIMJFQ2E,5,2,1.0,1.7828260869565216,0
AQJMHTDSSQRJ0,11,2,0.6363636363636364,0.580865983720439,0
AQJT4VD2L0PFE,5,5,1.0,0.41709303827947897,0
AQK88QPESAINI,7,1,1.0,1.909379840736494,0
AQK90DXWYQEC5,9,1,0.6666666666666666,1.2971607057345598,0
AQKB53Z700U72,16,9,0.875,0.5014259939163989,0
AQKBRTRAQU80N,9,5,0.6666666666666666,0.8141089812390707,0
AQKCUA4HXLZFM,5,2,0.8,0.5689476041200179,0
AQKX4W0XRUHKB,5,1,0.8,1.8038102334823645,0
AQL3D70CKNTL8,10,4,0.2,0.803121079963762,0
AQLMVE6SH4A07,6,5,0.3333333333333333,0.4147673314339982,0
AQLZB3YNGD8QQ,8,1,0.375,1.0198392577666655,0
AQM9CPBRYW3PL,5,1,0.2,0.869052299052299,0
AQMK432JCBSSM,5,1,0.6,0.525,0
AQMR22T44FKZB,7,2,0.8571428571428571,1.3654003139717423,0
AQMRWYZL3J73D,6,2,0.3333333333333333,0.45311757026042754,0
AQNB3HB79ZE3F,5,2,1.0,0.5281607389026745,0
AQNN6QAUHHZSC,5,3,1.0,0.39536645525017616,0
AQNPL942Z64BA,6,4,0.8333333333333334,0.5273591660288678,0
AQNQHPRR3WQU1,10,2,0.7,1.4064778706608307,0
AQNZ2KY3XFMUV,6,2,0.3333333333333333,0.7195775867650868,0
AQO3WGQWXZDTJ,9,3,1.0,0.7913987038267323,0
AQO46JIGXXCXB,7,2,1.0,0.962660271609663,0
AQORKOBQ65E7N,5,2,1.0,1.2177759532931947,0
AQOUNTL90OL7X,6,2,0.6666666666666666,2.0799010217113665,0
AQOY334UL0B95,22,9,0.5,0.9792088431785927,0
AQP1QWPHVYQ2R,6,1,0.6666666666666666,0.6340652905870297,0
AQPH7UFOWXFW,22,4,0.5,0.9237680316058838,0
AQPIILREUKLZM,5,1,0.6,1.102121212121212,0
AQQBS3F0XW3GC,14,1,0.35714285714285715,0.7519116408091564,0
AQQUT7GGV4PNX,8,5,0.875,0.5446421451355662,0
AQR33IW7V25K6,7,3,0.5714285714285714,0.657140487774057,0
AQRGWCXL7H0R4,7,5,1.0,0.733531325655982,0
AQROTS0HU1RDL,13,1,0.46153846153846156,1.8989307590522415,0
AQRWJ5X3JIUJC,8,8,0.5,0.733581694326476,0
AQRZ0A75053WY,5,2,0.8,0.5995847066578774,0
AQSW6WDVCJGB8,13,2,0.5384615384615384,0.6175736216029257,1
AQU9CN3I8Q2X2,7,1,0.7142857142857143,0.7281964067678353,0
AQUBH41VHFX8T,5,5,1.0,1.8974473684210527,0
AQUNOQN431WO,9,2,0.5555555555555556,0.838289903869614,0
AQVFU0II67MGC,7,2,0.2857142857142857,0.8498179076393574,0
AQW6EF0LLZB3N,5,2,0.4,1.0599855885665028,0
AQW7P4UJPOZ0U,5,2,0.8,0.9413542888419736,0
AQW9DXYSUFJP8,6,4,0.5,1.4724797279834594,0
AQWRBA6CWHYD7,5,2,0.6,0.8463809523809525,0
AQWUH8RS2SYT7,7,3,1.0,0.37964743031176823,0
AQWY903J4L3GK,5,4,1.0,0.38456837280366685,0
AQXB4AR9HCZTE,7,2,0.42857142857142855,0.7171679197994987,0
AQXHMLLNSC4S2,20,5,0.7,0.46301507896128646,0
AQXME4FKZVR4S,8,6,0.5,0.8884765432216375,0
AQXS8G7G6OMAT,5,1,0.6,0.728876127973749,0
AQXZJ05XAHKUZ,5,2,1.0,0.5922777028040185,0
AQXZLDVB746QS,6,3,0.5,0.7445243145020992,0
AQYIBLOA7IQSN,5,5,0.8,0.8383333333333335,1
AQYMYM94LI3TB,7,2,0.5714285714285714,0.7933747799819229,0
AQYRDT71W7RIE,5,2,0.4,0.6247619047619046,0
AQYRQ7H4BQJJM,5,2,0.8,1.4971861471861474,0
AQZ4PHIEEV5N5,10,1,0.6,0.5477712391774892,0
AQZBIM739YVLM,18,5,0.7777777777777778,0.6758897513575877,0
AQZMDF5110XY1,5,4,1.0,0.3557414778777009,0
AQZR0RKKTPYW8,7,4,0.8571428571428571,1.142459340057862,0
AR040DQNCVR0H,13,4,0.8461538461538461,0.5650115590965784,0
AR0YQVAAOQUDJ,5,5,1.0,1.1972867534242513,0
AR18DH5SL9F73,26,3,0.5769230769230769,0.9520600445505925,0
AR1HHA1ZU3SWU,5,3,0.6,1.2160826594788858,0
AR1IGHMRINL58,5,2,0.6,0.7690707350901527,0
AR1L6HRY0EZP9,6,2,1.0,1.359985775761177,0
AR1MQAJK70YYU,9,8,1.0,0.60516067564912,0
AR1N8F3U6L7CW,10,1,0.8,0.992413195999403,0
AR1T36GLLAFFX,27,5,0.7037037037037037,0.8881453780764536,0
AR20XNSS9EQ7S,5,1,1.0,0.4004976293663999,0
AR2BPDZWGJO65,7,3,0.2857142857142857,1.012838953571219,0
AR2CNS0JK09ET,5,2,0.6,1.2461353616771678,0
AR2IKIJRHKB3G,6,4,0.5,0.8095270515613654,0
AR36NHA9Z5WGG,23,3,0.6086956521739131,0.6958653966434328,0
AR3BASWRALK6X,6,2,0.6666666666666666,0.4894069459721165,0
AR3S87A99KL9M,7,2,0.42857142857142855,0.7566081803513403,0
AR3UP8Q9L3K3N,6,2,0.6666666666666666,1.0176654740608229,0
AR442TLFL83IR,10,7,0.2,0.9386262759122884,0
AR4ANGTNDT5AL,9,4,0.6666666666666666,1.2069208424110385,0
AR5TAXR46YB4L,12,2,0.9166666666666666,0.9391030286641988,0
AR5UEO0OIYPO1,8,3,0.25,0.9453830813934769,0
AR5XJEZR0LWWW,33,2,0.7878787878787878,1.2742575096307756,0
AR64CEBJWBICU,13,2,0.46153846153846156,0.5504360545246378,0
AR6G1SSIGV2R8,10,5,0.8,0.5086138446825629,0
AR6QTTIQ7P4DV,16,3,0.6875,0.5784951874481697,0
AR6XDGONYRMXB,5,2,0.6,0.6873220867294287,0
AR70GLFIA9IYV,6,2,0.0,0.8997659860589939,0
AR7BDC8P5L33L,5,3,0.4,0.8077007084692946,0
AR7NQ4SR4MHAL,5,3,0.8,0.9767699035913445,0
AR7O653NMY6QQ,7,2,0.14285714285714285,1.1940359477124183,0
AR852WPM2BLCZ,7,2,0.7142857142857143,1.0896181661070228,0
AR87CWP6KEL4A,5,3,0.4,0.4619290506387281,0
AR8989NYYS825,5,1,0.6,1.4607118758434547,0
AR8AC8KLBQJVT,5,3,1.0,0.49006363414931187,0
AR8BPMAREHIJ7,12,4,0.75,2.266384420019172,0
AR8VTCDOAW3VO,5,5,0.4,1.010826153743405,0
AR9ZOUQV552O3,5,3,0.4,0.6474176074396355,0
ARAKTT5M3DDYA,19,2,0.8421052631578947,1.1537768994654525,0
ARAQ1OYYY1A2H,7,5,0.7142857142857143,0.6578928147731621,0
ARAS5VERQ8BH2,7,2,1.0,1.0340136054421767,0
ARBMBLFBK10XI,5,1,0.8,0.5274598198736131,0
ARBR8471NTSMH,5,3,0.6,0.6847041847041847,0
ARBRZKQK5T2HA,5,1,0.8,2.005974813861568,0
ARBZDB242HSKR,7,2,0.5714285714285714,0.4029823265338523,0
ARCRRF9N99NKF,9,2,0.6666666666666666,0.8738326374707938,0
ARD2SLF2BZ4KE,11,2,0.36363636363636365,1.0035742849525844,0
ARD48P7NQ0UMT,5,2,0.6,1.1514285714285715,0
ARDB79V42CX6P,19,4,0.42105263157894735,0.672434875066454,1
ARDE4URY8Y21O,8,2,0.25,1.0201422844808599,0
ARDG1AF0V0AS8,7,5,0.5714285714285714,0.5848635358697799,0
ARDN9Q3CGPXSI,10,3,0.8,0.4199246179885277,0
ARDNBELWO5NZ3,8,2,1.0,1.3872647849462365,0
ARDNFF5F8B68Q,6,3,1.0,0.9919910933299055,0
ARDVU917SUNSX,8,3,0.625,0.9040737734487734,0
ARE879SUUYGVP,11,2,0.8181818181818182,1.2537024461849524,0
AREOC3C9WSI74,7,1,0.8571428571428571,0.8230258462371847,0
AREREJA1RM5CK,5,3,0.8,1.943964493114319,0
AREUJN0YBOO9K,5,3,0.2,0.4882760073425416,0
ARFCORBCTKX1J,10,1,0.9,0.6369222590275222,0
ARFI5Y23Z9RSA,7,3,0.7142857142857143,0.8903557364404104,0
ARFP7DXIYEF35,7,3,0.2857142857142857,0.7504332604177761,0
ARFUG2ZWAESC5,6,2,0.8333333333333334,0.38884394754070195,0
ARGOEBLR298BC,5,2,1.0,0.7976982334435749,0
ARGTYQSSUISS9,9,3,0.2222222222222222,0.7503997859752336,0
ARH371SGCNEQE,5,2,1.0,1.287317447258624,1
ARHJIHRRPTFX9,7,4,0.8571428571428571,0.4309420562702518,1
ARHK2BI3TLRNB,6,1,1.0,0.7445699755729825,0
ARIA1F01A9YIC,6,5,0.8333333333333334,0.6750819530710835,0
ARII62ZL070KW,7,2,0.8571428571428571,1.0427813852813854,0
ARIKA2NKDLA2W,9,2,0.5555555555555556,0.5196561739665189,0
ARIOLFRAJ0KZ7,11,4,0.8181818181818182,0.3833166690213877,0
ARJ1P9IS56IE4,9,4,0.6666666666666666,0.988912292406916,0
ARJ27NMILTKQ5,27,8,1.0,0.6500891077771735,0
ARJ2L3J5GPHRM,7,3,0.42857142857142855,1.6377362439228567,0
ARJQ1IX5YJYA3,8,4,1.0,0.5084082982620217,0
ARJTFLXYAG3X5,13,4,0.5384615384615384,0.6917550494618163,0
ARJZZSU737UC,11,5,0.7272727272727273,0.3838545554062796,0
ARK2IGE2NHGT9,5,5,0.6,0.8366872167436229,0
ARK6DN3QMEEGQ,5,2,0.6,0.8613480907237037,0
ARKL8PLBDB4T5,6,1,0.16666666666666666,1.6134152585765487,0
ARKMN3KFA6I29,8,6,0.375,1.3876148155141195,0
ARKQYQ6FMLT3H,5,1,0.4,0.6837301587301587,0
ARLAX11SGSVS7,16,3,0.1875,0.8921294588583125,0
ARLWNHSRBGRRM,12,8,0.9166666666666666,0.7496804921468975,0
ARM5E8GB9NPFQ,5,5,0.4,0.6705882352941176,0
ARN0NGBOUDTJQ,8,4,0.75,0.5631806292366639,0
ARNAOSKQZMM2J,7,1,0.42857142857142855,0.6243534726143423,0
ARNC8S59XW6OV,5,3,0.8,0.5569355896628624,0
ARNEUO7BF3J55,6,1,0.16666666666666666,0.8444444444444447,0
ARNFN34LW54GR,12,5,0.8333333333333334,0.4601726211851087,0
ARNJFBT4GPSEH,6,4,0.6666666666666666,0.8168693514088252,0
ARNPHPJFGZB6B,7,1,0.2857142857142857,0.8353927908488823,0
ARO2QPEW8764T,7,3,1.0,0.6061242678889738,0
AROEAJRHBJ9ZT,6,2,0.8333333333333334,0.5488196988196989,0
AROT0NPZQIB0P,14,6,0.7857142857142857,0.8182320127949454,0
ARP6KJ123AUT0,5,2,0.2,0.8204232804232804,0
ARP8236ONTNS8,6,5,0.6666666666666666,0.4136708463192482,0
ARPDVBJWAW9E7,7,2,0.42857142857142855,0.676890756302521,0
ARPF0NHQXZ9YH,5,5,0.4,1.05466825557321,0
ARPSY2N9PJ2HV,9,3,0.8888888888888888,0.6859219760888569,0
ARPYMLS4I8ZWL,5,2,0.8,0.6378631614425345,0
ARQ4HTA950LU9,14,2,0.5714285714285714,0.8493471063045084,0
ARQEOGP3QRF0H,7,6,0.8571428571428571,0.8293462334766684,0
ARQP561C45DNA,6,2,1.0,0.364950066435215,0
ARQSD25TVS6OJ,5,2,1.0,0.4986179921773143,0
ARQUEOZ6N818C,5,1,0.2,0.7980784313725491,0
ARQYG8RE8BA4U,5,5,1.0,0.3993717664449371,0
ARQYXX7HLBOQ1,6,2,0.5,0.7795214045214044,0
ARQZQ0TZCYRMH,13,8,0.6153846153846154,0.8288465554228626,0
ARR0IQDH327WC,5,2,0.4,1.226485288904644,0
ARRJAV2KHRXIM,7,4,0.2857142857142857,0.7767810572504864,0
ARRNOA2H9V4ZZ,8,2,0.625,1.8306573864479945,0
ARS05BZQOAAIY,10,4,0.5,0.6391030482696629,0
ARS5AVXUVTAA4,5,3,0.6,0.40218681661980626,0
ARS90NOPKNPHS,7,4,0.7142857142857143,0.8290598004148142,0
ARSJDZVPPIO8N,5,1,0.6,1.012417943304643,0
ARSQ2F9U315WG,15,2,0.13333333333333333,0.4918484304641388,0
ARSWIFGUAZQCV,5,1,0.4,1.0187254901960785,0
ARSXOIYDDN688,5,3,0.8,0.4812001548586915,0
ARTA78TP6H73D,45,1,0.37777777777777777,0.5373514295808445,0
ARTAIB14VKZ9L,17,2,0.6470588235294118,0.6604140340882332,0
ARTD3JJCN9R5C,5,1,0.8,0.6833333333333333,0
ARTQX4YFDBI9C,6,2,0.3333333333333333,1.3840749414519904,0
ARTTRRDS4T90O,5,3,1.0,0.5631459601384412,0
ARU2MQU98AKER,7,2,0.14285714285714285,0.9117904058174994,0
ARU2YQZ03KRMR,5,1,0.8,0.5291595441595442,0
ARVDECVMI814S,5,2,0.2,0.3706181826130674,0
ARVURPPZ5QPMJ,7,1,0.7142857142857143,0.6173925455349606,0
ARWY7DY6IYWBH,7,3,1.0,0.6658353784404205,0
ARX7Z3NI6O0F7,48,5,0.625,0.6753028034666215,0
ARXB74DM82MIS,5,2,0.8,0.8072464038856717,0
ARXWCKE4TW84H,5,2,0.6,1.0365524529219914,0
ARY6ZLCIYE3DN,5,4,0.8,0.6501023297874872,0
ARYULZM7VGXHM,5,1,0.4,0.7502088554720133,0
ARZBTTBLIVS24,8,6,1.0,0.4679979983007323,0
ARZKZB56T6JYO,8,6,0.625,0.6871088980463982,0
ARZV4QKG5AJ9,6,2,0.3333333333333333,1.523123558606734,0
ARZYUYZQ5P0T1,8,6,0.75,0.7698719901512454,0
AS09NJQAOR2UK,6,1,0.3333333333333333,1.3202958152958153,0
AS0HYJB5KLECM,5,2,0.8,0.7405035805035807,1
AS0NHWAHNU79K,7,4,0.7142857142857143,1.3513968773186078,0
AS0QA5FERKCW6,5,3,0.6,0.6572510822510821,0
AS0XMKDE2XBB6,6,2,0.8333333333333334,0.3347675020329712,0
AS1HODBTW58PF,6,2,1.0,0.5808823529411765,0
AS225FTMC1Z95,5,4,0.4,1.198001670827482,0
AS2ARAQ2N857W,5,1,1.0,0.5155029148105372,0
AS2FY9P0LASZA,7,1,0.8571428571428571,1.0233326517022765,0
AS2GTZMT994IB,5,2,0.4,1.6017210144927536,0
AS2UNGK9SU34A,5,3,0.4,0.8538310708898944,0
AS2UOOMNAST5D,9,2,0.7777777777777778,0.7505536421416923,0
AS2YF7K3EVFJM,9,9,0.6666666666666666,0.6258074062929483,0
AS2YLGCQCUSI,6,1,0.5,1.6371956406166932,0
AS3JKGKD1JZR0,10,6,0.3,0.8825882977327029,0
AS442SAG9R7VO,11,4,0.6363636363636364,0.5326912798811708,0
AS4CM6IQHKUC6,11,5,0.36363636363636365,0.9033749666128547,0
AS4CROGEGU4HV,7,1,1.0,1.0418432421017234,0
AS4LRK5R5MSX1,5,1,0.6,0.3295906432748536,0
AS4M3JU83PCCW,5,1,0.6,0.9817443817443816,0
AS4NITKUC3433,5,2,0.6,0.5896676782436027,0
AS5U0DWZLF00Y,8,4,0.75,1.0340039276580195,0
AS5YAE2PCK7A7,5,1,0.4,0.7496031746031746,0
AS6DAKFBL309N,6,1,0.6666666666666666,1.4801486033984321,0
AS6H78AHJTF38,14,3,0.7142857142857143,0.7890153882454468,0
AS73FR9T4X0OL,5,2,0.0,0.5425063205659273,0
AS753Z6KQOKP3,5,2,0.2,0.4054447821681865,0
AS787QGV3F7U5,5,2,1.0,0.5316069158403254,0
AS7KCCCL764O9,12,4,0.6666666666666666,0.9485391221724653,1
AS7KWY7OSLSWJ,5,1,0.6,0.4894327797637903,0
AS7L1BAZ41CCP,7,3,0.7142857142857143,0.6353716029529037,0
AS7UVT2ZIQP15,5,2,0.8,0.7497986138642939,0
AS7VUSJJCIPTG,5,5,1.0,0.8292929292929294,0
AS7ZUHKLIOSSN,8,2,1.0,0.8196340344438171,0
AS8849FSQZKS6,7,2,0.8571428571428571,0.4631450613371643,0
AS8C336DDLSO4,37,2,0.40540540540540543,0.6182291211524172,0
AS8EKS03DLGKW,5,2,1.0,1.762229437229437,0
AS8G023GUWYVV,6,1,0.6666666666666666,0.5511042459571872,0
AS8N3ZL70X16M,5,4,0.8,0.887746512746513,0
AS8VENYN17UTI,18,3,0.8333333333333334,0.6089405354244443,0
AS93JX4ZOK4WA,7,2,0.7142857142857143,0.44220302516494375,0
AS9QG7SIVR793,6,2,0.6666666666666666,0.977718171261623,0
AS9S7SXQ93QYG,6,2,0.6666666666666666,0.9481088723930718,0
AS9TFMMMSTH5M,5,1,0.6,0.5921842650103519,0
AS9VE58KOCNCR,5,1,0.6,1.1248808868744065,0
ASA4ECJJKPSY2,6,2,1.0,0.8098256911188727,0
ASB1GLV27L3GG,13,1,0.15384615384615385,0.758171192280504,0
ASB1KEISYIW12,5,2,1.0,1.164804105210762,0
ASBXPSKRS6NCK,5,1,0.4,1.0469625497073094,0
ASC0T61UMGTZ,6,5,0.8333333333333334,1.026892812049062,0
ASC3KCX0KU1GX,5,4,0.6,0.6422789115646257,0
ASC41ECE7SQ5F,13,2,0.3076923076923077,0.609803074418459,0
ASCDKHYY2QAJH,5,4,0.6,0.2520741717971271,0
ASCE5545RQ01I,5,1,1.0,1.2394847116323364,0
ASCU0TZ1WAAYP,18,4,0.6111111111111112,0.587804402238949,0
ASDCYQT0UQ1ZF,7,2,0.5714285714285714,0.7922015338633331,0
ASDLA40CWIV19,7,2,0.7142857142857143,0.8664356423573013,0
ASE5XYM721UKC,7,1,0.8571428571428571,1.805564475207332,0
ASEB4OTLFYK0C,11,3,0.2727272727272727,0.898256685906133,0
ASEEKJ81SKR28,6,2,1.0,0.46012931424414677,0
ASEMSABXHAEYQ,7,3,0.2857142857142857,0.8499851097412072,0
ASEUOCYB6NUH0,7,3,1.0,0.47430555555555554,0
ASEVYBV2GDMBQ,9,3,1.0,0.5584092394698454,0
ASF3Y44957VA,5,4,1.0,0.6523939393939393,0
ASFCFS140K5M5,7,2,0.8571428571428571,0.5529467561242651,0
ASG4O0QDVG5KR,5,1,0.8,0.7187904534761028,0
ASG7NBUSYD1QN,12,9,0.8333333333333334,0.6146772709488005,1
ASGA88GAYZM4Z,7,1,0.7142857142857143,0.805017006802721,0
ASGMNKBLYEIM5,10,3,0.6,0.7573882411403764,0
ASGRFP1GXHXPZ,5,2,1.0,1.0233333333333334,0
ASHQ4ZVYKWR7M,9,3,0.5555555555555556,0.6842227967643225,0
ASIEPLI4UPV1R,5,1,0.4,0.46535294117647064,0
ASIGWEBZ5VQFH,8,3,1.0,0.7413130560681156,0
ASIQE7YQGQ09Q,5,1,1.0,0.8456140350877192,0
ASIR27UMBJ4A0,6,1,0.8333333333333334,0.9381944444444444,0
ASJ0MKRFZC47B,11,1,0.6363636363636364,0.9701376567048208,0
ASJ79H9SSAK94,9,2,0.6666666666666666,0.9041015906987016,0
ASJ7QB66JU4RL,8,2,0.625,0.6736688311688313,0
ASJAA7R14I0PT,6,6,0.5,0.9085526315789473,0
ASJE1XJY3EIN2,7,1,0.8571428571428571,0.7312021649407667,0
ASJMTXLAR1JXH,7,5,0.8571428571428571,0.5950962569545315,0
ASJN2S1YUJTNS,6,3,0.8333333333333334,0.7345053140619644,0
ASJUQU9ZFUMUX,6,4,0.6666666666666666,0.6352742754878734,0
ASJVFP1DVLHN1,7,4,1.0,0.9905470835784426,0
ASJXDBC4Y4PB4,5,2,1.0,0.9130869130869131,0
ASJXXFAU1VY18,5,3,0.6,0.487772276219003,0
ASJZT7DM51QEM,40,1,0.25,0.5010687628680194,1
ASKSYSSAET1PL,6,2,0.8333333333333334,0.7301663041568011,0
ASKZO80Z1RKTR,7,1,1.0,0.5744584496572444,0
ASL57WBGMX1AL,8,5,0.75,0.6008587360332382,0
ASLITWH5GJ1T5,5,4,1.0,0.4706060606060607,0
ASN43XCURMGC0,5,2,1.0,1.4088888888888889,0
ASN6R2PY63EN1,5,4,0.8,0.9869073083778968,0
ASN7G9U1F1SZ2,8,2,0.625,0.6920841026507862,0
ASN8RFXSFXYW,8,1,0.375,1.6243850348110258,0
ASNBQ4EH7QIBM,7,3,0.8571428571428571,1.0426499014906507,0
ASNGWRZ0USEBU,9,2,0.8888888888888888,0.4555158464017021,0
ASNW8MGNC91D2,23,9,0.782608695652174,0.7632676475038869,1
ASOG5QER5G0CE,5,1,0.8,0.9007284382284382,0
ASOQROO9OD3XG,6,2,0.3333333333333333,0.6166204032990711,0
ASOU1OEHLJVK,6,4,0.5,1.3199975949975948,0
ASP5ZEENZOF86,22,4,0.7727272727272727,0.659801708077362,0
ASPPJEYFLHJD0,5,1,0.6,0.4916666666666667,0
ASPU6ADKLXPRT,18,1,0.6666666666666666,2.0773226086289713,0
ASQ5357GTL3PV,11,6,0.8181818181818182,0.7125664097383332,0
ASQA0LIPYW83A,6,1,0.6666666666666666,1.1169356609574,0
ASQE6CIJXX6HH,13,1,0.8461538461538461,1.1328632393525928,0
ASQHJWFIU7KPZ,5,3,0.2,1.2114330114330116,0
ASQIHJMQ3KRPI,6,3,1.0,0.7317616468584006,0
ASQXQ2FQLOIO3,6,2,0.5,1.0287698412698414,0
ASR5S5Y8DVLQY,6,2,0.5,0.45237867177522356,0
ASRA2UZ3JV87B,25,3,0.12,0.8696706404019097,0
ASRB1QZFWWBFK,16,8,0.6875,0.6888947438846136,1
ASRSIUQG1Y2ON,5,5,0.4,0.6828301886792454,0
ASSE0W7ZGDQ5V,5,2,0.8,1.1966666666666668,0
ASSJSDGKOECQP,8,7,0.5,0.8466832370356709,0
ASSK2SYA6BD7U,5,2,1.0,0.9218780307584741,0
ASSRQUXGGU1EO,6,3,0.8333333333333334,1.6506559633666376,0
ASSTUWX09ZE44,7,1,0.8571428571428571,0.48062508968240764,0
AST2ONK4XYHVV,5,2,1.0,0.9504884004884004,0
AST8ASRMJ9DXN,6,4,0.5,0.819531522117729,0
ASTWTE1T2G97I,5,2,0.4,1.193623188405797,0
ASV7KW7R2XABF,5,3,0.4,0.4500776599965988,0
ASVIFMA39RQ5F,5,2,0.2,0.6508845643520565,0
ASVMB71AFFK4A,8,1,0.375,0.47279732466015145,0
ASVMD19XFJEDB,5,3,0.6,1.0666666666666667,0
ASVPO5I9DB8L1,6,3,0.5,0.4244292237442922,0
ASW1PYT75GW3Z,5,5,1.0,0.6223088023088023,0
ASW66VC3E3GQ5,5,2,0.6,0.5007452574525745,0
ASW8LWLAWCJXF,5,2,1.0,0.4455458937198067,0
ASWA0KKLPFBNA,15,5,0.8666666666666667,0.7417631497043262,0
ASWNAHFDP756N,6,2,0.5,1.41372093501551,0
ASWVPJK2BJKOA,5,1,0.6,1.587118171683389,0
ASX2P0RUJVDBP,5,2,0.6,0.36152480782669477,0
ASX5I2SCDJ9RE,11,9,0.9090909090909091,0.5448303701874284,0
ASYGCF8ALSKB8,5,1,0.4,1.1354323598079379,0
ASYJKDQYOG2MM,11,4,0.8181818181818182,0.43252932396502236,0
ASYY5KQPUQCL7,5,2,0.8,0.6714832226743769,0
ASZ9IGGB0BPNK,5,1,0.6,1.258860967799324,0
ASZH31OURH3H3,11,2,0.09090909090909091,1.042267587815533,0
AT06IH6MT1G84,9,4,0.4444444444444444,0.8388110799875506,0
AT08OIE54ES6I,5,3,1.0,0.9910444589735207,0
AT0HNPNF5WMR6,5,2,0.8,1.0636700206398353,0
AT0J9IP8XD95F,10,1,0.7,1.2355744609302595,0
AT0O3TN2GYZT5,12,3,0.6666666666666666,0.8194530454265497,0
AT13SX4Y9GPXK,7,1,0.7142857142857143,0.42426189890540406,0
AT1A4VABGBB2H,6,2,0.8333333333333334,0.6211346112031043,0
AT1E48MBZGDU2,6,4,0.6666666666666666,1.3906746031746031,0
AT1M1DIZTZGUR,7,2,1.0,0.5069156436629064,0
AT1RF4WNPGGLC,10,1,0.6,0.6944679101699255,0
AT20M9E7UT834,5,2,0.8,0.8580273175100761,0
AT28RL25Q2OLK,95,3,0.6105263157894737,0.711248208039035,1
AT2E568HG58Q8,9,4,1.0,0.5518386243386243,0
AT2O14B0M5RI2,5,4,1.0,0.7079365079365081,0
AT2WQIS0H1TZG,6,2,0.16666666666666666,0.7382458136024633,0
AT32E5NNEV9HO,5,2,1.0,0.5141071927779025,0
AT3P5M14UHVCX,7,2,0.7142857142857143,0.7485935586022069,0
AT3PBSXNDECQJ,5,3,0.8,0.4695238095238096,0
AT43SKTJU1PKH,5,3,1.0,0.6371482812312851,0
AT4910QYDNWR9,8,3,0.5,0.6471978630646085,0
AT4KBG3R728L8,10,5,0.5,0.844985227714905,0
AT4N4Z6Y039KR,5,2,0.4,1.2190476190476192,0
AT55OGD3DQCVF,6,1,0.6666666666666666,1.0635219114968393,0
AT56W2971GJYN,9,1,0.6666666666666666,1.5817212275497898,0
AT5QV6L9HXISY,5,3,0.4,0.838095238095238,0
AT62NTOYP8OIL,5,2,0.8,0.4863505747126437,0
AT64QTBR9YT9O,5,2,0.6,0.4728594771241831,0
AT66IKVKXSI46,9,5,1.0,0.6979365252240614,0
AT67M5M451URR,15,3,0.6666666666666666,0.693588179933849,0
AT67NFEOBKWUB,6,4,0.5,0.8326167684597917,0
AT7NFKYW1DG5X,6,3,1.0,0.3238372643743488,0
AT7O8BQA55XOP,5,2,0.4,2.0795826645264848,0
AT7VYL4EDM1HP,8,1,0.5,1.4482434640522877,0
AT82QJHYTC0WM,5,3,0.4,0.49756703078450853,0
AT897K1S617TL,5,3,0.6,0.9084715578718576,1
AT8P4AQH689MQ,5,2,0.0,0.6730158730158731,0
AT8SRN98QXD64,7,4,0.5714285714285714,0.7137361041977768,0
AT8TS7XTO8TIE,30,3,0.6666666666666666,0.7039692258981641,0
AT94BH5KB83AS,5,4,0.6,0.6674904214559386,0
AT94Y5QR05BCR,6,2,0.6666666666666666,0.6993129146098394,0
AT95G0ICGEMRP,6,6,0.16666666666666666,0.4241974782121471,0
AT9PJHO9NMIYX,6,3,1.0,0.401013431013431,0
ATA4HXOF4M4QZ,5,3,1.0,0.7543647827948253,0
ATABX4R68VMQD,5,1,0.2,1.46629236101966,0
ATAGSUNJUN8B2,8,1,0.625,0.959508712905452,0
ATBDPMXM9ZBOT,9,3,0.5555555555555556,0.6788268018299498,0
ATBO1P0I7TQJ8,17,3,0.9411764705882353,1.618055320830548,0
ATC11ZNBDGXYN,6,1,0.6666666666666666,0.5178571428571429,0
ATC4M4P7UYIKL,5,4,0.4,0.6279505759940542,0
ATC79W2A44517,6,2,0.8333333333333334,0.4335825617069922,0
ATCBACS15O0FM,5,1,0.6,0.8910707070707071,0
ATD1D0F327TF1,13,3,0.9230769230769231,0.7175249192532609,0
ATDC0L7T08W18,10,4,0.7,0.677370312568198,0
ATDC6GCUBYPVJ,5,1,0.6,0.4480873848789891,0
ATDEEQHTV3PD0,7,1,0.7142857142857143,0.9280177573169797,0
ATDIRUCQ12K5S,6,3,0.6666666666666666,0.4236119960919247,0
ATDPOI21DJC9H,5,1,1.0,1.4839962953139518,0
ATECU14VUIOJ0,5,2,0.8,0.6130089213300893,0
ATEOE16NL33QQ,6,2,0.16666666666666666,0.5101973684210528,0
ATET3UCACOMAS,8,3,0.75,0.3494546140873794,0
ATEUCBITZJ5XO,10,6,0.8,0.9355878843378843,0
ATF9GIT9E3X5S,14,2,0.07142857142857142,0.6981314327656776,0
ATFUXSRE8ZAQH,5,3,0.8,2.0513219918483077,0
ATG1ZJO23HPKU,5,2,1.0,1.1463865546218488,0
ATGLHCY1BZ0TO,16,3,0.9375,0.8015439668690443,0
ATGUQI7FB188,11,4,0.5454545454545454,1.2034826734443622,0
ATGZRB5HB3TLM,7,5,0.2857142857142857,0.7523262100924485,1
ATHUN0PJ0MG0P,14,2,0.6428571428571429,0.677281416667829,0
ATID2LB9AB1UL,8,5,0.5,0.680939113908361,0
ATIESTXNUFNSW,19,10,0.7894736842105263,0.6837510447567806,0
ATJ2UC6HOLRH1,6,3,1.0,1.0856209150326797,0
ATJC38IEXTC6R,6,2,0.8333333333333334,0.43974228596180653,0
ATJLU6CEVG74Y,8,2,1.0,0.9791271333094642,0
ATJYTSVEEAQWC,6,3,0.16666666666666666,1.14561805892883,0
ATJZ9T302O5BY,7,1,0.7142857142857143,0.6119047619047621,0
ATK0I1GVC0XCU,7,3,0.8571428571428571,0.6814180651389954,0
ATK7997D39GIM,5,1,1.0,0.8249742210109912,0
ATKK7850YKQBV,5,1,0.0,0.7757142857142858,0
ATLCOMAE8J7FO,14,5,0.5714285714285714,0.4557142300639147,0
ATLUG77OU14XW,6,3,0.5,0.8679487179487179,0
ATLZNVLYKP9AZ,23,2,0.6086956521739131,0.9566698412454872,0
ATM9RQI7FHTGI,6,3,0.5,1.25883812725918,0
ATMHSONJ55YN6,12,1,0.25,1.1367118426317895,0
ATMIH8039GOP,14,2,0.5714285714285714,0.5986486293488513,0
ATMIYV6HZ5KLR,6,2,1.0,0.6268281725943942,0
ATMMKSHD2CS59,7,2,0.5714285714285714,0.5841770163745414,0
ATMQFK1UA9QX0,14,3,0.5,0.707159610707438,0
ATN552TF5V40Z,5,2,0.4,1.550210745239451,0
ATOL6Q2QDM64Q,8,3,0.375,1.1389078348356259,0
ATOYEEJVJEXJ2,8,1,0.375,1.39211889301175,0
ATPCNB0VHIKK8,5,2,0.8,0.3047147212543554,0
ATPE249G00DZ7,6,2,1.0,0.5435989210499016,1
ATPFVDGZE62NO,5,1,0.8,0.7610754152617144,0
ATPOJO4IRA66W,5,2,0.2,1.296259143155695,0
ATPYXVY2OQBAC,8,2,0.625,0.7170734458777939,0
ATQ0GLFRWK3ZU,13,5,0.6153846153846154,0.9523623330074943,0
ATQ2BHHMZ0XMQ,7,1,0.14285714285714285,0.5961947278911565,0
ATQ9X7AO9OETJ,5,1,0.4,0.9835772357723578,0
ATQF0ON46HYK0,5,4,1.0,0.8319886363636364,0
ATQKUP92WSYMA,7,3,0.7142857142857143,0.5432706415899693,0
ATQLCHLWG6KKY,6,4,0.6666666666666666,0.6281890434366191,0
ATQOX56QY27FO,7,2,0.2857142857142857,0.9227712137486572,0
ATQXFJCKJQN46,6,2,0.6666666666666666,0.6774140211640213,0
ATR2QH9XSJ5GF,6,6,0.3333333333333333,1.1077342047930283,0
ATR49FDUXU1ZV,9,1,0.5555555555555556,0.7771936844517491,0
ATRM25L6SDDFA,8,6,1.0,0.3961488356673386,0
ATRZDZST8GM5W,7,3,1.0,0.8597530616773434,0
ATS2855497V0I,89,3,0.21348314606741572,0.6363693694433548,1
ATS7LYGLUX34L,5,1,0.0,0.651868131868132,0
ATT0725Z83G7Z,6,2,0.6666666666666666,1.414861796257145,0
ATTKW4MOR8BX6,10,7,0.6,1.381306412333164,0
ATTRJX1NFKJZ3,6,1,0.6666666666666666,1.3646532313752424,0
ATTW9S95QG3XT,5,2,1.0,1.04402981457245,0
ATTXMB0ABCE3M,5,3,0.8,0.6402046783625732,0
ATU0RE358H8NE,5,2,0.8,0.7361431446624146,0
ATUO9BOO1017J,5,1,0.4,1.0988246135415944,0
ATUPETKG5KNZT,7,2,0.7142857142857143,1.4570829731615618,0
ATUW4B272XLDH,16,8,0.625,0.38832930967397083,0
ATUXRLKLA6LMH,5,5,0.6,0.41149319279754054,0
ATUYQK90VSGKC,16,16,1.0,0.6479584896249211,0
ATV3FJGSC96UB,5,3,0.4,0.5732379093472131,0
ATV9MQQR6CSI7,6,2,0.16666666666666666,0.9537426081543726,0
ATVDEUJL7KV93,5,2,0.8,0.39196815526662887,1
ATVH10TP7BZNL,10,2,0.5,0.9429868742368743,0
ATVKWO1SY9JZM,5,2,0.8,1.1266490299823633,0
ATVWPWH2JAFF1,5,4,1.0,0.6283653846153847,0
ATW5OXFA2QZ1A,5,2,0.8,0.4691666666666666,0
ATW9780A01S7J,13,8,0.6153846153846154,1.0416932983538043,0
ATWH7VX6I3LH8,14,4,0.7857142857142857,0.6908262437589754,0
ATWM509SVUWZS,5,1,1.0,0.6292628205128205,0
ATWPVC644K29Z,6,2,0.8333333333333334,1.3860523187198446,0
ATWT58UMWTFGM,7,1,0.2857142857142857,1.9279098092998956,0
ATWTKK5MU6RCI,28,2,0.25,0.7638149525817672,0
ATWTPHRRPCGHO,5,4,1.0,0.6069836724160097,0
ATWXM6IL9UO5B,5,4,0.8,0.9716896839440103,0
ATX4O1XOK743A,5,5,1.0,0.4521052631578947,0
ATX5L0IA9CGA6,9,1,0.7777777777777778,1.3951742033067334,0
ATXOOY9SEKZCL,5,2,0.4,0.6859939232610041,0
ATXRV6Z3N08ZX,23,4,0.4782608695652174,0.7288839018600256,0
ATY57E9TGD90N,7,5,0.5714285714285714,0.9449244120502713,0
ATY7KZY3K9VUC,11,2,0.8181818181818182,0.6455354057883733,0
ATYRRM7WF8094,8,5,0.875,0.6387832325912821,0
ATZDGPMWR6N5D,5,3,0.2,0.9970588235294118,0
ATZX92WLL9OK0,5,5,1.0,0.43181790683605553,0
AU06LDFIN2Y3O,6,3,0.6666666666666666,1.1237203139655574,0
AU06Q31JFTTF1,6,3,0.8333333333333334,0.38534616846637304,0
AU0LBH9Q2NKQG,7,3,0.7142857142857143,1.1308951538454646,1
AU0PB0NB7R2TX,8,5,0.5,0.4632297962781454,0
AU1H008SC4LDL,5,1,0.0,1.498342689379275,0
AU1N8A8XWHHTP,7,1,0.42857142857142855,0.6162887931321112,0
AU1NBKDYSV6DQ,5,5,0.8,0.5822222222222224,0
AU23IVEPBNZ4J,15,6,0.7333333333333333,0.897049646830723,0
AU23M8NFNISHE,7,2,0.42857142857142855,1.6916150747461869,0
AU2BTPE4NPRRF,8,4,0.625,1.0866858315295815,0
AU2J5CNYCD4EG,11,5,0.6363636363636364,1.841727642819894,0
AU2UMK1VLL19A,7,5,1.0,1.0241782365119962,0
AU37CZS0ND42K,5,1,1.0,1.7021848739495802,0
AU3GYRAKBUAEU,48,2,0.1875,1.0136209228480708,0
AU3TU82KAYJR4,10,3,0.6,0.8876487802256843,0
AU46GKT840J0J,5,2,0.4,0.1993163920322944,0
AU4CJTXVMJ0N,5,3,0.6,0.9575187969924812,0
AU4H7OG5UFDWO,22,2,0.9090909090909091,0.8166457327105324,0
AU4HCPNI9LJ0U,6,6,0.16666666666666666,0.7299220272904483,0
AU4UCKS3CJ8VB,5,2,0.8,1.8889467312348667,0
AU4X3BLQZLK98,5,2,0.6,0.671137254901961,0
AU4ZDB7EVHTNL,9,1,0.2222222222222222,0.8232420883802328,0
AU564VA2CFP0E,11,7,1.0,0.45378482336516773,0
AU5CY9MOGYRA5,5,3,1.0,0.664467414480393,0
AU5MD0YHR4VCD,6,4,0.5,0.35639749781930713,0
AU627A4UGIW6V,24,4,0.75,0.671401874603629,0
AU63ANDZKYW39,7,3,0.5714285714285714,0.7188898898194839,0
AU6EXXX5HA29T,6,2,0.8333333333333334,0.6885116407982261,0
AU6T5D5O0H3E0,6,2,0.8333333333333334,0.8266799780975038,0
AU78XAPTTYNLD,9,1,0.7777777777777778,1.723781730841715,0
AU7UARXFICEXI,5,2,0.6,1.6001851851851854,0
AU8NWB4ZX1KZ8,7,4,0.5714285714285714,0.6193943989434193,0
AU97NMPYKIN5R,5,2,0.6,0.8797408963585432,0
AU97PQCU5XV47,8,4,0.5,0.5247070775136813,0
AU9ZRQLTFTFYC,8,3,0.5,1.947226881247357,0
AUAAI01BJ4K81,5,5,0.8,0.3818392989124696,0
AUAE07XD9Q758,6,2,0.5,1.8487558181167205,0
AUAKMD5QN403I,5,1,0.8,0.5705898160225784,0
AUAWGSUO5QXGB,5,5,0.2,0.7866384628944122,0
AUAWPV7UYOZES,6,1,0.6666666666666666,0.6488596971355592,0
AUAX1QWUCYKSX,11,2,0.6363636363636364,0.57315572913399,0
AUAYWVD6R4SUJ,5,5,0.8,0.37535891527827003,0
AUBJ2NWYA97HY,5,2,0.8,1.2332114170969593,0
AUBKXJYRKGOF4,9,1,0.3333333333333333,0.43918380360274184,0
AUBLW04GGSMBI,11,1,0.8181818181818182,0.9389726209463052,0
AUBR4V8GI5N23,11,7,0.7272727272727273,0.48451231955867885,0
AUBWD9SXPNN4M,9,2,1.0,0.7666457536022754,0
AUBY6XCWNTXH,7,2,1.0,0.7000787269057389,0
AUC09M6D8DA00,7,1,0.7142857142857143,2.1809523809523808,0
AUCISQA1YXX86,24,1,0.20833333333333334,1.5015254397514737,0
AUD0C37FRGAP5,10,2,1.0,0.7759317241648717,0
AUE1YLH1GT266,13,5,0.5384615384615384,1.1200822304407176,0
AUEXSC1B6SATW,6,2,0.5,0.7304147465437788,0
AUFDV3P6MSDH0,6,4,1.0,0.7195767195767196,0
AUFFI151JVH33,6,4,1.0,0.631612524753728,0
AUFM312TQX1WI,5,1,0.4,0.6646961196820945,0
AUFO472RK8V6K,5,2,0.6,0.2973529411764707,0
AUFSPD7TNY1FO,9,2,0.6666666666666666,0.6374381143477851,0
AUG0C084W05KI,11,2,0.36363636363636365,0.6560702317598323,0
AUGCJZ1D3OYEU,5,2,0.4,0.3694893468328003,0
AUGQVPHCJX8Z5,5,2,1.0,0.4967275494672755,0
AUHLCN812MREP,8,3,0.375,1.244512967406989,0
AUHMZ6SOE46OQ,8,1,0.375,1.2684543531815753,0
AUI5SVXVIYAAA,7,3,0.8571428571428571,0.5560800768898378,0
AUIPHU68TVIHI,5,2,0.8,0.504946108878334,0
AUITG1DJ3QUGK,55,4,0.4727272727272727,0.7788791034608654,1
AUJ7BG2QB7VPJ,6,2,0.6666666666666666,1.0424664224664226,0
AUJIW3Z4ZUZP2,6,3,0.6666666666666666,0.6444980610379528,0
AUKA7TOTBOBPI,9,1,0.4444444444444444,1.3409645201924614,0
AUKDBDI2PVGTA,6,1,0.5,1.7180186042028147,0
AUKEU9CW56TT4,9,7,0.6666666666666666,0.7057561000373062,0
AUKQYNHAWG6MS,20,4,0.75,0.552487039707055,0
AUKWNDIIYA3RD,5,4,0.2,0.5479091092717815,0
AUL5Z2GBEJ0LE,5,1,0.8,0.7748529411764706,0
AULRJZWFX7VBB,5,1,1.0,1.031851851851852,1
AUM9K0KZGK653,12,5,1.0,0.564721742300404,0
AUM9XEFU0G6FI,7,2,1.0,0.8972951272623139,0
AUMEXYGZUUTFO,7,2,0.2857142857142857,0.9840673074371206,0
AUMGIMSSZ3DZM,5,2,0.8,0.43206138793545595,0
AUMJC6WY81CEI,5,3,0.6,0.8236601307189544,0
AUMP63AH52BUQ,6,4,0.6666666666666666,0.6657685881370091,0
AUMX8JMQ8264G,5,1,0.8,1.456998889268626,0
AUN6B2USJ4EAT,15,2,0.8666666666666667,0.5716364447065494,0
AUNJSK273Z367,11,3,0.8181818181818182,0.9318045395838287,0
AUNMCFIJ4WL57,6,3,0.8333333333333334,0.6524744352869353,0
AUO6OHC2P1UZM,9,6,0.7777777777777778,0.6487842788501931,0
AUOJ2V0OLK7GO,6,3,0.8333333333333334,0.968121693121693,0
AUOLSRH3HNPG1,6,1,0.16666666666666666,1.2473684628713508,0
AUON1TNON1I7O,5,5,0.6,0.347376222336593,0
AUPCERMZ6ASML,23,5,0.8260869565217391,0.6285558771765877,0
AUPGKKW5DQAF3,7,4,0.2857142857142857,0.6081724947063847,0
AUPVZSUN0MRET,7,4,0.7142857142857143,0.7031284792871071,0
AUQ0DCR3H2G2C,5,5,1.0,0.8373912579794933,0
AUQ4YLHHS478X,11,3,0.5454545454545454,0.6913206665085934,0
AUQBS4XALH5LN,6,2,0.6666666666666666,0.5573090894748524,0
AUQI1CORO38VK,6,2,1.0,0.9810813204267012,0
AUQPP5X315VRM,8,2,0.625,0.7299838033819728,0
AUQXHVC9TY049,5,4,1.0,0.7343977591036414,0
AUR5YL1JGCOS7,6,2,0.8333333333333334,1.0024801587301588,0
AUREJ50XIHEER,7,2,0.7142857142857143,0.7308288342122928,0
AURID7J89LEPV,12,6,0.8333333333333334,0.8676495362592839,0
AURYDRE57COGF,7,3,0.7142857142857143,0.6022201607915895,0
AUS0U5KPLAAQH,5,2,0.4,1.2296130952380953,0
AUS20K2W0DVXQ,6,3,1.0,0.8000541125541124,0
AUS5X6IMFLJBD,27,4,0.5185185185185185,0.70061979569878,0
AUS81YHTM2MPY,6,1,0.8333333333333334,1.1082815734989648,0
AUSWLXSORY1X6,6,3,0.5,0.7963032061912658,0
AUSZ8TID884WF,9,1,0.7777777777777778,0.6480338842989801,0
AUT43EX76LS8J,7,4,0.42857142857142855,0.9700757575757576,0
AUTDY38RJE7HW,10,2,1.0,0.7391044369265752,0
AUTM2QX38G84,5,1,0.6,0.49357261045469975,0
AUTUYKL8525WP,5,3,0.2,0.6722710622710624,0
AUU4G4TASZUWV,34,3,0.8529411764705882,0.6355460830498265,0
AUUQQEUWUHEEL,7,3,0.8571428571428571,0.3247859680430845,0
AUV8G0IR8A7LR,5,3,0.8,1.0879696394686906,0
AUVC2ANKZKVI7,6,5,0.8333333333333334,0.4125580014664522,0
AUVWX0TO7M1EW,15,15,0.9333333333333333,0.5879554087637059,0
AUW0OJE2CQN2Q,7,5,0.7142857142857143,0.9216684109541252,0
AUWS4WEQ3GS53,21,2,0.5238095238095238,0.9954197218084879,0
AUX1XJDP7O04K,5,3,0.6,1.1749702066353496,0
AUXE4JH175DZG,12,3,0.8333333333333334,1.0786417242068864,0
AUXM0JXUPIJ4I,5,1,0.6,0.4250836920133908,0
AUXUABCSVKL4E,6,1,1.0,0.8668813741277509,0
AUY3DSH6LCR48,6,2,0.8333333333333334,0.5075320341459936,1
AUYHXISW4P6XV,5,2,0.8,0.4765079365079363,0
AUYVMLI0CBMYS,7,5,0.5714285714285714,1.1375543810383506,0
AUYVYKGG46MYL,5,2,0.6,0.9409086151751088,0
AUZBZYDUYWZ3Y,6,1,0.8333333333333334,1.3255031642286543,0
AUZINV544Y1ZC,13,4,0.5384615384615384,0.6352094518065402,0
AUZPD6XI11Z3E,6,3,0.8333333333333334,0.7773569023569024,0
AUZSSRFZZ7KXP,5,2,0.6,0.7511989192840256,0
AV034E9ER1DTE,6,1,1.0,1.0695267140371838,0
AV0489YC5R5R7,5,1,0.8,0.3934315684315687,0
AV0508KTPCRY0,5,2,1.0,0.7765037593984963,0
AV08XZ7RCLH3J,5,4,0.6,0.8166666666666668,0
AV0E7GJP6BPDY,8,4,0.625,1.3726686507936507,0
AV0HACBR1TYYV,5,1,0.8,0.6788888888888889,0
AV1CICDLNN1O5,8,2,0.875,1.1191207020948402,0
AV1NGW1LMA3RT,6,2,0.6666666666666666,1.1776094276094276,0
AV1QZXZER06U2,8,1,0.625,0.9960474308300395,0
AV1RZXX36JE1I,5,1,0.4,1.1397727272727272,0
AV1SVDOVACDM1,7,3,0.42857142857142855,0.9183987441130298,0
AV2MMKAUI8QBC,5,5,0.6,0.5385227230152484,0
AV2S13H4IN9V4,5,2,0.8,0.7587941628264209,0
AV341ZTVJAZ8D,5,1,0.6,1.3222689075630254,0
AV3AUFSA1DXVZ,5,1,0.6,0.8333333333333333,0
AV3R4NDNCUVA3,7,4,0.7142857142857143,1.5457314252345307,0
AV3ZM6RWKCLUU,8,6,0.875,0.8989414355485783,0
AV465VFM6O19N,7,1,0.8571428571428571,1.158070500927644,0
AV4RA17E5H8ZR,12,3,0.75,0.4992479353590464,0
AV4T8W0O4MOO,8,3,1.0,0.7195460241512874,0
AV53MXUZ3V4ZU,13,1,0.7692307692307693,1.087366329069389,0
AV55668AXJRJX,6,3,0.8333333333333334,0.6151036488703561,0
AV59PG80FM887,5,2,0.6,0.47740956072351415,0
AV5OYCF0TNUZZ,9,2,0.3333333333333333,0.920697908793147,0
AV5V1UKSGI6GX,5,3,0.6,0.6711827956989247,0
AV6AAKV0C6EED,5,3,0.8,0.9492385297281256,0
AV6KU6YSCYZPZ,5,2,0.6,1.1636363636363636,0
AV790JT0AMUM9,6,1,0.5,1.4131219756471267,0
AV8C8AYMSVPD7,10,2,0.4,1.0793043584571183,0
AV8OK6OHJH3DE,7,2,0.7142857142857143,0.9648778212184771,0
AV8XORAUWHHZJ,6,2,1.0,0.4915495452260159,0
AV9ABODU1BPYH,5,2,0.6,0.5200166310287478,0
AV9HIKT97JPVF,5,1,0.0,0.6498943510700789,0
AV9VXU2QRJRVY,12,3,0.9166666666666666,0.646393558329465,0
AVA1IWQAXNFUY,5,4,1.0,0.30363302039423934,0
AVAJTV1FJMERQ,5,1,1.0,1.501200466200466,0
AVAL1T27UJ5HD,10,1,0.9,0.864562324108818,0
AVAOR9U1HIIJG,5,2,0.8,1.0042207792207791,0
AVATJWYV4L8T9,6,3,1.0,0.5690070641051033,0
AVBF6H343QCIA,6,2,1.0,0.7144940684544645,0
AVBJ5TGRE0WAV,8,2,0.875,0.5036308998424759,1
AVBMBEQ65MU7M,8,2,0.75,0.614883500151717,0
AVBY9OUQRRL4U,5,1,0.8,0.6534486215538851,0
AVC5MU630ANTH,5,2,0.8,1.1079254079254077,0
AVC8YCCJQ63SJ,10,3,0.6,0.5675864039725202,0
AVCGVXDPC1Q5G,5,1,0.6,0.49615384615384617,0
AVCR0OO79Z0H4,8,4,0.625,0.7669161856661857,0
AVD55UJSN07DU,5,1,0.6,0.8061898050270141,0
AVDEE5B87U9OQ,6,2,1.0,0.3339462601757684,0
AVDIBV09WX9Z4,6,3,0.6666666666666666,0.4168781554752128,0
AVDTTR1GQ7XWK,6,3,0.3333333333333333,0.562639881823376,0
AVF4B0H9FGHWP,5,3,1.0,1.0560230188972703,0
AVFEUY7OZAN91,7,4,0.5714285714285714,0.6714192312677688,0
AVFG7HSNVX0W8,5,3,1.0,0.5163865546218489,0
AVFN0WAVFDO6E,5,1,0.8,0.9962880690591804,0
AVFNR0RCQB8Y9,6,1,0.6666666666666666,0.8429738562091504,0
AVFSBQPKATH2M,6,4,1.0,1.0843646406146406,0
AVG7CAF2AW9S6,15,8,0.6666666666666666,0.5883892971014969,0
AVHLBB159HOAM,5,2,0.4,1.0546339650687475,0
AVHMOENRENU3L,9,2,0.1111111111111111,0.6623510579115462,0
AVI5XT84G22LK,5,1,1.0,1.127218045112782,0
AVJ3NPRYB8RAW,5,2,0.8,0.7892132505175982,0
AVJJ2D4G5I0Z4,15,2,0.13333333333333333,0.7792383191521123,0
AVJL8MZ07K22K,11,5,0.6363636363636364,0.5120255981605829,0
AVJRYJHGXR3NX,10,3,0.7,1.6429383116883116,0
AVK09LGQTSX33,6,2,0.16666666666666666,1.3663606273900388,0
AVKD1VAGEBGVK,6,2,0.3333333333333333,0.6327075702075703,0
AVKW0NA5XXRGN,6,2,0.8333333333333334,0.5041629555047825,0
AVKY2C0E2QOAY,8,2,0.875,0.4023446332747308,0
AVL03EBQWSS0L,22,5,0.2727272727272727,0.9888506853615412,0
AVLJSYG4P63PH,7,2,0.8571428571428571,0.6450718410934168,0
AVLWZUZ594UT4,8,2,0.625,0.4370717789096396,0
AVM3ZQ49SV6ET,7,1,0.8571428571428571,0.3643208958224437,0
AVMZSQQ5ZG3EM,11,3,0.6363636363636364,0.5854181434555961,0
AVN5GNW2QXDGI,5,2,0.2,0.37302631578947365,0
AVNFGFRFPAFK4,10,1,0.3,1.2427815329030163,1
AVNOFAZO1QLJD,5,3,0.8,0.7008683473389357,0
AVO7BODO8D51G,6,2,0.5,0.9646976391575882,0
AVO8LK2G6ZHKO,5,2,0.8,0.6362169987190034,0
AVOIQL3XNCA5P,6,3,1.0,0.7721781578731894,0
AVOJP3PW6I3RR,12,2,0.9166666666666666,0.9687734605837844,0
AVOSDKS4BAHKJ,8,1,0.5,0.8373206775719773,0
AVP1NL6GYMVR,15,2,0.7333333333333333,0.5244624832231124,0
AVPJ9F4OR0VRB,6,5,1.0,1.421940967108493,0
AVPU9G2NT6TXX,5,1,1.0,0.7420120233885903,0
AVQX6E6ONA6RQ,10,2,0.4,1.9391558240730753,0
AVQYECKS321SX,6,2,0.6666666666666666,0.6144662732099065,0
AVQZ0JG8OP8P7,5,2,0.6,0.7189255189255189,0
AVR5YRTT8DKD8,6,2,0.6666666666666666,0.5705634483596415,0
AVR7XAXTFT3K9,6,1,0.6666666666666666,1.3879629629629628,0
AVRFGGCCCR6QU,5,2,0.6,0.8863690476190473,0
AVS9S3Y14HSFG,5,2,0.4,2.0385636221701793,0
AVSL92QAC7JZ0,5,2,0.6,1.478181818181818,0
AVSMRPI23DQI2,38,3,0.7105263157894737,0.8356456050115291,0
AVSRC5QCAOIIA,6,3,1.0,0.47246642656728327,0
AVTI4J2IVUSV7,15,2,1.0,0.5457299807802904,0
AVTUGFY5N5U0I,5,2,0.8,0.5683760683760684,0
AVU0ZFQ0VIKRE,5,3,0.6,0.4299999999999999,0
AVU2NWF4U87PK,5,3,0.2,0.6288742690058479,0
AVUJQ7L84Q5M2,7,4,0.42857142857142855,0.7612551139336855,0
AVUZM7BPEDA8A,14,6,0.6428571428571429,0.9843231354566758,0
AVUZR6RWL3YH3,7,3,1.0,0.6358320338102017,0
AVV664GID1Z13,6,2,0.5,0.6299617049617051,0
AVVK4R7TCCT7R,6,2,0.6666666666666666,1.2672425456716747,0
AVVPLN83JUEMS,6,3,1.0,0.6666718555417184,0
AVW1IPZBGJ4YD,5,1,1.0,1.465449494949495,0
AVW63MOA2GZPM,7,2,1.0,0.37052926484603493,0
AVWDWDBJWPJI1,5,1,0.8,0.8301056054605752,0
AVWK4D1A6AXVQ,5,3,0.4,0.9191666666666667,0
AVWPSL9OBMYMS,8,2,0.875,0.569272731807148,0
AVWSD2L3CXTDV,12,3,0.25,0.922323588101107,0
AVWYGS55AV3CT,9,6,0.7777777777777778,0.5442842097322431,0
AVX9Z96Q17OCQ,12,5,1.0,0.5528476857077262,0
AVXC6UHG42PPW,22,8,0.7727272727272727,0.7795029575128086,0
AVXCANUBPM1VW,8,2,0.75,0.761656241897848,1
AVXHHT7OU5HLI,14,9,0.9285714285714286,0.9110297772079788,0
AVXM5L8WYWCDL,5,2,0.2,0.39632478632478624,0
AVXSOEBBSPX2T,8,6,0.625,0.7434230699855702,0
AVY6R7MZX2DER,7,4,0.2857142857142857,0.6136667668469913,0
AVYLD30R3GH5F,14,5,0.42857142857142855,1.4117193208417065,0
AVZ7X35GFSBYA,5,1,0.6,0.9441376336667815,0
AVZADRFFY55DJ,14,3,1.0,0.8812244516172598,0
AVZDJYULA3P3M,5,2,0.6,1.020909090909091,0
AVZNMHB53QO48,8,2,0.5,1.1773143562928579,0
AVZVZ4D6423I6,9,4,0.7777777777777778,0.7501548498696786,0
AW0HG2V3L47EX,5,3,0.8,0.63155929038282,0
AW0SOAPEY2I7,6,2,0.8333333333333334,2.2105548543528086,1
AW0WNX2VH05NI,13,1,0.7692307692307693,0.7485887450582352,0
AW1D0F3JC13LW,9,3,0.7777777777777778,0.74492367190117,0
AW1LXZ4VZ2XSA,5,1,0.6,0.40542986425339367,0
AW1O8Y2BR7U22,6,4,1.0,0.7455848935015602,0
AW1VA3H8A5N12,10,2,0.6,0.807241851715536,0
AW2POXRDGDYWR,5,2,1.0,0.5481566472742943,0
AW2S1W4PZEFNA,5,1,0.4,0.4345025249227287,0
AW38C6L08OLP4,5,2,0.6,0.7666666666666666,0
AW3F8EY5348LI,5,2,0.4,0.43499999999999994,0
AW3TURX6EHXP4,5,4,0.4,0.8019512195121952,0
AW4DO75BWTYLM,6,2,0.8333333333333334,0.3854605688284447,0
AW4E5435HJAAD,7,1,0.2857142857142857,1.3913850155446796,0
AW4GC20Q3F1ZA,13,2,0.46153846153846156,1.2229930588860856,0
AW4PWW4MM7NCO,14,1,0.7142857142857143,0.9566888439429422,0
AW50YJKKHKN5S,5,1,1.0,1.9201792787158642,0
AW5B1V9DXC92Y,5,2,1.0,0.5255221032894406,0
AW5H9S2V44ER2,6,2,0.5,2.209857723577236,0
AW5LOSVDH8872,5,1,1.0,1.0228306878306879,0
AW5PUMROKC1DG,11,2,0.7272727272727273,0.8931802490271988,0
AW63IRQWH10GF,17,2,0.23529411764705882,0.7851005797069005,0
AW68KVDV7BBRS,32,1,0.71875,0.7418422508297636,0
AW6J9IILGOZY3,53,3,0.5849056603773585,0.6956846072070574,2
AW6L1VPI9523L,6,2,1.0,0.9000486228747099,0
AW6V8F61AIFTZ,5,1,0.4,1.129935079105292,0
AW6VWZDVZGTZ9,6,2,0.8333333333333334,0.35260639115950904,0
AW6WC53M3BAOP,5,2,1.0,0.6175925925925926,0
AW7BIYHXUIZ62,19,2,0.5263157894736842,0.6901883518044443,0
AW7FPY7M6PSXI,5,2,0.8,1.128670260557053,0
AW7LWPCMUXS4P,5,2,0.8,1.2781256588656968,0
AW7OOW21LVQO3,10,1,0.2,1.5329277226838203,0
AW7UC1NW8QTCM,6,1,0.3333333333333333,1.9471819278836824,0
AW85O560ZJZ34,5,3,1.0,0.5258182327563379,0
AW8ESDU0C82O0,18,8,0.5,0.9444687615034015,0
AW8PSA7L8UP7E,8,2,0.625,1.8713574846395173,0
AW8QJ1C7FNTCE,5,2,1.0,0.6186021505376343,0
AW8UBYMNJ894V,26,4,0.3076923076923077,0.5894985460810405,0
AW988J3XN3PPF,5,5,0.6,0.6869198248145616,0
AW9FZJ63RBYK0,5,5,0.6,0.47468805704099826,0
AW9G8C6AP23FK,6,4,0.5,0.6475691849637618,0
AW9KJ409U3A2Z,7,1,0.8571428571428571,1.1348785228377065,0
AW9XZSR88W4DZ,6,3,0.8333333333333334,1.2484670231729054,0
AWA3JDMMR8D5X,5,2,1.0,1.3477518593644353,0
AWA3U2TAU0KYP,34,2,0.7352941176470589,0.9560022753036064,1
AWAILX0U9SBF2,6,2,1.0,0.931889773453241,0
AWAJMNILLVEID,6,4,0.5,0.48674704924704937,0
AWASLZ63WKIOR,7,1,0.7142857142857143,1.6662887377173092,0
AWAV9TGXRIXI,5,1,0.8,0.39693968988086664,0
AWB5GMLSKC99Q,6,2,0.16666666666666666,0.6513723243581063,0
AWBCLW305NT6J,5,2,0.8,0.49062162594814057,0
AWBIPRIWOV495,9,3,0.1111111111111111,0.41259691136472454,0
AWC334QR1RUW6,7,4,0.42857142857142855,0.76204891445293,0
AWC8CTW8N2XVE,23,4,0.8260869565217391,0.6709626289069711,0
AWC97DS45VZA6,20,12,0.35,0.9352839245839004,0
AWCCLPOB2FO1P,5,5,0.8,0.4134965034965036,0
AWCLUJUDN53HH,5,2,1.0,0.521146776563894,0
AWCO1MAELHKSE,5,1,0.6,1.131578947368421,0
AWD7QR9OBNR2I,7,3,1.0,0.46325493180704264,0
AWDLNOMB6IQ6S,9,4,0.5555555555555556,0.7222173369558819,0
AWDTLL6SR7BUO,7,2,0.42857142857142855,1.1325338508609184,0
AWEICQXZ0IFKZ,8,8,0.75,0.6282951874102128,0
AWFSTV5LU10AO,10,2,0.7,0.6030376727592347,0
AWG569JBE8EPL,6,2,1.0,1.3774052140756945,0
AWG6B7GT6MPDO,5,2,0.4,1.623116883116883,0
AWG6ST93A8SI9,14,9,0.6428571428571429,0.6995288787920085,0
AWGD0ACATDBKT,5,3,0.6,0.3580390355089021,0
AWGV88ZDE5X3I,5,1,0.6,1.6231907237667607,0
AWH39PTZU7RJ4,7,3,0.8571428571428571,0.6913250092256177,0
AWHGFLCS6YKRT,8,1,0.625,0.4868923041278913,0
AWHJLUPKZO2QD,16,4,0.6875,0.6804142139884406,0
AWHMRZ3M71H2S,7,2,0.2857142857142857,0.6703970283765681,0
AWHZ4K1IXPFRZ,12,3,0.8333333333333334,1.2733237092686145,0
AWI0W8GVDX29P,7,2,0.8571428571428571,1.135609243697479,0
AWIF8AR75LL9L,17,2,0.7647058823529411,0.800795427548953,0
AWIO52MFKV3RR,5,1,0.2,0.9499067548706229,0
AWIVDZVELMVLE,5,3,0.6,0.7811904761904761,0
AWIYJRD6PI7NA,9,3,0.3333333333333333,0.9001539404785075,0
AWIZ4J524S9XU,5,2,0.6,0.7285918707313008,1
AWIZNP1YQS6W1,7,1,0.42857142857142855,0.7099145952087128,0
AWJLQZ4UP2TNL,7,1,0.42857142857142855,0.45446292963714574,0
AWKZAUC0D8DYL,5,2,0.8,0.756021505376344,0
AWLI7KW63QGFB,5,3,0.2,0.6784313725490196,0
AWLUBRTNZP5FL,7,4,0.8571428571428571,0.6273467337484754,0
AWM3T83J6WBLT,5,1,0.8,1.5313462162579847,0
AWM93J55EIIYT,5,1,1.0,0.6427887901572111,0
AWMRFDJEQITSN,7,1,0.8571428571428571,1.0003583533483866,0
AWN2SYXGWA021,5,2,0.4,0.7171810574824157,0
AWNF2JXWOKBMF,5,3,0.6,1.2398937048952265,0
AWNNZDXDDYSZI,7,1,0.5714285714285714,0.97294222674407,0
AWNRZJHY8856F,5,2,0.6,0.6508013937282228,0
AWO3ZGVMCIHO4,6,3,1.0,0.7167409443706779,0
AWO7I8YIL4WM3,8,2,0.375,0.9632725025870188,0
AWOENK6Q1WJ70,6,1,0.5,1.2397435897435898,0
AWOGYN4YMNDL5,9,3,1.0,0.8183899537686353,0
AWONXK9THB0J7,6,1,0.8333333333333334,0.5370607020440229,0
AWOR2ME4GSWON,10,4,0.9,0.514392373143161,0
AWOR9KIKQLVK5,7,4,0.8571428571428571,0.5921214639702035,0
AWP1WU0NXZAEA,21,2,0.47619047619047616,1.0813556897488763,0
AWP5F6CCNM1LZ,15,4,0.8666666666666667,0.9435129914034578,0
AWPAKXAU3EREX,6,2,0.3333333333333333,0.7285493827160495,0
AWPC7EEVYZ813,5,2,0.8,0.384470431529255,0
AWQ0M7AJW1KKF,11,3,0.7272727272727273,1.1118549983174488,0
AWQJ2PTB65XQR,8,2,0.375,1.429170935918227,0
AWQLHZVD5GLKG,6,5,0.8333333333333334,0.664484126984127,0
AWQLJND6OSF9C,10,5,0.6,1.0770805812398105,0
AWQME4WLYK4QQ,7,5,0.7142857142857143,1.1328844255944568,0
AWR0RSM6L1M3E,5,4,0.6,0.5822771672771674,0
AWR4I5Q2A0JGP,6,2,1.0,0.8926997172611207,0
AWR4OB7P0AN34,6,2,0.8333333333333334,1.0456021927671413,0
AWRNNDFD6B89V,5,2,0.8,1.1550365484189016,0
AWRPJJZS7ZKDJ,6,2,0.6666666666666666,0.7396678289287445,0
AWSVR3BDMZLTP,6,2,0.6666666666666666,0.4941806938517465,0
AWT7D55N90S0Z,6,1,0.3333333333333333,0.3832090676914714,0
AWTK44IG21GHY,6,1,0.8333333333333334,1.4149796392550016,0
AWU0ODS3EY1LX,5,3,1.0,0.7154422442244225,0
AWUBTQZOBGFKK,10,3,0.6,0.6471988030184751,0
AWUCLJB7IW3SB,6,1,0.5,0.6045474453083148,0
AWV2Z3QGCXBSS,17,8,0.8235294117647058,0.5608963434178861,0
AWV4RZ9P2G1XA,9,2,0.3333333333333333,1.0190410620227266,1
AWV8TQM9C55OD,5,2,0.8,0.8195665445665445,0
AWVVOFZ5BS1SO,5,2,0.8,0.5138413705424015,0
AWVWTHNZWQ6G7,5,2,1.0,0.4104377880184332,0
AWVXQ653QRE26,7,2,0.7142857142857143,0.6068409968409968,0
AWVYYE4E54OC4,10,6,0.7,1.0089458747820728,0
AWWJYUX2VV2A5,6,2,0.3333333333333333,0.42814881508570446,0
AWX4JLXCNRK9L,7,1,0.2857142857142857,1.0087178603665714,0
AWXO4UAEUGUCL,5,5,1.0,0.65210688444731,1
AWXT27XKDSMWQ,6,4,0.8333333333333334,0.9310282446311858,0
AWY4LMNAC9DWZ,17,4,0.47058823529411764,0.8138826090511714,0
AWYCDQ6CI18G,7,4,0.42857142857142855,0.5560154131582703,0
AWYE428W5MRQN,5,2,1.0,1.113932649226767,0
AWYE6QTHPR2KQ,9,2,0.8888888888888888,0.49194300516592165,0
AWYUJUYZ8XK3T,9,3,0.6666666666666666,0.42096478301169554,0
AWZ62BY6RWAKQ,5,1,0.2,1.435530303030303,0
AWZIOVDLU1VA1,6,2,0.8333333333333334,1.3625,0
AWZJHLU69PAH7,9,1,0.5555555555555556,0.8488215488215488,0
AWZLJ20XCNMSM,8,2,0.75,1.2988095238095239,0
AWZXZL8P7UYON,11,2,0.7272727272727273,0.7465801193648499,0
AX0LBOG3SJMOX,6,2,0.16666666666666666,0.854108309990663,0
AX10QUSLAHTBB,9,3,0.6666666666666666,0.6254620329889146,0
AX11FBDLWE2J5,6,1,0.8333333333333334,1.597685185185185,0
AX135BENGHTJS,5,1,1.0,0.7257376257376257,0
AX1ET3E4WMJXB,5,3,1.0,0.6581723200228998,0
AX1QE6IR7CHXM,6,3,1.0,1.3756705169473946,0
AX1UDPWT3BQPH,5,3,0.6,0.6129619433980487,0
AX1VM8UG0N4VC,5,1,1.0,0.46514705882352947,0
AX20C2C8R8NMS,7,4,0.5714285714285714,0.7122599240499412,0
AX2OLJ9APK5CB,9,6,0.5555555555555556,0.8556892248921236,0
AX2WJBNKRBESK,8,1,0.5,1.7524884266732093,0
AX329NHW6B7BA,13,1,0.6923076923076923,0.8616077380266847,0
AX3E6577EMASF,5,2,0.8,0.5295102254948801,0
AX3NJP2M2X1R6,5,3,1.0,1.3329811952177921,0
AX3PI52BG90PA,7,3,0.7142857142857143,0.7032182103610675,0
AX3T5TI76TOJ1,7,2,0.8571428571428571,0.6010846296560582,0
AX3VPBCU8F4RF,10,1,0.9,1.301396463588841,0
AX3YE01Z0T6BT,6,4,0.8333333333333334,0.8386509324009325,0
AX3ZCB8RTRV7C,7,3,0.8571428571428571,0.7447032436162871,0
AX4IT87INWPV,12,2,0.5,0.6707212398340995,0
AX4M2UC9D5UXJ,5,3,0.4,0.7063926440141274,0
AX4OUOYP645H8,29,4,0.6551724137931034,1.210017834256269,0
AX5DNZ7O7AWII,5,2,0.8,0.46587199223354825,0
AX5O0OCTGKKPD,6,4,1.0,0.3273874174411809,0
AX5O7AJMA503I,10,2,0.7,0.6616802881455577,0
AX5UP2I9RDS6A,5,2,1.0,0.4117939078465394,0
AX5WIM00C7TGY,5,2,1.0,0.6468627450980391,0
AX63A74CRGQL9,6,2,0.5,0.5873878558089083,0
AX66QGPE128UF,5,2,1.0,0.4746997929606625,0
AX6VJBN34MXFP,10,3,0.7,0.7339532034643287,0
AX7JSJMSYQBST,5,1,0.8,1.5486541014467754,0
AX7SZ0O08N48E,10,6,0.7,0.9515181771633383,1
AX805Z5FBUMMK,6,3,0.3333333333333333,0.8111539596913483,0
AX8HSOXMFX2XU,7,2,0.7142857142857143,1.0595987345987348,0
AX9X1RYNHSHUF,5,5,0.0,0.9796011396011395,0
AXA0N2GPNM02X,6,2,0.5,1.40702947845805,0
AXA5C2WZL1F82,6,2,0.8333333333333334,1.1891941391941392,0
AXA8VZ9W0ECQW,7,3,0.14285714285714285,0.6275815042998332,0
AXB34CAI8SBWU,6,3,0.3333333333333333,1.2374277909085123,0
AXBC52UXVOIO0,6,2,0.8333333333333334,1.0837811171827563,0
AXBQIEP47NSSC,5,2,1.0,0.9357169556917242,0
AXBQK5CJX2QN0,6,3,0.6666666666666666,0.6881339858528305,0
AXC5N53Q3KJD9,5,1,0.8,0.7326856440588528,0
AXCT4BX4TB5RO,8,2,0.75,0.46186832812590106,0
AXCWZ8HUF332W,5,1,0.2,0.8113708513708513,0
AXD8163YYZGXA,5,2,0.2,1.4701169590643273,0
AXDM1069BD601,7,1,0.5714285714285714,0.8214285714285714,0
AXF7HOXQDTVOQ,5,3,1.0,1.0916666666666666,0
AXFRGXDWEUPRF,6,6,0.8333333333333334,0.8148008982278645,0
AXG6MCKKUS2OC,6,2,0.6666666666666666,1.8989378174160783,0
AXGPU830TXJ86,6,1,0.5,1.4088072839658128,0
AXGUXYYKE0K29,5,3,0.2,0.41762972735268244,0
AXGX9FQES7P65,5,2,0.8,0.782953016579268,0
AXHA3VR1LWSS4,5,2,0.2,0.43024486898917613,0
AXHVINNKPBCFQ,8,5,0.875,0.6322360248447205,0
AXHZH1N09V2XA,5,4,1.0,1.488095238095238,0
AXIP5MDGVXF0N,5,1,1.0,0.556825396825397,0
AXISEPTJE884B,6,2,0.3333333333333333,0.4270601082153505,0
AXIW3EH7ZVEY1,10,5,0.7,0.5462770039943953,0
AXJ529STIZPYJ,16,6,0.6875,1.252684712250261,0
AXJCB8EB2BOV8,6,3,0.16666666666666666,0.5507184441967051,0
AXJPZ4ZUPENG2,5,5,0.8,0.2254344689127299,0
AXK09IYBE9HLG,12,4,0.5833333333333334,1.0404742175275257,0
AXK4J0HV5IBT3,8,2,0.75,0.8097228323991315,0
AXK87Y0NG4P5E,5,2,1.0,0.5576753138392689,0
AXK9O1OC2I2PD,9,1,0.3333333333333333,0.32032914530334533,0
AXKT39QI66CY7,12,3,0.8333333333333334,0.8562298059517807,0
AXKVDODFCKHYJ,5,1,0.6,1.8194207901802841,0
AXLEZROKSR2M2,14,5,0.5,0.5310416821456786,0
AXLMQU5ZL4P38,6,1,0.8333333333333334,0.6661113238159274,0
AXLXZ7ZGT9Z24,5,3,1.0,1.008794714057872,0
AXLZG59WZKC1D,6,2,0.8333333333333334,1.211913823456679,0
AXM10753UQAD9,6,1,1.0,1.1149458580870613,0
AXM3AY167XPKR,5,3,0.4,0.884128242948722,0
AXM76I9V0451M,9,1,0.7777777777777778,1.20299314378269,0
AXMSPNA0YH7YZ,5,1,0.4,1.3151515151515152,0
AXMW38OL8H5Z1,5,2,0.6,1.1486080586080587,0
AXMYSNB8FIP8U,6,6,0.6666666666666666,1.4069035947712418,0
AXNUBN4760VKA,10,5,0.9,0.5409659507971565,0
AXOGBZN6J5OTH,5,2,0.8,0.5174396135265701,0
AXOIXDUV1OGOL,6,2,0.5,0.6445938547084556,0
AXOKMY2J7E2LY,5,1,0.8,0.6745113135256272,0
AXOL3KV6HQ5ZE,10,2,0.7,0.5287001466214368,0
AXOTP83EVD30T,5,2,1.0,1.1984287287851456,0
AXOY9UHP9HJNX,18,14,0.8888888888888888,0.5509765605933026,0
AXP1TBM6RTF8Y,8,3,0.875,0.6046116862723052,0
AXPI2DDXXLSYF,16,7,0.75,0.6239242309799767,0
AXPWFZRVRAQQ7,5,2,0.4,0.521065162907268,0
AXPZ2OZ3TLU9C,9,6,0.4444444444444444,0.7403579244158953,0
AXQ0USZ9HZLXP,6,3,0.5,0.7613224237063246,0
AXQA1GSXRT3RO,5,2,0.6,0.6849454365079365,0
AXQPJFOALBYAH,7,4,0.8571428571428571,0.6201530612244899,0
AXQQOPWPU3QUL,5,1,0.6,1.2810714285714286,0
AXQSRFZ1LJWHT,6,2,0.8333333333333334,0.6480340613492788,0
AXRMYCBFI66O0,6,2,1.0,0.9868373269253077,0
AXRPLD8BC0UDY,11,2,0.8181818181818182,1.0432296473422669,0
AXRUQR9G623OS,7,3,1.0,0.6815344447638209,0
AXSTY40VP4M45,5,2,0.8,1.0242003781658955,0
AXSXFWGRFZAPW,6,1,0.5,1.0395432076883688,0
AXT3SPOXM2BDJ,8,4,0.875,0.9605858661817963,0
AXTFOQ18157JT,8,3,0.875,0.9144675789227625,0
AXTSVZLLG7WNW,5,2,0.8,0.5561556476310574,0
AXU2CNLS5EGPP,5,3,0.6,1.1749624060150377,0
AXUJOJ21SN31V,5,1,0.4,1.0257681534152123,0
AXUK67O9CO9PB,8,2,0.5,0.9779380241115496,0
AXUY77QFQ14FY,5,3,1.0,0.6146164021164023,0
AXV4D4KFEHN8Z,8,4,0.75,0.6563309961832404,0
AXV5IWNDCEL76,10,2,0.5,1.1969038399058682,0
AXV8JMRRAGLXF,8,2,0.75,1.3744791666666667,0
AXVJPYJH7D4WF,5,1,0.4,0.7881746031746031,0
AXVQCGSE0MOHU,5,4,0.4,0.8824342105263157,0
AXVR5IES2DZYG,6,6,0.5,0.6739130434782609,0
AXW5NZW1YG56P,6,1,0.8333333333333334,1.0721387079327902,0
AXWEDJJO5US3Y,9,3,0.7777777777777778,0.9494179063019644,0
AXWIXCC9UIFWG,6,2,0.6666666666666666,0.8049792139077853,0
AXWKZ12SZZ5T2,6,5,1.0,0.639202062028149,0
AXWNWZUJ5M85Q,5,2,0.4,0.4907591889772539,0
AXX1R3B8LRTCS,9,9,1.0,0.5908445731425496,0
AXXBFLBH3DAXR,6,3,1.0,0.6150374969718037,0
AXXMNABHZCKI3,15,5,0.3333333333333333,0.9555574044060829,0
AXY0MPS364L09,5,2,1.0,0.422193675889328,0
AXY9UT706CU8,12,4,0.4166666666666667,0.9408119885821292,0
AXYE77QP5MMFM,5,2,0.2,0.8295862068965517,0
AXYEHZ5T2KDAG,5,4,1.0,0.3897299014993452,0
AXYFT4O2K38N9,6,3,0.8333333333333334,0.6354039479039479,0
AXYN6499TOW82,6,2,0.8333333333333334,0.4776058316380896,0
AXZ1SJ2P22PQT,7,1,0.8571428571428571,1.19203007518797,0
AXZOKHGMOVLRE,11,4,1.0,0.4935300342248771,0
AXZXPKSCETSO2,14,11,1.0,0.513624353362978,0
AY18E24VXG8FT,11,5,1.0,0.6489256057818796,0
AY1EU52Y141ZY,5,1,1.0,1.2315874430580314,0
AY1KVUBYAFQJZ,6,2,1.0,0.9744226425748166,0
AY1S6SEF4A9AH,8,4,0.75,0.8565055008065457,0
AY2GF06SU2GID,6,5,1.0,0.8870764366840599,0
AY2MOV0CPE0XL,5,2,1.0,0.27736805901468264,0
AY2QGTN421KDQ,7,2,0.5714285714285714,1.2336964594387811,0
AY35EIADBYZE,6,3,0.3333333333333333,0.4967010162029471,0
AY3NHL5MZ71EL,5,1,0.8,0.6122039473684211,0
AY3U3V1PSV1NB,7,7,1.0,0.5600258146562556,0
AY421R4WR458C,12,9,0.6666666666666666,0.6719579694540291,0
AY47FJHN9G139,5,5,0.6,0.641689259645464,0
AY4DHL7PFN6M0,9,4,0.6666666666666666,0.6352699590857485,0
AY4HXCO6Y4GM4,5,4,1.0,0.9645555555555557,0
AY4IDJ6LQ5IQQ,5,3,0.4,0.5208450288107788,0
AY4IFSFLOGB4J,5,1,1.0,0.7743990929705216,0
AY4WBASLMW65,11,2,0.7272727272727273,1.0228095610608294,0
AY545C8MV07G1,5,4,0.8,0.45622623969588505,1
AY597Z0KZ5RN1,5,4,0.6,1.6067435669920145,0
AY5HXVS86N71L,6,2,0.8333333333333334,0.6208732057416267,0
AY68U1SJ0UB8B,6,3,0.6666666666666666,1.6117230253731372,0
AY6RU44I9ENJ7,8,6,0.5,0.5079944205943248,0
AY6UJN7232IUS,11,5,0.45454545454545453,0.5772584637861932,0
AY6VA1SM227JF,15,4,0.8,0.5887388899190888,0
AY711KUG8ZRFN,8,5,1.0,1.1813217011746424,0
AY7L5XGIGSLTD,5,1,0.4,0.38107660455486536,0
AY7QLRH2EB0TX,9,3,0.7777777777777778,0.6992195379292154,0
AY8EW0SSHC7FN,8,2,0.75,1.1054429638647785,0
AY8LGCP6HPLI,8,6,0.75,0.8028615827774409,0
AY8NHFOL0L7A0,6,3,0.8333333333333334,1.6536290910243006,0
AY8P1PR6OWSJC,5,2,0.4,0.3425685425685424,0
AY8Q9ZK6JC40W,5,2,0.0,0.5842105263157895,0
AY9A8H1PYPTW3,9,3,0.5555555555555556,0.9801658854460479,0
AY9Z10YOMHHX3,10,5,0.2,0.7985646962431718,0
AYAB5W263OGA3,7,6,0.8571428571428571,0.8567305264255296,0
AYAHQ2VQZ2ZO0,9,4,0.6666666666666666,1.0306047513972352,0
AYAIPWFKDLUHA,6,1,0.6666666666666666,1.4238065175565175,0
AYAJ426I0B4CM,6,3,0.6666666666666666,1.9505151088525603,0
AYANKSMR7OVJX,11,1,0.18181818181818182,1.3089391635275602,0
AYAR27EBZUK2Y,5,1,1.0,0.43217656500802554,0
AYAXH6RFUFQ2Z,6,2,0.8333333333333334,0.5305360667429632,0
AYB2055DJH4FX,7,2,0.42857142857142855,1.1307343971817656,0
AYB4ELCS5AM8P,95,4,0.8,0.5903636826306922,0
AYBYW8A36A7VB,5,1,0.6,1.070425925925926,0
AYCEOTSMIG428,6,4,0.6666666666666666,0.7142441537773792,0
AYCGB2VC7N4UN,6,1,1.0,1.0450930877401465,0
AYD4CJO7KYQ2X,9,7,0.5555555555555556,0.6508433390508862,0
AYD5S2J527DT,5,3,0.2,0.83625,0
AYD8266ZVTHM9,5,4,0.6,0.6757558279259792,0
AYDG0HAT1NJLM,5,2,0.0,0.8713290670845847,0
AYE5YSTOTQXDD,6,3,0.5,0.7063065209406671,0
AYE7KPXUXTLN6,5,2,1.0,1.7303380514680824,0
AYER70HYIHG61,8,3,0.875,0.5988064791133845,0
AYEU47H4KVG0H,5,1,0.6,0.37717036390827535,0
AYFCB09QBD0M0,7,2,0.8571428571428571,0.6905367961137944,0
AYFXSDO9OR4IW,5,3,0.6,0.7199040090344437,0
AYGB2EFZ3O3IW,7,1,0.42857142857142855,0.9831765456765457,0
AYGEKID3G7DPW,23,15,0.43478260869565216,0.994105922855703,0
AYGH7FBKKPO2S,5,3,0.4,0.5327991918912633,0
AYGSKMMMTZFCA,5,3,1.0,1.26750100488085,0
AYI3EMZAXS6E8,7,7,1.0,0.6207402328520342,0
AYI71AJ2788Q4,9,5,0.8888888888888888,0.6656666312388186,0
AYI7HRLXRZN2H,9,4,0.7777777777777778,0.4941831294577887,0
AYIJLVURX3QO,5,3,0.4,1.1107055749128922,0
AYIMQYSNJ96YS,10,6,0.7,0.6974490389368452,1
AYINNKPX9D60N,30,11,0.43333333333333335,0.5483050367348808,0
AYJFP2AJ5Y64L,5,1,1.0,1.0897607318136693,0
AYK3AN5M919SK,6,3,0.6666666666666666,0.44220588235294117,0
AYKFN6Z2Q457S,8,4,0.875,0.5813382285974498,0
AYKOEZFVI4TGP,8,8,0.625,0.7030974421825472,0
AYLAZUCGWB6IE,10,2,0.6,0.46083200946929165,0
AYLL2F3ROSY7W,9,3,1.0,1.1289717496314469,0
AYLLSFYS3UP1H,58,9,0.6896551724137931,0.7269288829641289,0
AYLMCMFXM4PZ2,5,1,0.6,0.35196604073928095,0
AYLNKK6ZM69D3,15,10,1.0,0.7123324525491709,0
AYMDZIOGLRS4Y,8,3,0.5,0.5623244425588134,0
AYMU8V0X3NF0Q,12,5,0.8333333333333334,0.9721386634682775,0
AYMW143FPF0I5,5,1,0.8,0.4155555555555555,0
AYNRALJ4X1COS,24,3,0.5,0.9186266734395443,0
AYNT5C1OET10E,5,2,0.8,0.8279130434782609,0
AYNZLCTCWR8JW,5,3,0.2,1.1682955280014107,0
AYO1146CBIV5C,38,6,0.6052631578947368,0.6411119206734126,0
AYODRKQUO459H,8,1,0.375,0.7671175703908151,0
AYOMGJCM4I114,5,3,1.0,0.6071653354833833,0
AYP1EZ5J226KU,11,3,0.6363636363636364,0.7864932619967554,0
AYPHGQ4Q53N9D,5,3,0.8,0.7397956577266922,0
AYPV38S9KU7JZ,7,2,1.0,0.5545205972796688,0
AYQE71DM3U093,5,3,0.4,0.5972572642250304,0
AYQP8XMHTG2YR,15,1,0.5333333333333333,0.6453100193180816,0
AYRDMFX7ZWLH4,7,3,0.2857142857142857,0.46356619570905294,0
AYRYSRXCMCN9H,5,2,0.8,0.9708193041526375,0
AYRZHAOXLMS66,5,2,1.0,0.5752743652743654,0
AYSB6HMZF2LJ4,6,3,0.8333333333333334,0.4402116402116401,0
AYT3O05POKXAY,5,2,0.6,0.40503364248045093,0
AYTASL21B89RO,5,3,0.6,1.1688888888888889,0
AYUNGFLQJO0A8,5,3,0.6,0.8026368129528322,0
AYUQ1P5TW08SZ,8,2,0.75,0.7160782260876031,0
AYUXLBP7L99TN,5,2,0.4,0.7507409821816601,0
AYUYJTVD93CL4,9,2,0.7777777777777778,1.0535025460386416,0
AYUYN94XNKTKQ,5,3,0.6,0.6797562268150504,0
AYV2T5UUEYAOP,8,2,0.625,0.7841323728943961,0
AYVG9FJPVWKL,7,1,0.5714285714285714,1.092601696549065,0
AYVI0BX70R3M6,5,1,0.2,0.32860098965362117,0
AYVJY4Z9CYQWU,6,3,0.6666666666666666,0.7361468792880824,0
AYVKIW30H8508,12,2,0.25,1.251507893982082,0
AYVLSZ278OAXH,10,3,0.4,0.9939828944659552,0
AYVO5HJQMG2U0,8,1,0.875,0.608882843755351,0
AYVTL1U7FEG00,6,2,0.8333333333333334,1.1823885405781958,0
AYWFZANI32XYB,7,6,0.7142857142857143,0.723848495722736,0
AYWLKI4FCUW8K,6,1,0.5,1.9688419913419912,0
AYWN5NVIV5VWI,7,1,0.8571428571428571,0.7524606665445771,0
AYWZMAXPD6C53,8,5,0.875,0.643372208379476,0
AYX2TT34OYN19,9,3,0.7777777777777778,0.6898127473566071,0
AYX5D8YZM7LKP,7,4,0.7142857142857143,0.5696733766932429,0
AYX9H1S2A92NL,11,3,0.9090909090909091,0.8102262191441842,0
AYXXVPFF5F8K7,5,5,1.0,0.3175511209657552,0
AYXYB6KVF0C6K,5,2,0.6,0.681591144324434,1
AYYEJHRZKBDTQ,5,1,1.0,2.604761904761905,0
AYYFMTM2HHK61,6,4,0.6666666666666666,0.5615459667982455,1
AYYHC9WQBLLB8,6,2,0.5,1.1445578231292517,0
AYYK18ACR15ZU,7,6,0.5714285714285714,0.664234531544229,0
AYZ1JCYETV0OC,5,5,0.8,0.47707025338871195,0
AYZ8W4UV3GVGE,6,1,0.6666666666666666,0.591943890153609,0
AYZEIUTNQC1BO,5,2,1.0,0.6402479213907784,0
AYZHBVG0RV2A0,10,4,0.9,0.7784726190393987,0
AYZKCHLHJMIVZ,9,4,0.7777777777777778,0.31831211927750447,0
AYZW37JMK7QZ8,7,1,0.2857142857142857,1.138142634061878,0
AYZXOI9XAJIU1,8,8,0.875,0.37479296066252593,0
AZ0TA88HQ76QK,8,3,0.125,0.5260709776334775,0
AZ0TTQY6728LE,5,1,0.8,1.9073046107331824,0
AZ0VCB6MAVDPO,8,7,0.875,0.750911679672031,0
AZ13J5C18ZV77,6,1,1.0,0.5779884316714673,0
AZ1ATMSL2MZB3,6,6,1.0,0.8690134099616859,0
AZ1RAP7SF84I3,5,1,1.0,2.2615442002867887,0
AZ1ZDUANJZQR2,11,2,0.36363636363636365,0.9043955271067138,0
AZ2035CKU68FH,5,4,0.2,0.5588888888888889,0
AZ28PB8M6DST8,6,4,1.0,0.8577960432424718,0
AZ2J2NVFUW6OG,6,3,0.6666666666666666,1.3136002886002887,0
AZ2MVA5EKADON,5,1,0.6,0.6833333333333333,0
AZ2RU0AHEWR3A,16,2,0.4375,0.6158495107363557,0
AZ2WIB5P2QKOS,14,3,0.7857142857142857,0.9975051604127341,1
AZ2X2P045ZFH2,18,4,0.7777777777777778,1.0686452186263498,0
AZ34737QMSG8Q,24,4,0.625,0.69659536176062,0
AZ35JLUXSV08E,6,2,0.6666666666666666,0.5331547165013985,0
AZ3PAA6ZISCST,6,2,0.8333333333333334,1.1202221239372943,0
AZ3SQD0QXH7RN,5,2,0.8,0.3863049700754619,1
AZ3THHFLG482S,5,3,1.0,0.5242193976236532,0
AZ4231UPH44XV,6,1,0.6666666666666666,0.7342171717171716,0
AZ44SXOVO0YOO,6,2,1.0,0.46098862678848346,0
AZ4AUVT0AV8AF,5,2,1.0,0.9617067258309706,0
AZ4JNRNOM3E0J,5,1,0.6,0.4850439980580168,0
AZ4M9TWB8ZW63,6,2,0.8333333333333334,0.8699307975222609,0
AZ4VKFF136FKR,5,1,0.6,0.7149825783972126,0
AZ5977P4TLSKG,5,2,0.2,0.7635660027129292,0
AZ5K8OBTYNLFZ,8,4,0.5,0.5441511069185061,1
AZ5MKBJV84BE3,5,4,1.0,0.6976290376290375,0
AZ6EE36C8AZU8,5,1,0.6,1.174225666806312,0
AZ6RTW2S42JR5,12,6,0.3333333333333333,0.6968380068293906,0
AZ6VTF1BULHFS,6,3,0.5,0.5661402043710364,0
AZ71F750K09FR,8,3,0.625,0.6389524171737659,1
AZ7QS05TQGD7D,5,2,0.8,0.790126428054435,0
AZ7V0A2YD4D68,6,3,0.6666666666666666,1.253923853923854,0
AZ8YN742VWOOW,8,3,0.25,1.4599933927764526,0
AZ9SM1N8KFLI2,6,2,0.8333333333333334,1.1079233511586455,0
AZ9UU7D78CGEZ,7,1,0.7142857142857143,0.6468054698385003,0
AZ9WH6VX30LGO,5,2,1.0,1.1765413533834588,0
AZAC8O310IK4E,84,4,0.5952380952380952,0.7306036897505305,0
AZACPIA0ZLXMK,5,2,0.8,0.72209903917221,0
AZAG6POORO16Y,12,2,0.8333333333333334,1.2116728352479742,0
AZAJAVD2KRWYN,10,3,0.8,0.9432554912675453,0
AZAJZCDMXNGSW,5,2,0.6,0.47449813258636786,0
AZB4WCHH2QJAT,5,2,1.0,0.5755797705116379,0
AZBPNMUMFVFCR,8,6,0.875,0.6185162310707142,0
AZBQJRYUAS2M2,5,1,0.6,1.7443067033976125,0
AZC2D47OPF5I2,10,4,0.5,0.7583476563482284,0
AZCE11PSTCH1L,31,10,0.7741935483870968,0.7725451422179779,0
AZCE82VP4M19E,8,1,0.75,1.6383150843264296,0
AZCOE68N2HOCZ,25,9,0.88,0.6252592808077374,0
AZDIQSFQNSB8Y,9,5,0.5555555555555556,1.1786161544370501,0
AZDJN0CVUU0YN,6,1,1.0,0.540295252251774,0
AZDRBHGJXOEZP,5,5,0.8,0.6369047619047619,0
AZE0K91O79UCO,8,3,0.875,0.4039839370849825,0
AZE2ZP618W1EP,30,3,0.4666666666666667,0.9876108995560308,0
AZE5TY5Z31Z6Q,6,6,0.8333333333333334,0.5677291490741546,0
AZE7DX0MAJ7OM,14,3,0.5714285714285714,0.5780328798185941,0
AZEOD0JSHXYUD,5,2,0.0,0.5840238704177323,0
AZEQJ2Z1EL7CK,9,2,0.3333333333333333,1.2541368399211537,0
AZF1OBUBAZRK2,6,6,0.8333333333333334,0.24371933082695407,0
AZF7A44AW3K0I,9,1,0.5555555555555556,1.0945326668216695,0
AZFIDAN1MPJUJ,6,5,1.0,0.7636814574314575,0
AZFIIGPJY8NYL,9,2,0.8888888888888888,0.6649831649831649,0
AZGR3RDJRJOSQ,6,3,1.0,0.42598686024383037,0
AZH1J5JIBIE8G,9,3,0.6666666666666666,0.6980172091283203,0
AZHXG4UKZZLAG,6,2,0.5,0.727712857060259,0
AZI6N13G9KPJ5,5,3,0.8,0.2897705249883854,0
AZIFVX289JTS,10,2,0.9,0.9433574436077785,0
AZIW7RZH3X3ON,5,3,1.0,0.8674537341818447,0
AZJFWALLYUEUB,10,2,0.2,0.7926644934166166,0
AZJPD5R24OOLP,5,4,0.8,0.9233688610240331,0
AZJREO7ZSD5BB,5,4,0.8,0.8956709956709954,0
AZJSS1DPDTZ2P,14,2,0.6428571428571429,1.8199747756692244,0
AZK4C3APTBSX9,5,3,1.0,0.20065718157181553,0
AZKBV3NJQHIHB,11,3,0.7272727272727273,0.9714424674475136,0
AZKFEF6QN0FVO,10,7,0.7,0.3863925171252758,0
AZKI33LLUUHXD,7,6,0.7142857142857143,0.6754230218684808,0
AZKPBWYY14GK1,13,3,0.7692307692307693,0.44713330118685374,0
AZL0X34JPMQNK,6,2,0.3333333333333333,0.9060800310800311,0
AZLDKR28KT3FB,6,2,0.3333333333333333,0.5861759482835716,0
AZLHS6YHI1FKZ,6,1,0.8333333333333334,2.231207598371778,0
AZLL91DCSO4Y6,10,2,0.3,0.8352059391093647,0
AZLLV98JQGBZP,6,2,1.0,0.8464585449108553,0
AZLPTIV8XQ5A0,10,5,0.2,1.0113379684829642,0
AZLT7FTCN6JO5,5,2,0.4,1.3497835497835495,0
AZNFZ0CXKSQ2G,6,5,0.3333333333333333,1.3174377938309827,0
AZNQDDC78PRFL,8,4,0.625,0.793164795638964,1
AZNWYLV6Q296A,11,3,0.5454545454545454,0.7012942268756223,0
AZOBKWMANXQ3J,6,2,0.6666666666666666,0.6870896399198285,0
AZOKTGJICFZHY,6,2,0.6666666666666666,0.39614121510673234,0
AZOSIAZRRQLRS,5,2,1.0,0.3079554425722716,1
AZOT0A86U5RC,7,1,0.42857142857142855,0.8958696091049033,0
AZOXA4GJSRQRE,5,1,0.8,1.0487211093990756,0
AZOXOPGFVXAGM,5,3,0.6,0.40525793650793657,0
AZP2U25R0TN4E,7,2,0.8571428571428571,0.7820413908357136,0
AZPB6D27V00CR,5,2,0.2,0.29302831142568236,0
AZPDO6FLSMLFP,6,4,0.8333333333333334,0.7193427335871235,0
AZPEHG4OH4VET,5,2,0.4,1.2872682406295852,0
AZPGJFN3TE7MD,8,5,0.5,0.5852396356036635,0
AZPXMVBRLNEQP,5,1,0.6,0.3916069295101554,0
AZQIXORSR4LH2,5,4,1.0,0.4509500260736575,0
AZRAGVPSIS3MN,9,2,0.5555555555555556,1.0721389837623365,0
AZRM7PCZIOX3Z,12,7,0.9166666666666666,0.8584856175281709,0
AZSNQ9FYC5SQO,8,5,0.75,0.901323546167168,0
AZSPWMLZ8NQOD,8,2,0.625,1.1591583942877044,0
AZT5LAAL450FN,7,3,0.5714285714285714,0.4440953736721217,0
AZTJJKMETZ21D,5,4,0.8,1.0571428571428572,0
AZTT2LJ6BCXLN,6,2,0.8333333333333334,0.5408634398908997,0
AZTVJYM4RWO5I,5,2,1.0,0.4962209837030498,0
AZU2Z1Y81YR0T,22,6,0.9545454545454546,0.5658977054208351,0
AZV06A0QLV15F,7,3,0.5714285714285714,0.9384580435198144,0
AZV6K0PIL8X0F,8,3,0.75,0.2875524812741613,0
AZVCNOOQK36DH,5,1,0.6,0.8797230418174072,1
AZVODYJ9CJCF,6,2,0.8333333333333334,0.7313131313131315,0
AZVRBJN76UWV3,5,5,0.8,0.7678565782044042,0
AZW10G02DNJI4,5,2,0.6,1.265268206683778,0
AZW2RVW8FK2C6,10,2,0.7,0.588431413567314,0
AZW49LJWVL83Q,5,3,0.8,0.8172162022703819,0
AZWOAIK9NREG3,6,2,0.8333333333333334,1.5014589169000931,0
AZWXG6KBXXC2N,7,5,0.2857142857142857,0.45814048107281197,0
AZX52MBY59CL4,6,3,0.8333333333333334,0.4166666666666668,0
AZXJ9RA2EQK1E,5,2,0.6,0.5936068678968593,0
AZXJJM4F1SY3,6,3,0.8333333333333334,0.9643483709273181,0
AZYIAWJR9972L,6,2,0.6666666666666666,1.153167090228531,0
AZYOBQYNH09NY,7,3,0.2857142857142857,0.5611394218171712,0
AZYU8M791SIFC,5,2,0.4,0.8153921568627449,0
AZYYUCMIK4Y4Z,6,2,1.0,0.6458796707481547,0
AZZ1QIEWIUC1G,5,2,0.6,0.6937308305729358,0
AZZ2HXC308RW1,6,1,1.0,0.9755952380952381,0
AZZB1GSHMEBUS,5,1,0.4,2.1237179487179487,0
AZZBB05CJFP35,8,1,0.625,2.2272569444444446,0
AZZNK89PXD006,12,3,0.5,1.0381969530436645,0
AZZS13C32YSPH,6,2,0.8333333333333334,0.5666856505735657,1
AZZYW4YOE1B6E,27,5,0.4444444444444444,0.5322825755279551,0
