user_id,community_id,community_size,collusion_score
A1NWJXGM1397DM,0,1,0.0
AJ0B1WKMHMMF7,0,1,0.0
A1J4ATE06N127E,0,1,0.0
A14TKH1RKODH67,0,1,0.0
A1H13EXDIJQ56F,0,1,0.0
A20X871A8JS810,0,1,0.0
A3ENMC6TOG1Z4M,0,1,0.0
A3VANVPTUJUIUE,0,1,0.0
A2NUQTXN66GVKJ,0,1,0.0
A1MGK3XFRVB6CU,0,1,0.0
A4PAWL8DBZ8P1,0,1,0.0
A82F83197HNMJ,0,1,0.0
A2OZ3DOCGIZQTB,0,1,0.0
A1F1MI3E25MS6,0,1,0.0
ADIY38MRLN2ST,0,1,0.0
AYB2055DJH4FX,0,1,0.0
A6IH4MLEBCR03,0,1,0.0
A3FNRHCR34K5LD,0,1,0.0
A2IP926J138AOZ,0,1,0.0
A1EI167V9XIZKK,0,1,0.0
AXIW3EH7ZVEY1,0,1,0.0
A1VYXVRSPIKZBW,0,1,0.0
A39GSKP0I3NO3S,0,1,0.0
AWR4OB7P0AN34,0,1,0.0
A29GAO1CDNU7I0,0,1,0.0
A1TOZEGXH7RIGJ,0,1,0.0
A2IV74JCKDT290,0,1,0.0
A1O4PWWWKJG090,0,1,0.0
A226RW8L1H4IXE,0,1,0.0
A2PA2IOWVC9YZZ,0,1,0.0
A12EL464UVXGQ7,0,1,0.0
A2J4GBHSDLP4DF,0,1,0.0
A253EDT9P0SS2S,0,1,0.0
A20KUT397DBVQ9,0,1,0.0
A9HYSJ3D0D6I2,0,1,0.0
A155WK4J425WSQ,0,1,0.0
A2FNUCWYTXE76R,0,1,0.0
AAF3A2OXL7PRC,0,1,0.0
A2JD9NXYN9BCRJ,0,1,0.0
A1DEUQXSLXAA3H,0,1,0.0
A6TEG5HXCDMEX,0,1,0.0
A3V3RLS3UJB4D9,0,1,0.0
A18IGEWK027X8Z,0,1,0.0
A5H5RINYG5QWR,0,1,0.0
A2WCB04X1TTSDS,0,1,0.0
A1PPWI0UAW05V,0,1,0.0
A2OQVKCMKLR8SE,0,1,0.0
A11YAPIYIFL6YX,0,1,0.0
A16XP68XX8K6TO,0,1,0.0
A200C5ZDWEKTRA,0,1,0.0
A3LNKTMYB6NW5Z,0,1,0.0
A1PUGP8IXD1BA9,0,1,0.0
A65ZZAYUKMWC1,0,1,0.0
A1P3W92BA4Z4N6,0,1,0.0
A2SIJG16D12XJI,0,1,0.0
A304VKMBH70XKZ,0,1,0.0
A20ADMI9WR5OPL,0,1,0.0
A3HBGR9WEIIA5K,0,1,0.0
AG08KHIO8TVPY,0,1,0.0
A1J7A7ERBKW2SB,0,1,0.0
AYAJ426I0B4CM,0,1,0.0
A35RL1VLUIBQSX,0,1,0.0
A1EOLRV216BXJ9,0,1,0.0
A3NR679MU3D4UQ,0,1,0.0
A2SSY9R7799N9I,0,1,0.0
AOJR0L4FM2PL5,0,1,0.0
A3FDOJDBRENI8K,0,1,0.0
A2QVJFVM7SJ2I7,0,1,0.0
AKN5NF1LOLJVI,0,1,0.0
A1539C26K9QX29,0,1,0.0
A3QDTYCY651Z2S,0,1,0.0
A2PXZLNVKFU45J,0,1,0.0
A1CC0801G6N9GO,0,1,0.0
A263DRVW6SIFNC,0,1,0.0
A1MPWLE0J5U0YO,0,1,0.0
ADM7TYXR8KV29,0,1,0.0
A22S1X0SH1I33T,0,1,0.0
A18TN82BDX2KG6,0,1,0.0
A2MA96FW3ERNPV,0,1,0.0
A1NZDS9XMC9ESX,0,1,0.0
A2LKCLB7M9AQDT,0,1,0.0
AXOGBZN6J5OTH,0,1,0.0
A3BRY2NIGRM1QM,0,1,0.0
A3BUONF9B5RP1J,0,1,0.0
A41OY4NQ4Z98U,0,1,0.0
AQNN6QAUHHZSC,0,1,0.0
A34D8QAQ6WF5TB,0,1,0.0
A2K4ZBTY3F61K1,0,1,0.0
AQD6T7EAZOVY4,0,1,0.0
A39QRAAJTOVST2,0,1,0.0
A1C8ZR29474TQM,0,1,0.0
A19V0CXWYKWLZQ,0,1,0.0
A1JONOOKRGR95S,0,1,0.0
A2ALD4VJP44UEK,0,1,0.0
AJ6F7A837UREV,0,1,0.0
A3D296RVX0JVKB,0,1,0.0
A28T5YCKB44MGU,0,1,0.0
AFU75NX4Y9WA8,0,1,0.0
A32XG564YNF13O,0,1,0.0
AT1A4VABGBB2H,0,1,0.0
A2QJAV6DBTB5I5,0,1,0.0
A2D56VG7P20QQJ,0,1,0.0
A3O8OQ2PBXM4T2,0,1,0.0
A2BTW0ILQAD1SM,0,1,0.0
A2R0RLAIYI1FG,0,1,0.0
A312ZY7Y941JVA,0,1,0.0
A900SF7QHJKWP,0,1,0.0
AYX9H1S2A92NL,0,1,0.0
AF9FUZJBGH76W,0,1,0.0
A1RMHZZRK8QLO5,0,1,0.0
A3VV8NW2KDD1YD,0,1,0.0
A1VW771BNAENV9,0,1,0.0
A369YHM3JMH0FS,0,1,0.0
A2H2FT8WV5X6SV,0,1,0.0
A3D06W341DO1XE,0,1,0.0
AW2S1W4PZEFNA,0,1,0.0
ABLCKVHML5QVB,0,1,0.0
A1N8IQE6HYVLOC,0,1,0.0
A3MHQNXFM2NK5Z,0,1,0.0
AZLDKR28KT3FB,0,1,0.0
AVFSBQPKATH2M,0,1,0.0
A3WAQEX5H4F3A,0,1,0.0
A3A9IBYV6IG1A7,0,1,0.0
A2DJO68QCG5CLV,0,1,0.0
A298KWIQBBUCZ0,0,1,0.0
AZOBKWMANXQ3J,0,1,0.0
A7Q33422HO5YE,0,1,0.0
A1GKQL8VWI4ZJ6,0,1,0.0
A39FTQREZYV5U7,0,1,0.0
A1CCZKUOQJ6E7F,0,1,0.0
A1GHHHHSQIB1QW,0,1,0.0
AWLI7KW63QGFB,0,1,0.0
A2FHK4PZ6YZQ44,0,1,0.0
A189L1FE2V8U,0,1,0.0
A1YNZQ9S19BTPW,0,1,0.0
AW7BIYHXUIZ62,0,1,0.0
A2HG4AFBEP9084,0,1,0.0
A1L04XZ7MTAI7Z,0,1,0.0
A1UPUW1ZNLBNVI,0,1,0.0
AHJROGTYWMWBU,0,1,0.0
A1WIAWNSEK9BVS,0,1,0.0
A3KHIBFERCW890,0,1,0.0
ASSJSDGKOECQP,0,1,0.0
A1IT8ZENAA1TFG,0,1,0.0
A1Q1T0HG2LD57M,0,1,0.0
AHX3FSCB9SRN3,0,1,0.0
A3NS2ZZYH6GOV1,0,1,0.0
AV9ABODU1BPYH,0,1,0.0
A13V1YUISXUH2P,0,1,0.0
A1KJ15ZOW9W0SN,0,1,0.0
A3UMY01C29OAE7,0,1,0.0
A24HCSO5L3GM29,0,1,0.0
AVFNR0RCQB8Y9,0,1,0.0
A3D9AGR9GGHRBO,0,1,0.0
A1BBWFS8UOXWCD,0,1,0.0
A1JFFG7VZIP12Y,0,1,0.0
A5LHM8M30C5EA,0,1,0.0
A1CY7C48DGZ2U8,0,1,0.0
A3Q1AAC99311LI,0,1,0.0
A21BLXS5N9UK3M,0,1,0.0
A3K9FPTO7VDSVM,0,1,0.0
A1MSHO5C6BO7LZ,0,1,0.0
A2AB573QA87CNH,0,1,0.0
A35LK4MOBB5N5W,0,1,0.0
A1CJ0JS9SJCIDL,0,1,0.0
A3VLRV3OMTS22N,0,1,0.0
AH7DLKHSGZKCR,0,1,0.0
A2X0EUS0IURU7Y,0,1,0.0
A1TCR7MHN5TX96,0,1,0.0
A3G19SJMZO3NZW,0,1,0.0
AZ3PAA6ZISCST,0,1,0.0
A30VU58M8C44WA,0,1,0.0
AGOEVYHKSNPOR,0,1,0.0
AMO1MZ9GDX3VI,0,1,0.0
A15ZM3XM78HBTD,0,1,0.0
AMHHU5XOD4R6D,0,1,0.0
A1O5KKPQWC3OZ9,0,1,0.0
ANATJ6QFQJX3Q,0,1,0.0
A364RZZQNA3UO4,0,1,0.0
A2OIZKEL38N8O,0,1,0.0
AVI5XT84G22LK,0,1,0.0
A2NQ8BMH2ND6XC,0,1,0.0
A38X1W2635YYG,0,1,0.0
A3CW30KDTF6TGS,0,1,0.0
A2QLDDD9457XZ,0,1,0.0
A2VZRPRIOAYJEV,0,1,0.0
A1BIBUO6NR9JV6,0,1,0.0
A2Q6GONZZTI3Z,0,1,0.0
ATGUQI7FB188,0,1,0.0
AQIEN3BHQFFQ,0,1,0.0
A2B3H7RQ3MTFGX,0,1,0.0
AMECXHREA9I60,0,1,0.0
A3P52GDRRWJLSU,0,1,0.0
A18JLLELSIXPFD,0,1,0.0
A2H1K7OCGKCQMH,0,1,0.0
A32Z0BLWJ2RRUA,0,1,0.0
A56RRRF6TIBLB,0,1,0.0
AYYHC9WQBLLB8,0,1,0.0
AYVG9FJPVWKL,0,1,0.0
AS2UNGK9SU34A,0,1,0.0
A2YMTU63QRXULP,0,1,0.0
A11OWHWCBEDVXN,0,1,0.0
A1821YCY7HBQVM,0,1,0.0
A3PLBJLY8T7L7B,0,1,0.0
A2ZOM5ZCF115OR,0,1,0.0
A3PHK2DQKHLEG2,0,1,0.0
A241SEKWQ4DH39,0,1,0.0
A3K8375JA9XX8R,0,1,0.0
A1VISLLO7E5DNY,0,1,0.0
A2SJGBCCFA7GD1,0,1,0.0
A246VEUHS3MLLK,0,1,0.0
A789GSV7QEECA,0,1,0.0
A3DFGT63ADLNI0,0,1,0.0
A1OO228VP8O47W,0,1,0.0
AQJG2NIMJFQ2E,0,1,0.0
A2GKVTL9PGDVV0,0,1,0.0
AW4GC20Q3F1ZA,0,1,0.0
A3N4Y4970YSIA3,0,1,0.0
A1BOHRXR6SB82A,0,1,0.0
A1BZKG0G9KUI71,0,1,0.0
A8YQPDSJRCQYR,0,1,0.0
A3CSPZK663HVU2,0,1,0.0
A2EU2DD8LJT35E,0,1,0.0
A1473FE8B0XFEE,0,1,0.0
AYUYN94XNKTKQ,0,1,0.0
A1MONEN4OHY1ZI,0,1,0.0
AQBJQG8EQEEL6,0,1,0.0
A13JK2W22MD4GY,0,1,0.0
A1X1M3NZMS53VL,0,1,0.0
A1LM50CHW72L9E,0,1,0.0
A63Z02K7Y6DI0,0,1,0.0
A1TJKC7UH0W3H4,0,1,0.0
A1FSMTUCATYLJW,0,1,0.0
A2TWF1PYUKNO0C,0,1,0.0
A2M8I27ZEERAGX,0,1,0.0
A3QVSNBVHDIIRU,0,1,0.0
A1XKCHZELFYG6D,0,1,0.0
AQUNOQN431WO,0,1,0.0
A1EQ2U7VEYNCKE,0,1,0.0
A2DKUKHFSBCKCW,0,1,0.0
A3G0QU7L8J2Y2D,0,1,0.0
A1TSY64K46OIJM,0,1,0.0
A1RWC3ZQZJCGCZ,0,1,0.0
A33P7IDKZDDC4W,0,1,0.0
ASVMB71AFFK4A,0,1,0.0
A35VI0H5AFHOJ5,0,1,0.0
AACKRUEFSCZOW,0,1,0.0
A3NZBKAK7T3PE,0,1,0.0
A1G0KB82S6LL0R,0,1,0.0
A4FT1XK3VSOB3,0,1,0.0
A11ANM1C813GGV,0,1,0.0
A2QDV7YNOJLKT1,0,1,0.0
A1PGJREXF20KEE,0,1,0.0
AHJ8BT6HG4L0Z,0,1,0.0
A3C89WADVMXRNL,0,1,0.0
A2JI25J6JHTJJG,0,1,0.0
A1BRX51FAKAAVH,0,1,0.0
ASJMTXLAR1JXH,0,1,0.0
A2I0T6EQ2G3D0K,0,1,0.0
ABP1RGWP15YVF,0,1,0.0
A1CZFQP3C5NG5Z,0,1,0.0
A11DESCRU03QNT,0,1,0.0
A2MQTJU3PSZMME,0,1,0.0
A2VO0DC7L19X4D,0,1,0.0
A3167BZWGCNLI0,0,1,0.0
A2Z7ESXZL3H9PN,0,1,0.0
A3IH5LXI0YVYXE,0,1,0.0
A3FPMKMYYXU9YC,0,1,0.0
A32U0ID54APPP3,0,1,0.0
A1GV7CL88QFVJD,0,1,0.0
A2RLQKE9NHSSZB,0,1,0.0
A2D78B1GH41RRA,0,1,0.0
A2244HRDEHK9A4,0,1,0.0
A2TSTRYQ5AA9U6,0,1,0.0
A183ECSGK2NME3,0,1,0.0
A3RDNGSC1OQEQ5,0,1,0.0
AFX4E33OXUB76,0,1,0.0
AI6H0BAY1YIHZ,0,1,0.0
A1G1VPKDW8SVE3,0,1,0.0
A1JY0UKUY6F6XH,0,1,0.0
A1JG7ZLI6ON6EY,0,1,0.0
A2DDJG9XF9LFFD,0,1,0.0
A1VHBXWYYG1U0,0,1,0.0
A2AIK37IWL09X7,0,1,0.0
A3QMZVNXQT60OY,0,1,0.0
A2F25UERHUS5RV,0,1,0.0
A6PBOLHOT13X9,0,1,0.0
A2A2M8EGBY2FV0,0,1,0.0
AXFRGXDWEUPRF,0,1,0.0
A32E0D8WI1IN87,0,1,0.0
A1RY0O29LOP1B8,0,1,0.0
A16U05YI0TGT45,0,1,0.0
AP1YNJCELGOSM,0,1,0.0
A37I8W2JNGJFJS,0,1,0.0
A27S1RZ4JF0S3N,0,1,0.0
A1G11XIJFNI1FK,0,1,0.0
A2227KA3DAIPRZ,0,1,0.0
A3MBGHTKEJUTE6,0,1,0.0
A2OXOP2ZMY9H4A,0,1,0.0
A3MS4KNF0H5FYI,0,1,0.0
A2SN114I6X1WTV,0,1,0.0
A5KNGKBC9ZEN2,0,1,0.0
A1BYYTRN4OHRHV,0,1,0.0
A5QDFTKL2AJJ5,0,1,0.0
A3BC2ED60L90FK,0,1,0.0
AOESSGBVV5TC5,0,1,0.0
A2MAE2ZD37KE23,0,1,0.0
A1I5AE0QL39ABH,0,1,0.0
AGBYQA6RPY6VN,0,1,0.0
A3TL36D4EDYWS0,0,1,0.0
A1D7WKS43Y6AVY,0,1,0.0
A1ON1ZQSR46ZR9,0,1,0.0
ADO1FR4GR9KG2,0,1,0.0
A2Y1WCTQSD4PVP,0,1,0.0
A2AAOTWCPRFYYT,0,1,0.0
A1H1N56XEHDR24,0,1,0.0
A1Q28XM7QN3WXE,0,1,0.0
A1C6LHC2CTGOFS,0,1,0.0
A3DJ2W6UT4C05K,0,1,0.0
A2Q1GTF6UKJ3WQ,0,1,0.0
A2IHSK3Z26SOY0,0,1,0.0
ACLKV3VV6FGDU,0,1,0.0
AOZ3JQQ4DGGGS,0,1,0.0
ADJFEZLUTV7LF,0,1,0.0
A1HNY10HIAV6YP,0,1,0.0
A19JJNZU9P2L3J,0,1,0.0
A4PEKQQD7XZ4F,0,1,0.0
A1RI10H2OWV8ZJ,0,1,0.0
A3QDY5F9BA5V0B,0,1,0.0
A1PP9T8BL0ZRQB,0,1,0.0
A1T8A6OCVV0UYU,0,1,0.0
A26IWDZV1DDO4T,0,1,0.0
A3B3MSK7L7ZGY2,0,1,0.0
A1ZEKR0TV9Y91R,0,1,0.0
A220R3YGCKPTBH,0,1,0.0
A203XXX3CYJJB5,0,1,0.0
A2IBIAOWJYGC3B,0,1,0.0
A3E0R5R2DGYLGN,0,1,0.0
A10JVQAKUOK2A7,0,1,0.0
A1V7MJRY7YW74A,0,1,0.0
AYANKSMR7OVJX,0,1,0.0
A271YFN9U34PYV,0,1,0.0
A1JBZP3FQ4MTTA,0,1,0.0
A1NEHV50RHWYE7,0,1,0.0
A32KSZ8V0TD216,0,1,0.0
A3HR5WRS2KN0DB,0,1,0.0
AO1OG64J0SYPY,0,1,0.0
A3QAE3B97FVU42,0,1,0.0
A2PEUFPOYLY3U7,0,1,0.0
A3USXQ0SFFP22P,0,1,0.0
A2XSM2DWMPR1MH,0,1,0.0
A3BHQ7LPHF7PJG,0,1,0.0
A1KEAHBBT6R0QP,0,1,0.0
A20OVYXJES8GT5,0,1,0.0
A2LJ8BHMRRJF1K,0,1,0.0
A1AHE1OU0ZFJYQ,0,1,0.0
A7VGOOVZ8XGQU,0,1,0.0
A3EKNB6HM09LN8,0,1,0.0
AET9D5GAZ4MFB,0,1,0.0
ACLU576JJXM93,0,1,0.0
ATV9MQQR6CSI7,0,1,0.0
A1TM378MI185E2,0,1,0.0
A3NUC07PCIWBCW,0,1,0.0
A1PCB1OKROMMF7,0,1,0.0
A2LA3BYSKCT8B6,0,1,0.0
A8M33XHTPUMEG,0,1,0.0
A1AKC5L44ANZZN,0,1,0.0
A3O690L0GM5XMM,0,1,0.0
A2Y8VMXX743FAN,0,1,0.0
A18A2Q0UNZU1LQ,0,1,0.0
A15NDUR69UAT7Y,0,1,0.0
A1MBWQ9UW8276V,0,1,0.0
A6910CDX3JK92,0,1,0.0
A3SYSOI4RPHRDO,0,1,0.0
A2RLPPNHIBSM42,0,1,0.0
ACLFVHG1NWII4,0,1,0.0
A2DKVFYCQAICA0,0,1,0.0
A26YB9ZD0UKFUK,0,1,0.0
A1BVIXBMGUPDWM,0,1,0.0
A150Z08BYUXGPR,0,1,0.0
AF5MYIR1E75L8,0,1,0.0
AFRPS2HGKKF7Z,0,1,0.0
A3TE6K94I09YV1,0,1,0.0
A32EN42NQB9CVD,0,1,0.0
AH2QPLXRNB7TI,0,1,0.0
AKJQHKWN3GM5L,0,1,0.0
A1GWDRBUMQOCRK,0,1,0.0
A18NKC7YBJ88WN,0,1,0.0
AHQFWUN77ANXB,0,1,0.0
A3U4A914JS9QVS,0,1,0.0
A2DF4YYGG9QCCV,0,1,0.0
A1L1AO6S3BJIO7,0,1,0.0
AQHIVQZ41PZ19,0,1,0.0
A2HXZPG0Z0JKN5,0,1,0.0
A3VUUW8CQ0ICK7,0,1,0.0
AKLWPU59G2S46,0,1,0.0
A3SZGI1HEP1VTQ,0,1,0.0
A21U07ELXE8UBH,0,1,0.0
A11XUHFTNZSL6G,0,1,0.0
A1VRAREB2F2XHQ,0,1,0.0
A307U8GALLGEEZ,0,1,0.0
A1UR2NJAAZMI0R,0,1,0.0
AF9TYXG5OIMZL,0,1,0.0
A2R9KY1HOEKTLR,0,1,0.0
A21Y3PAVFPOLB5,0,1,0.0
A3JF0TXPGIYHYY,0,1,0.0
A1ENJO8OV0XEQM,0,1,0.0
A1DQQC7E1W5QG7,0,1,0.0
ATFUXSRE8ZAQH,0,1,0.0
A3CPEBWPEK4JTF,0,1,0.0
A1N6UIVLKUF9WF,0,1,0.0
A3AC5CHWVNXIQX,0,1,0.0
A14X9ZS4UVLLU,0,1,0.0
A2BWCXXC4TW8Y,0,1,0.0
AVU2NWF4U87PK,0,1,0.0
A2949BRTINKLUM,0,1,0.0
A2W22F71SEOLYK,0,1,0.0
A3RZHCAMAV3E40,0,1,0.0
A2TPT1G2DGYEA8,0,1,0.0
A2K2VS1D5CKLFG,0,1,0.0
A8DU5VFCY9ASK,0,1,0.0
A1PNGYYWKTXKG3,0,1,0.0
A2GXTINOCI3JNU,0,1,0.0
ADNX0ZTI9L1PY,0,1,0.0
A1U8PFCT170GVY,0,1,0.0
A3BI8WEX7PATA5,0,1,0.0
A2RZPV3R0GT83Z,0,1,0.0
A3KDZ6MARIAC7W,0,1,0.0
A13XLRDZESR1DD,0,1,0.0
A2JBGG8ZHICFPU,0,1,0.0
AKT8JFVXGG2TX,0,1,0.0
A2V2ZHP2WM94QI,0,1,0.0
A17A1GLCQ6QOEY,0,1,0.0
A3TIJQPOMLWQHI,0,1,0.0
A2SCDCVP3X3RJ2,0,1,0.0
A2X5THJS0N2Z2M,0,1,0.0
A36IMNECM7APT,0,1,0.0
A3TNJOLY8S5W4U,0,1,0.0
A295AUT0M2JA8R,0,1,0.0
A2TLKD3ZPEWJX1,0,1,0.0
A1FNTRI86JO1ZD,0,1,0.0
A2470JZEZFEC2P,0,1,0.0
ACAO2P8SHVSIK,0,1,0.0
A31L4F663NFGBZ,0,1,0.0
A2X3W1DA2HMRJL,0,1,0.0
AS787QGV3F7U5,0,1,0.0
A1W6P7WBELZP9E,0,1,0.0
A1TFRKAW2W8XZO,0,1,0.0
A1Z7AFFHBSER9J,0,1,0.0
A13AMF3QJK1S15,0,1,0.0
A2BLGQ2SCSKCCY,0,1,0.0
A2USEB0V03F5XN,0,1,0.0
APAF9E7SGYWE8,0,1,0.0
A1N2JL8ROQWQNW,0,1,0.0
A1TAI6IUT7APK6,0,1,0.0
A3P864F9KY5LC,0,1,0.0
A3PLOKOVGMLK41,0,1,0.0
A1TUC03JJKKA6O,0,1,0.0
A395962NEERHRR,0,1,0.0
A2E3ZKRDYRASCA,0,1,0.0
A2JW9UXEWV0DDD,0,1,0.0
A25B5ZWAL7YWV5,0,1,0.0
A1EEL87IE0G48O,0,1,0.0
A2BJ3EU0MRTYRT,0,1,0.0
A14NNYLYNREN3W,0,1,0.0
A382JW3N7WA2PY,0,1,0.0
A2D8Q09LVWM9B6,0,1,0.0
A34Q9YMABSHM97,0,1,0.0
A14EQKDO4QXMRR,0,1,0.0
A2LXG7OMJ758J,0,1,0.0
A26UKXC8QY9FEM,0,1,0.0
A1BV6N0SRWGNYC,0,1,0.0
A16A9EAUXT946Y,0,1,0.0
A245BG7SCVXDJB,0,1,0.0
A3GNB3WUBWXU17,0,1,0.0
A2ARSKPNMB6NOI,0,1,0.0
A2YV1BOXUMTF03,0,1,0.0
A2BGOSSTU99NKK,0,1,0.0
AVYLD30R3GH5F,0,1,0.0
A1ZQYNWNWNSWK8,0,1,0.0
A8WMVITPT6NP7,0,1,0.0
A94T3B9K7RYOM,0,1,0.0
A1K3JCMH277S71,0,1,0.0
A3UB7T4RXTP7R9,0,1,0.0
ALAEE9UOW8F0N,0,1,0.0
A1YJPR2K7KJ245,0,1,0.0
APBAS0SCK6GEZ,0,1,0.0
A3N2VW90SOCQ2N,0,1,0.0
A20FWXC34E7NVJ,0,1,0.0
A1CN1LAU2SCCBF,0,1,0.0
A1L4FASS0WUMWJ,0,1,0.0
A2K65GPI8Q84Y4,0,1,0.0
AFK892KY3M57U,0,1,0.0
A2CDXJXED5IM45,0,1,0.0
A3TSQAWFANQ6TX,0,1,0.0
A1ILH2P1AQPNKA,0,1,0.0
A2RU0H9MD4IH5M,0,1,0.0
AY3NHL5MZ71EL,0,1,0.0
A2M23GW3HS0BND,0,1,0.0
A70V21OI7QZEZ,0,1,0.0
A1ASQLM5XCBT94,0,1,0.0
A2TD2X84AUXFZ1,0,1,0.0
A85FJ55B5VWW,0,1,0.0
A2V0CAZDWCPX62,0,1,0.0
A2RC79RKL9Y1Q7,0,1,0.0
A7WO11FUH6VYN,0,1,0.0
AMXBU7IQI0G9O,0,1,0.0
ARO2QPEW8764T,0,1,0.0
AHQ0RRZQU9RD8,0,1,0.0
A3AAII16PVA6DN,0,1,0.0
A3E5WIDHCTLFAI,0,1,0.0
A2SXIZ7N55VE6B,0,1,0.0
A5SF5XIV42MW5,0,1,0.0
A2TM9IXXCCDY6H,0,1,0.0
A1ZMTHIT9GIAF5,0,1,0.0
A2EHUPI8C1LOYI,0,1,0.0
A1LIMLW5DFI8TL,0,1,0.0
A1V6UIELEXJHO9,0,1,0.0
ASW1PYT75GW3Z,0,1,0.0
A746UCJAGGA0A,0,1,0.0
A1IBXF69Z247RW,0,1,0.0
A233TZONT1OGR0,0,1,0.0
A1BHCRAPM0OI1W,0,1,0.0
A1A86MEB7ZT41G,0,1,0.0
A2R5C0QOL6VCNO,0,1,0.0
AK3J3SVYLR6ET,0,1,0.0
A364CHD6QJB4W4,0,1,0.0
A1A64AHFX5A2GY,0,1,0.0
A24KWM5KPOMMT1,0,1,0.0
A20Z7LXU2VEBMM,0,1,0.0
A1NQF2RPXBIPIO,0,1,0.0
A2K7EZH6PWU2ZR,0,1,0.0
A2P0NEVNUVF89Q,0,1,0.0
ACR5NF8LQ9WF4,0,1,0.0
A29UNW6NB16ZE0,0,1,0.0
A2EB3SIQIKBM78,0,1,0.0
ATS7LYGLUX34L,0,1,0.0
ARPYMLS4I8ZWL,0,1,0.0
A26D04YF1J60YX,0,1,0.0
A3HVBHXEQD472E,0,1,0.0
A1QBRFSTAIPMQV,0,1,0.0
A14M1D3PBFTGTD,0,1,0.0
A2QIF3E0BW9OZ9,0,1,0.0
A2YOH9LHZ0XYG9,0,1,0.0
A13VP7IOKP9WZV,0,1,0.0
A6LV4NK1MQAN7,0,1,0.0
AW4E5435HJAAD,0,1,0.0
A2CVPRPZW9SJFI,0,1,0.0
A10AAULK3SQEK1,0,1,0.0
A3OJN23WKQFOP0,0,1,0.0
AYWZMAXPD6C53,0,1,0.0
AXY0MPS364L09,0,1,0.0
A3S946UETX4NTK,0,1,0.0
A2M9SWRFUJ4NHQ,0,1,0.0
AFMMYIN0TXT7V,0,1,0.0
A32KND16K1Q0U4,0,1,0.0
A26TRGJPCDNK63,0,1,0.0
A378EEQ7GJSZVE,0,1,0.0
A3N5GQN3FBUMCO,0,1,0.0
AH5NO0H1U5HZ9,0,1,0.0
A3GMCGNT2ZO04V,0,1,0.0
ADY22LZ9XAYV6,0,1,0.0
AP8ZY1UNYQP1P,0,1,0.0
A1SA4OZQO46430,0,1,0.0
A1TZBWQJ0VKRD4,0,1,0.0
A25REX7LXVAF58,0,1,0.0
A1UYLCO4MXXB70,0,1,0.0
A2M7KU3GGSEXYF,0,1,0.0
A2TMTZDJYNFRQK,0,1,0.0
A2B0SFSYA5098D,0,1,0.0
A304GUEPCPYM3Z,0,1,0.0
A4IMHV1ECJG2G,0,1,0.0
A67ZYQ0GIF1S3,0,1,0.0
A6M5U2YWC3YFF,0,1,0.0
A2RLS5F9LOSF3O,0,1,0.0
A3HR5WMYNUOXO8,0,1,0.0
AIR0D9JGATVTQ,0,1,0.0
A2M67NF929W1HE,0,1,0.0
A2N9ESSELDUEY,0,1,0.0
A1GCC33SRWJD4S,0,1,0.0
A1KMBUTSBTGIV5,0,1,0.0
A2PPLQK9FV0WTA,0,1,0.0
A1D678H20KE69R,0,1,0.0
A3W3LC1O4TIK9Q,0,1,0.0
A32P3HU33QU0VN,0,1,0.0
A1OI5CUGR4IA9I,0,1,0.0
A3ULGF8NVVABAA,0,1,0.0
A3HM8N429OW7V6,0,1,0.0
A3R5TV4CE8UJMC,0,1,0.0
AZDIQSFQNSB8Y,0,1,0.0
A5BUHKHEV2XHN,0,1,0.0
A2CA0FM9SF5VQY,0,1,0.0
A2QPK00DN3LSL1,0,1,0.0
A35J04KGFR4PME,0,1,0.0
AEM7F3Z6U9L30,0,1,0.0
AZF7A44AW3K0I,0,1,0.0
A2W4L816N62KPH,0,1,0.0
A1G7PAK06VE399,0,1,0.0
A2BUN9S55ZYMHM,0,1,0.0
A1SBGBEY98U08,0,1,0.0
A1FHSLUDPKGC04,0,1,0.0
AIMV33HXTEZOI,0,1,0.0
A4AN73D43RO1B,0,1,0.0
ABAFTT9IM7GZK,0,1,0.0
A8LIC48AXFIZB,0,1,0.0
A2NIJK4754AO0I,0,1,0.0
A350E5BDIELJNG,0,1,0.0
A1AQSF3Q1YCMFX,0,1,0.0
A30AXUOZHZ1T61,0,1,0.0
A3EHOSGONBNFZ7,0,1,0.0
A9AVU2D9H7QJD,0,1,0.0
AJW95IX15AIGE,0,1,0.0
ATGLHCY1BZ0TO,0,1,0.0
A2AEZQ3DGBBLPR,0,1,0.0
A1QB77Z9LKIERR,0,1,0.0
APFYI8EVFRYTX,0,1,0.0
A254TL8NY5734,0,1,0.0
A1ICUPML1F9KX6,0,1,0.0
A3KTZMHLWU3U7U,0,1,0.0
AZU2Z1Y81YR0T,0,1,0.0
A3EEWQC5IBKDTZ,0,1,0.0
A2I5T8PPSIK9UQ,0,1,0.0
A1LMI3S1FN9HMF,0,1,0.0
A30U2WBMAUMCGC,0,1,0.0
A2A0NIHH6G57VS,0,1,0.0
A1Z63VXGLNNYO5,0,1,0.0
A3AM4Z6ZW1Z7TK,0,1,0.0
A2WRQ8H0HZ79FY,0,1,0.0
A3ENO7ZDMZ62TK,0,1,0.0
A3ASXR3CDDUA70,0,1,0.0
A2TEG25L70Z6GK,0,1,0.0
A3RZ23VUW00A3F,0,1,0.0
A2A7HAS0GN1I6D,0,1,0.0
A3GTDLW2YVC8XB,0,1,0.0
A1A09RGNSOV0CI,0,1,0.0
AMYG28A2GVG93,0,1,0.0
A899CY91B7WBD,0,1,0.0
AAAETID0EK92P,0,1,0.0
AO5B7TLBAHMK6,0,1,0.0
A1V7KLF6I5RHEO,0,1,0.0
A19H6TQ0NFXKVT,0,1,0.0
A22KF5KPBPD872,0,1,0.0
A24VSMLL33G41Z,0,1,0.0
A2VKZ8BVFUM55T,0,1,0.0
A14PR3SQOSUDJU,0,1,0.0
A45AGODHSB6G9,0,1,0.0
A2ZLYKRCOKAP1D,0,1,0.0
A1SAPIX5B669DU,0,1,0.0
AH0MSSIX2E0R6,0,1,0.0
A3H1OY96C9ML65,0,1,0.0
A235G01H9LPD8Z,0,1,0.0
A2507WA4ARX59W,0,1,0.0
A5QTF6GMCTE04,0,1,0.0
A14MK0W83CBEPN,0,1,0.0
ACBILA6GEC4SU,0,1,0.0
A12MWPD224ZABK,0,1,0.0
A3107N9T58B4GI,0,1,0.0
A2JXCOUGYS5Y4J,0,1,0.0
A1D5AB3TC4BFIH,0,1,0.0
A3DYVRFG2W1RZZ,0,1,0.0
A3KFJ6FDEI13XK,0,1,0.0
A9Q1Y0PLTCFHO,0,1,0.0
A3BC51PZJ8L67R,0,1,0.0
A272B1BEL6M3MR,0,1,0.0
A3A5D1GXEVSVSX,0,1,0.0
A40H8OV831NRP,0,1,0.0
A29H6EE6U3R9PJ,0,1,0.0
ABT31V7PY3MHA,0,1,0.0
A13JB1PC2F89MY,0,1,0.0
A1F1CZ3VWGZT8C,0,1,0.0
AZ5MKBJV84BE3,0,1,0.0
A2XS1EVB21CI39,0,1,0.0
A10FGXGHS2VS9,0,1,0.0
A17CXXQUDPQASN,0,1,0.0
A2P5E4O3ZG1CEM,0,1,0.0
A3HR1PRCZTMOER,0,1,0.0
A1O1ZTQW0JDI2V,0,1,0.0
A1U9LLC6S3RPHA,0,1,0.0
A3L5XNWP23GKGM,0,1,0.0
A1TA5CK1MGH7NW,0,1,0.0
AVWSD2L3CXTDV,0,1,0.0
AMXY26ABPVDDA,0,1,0.0
A1LKOHK7DZQ4M4,0,1,0.0
A3W2GML230S766,0,1,0.0
AEI18WXR9RWT4,0,1,0.0
AC1QHKELS0VDC,0,1,0.0
A3CM0AX26SSRXQ,0,1,0.0
A3EY0L5NNRT2UP,0,1,0.0
A1LBTVIA2Z4EKS,0,1,0.0
A39W3Y7SPKX8CD,0,1,0.0
A6JFU52LM12T8,0,1,0.0
A3I1I949XB220J,0,1,0.0
A1PI0Q7UJTLWE2,0,1,0.0
AMMBTOPV467NP,0,1,0.0
A2TWY656F94W0Z,0,1,0.0
A2ENPQM2SNDEV,0,1,0.0
A3OC1P26505FV,0,1,0.0
A3IEBFQFROGCKN,0,1,0.0
A34TAOY2MWPQBX,0,1,0.0
A19XJ23SIL59LR,0,1,0.0
A2ZB213G4PRCM4,0,1,0.0
AF2RGO0246GPY,0,1,0.0
A350058SEN0CUX,0,1,0.0
A27QOPLT7SROD5,0,1,0.0
A3IU2TOMXONMU,0,1,0.0
AG1MDK0TA0GUM,0,1,0.0
A1AMYI63702RLA,0,1,0.0
ARM5E8GB9NPFQ,0,1,0.0
A1HC94NJ2MLVNS,0,1,0.0
AHIHM3F4P24TF,0,1,0.0
AEE6K6S63EXMY,0,1,0.0
A1FJFLAAQD5WH2,0,1,0.0
A2U4107AK2O2GN,0,1,0.0
A17V6P0K051ITN,0,1,0.0
AJP7IKVQXDJ7G,0,1,0.0
A2KL5382NA5756,0,1,0.0
A3IKK57TI9BP85,0,1,0.0
AV790JT0AMUM9,0,1,0.0
A3CGGVHE9UPECB,0,1,0.0
A2RO5BKNBR7BSR,0,1,0.0
A1PEIJ9WCRNZNV,0,1,0.0
A19MQXMGUZBAAP,0,1,0.0
A2239NSQBYX4DH,0,1,0.0
A3M1I9KLSN69U2,0,1,0.0
A3E1INNFN4N19W,0,1,0.0
AFTA0RLE9ELTM,0,1,0.0
A32C4861CNAWUX,0,1,0.0
AJGR23V4M0ZNJ,0,1,0.0
A1HMQVW6AJSTAO,0,1,0.0
A1S7GTUB9IWKQE,0,1,0.0
A1ABQZ25KYD4W7,0,1,0.0
A24N778BTMZUAB,0,1,0.0
ACYC9OP9ESIM6,0,1,0.0
A1MZONT5PZVCUK,0,1,0.0
A1LB4QFYEJ2SC8,0,1,0.0
A1KNIKTZL05V0F,0,1,0.0
A1Z95WPPJMEM8V,0,1,0.0
A2WUHKA1I75SL3,0,1,0.0
ATM9RQI7FHTGI,0,1,0.0
A2IJQ6PX11EHI5,0,1,0.0
A26ASDHO1O3YVM,0,1,0.0
AYK3AN5M919SK,0,1,0.0
A2369JKT3HZUW2,0,1,0.0
A18N6XHHRXGVGR,0,1,0.0
A3Q6EL2PFKJK76,0,1,0.0
ALDYVPJB1J69N,0,1,0.0
A3F0LGYV5ZSC7K,0,1,0.0
A3E5A62QNYWUK9,0,1,0.0
A3NLG4XRJNNNBE,0,1,0.0
A3FTAH0NKM6OVQ,0,1,0.0
A19OGAG7JJ8G8D,0,1,0.0
A1932LBH7T4OS5,0,1,0.0
A61WIKEMXXMIP,0,1,0.0
A2QA9IR0FKHS2Z,0,1,0.0
A2HJZ45393OX13,0,1,0.0
ADPQXAFVQ653F,0,1,0.0
A31397SXJE1HM0,0,1,0.0
ABAKFHTLH7JVG,0,1,0.0
A3LJ781MNY5UKN,0,1,0.0
A3QAD1BD3NIIO4,0,1,0.0
A3IICSS30MRX9M,0,1,0.0
A0103849GBVWICKXD4T6,0,1,0.0
A3OMLWL3Q45FCA,0,1,0.0
A25YZJ04WZN8C4,0,1,0.0
A30U514GXPA8E1,0,1,0.0
A1F23MY8SB905X,0,1,0.0
A8UWEGAX77U76,0,1,0.0
A1RY9W1T195EN1,0,1,0.0
A1V1A5UHPD5SNG,0,1,0.0
A5J8IRAJ89NRX,0,1,0.0
A27FWLNVDVF3BL,0,1,0.0
A2CIV3WRLZKR3F,0,1,0.0
A2E50O4GW1E8GR,0,1,0.0
A29LALMN0S0VQ7,0,1,0.0
A27EJ2U5EXAA3E,0,1,0.0
A1CDNYL0NUK8R9,0,1,0.0
A2P7T94KQGQVZC,0,1,0.0
A10HHVAYJZZI4L,0,1,0.0
A2AL5T8PL9A8IZ,0,1,0.0
A1V62KKCZUY7UQ,0,1,0.0
AQO3WGQWXZDTJ,0,1,0.0
ABHU2CJAYUPHW,0,1,0.0
AFERMR9RNPIWQ,0,1,0.0
A2IX2BCH9YA2K4,0,1,0.0
ANERNVFSBEGSO,0,1,0.0
A2JU6PEESZLI39,0,1,0.0
A1923ZN928LINT,0,1,0.0
A18F32WLCGCJF2,0,1,0.0
A8L8U91R992XJ,0,1,0.0
A3EWRMOMV84TXC,0,1,0.0
ACOAXGKSE4LXN,0,1,0.0
AFWMVMPB2WVP9,0,1,0.0
A2LFPFGMVTNYBI,0,1,0.0
A1B1S6XMDBYOIW,0,1,0.0
A2VXWQ2M6QAO38,0,1,0.0
A20D2ZFUVB06QI,0,1,0.0
A2434EPE9P8P07,0,1,0.0
A27KXZIVTLKCCQ,0,1,0.0
A1FCE0GRGNVWEC,0,1,0.0
A1MFVV2SM8U67C,0,1,0.0
AR1T36GLLAFFX,0,1,0.0
A1X3PAWV18AGU7,0,1,0.0
A3NI9A259E5YL,0,1,0.0
A3RXJ4A6JZKXLX,0,1,0.0
A329RQ0HHOEMA3,0,1,0.0
AY711KUG8ZRFN,0,1,0.0
A17I1OT1IXYUVI,0,1,0.0
A9T55I800OFXA,0,1,0.0
A1DFS9ORBOJZ5A,0,1,0.0
AWASLZ63WKIOR,0,1,0.0
A3L1LUERHVTNJ4,0,1,0.0
A2D8T8HTOHCR2I,0,1,0.0
A1U4R0NJECFG7X,0,1,0.0
A12PAA7R2U81VS,0,1,0.0
A24XLRKLMZ22CQ,0,1,0.0
A39E8DC7MVKD70,0,1,0.0
A1U60MGJRO7C94,0,1,0.0
A16N9FHL60RAST,0,1,0.0
A1FQAN1I5T7EDE,0,1,0.0
A1YTR2T8D5XAB5,0,1,0.0
AS9S7SXQ93QYG,0,1,0.0
A3MXHZD3BSB1LQ,0,1,0.0
AAMP772ZWFKY3,0,1,0.0
A2Z4HOWGB3O2NP,0,1,0.0
A2UFLC250UOE3L,0,1,0.0
A3BJIFKS5CNPJB,0,1,0.0
A24YP3PNYEGZBW,0,1,0.0
A3MNW51H5XH12D,0,1,0.0
A3A7YEFVZKD9AW,0,1,0.0
ACPT29J3JOMYO,0,1,0.0
A6E0C8SL7Q9TG,0,1,0.0
A2PIQ3696HW0OR,0,1,0.0
A2D1ZUE57A8F25,0,1,0.0
AL3M61X9YMUXB,0,1,0.0
A3SM3TCURJAEDL,0,1,0.0
A2GVF9A64NEWR5,0,1,0.0
A2HQG03NZO975X,0,1,0.0
A2KXJ4CU9YUMNH,0,1,0.0
A19BD31F0JKOJH,0,1,0.0
A2VB5FKZMKLVPV,0,1,0.0
A2NXGS34F5QMKJ,0,1,0.0
A9KKFAEVLQIEL,0,1,0.0
AQW7P4UJPOZ0U,0,1,0.0
A1ZVDDZKWHTDIK,0,1,0.0
A29YIKVUOHDXDW,0,1,0.0
A2CI4FAG7AVRVA,0,1,0.0
A2T9948RI5PRZD,0,1,0.0
A12P9MVV9ER287,0,1,0.0
AEVNTIQFU2TQ6,0,1,0.0
ASJXXFAU1VY18,0,1,0.0
A2YQ67DXLWBA01,0,1,0.0
A2IFH6X7DHENU5,0,1,0.0
A2U19SNA2ILW1W,0,1,0.0
A2QGZ87JF9TL9W,0,1,0.0
A1UB5QUDTHG1BX,0,1,0.0
ATVKWO1SY9JZM,0,1,0.0
A3DTI03DSFS8MG,0,1,0.0
A34XUO0QD2CBWV,0,1,0.0
AY5HXVS86N71L,0,1,0.0
ACRLL3VXRM4V1,0,1,0.0
APXQHFTTYERDE,0,1,0.0
A3SO7Y2NLF76LI,0,1,0.0
A3ERH01X69ILES,0,1,0.0
A1XR3TVITLN9YP,0,1,0.0
A10I7YDVGDWFB0,0,1,0.0
A3TJXGZ6DE38R7,0,1,0.0
A2WHU3Z9LYOB86,0,1,0.0
A3DKFD50KE1AX6,0,1,0.0
A2BYDGGUBHSZ96,0,1,0.0
A16Z372TZKBYTB,0,1,0.0
A2JYXFC45LGRM5,0,1,0.0
A1P662LNCNUIP6,0,1,0.0
A6RZ0GCULOOGE,0,1,0.0
AH1SZFTJE4VPZ,0,1,0.0
AGVYD8F7E5TLI,0,1,0.0
AXD8163YYZGXA,0,1,0.0
AW6V8F61AIFTZ,0,1,0.0
ASN43XCURMGC0,0,1,0.0
A37936J0E19BZL,0,1,0.0
A1FNKX4M9HJ8QM,0,1,0.0
A2JW2A13TT3VXW,0,1,0.0
A2FR4QKMSU2Q3B,0,1,0.0
AMLJIPD9K3BW1,0,1,0.0
A1D3DZYWQ7PL3C,0,1,0.0
A1HVHVZS12UOZU,0,1,0.0
A2KIANXC8CA57S,0,1,0.0
A1N6B7F7NMARL6,0,1,0.0
A6BTPZ102XJGE,0,1,0.0
A35ALVIKF6GTGV,0,1,0.0
A2H5MB40X1FZJ,0,1,0.0
A2KUVD844LL7QM,0,1,0.0
A2RW6EZBYTMS58,0,1,0.0
AR7O653NMY6QQ,0,1,0.0
A37DNOODK5VL4Z,0,1,0.0
AHHCXZQCV8287,0,1,0.0
ASGA88GAYZM4Z,0,1,0.0
AP3V63JVKLEO5,0,1,0.0
A3QH15ZP9MNC6V,0,1,0.0
A1U2KRGK9SLJ8X,0,1,0.0
AT94Y5QR05BCR,0,1,0.0
ABNSCJPMH6GV7,0,1,0.0
A51DA3QCP4OL2,0,1,0.0
A2GJZE49751D17,0,1,0.0
A7210A582B74E,0,1,0.0
A3N9XYXUZA4XCF,0,1,0.0
A1ANR7457JAB2Q,0,1,0.0
A3U6U68Z9K2UKD,0,1,0.0
A1PFT6E80P9UF9,0,1,0.0
A3PUXJQUQYXJGD,0,1,0.0
A3MJIXDIQT5S16,0,1,0.0
A9PP0WPACZNC4,0,1,0.0
A2GWJHRQFAWGSP,0,1,0.0
A1HAB45IL01M9J,0,1,0.0
AL4IZP0C8F58Q,0,1,0.0
A1W1ASR6U2QE06,0,1,0.0
A2DTXMVW1EQEW2,0,1,0.0
A352Q286VM04K0,0,1,0.0
A12K5H2MPVSP00,0,1,0.0
A3RQHCUVSRHU21,0,1,0.0
A1JX2KSG05WBYO,0,1,0.0
A1XNX8H5IQLFU5,0,1,0.0
A1LP7819SDW5QG,0,1,0.0
A2HXVQRK8ALNA,0,1,0.0
A2ZGDSN7DH5ERF,0,1,0.0
A8ZFHHSCRWQS5,0,1,0.0
AXGX9FQES7P65,0,1,0.0
A2JB8QGTB57N4Q,0,1,0.0
AW3F8EY5348LI,0,1,0.0
AFGBQJFS46U9E,0,1,0.0
AD1WVH9MP1ZS6,0,1,0.0
A3VY0Y0J93ZO59,0,1,0.0
A2CF6Z5T5AF6NC,0,1,0.0
AMDBZ5P0GAT69,0,1,0.0
A2N2XU3U2LYUZS,0,1,0.0
A1QXBKNTVF2BNV,0,1,0.0
A1TLMISEC860C0,0,1,0.0
A1I5UHEW5OWS1J,0,1,0.0
AJTYN2L8T5FER,0,1,0.0
A2HHIGN4KHLUOF,0,1,0.0
A3LQJAR83FLTPV,0,1,0.0
A2DNID0AN8FPUO,0,1,0.0
A2A6QBEALE4SD2,0,1,0.0
ANY6L67JQPQJ2,0,1,0.0
A323304W2UIUTX,0,1,0.0
A1XDXSU50QTOXI,0,1,0.0
A1Q19JB1PE2V5V,0,1,0.0
A6UVZAU2KXMYM,0,1,0.0
ABPYBCQWBPRLW,0,1,0.0
A1R9EBQ99UDRN3,0,1,0.0
A3RTAH3INJ40HW,0,1,0.0
A2F9SCX6EPTYVA,0,1,0.0
A3DK3R7XJJ2XA6,0,1,0.0
A2FSMTZOX2FTGT,0,1,0.0
A36QDBEKAL43ML,0,1,0.0
AF0E5TGS52NRD,0,1,0.0
AZNWYLV6Q296A,0,1,0.0
AG2SVK72GTWRW,0,1,0.0
A2C8WLHQU2L2RJ,0,1,0.0
A360YNNFODEVX1,0,1,0.0
A36ZLGJ7S9QEYD,0,1,0.0
A5U6BUMPQ8TKF,0,1,0.0
A3F0HJLB79JQJ4,0,1,0.0
A1H249ZAM6AL3Q,0,1,0.0
A1BGQVWHIHQCPG,0,1,0.0
A2ELBR8G4NOWYP,0,1,0.0
A15S6B2C2IGFK8,0,1,0.0
A18J43NUXI5L58,0,1,0.0
A2TXGN8ZJDUSGH,0,1,0.0
AW38C6L08OLP4,0,1,0.0
A3U4AFML9SZPWK,0,1,0.0
A1ZRKRDFWG1TC,0,1,0.0
A1JI8F4BYPH79G,0,1,0.0
A1HO853C6WT6YU,0,1,0.0
AWIVDZVELMVLE,0,1,0.0
A2C7WNWBTF2J1A,0,1,0.0
A2MDAAZWLQI0JG,0,1,0.0
A37PV350EIA54K,0,1,0.0
A15QDF29CM6ZD5,0,1,0.0
A2FC7UNC6SOEBP,0,1,0.0
A26314940F1A0G,0,1,0.0
A358UQ5Q330AAE,0,1,0.0
ADVSW4W1HHYF7,0,1,0.0
A372BZI7VCSFQ9,0,1,0.0
A3UQWO38N396JX,0,1,0.0
A64VV64H3KKYQ,0,1,0.0
A2HT5G3JJ10WM9,0,1,0.0
A16ABFLJE4WCE4,0,1,0.0
A352I41THL9WMT,0,1,0.0
AL6NLI16VNICJ,0,1,0.0
A3MMWWENH3Z7GS,0,1,0.0
A1OP7O7OLH0AKM,0,1,0.0
A21PERYU8JLODE,0,1,0.0
A232MCSLYS9FGF,0,1,0.0
ATG1ZJO23HPKU,0,1,0.0
A2NKC5YR4YJWOY,0,1,0.0
A3376ZXV304DQV,0,1,0.0
A2ADCV2454LZB7,0,1,0.0
AL7ZQN0HVE2SE,0,1,0.0
A2V1UWS6P5S6YU,0,1,0.0
A261OIBZDFWYEK,0,1,0.0
A3UJBG1NLV9IZX,0,1,0.0
A10X4PYY8XSIZ6,0,1,0.0
A1E4QYHI21FUJW,0,1,0.0
AVFN0WAVFDO6E,0,1,0.0
A13E7XVEXH3Y40,0,1,0.0
A2Z51NHQ9FYO7A,0,1,0.0
A79B4GJHA9W3L,0,1,0.0
A37HON08NH2H2R,0,1,0.0
AN430ORNSIY80,0,1,0.0
A11GERG49DYFF9,0,1,0.0
AWV2Z3QGCXBSS,0,1,0.0
A2ODIMSHACDTYD,0,1,0.0
A39XZ0QVEJZYNE,0,1,0.0
A2QIX73WKLLDRV,0,1,0.0
A1R87GD4CLPKTK,0,1,0.0
ARII62ZL070KW,0,1,0.0
A1FSA9SFOKAXGQ,0,1,0.0
A1CSTAYLUS8YWX,0,1,0.0
A1QHJJSS7YNUYW,0,1,0.0
A376FVU0W578M4,0,1,0.0
A10LWFKVC21F82,0,1,0.0
A2T6KCBCS8QL6E,0,1,0.0
A19KE1KWDSKPK3,0,1,0.0
APDNEF1XXVYDU,0,1,0.0
A1X4R1YQ1RSE0G,0,1,0.0
AVKY2C0E2QOAY,0,1,0.0
A1UIMU8Q87ZPCH,0,1,0.0
AUS20K2W0DVXQ,0,1,0.0
AZ2MVA5EKADON,0,1,0.0
A15GHGDXRX4VH1,0,1,0.0
A17USV4BLET4JX,0,1,0.0
A22XTV8NGTEPB1,0,1,0.0
A3RJO4ALM3CAG2,0,1,0.0
A1XU7H233TMHBL,0,1,0.0
A1WMLVMOQAEH1Y,0,1,0.0
A120X9G1RQEXQX,0,1,0.0
A2TFRNUZOE5OLQ,0,1,0.0
A2FMNEDMYZMXMM,0,1,0.0
A1DP038TC2ETJ6,0,1,0.0
A1JAPP1CXRG57A,0,1,0.0
AUFM312TQX1WI,0,1,0.0
A3JQQ2TWTKFVNH,0,1,0.0
A3C6RY5QEY89CE,0,1,0.0
A2731AZYMXHG53,0,1,0.0
A3V1MV24OOGX36,0,1,0.0
AJ813BX869YD3,0,1,0.0
AHX8FSNAVR156,0,1,0.0
A3RHSVCDBL52MR,0,1,0.0
ALEZOIB1WIVXW,0,1,0.0
A1H0E3BPT8HGEM,0,1,0.0
A3697CQDNPEGS0,0,1,0.0
AJVF3100286GE,0,1,0.0
A2MI5PQBEII7O3,0,1,0.0
A3DSEVDT8C98ZE,0,1,0.0
A3G18QG04I71B7,0,1,0.0
AR4ANGTNDT5AL,0,1,0.0
A1SYW5K9HYSCOL,0,1,0.0
A8EBWQZIDKF78,0,1,0.0
AZFIIGPJY8NYL,0,1,0.0
A36COCV5K2KYZ2,0,1,0.0
A21L12NT10X25E,0,1,0.0
A1QRR06UY3LI9G,0,1,0.0
AIYWBXF9JZV34,0,1,0.0
A15OAV3WRDB3HF,0,1,0.0
A2H8BR3SPO00I,0,1,0.0
AAP9OJFJI0IZ3,0,1,0.0
A3FCSXIUNGZSEH,0,1,0.0
A389M5HYNF26PN,0,1,0.0
AMLYJZEMPMAV0,0,1,0.0
A2XLEVG4HE14CQ,0,1,0.0
AGFFKWIQYKEYH,0,1,0.0
A1RCP4UEHLV7KE,0,1,0.0
A2KRK21MIGYXBO,0,1,0.0
A1EG9SLJ4H62KX,0,1,0.0
A1MRFTBJODLRJW,0,1,0.0
A23MT6Y5XQC0Z,0,1,0.0
AWZIOVDLU1VA1,0,1,0.0
A3AXXUSU4KJQ6R,0,1,0.0
ACD9P76EDBILT,0,1,0.0
A3SH855WQ0JLCX,0,1,0.0
A1E9IQF7ST7O97,0,1,0.0
A3R0ZDQWANTOHM,0,1,0.0
A13S73MK9GQG4Z,0,1,0.0
A10L0WS2R7YMHP,0,1,0.0
ALC8I6BZ0QDJE,0,1,0.0
A1WD0MNT2CQEHZ,0,1,0.0
A1J74IZSVBH876,0,1,0.0
A1EW2XDJFKUNM3,0,1,0.0
A2NZYU7IV0BMYQ,0,1,0.0
A1FKET6K6AHW2B,0,1,0.0
A2ITY7Y27A27ON,0,1,0.0
A2J753YWOBIOSR,0,1,0.0
A1YHXY7U9ZH4B8,0,1,0.0
A105UR65IECBCA,0,1,0.0
A2ESLMQEZLYD1D,0,1,0.0
A61FS7L32ZCWC,0,1,0.0
ATU0RE358H8NE,0,1,0.0
A21368VVAIA7OH,0,1,0.0
A13FBPNGRJXECS,0,1,0.0
AML2Y0FRVP25Y,0,1,0.0
A2PCZULZ0TLKET,0,1,0.0
A3OIKVX3SJKXFG,0,1,0.0
A3RZM875TV2Z65,0,1,0.0
A2VYSDQ4Q7B2TC,0,1,0.0
A2TT0EA501Y6IF,0,1,0.0
A14AQ94H5UFUDJ,0,1,0.0
A2RO3DC31WU3LY,0,1,0.0
A3AH5JYRIIT87E,0,1,0.0
A3I0EQUFL7WZ7J,0,1,0.0
ANOS716UE925L,0,1,0.0
A33A05EQDYFC01,0,1,0.0
A1GK28RMTGARPB,0,1,0.0
A1MG8LP4Q8W4B2,0,1,0.0
A1I992QNFAL1K2,0,1,0.0
A2SCLDRJVILF31,0,1,0.0
A2K41UKIROUWYC,0,1,0.0
AV3R4NDNCUVA3,0,1,0.0
AZLHS6YHI1FKZ,0,1,0.0
A355XPVHHEWW78,0,1,0.0
A3TNZIK20GVBQD,0,1,0.0
AV8XORAUWHHZJ,0,1,0.0
A3EAS9X3FYT7O1,0,1,0.0
AC9LJIQA1OVHF,0,1,0.0
A3FPOOEMDCW962,0,1,0.0
A1BEO04IJ0G7NY,0,1,0.0
A1CWCDFXL5LOSW,0,1,0.0
A1JSRQJN5VA2GO,0,1,0.0
A2C6LWCQ10DZ79,0,1,0.0
ASCDKHYY2QAJH,0,1,0.0
AOG7NMZWCPQJ4,0,1,0.0
A2FJNPQ3KK54BM,0,1,0.0
A2AEYSAR5T5COQ,0,1,0.0
ABE3U70G8R5HH,0,1,0.0
A1Y1CYD5ZMXAHG,0,1,0.0
A3C5WTJO996F0X,0,1,0.0
AVU0ZFQ0VIKRE,0,1,0.0
A1GV7LSMJB93I1,0,1,0.0
A19NIDRZK9FKVI,0,1,0.0
A3LZZ99N4SIX7N,0,1,0.0
A1M0G070K5CUV0,0,1,0.0
AX2OLJ9APK5CB,0,1,0.0
AJ2DU4JFF2DYT,0,1,0.0
A35S7OUMIXVXH7,0,1,0.0
A31TT5G7U1TK7C,0,1,0.0
A3NCF09IT8RX5A,0,1,0.0
A23AIN5PNLFFGK,0,1,0.0
A2ADPP8XE7EFIP,0,1,0.0
ATDIRUCQ12K5S,0,1,0.0
A2ZQFEEE4CR8HN,0,1,0.0
A3F9UCQK9Z4GGL,0,1,0.0
AYZ1JCYETV0OC,0,1,0.0
A2MKN0SI8FLMN6,0,1,0.0
A2FBN7PSS38ZDG,0,1,0.0
A12C9JKW3OQ5XU,0,1,0.0
A1RCBHE3VVBSC,0,1,0.0
A3RDWN2D0YJLMC,0,1,0.0
AQ6QKGG4369FD,0,1,0.0
A1VU5521ZRL3T2,0,1,0.0
ABJX7EJ6H5U2H,0,1,0.0
A39DMGB8IVZ9UI,0,1,0.0
A3Q5KTK592FVV2,0,1,0.0
A2HEPQFEHWBY0S,0,1,0.0
A1UTZ3JU92CPKG,0,1,0.0
AC79EKSD1S2MB,0,1,0.0
A26LPS3UXS8JYD,0,1,0.0
A3MBTYL3P3QWDO,0,1,0.0
A2SUDI1IF5FWF1,0,1,0.0
A2644FJMHC69M,0,1,0.0
A3Q1KIDFJ8THMP,0,1,0.0
A2484TEQFHUK8D,0,1,0.0
A1565CDTDK79WE,0,1,0.0
A1D3TL21VKWBPD,0,1,0.0
AQU9CN3I8Q2X2,0,1,0.0
ACK9P6NQ66UDX,0,1,0.0
A5YBZQ14BWDCR,0,1,0.0
A2UXQ9L0RKPXRL,0,1,0.0
A2C61BXPVZC9CS,0,1,0.0
AXX1R3B8LRTCS,0,1,0.0
A170RZH0I1IYY0,0,1,0.0
A1NOCBATO8SJD2,0,1,0.0
ADZ4D4V9NDZ6Y,0,1,0.0
AVO7BODO8D51G,0,1,0.0
A2DCS0VQMMHP8X,0,1,0.0
A1EK39D71FXLRI,0,1,0.0
A2AMYLQF3LGAPG,0,1,0.0
A2PEF3V2SZ6XZK,0,1,0.0
A1Y4KXR9LZI7X0,0,1,0.0
A217RWSFWVBD6T,0,1,0.0
ARBZDB242HSKR,0,1,0.0
A2EPEXSEUA32TK,0,1,0.0
A1K0L2PKZLISWJ,0,1,0.0
A2R9G9YPBDX2PK,0,1,0.0
A1A3BVKMTVRJKZ,0,1,0.0
A16YNNT757JVUE,0,1,0.0
A3PQRE0KKPO2J3,0,1,0.0
A1HVDK467UGV9X,0,1,0.0
A1B4CTI5R3BCFW,0,1,0.0
A3IBZN5AUG04I7,0,1,0.0
A3K8VNJ6CLJSVM,0,1,0.0
A1D9YQF0Z5FA49,0,1,0.0
A6CKFRLTL3E41,0,1,0.0
A30WCR0A3N1MNH,0,1,0.0
A13CJCCDQOO5RA,0,1,0.0
A31IDGEGJXGOPD,0,1,0.0
A3S5Z6342WZWRN,0,1,0.0
A9298U7GYVQG4,0,1,0.0
A1GVYGO2WK69PW,0,1,0.0
AE4RENZ3VSFCZ,0,1,0.0
A16VJ1B9TGRI83,0,1,0.0
A31CXNIS5OS9FL,0,1,0.0
A3NV2LRNA725XB,0,1,0.0
A3QNNCUZ04JW7R,0,1,0.0
A2RGX1B7ODTT61,0,1,0.0
A334OGRMSEH0F8,0,1,0.0
A1WSFFFG0SL1XJ,0,1,0.0
A38HZPA85SBMPM,0,1,0.0
A25I21GWE721C8,0,1,0.0
A3S5CU8SKTVDC4,0,1,0.0
A33A88VHSU05HZ,0,1,0.0
A3HU8TU3T5LNRV,0,1,0.0
A3U8J6HOIYKIFM,0,1,0.0
AYPHGQ4Q53N9D,0,1,0.0
A2S9LDX7X32Y0L,0,1,0.0
A2Q3P65H0I5QNS,0,1,0.0
A25EHXGAXBJBUE,0,1,0.0
A24P7YUPH9L5XU,0,1,0.0
A3HADHOS4619R3,0,1,0.0
A3EMZ433QPZU0O,0,1,0.0
A1EE9SJNPZ73IO,0,1,0.0
A16BL50YMMQDJQ,0,1,0.0
A16IFD5H3B2SSJ,0,1,0.0
ATBDPMXM9ZBOT,0,1,0.0
A3QB47YYMIN3GO,0,1,0.0
A2CTWMNE7GDZT7,0,1,0.0
A1OH9YRSECZ8SM,0,1,0.0
A36YHL63A0913P,0,1,0.0
A3WZMVT4ZMAT4,0,1,0.0
A3LE9G7OU2O8EK,0,1,0.0
A2HVF8ADBJ31GA,0,1,0.0
A1JSWHNRKDSBN,0,1,0.0
A38R82NFXD83Y3,0,1,0.0
A2K9FN7C23Z2Y1,0,1,0.0
AHD5AKX3NH314,0,1,0.0
A3IT51CB8K392O,0,1,0.0
A1C0LZQ8HRBIY8,0,1,0.0
A25MMGY5LQ9R8J,0,1,0.0
A11YKHECDV0ZTC,0,1,0.0
A36WZYU2N9RTW0,0,1,0.0
A3V6RB64N8IDIB,0,1,0.0
A1AFY8WLHKC20T,0,1,0.0
A16727S8XTRN9I,0,1,0.0
A3SGBRA0BQTB7J,0,1,0.0
A2CJ6BOXPMVDZ9,0,1,0.0
AOZBVGFIUY44X,0,1,0.0
A6KZ9YPZOWL46,0,1,0.0
A35SXNALXC54WU,0,1,0.0
A2DSO1VDL1MM8P,0,1,0.0
A2TKXVZVRAQDE0,0,1,0.0
A3UO7TPKCH3D4,0,1,0.0
AWYUJUYZ8XK3T,0,1,0.0
A1O6E9A2Z37VP8,0,1,0.0
A2VMQQ1WK3LJ17,0,1,0.0
A18TQCVWRDHFF3,0,1,0.0
A1EV7JT7BE28DM,0,1,0.0
A3SZLHORO83C6V,0,1,0.0
AAD5UVXYNE14D,0,1,0.0
AS4NITKUC3433,0,1,0.0
A1P87M177863E0,0,1,0.0
A3E9T7UNC3JLIM,0,1,0.0
A1ST94P7R4IM4L,0,1,0.0
AYWN5NVIV5VWI,0,1,0.0
A1DH23ZEPK0QDE,0,1,0.0
A3M94M3EJM9WGO,0,1,0.0
A3GXQTX2Y2CKSY,0,1,0.0
A2FL10RHRZ7R0O,0,1,0.0
A373DEIH9BXSNZ,0,1,0.0
A2FQN4BBQBA6A6,0,1,0.0
ARDVU917SUNSX,0,1,0.0
A1CAGCOH7KFD5,0,1,0.0
A2IAPQIHR58KNJ,0,1,0.0
ABUTJHGQAUW5G,0,1,0.0
A1NSM10MS81MCB,0,1,0.0
A85QO1YEJLS3B,0,1,0.0
A2OZKM3TCCG8VG,0,1,0.0
A11FPV18WFXQCF,0,1,0.0
A3MSIMW9K5METI,0,1,0.0
AGB7UQZMVHNUJ,0,1,0.0
A14IDWDVENCTJJ,0,1,0.0
A3TXV05NP1NZGC,0,1,0.0
AYE7KPXUXTLN6,0,1,0.0
A2DHHSW7LJYE54,0,1,0.0
A1E3WY9OD7SV24,0,1,0.0
A1MCAXACY28WOK,0,1,0.0
A3M8N4KMEYR3QL,0,1,0.0
A1JXVWSU5S03BX,0,1,0.0
ARIKA2NKDLA2W,0,1,0.0
A1K7L9Y7IMKJGO,0,1,0.0
A24X8P2TG2AR02,0,1,0.0
A3D42ZX96FA6EW,0,1,0.0
A36WCLY7UYFB3S,0,1,0.0
A3AZI828WJN1CD,0,1,0.0
AJILFYCDNPDDG,0,1,0.0
A1V427MUP6WWFE,0,1,0.0
A1UKZCAWXR6C0H,0,1,0.0
A1YQI1A3AOFVD,0,1,0.0
A39JPS9DAMAPY9,0,1,0.0
AT8SRN98QXD64,0,1,0.0
A3PADQ74NYUN6M,0,1,0.0
A30U7KWGFN9P8J,0,1,0.0
A10NJJ9PUSIYTI,0,1,0.0
A1U326F7V11W5D,0,1,0.0
A3IYXQEMMNFN9L,0,1,0.0
AQAQLXGKRS1VY,0,1,0.0
A2X3T4KQEYNBZM,0,1,0.0
A36I45CYY9VV2H,0,1,0.0
A2O9Z5PQUB8F4G,0,1,0.0
A3LCEXRTNHGCS5,0,1,0.0
A1DU8IQS6GYDI1,0,1,0.0
AX9X1RYNHSHUF,0,1,0.0
A1MUWF8WEBF28E,0,1,0.0
A1C0H8KUODITYL,0,1,0.0
ABJTM65X62TD5,0,1,0.0
AEN4ZZEL2L1CZ,0,1,0.0
ASEB4OTLFYK0C,0,1,0.0
A3EEAG299EHJ8U,0,1,0.0
A37G47RPC4ILX4,0,1,0.0
A1MYYHQR614UC7,0,1,0.0
A182EKEXZIKGO7,0,1,0.0
A2DCKA5SS68AX0,0,1,0.0
A3BF60V2PEK3YA,0,1,0.0
A37XPPDH5H11HN,0,1,0.0
A3SVMHD77WOYUY,0,1,0.0
A2MG8X1PKH7C1,0,1,0.0
A1Y363HWR2D0B7,0,1,0.0
AI3WJVTOS9QND,0,1,0.0
A1Q8DFCM7Z7OUB,0,1,0.0
A3QYCGVIZSO97E,0,1,0.0
A2BHV2JH2L376C,0,1,0.0
A3MGK847FOITPS,0,1,0.0
A2KMDFXNRL4UB5,0,1,0.0
A2W45RK6AFUFNK,0,1,0.0
A3Q12NUZUM5ECC,0,1,0.0
A1HPAHP8IKDEEY,0,1,0.0
A8FHVEA3F1ETX,0,1,0.0
A1J1ZD5C2PKFPV,0,1,0.0
A39FBEWBFBIOZD,0,1,0.0
A30FLSURDH2YYX,0,1,0.0
A3CNQOZVF2EE45,0,1,0.0
A3TC9PXICZ4ET5,0,1,0.0
A182LVN6WX674A,0,1,0.0
A33QGRQWND3CD3,0,1,0.0
A2Q2IQWU49WDT5,0,1,0.0
A2MIF552GFBNPU,0,1,0.0
A3VFLFVFC3K7L7,0,1,0.0
A1009TQJ2AI79F,0,1,0.0
AIJXFWDBODEMB,0,1,0.0
A19ZGLT6MCEMRT,0,1,0.0
A24ZFV3MSWLCOK,0,1,0.0
A24HIIPOF1E2EJ,0,1,0.0
A9HZ8C9WTNRQI,0,1,0.0
A1ZGKDY95GQBC8,0,1,0.0
AVV664GID1Z13,0,1,0.0
A2I2Y9S75EA6GB,0,1,0.0
A29I48NFT6IDCP,0,1,0.0
A20WUUD9EDWY4N,0,1,0.0
A3T04M0BMTEA3F,0,1,0.0
AFLT6UHXHRU87,0,1,0.0
A1FWG7UEWU1RNP,0,1,0.0
A1XVY7QFMOFD3V,0,1,0.0
A1LOQL0T4D3HA4,0,1,0.0
A2Q5ZYHFA8EYHL,0,1,0.0
A2OLV76MD4DAOO,0,1,0.0
A1FTFUZ4BDOMFH,0,1,0.0
A343V8TMY024M8,0,1,0.0
A4M2EHKT0Y7T6,0,1,0.0
A30AJN6GOZ7IXL,0,1,0.0
A1HSAW7UMOBKS5,0,1,0.0
A3JI6DI1JLT64D,0,1,0.0
A1NRBZMZS5QF8M,0,1,0.0
A3R3SS28ASLWBD,0,1,0.0
A2CW4MBY9MVC08,0,1,0.0
AWQME4WLYK4QQ,0,1,0.0
AN9766RTX9ISB,0,1,0.0
A2LTLMN24GTYY9,0,1,0.0
A1KNQFB8OMZ0HL,0,1,0.0
A25CMCPCKWO8W8,0,1,0.0
A4MITR1JLMU4F,0,1,0.0
A1ZT7UQ5Y9RK01,0,1,0.0
A8G1INE6I1IA0,0,1,0.0
A28BJZROR4DAW4,0,1,0.0
ACPR51DDDNWJR,0,1,0.0
A320DLHQTRFL5L,0,1,0.0
A2R90BBOXDDHYC,0,1,0.0
A2H7J3V44LFCLE,0,1,0.0
A1BMOYOFOBBCF4,0,1,0.0
ACA9RBJUG04ZN,0,1,0.0
A1IKDOLHLCUWTD,0,1,0.0
A2S52LEXPAS2ZQ,0,1,0.0
A38OZB49IG281H,0,1,0.0
A343RYJA8NVYRJ,0,1,0.0
A1T2K9ALTDLDGD,0,1,0.0
A1JDV88SFE327J,0,1,0.0
A182F9QHQGWQWC,0,1,0.0
A1IA8LXQH0VL5E,0,1,0.0
A1TQF28D7SVOMG,0,1,0.0
APS18PNFSYKS0,0,1,0.0
A34334ADAWRQXD,0,1,0.0
A3BXBT48RU8YG7,0,1,0.0
AIFZOA3790SQM,0,1,0.0
AVM3ZQ49SV6ET,0,1,0.0
A118KCQBNDLCYG,0,1,0.0
A2UZVC9I6G1LQK,0,1,0.0
A2FJCSWEV5JNED,0,1,0.0
A1M1HGDVE38DBR,0,1,0.0
A3LTQ216SK2E6,0,1,0.0
A2LLO611FE9XZ0,0,1,0.0
A33IZTCQMITB0X,0,1,0.0
A90XRYEU01197,0,1,0.0
A2EEG8X6D6078S,0,1,0.0
A2SWE0PE557YYS,0,1,0.0
A3M8AIQNGECWE6,0,1,0.0
A3VVARA7BW5U3L,0,1,0.0
A1YBFDKVA6AHH,0,1,0.0
A4VAE3W39G7IX,0,1,0.0
AR1HHA1ZU3SWU,0,1,0.0
A3RMAXAL6RISE5,0,1,0.0
A32SLM7H0TJE7B,0,1,0.0
A1B21AUH29LEM2,0,1,0.0
A2IMHFYVZ9IHYG,0,1,0.0
A2BGEG4Y6W9MHB,0,1,0.0
A3UR8MBDZSBB2,0,1,0.0
A1LPXKTAN03T61,0,1,0.0
A3T39GSZA16IM,0,1,0.0
A1BOP5C0PKARME,0,1,0.0
A2YVDKPJ9BRPAD,0,1,0.0
A3KSCKP9WYB99V,0,1,0.0
A2Z3VJH6GJKHIS,0,1,0.0
A17DSCGDJ6MZXS,0,1,0.0
A5CX0CH4F41RF,0,1,0.0
A3479RW745KMYT,0,1,0.0
A1K41KEGN2G2NF,0,1,0.0
ARBMBLFBK10XI,0,1,0.0
A1GCJ39KPURKU3,0,1,0.0
ATJZ9T302O5BY,0,1,0.0
A3N3QK4DKTL0FM,0,1,0.0
A9GTZU854XN0G,0,1,0.0
A3682XY0PFAF6A,0,1,0.0
A377DC2CPICKNZ,0,1,0.0
A1JK8VWBKGH8NL,0,1,0.0
A3AI5VYYRM8ZWK,0,1,0.0
A2XCA24U4LQ4CF,0,1,0.0
A1T5TXYQF31GZM,0,1,0.0
A393A1LXMSHDVU,0,1,0.0
AG3MRUYCGF5CG,0,1,0.0
A9JDOM7L4EML9,0,1,0.0
A107MZZGZEW58W,0,1,0.0
A15Z6LKYCKH79L,0,1,0.0
A1O7NCI7MZZV9P,0,1,0.0
A2CKVHP0NZIZEC,0,1,0.0
A2CO5XM26UPU43,0,1,0.0
A2KJXEXBBUDHXA,0,1,0.0
A1RYV7XPU1ZZQY,0,1,0.0
A14RRB1ZFHD28Y,0,1,0.0
A39P8TB9YS99V9,0,1,0.0
ANUGPFWYN38AW,0,1,0.0
A3EZ6WB5WDD6FD,0,1,0.0
AKQHNTUAL056P,0,1,0.0
AI481UO6Z3V0A,0,1,0.0
A15J8ZIH998DQ6,0,1,0.0
AFX6DK3RMHQGO,0,1,0.0
A2J3C8J062VLVH,0,1,0.0
A2I2ZAJLC8JQD,0,1,0.0
A2DZKFLUL3U5PQ,0,1,0.0
AC4XLUZBAH94U,0,1,0.0
A3P3J6QFE7K230,0,1,0.0
A3DBR7DVZ0WPMW,0,1,0.0
A639SSAX07GJK,0,1,0.0
A2LH2NMV5HQIGV,0,1,0.0
AUTDY38RJE7HW,0,1,0.0
A2PJRJOA9L2CXH,0,1,0.0
A26RGX1IXQDLHZ,0,1,0.0
A1I3GL5GLBEQ7X,0,1,0.0
A1JC1VGQPPNR6Z,0,1,0.0
A2HCK72SA64XV1,0,1,0.0
A3SEDVZYQGTRVL,0,1,0.0
A10X36AI6TJVLH,0,1,0.0
A23ZUNWFN5HRYV,0,1,0.0
A1NBH6ZOFDS5QS,0,1,0.0
A1ANW4N2EU5BGF,0,1,0.0
AWPC7EEVYZ813,0,1,0.0
A25E1M0AJH998J,0,1,0.0
A12W8RRXU5DUAC,0,1,0.0
AZSPWMLZ8NQOD,0,1,0.0
A1I44R76CCXYZ9,0,1,0.0
A2GOQDL887BYJO,0,1,0.0
A3TGQLV658XSGE,0,1,0.0
A2AP059CCLBWPU,0,1,0.0
A3UEFI9RBNOWE9,0,1,0.0
A2GCK4V1UTEQCQ,0,1,0.0
A3OB66O9FB9RRC,0,1,0.0
A2BHNIWHUFKE9D,0,1,0.0
A40FHA1I9PYF8,0,1,0.0
AHMDD7LQJ53TB,0,1,0.0
A22P1HU8HX9R2L,0,1,0.0
A3S73MX3KSMGBN,0,1,0.0
A18GA9A0RQHZ9N,0,1,0.0
A22I73LJLFLIUD,0,1,0.0
A1CFSINY61QDIL,0,1,0.0
A2ARRW8E2WEW10,0,1,0.0
A3ESOTEAESKH37,0,1,0.0
A2RFZIFM2UH9C5,0,1,0.0
A1E0VNJT0YY9Y7,0,1,0.0
A26ZP4UCSERR2F,0,1,0.0
A229P6LPMEVMQA,0,1,0.0
A2EDJL8CB3D02L,0,1,0.0
AGSC327PXS3W6,0,1,0.0
A3PY3AMUYBA2RZ,0,1,0.0
A81QUF4H36U02,0,1,0.0
A32XJ2MK5GOJ10,0,1,0.0
A1ZGJM6HTR68NL,0,1,0.0
A2A34GD6XX5MMH,0,1,0.0
A4ERQV4ZQDWVT,0,1,0.0
AEN44U6T9R93,0,1,0.0
ATID2LB9AB1UL,0,1,0.0
A24G6Y3ZC60NZ0,0,1,0.0
A2GAV2J0VQZLXQ,0,1,0.0
A3AT1J0CUYDWQV,0,1,0.0
A2ZUZ3YCZZTV25,0,1,0.0
A26MHH5645KSTZ,0,1,0.0
A3NENMWZ6D536G,0,1,0.0
A391FZTMOOR6J9,0,1,0.0
A3QF9RS5O37QXK,0,1,0.0
A309U5BPYF81ZY,0,1,0.0
A1FX61CKO1FTE6,0,1,0.0
A1HA52EEBLX099,0,1,0.0
A3BK2MCK26FK6J,0,1,0.0
A3EDRXVKHE3GD1,0,1,0.0
A22VY1WSY6BUMP,0,1,0.0
A30F9840P74GAQ,0,1,0.0
A2LTTDNALI5484,0,1,0.0
ALE263M5L7C5,0,1,0.0
APFNDSGVBG7UG,0,1,0.0
A3E81751S55308,0,1,0.0
A3Q6YFJ4SARWGT,0,1,0.0
A3F62JHOWXS44E,0,1,0.0
A3ICDLUQ3V2QY2,0,1,0.0
AC1A0YFXNWOKM,0,1,0.0
A2E9TM9LMEU6L1,0,1,0.0
A2309D9T79ELOD,0,1,0.0
A1FDYFONMA0LBP,0,1,0.0
A35D265U8EGRFR,0,1,0.0
ALUM9UH24LC5L,0,1,0.0
AWOGYN4YMNDL5,0,1,0.0
A2DV0BXASW4P5A,0,1,0.0
A3M0LQOJ45BX1C,0,1,0.0
A3OGZ5RW9MQRFK,0,1,0.0
ARGOEBLR298BC,0,1,0.0
A3RJVINZDBOUNE,0,1,0.0
AXW5NZW1YG56P,0,1,0.0
A1XVSMIOR5CX5I,0,1,0.0
A1SDB7VEVJ99U8,0,1,0.0
A2V601AE4465ND,0,1,0.0
A6MAV9H0KDLA9,0,1,0.0
A1ZIZGS50XZPCX,0,1,0.0
A40JKC4FZMPGI,0,1,0.0
A391XWV7A098ID,0,1,0.0
A363ZVGZ8S8U9Y,0,1,0.0
A1P3VXW3JKS3FH,0,1,0.0
A2TU1LS17UTRF6,0,1,0.0
AG4MMQYOIPNIV,0,1,0.0
A1F5865RG4YKHV,0,1,0.0
A175LCRLFN26Y,0,1,0.0
AD5SB64C76M0I,0,1,0.0
AX5DNZ7O7AWII,0,1,0.0
A3Q6AFZFX58URL,0,1,0.0
A2MWUBN4UJOVIK,0,1,0.0
AN3SJJ4XPJ252,0,1,0.0
A3R3LZN5NDXAJQ,0,1,0.0
A3QUTY8XPNJ1S6,0,1,0.0
A1N9LX6E138H61,0,1,0.0
ACWATJN494ICW,0,1,0.0
AB6VPLMNJA51F,0,1,0.0
A1VEV1AFRGZE0M,0,1,0.0
A349DA14ZSJP2H,0,1,0.0
A16SDGZE5TOE9G,0,1,0.0
A28DLC4ADNJAF0,0,1,0.0
A3POVDRP5U5LP9,0,1,0.0
A24Z3IL2WPRRFZ,0,1,0.0
A2QEYP28U6YXM4,0,1,0.0
A3226KN23XIR3R,0,1,0.0
A3MKHBPA5FGD8W,0,1,0.0
A1BNVY1TN5EZ2J,0,1,0.0
A3GFQ3HF6Q8SHL,0,1,0.0
A38K3NTKCSZK3F,0,1,0.0
A2ELODQ11JPPGW,0,1,0.0
A11R1JP6KKDUMX,0,1,0.0
A1CYCCBDQT8D6A,0,1,0.0
A2HDI3FTPPQXJN,0,1,0.0
A1V8S344EN4TG,0,1,0.0
A1K1IZMXKD9Z6S,0,1,0.0
A1ER6MQ0L7NHNL,0,1,0.0
A2LEJPX95M1XER,0,1,0.0
AKLW74HZFKGFZ,0,1,0.0
A20XZ7TXYU1QEE,0,1,0.0
A3PTG5V447NJNW,0,1,0.0
A1VK5P940H3AON,0,1,0.0
A1WBHIRBN8P0E9,0,1,0.0
A10795M6XA74JN,0,1,0.0
A37RTM7Y7O6GLN,0,1,0.0
AQBER2BLR3XZS,0,1,0.0
A2XA6JM1SKBSHV,0,1,0.0
A1D1GXKX7KT7DL,0,1,0.0
A2IJSW8ZB6DKF3,0,1,0.0
AL5Y9S3SDQDX4,0,1,0.0
AF5FTJL71VB7L,0,1,0.0
A20V7TQ04Z4MFS,0,1,0.0
A1XDPHHC1WW6KT,0,1,0.0
ARJ1P9IS56IE4,0,1,0.0
A1ZCR6SOYVFKYY,0,1,0.0
A1SKOP77DH7TEP,0,1,0.0
A1DG6F94BBGHUC,0,1,0.0
A1T4JDHJUQPLJE,0,1,0.0
A3F0PKX1ZJIQ3K,0,1,0.0
A3LV0S0100ZR52,0,1,0.0
A4Y347HDC5PL5,0,1,0.0
A18G0T8TBKCDKX,0,1,0.0
A3C1LGN7TUBN33,0,1,0.0
A27KTLDSBWXNED,0,1,0.0
APEJ8EJCC8PQ8,0,1,0.0
A1Y3QKMCHRT73Y,0,1,0.0
A1TIW9J8HR302S,0,1,0.0
AUNMCFIJ4WL57,0,1,0.0
A253W0EDTXK5E4,0,1,0.0
A2CY3Y1M3FE8QC,0,1,0.0
A1UK24C5XO8UKI,0,1,0.0
A5LG9E00VDCGH,0,1,0.0
A1WFSPP2O5X7N7,0,1,0.0
AGWE0KVWYJ7BR,0,1,0.0
A1DEHS1DB47074,0,1,0.0
A33AAY3HXZRU0Q,0,1,0.0
A3S3NT5VS54FC8,0,1,0.0
A1CR765NNJAC1Q,0,1,0.0
A1PC9706EC9HOL,0,1,0.0
A18HOTPCF2137O,0,1,0.0
A28LWEF27KNK70,0,1,0.0
AJP44QXY4JBOZ,0,1,0.0
A27WLAGNZ7V8XT,0,1,0.0
AC8OLNK3M3H87,0,1,0.0
A3BSQDDPIHJTEE,0,1,0.0
A3O63IEJTNWPTX,0,1,0.0
A3FZ0J725GFE08,0,1,0.0
A2HRAU41CPCHPE,0,1,0.0
A13BBZNBM0WZNU,0,1,0.0
A1SICU9QJA2SDG,0,1,0.0
A1CZKAV38L9P2K,0,1,0.0
A1CWOWHCU3XE9Y,0,1,0.0
A2YQGFJRHAZEX,0,1,0.0
A31NN7I7VXGTXA,0,1,0.0
A36ISPNE6X7YJ4,0,1,0.0
A3A1V0EH2V47MC,0,1,0.0
A1E3L0MZ58MNWQ,0,1,0.0
A1VAHHH2RVG6V3,0,1,0.0
A3N2EW8WUJJRS2,0,1,0.0
A2IA76WQYDVAE8,0,1,0.0
AXWKZ12SZZ5T2,0,1,0.0
A389C3UKVN6U99,0,1,0.0
A3PZM2HY2I2UJD,0,1,0.0
A3P93T4J28EDVB,0,1,0.0
A127GWY9EUMS33,0,1,0.0
AICFNGZ0CQT1C,0,1,0.0
A134XZNXCGU7JD,0,1,0.0
A1MMJMUYJQKZES,0,1,0.0
A3QDY9I0CNMD2W,0,1,0.0
A1MVSX9232K1XQ,0,1,0.0
AS7ZUHKLIOSSN,0,1,0.0
ANOLSCSFPHWMX,0,1,0.0
A2MR2WEUU1WLI6,0,1,0.0
A5L3659SM6PYG,0,1,0.0
A24T5517ZRETWW,0,1,0.0
A1JXKZGOGLBLTM,0,1,0.0
AYGH7FBKKPO2S,0,1,0.0
A26NDCRUHAG47O,0,1,0.0
A1AF8M8XHV1B8B,0,1,0.0
A2AVTAD5M3LQI0,0,1,0.0
A34HMG1ESIWHXA,0,1,0.0
A2QFLRFUOIY270,0,1,0.0
A3BVWFD2BG3OE8,0,1,0.0
A3UH7Q5PBLXBFK,0,1,0.0
AR3UP8Q9L3K3N,0,1,0.0
A2JP6DLFCJFVZ1,0,1,0.0
A7QRC2A39CBV8,0,1,0.0
A2OYR2U58OF2TI,0,1,0.0
A372F5MYGWSCVN,0,1,0.0
A2MGM6AJYYLSAG,0,1,0.0
A3QJZFR41U8IGA,0,1,0.0
A358ZRQ7AV41HJ,0,1,0.0
A1D07L5D2CF59L,0,1,0.0
AIRSSUN0LG3W5,0,1,0.0
A36Y6XNMCGK1DQ,0,1,0.0
A3RK90I0ROCI0R,0,1,0.0
A274KXWC5PGKMX,0,1,0.0
A37R0V3ZGYZGPW,0,1,0.0
A274A1A9HGYW36,0,1,0.0
A33GYMWL5HC4FQ,0,1,0.0
A3RUMVZZ7W2E2S,0,1,0.0
AHW9IEC4YL4LE,0,1,0.0
A381CQ49WWBDKM,0,1,0.0
A3MBBC80DD58HM,0,1,0.0
A1E3DXCWYUYWF6,0,1,0.0
A2ANUZS8OB03X6,0,1,0.0
A3GSYEL2O5A65,0,1,0.0
AZDJN0CVUU0YN,0,1,0.0
A38JNSBJMF69O5,0,1,0.0
A3HO0FX4WC9YTU,0,1,0.0
A2T208UNIH5WA3,0,1,0.0
AKBGBE9H1C0L6,0,1,0.0
A1T3NN4ZF0JKAW,0,1,0.0
A176HPVTIMJNNT,0,1,0.0
A529YUMB096DX,0,1,0.0
AUTM2QX38G84,0,1,0.0
A3W34TUQJD6GQF,0,1,0.0
A3GS12USHLMPR4,0,1,0.0
A2ICT9A9NFH6X8,0,1,0.0
ABU5AVJ05TWXW,0,1,0.0
ANA1W92UTZ0VF,0,1,0.0
AL2K5GSTRUIY,0,1,0.0
AVATJWYV4L8T9,0,1,0.0
A3W0QBWMP2V3K5,0,1,0.0
ABLOQZIL42W7I,0,1,0.0
A3ORWMLSWJJAJ0,0,1,0.0
A2WA3CPIL2W2GT,0,1,0.0
AR7NQ4SR4MHAL,0,1,0.0
A1CA43D14PJQXC,0,1,0.0
A3GY44KEUNEGQY,0,1,0.0
AUEXSC1B6SATW,0,1,0.0
A29ZSWFCDGF3PA,0,1,0.0
AFFY9QXWHZZST,0,1,0.0
A1ZEUQ2D21GAQD,0,1,0.0
A1RB0ICCZNWXEE,0,1,0.0
A3TZ66W7YQK6BX,0,1,0.0
A3KCZC992HN4B7,0,1,0.0
A1MHDCGQE5186H,0,1,0.0
AYI71AJ2788Q4,0,1,0.0
A111Q8GAVAHH6M,0,1,0.0
A1IQ4GY1EQUG66,0,1,0.0
AF2DBJX3RQVF7,0,1,0.0
A2NHID60GOWHD0,0,1,0.0
A2MZ6PSSONC8AH,0,1,0.0
A2HNFK432FO6XB,0,1,0.0
A3SJZ8ZS6PDTYS,0,1,0.0
A2WSS3BDIT1IGI,0,1,0.0
A3714PC23K9SUB,0,1,0.0
ATRZDZST8GM5W,0,1,0.0
AE7OVAB5CVUPV,0,1,0.0
AQCJSZSRUEOL2,0,1,0.0
A186HWFQGSTCZF,0,1,0.0
A3F52D6MXA8FF8,0,1,0.0
A1OY1EDCY9H8QR,0,1,0.0
A368102P6NW38L,0,1,0.0
A2N4QZ92NBKJZZ,0,1,0.0
A2S9AKBXRMTXTN,0,1,0.0
AKC1EDKP416DO,0,1,0.0
A3PQ36C3EFB04Y,0,1,0.0
AZ28PB8M6DST8,0,1,0.0
A291H4XSTIHHHS,0,1,0.0
ARPDVBJWAW9E7,0,1,0.0
A3FVYH7IJSDMM1,0,1,0.0
A9FJFURSISMVT,0,1,0.0
A1HAPHNTQN8TF2,0,1,0.0
ATJC38IEXTC6R,0,1,0.0
A1EMKI1ABCJGAL,0,1,0.0
A30P43E8XJ6LBU,0,1,0.0
AFKMY7WCDGUL2,0,1,0.0
A3FR3PTQJXF6B8,0,1,0.0
A232LZ5HWFW9KR,0,1,0.0
AR1IGHMRINL58,0,1,0.0
A3GPDH4FMH514Y,0,1,0.0
A37D2BPGCF1N89,0,1,0.0
ABGUYZ6CWA2V1,0,1,0.0
A4AJEM576CYBZ,0,1,0.0
AUON1TNON1I7O,0,1,0.0
A231WX94DQP5SE,0,1,0.0
A1312B1367WVOB,0,1,0.0
A1T9K80RA1XHDU,0,1,0.0
ANS9R3MM9ZU7X,0,1,0.0
A25HJZ1W3DH0AH,0,1,0.0
A1BEYJZCL0FMZ6,0,1,0.0
A2U5URERUIB253,0,1,0.0
A35KZFV5RV6ODE,0,1,0.0
A1TBW57VBPWV45,0,1,0.0
A1QORNTKP1DRLJ,0,1,0.0
A2TLM016YV34OQ,0,1,0.0
AYYEJHRZKBDTQ,0,1,0.0
A8VL3RR9UPWYQ,0,1,0.0
A8J79440ZC99,0,1,0.0
A2KWQ3YQ5C3SPD,0,1,0.0
A56IAIR71TPP5,0,1,0.0
A15ACMKT7KBS67,0,1,0.0
A3SZHD18TB5G3A,0,1,0.0
A2WHMTOQN6BOX0,0,1,0.0
A2116HX03FVEAD,0,1,0.0
A1XHN6JF8A8W69,0,1,0.0
A12TF4K3ST8G4,0,1,0.0
ADBHIPICHGAM8,0,1,0.0
A2FCIK8VD2JZ12,0,1,0.0
ADR6157NMQOTV,0,1,0.0
A338QXPD9Q64RW,0,1,0.0
A2I8UBG1QIDEIJ,0,1,0.0
A2SP232BQ3EIK6,0,1,0.0
A2DM5WQR8I31SZ,0,1,0.0
A19PX0R54DDD3V,0,1,0.0
A2UYEPDX2FLJVW,0,1,0.0
APINWZ75KE9TT,0,1,0.0
A39JDEY3EQQQ89,0,1,0.0
A1C0EPBJ9QAOBX,0,1,0.0
AXQQOPWPU3QUL,0,1,0.0
A3D0W0NU7YP9CJ,0,1,0.0
AV341ZTVJAZ8D,0,1,0.0
A1K9V7L2MVI15Z,0,1,0.0
A3E049PVKG7NDK,0,1,0.0
A2U47O0P6F27C2,0,1,0.0
A2GRLLJC2JK9FN,0,1,0.0
AQXHMLLNSC4S2,0,1,0.0
A2QAH6UNUXCSP1,0,1,0.0
A2IZ72037M7CCZ,0,1,0.0
A1M7N0QMDDXDZY,0,1,0.0
A2B9AGEXWE8L50,0,1,0.0
A17ZAVJP17IPAY,0,1,0.0
A1S8EZO1SIMXXP,0,1,0.0
A7QOOJUE2THEC,0,1,0.0
A6LL1EV6YK3DO,0,1,0.0
A36XRGX51WTMWS,0,1,0.0
AUAWGSUO5QXGB,0,1,0.0
AYMDZIOGLRS4Y,0,1,0.0
A2R5592L08AQVG,0,1,0.0
A2RG0PTQMRDYC0,0,1,0.0
A808R98RIW1KF,0,1,0.0
APTDMTPFJEOGM,0,1,0.0
A3HRPYUMCSE8SW,0,1,0.0
A3SLNCRKJ9UFJD,0,1,0.0
A3UJXBHSZBHGCO,0,1,0.0
A1O4DG21XBKSYT,0,1,0.0
A1LX9GSMN66L7E,0,1,0.0
AJ9B4KNSF9SVR,0,1,0.0
APX9B5RSL81YJ,0,1,0.0
A289BG1P365S5B,0,1,0.0
A2WOPG2BF0DDJD,0,1,0.0
AGWVKYM50CZ5E,0,1,0.0
A28RF9UCP2ONR7,0,1,0.0
A2J57HWX95YMCX,0,1,0.0
A2T2CBLOXM9AGA,0,1,0.0
AICRTSIHQ02F5,0,1,0.0
AEM9CCSE7CQ9M,0,1,0.0
A15G3AAFWI98CJ,0,1,0.0
A288IM0FQOIJ4I,0,1,0.0
A134ZZ342PLBDG,0,1,0.0
AVXSOEBBSPX2T,0,1,0.0
A1TXDYPEDNWXBT,0,1,0.0
AXA8VZ9W0ECQW,0,1,0.0
A2BC636KMD01UF,0,1,0.0
A1Y7U3R6U1JDWY,0,1,0.0
A2HW0XHWZO3O8J,0,1,0.0
A1NZ8E0Z5PQO4R,0,1,0.0
A3IF5BJFPH8OG5,0,1,0.0
A1D9MKGUFTJ7LJ,0,1,0.0
A215DQ7IMZ8N3G,0,1,0.0
ARGTYQSSUISS9,0,1,0.0
A3KR23KCFKZBGH,0,1,0.0
AHPPSX065I54D,0,1,0.0
AK3GKIV8DEY8B,0,1,0.0
A3COACPUVQCYM9,0,1,0.0
A3TDR5VQPREEMA,0,1,0.0
A8WCY8F616U2S,0,1,0.0
A2C71LXGUYE972,0,1,0.0
A24SLLQ1KG9D3Q,0,1,0.0
A305YZ79VZR02F,0,1,0.0
A24YI30VYH9S3V,0,1,0.0
AY35EIADBYZE,0,1,0.0
A2ECYVU5YQBIXX,0,1,0.0
A3714OUKTR3ETX,0,1,0.0
AJM1L6YIO1M56,0,1,0.0
A1KXV54YPG7V1U,0,1,0.0
A1KUEYKLNP6CIW,0,1,0.0
A36GLI6L44EN1Z,0,1,0.0
A1FZE3K5L24J3A,0,1,0.0
A28H1NW7R7AWW6,0,1,0.0
A3KEUSZO5VTO1W,0,1,0.0
A2TOGRO8GK5J3I,0,1,0.0
A2KQDZ563T254P,0,1,0.0
A238V1MWVLQMSS,0,1,0.0
A3SKXRB5QQWMLZ,0,1,0.0
A3ANGWW62RQBHS,0,1,0.0
A1NV5VQLJBVU45,0,1,0.0
A251RCEFU9O7VR,0,1,0.0
A3CJTRKTVC6ND5,0,1,0.0
A1W2D4VBXRM2AI,0,1,0.0
A57QS8CXFWMV5,0,1,0.0
A3EU23F5C930TA,0,1,0.0
A3M6XXS223BSPI,0,1,0.0
A25ZX7LRQSLW53,0,1,0.0
A10Z12GG4QRHH0,0,1,0.0
AGAN6583I4QSF,0,1,0.0
A2G1RV7AU440FJ,0,1,0.0
AX135BENGHTJS,0,1,0.0
A22ORYSPZ839O8,0,1,0.0
A3I2E3IWY7RW00,0,1,0.0
AKRIBMA658JSL,0,1,0.0
A2WLPHRRNMQX2V,0,1,0.0
A25KSWX9Y7KRWY,0,1,0.0
A2D0F87RY5YMHN,0,1,0.0
AET5BFTM2U0GS,0,1,0.0
A1QCJY8S5CR811,0,1,0.0
A3C670CL1WQM4V,0,1,0.0
A3JGFVWBUSNR70,0,1,0.0
A1P12P1V3DDLPD,0,1,0.0
A3RKMKBVUCBSJR,0,1,0.0
A1NIBE2WEWDQN3,0,1,0.0
A3D0HJGBT511V7,0,1,0.0
A1CIVJHKTBKZPB,0,1,0.0
A3OL74I0JQZAUE,0,1,0.0
A194M4Y4BGPQAR,0,1,0.0
A33QJIRYEWUII1,0,1,0.0
A3HYC0RY9VVYS3,0,1,0.0
A34F6T0FUCIAED,0,1,0.0
AG2MQJHQ80DUP,0,1,0.0
AXSXFWGRFZAPW,0,1,0.0
A27E6HW7LMNFL1,0,1,0.0
A3QOLITU5R8J3R,0,1,0.0
A39B8FVIZJRJG5,0,1,0.0
A1B631XBNEWYCX,0,1,0.0
A31ODJAFB7AG1,0,1,0.0
A3UJSWR0FGBVNW,0,1,0.0
A14GS1XORCUL9C,0,1,0.0
A2XMULYNIYD7T9,0,1,0.0
A37QUQPYFMR9Y9,0,1,0.0
A2TPKFTT24IPF3,0,1,0.0
A161GHCOYQM6WH,0,1,0.0
A25SBAC3U573JX,0,1,0.0
A3BEY3VE3QIM81,0,1,0.0
A1L3BW9MQBCFEF,0,1,0.0
A2V2WY7ZQF9MJ3,0,1,0.0
A3I8VKL1FVKY0C,0,1,0.0
A31DHUTTHE2PWF,0,1,0.0
A3VCX6SB4WREFG,0,1,0.0
A2A46UUJJ5GG2W,0,1,0.0
A1WBF9L5FRJYH6,0,1,0.0
A3PT6XPUDULKG6,0,1,0.0
A3ND5JC6AP5D4R,0,1,0.0
A3R6IGKV182J6Q,0,1,0.0
A1SGG1HIYSHUQK,0,1,0.0
A1B4S4517BT7BT,0,1,0.0
AMU12A55W5UB6,0,1,0.0
A26B70MNK9XHYO,0,1,0.0
AGGIG4GSY7HAB,0,1,0.0
A3595N4IFNEAFI,0,1,0.0
AC09OIFJYTUQK,0,1,0.0
A3GRXU3CCYU2AL,0,1,0.0
AY8P1PR6OWSJC,0,1,0.0
A1UH7WYR1N9Q48,0,1,0.0
AELV8AB69M51M,0,1,0.0
A3ADQW6TACZE73,0,1,0.0
A1L6P0CS7WS5XW,0,1,0.0
A2DSH2Z38Q5WD4,0,1,0.0
A31FZONKD9L6J3,0,1,0.0
AR2IKIJRHKB3G,0,1,0.0
A278S61JJ5Y95L,0,1,0.0
A1JFXOFDRZ9CFQ,0,1,0.0
A2Q9KU7J7TAOQN,0,1,0.0
AZAJZCDMXNGSW,0,1,0.0
A3I8R0PC35026S,0,1,0.0
A2KQ1DGZH4B1P9,0,1,0.0
A2V0CNBJ63G6TW,0,1,0.0
A1U1ILJRYDF0T5,0,1,0.0
A2K64Z8VT8T43Z,0,1,0.0
AIFWCOS6FFYCV,0,1,0.0
A3PZYRZ8YFTZSF,0,1,0.0
A1IBT81PPRG115,0,1,0.0
A10AO3WYHO8CUL,0,1,0.0
A1Q4L0XYNFRDGN,0,1,0.0
A3C1S22BR7LVOZ,0,1,0.0
AJN6H8S332NFE,0,1,0.0
A3I3OQ2B6EKOXY,0,1,0.0
A3DGWKQPMMC3AF,0,1,0.0
AUBKXJYRKGOF4,0,1,0.0
AWVYYE4E54OC4,0,1,0.0
A35XYOMCL95Z1W,0,1,0.0
A2HWLN72GALMJX,0,1,0.0
A23PYQPGVE71QW,0,1,0.0
AZL0X34JPMQNK,0,1,0.0
A1BS1TP5FX75VW,0,1,0.0
A34A8ABI9EDW5K,0,1,0.0
AI10BK8OABRA1,0,1,0.0
A36ZYJUSMDQNIH,0,1,0.0
A1AQZL6GGFNZYC,0,1,0.0
A2OOZ6XQG32H07,0,1,0.0
A3CFT9D3SKQKSL,0,1,0.0
A2JMS15L5DP67D,0,1,0.0
A23VSDCI8JEXJ,0,1,0.0
A23KG6OO3RVYV,0,1,0.0
A1K9GTUDFKLKMF,0,1,0.0
A3UP97IQAI6LJH,0,1,0.0
A85OUN9U4V35H,0,1,0.0
AGLQXI48J4AI5,0,1,0.0
A3UMA2D8DXOXGC,0,1,0.0
A1ZAGDM33RM0D0,0,1,0.0
ASJUQU9ZFUMUX,0,1,0.0
A1OP2RI3U76KUV,0,1,0.0
A3IH5TH6AKY6KR,0,1,0.0
A2UU8E5QSXJGOM,0,1,0.0
A1ZT99NYLDEZQO,0,1,0.0
A3ULEB5AWEMRCE,0,1,0.0
A3ENUOZLLQEIA,0,1,0.0
A22WSZ8VI43FCO,0,1,0.0
A1XTSL9WZW301S,0,1,0.0
A7QD47PSJDVI7,0,1,0.0
AKOYIJFDDTC46,0,1,0.0
A3AMZUOR3VFBHQ,0,1,0.0
A1RDTQKLDCR3CX,0,1,0.0
A2S4DN72TMWC2C,0,1,0.0
A12DTCU4NTWGLJ,0,1,0.0
A24TKUGFBH80XD,0,1,0.0
AUX1XJDP7O04K,0,1,0.0
A1PJNEHUONN0PN,0,1,0.0
A2WJGW3BF6MPMH,0,1,0.0
A3RHXRO17DLWQN,0,1,0.0
A6W32J4WZ1AR1,0,1,0.0
A3R9RGOOUID7YK,0,1,0.0
A24WGZWL90IO35,0,1,0.0
A3B5767B1YDFSS,0,1,0.0
A3VT3GFXXM3LCL,0,1,0.0
A1A4Y89JVUJPLI,0,1,0.0
A11EICIOKYVJPN,0,1,0.0
AIV4KG0EWH77I,0,1,0.0
A2WCQLJFTE23OG,0,1,0.0
A31FUWP3DWIXH5,0,1,0.0
AXUY77QFQ14FY,0,1,0.0
AEOXSEGPBXHIF,0,1,0.0
A1BGWSXTGQV9J9,0,1,0.0
A3DOVR5V1BFRI8,0,1,0.0
A2ZDU057E1Z65V,0,1,0.0
AILN4NLF6FMB8,0,1,0.0
A1RBYHHHEX5XJK,0,1,0.0
A2419BR62EBMID,0,1,0.0
A16U3C7XTPTN9U,0,1,0.0
AX20C2C8R8NMS,0,1,0.0
A31SNH08CPZHTT,0,1,0.0
A3IONEIQB9028N,0,1,0.0
A31AH7RPW17NI5,0,1,0.0
AVG7CAF2AW9S6,0,1,0.0
A1OSXYLOUVZDV6,0,1,0.0
A3R9Z9G4L7U0G0,0,1,0.0
A1RTJSC27DVJ5B,0,1,0.0
A1FFD6H3033PLM,0,1,0.0
A3MTTQ15FMD8M4,0,1,0.0
AG2ZX0UKD6F5E,0,1,0.0
A3SMH6EOXOYNX3,0,1,0.0
AUE1YLH1GT266,0,1,0.0
A2YOKHEFFT43MX,0,1,0.0
A2UO040HWOP0C2,0,1,0.0
AH7BDAN6I61QV,0,1,0.0
ASJE1XJY3EIN2,0,1,0.0
AT67NFEOBKWUB,0,1,0.0
A30Z2DHA1GI70Q,0,1,0.0
A2K2HDLL71QBQD,0,1,0.0
A2RCHK7LHU7BU4,0,1,0.0
A327HI0M9QL7JR,0,1,0.0
A380VP3THUKNFZ,0,1,0.0
AXZ1SJ2P22PQT,0,1,0.0
A3B3UJ6ZKJ1NOO,0,1,0.0
A26MY4TPFQPWZ,0,1,0.0
A8YM93QZWCB23,0,1,0.0
A3S5VDRPAFYFOU,0,1,0.0
A2KSP9GE7PPUVQ,0,1,0.0
A352OV0KQFTMYE,0,1,0.0
A7DY9OIFCOMWE,0,1,0.0
A2APJH8UKCOL7M,0,1,0.0
A2H7KHOL5W3QQY,0,1,0.0
A1UGR1DJ6HI6W9,0,1,0.0
ANH4SSC0JZ7DT,0,1,0.0
AU3TU82KAYJR4,0,1,0.0
A1WPEJWA41J4WV,0,1,0.0
A77LSZ526K877,0,1,0.0
A12U67U4XQK8RQ,0,1,0.0
A1VMDYBJRZ0M12,0,1,0.0
A3039A0S3TWLIV,0,1,0.0
A2J6MHI3X8J7Q,0,1,0.0
A24YQCDJ1DOUGN,0,1,0.0
A14UXJ0TN7VIST,0,1,0.0
AGUUL1TIUPEJM,0,1,0.0
AOM9AX5AGB5LO,0,1,0.0
A1W336HEXT1CVB,0,1,0.0
A1TPONBHWOATH4,0,1,0.0
AAUDYQICF0SLA,0,1,0.0
A1VM6A7HC6CEIH,0,1,0.0
A103HJCK4SDW9X,0,1,0.0
A32EO0Z06GJZ8,0,1,0.0
A27BB4YH101LOT,0,1,0.0
A34TCNUZL7G0EN,0,1,0.0
ABJ5RVCQRJ08A,0,1,0.0
A2A9OWDFOTQZP3,0,1,0.0
A1BETBY51PEUVE,0,1,0.0
A3AA17V5OVXYDJ,0,1,0.0
A39X251TKM75TW,0,1,0.0
AEP6XSF7UQK5O,0,1,0.0
A3KN2OBPZ6QJLF,0,1,0.0
A39L1VHF52OOSL,0,1,0.0
AWLUBRTNZP5FL,0,1,0.0
AF6G3FWPES2BM,0,1,0.0
A1XS39S7K21GGR,0,1,0.0
A3HYE2EHPFPK2J,0,1,0.0
AP7EW3TXFZGO6,0,1,0.0
A31M42RZO8ULPX,0,1,0.0
A6Z212SNV77EH,0,1,0.0
A1MC89VM9F30FG,0,1,0.0
A1Q1AB29V0T465,0,1,0.0
A2QZT9L3HLEFTL,0,1,0.0
A2HOZ9K7JFEOER,0,1,0.0
A2AA3MND6ED8TM,0,1,0.0
AWQLHZVD5GLKG,0,1,0.0
A1RVD8YEZJF89,0,1,0.0
A3IRJT9J0C6R9Y,0,1,0.0
A3G52XWKNLBC3,0,1,0.0
A2MAXHANV8EETT,0,1,0.0
AQHOV9T6LV141,0,1,0.0
A17PBBI33RSYY4,0,1,0.0
AYGEKID3G7DPW,0,1,0.0
A1BNEFQTCFVIE9,0,1,0.0
ANALOM35NWNNF,0,1,0.0
A1EOLS3RENLA09,0,1,0.0
A2TLS4JB7EA48D,0,1,0.0
A2KL3Q6NMCTJ6M,0,1,0.0
A1JBP9R0PA5DW3,0,1,0.0
AJ7XTRLI3EUC4,0,1,0.0
A2CA374K5ZZWI7,0,1,0.0
A2AZK4US9ZK5VH,0,1,0.0
A1DSPJKAH84U8Q,0,1,0.0
A1FTNS27PU2LT0,0,1,0.0
A1L5PM0IE9TIPH,0,1,0.0
A3N0KQSPPMAZF7,0,1,0.0
AQGKMHAVEI8L3,0,1,0.0
A2X1E214TRA9Q4,0,1,0.0
A4K8B7I6RC1GW,0,1,0.0
A1V3KMV9RIIUJD,0,1,0.0
AX3ZCB8RTRV7C,0,1,0.0
A2IWDC2FGVR8IZ,0,1,0.0
A8A94TEE61CUR,0,1,0.0
A1YAAG5Z2LG9WI,0,1,0.0
A32C7VS9Z1GM80,0,1,0.0
A2CR7ZHVPZQYMQ,0,1,0.0
AJJAC2OAI0I7D,0,1,0.0
A24F16RGW6NTVR,0,1,0.0
A2H6PV0SSU9DFH,0,1,0.0
A19SXS5PEC80UQ,0,1,0.0
A5RM7VF99O19G,0,1,0.0
AF3ZIGIYXZUMH,0,1,0.0
A1FKTGYHIFWLHU,0,1,0.0
A2LJ1M369ZQB7R,0,1,0.0
A39W5J9BK460RT,0,1,0.0
A1SM9GRJK4B65L,0,1,0.0
A19U3O29EUH8HC,0,1,0.0
A1CBFIXDW95M5X,0,1,0.0
A2B9AYXPRI38IV,0,1,0.0
A21VV8V0OUK1DK,0,1,0.0
AMKUP6159S7PF,0,1,0.0
A16SSSU1OMPH7Q,0,1,0.0
AN8JP4WQIA7YJ,0,1,0.0
A2H48TF6UI4MAL,0,1,0.0
AP3JKMVMR6IWV,0,1,0.0
A3FW23J5MUPKUO,0,1,0.0
AWZLJ20XCNMSM,0,1,0.0
AX3NJP2M2X1R6,0,1,0.0
A1GU21UM30W6OJ,0,1,0.0
A3U8GAX8OEQATQ,0,1,0.0
A38FFIG80GTSJK,0,1,0.0
A3FAQFPIADHY2A,0,1,0.0
A3S5E00AAJC446,0,1,0.0
A3MR2JZ8CRK79A,0,1,0.0
A3NAJLO81N0SEY,0,1,0.0
A9DIYBDBJDOJ,0,1,0.0
APZBU2T2NM7LM,0,1,0.0
A1JE0D3QX11657,0,1,0.0
A3MPHJMEIAWSCR,0,1,0.0
A1GGRAYK80OQDX,0,1,0.0
A1RBISP0AY63M7,0,1,0.0
A1G3E0QC1RV2NV,0,1,0.0
A3MNZKOFEMKRFI,0,1,0.0
AVAJTV1FJMERQ,0,1,0.0
A16MJG4CJQCQ2L,0,1,0.0
A1JIH4793OA717,0,1,0.0
A28XSU9CZZBD6P,0,1,0.0
A2LLHNZOGB9KRP,0,1,0.0
A3NIOYLDUOVK9S,0,1,0.0
A20BFJ0BHFO7X3,0,1,0.0
A2MML4TOL6Q7BG,0,1,0.0
A1F5ME1J70I0W6,0,1,0.0
A2MJXZGMRLW9JV,0,1,0.0
AGC3LVDTAXMS4,0,1,0.0
A1D4ZEE6VLOOXI,0,1,0.0
A3W3EZ9CVA2NFO,0,1,0.0
A1T4ELFXY5V1RW,0,1,0.0
A22CI12LF1W7X4,0,1,0.0
A1KDQLGNHSBYXR,0,1,0.0
AKVXJMLUFOOJV,0,1,0.0
A26RUAH13NKIW0,0,1,0.0
AIE14EPI8YQBV,0,1,0.0
AHD7VJVY32IT7,0,1,0.0
A21E501NYOSITV,0,1,0.0
A2GPBDXR0LJ7EC,0,1,0.0
A20I7NL3WY25H8,0,1,0.0
AEYIBQTRNUBP8,0,1,0.0
A1HCSM9P6F53BD,0,1,0.0
A2NHXRO578LXVC,0,1,0.0
A3BJIYGKM4G2WU,0,1,0.0
A23S4HC5BOWNCD,0,1,0.0
A3427XYL4MFELD,0,1,0.0
A1JVSTD5ER5NSA,0,1,0.0
A74IPZ1MNI6GI,0,1,0.0
APJ30DZNPFU6K,0,1,0.0
A1H21QV0J4ZTEL,0,1,0.0
A1HLEI4QX6QM82,0,1,0.0
ACL11OKQWPXGV,0,1,0.0
A1GYVUF1CCZZ4I,0,1,0.0
A34VSRTIN67M5A,0,1,0.0
A3QK723XT3MJXZ,0,1,0.0
A12D57PPO04TUG,0,1,0.0
A24VYT7Z59KKJ7,0,1,0.0
A2SB8BFB6OHH8H,0,1,0.0
A3HXSHUIDLHS55,0,1,0.0
A3D4SZH6KB722J,0,1,0.0
A1AM81W30PWP9U,0,1,0.0
A3QD42AP50YE7G,0,1,0.0
A1O7IMPEX6AF2J,0,1,0.0
A1H0AJR7O2TVX7,0,1,0.0
A3IKQ1HN8KQJFD,0,1,0.0
AYRYSRXCMCN9H,0,1,0.0
A1QBR2TFSBFLND,0,1,0.0
A2WU7IKAQINJAY,0,1,0.0
A1DAWW9Q25KBQ1,0,1,0.0
AFHM8LWBUDBO2,0,1,0.0
A3Q0XZQB9RA3HP,0,1,0.0
A17Q1SQXKDRIQQ,0,1,0.0
A39EIIHJC8W6CW,0,1,0.0
A1BE3A4RRD8KU,0,1,0.0
ATWPVC644K29Z,0,1,0.0
A10TI8SX6OKJ23,0,1,0.0
A111CVE9JHVQAC,0,1,0.0
A2V85X981A4RQW,0,1,0.0
A30TY4X7L29NVR,0,1,0.0
A3UXM1D3I5A0ZN,0,1,0.0
A1Q610AIYKYS5Y,0,1,0.0
A1NXNMRAVPGTO3,0,1,0.0
A1SF5WD1NQEODW,0,1,0.0
A2FC08T2K3JT2C,0,1,0.0
A2OZ6PW2W5FQTP,0,1,0.0
A24DOIXKN99VRA,0,1,0.0
A1S3GKGRAA8EBH,0,1,0.0
AU06Q31JFTTF1,0,1,0.0
A3R5VT4UW4ZVSE,0,1,0.0
A2TXBQMIFNUWKE,0,1,0.0
A2PWPFX9071IYL,0,1,0.0
A3AWFOTNL6XOOR,0,1,0.0
ASHQ4ZVYKWR7M,0,1,0.0
A312KWJ4J39879,0,1,0.0
A2Y7SQ2Y0XT92M,0,1,0.0
A1NTVX5PKD4LDN,0,1,0.0
A1RFOGZ9GYWJK8,0,1,0.0
A35U50OX5E45VW,0,1,0.0
A5NYUBEKXFLX5,0,1,0.0
A1XRDY5ZIIF2RE,0,1,0.0
A1G75GBMTJAE4W,0,1,0.0
A32461FE1TE4O6,0,1,0.0
A157UIVPN0NYNN,0,1,0.0
A1A9BAB8AO2GK4,0,1,0.0
A1NIXQHXXCW8BJ,0,1,0.0
AE17J3ZHWQBY3,0,1,0.0
A3AEN6JWPGUWFM,0,1,0.0
A247L282PID4PE,0,1,0.0
A3B87PEZW8VD1O,0,1,0.0
A350COGDFIC2NE,0,1,0.0
A165M5I7VOJ663,0,1,0.0
A1DBA5DSNARK9R,0,1,0.0
A3SS10UCJ5DEYB,0,1,0.0
A1LH8UC006YMT8,0,1,0.0
A125LK3ZXED37O,0,1,0.0
A2YPTBUWEAMXIB,0,1,0.0
AZF1OBUBAZRK2,0,1,0.0
A3A6GKV3QMYXS1,0,1,0.0
A1U4ZZDYM5D2NX,0,1,0.0
A3JOTB0BUVZ69W,0,1,0.0
A3AWHO15RK4GGE,0,1,0.0
A1L2469UAZ0ZTI,0,1,0.0
A2FPIBH6WLVBZH,0,1,0.0
A29LN0NLLO0AJT,0,1,0.0
A143LJ4G2OPP7T,0,1,0.0
A1JU170C5YIOB2,0,1,0.0
A5YBNNSWA9LEM,0,1,0.0
AYGSKMMMTZFCA,0,1,0.0
AST2ONK4XYHVV,0,1,0.0
A2628OSPX0Y2XF,0,1,0.0
A1TFS18UUUKO1F,0,1,0.0
A19SQGUKEU3II8,0,1,0.0
A3INFMKPU6ZU3F,0,1,0.0
A30A1GBJJISEHH,0,1,0.0
A2SZ8KBF07ZTTS,0,1,0.0
A22TASV065UOCK,0,1,0.0
A31XF91YCEX4CP,0,1,0.0
A1QA8NCXCJ0CVK,0,1,0.0
A2L8RCOVJ0V03R,0,1,0.0
ABW68OIWFRRGY,0,1,0.0
A1PIQRL986PG8R,0,1,0.0
AI8HOA8K4QU2L,0,1,0.0
A2FRK3ITDOS9N8,0,1,0.0
A1OU6684U2X401,0,1,0.0
A1FRZZNQ2F4OSI,0,1,0.0
AGMU95SWMYVPZ,0,1,0.0
A2F6AMFIC7OR2G,0,1,0.0
A1ZY3PF6UNIO3N,0,1,0.0
A3KQZ9AGTZD3OF,0,1,0.0
A1I3VHOX7VOAK5,0,1,0.0
AFEKIJE6YASCB,0,1,0.0
A3CBTWDZPPVOK5,0,1,0.0
A35U2FNE1HENDF,0,1,0.0
A2SU7HA9UFJN2O,0,1,0.0
A2NDSIYCBTGMCO,0,1,0.0
AMHGIF73NE1WS,0,1,0.0
AXMW38OL8H5Z1,0,1,0.0
ATBO1P0I7TQJ8,0,1,0.0
A3O2MCWGYEFKHR,0,1,0.0
A2ELJT2ETGU2X9,0,1,0.0
A13V1ZWGVTHU6Y,0,1,0.0
A1MUDY0X0ZHI4P,0,1,0.0
A344BMJP6A5KL1,0,1,0.0
A2WPEGMHNDK7UO,0,1,0.0
A3KW4BQHU6FMQ2,0,1,0.0
A16FZ6XSG8YG62,0,1,0.0
A20440334P21CC,0,1,0.0
A276CEI6L2PPRN,0,1,0.0
A2O3JR1B7CGJM2,0,1,0.0
A2GI5M8ZF15IXA,0,1,0.0
AZV06A0QLV15F,0,1,0.0
A2QRF6PGRQPOD2,0,1,0.0
A3CTXFPNJCCUVO,0,1,0.0
A1VV7FL22XBPZR,0,1,0.0
AFQLV1X8EY042,0,1,0.0
A2HTMAYYUNMMQO,0,1,0.0
AA72VFJ3GJOV,0,1,0.0
AHWAWAIAJQFVN,0,1,0.0
A2CNGDV4ATHD6M,0,1,0.0
APEQ5VWNN1QA1,0,1,0.0
A2L0MBN8AE9GE2,0,1,0.0
A1CXTI2NEUK0KI,0,1,0.0
A2K24F0XR5L2K1,0,1,0.0
A3JEWGKJ0X4Z5J,0,1,0.0
ABXSSBGM48SZ8,0,1,0.0
A2L1DWB4ZCFQP9,0,1,0.0
A1616BYDZSJ0O1,0,1,0.0
A3DH3CLMPWPSLH,0,1,0.0
AADCXICH3XZW3,0,1,0.0
A24O06NZGVHZLR,0,1,0.0
A1BVE2ZIBKJ7YI,0,1,0.0
A22W4064FH1VHE,0,1,0.0
A19YA6G6J25YG,0,1,0.0
A1Q046K26Y2YUZ,0,1,0.0
A3JYKP076RBZKX,0,1,0.0
A3K4SK9HWHLJL,0,1,0.0
A5HQFPD9LC8PK,0,1,0.0
A1X5KSUPUR5GFO,0,1,0.0
A1BAMTAYTL6F6Y,0,1,0.0
ARTQX4YFDBI9C,0,1,0.0
A1PD3DMGB9WHVK,0,1,0.0
A3LP1TBTDXECQP,0,1,0.0
A1L8HGP7D6B1KQ,0,1,0.0
A1D3LP8Q8KMGVB,0,1,0.0
A3M1LZWDS19XM9,0,1,0.0
A2B3G7YAO27QOS,0,1,0.0
A2MTK4IKNT1VYR,0,1,0.0
A3CVD09ZSLUHD5,0,1,0.0
A2C50KBBXJ9PS5,0,1,0.0
A89SXAFXQCUSE,0,1,0.0
A3I0BG02LR5SRW,0,1,0.0
A1W862RXQK3GRN,0,1,0.0
A3D0T6EHDQREDJ,0,1,0.0
AWNF2JXWOKBMF,0,1,0.0
A1A6L6E9JC948Q,0,1,0.0
A3JZFZ8BFQWISI,0,1,0.0
A3H15IMJTTZROE,0,1,0.0
A119QJ6TQ922RH,0,1,0.0
A3PGR8QXG6FVXI,0,1,0.0
A1LRJG6XOXBFTO,0,1,0.0
A3AENWF1WBHLKB,0,1,0.0
A2Q3YNSIBA52UX,0,1,0.0
A245R8MJLGJ9GD,0,1,0.0
AEG3OFU1ALMIF,0,1,0.0
A2211XUAO701D7,0,1,0.0
A26869WFGMMZHM,0,1,0.0
A1U4X501Z9SW3X,0,1,0.0
A29UXGM16BBH35,0,1,0.0
A2RXEGCYQQTTYG,0,1,0.0
A2YEKL4SKHI5Y0,0,1,0.0
A1JGAKRHH8MOW6,0,1,0.0
A1SBF4LUPOHJLQ,0,1,0.0
ATLUG77OU14XW,0,1,0.0
A1Z3WG0D5SFTL4,0,1,0.0
A34CFG3JR0IKB8,0,1,0.0
AOIADNJYCHZI3,0,1,0.0
A3HEU19KYGI5YX,0,1,0.0
A1XSS4NJ5FLNHY,0,1,0.0
A3QL4FUUL2DT51,0,1,0.0
A32TPHU48QT21V,0,1,0.0
A3RS3NOBP4X1KV,0,1,0.0
ARU2MQU98AKER,0,1,0.0
A3U2RRXMXBQB73,0,1,0.0
A28QBMCWQPHAMN,0,1,0.0
A20NKO0RJFAQMP,0,1,0.0
A16B67Z2FNDMK1,0,1,0.0
A3KJ8RMIQTQKEG,0,1,0.0
A275P1J30EN6DE,0,1,0.0
A17QK5UZE1ZX8K,0,1,0.0
A2N6MS2FNKU5PS,0,1,0.0
A2309RP4LD1EIE,0,1,0.0
ADPLZ2BRR4ACQ,0,1,0.0
A2J9HHDCS8HP73,0,1,0.0
A55Y5PYGB7CTX,0,1,0.0
A21278EKH9C0NU,0,1,0.0
A22XWKQ0H3PR6A,0,1,0.0
AKIWNQOHKRA9J,0,1,0.0
AKJASO7IH993C,0,1,0.0
A1M86X97J2VKZN,0,1,0.0
A3Q53CV6IV7SIQ,0,1,0.0
A2OPMV7HKB8VK5,0,1,0.0
A2XHLFN893T4QQ,0,1,0.0
A1WR5G0BYZIDFW,0,1,0.0
A25D156Z4KFM33,0,1,0.0
A23HGZT0M8ISIW,0,1,0.0
ARFP7DXIYEF35,0,1,0.0
A1T8KV4XK2LJ,0,1,0.0
A2ODFS4LXRC9W9,0,1,0.0
A2W4VJCOBFJWYV,0,1,0.0
A34BV1IWJ99BRT,0,1,0.0
A2588ZAI2WV7BJ,0,1,0.0
APG7Q8CPCBX69,0,1,0.0
AJZWZ9SPFSGIA,0,1,0.0
ABLE2G1YIJX13,0,1,0.0
A1HACP80YXJRPP,0,1,0.0
AYX2TT34OYN19,0,1,0.0
A1WIUG7FG3VFU5,0,1,0.0
AGWE8Q29BAZ84,0,1,0.0
A1J6U02JOT0NHM,0,1,0.0
A1BB6ZKSC992GR,0,1,0.0
A15YEPP645K2KD,0,1,0.0
AF7REHI1Y5DQD,0,1,0.0
A1UF9CJ1YV6N7R,0,1,0.0
A1P6WIS93SIOPE,0,1,0.0
A3UQ0CZNQAUJ3Z,0,1,0.0
A1U1JUPCXKBVKK,0,1,0.0
A3ASE9NTBCK5TQ,0,1,0.0
A37VRV6T3JL4FL,0,1,0.0
A38CQJJOWSL8A7,0,1,0.0
A1IYDY02MRNGPZ,0,1,0.0
A1K1XPE0WKKOKG,0,1,0.0
A1TNC9YR61KOKB,0,1,0.0
A2HX5KDLIX1Q2I,0,1,0.0
APF7ER67O2KFX,0,1,0.0
A51O4THXIPGSU,0,1,0.0
A380P8LHEL3DZ9,0,1,0.0
AGIQQVLJ58EBL,0,1,0.0
A4QVHCWC1RD7D,0,1,0.0
A1048HOW441Z1L,0,1,0.0
A1PMMMOZ78306S,0,1,0.0
A8ATC5S7R11IT,0,1,0.0
A2OZ18OTQL61EP,0,1,0.0
A3AH30XR3MXSD1,0,1,0.0
A1HH1NZZS1AB31,0,1,0.0
A8E15E5KKAQLJ,0,1,0.0
A2AZUPSFWSBA3,0,1,0.0
A1TVTGV9DY6KE9,0,1,0.0
A24OFSES8EE80G,0,1,0.0
ALF0HXDJGI984,0,1,0.0
A331FRZI9GP1RP,0,1,0.0
A2T6FVCI7U4I5V,0,1,0.0
A1QXUQZP4XTI5X,0,1,0.0
A2ATV5Z6K00RQ0,0,1,0.0
A2BXG6W3BBNJAL,0,1,0.0
A29BD6P61E812X,0,1,0.0
A2ONV0Y12XXI6P,0,1,0.0
A29SZ6ZTP4MH9H,0,1,0.0
A186ZAYP2L4CDZ,0,1,0.0
AW7UC1NW8QTCM,0,1,0.0
A2BTXUU7FROCD8,0,1,0.0
A2UDK0HL00GYBL,0,1,0.0
A14N0K6CXW35AG,0,1,0.0
A1VRVJJV01PRJN,0,1,0.0
A1ZOKQ3KNW00FK,0,1,0.0
A1ZKJJH2U6U866,0,1,0.0
AJGAWZLLHCUQ3,0,1,0.0
AELXYY8U89FBI,0,1,0.0
ARDG1AF0V0AS8,0,1,0.0
AOA1HBE3BS9Q5,0,1,0.0
A3JOGUHYHZV8LD,0,1,0.0
A38KBKJ3364PST,0,1,0.0
A1WIDWGNY79KY9,0,1,0.0
A2SNMMSKX224GR,0,1,0.0
A330HCCXCMIDH4,0,1,0.0
A2E2HGSF06GBO4,0,1,0.0
A3SWVIM7A8UE7D,0,1,0.0
A30RWRLGQLX13T,0,1,0.0
A1MBUQ1B3TKT7M,0,1,0.0
ASNBQ4EH7QIBM,0,1,0.0
A3KXHVYY8SPAOB,0,1,0.0
A362VDK5C5E33X,0,1,0.0
A1M1Y643YA2DNR,0,1,0.0
A10LJTXXDQFTVZ,0,1,0.0
A1ASEZSAJBL10W,0,1,0.0
A10UWGXXFPB3RP,0,1,0.0
AKRPHZ41ASEM8,0,1,0.0
A35K4ABMETJD0L,0,1,0.0
A2OE14KT0PQEXS,0,1,0.0
A027717628HVUA4XE5VL3,0,1,0.0
A3AU772P0RNGDF,0,1,0.0
A1ZJ1AHFMJ9EJB,0,1,0.0
A13VQH68WGWYA9,0,1,0.0
AUD0C37FRGAP5,0,1,0.0
A2KAV56P05K7H1,0,1,0.0
A2YHQ1K8U290GN,0,1,0.0
A1ZPD53DH9LFVF,0,1,0.0
A2RMXOGA18ZOVD,0,1,0.0
ANQ5H0KG2IXNO,0,1,0.0
A13CROC9CRHZR,0,1,0.0
A27MY21JLR2UG8,0,1,0.0
A2YPJM6WS48YAO,0,1,0.0
A3VG5C8YHID0LM,0,1,0.0
AI2C78Y29TP9H,0,1,0.0
A1HG40N9I77PM8,0,1,0.0
A11S4NOJZGS28Q,0,1,0.0
A2QNN81D7PH725,0,1,0.0
A2O489VAPVIH35,0,1,0.0
AN73K3EXEALIS,0,1,0.0
A1EE9J3T1GOVF5,0,1,0.0
A2CMKRNNI0VIYL,0,1,0.0
A2MGDI3REBECTQ,0,1,0.0
ABX8BQ088K1KI,0,1,0.0
ALDKIUG0HY4A,0,1,0.0
ADWUBOHYNBG9O,0,1,0.0
A3LQUHXUA1CYUW,0,1,0.0
A1LBVHI5KPVJI3,0,1,0.0
A201HVME20DUW0,0,1,0.0
A1UYFXKNUIDGBN,0,1,0.0
A119WPCLHDVTUT,0,1,0.0
A1MIAJ23OJZ1GI,0,1,0.0
A1OLHNZJE8WZN8,0,1,0.0
AY8NHFOL0L7A0,0,1,0.0
A3SMPC84SOLLL9,0,1,0.0
A34T45TR4JHAO3,0,1,0.0
A3237FOR4LVBZO,0,1,0.0
A8I094XNJMLP,0,1,0.0
A1HKG0O3ET1F2R,0,1,0.0
A39XJJ6RAVV9X7,0,1,0.0
A1TGX0Y0QN8YPS,0,1,0.0
AOWXKCDLZJNCE,0,1,0.0
A2YXYJ4JJC5BQB,0,1,0.0
A3HRAXFHBPBBCA,0,1,0.0
A1MP83EDXKTT0X,0,1,0.0
A3500Z479KGT73,0,1,0.0
A1ISBX1R932LJA,0,1,0.0
A12FV6RGJDTEJK,0,1,0.0
AAB9AT3LYIDBT,0,1,0.0
A20J67RTBV1XH9,0,1,0.0
AVN5GNW2QXDGI,0,1,0.0
AFUBIHEP3H76O,0,1,0.0
AZJFWALLYUEUB,0,1,0.0
A3RT9VQL58FMSO,0,1,0.0
ACBH45KYJF1V7,0,1,0.0
A1IF3VUAXBTX00,0,1,0.0
A23BNX8D9K27WK,0,1,0.0
A1CGWLO9SWVWBA,0,1,0.0
AV4RA17E5H8ZR,0,1,0.0
A2X3TOL5HAU6OA,0,1,0.0
A157SSOG9HR7PJ,0,1,0.0
ARK6DN3QMEEGQ,0,1,0.0
A39YK3YQGCW7WZ,0,1,0.0
A1U1K0XQ396C2X,0,1,0.0
A18WXDHTOSE24Y,0,1,0.0
A1YT6PQOTNG5J7,0,1,0.0
A125YTPPTOD3XT,0,1,0.0
A16T3UK6PT4U1C,0,1,0.0
A1P4X7FG0PM9AZ,0,1,0.0
A39TTX5S1N8SPJ,0,1,0.0
APJOQ5U9NBEPW,0,1,0.0
A3C0EP2G95BRLT,0,1,0.0
A37O35UDF9Y89U,0,1,0.0
A3SAH3ZIWSXZU2,0,1,0.0
AZ6EE36C8AZU8,0,1,0.0
AVAOR9U1HIIJG,0,1,0.0
AFG12IEZUKI2S,0,1,0.0
A1K2ZD8EEE6FXV,0,1,0.0
A36F231OIEQ6YA,0,1,0.0
A3D0LG5DON0UL9,0,1,0.0
A30Z9EWE8VY95B,0,1,0.0
A19IASZ83L5KEP,0,1,0.0
A2YXPUODEY5LC2,0,1,0.0
A22MF6Y7R55EST,0,1,0.0
AMJ1HZZMXDTFO,0,1,0.0
A2YI80B81SFQ0O,0,1,0.0
A1CHAHCPLSRZOX,0,1,0.0
A1X6MRX3QKUHAR,0,1,0.0
AE74FA4VJ8Q4,0,1,0.0
A1LQD58LXQ8JA7,0,1,0.0
A26BP6S06QQV96,0,1,0.0
A13NK37MCF7Y49,0,1,0.0
A1Z4E3SO0DSSPJ,0,1,0.0
AIB1C4AQUNY0Y,0,1,0.0
A32W5H5BP4F4FV,0,1,0.0
A1BM05OGBAWQBZ,0,1,0.0
A1EC7AU8EA6ME,0,1,0.0
A3A13SJCR45A13,0,1,0.0
A2DZ6ZZBVW857S,0,1,0.0
A2UMCGRN8YOU5Q,0,1,0.0
A1A3N6YJ9NARD7,0,1,0.0
AW9XZSR88W4DZ,0,1,0.0
A3IEEK4JCSF336,0,1,0.0
A1FD20DTT5EFU2,0,1,0.0
A2U3CBFKJA34NA,0,1,0.0
AO1C5VKTWTDD2,0,1,0.0
AVQX6E6ONA6RQ,0,1,0.0
AXIP5MDGVXF0N,0,1,0.0
AE6GO9O8C0C83,0,1,0.0
A33Z9OD619G2IA,0,1,0.0
A3QA0BBQW08DLZ,0,1,0.0
AF5ESP1ZPJVWK,0,1,0.0
A2OKH2CABY8JI2,0,1,0.0
A4UB2G1A52XLV,0,1,0.0
AALU4MBSTCOAL,0,1,0.0
A2GSR9DWLISRQ,0,1,0.0
A1AUX76Q045X4B,0,1,0.0
AY1S6SEF4A9AH,0,1,0.0
ADPDMLUDAMML0,0,1,0.0
A1LYC5O475BSAI,0,1,0.0
A1316A39SBUV38,0,1,0.0
ATPCNB0VHIKK8,0,1,0.0
A2ZM11MEGHZ4ZA,0,1,0.0
AU4ZDB7EVHTNL,0,1,0.0
ASKSYSSAET1PL,0,1,0.0
A1F8EOE81ZSNUI,0,1,0.0
AIYN7QCMDJUL1,0,1,0.0
A8L8R694BPWE,0,1,0.0
A2PB2R5Q1JJQRU,0,1,0.0
A1QAG86HQ12F7R,0,1,0.0
A246H5PT3I8C9,0,1,0.0
A37EBZ96T7C0XO,0,1,0.0
A2VSNXLGNFUNMY,0,1,0.0
AJA7BQTVLRSXH,0,1,0.0
A1XHFX2G8K01ZN,0,1,0.0
A312AADW1ZEZ8H,0,1,0.0
A3SKNNNW3H1J9I,0,1,0.0
A27X0OYTCLDR7E,0,1,0.0
A280TYZIL03MLO,0,1,0.0
A1I5YM7KTGARSV,0,1,0.0
A13XV5E9GO2RTJ,0,1,0.0
A32GLSH2IC98Q3,0,1,0.0
A1ORW6B32NZ3Y5,0,1,0.0
A26R1KR63LP96F,0,1,0.0
A6CAYJIV2Z9B2,0,1,0.0
A3QSSI1RZMP6P8,0,1,0.0
AMFDPQX94YR0T,0,1,0.0
A10BOZ1ZHLXBBG,0,1,0.0
A2S488ENSE2HRP,0,1,0.0
A2IUKR58R88PG8,0,1,0.0
A24VVE3E7D4GVQ,0,1,0.0
AW1D0F3JC13LW,0,1,0.0
A3AR0HV4FZKXRY,0,1,0.0
A2E47255AKQCEH,0,1,0.0
A2DF3HMOROM045,0,1,0.0
A3GQZO7IS2FDGG,0,1,0.0
A2ZM5YCX8XFZZ4,0,1,0.0
AT2E568HG58Q8,0,1,0.0
AUSZ8TID884WF,0,1,0.0
A19YURQJ1XIYT8,0,1,0.0
A3QSCN94V60VR7,0,1,0.0
A3HQP9BYC4I9CL,0,1,0.0
A1GDOJW44Z88PL,0,1,0.0
A2M90PULG6JFYJ,0,1,0.0
A3BCO4WO19HJKP,0,1,0.0
A2CKNUPARHT6UU,0,1,0.0
A3LY2VQ6K0TL61,0,1,0.0
AUTUYKL8525WP,0,1,0.0
A2D0BLIQ7K76HG,0,1,0.0
A16PC6OQEZ97D3,0,1,0.0
A2RUV29J253TMV,0,1,0.0
ABTUNH7645QJL,0,1,0.0
A2L3WXY4GTSJXE,0,1,0.0
A3B0DCIAW8CXR7,0,1,0.0
A23HT240AXFQ49,0,1,0.0
A3C14A8Z4835PY,0,1,0.0
AG051YWDHHR13,0,1,0.0
A3GQ97I3V3LB7I,0,1,0.0
A28FDO05T15ZZQ,0,1,0.0
A25OTB3XW1RXI3,0,1,0.0
A1FJ5KR8PK0QF1,0,1,0.0
A300O9HLPSZNVS,0,1,0.0
A2OW9MNF06N6UK,0,1,0.0
A38OJOEHJH28N9,0,1,0.0
AZBPNMUMFVFCR,0,1,0.0
A3TR5ZSEXQWQHG,0,1,0.0
AKB50QCV7IM7J,0,1,0.0
AWQ0M7AJW1KKF,0,1,0.0
AEX8HIT291CQU,0,1,0.0
A2YR272YWI5USX,0,1,0.0
A1ZI64V6OBQ47F,0,1,0.0
A3A9VAKP7R9YMS,0,1,0.0
AWCCLPOB2FO1P,0,1,0.0
AIV9PF4EOONB3,0,1,0.0
A33YCAC4BGQDY4,0,1,0.0
A20ATOSX0VKXAG,0,1,0.0
A51GV4F3AHVUF,0,1,0.0
A1PHP9P1HJG6O7,0,1,0.0
A3HJL3TXRC472T,0,1,0.0
A1PL52Z3VDUSHI,0,1,0.0
A1WT1D1IN9594H,0,1,0.0
A3KOASATK1KTI,0,1,0.0
A2QB1MCE726PYX,0,1,0.0
A3CJGOATIQ948P,0,1,0.0
AMG67CSC5IJWN,0,1,0.0
A3TAY117P2YQA2,0,1,0.0
A2VZNEM0V65R10,0,1,0.0
A2KFGRNZSPB55U,0,1,0.0
A1I65WGSZJFEDT,0,1,0.0
A22AD8M2SSOFHJ,0,1,0.0
A34GFZ0XBOZPZ8,0,1,0.0
A2MHSUJNKRI1AL,0,1,0.0
A1C0F1O0OW4JJY,0,1,0.0
A32QVJFV7K9MBF,0,1,0.0
AWU0ODS3EY1LX,0,1,0.0
A28UH0ED1NMA5L,0,1,0.0
A2A08IJAH5WIKQ,0,1,0.0
A387R9JE3JTY8T,0,1,0.0
ASYGCF8ALSKB8,0,1,0.0
A1OL15ONT14AU9,0,1,0.0
A1IR9ELYHCIHD8,0,1,0.0
A1EF35ICOB7TTY,0,1,0.0
A20X177OI2P78F,0,1,0.0
A1X3GSQ1ZM4UEQ,0,1,0.0
A3S5DNGZLH87XO,0,1,0.0
A2U019BJGLQWSI,0,1,0.0
A23KMD1VYV8LN0,0,1,0.0
A1EUMB2G6DNQGW,0,1,0.0
A20Q1PXCTPLHIP,0,1,0.0
A158Y9463OB29M,0,1,0.0
A2GWG2MUMFU4P7,0,1,0.0
A8S3630MGQOND,0,1,0.0
AQ69WQY9ADEX1,0,1,0.0
A3B80QB9L9XIKF,0,1,0.0
A21WT3WTVAQSYG,0,1,0.0
AQKCUA4HXLZFM,0,1,0.0
A30UPB9E4W92MW,0,1,0.0
A3N4IZIY5Q1RNO,0,1,0.0
A3KKMR2NISUND4,0,1,0.0
A2VG6CVUGSQ81D,0,1,0.0
AF00SVHXXZ5C2,0,1,0.0
A2QJ0UUPY2GBRT,0,1,0.0
A143H5DG75E3I9,0,1,0.0
A1GJ35HP82C0P,0,1,0.0
A34H36KQ3COLGH,0,1,0.0
A1IP4PH5QMQLLY,0,1,0.0
A37X2RTRBIINLQ,0,1,0.0
A1FKJV7U7IXE1L,0,1,0.0
A213MWBSXZTCFJ,0,1,0.0
A71C9EY9JFVNW,0,1,0.0
A3W2B4QKKVG8ZS,0,1,0.0
A3MBFWZCPDKPC4,0,1,0.0
AQI4DWRDKQYP8,0,1,0.0
AGU7N9HSQQ57C,0,1,0.0
A2FZOYLZG6DD7P,0,1,0.0
A3LOTS9QPVBVQA,0,1,0.0
A2RQP1BQ3LP0R4,0,1,0.0
A2KNZ7MRTIOIDK,0,1,0.0
A3C0EQO9OFSSLT,0,1,0.0
A2CSE0O1AJWUU5,0,1,0.0
A38XASLU6I50VZ,0,1,0.0
A34WFQ6ZZ5PP83,0,1,0.0
A2LSEVE6WU83MJ,0,1,0.0
A3UQEEFTW73F22,0,1,0.0
ACGM3FWR8985F,0,1,0.0
A2YQNNNQCZ808D,0,1,0.0
A2WKAMTWACF7NU,0,1,0.0
A2OLKDXUBEB3KT,0,1,0.0
A18O2IQ58TLSFY,0,1,0.0
A2M60QNZYP1IKL,0,1,0.0
A3CMWSWT18EWP7,0,1,0.0
AGPOXH2TDCUHG,0,1,0.0
AOV6N4S7RAO3G,0,1,0.0
A2DNY7AKEZDAB8,0,1,0.0
AM8CCN7XZF1HF,0,1,0.0
AHVLDNLA5IRQ1,0,1,0.0
ASTWTE1T2G97I,0,1,0.0
A2EQ0ENXTRF24D,0,1,0.0
ABRCBGS5DP0GE,0,1,0.0
A2R863PT6DVK1I,0,1,0.0
A2F3L43I26LFE0,0,1,0.0
A20B6KKD1PBFX8,0,1,0.0
A3M3DVNZFJ5BAU,0,1,0.0
A2M1R62VDEI7QY,0,1,0.0
AUXM0JXUPIJ4I,0,1,0.0
A2EO0UWN2RGY1W,0,1,0.0
A2SD5AIM5NU2LN,0,1,0.0
A4KOQMKRM3DU4,0,1,0.0
A3U4B12A1IQWIO,0,1,0.0
A2JWC1I0MAPIU6,0,1,0.0
AM98RSFMKAV9U,0,1,0.0
AXISEPTJE884B,0,1,0.0
A33WE1Z6QPUM0Z,0,1,0.0
A2PH1LLQ3EAP3E,0,1,0.0
A312ZYCZXPIZFT,0,1,0.0
A2R7YRSL3EE7ML,0,1,0.0
A2OFEPUS66UDAO,0,1,0.0
A1XXYXZSOHO73B,0,1,0.0
AT7NFKYW1DG5X,0,1,0.0
A2ARF1D0NPVPI2,0,1,0.0
AOAGX6XYHLS6C,0,1,0.0
A1BOSVVNXI2L75,0,1,0.0
AMXOES34C90K0,0,1,0.0
A2KNBUJO7EVNH3,0,1,0.0
A27RDCFAIPHKI1,0,1,0.0
ACGTYE5R2EXVF,0,1,0.0
A1J1KO98HQ80YW,0,1,0.0
A1EIDFUDCWT20D,0,1,0.0
A3GUVZ4QJEM247,0,1,0.0
ALMPIA33W9YXJ,0,1,0.0
A2W26CPV6BTAXI,0,1,0.0
AUVC2ANKZKVI7,0,1,0.0
A3O8S6NG2UHIJM,0,1,0.0
A120VDCYC6HMO7,0,1,0.0
A340AUQWQ33Y69,0,1,0.0
A18SGFP8689G2W,0,1,0.0
A3KU1YPYP28N7Y,0,1,0.0
AV1RZXX36JE1I,0,1,0.0
AFPQPO5INP7C3,0,1,0.0
AOF9I5DN25AHX,0,1,0.0
A22PZ4G1YT2Q6F,0,1,0.0
A2EINLDKD977BR,0,1,0.0
A2LAZXHJITEC4W,0,1,0.0
A2Y8XRPFCJERHX,0,1,0.0
ADDSLR3U3UJD9,0,1,0.0
AM9HZUQETO9R9,0,1,0.0
A3SDW6TI2CBCT3,0,1,0.0
A2ZWT8VQXLOFLL,0,1,0.0
A1IUJLN94QVB76,0,1,0.0
A2JFZ640M6BBMW,0,1,0.0
A2WS0U0603Z04P,0,1,0.0
A1SCYD9N2ZBXJ8,0,1,0.0
A127TSFHYRZU9M,0,1,0.0
ACQGF9PXBB35M,0,1,0.0
A1OURU73W5FFK0,0,1,0.0
A2A942D1AG87PT,0,1,0.0
A19O4RWULCJ62M,0,1,0.0
A3RTQUBL19STRE,0,1,0.0
A22GY8IOSBB9BG,0,1,0.0
A1E8AMV0XNJFRN,0,1,0.0
AHW7XVP6Y9ZG,0,1,0.0
A1H723PRNJ2M0O,0,1,0.0
A1BRRAXCBEJHHQ,0,1,0.0
AHAE60LDLIEU4,0,1,0.0
A3RAYL7IX9HMS6,0,1,0.0
A3JG7F04KBUH1O,0,1,0.0
A3V9WR7O9GCQDC,0,1,0.0
A33E5TPTGCSV9N,0,1,0.0
A3F5A7WFK4QSAX,0,1,0.0
A1YSGEMPU2UPP4,0,1,0.0
A47CI1YQRFEVN,0,1,0.0
A24CROYMXBZUIW,0,1,0.0
A19JA9J3BFBKNO,0,1,0.0
A1OBS7GDT8D4C,0,1,0.0
A2W2Z5ZL8A49PH,0,1,0.0
A17R2CTKPKJUXA,0,1,0.0
A2FZ9AQG6ZENRG,0,1,0.0
AML0A32NHXJJG,0,1,0.0
A3DIKPCW3H8RET,0,1,0.0
A16CMQUS2NUA9J,0,1,0.0
A1TKU9M7CMAG3C,0,1,0.0
A1GXB1MNWP2VT9,0,1,0.0
A5GTSRKAQOFJ0,0,1,0.0
A1BA2J43GAZGZM,0,1,0.0
A2SC0ULPLIUT9S,0,1,0.0
A32ZQM50BX6OIW,0,1,0.0
A1SLICKSVFIU4M,0,1,0.0
A17OOVKR08H7FR,0,1,0.0
A22BLW21R13WVI,0,1,0.0
A1YUYTMLT23CUB,0,1,0.0
A191CSYUO99KB7,0,1,0.0
A2P6P7CG18HH95,0,1,0.0
A2EMLEYYYN17SD,0,1,0.0
A3R3ZVSITXMVB,0,1,0.0
A1C2QW9Q2AEEGM,0,1,0.0
A98WI1QPC5BAY,0,1,0.0
A12CWWEKXZSBAW,0,1,0.0
AI2WD20YMB1TS,0,1,0.0
A354U7O8WQQHSN,0,1,0.0
A1YXQG9YW1HKYW,0,1,0.0
A3KJQ5BA7AVOCN,0,1,0.0
A2700AZT2NLBQS,0,1,0.0
A9WZ9C8L65XOA,0,1,0.0
ARFI5Y23Z9RSA,0,1,0.0
A15J253JLRZK3O,0,1,0.0
AQRWJ5X3JIUJC,0,1,0.0
A3OQYC0HNQGLYW,0,1,0.0
A2EFGPAT884USG,0,1,0.0
A3P2WGUW82Q6EC,0,1,0.0
A1TFMPA6378YY0,0,1,0.0
A1QUJ665DPVVW5,0,1,0.0
A2M3C1SRCBA7F2,0,1,0.0
A2FGIRK43VWN8V,0,1,0.0
A23VP6C780FS4X,0,1,0.0
A136GYNC7N6VJI,0,1,0.0
A2BKYX16TSC3V5,0,1,0.0
A3RDQS449HC370,0,1,0.0
A35EXX8NRARZNY,0,1,0.0
AE47VC8XN6342,0,1,0.0
A4OQ4ZU7JJLH0,0,1,0.0
A3ULGJ13NXUS1E,0,1,0.0
A17U77D5PE0ICC,0,1,0.0
A1C1Y7FKMJ16QZ,0,1,0.0
A2GY2P8B9LGLT0,0,1,0.0
A2F2U4O1U6MN9J,0,1,0.0
AWGV88ZDE5X3I,0,1,0.0
A3A0VWP9PGZFFO,0,1,0.0
A37N8GOFS7QRD1,0,1,0.0
A2UJXKYCGZWZ3U,0,1,0.0
A1PGUHJ9ZN499P,0,1,0.0
ABVWKW1VUECLJ,0,1,0.0
A3MBTTDPBX43VV,0,1,0.0
A9AE8WIC34BFJ,0,1,0.0
A2J7SSMDPM2G3C,0,1,0.0
A3C1AAFBILRFT4,0,1,0.0
A3CB4RLQTT2VV4,0,1,0.0
A2M488GEE8M0N,0,1,0.0
A3EB3MYMFLEGTT,0,1,0.0
A3CKOQ37K4LBT7,0,1,0.0
A3MNQJQSE4K1Q8,0,1,0.0
A1FV2OSQKPXAM3,0,1,0.0
A35N8RNEDMKBC3,0,1,0.0
A25G8JIUDN4GF2,0,1,0.0
A1HN0FA8Y9L2NY,0,1,0.0
A2E1KRH6AIXVH,0,1,0.0
A1KSXTIIE53KNS,0,1,0.0
AMZYKZ1Y2M467,0,1,0.0
AP5448DCATXSJ,0,1,0.0
A19AOPAJWE74PS,0,1,0.0
A2FNFORPTJLGFI,0,1,0.0
AELG460KTFJNA,0,1,0.0
A3A7RE595KQZYZ,0,1,0.0
A30M6GW99Q00VM,0,1,0.0
A5ZT2R76N28PZ,0,1,0.0
A3D00UUFE1KNQ5,0,1,0.0
ANJALC6WRXG4S,0,1,0.0
A2U5K5WNTJWQF2,0,1,0.0
A2XBLFO7ZO70VO,0,1,0.0
A26TY1E5AJ301J,0,1,0.0
AE9F14HQR1YS1,0,1,0.0
A222I1H7BWZOWO,0,1,0.0
AJAWJEOLFTU5L,0,1,0.0
A3ICH3NHPG7W9F,0,1,0.0
A36NOPIR1IQ0Z1,0,1,0.0
A3SFNV4NNRSUS4,0,1,0.0
A15J9VEAZGFYOD,0,1,0.0
A368F4GUTOUZLE,0,1,0.0
A3SQBB48X66XXD,0,1,0.0
ASDLA40CWIV19,0,1,0.0
A1HJSUPMQO716,0,1,0.0
AT3PBSXNDECQJ,0,1,0.0
AE3R42KJ3IWLS,0,1,0.0
A2SC10UKHUEIS8,0,1,0.0
A36EQWR20L3J97,0,1,0.0
A1T7LLSBAHAMUJ,0,1,0.0
A2MPC4TPFPEB0Z,0,1,0.0
AB3NP00D9CJF1,0,1,0.0
A21IWRFU3QSTQ6,0,1,0.0
A2JJO0DNB4QV0O,0,1,0.0
A2Z0PH91IV8WE,0,1,0.0
A38EAEOIEWZS0F,0,1,0.0
A3STLGY53AYP6B,0,1,0.0
A3QLCKK2SOZTXZ,0,1,0.0
A14ZIWJ40SAIN9,0,1,0.0
A2KL733AJ4Z5YM,0,1,0.0
A1YJDIN8Q4GZ6O,0,1,0.0
A1018D502E27E6,0,1,0.0
A2APS8XYSD9V2E,0,1,0.0
A1EAPQ18XBQFSY,0,1,0.0
ADTUXCFI51M0D,0,1,0.0
AEBAUPOM4TF9S,0,1,0.0
A2VF6TEWSJZ1WG,0,1,0.0
AV034E9ER1DTE,0,1,0.0
A1GIBJ2FWB34A5,0,1,0.0
A2C2WVPRY4H9XY,0,1,0.0
A3LBVRW7KNMC4V,0,1,0.0
A35OZBE1LPKDAP,0,1,0.0
A3MAMHEH3YFW30,0,1,0.0
A19SK8A79L0R1J,0,1,0.0
A3HDZO6UOFNK3B,0,1,0.0
A9JYA18JY89VC,0,1,0.0
AKKUP5GZMQB1S,0,1,0.0
A3PK3C1J8P23PO,0,1,0.0
A35OLTAXX6JR61,0,1,0.0
A1PQ9S12V2WLLO,0,1,0.0
ATWT58UMWTFGM,0,1,0.0
A1193GYDEZ59X1,0,1,0.0
A2MHW2078XBNLD,0,1,0.0
A1TNNI3JHTTGOT,0,1,0.0
A29JFTRR03XE8P,0,1,0.0
ACP5CQC6JVPPS,0,1,0.0
A3LULJF2MQSAAQ,0,1,0.0
A2JUXF9YXZZX2K,0,1,0.0
A370TRGMLS8C3U,0,1,0.0
A1TCSUZUB3HTVQ,0,1,0.0
AG2U1NI7EZ5V,0,1,0.0
A3BD73KWYQBV9P,0,1,0.0
A3692YRGPJ0M8J,0,1,0.0
A2KJW3P987G4XS,0,1,0.0
A31QFTRBRCF293,0,1,0.0
A3FF8R08LI61J2,0,1,0.0
A2EPM7073A014T,0,1,0.0
A3FG0FTDQ1557I,0,1,0.0
A31TUX8NSV3LGE,0,1,0.0
A3653I99U1PFUF,0,1,0.0
A2E8WJ6LO7O4ZM,0,1,0.0
A11DJSEC2Q423B,0,1,0.0
A2W29JPY9UBVZ5,0,1,0.0
A23ZQLUZYIZ651,0,1,0.0
A1K4PYN0I1VWX8,0,1,0.0
A2959OYCZX0D4Y,0,1,0.0
A3MAWKBNY7SD2C,0,1,0.0
A3QW8EI3B9D4I4,0,1,0.0
AHELID40G3KS,0,1,0.0
A6AJPZK7QIOUF,0,1,0.0
A2PTMZFEYNLO2E,0,1,0.0
A2JW65G41QDO8X,0,1,0.0
A3SJOO3QCY4R67,0,1,0.0
A2NRY1J2AZ38QV,0,1,0.0
A3NRZITQMFWFGC,0,1,0.0
A20XOKI1KEUFXO,0,1,0.0
A1MC2E7B19FTK3,0,1,0.0
A3JZ217FAPBVAR,0,1,0.0
A14P4Q15IN6DDA,0,1,0.0
A1DENOBT4BW6LW,0,1,0.0
A2BLIVYF03O1DF,0,1,0.0
A2U2MG0JUPIE5V,0,1,0.0
A1LQAJ0H4T7P38,0,1,0.0
A2T266WTXRX4V8,0,1,0.0
A6L4TRWZU8XHF,0,1,0.0
A3HP5DC0RR17DF,0,1,0.0
AKBOZ61TYE5X,0,1,0.0
A2RDMVJI8LL2BY,0,1,0.0
A2JNOJ7FMXNY3A,0,1,0.0
A3EHHW1OBQG11A,0,1,0.0
A1LAPL7E5VGR4Y,0,1,0.0
A2I7955ZFHEGUB,0,1,0.0
A2NSHRP9SA0S8,0,1,0.0
A2QEQIWO5JXHAA,0,1,0.0
A1CKWE4BW40LLG,0,1,0.0
A3ME6T538ERZ8X,0,1,0.0
A2G90W3HOO1V91,0,1,0.0
A2Q56KBVCS8WD8,0,1,0.0
A2H158QYO4FLPS,0,1,0.0
A9IDBNSHX7UEX,0,1,0.0
AKVHD27CVTEOJ,0,1,0.0
A2QUO0EI7UQLGY,0,1,0.0
A2M2W5SD96G518,0,1,0.0
A1PA752YSSIXFS,0,1,0.0
A33Q9OYFBP0RF4,0,1,0.0
A31RGXJLHDTW3S,0,1,0.0
A2H5VO74HPUR7S,0,1,0.0
AFCLR2ITPE5AZ,0,1,0.0
AXJ529STIZPYJ,0,1,0.0
AD8UOWO6YKG0Y,0,1,0.0
A3FHTGEFBYZWCY,0,1,0.0
A37OKIYEP0FB5F,0,1,0.0
A2M02TL1Q0DP5N,0,1,0.0
A28CAQRAIZ1UWU,0,1,0.0
A23NVQ8VHT0LRT,0,1,0.0
A20F1M03L6UNV0,0,1,0.0
A7IH7JB75UML2,0,1,0.0
AJI5OQYWJVJ0L,0,1,0.0
AD2XR1U9LMTOH,0,1,0.0
A2TRLGHT2BX98,0,1,0.0
A2QYZ0G4OXPB6W,0,1,0.0
A1NNQCYZZ1XJN3,0,1,0.0
A3POAF988GPYCQ,0,1,0.0
A1QQVV5VG0FG4W,0,1,0.0
A1PTQ2YYA5FRCV,0,1,0.0
A3V4DQ1L3W6P8Q,0,1,0.0
AH2J8GCUT37KD,0,1,0.0
A32DAI53JLA77L,0,1,0.0
A2ILR40FV03Q98,0,1,0.0
A1JQ7K37IVD50C,0,1,0.0
ACOT1FCV9ZFX6,0,1,0.0
AZ4AUVT0AV8AF,0,1,0.0
A2J4GTZ0EE4W6G,0,1,0.0
A2O8YEXGPQVX69,0,1,0.0
A248ACDH3MVZ58,0,1,0.0
AKDVPBUOZGM6Z,0,1,0.0
A28M7U4RXBB0X6,0,1,0.0
A3RJ0LX5R4CJRY,0,1,0.0
A2HQDKTIQW3L1F,0,1,0.0
AWAJMNILLVEID,0,1,0.0
AXLMQU5ZL4P38,0,1,0.0
A2CDVJ11UOJO6,0,1,0.0
A20UT7V7EO97QZ,0,1,0.0
A133UN16DP7AZL,0,1,0.0
A30228FLDRL7S8,0,1,0.0
A2A7THBRZ2OXWW,0,1,0.0
A2FZU1BA13HLN0,0,1,0.0
A3OL48K0OQ7DH1,0,1,0.0
A8601B4HXM34W,0,1,0.0
A8M0HF1XBZLH7,0,1,0.0
AHOTYSSIOS4TS,0,1,0.0
A3HGKLYTBE4QX0,0,1,0.0
A2LZDPPCDRUBG6,0,1,0.0
AT32E5NNEV9HO,0,1,0.0
A1K5HT39YKZAHH,0,1,0.0
A3VCOPG1MJSL6X,0,1,0.0
A2BYPQKJWFA05,0,1,0.0
A1FEH2MY7D2UHX,0,1,0.0
A21952ZBLDCGW8,0,1,0.0
AN5FR9XOS0ORP,0,1,0.0
A2ZW7489DI8K63,0,1,0.0
A1JIW4I9BC5Z0Y,0,1,0.0
A2HHRE5H2U56ZH,0,1,0.0
AZT5LAAL450FN,0,1,0.0
AR70GLFIA9IYV,0,1,0.0
A3GPLGYP1MLWYS,0,1,0.0
AGH9FOHXRAQ5E,0,1,0.0
A7S8GTJRTHCXE,0,1,0.0
A2C4FZCY8A6W6M,0,1,0.0
AYZEIUTNQC1BO,0,1,0.0
A343AJVLMNSFPD,0,1,0.0
A2CSABERN3W32Q,0,1,0.0
A343DRIS9U4LR0,0,1,0.0
A1LKL5ZFGEHRWG,0,1,0.0
A398UFN74E60OW,0,1,0.0
APAEBFIM1588A,0,1,0.0
A2H0734J35EB5Q,0,1,0.0
ADJC7UVU5C4NT,0,1,0.0
A3FW3KF40W5N6R,0,1,0.0
A246ZHTG1SJ9MJ,0,1,0.0
A2IHDSWGOJBZ2Q,0,1,0.0
A1PRTTD5XS2G4D,0,1,0.0
A36Z5BR07LYDKG,0,1,0.0
A181OOSC0988MC,0,1,0.0
A2OBCFTB0GBKJY,0,1,0.0
ARAKTT5M3DDYA,0,1,0.0
AIWIVN4UAFCA4,0,1,0.0
A35QO8V2C4AZDK,0,1,0.0
A29HZ1L1MSRWAL,0,1,0.0
A34KOJ0D6D5L6I,0,1,0.0
A2Q7MXBQS12PSX,0,1,0.0
AEWD45LTOTWDA,0,1,0.0
A3B6ITFACJZ5KK,0,1,0.0
A2VSD9D09W2W9B,0,1,0.0
A2A5LAV5TOL679,0,1,0.0
A2URMGQQRLPQYS,0,1,0.0
A3OC1XBXM9XQKW,0,1,0.0
A9XWNKSBAWCDE,0,1,0.0
AGUQZUI2AR6XW,0,1,0.0
A1UJRRKIR21R0M,0,1,0.0
AZZBB05CJFP35,0,1,0.0
A22Z1KC7QDS8IS,0,1,0.0
A3PUWIKP32K41A,0,1,0.0
A15KEPPOHK334E,0,1,0.0
AZ9UU7D78CGEZ,0,1,0.0
A2FG2Q6I7855KZ,0,1,0.0
A321W5W5IJ9R6N,0,1,0.0
A1RP3MWWTFQJB9,0,1,0.0
A1D5R07XQ8ZQSB,0,1,0.0
AYRZHAOXLMS66,0,1,0.0
A1R8TL0ECQA6VL,0,1,0.0
A1CD689SA2AIDC,0,1,0.0
ACW1Q5ZX1A31W,0,1,0.0
A2QHECRZAUHXM0,0,1,0.0
A2Y567F4VE6MYB,0,1,0.0
AOIARHI764ML4,0,1,0.0
ACQ49QJVQHR2X,0,1,0.0
A1UZSV8B2ODOUI,0,1,0.0
A31OTIE1FCYEU,0,1,0.0
A36TS4LH4Z6N32,0,1,0.0
A1UR9BHZNFSCB9,0,1,0.0
AVNOFAZO1QLJD,0,1,0.0
A1XMF2RYBYASXJ,0,1,0.0
A3OCL8JJFD4X1A,0,1,0.0
A3V7PWRZJP9DRN,0,1,0.0
AXCWZ8HUF332W,0,1,0.0
A2SXFMVWDYXBHC,0,1,0.0
A13R0MVWXP08NL,0,1,0.0
A3T8NXP95KWTMP,0,1,0.0
A1G9W0RZZ57ZU,0,1,0.0
ADX2Y1FI2JUYM,0,1,0.0
A6WG83SQPP7Y4,0,1,0.0
AWYE428W5MRQN,0,1,0.0
A3JVSNEJXVUBEC,0,1,0.0
A2GI8QZUW2VJ4F,0,1,0.0
A1OJ3J9VPOBMGZ,0,1,0.0
A3EKT50Y361K32,0,1,0.0
A2MMR62ULDWMII,0,1,0.0
A20JZNTSM5I65M,0,1,0.0
A2J3HAHYXJ9ACB,0,1,0.0
A3UPCZTJ5DBSKO,0,1,0.0
A1SKD6IDL1VZQI,0,1,0.0
A27VMZ66FLANK3,0,1,0.0
A1J1MTCRIMX37I,0,1,0.0
A3C8DRO2ZFI7KC,0,1,0.0
A1HGBZNK6ARBZW,0,1,0.0
A24OIOYN9VY9W8,0,1,0.0
AQBBCMSM0RTXL,0,1,0.0
A3DLX9Y127ZDZU,0,1,0.0
ADXK3LKHL8ZSV,0,1,0.0
A3JVMJ28T65VJ0,0,1,0.0
A1T3M4IGWY9ZV9,0,1,0.0
A3THQTGE68U7DJ,0,1,0.0
AZTT2LJ6BCXLN,0,1,0.0
A3SV5AOLDP8HW3,0,1,0.0
A3JRJYI36TKMA8,0,1,0.0
A2OAJ9XK6U3U5Z,0,1,0.0
A22Z1Z8F5GA40S,0,1,0.0
A3HMP6XEGFD7S7,0,1,0.0
A2E1TI3CZUC4PU,0,1,0.0
A2GS6CYJ1COCLF,0,1,0.0
A2QZ5DZDHJSRWR,0,1,0.0
A1LQMVP6Z6C9RV,0,1,0.0
A2QA2D6DK8MJGT,0,1,0.0
A36F8E6RDKOVXA,0,1,0.0
A3SGITD7AM2KZ1,0,1,0.0
A1MC0F23A4IUOE,0,1,0.0
AP58IJNZ3YTVX,0,1,0.0
A1R9I5AXTFRPR8,0,1,0.0
A3OG220BB9S5F0,0,1,0.0
ALQVFEKRWU4TL,0,1,0.0
A2NMOEGCL5J2MR,0,1,0.0
A3QQOKTQAZWN6U,0,1,0.0
A21PLFQW23PA9K,0,1,0.0
AF4QSN0KVJWY9,0,1,0.0
A347S2EMXPKHXA,0,1,0.0
A2A4Z8KEO7R0DR,0,1,0.0
A21BH7S2PA73XL,0,1,0.0
A3GMU0VTI9IPEP,0,1,0.0
A5DJONXRNID33,0,1,0.0
A2PTLFFHT4ZESI,0,1,0.0
AZ2J2NVFUW6OG,0,1,0.0
A2EBE4155038HG,0,1,0.0
A25TVH9W5A6IHP,0,1,0.0
A1ENTJE6GHR4XX,0,1,0.0
A11C7WV61TRCSJ,0,1,0.0
A25TZRJ5MEZGR6,0,1,0.0
A3R7DYXM8HP4OW,0,1,0.0
A1TX69VUR02QDG,0,1,0.0
A2HSJDSJC57MH7,0,1,0.0
A9ESYY3ZM4N8P,0,1,0.0
A3BKYY14V7DPLH,0,1,0.0
A2XMR9ORMNKKM6,0,1,0.0
AP6CSXSJNZG15,0,1,0.0
A11HWSN9XT3229,0,1,0.0
A32VHSD0V87NOU,0,1,0.0
A2TTP36DJ41PQP,0,1,0.0
A1BMJ9E7WDFVVP,0,1,0.0
A3QIIRJ72EC0V9,0,1,0.0
A1D97U0US5G7MA,0,1,0.0
A2DCQA2EYOYZZ3,0,1,0.0
A2JTXO5JBIEXRW,0,1,0.0
A60QQU4N5MJ2S,0,1,0.0
A7C3DMXKL78HR,0,1,0.0
ADY6USUU26QTZ,0,1,0.0
AW988J3XN3PPF,0,1,0.0
AUJ7BG2QB7VPJ,0,1,0.0
A250L1EQ1NU2A0,0,1,0.0
A1J2I70BE076OP,0,1,0.0
AW9FZJ63RBYK0,0,1,0.0
A2B8OUWIMS9I50,0,1,0.0
AXTFOQ18157JT,0,1,0.0
A3M5EOPA4ME913,0,1,0.0
A2ZDMIP49N36UJ,0,1,0.0
A1L0GP3TFKYV0,0,1,0.0
A16BHCJ0MX8SVU,0,1,0.0
A2T32DLU8KJJ3L,0,1,0.0
A67EXHR7TTEX,0,1,0.0
A3QCXIDIO5DF00,0,1,0.0
A26BNHNAAE3871,0,1,0.0
A2IZ07IC2P4KT9,0,1,0.0
ACJKBT89CTT20,0,1,0.0
AHZHWRR0ZHB3X,0,1,0.0
AB3MCV2X60JW,0,1,0.0
A2YL701K4ILF0O,0,1,0.0
A3W10PUF6P8IMV,0,1,0.0
A1XZK3YAH9D735,0,1,0.0
A2VO1XDMSA0UVZ,0,1,0.0
A207JUN4UE12N2,0,1,0.0
A3A87YT15TD4KH,0,1,0.0
A29QQSD7TCAZWQ,0,1,0.0
A3HT8Z717DVTNZ,0,1,0.0
A1EPU8C6XZRPRN,0,1,0.0
A2QT6I1I0S25GY,0,1,0.0
A2KC83QL3ZENN6,0,1,0.0
A12KWE1MN0I9A6,0,1,0.0
AS9QG7SIVR793,0,1,0.0
A16LGTTUBTLJFO,0,1,0.0
AKUOQRDLG9NXV,0,1,0.0
A2A7VL52BWHZHW,0,1,0.0
AGS9MKJO7DLGZ,0,1,0.0
A15EW3G10SZ1VE,0,1,0.0
A3PF319KRS0HMY,0,1,0.0
A2CC2CRU24E44X,0,1,0.0
AP6H4EYBPVS46,0,1,0.0
A1FQ4UQYG1W8FM,0,1,0.0
A1P6VTB5OYEKAG,0,1,0.0
A2473TCUOR027P,0,1,0.0
A242RWEPINNGX1,0,1,0.0
A3FE88OSGEVLNM,0,1,0.0
A38GAD521LDIK3,0,1,0.0
A3GX3CEXT0B5U1,0,1,0.0
AE4PE48Q2794I,0,1,0.0
A30WDIW9B3XQY1,0,1,0.0
A2400T7KYQ7VUX,0,1,0.0
A1GATR3OY09Z2A,0,1,0.0
A363G0MV1P1AHC,0,1,0.0
A7H879OKN6WB3,0,1,0.0
A1S75KMO4C4G5H,0,1,0.0
A1PTQV6KLHGH4D,0,1,0.0
A918FR9LOWPH5,0,1,0.0
A9CJG1AOHUOP9,0,1,0.0
A3F74TEV4ASM24,0,1,0.0
AHKDSWU5HEH9I,0,1,0.0
A3RCGTO0O4WUOM,0,1,0.0
AIIL4JVB5I2ZQ,0,1,0.0
A29OGQ83C0KYLE,0,1,0.0
A2FEUSZVIVVYOR,0,1,0.0
AO8F2P769YIA9,0,1,0.0
AB64ETZWLCB5U,0,1,0.0
AEPBD0MTKK9X2,0,1,0.0
A1VMPPCK5R8RNB,0,1,0.0
A430A53XNWCIJ,0,1,0.0
A2G0YDQWFVJVS0,0,1,0.0
A3FH2H55MGDARV,0,1,0.0
A2ZMH05LYXCVT7,0,1,0.0
A37M2K2A21RAZY,0,1,0.0
A2NPN06SYI5VL3,0,1,0.0
A77MI7M9JSM3Y,0,1,0.0
A1MR61NDPY463T,0,1,0.0
A2EFQ5VBNODY30,0,1,0.0
A2FOH79856YKZS,0,1,0.0
A22KHWES7PX8MX,0,1,0.0
AQ66EFBFY7JXY,0,1,0.0
ACCL4DJSFD20A,0,1,0.0
A162RT5UH3BP33,0,1,0.0
A1ESAEZO1VJ76X,0,1,0.0
A2V4V78CDKYGMT,0,1,0.0
A3HXLBV8IUCS88,0,1,0.0
A14Q3RGHAZ8YD6,0,1,0.0
AAD1W9GBYWY1W,0,1,0.0
A34H6ML6I28PJ5,0,1,0.0
A1Z0K3LNNGE24M,0,1,0.0
A2RXTOII0X0BES,0,1,0.0
A3CET5ZGLV1ZF2,0,1,0.0
A1K7CUR8LVMLXS,0,1,0.0
ARSWIFGUAZQCV,0,1,0.0
A2RU92TLE29NKH,0,1,0.0
AKH0LJQ1FR2U2,0,1,0.0
AN1MS7QNQT2WL,0,1,0.0
A27OI4CW9P0D1O,0,1,0.0
A1SO3LZXL9GVBC,0,1,0.0
A39CW2E40PTXJF,0,1,0.0
A2SWH8G96IMJ2G,0,1,0.0
A3SWQE01EYV7FM,0,1,0.0
AE3PQYXY49FJB,0,1,0.0
A3JXQFBGI78YVW,0,1,0.0
A2J9K8CD17CBSG,0,1,0.0
A1EDTUD5S99HOY,0,1,0.0
AZP2U25R0TN4E,0,1,0.0
A1NC86NFVMWNHN,0,1,0.0
A35UO4FBTUV47Y,0,1,0.0
A1XIWX036L52OS,0,1,0.0
A32R9X6MNUK9NS,0,1,0.0
A18Z240JZC5A4M,0,1,0.0
A20G8L7LKDZ848,0,1,0.0
A1A9IAZ88UAUY4,0,1,0.0
A1ONVQZM1S0J1C,0,1,0.0
A2QA249SAHO289,0,1,0.0
AZ1ZDUANJZQR2,0,1,0.0
AMCS8V9N7XOQ5,0,1,0.0
AA3JKQ31FKJYN,0,1,0.0
A384E8RXKKG79X,0,1,0.0
A13GH275PGH7MG,0,1,0.0
A3BM8IMDTP1OMD,0,1,0.0
ARK2IGE2NHGT9,0,1,0.0
A3U2L3V3MOEYLC,0,1,0.0
A2H5ZR2HM0NXRT,0,1,0.0
A3HTIGE4Y8UW3L,0,1,0.0
AWAV9TGXRIXI,0,1,0.0
A1XTE7BYBFWKZ4,0,1,0.0
A3VSLX634BWQ9I,0,1,0.0
A34OXK9SP7TNCT,0,1,0.0
AT8P4AQH689MQ,0,1,0.0
A1A4YDTTVHB81E,0,1,0.0
A2N0E1LXZRD92K,0,1,0.0
AP9J6VOYRM1SL,0,1,0.0
A1INBPWW7ZJGF0,0,1,0.0
A2IQSPOJJTO5PH,0,1,0.0
A5YWF3BZZYR95,0,1,0.0
A2WO3HGK1KET9,0,1,0.0
A3S8C41QV6G2QL,0,1,0.0
A3INKBDWXCL8LP,0,1,0.0
A3G636N0YXQA7A,0,1,0.0
ABFX5OPQD50P,0,1,0.0
AJZR37LXKSI7P,0,1,0.0
A1UF096Q9F4Q0Y,0,1,0.0
AMNWYADFBFU6Y,0,1,0.0
A31WW12OWRZTH3,0,1,0.0
A3LTK1JJA7G052,0,1,0.0
A2P0LLCFFDG1AQ,0,1,0.0
A258IZLBPL93YO,0,1,0.0
AKD0HR91GEYD,0,1,0.0
A2IETP3EOYU4UW,0,1,0.0
A2Q3E0DKHG3FG6,0,1,0.0
AJQYFOGBU47W9,0,1,0.0
A2SM99TS205PEP,0,1,0.0
A3024PJIRXPB8A,0,1,0.0
A3L6XHA5FVMN16,0,1,0.0
AYI7HRLXRZN2H,0,1,0.0
A3V3DZNPOC49H7,0,1,0.0
A125VUC98HIWBF,0,1,0.0
A3ACYFENA2AUWU,0,1,0.0
A2RYW5DZWMFHOD,0,1,0.0
A1L80UX2MUH5BQ,0,1,0.0
A1LAXDUK6UQ0PH,0,1,0.0
A3DDI8QH436FPE,0,1,0.0
A2EDG2TX1LH702,0,1,0.0
A1A13SOBLDFVNX,0,1,0.0
A3NL3DO9J4SWDC,0,1,0.0
AMF4EP7723WMQ,0,1,0.0
A3LMILRM9OC3SA,0,1,0.0
A1E5K2DDSF696U,0,1,0.0
A2NNZ4KJWEGPDM,0,1,0.0
A3U9ECP0UKZYO0,0,1,0.0
A15C61PMI4SSLG,0,1,0.0
A38L5I9MY8A959,0,1,0.0
A2R21CYRBXX1HL,0,1,0.0
A3JM1MSD1G97R5,0,1,0.0
A1CJ6O6G6BSKDX,0,1,0.0
A1JQOZXAIV2AD1,0,1,0.0
A1G9ZPV4KPFDJ7,0,1,0.0
A3GCDS9S7YKUY8,0,1,0.0
A15DS9D143VMN5,0,1,0.0
A1XOBR284Y719J,0,1,0.0
A3MZ092W9K5PHZ,0,1,0.0
A2PPU4YCLBID07,0,1,0.0
A19VLJLK7K1ELX,0,1,0.0
AS9TFMMMSTH5M,0,1,0.0
A685QH4I53XJL,0,1,0.0
A19S2EW8N827YZ,0,1,0.0
AXGPU830TXJ86,0,1,0.0
A2MONP3IA495W0,0,1,0.0
A2QSRNN45LX9X1,0,1,0.0
A3EA1SPV1V3G51,0,1,0.0
ACXUVW6BIHU6C,0,1,0.0
A2E0ZAS9CUSZR0,0,1,0.0
AHIUV8RE75DXK,0,1,0.0
A3O0MV1HSPQPF2,0,1,0.0
A1O2219YN57095,0,1,0.0
A1XNZ6ST3BDWNQ,0,1,0.0
A7A5N79VKRKBK,0,1,0.0
A4ZELSQCE9GRB,0,1,0.0
A1L9J9E25FJBKJ,0,1,0.0
A30SKOMU0QQ3UN,0,1,0.0
A1PO6PUEBDV6ME,0,1,0.0
A2TPH171QFO6ZH,0,1,0.0
AL1708MTIB1MD,0,1,0.0
A2WF3ZGDOQP4B0,0,1,0.0
A242IFN64X6R4E,0,1,0.0
A2MCEQW2PX65F4,0,1,0.0
A2NJV5ICURIAUJ,0,1,0.0
AGWPEF3TA2U42,0,1,0.0
A1WSUHYNOTI0NQ,0,1,0.0
AC0PI7MD4E415,0,1,0.0
A3PH4ZOVNB7PZE,0,1,0.0
A1GO3HYUBF4AHD,0,1,0.0
A2QDSC731OQC3P,0,1,0.0
A3586U304DN7IG,0,1,0.0
A2VHK3A0FOBDTK,0,1,0.0
AZAJAVD2KRWYN,0,1,0.0
A206B0FFAMHV9V,0,1,0.0
A3V7CDBG8SDO6Q,0,1,0.0
A3M9VU3HIDYFJN,0,1,0.0
A8NIZAIRT4EF7,0,1,0.0
A39QIR7OLW7K66,0,1,0.0
A2W1MVC5OR0I92,0,1,0.0
AMRUJM3KWO0JL,0,1,0.0
AE8CF0V7WEY6Y,0,1,0.0
APD8JEGCYC28M,0,1,0.0
A6BMK5LUK71M0,0,1,0.0
A1HRAQGYEW4A1O,0,1,0.0
A35Q3CBNFQABN5,0,1,0.0
AT56W2971GJYN,0,1,0.0
A3O5NY2ZPM7UWC,0,1,0.0
A35391EU327LSC,0,1,0.0
A19RRTKHBS1MY7,0,1,0.0
AY7L5XGIGSLTD,0,1,0.0
A608AREVHD95E,0,1,0.0
A1AH19J23TGC1X,0,1,0.0
A1BQ6MQPNPUYKK,0,1,0.0
A1QLMK517SKM6,0,1,0.0
A3I04CBXGNEX6,0,1,0.0
A3VMDCADR79X1F,0,1,0.0
A1N45USBVC5C7F,0,1,0.0
A322Y55VLYPBWP,0,1,0.0
A1EVX46DWN2UUP,0,1,0.0
A54CXMDHKSQ4T,0,1,0.0
A1BHJXUOSXICFO,0,1,0.0
A288V3H3N5CJ9Y,0,1,0.0
A2E25BAKYHN8P9,0,1,0.0
ASZH31OURH3H3,0,1,0.0
AXK9O1OC2I2PD,0,1,0.0
AXWEDJJO5US3Y,0,1,0.0
AAV8Z26IIWDA1,0,1,0.0
A274PY5VHMVZA8,0,1,0.0
A24T80OCYJFQ3V,0,1,0.0
ANPUFXIDA9OSI,0,1,0.0
A1G1PJNPWIATXX,0,1,0.0
A1EURH2KK57PGL,0,1,0.0
AO9YR9LQ6AHWC,0,1,0.0
A3G9ZJLMZNVYKO,0,1,0.0
A27GJW7UIKBDG6,0,1,0.0
A3EOHJ6IV8548X,0,1,0.0
A1Z1RSLC16FW27,0,1,0.0
A3LXELWUW7QIL4,0,1,0.0
APTLMVR9J0FZS,0,1,0.0
AWR0RSM6L1M3E,0,1,0.0
A3S25YPCZ63OQL,0,1,0.0
A276I80QDZ5S1E,0,1,0.0
A3V47Z0S4TC17E,0,1,0.0
A35P1HCORE6B3L,0,1,0.0
A365B5NVWO9E0Y,0,1,0.0
A39R411XCSWEE1,0,1,0.0
AQWRBA6CWHYD7,0,1,0.0
A1EIBZVYXPRB26,0,1,0.0
AJ0YCHUSMWCGD,0,1,0.0
A2YPE1GC2ORYJ7,0,1,0.0
A269OEVY5AJ95G,0,1,0.0
A110N8NDHN35C6,0,1,0.0
A2PIF7SAJX14GJ,0,1,0.0
A26SN39Z9AJC0Y,0,1,0.0
A3SMW95H6703IV,0,1,0.0
A1C29039FWGTHJ,0,1,0.0
A3RRR1GSIXUAZD,0,1,0.0
A2VAH77L2MY1Z5,0,1,0.0
A3P8W2BZ4K1EB4,0,1,0.0
A4EHTR4LKWPW3,0,1,0.0
AM91X8KQOXB55,0,1,0.0
ASGRFP1GXHXPZ,0,1,0.0
A30FBO6KDEOUEP,0,1,0.0
A14MITEXWCKIXW,0,1,0.0
A2JJLVXKHGMY7N,0,1,0.0
A1F6FX6Z3HVVIU,0,1,0.0
A3KTWY04ET3VRT,0,1,0.0
A3MMTCR4WCGJWC,0,1,0.0
A19TDQ9HVYEDJP,0,1,0.0
A16L2NTYZTVAFS,0,1,0.0
AYWLKI4FCUW8K,0,1,0.0
AZOXOPGFVXAGM,0,1,0.0
A2H7FQYJDGQP2B,0,1,0.0
A2U1I8QDQNCY5E,0,1,0.0
A38TT29T79FXIN,0,1,0.0
A1C16OKJ0UXR3E,0,1,0.0
A2T4P8075Y0KZH,0,1,0.0
A3QMV7LPU3YMFK,0,1,0.0
A6MEH8UAL56XE,0,1,0.0
A2957HNYN1RAH4,0,1,0.0
A1ULTI09BI3656,0,1,0.0
A2RA2SK1H0WLQG,0,1,0.0
A39G7Y40RTNKC5,0,1,0.0
A2Q01G2AKHVKAV,0,1,0.0
A5BBX79MTKHQ4,0,1,0.0
A3PXF6HP44DY7H,0,1,0.0
A326OWAO1JPZT5,0,1,0.0
AZDRBHGJXOEZP,0,1,0.0
A1N2MS9N6SJWWD,0,1,0.0
A1O44RP0HKY52M,0,1,0.0
A18NBARHR5HI7J,0,1,0.0
AF40ONNQIRMXF,0,1,0.0
A2AZ2KEZTKODTQ,0,1,0.0
A1DXRF9D459RWW,0,1,0.0
A3HP14Z1CII981,0,1,0.0
AK1MWX130DC0I,0,1,0.0
A3FH8ZKYJVE5ZE,0,1,0.0
A25EHSFJSQZUM0,0,1,0.0
A26SYZST7CHSX1,0,1,0.0
A2159NZBHBHILH,0,1,0.0
AOS4WVF9W3L8L,0,1,0.0
A3SRJRM4GB1YJQ,0,1,0.0
A38QAUO0ADDPWA,0,1,0.0
A14LKBOG9SVEFT,0,1,0.0
A3BIZ03TTGO10J,0,1,0.0
A15FE1GJSZH88D,0,1,0.0
A3Q9BX67GBXRST,0,1,0.0
A1VM0DU10K0DE6,0,1,0.0
A5KBC6M1KUIC8,0,1,0.0
A1UIX3Z5SHCW1J,0,1,0.0
A2LS217P6F0AP9,0,1,0.0
A3OYQ3L7Q6X3F9,0,1,0.0
A1T3WJF3AJ9GQB,0,1,0.0
A2MCZGSS6UJHDS,0,1,0.0
AGI34T5QZWBBC,0,1,0.0
A3L30T0VFGDECI,0,1,0.0
A1HLVOWFRL1K1X,0,1,0.0
A2RSJQURZV7MEF,0,1,0.0
A3SLQHHWES42CX,0,1,0.0
A2DS96FWJPBYEU,0,1,0.0
AU46GKT840J0J,0,1,0.0
AF67P6581W0JC,0,1,0.0
ALRJ3PZCFW72E,0,1,0.0
A3OU6E9SSMVU9D,0,1,0.0
A34DUBX49DD1ZR,0,1,0.0
A2XOA9ZXR2D0DF,0,1,0.0
A3P0ONOLQOKE9G,0,1,0.0
A1S5H5HMQSUU4K,0,1,0.0
A2CVP9D0VV02WT,0,1,0.0
A3FPRZAPR38UUG,0,1,0.0
A2YMH8JBTRKZ3C,0,1,0.0
A18JJO2Q7HFI3R,0,1,0.0
A3BUG7RMIYITBK,0,1,0.0
A2X6COYUI9EKID,0,1,0.0
AMMUZIC8NMTFM,0,1,0.0
A3FIA2QBJZJUIA,0,1,0.0
A3ABLRE5BSF4OH,0,1,0.0
A1KPX8YV193NEG,0,1,0.0
A5RMME9GIC2T2,0,1,0.0
AQNZ2KY3XFMUV,0,1,0.0
A1P9FP9ZZ00TU4,0,1,0.0
A3MZIAFQFJ1NP1,0,1,0.0
A88LXLS3O0XLR,0,1,0.0
A13UPO9KLR2SFL,0,1,0.0
A24ZJZ6F06G67N,0,1,0.0
A20JYSKGZ42ORR,0,1,0.0
A2K8J2UF36G3AB,0,1,0.0
A4QHA5ZKH6DYD,0,1,0.0
A2XQY2UZRMC2U9,0,1,0.0
A2BO5VNC8C319B,0,1,0.0
A1VBDOE0GCWSSG,0,1,0.0
A1LIHSIZX7XMFI,0,1,0.0
AITMQEIJVODJ,0,1,0.0
A33MCQL5ECAIT3,0,1,0.0
A3NF1RKSXG8BIU,0,1,0.0
A39X0TAGETRBFK,0,1,0.0
A2OFQ3SYP7RL41,0,1,0.0
AE6TMSEK2YVSG,0,1,0.0
ATEOE16NL33QQ,0,1,0.0
A32T83AHSEPXYA,0,1,0.0
A1D5YPUTS8KM4E,0,1,0.0
A3JJO60MHSX3PG,0,1,0.0
A2GS03YOVGDQ1U,0,1,0.0
A3MX8MDSCHB642,0,1,0.0
A160RLYLLCYD2E,0,1,0.0
A2R4O3UBZCRHGX,0,1,0.0
A1HXCCHLJIHADE,0,1,0.0
ASQIHJMQ3KRPI,0,1,0.0
A22HTKM4BJ89DB,0,1,0.0
A2WBSLTE5D541H,0,1,0.0
A15MXB5POWA78E,0,1,0.0
A1ER5446RYJ6ZK,0,1,0.0
ADTRPBYXKK8BE,0,1,0.0
AU37CZS0ND42K,0,1,0.0
A3FF4XNRBT13MP,0,1,0.0
APDTWLZZVJON2,0,1,0.0
A3J7H61WESSUL2,0,1,0.0
A1Y8VDXU4UHBS2,0,1,0.0
A3H7DG1R6VXLR6,0,1,0.0
ASA4ECJJKPSY2,0,1,0.0
A2HPFJEJNI4LG0,0,1,0.0
A29INQQ6X4ENMO,0,1,0.0
ATPFVDGZE62NO,0,1,0.0
A2D29NKMU0ETZ2,0,1,0.0
AOGV0STIII2RQ,0,1,0.0
A1C251TPP8ICKJ,0,1,0.0
A3BXXXV9JCUQMN,0,1,0.0
A1A7OAQB7R304S,0,1,0.0
A1VLJALC4OFUCE,0,1,0.0
ARAS5VERQ8BH2,0,1,0.0
A144KMKIYK1CXC,0,1,0.0
A1R7BYAO9335Q4,0,1,0.0
A1YD55PTHHWSUE,0,1,0.0
A6QU128IYO0UO,0,1,0.0
A12R6IA3B51BTQ,0,1,0.0
ALIS67L1FYITU,0,1,0.0
AWDTLL6SR7BUO,0,1,0.0
A2WGIO96GU5F9F,0,1,0.0
A1IM8HQQR39RWB,0,1,0.0
A2UMKYU1LZZE00,0,1,0.0
A4B6ZBXLRRIHZ,0,1,0.0
ADPA0H8V1LG2Q,0,1,0.0
A3IQ16G6QSPU78,0,1,0.0
A71MGIJ6PQMM8,0,1,0.0
A1EVS79RGAYA4A,0,1,0.0
AU4CJTXVMJ0N,0,1,0.0
A2AGD4UR6E8O3B,0,1,0.0
A7FC7ALKQRAP0,0,1,0.0
ABJ4SLPVOM7PN,0,1,0.0
A1607VTP4S9UTD,0,1,0.0
A2AIHUT8YFKQ47,0,1,0.0
AZWOAIK9NREG3,0,1,0.0
A3GWQDR4DNXPMG,0,1,0.0
A3KZ481ZRRROR4,0,1,0.0
A34G4GSIYY4JJ3,0,1,0.0
A2O79K4X79IBUX,0,1,0.0
A3DO7TL2HJ70SB,0,1,0.0
A2870P46XR9MZF,0,1,0.0
A2F950N2GRC74E,0,1,0.0
A2UIBTSN2FRSFQ,0,1,0.0
AI3KZUQVAZXO5,0,1,0.0
A38BK5RE00M29X,0,1,0.0
AMPS7FYT8YHLS,0,1,0.0
A2V2WSB5AVI4N7,0,1,0.0
A3MX5WX93TVPRL,0,1,0.0
A3PPI3EFN594PG,0,1,0.0
A27OMVFGJXH1VB,0,1,0.0
A3N3VQA7DEGT18,0,1,0.0
AZ4231UPH44XV,0,1,0.0
ANOPTZAQSU0DH,0,1,0.0
A30UIX94KZY50P,0,1,0.0
A2PP7KANDCFGM7,0,1,0.0
A3SL7UWG7Z4H4T,0,1,0.0
A38TMOGSEJE676,0,1,0.0
A3VH5ONYTEHZ9V,0,1,0.0
A2IQTE70LMR07L,0,1,0.0
AJVOF2MAURIBZ,0,1,0.0
A20A1EVTJYREB8,0,1,0.0
A2Y5REWKC7TUHO,0,1,0.0
ASFCFS140K5M5,0,1,0.0
A1GPLHJTDLMUYA,0,1,0.0
A34HWXA8RBVUYA,0,1,0.0
A17VIG8V3RAUCK,0,1,0.0
A2E9AVD9YJQZR8,0,1,0.0
A2D1TP9JF02Q45,0,1,0.0
A3CJOB7CHOSZUG,0,1,0.0
A1YATP5HMXNNPY,0,1,0.0
A2E1JDQSA9ZM9D,0,1,0.0
A6OKB19K5L1K9,0,1,0.0
A1JWHZ124OGPVW,0,1,0.0
A278NVDK9RI9CX,0,1,0.0
A3L7ZYMCIV5U79,0,1,0.0
A37HQS636V4VPL,0,1,0.0
A15FAIM6JVNHT1,0,1,0.0
A3PSJCHRBQEOAF,0,1,0.0
A2RVBU35XQXENU,0,1,0.0
AK58HIH357ER,0,1,0.0
A2NTJP431L754V,0,1,0.0
A339DV3S739GE8,0,1,0.0
AQK90DXWYQEC5,0,1,0.0
A1OQDHMHIU3ASD,0,1,0.0
A2E3CZ7L8QJ02D,0,1,0.0
A2UH53Z5LKV0BI,0,1,0.0
A2BYI7ZDBNL609,0,1,0.0
A2CQUM5WXA9KNZ,0,1,0.0
A2T4XPDLZBP7XN,0,1,0.0
AQ4DV2S7XBRVF,0,1,0.0
A3SQXDQAPTZ7HC,0,1,0.0
AOP2C0LV629TY,0,1,0.0
A1RAR1QGKI0OOE,0,1,0.0
A2J7XVM9MBWVRM,0,1,0.0
A3DSJHNR0W71W0,0,1,0.0
ABJNCFD48KB8,0,1,0.0
A3NP7RA38FVQIB,0,1,0.0
A1XP8Y9932EGR4,0,1,0.0
A2KK42DC3DHA6,0,1,0.0
A1OIGNXNLPSJQJ,0,1,0.0
AMHZ90YOXWWBG,0,1,0.0
A1OV41AAQJ90F,0,1,0.0
A3TNLIPY5MAZVF,0,1,0.0
A37IK1LNQS7ZVK,0,1,0.0
A2BWKOU10YHJNL,0,1,0.0
A1DPJ0HZO72X2J,0,1,0.0
A2HK9ORUXOL0RB,0,1,0.0
AFZWQI2GHZKUF,0,1,0.0
A3R3SXLYQZIH61,0,1,0.0
A24DGUWNVC1HOG,0,1,0.0
A3EAAFGS0DU8R6,0,1,0.0
A3C9EA3U3VPV4G,0,1,0.0
AF7CWQNEAW1UZ,0,1,0.0
A1LYD7XU6IT3X1,0,1,0.0
ADE482XHZSXKM,0,1,0.0
A3TJ5HSZ6MBZO1,0,1,0.0
A2F93QMTF8CC50,0,1,0.0
A2PHRDWHBCVL1,0,1,0.0
A3UD0LC8A5MKAA,0,1,0.0
A944SUQYY8SJZ,0,1,0.0
ADLV35W3JE3WF,0,1,0.0
A2B2SMSDQL4QQI,0,1,0.0
A2QHJLS9C5VK3M,0,1,0.0
ALWNVBP10WKJN,0,1,0.0
A1P0C4KN63K92I,0,1,0.0
A1Y8NN628X1IMH,0,1,0.0
A2LLS2VWQPVJCN,0,1,0.0
A11ZSVQGNB0LGF,0,1,0.0
AETVLNIA7RYT4,0,1,0.0
A23OKQNJDWWE9Y,0,1,0.0
A2SDUCWPMK3TPK,0,1,0.0
A1JUPR7LPMYG1X,0,1,0.0
A3TPDMYDNGGNOU,0,1,0.0
A1J823VTMW86BN,0,1,0.0
A2BMRNUX6W4WQK,0,1,0.0
ARJZZSU737UC,0,1,0.0
A2MQ804S0RMW1T,0,1,0.0
A239KE1HZINDB5,0,1,0.0
ATWM509SVUWZS,0,1,0.0
AIT53A8U4QSCE,0,1,0.0
A1XHYHYV6HIMNG,0,1,0.0
A1BTFWJCU0KR3H,0,1,0.0
A22Z554ZQ8NFPC,0,1,0.0
A1P7XRBU19E9XO,0,1,0.0
AAQ2805X6BKI6,0,1,0.0
A25UDKRKT9K5IP,0,1,0.0
A7IFFMH44G9MO,0,1,0.0
A2MKWNA5WDB7CY,0,1,0.0
A13KU488TJE4PV,0,1,0.0
A3E58222VWYH4K,0,1,0.0
A1I970110U4B0V,0,1,0.0
A2EBTJR7VL9GS,0,1,0.0
A2XRE6MU9BIG0Y,0,1,0.0
A1OMC6X5Q4QMIF,0,1,0.0
A1KPIOJ1WENXB2,0,1,0.0
A2CRIC1BKMLACP,0,1,0.0
A1D5RY4EL88ZU0,0,1,0.0
A10EWWXIMO6MNL,0,1,0.0
AR0YQVAAOQUDJ,0,1,0.0
AVBF6H343QCIA,0,1,0.0
A1E7OJJV6Z6HQE,0,1,0.0
AZKBV3NJQHIHB,0,1,0.0
A3F4JBU5BMJ8W,0,1,0.0
A2SJPRTIGUWAJ0,0,1,0.0
A3ANL6FN35BL3J,0,1,0.0
A2V80ZROVHV2YT,0,1,0.0
A1G3A2YQPLRODG,0,1,0.0
A289WEQKPYS04G,0,1,0.0
AV53MXUZ3V4ZU,0,1,0.0
A1A2QC2ZRG923O,0,1,0.0
A2XNI4DVRX9VAM,0,1,0.0
A138Z5HK8H0CLR,0,1,0.0
AYBYW8A36A7VB,0,1,0.0
A7KVU8N30SQQI,0,1,0.0
AXQA1GSXRT3RO,0,1,0.0
A38SK72V6NORUP,0,1,0.0
A3VFKTWXI89UYX,0,1,0.0
A2H2ZC8418GP0N,0,1,0.0
A2FSHWQOHC680N,0,1,0.0
A2FFVRBRGG12O3,0,1,0.0
A2AG9AU28CA4ZS,0,1,0.0
ALF21I8E0Y4MA,0,1,0.0
A3V95JQXQ00FLY,0,1,0.0
A1656PD7I7HNRX,0,1,0.0
A1USWG1791B0FD,0,1,0.0
A2RC9W12WGIG2P,0,1,0.0
A2T3T4DFFMK456,0,1,0.0
A1IGIQJ1I6BANI,0,1,0.0
A21261D1PR6HKL,0,1,0.0
A3K5GGGMR11SA7,0,1,0.0
A2CUD0JVKVKDL1,0,1,0.0
AFMVQ27SB2N8U,0,1,0.0
AA4DN04Z069ID,0,1,0.0
A38GUF88M7BFX9,0,1,0.0
AJG2H4MZIB478,0,1,0.0
A2AT1VB213NFEZ,0,1,0.0
A1W4IPRLCVXR9U,0,1,0.0
A3QLJT5IQ5A1O1,0,1,0.0
AY597Z0KZ5RN1,0,1,0.0
A3U37H35WL6WGO,0,1,0.0
A1ZR5M0TFNF56E,0,1,0.0
AHT8F2VO9T2D5,0,1,0.0
A35RG2LCK02XZ3,0,1,0.0
AWGD0ACATDBKT,0,1,0.0
A1W13CL6688S81,0,1,0.0
AU5CY9MOGYRA5,0,1,0.0
A30VBMHGJG11A9,0,1,0.0
A1FU7O908FJS27,0,1,0.0
A3DC6E6I749UZR,0,1,0.0
A2FCC02APD925X,0,1,0.0
A2QGLZST7ZYEOJ,0,1,0.0
AUFDV3P6MSDH0,0,1,0.0
A3OX26QQQS51XK,0,1,0.0
A1XC7HPEYN7RKS,0,1,0.0
AHER5NLWJW5IC,0,1,0.0
A2TJEZCL7BH9SD,0,1,0.0
AIQKROLJIXBET,0,1,0.0
A3SCYVE2ANQ94H,0,1,0.0
AS2UOOMNAST5D,0,1,0.0
A1BRB0RV1TTBSI,0,1,0.0
A6SZEICLFF9TO,0,1,0.0
A3PE9GL8IQXZOP,0,1,0.0
A346BF42LAWFDR,0,1,0.0
A3D66WN3OSC3K4,0,1,0.0
A39ELFSOYEUX9U,0,1,0.0
A2IEKS5Z84WVSR,0,1,0.0
A1FYMIZQG1G0PQ,0,1,0.0
A2QV91DEEUSV1V,0,1,0.0
AWNRZJHY8856F,0,1,0.0
A1VQ0EAZ0GCYSA,0,1,0.0
A37KXO7BGF1NMK,0,1,0.0
AQGXXZ3YNMCEJ,0,1,0.0
ADX13PR5U2JKW,0,1,0.0
ASJVFP1DVLHN1,0,1,0.0
A1RPQOVNYZXN0,0,1,0.0
AODR1I0ONAW25,0,1,0.0
A106FGNOG02FI3,0,1,0.0
A2XO7E3FDFFLT3,0,1,0.0
A2QGV8WEHIYXDX,0,1,0.0
A1UBD97H6JF95G,0,1,0.0
A31OJ0ZL2S03UF,0,1,0.0
A3ULKG89L2HFY0,0,1,0.0
A365ER41CFUALF,0,1,0.0
A3CJJ4BS997781,0,1,0.0
A3DD8A1H8ONN30,0,1,0.0
A3CWSI8T1AZ2QI,0,1,0.0
A1FG2O1NAEP6D9,0,1,0.0
A27ISFU1WEMSS8,0,1,0.0
A11T7CEFCSAM9W,0,1,0.0
A3A710BRD6R85W,0,1,0.0
A1M4H0AMID1NBP,0,1,0.0
A1NAE84M5EA0YX,0,1,0.0
A2T2FUY1H5XAX8,0,1,0.0
A3C2C18MXKHVUB,0,1,0.0
A37U6OGB6BRJPQ,0,1,0.0
A1UTT4HERHDV0J,0,1,0.0
A3SDXX0IE7T2BD,0,1,0.0
A2FSHMUOIGIDBN,0,1,0.0
A1HEEDZ8BL15GA,0,1,0.0
A1KUU2JVSYWVRS,0,1,0.0
A1XGNKAQI1KTGB,0,1,0.0
A3N7BE9GC8PBJH,0,1,0.0
A14UEG7J3LVT4F,0,1,0.0
A1RKX9ROHOVP5F,0,1,0.0
A32EV2FASZ74YL,0,1,0.0
AMMWWWWNAJ22S,0,1,0.0
AOD8USTJR95UI,0,1,0.0
AC4TQ8K03VU7C,0,1,0.0
ARP6KJ123AUT0,0,1,0.0
A1XINNG3IMIBSR,0,1,0.0
A2RGVO7DDWF8R2,0,1,0.0
A1GMX4VUH6RTQ,0,1,0.0
A3A1ENOW12T0QY,0,1,0.0
A31XXJOZ0B99T8,0,1,0.0
A1257GYGK493US,0,1,0.0
A4N2VK9DYK2JQ,0,1,0.0
A3O7MJLEXEXJIN,0,1,0.0
A123YPS6XTTEBA,0,1,0.0
A3OV100QQCDOTJ,0,1,0.0
A7JJ0VXY3QTVO,0,1,0.0
A1FII6B4HLS8XR,0,1,0.0
A1FIKCHVN9QDXG,0,1,0.0
ALWYH3FK2EU3Q,0,1,0.0
AH5NDKZ3YK0AE,0,1,0.0
AP8KIUUU0VZMH,0,1,0.0
A2CV2CH3J9GKAL,0,1,0.0
A3I3SRKV9V02G9,0,1,0.0
A3MGZ9EBB1NCFO,0,1,0.0
A2ASNCPAZWNTF0,0,1,0.0
A2WGX6E60UZU9J,0,1,0.0
A23MSUDQMDVFE2,0,1,0.0
A3K29V6MYWL2GI,0,1,0.0
A3GDDH47T69OZZ,0,1,0.0
A2LJBBRLDNIMH0,0,1,0.0
A2TGRYOFYB9BCP,0,1,0.0
A1QRCT3RZH3T6P,0,1,0.0
A2N1VI3PB6IXMP,0,1,0.0
A37YKHNNLBFGD3,0,1,0.0
A1D7A4JOQXI755,0,1,0.0
A3JH6XM7CPVPEO,0,1,0.0
A148RD0JTFTUWU,0,1,0.0
A3LZXB1SBY0GVB,0,1,0.0
A2FJ27L11NH6P1,0,1,0.0
A25UTAN6GCFU9Y,0,1,0.0
A3RVF0PUY8BVOH,0,1,0.0
A2QO1YPPDVY8LN,0,1,0.0
A2J2ZZB275JUVZ,0,1,0.0
A1M1OWQ95TFEW6,0,1,0.0
A3G4W0QIOZ2X0S,0,1,0.0
A1CYC9URDHLAK8,0,1,0.0
A3C2NA2JYBO9YN,0,1,0.0
A1JJGY80GQ4H6,0,1,0.0
ADQHHZAKMOJZC,0,1,0.0
A17LBX7T648JLY,0,1,0.0
A3OFA1UM5F1SAC,0,1,0.0
A248K8F4LZ4KPA,0,1,0.0
AW50YJKKHKN5S,0,1,0.0
A3VPYQGLFH9XAD,0,1,0.0
A2GZ6DMYRXFADP,0,1,0.0
A395AS6KKFY2NE,0,1,0.0
A3811QEYJOCC1A,0,1,0.0
ASRSIUQG1Y2ON,0,1,0.0
A23GGC5B9SOG8N,0,1,0.0
A2RXSOAUN9SLWZ,0,1,0.0
A1IS27LQ62EEHQ,0,1,0.0
A1OSQA9T4L7BCE,0,1,0.0
A1RFGSDT6F0J9D,0,1,0.0
ACJ7G5LEGWSBU,0,1,0.0
A2FQ0WNW94Q2RY,0,1,0.0
A1ZXNZ6CF8V6Q5,0,1,0.0
A32XRSZYBKRCKS,0,1,0.0
A3VAQJ0LHVA9EI,0,1,0.0
A3H5H9DE84JIKI,0,1,0.0
A2HBR4J1JWNQZ5,0,1,0.0
A3F9VZ3YJ17SN4,0,1,0.0
A2V4OGW5TODMSF,0,1,0.0
A1GLN276J5654G,0,1,0.0
A1TQKVH09V3MP2,0,1,0.0
A3EEOSVTUGB4YE,0,1,0.0
A1WZFT3YHIQB2K,0,1,0.0
A4WCB01IZPU5C,0,1,0.0
A322NTYHYMO6W9,0,1,0.0
A14HCTUBLWDJJ2,0,1,0.0
A2QZAFCCMGQSUK,0,1,0.0
AP315X1IW0YAW,0,1,0.0
AXKVDODFCKHYJ,0,1,0.0
A1QPELYK6WOKAN,0,1,0.0
ATQKUP92WSYMA,0,1,0.0
A2S0V82P8N0873,0,1,0.0
AVVK4R7TCCT7R,0,1,0.0
A1D6YPGOK3P8CO,0,1,0.0
A1EXTZ4VQUSPL,0,1,0.0
A3C0HEJBLZPM81,0,1,0.0
A11JI4CX8C84OT,0,1,0.0
ATQXFJCKJQN46,0,1,0.0
A1O5SR95Y3U615,0,1,0.0
A2LM171DIUGFC6,0,1,0.0
A18TNHAESSPB6V,0,1,0.0
A3BX8QBKDDC2GD,0,1,0.0
A3LI50AX5WYICE,0,1,0.0
A1CJHL546LYPKW,0,1,0.0
A1GRFKOIAYG1C6,0,1,0.0
A2TPQEZ7FYRVEP,0,1,0.0
A37YG5MYEF96EJ,0,1,0.0
A1EKKG5SXMH5A0,0,1,0.0
A1WG0U4ORQFM1F,0,1,0.0
AZZB1GSHMEBUS,0,1,0.0
AEI6MBDTGGIQU,0,1,0.0
A3JJVDYQL39YPF,0,1,0.0
A394PAPPDKM2H9,0,1,0.0
A2D2AORHOMU0CV,0,1,0.0
A1VKLKES4FP773,0,1,0.0
A32YXLEKYMHL53,0,1,0.0
ABP6FLBI86XF6,0,1,0.0
A39NT9EADS87V1,0,1,0.0
A3GDYVCSYEW1SN,0,1,0.0
A38MXF5T6LI47A,0,1,0.0
AJRPVCNT3Q7W5,0,1,0.0
A1TK678SMC6J5Q,0,1,0.0
AITT09G2W02VB,0,1,0.0
A3MA5KHUR406R4,0,1,0.0
A2C1GBKFORV3M6,0,1,0.0
A5KXS242C761Q,0,1,0.0
A3AANUGV2YN5Q1,0,1,0.0
A1PNHHIYVH949D,0,1,0.0
A1UKKC463AVV5R,0,1,0.0
A5I2OROFJ0UMQ,0,1,0.0
A14Y0K6ELUJZPF,0,1,0.0
A3I9UCU2T8HIKS,0,1,0.0
A1MYNT7BUPG4FJ,0,1,0.0
A2WSFMY6NI495E,0,1,0.0
A3QKPPRBJ6C0ON,0,1,0.0
A8B467TCT4ECR,0,1,0.0
A138HQQKDY777Y,0,1,0.0
AT94BH5KB83AS,0,1,0.0
A1M4QGCCYHZ4UT,0,1,0.0
AL7SIGH0AC5D6,0,1,0.0
A163S6S1WXMGV8,0,1,0.0
A2KHS2UHIYWR07,0,1,0.0
A6BPKZG60HQLK,0,1,0.0
AGEMHKI1MXI0E,0,1,0.0
A16AZDBUMOGZVW,0,1,0.0
A3LOTHAWNM7BEF,0,1,0.0
A1S4I8TUVQP6KS,0,1,0.0
AQ3GHT17PGSBL,0,1,0.0
A1O0E7X4PTQUKI,0,1,0.0
A2BZJFWHYPSBHX,0,1,0.0
AIAB531WQ3QK4,0,1,0.0
A33P7MDWX7YCTO,0,1,0.0
A2AU2OVD6VT49Z,0,1,0.0
A2HZJP1IXJKJU9,0,1,0.0
AA6M6COS1GFMH,0,1,0.0
A12N1AI7AFCWPL,0,1,0.0
A3834H4VG8SD5F,0,1,0.0
AVK09LGQTSX33,0,1,0.0
A1YQ1B7BMRW0OU,0,1,0.0
A1HWM3W07YCT0E,0,1,0.0
A2178GAETFK3JK,0,1,0.0
A1C3IHGXPG4DID,0,1,0.0
A1INYXXG4F9TCN,0,1,0.0
A3HHEF1R6L7651,0,1,0.0
A1IVUCWS4LXCRL,0,1,0.0
A29R396BDDEMON,0,1,0.0
A2QY4X667Z3US5,0,1,0.0
A2LPBW9N4VTGYD,0,1,0.0
A2R6SB61DQ1VXU,0,1,0.0
A1UZG5XKLCD4YP,0,1,0.0
A16ACKP8KU4Y45,0,1,0.0
A29UXE5B1U2163,0,1,0.0
A39XSMAPJ2P2TX,0,1,0.0
A2WG310V8BKUEW,0,1,0.0
A3NG9N42VMUCP,0,1,0.0
A2625O0YUTMAIR,0,1,0.0
A3DPHU1UEI919U,0,1,0.0
AN1JYRA1MDHUD,0,1,0.0
A3EA63Y0I1SDEP,0,1,0.0
A3KTN2CBQRW3I0,0,1,0.0
A34OS716X8ANZT,0,1,0.0
AA5S8E460UZ1J,0,1,0.0
A2G3DITF3CHSEF,0,1,0.0
A3A1WDSKLIMR38,0,1,0.0
A3JU990UTN5RQP,0,1,0.0
A1G8OCMAGGRDQ2,0,1,0.0
A1E7TJ3H5TT73P,0,1,0.0
A1GE6AROZ4IEAJ,0,1,0.0
A3O969BRYQ347T,0,1,0.0
AIPGSRPV67ER0,0,1,0.0
A2AHDC5WZ5K7YL,0,1,0.0
A1BYXHK8MN78QV,0,1,0.0
A1KG05N26TY625,0,1,0.0
A7KIPOL4IQ8L,0,1,0.0
A32XWBSZWC3SNR,0,1,0.0
AO68X66YOJGQI,0,1,0.0
A2ELXAZ8EM4N0N,0,1,0.0
A1YK9VABYRU6NB,0,1,0.0
A1GNFIQAULOYUT,0,1,0.0
A3HDSPFMOCEUTA,0,1,0.0
A1KHK2A7W2ZHRH,0,1,0.0
A3W4NLU1LAA153,0,1,0.0
A2T19CI7GUT9HE,0,1,0.0
A33SAL1G5AYLST,0,1,0.0
A2ZIIOORFKU1S9,0,1,0.0
AC2KX2856CJPQ,0,1,0.0
A5KVLN94M3U1V,0,1,0.0
A31EUFYV87EKZF,0,1,0.0
A1SDH3R8G6EC6X,0,1,0.0
AHM54PJQF2JA9,0,1,0.0
A29DETROWWTBOY,0,1,0.0
AR2BPDZWGJO65,0,1,0.0
A2VJSRI3AOCAD6,0,1,0.0
A6JQT8CK2RWLH,0,1,0.0
A7JHC4AZYRX23,0,1,0.0
A2CCLNVLC5AV28,0,1,0.0
A1HCI1QT7B7KJF,0,1,0.0
A21FX4X350687H,0,1,0.0
A3SZHF95Q773JV,0,1,0.0
AKR5AFA0X3FAP,0,1,0.0
A1LTGBQIO4T9NS,0,1,0.0
A3G3Q0WO65I8Q6,0,1,0.0
A2CO0BEL3PM0PY,0,1,0.0
A2G32KJR18QZ1I,0,1,0.0
A3J3QD1GK2VMR8,0,1,0.0
A3P85GOGY4MDE6,0,1,0.0
A2J9NEE5C5D2AU,0,1,0.0
A417SZZ6IWQI3,0,1,0.0
A1N7XETGN3E6YB,0,1,0.0
A2E3BO2U4Y7N4L,0,1,0.0
A1Y1OFA3IPE5K9,0,1,0.0
APFSFA4B91BOI,0,1,0.0
A3IX9M09JQCHKR,0,1,0.0
A17KP8THH33QU4,0,1,0.0
A3PBS7LDLRFGB1,0,1,0.0
A1CNEM3O361WKL,0,1,0.0
A2D9G0F9MAX2OE,0,1,0.0
A1322OXUGWSSAD,0,1,0.0
A381AI1X2V6RA8,0,1,0.0
A1Z0EWNK856MUQ,0,1,0.0
A2UGMUPCW2ZVSH,0,1,0.0
A3U5O91F3IMRB,0,1,0.0
A2CCIJ3SM5W136,0,1,0.0
A1MTVBDE8JP0KT,0,1,0.0
A2AK9QCWJ7PJHV,0,1,0.0
A2R0MH3WVKSNGB,0,1,0.0
A2FHQR1KU3M27N,0,1,0.0
AC81CGJ6K9QW8,0,1,0.0
AUKDBDI2PVGTA,0,1,0.0
AJO5UGNMFVDJN,0,1,0.0
A355QXBVAVOQ6O,0,1,0.0
A1E1BTLNFUKG5,0,1,0.0
A1XDG8Q5TN2Q49,0,1,0.0
A1DLGTOY9ZZC54,0,1,0.0
A2EDU7RYO6S8KQ,0,1,0.0
AQYMYM94LI3TB,0,1,0.0
A16PERDJHILDUB,0,1,0.0
A10R5CSRK0US7A,0,1,0.0
A1YG18N8WU2WWR,0,1,0.0
A3EXJSCK1RWV2Z,0,1,0.0
A15G70V9OBTOVO,0,1,0.0
A355091D0MRS8E,0,1,0.0
A13VJYR6NWK0A7,0,1,0.0
A2WRKQY6L32JJV,0,1,0.0
A28R4D0T6ETNAO,0,1,0.0
A21RFYC6UGPYJV,0,1,0.0
A7HY1CEDK0204,0,1,0.0
AOW1JG0YNDF6C,0,1,0.0
A12E2KPAXV0ZMK,0,1,0.0
AF6VCO8270L2N,0,1,0.0
A2D7IS8H534D20,0,1,0.0
A2F0SPVBIWY9SL,0,1,0.0
AW1VA3H8A5N12,0,1,0.0
AWZJHLU69PAH7,0,1,0.0
ABJRP4JJOHJHH,0,1,0.0
A3HFG905TQ77FL,0,1,0.0
A1SDUICD94KYM,0,1,0.0
A3G4NSG8P49G4L,0,1,0.0
A3TAMNYKRLIC3W,0,1,0.0
A9G7HOCY9AASC,0,1,0.0
A3HKJUDAXMZHFE,0,1,0.0
A2GXG1ZNBN75E3,0,1,0.0
A3BNEAYDD0I6RT,0,1,0.0
A3HU6DC49QTI2D,0,1,0.0
A2LT3NLBSTYSMZ,0,1,0.0
A1HJ4UL33SOC7M,0,1,0.0
A2Z9LV56BDY6EM,0,1,0.0
AROEAJRHBJ9ZT,0,1,0.0
A2J0BQQB1AQLSW,0,1,0.0
A2Q3S5ZMZM4X47,0,1,0.0
AGGR4VMDX9Y01,0,1,0.0
A3VS52146VFF65,0,1,0.0
A1K5H8RA39DKT4,0,1,0.0
A2RU3I9HV8SQNO,0,1,0.0
A3TQOZ5EGVBP63,0,1,0.0
A11510FLJ2SCHM,0,1,0.0
A1VSTY04V4MNUK,0,1,0.0
AJOF1CZXBB5BG,0,1,0.0
AOR1LY5MMSRL3,0,1,0.0
A1XZTL8S63CHT2,0,1,0.0
ACINECQRU9XMW,0,1,0.0
A2B420CB0KROU1,0,1,0.0
A21L6LDLEKM7H2,0,1,0.0
A106MB2IVYFRWR,0,1,0.0
AUQ4YLHHS478X,0,1,0.0
A25AFBV75QOEJD,0,1,0.0
A3SWVY7NZ4DMDX,0,1,0.0
A32YNG1KEBE4BZ,0,1,0.0
A3N5PA768EFIDP,0,1,0.0
A28FCXGE7MWO0F,0,1,0.0
A2C352EB1Z0PZK,0,1,0.0
A1SPERUU1MVQK1,0,1,0.0
A2RSTT7LKR8UYO,0,1,0.0
A3N37IWYXIEFL0,0,1,0.0
A1JQR84UL2IOGK,0,1,0.0
A179FCFOKQGJFN,0,1,0.0
ATVWPWH2JAFF1,0,1,0.0
A1CDR00JQ1IAV,0,1,0.0
A30UMRBVWX0VPX,0,1,0.0
A1HH68Y3G3M21Z,0,1,0.0
AB5SX4EPBKYMG,0,1,0.0
A1A3SWY3JMRBWG,0,1,0.0
A1KWLSHD6O5V9J,0,1,0.0
A21JQESCG0LDJ8,0,1,0.0
A104UMJG7UJP2K,0,1,0.0
A32NY5D9QT8PGE,0,1,0.0
A1VS1LL905P5L5,0,1,0.0
ANGTXZIY1V1TI,0,1,0.0
A2W2BGVTAJ2PSM,0,1,0.0
A3PV2UN5HWCMGU,0,1,0.0
A3O50CWH0MPE5V,0,1,0.0
A3AMU23EBVBZJZ,0,1,0.0
AACE9HX9DWSU9,0,1,0.0
A5WRKFUY16F17,0,1,0.0
A2BMJZV0TB213D,0,1,0.0
AOO6FZHDMZO1S,0,1,0.0
A3FK275D13K5WJ,0,1,0.0
A3QVN3OVRKKCT6,0,1,0.0
A1QSMN2PHSXGGS,0,1,0.0
ANEA9U64SYH0Q,0,1,0.0
A3D6P1CR4FYLUQ,0,1,0.0
A1IK3U20MSQZLC,0,1,0.0
A1WRTLPUNOTB6H,0,1,0.0
A1P02GG94LPF80,0,1,0.0
AVPJ9F4OR0VRB,0,1,0.0
A2ZK6GEC4045K,0,1,0.0
A3NVDL0K6Y0W28,0,1,0.0
A2Q5BBLJK3SIJB,0,1,0.0
A1PTPN5SY7C7SW,0,1,0.0
A3US5ZQU4A1FDS,0,1,0.0
A31UM38UFS5OF5,0,1,0.0
ABKR7RC02WQLU,0,1,0.0
A1D4ZOYUJRMU9W,0,1,0.0
AGJ89OG4HNWW5,0,1,0.0
A3658CRHO5BD9W,0,1,0.0
AOEG7G97HCETR,0,1,0.0
AXMSPNA0YH7YZ,0,1,0.0
A3Q7WYYAZ12B7N,0,1,0.0
A2KE3HCVYS1GH1,0,1,0.0
A3A9NZZOEEWI31,0,1,0.0
A33ARQTZTM214,0,1,0.0
A1ASWOUFFGBT37,0,1,0.0
AF5MSCBHDDID4,0,1,0.0
A3BJIB38MZKWD4,0,1,0.0
AJT08ZT4NQBYX,0,1,0.0
A35JZ5OWVFSS7G,0,1,0.0
A2U4Z76U7DF68,0,1,0.0
A2R4LSV1WUYWJX,0,1,0.0
A15MFTBDJP4V56,0,1,0.0
A24AZ2MCPL7RZ6,0,1,0.0
AWMRFDJEQITSN,0,1,0.0
A3C38ORL87V4,0,1,0.0
A2LNDUKZZJBNWM,0,1,0.0
A1J1AZTN9IU13J,0,1,0.0
A29JH1CJ1CHMVX,0,1,0.0
A1PZJB4VW943JH,0,1,0.0
A2OEROP2QM102N,0,1,0.0
A39AGYZ2WBPIJT,0,1,0.0
A1FI4UL6C50NZJ,0,1,0.0
A1IO9HRIA7ZJGU,0,1,0.0
A3QDDEW6RXVEAY,0,1,0.0
A1GJO08DIR50JQ,0,1,0.0
A2SID5XRX582QL,0,1,0.0
A3JLBMXPEENJ9T,0,1,0.0
A10Z8FC0SMU5VQ,0,1,0.0
AK8B4ETE3G6UB,0,1,0.0
A2J3FNB3NVC24,0,1,0.0
A2QWWTX41EAKB,0,1,0.0
A27D29NC8SZTJ2,0,1,0.0
A15KU106QR0UXI,0,1,0.0
A26E0Q2VSOHDEI,0,1,0.0
A38Z55RTJB5QCI,0,1,0.0
A3FILXI12RWHS4,0,1,0.0
AW2POXRDGDYWR,0,1,0.0
A1MT4NHNZJ9L34,0,1,0.0
AZWXG6KBXXC2N,0,1,0.0
A1J9FMHULAAZ9B,0,1,0.0
AH0HULTQ44W2,0,1,0.0
A84VS1GJ2V5Y,0,1,0.0
A2BJ5GTHXK2NRT,0,1,0.0
A3AV5JPTMEJ3U6,0,1,0.0
A2Q5010V576P71,0,1,0.0
A3OQJC5R0QTWTA,0,1,0.0
A1WP4WN1BBU680,0,1,0.0
A2VEBBU8VVPJ4U,0,1,0.0
A3GIFH6IJ9T3V2,0,1,0.0
A1HP0VVL419448,0,1,0.0
A1JKOQHFS4HZAN,0,1,0.0
A1G2N5EOINWJ9I,0,1,0.0
APAA7N2VTURIM,0,1,0.0
A2AFFIW9KTDB8O,0,1,0.0
A3T6W3UKZBIUTB,0,1,0.0
A173WMKILCSAK6,0,1,0.0
A3EUP6JL17VQQZ,0,1,0.0
A16DLBQYL5XZB0,0,1,0.0
A17OGDN4Z87DN4,0,1,0.0
A3G19B09K43OAK,0,1,0.0
A36TX67TAV4WJQ,0,1,0.0
A157V5FZZNHC9U,0,1,0.0
A5OF2KARX7J5U,0,1,0.0
A1OHN2B447Y0FK,0,1,0.0
AAYANAEX0B7MW,0,1,0.0
A38YG54NBD5TQ,0,1,0.0
A1UTCV820IYG8A,0,1,0.0
A2QAFTL5ZOEU1Z,0,1,0.0
A217ZX32TCI8KL,0,1,0.0
A25PZED2LHC8O4,0,1,0.0
A3JAITM5A93M0U,0,1,0.0
A2ZCWSZICBSO8Z,0,1,0.0
A1OZL1HR9O7WVV,0,1,0.0
A9OD7T1MY5FPI,0,1,0.0
A1DIB3ER25DP5U,0,1,0.0
A3480F18ZTLMWJ,0,1,0.0
A3RHYWBMDX7J8D,0,1,0.0
A2RTGJ0ZR93ECB,0,1,0.0
A20YJDWDMWZ9NS,0,1,0.0
AHLTAOM2825VQ,0,1,0.0
A30IC78OWIW5OW,0,1,0.0
ABDIEN5LT0PII,0,1,0.0
A3LAOPDVS08O98,0,1,0.0
A3F11LFK9YRGV7,0,1,0.0
A3B87N2ME1NIWH,0,1,0.0
A308ET1SK00U6V,0,1,0.0
A44UKZE6XEV9,0,1,0.0
A23RESP5H8B8NE,0,1,0.0
A2KZKRJS2WG4QI,0,1,0.0
A4ODWP5ICN23N,0,1,0.0
AHPS2A529W2SQ,0,1,0.0
A1WG0DVFS9ZUQ0,0,1,0.0
A1A6C30655N426,0,1,0.0
AWYCDQ6CI18G,0,1,0.0
A18G57WD2NODGF,0,1,0.0
A2YIBBPK6JFVQC,0,1,0.0
AG7UPJV2IDKTO,0,1,0.0
A14ZU0V7CFWMJ3,0,1,0.0
A2JAYIHZDFK3XB,0,1,0.0
A2745OK52PQYL6,0,1,0.0
APNIAK7MKD4HH,0,1,0.0
A2Z1FK6BTK1IIQ,0,1,0.0
A2CSRY34KF9J78,0,1,0.0
AP9FFNQM4DZWV,0,1,0.0
A26SNFYWFPNOJX,0,1,0.0
A3HJIOWKO7R1DR,0,1,0.0
A2833WO1VZAG9H,0,1,0.0
A174P367YZ02ZE,0,1,0.0
A2WPLAK5I76N8N,0,1,0.0
A159OC051GQAVB,0,1,0.0
AP2EPKWJE01ZZ,0,1,0.0
A1TSL0N2XQV7DJ,0,1,0.0
A2RRWGS5XEJVCC,0,1,0.0
A1MZ32IIANWUI4,0,1,0.0
A1RV8W638VD3AA,0,1,0.0
A21NQZEME5HHMD,0,1,0.0
A3AOV2SQ629OMJ,0,1,0.0
A2HC5WKYJOYY96,0,1,0.0
A2NWQRHDCX0AD1,0,1,0.0
A1JTO5EHOKX2PS,0,1,0.0
A3UTEDNLSJF3Y8,0,1,0.0
A3J0FSNHFNUH9H,0,1,0.0
ACDHUPAMZR7DC,0,1,0.0
A2XEX0P6SDSDVS,0,1,0.0
A26KXR0KQPM1U3,0,1,0.0
A3MOR10UWP4B1H,0,1,0.0
A3C5NG192XR4FS,0,1,0.0
A1MPTOCYQWUWT1,0,1,0.0
A3BBYU3RHYNLLQ,0,1,0.0
A2DMOTZH0LN44F,0,1,0.0
A12Z5X037TK440,0,1,0.0
A33Q00PKGDAUY1,0,1,0.0
A27QPWKQ0TMAYU,0,1,0.0
ASOU1OEHLJVK,0,1,0.0
A122IHCV9NQOD9,0,1,0.0
A305EHGTB1OGTA,0,1,0.0
AGX8N8O95L9NB,0,1,0.0
A1FXPKJXX3Z42J,0,1,0.0
A2WM1KL9DQSQ18,0,1,0.0
A3JQDCCN8OJ2OL,0,1,0.0
A16XEVZNVOAV4J,0,1,0.0
A3U4FCEAT75XLS,0,1,0.0
AUV8G0IR8A7LR,0,1,0.0
A7O1XESFWS0BB,0,1,0.0
AE2URYCBT0SX9,0,1,0.0
A3UFFJKLHHA7NC,0,1,0.0
A1USJ2Y6KACG1D,0,1,0.0
A19FK9FZ19RF36,0,1,0.0
A36AQ69ZYQAKCU,0,1,0.0
A2EAPHDHNS3ONC,0,1,0.0
A2134NN7WZDDFT,0,1,0.0
A3SRQ9QJ1CJKGB,0,1,0.0
A2V24SPBFPCMQ3,0,1,0.0
A2BERMRXE7Y293,0,1,0.0
A2NMFVD61EGMY2,0,1,0.0
A1LG2DYXUUQYJZ,0,1,0.0
A50EKG08BL5DE,0,1,0.0
A1NZFW3DTHWTEI,0,1,0.0
AKN40DPD84M5R,0,1,0.0
A1UUXXZ1OIMVY6,0,1,0.0
A3LKZ7353APU9T,0,1,0.0
A2IVCXNV2WNOF,0,1,0.0
A3K225TUAJG7UW,0,1,0.0
ARJTFLXYAG3X5,0,1,0.0
A1CHDQ9LFMYJFH,0,1,0.0
A3KV1N6N34D6XA,0,1,0.0
A3HFA497LX7BW3,0,1,0.0
A6FR266LGUHQR,0,1,0.0
A32KAMWV31JB5O,0,1,0.0
AIPZEBUEDO7ON,0,1,0.0
A1VYK7LECDF20F,0,1,0.0
A2HIHB3PSTLSHJ,0,1,0.0
A330UXVKJ9T142,0,1,0.0
A33N3Z9MYSIPRO,0,1,0.0
A1E6UCZQCU70T7,0,1,0.0
A35YDDGFERKDG0,0,1,0.0
A3EIJ5HBA6H1N8,0,1,0.0
A1XRA99G70IALT,0,1,0.0
AO4ZORR05SSFZ,0,1,0.0
A33U4A0EQZ9CEM,0,1,0.0
A3B927BOKGR1FQ,0,1,0.0
A3P2TXT2WDMZR6,0,1,0.0
A1W2CHM9OXLUUX,0,1,0.0
A147ZWAKYXYFB0,0,1,0.0
AASHXVH43EX0E,0,1,0.0
A18S63SLWHGY4M,0,1,0.0
A1ZPJ9MIVVMZNM,0,1,0.0
A331IK9CXHQVUN,0,1,0.0
A3AB5SIFFCG1WS,0,1,0.0
AB6BXYA1TFLTP,0,1,0.0
A37J5MKKCOIEED,0,1,0.0
A2NOGPQWHWU4GT,0,1,0.0
A3TOB6873G5JC9,0,1,0.0
A294WDDU7PKTVN,0,1,0.0
A1ZH45IQUJYCOJ,0,1,0.0
A1IBXE35QJN5E8,0,1,0.0
AAVWXO2TVQM1K,0,1,0.0
A118A5A1YWAZE,0,1,0.0
A38ZKGP6U1QOF0,0,1,0.0
AS6DAKFBL309N,0,1,0.0
A3L7EQAO3CI00Z,0,1,0.0
A8TPMYYCV00OB,0,1,0.0
A1APEMHBJD6FQJ,0,1,0.0
A3EUL7LI5UYE8P,0,1,0.0
A1BI1OEF6WZOZS,0,1,0.0
A24J56VZRKW4XA,0,1,0.0
A3GN3H910MOZ5A,0,1,0.0
A3OD2SIQZTH4PK,0,1,0.0
A2I0HWQDL137NW,0,1,0.0
A1GF4OPUJS9R0T,0,1,0.0
AORXNI4GOQNSY,0,1,0.0
A32SJN30HT35O1,0,1,0.0
AAZA7B023FEDW,0,1,0.0
A31IXCWL50KRR7,0,1,0.0
A1G962BYW949PD,0,1,0.0
A1NWTHN0X3OR9P,0,1,0.0
A9EDWX9SR4XT6,0,1,0.0
A2SJWKPX3QXHD3,0,1,0.0
A38I2YE5DPF9PT,0,1,0.0
A1036DL5ZHETR,0,1,0.0
A3I5SGVPSQARNJ,0,1,0.0
A19Y5KKXMSPM37,0,1,0.0
A2V0TX1N4A5DB,0,1,0.0
A28GZFNGKUZRFD,0,1,0.0
A33V25KHAU1SP7,0,1,0.0
A2C33LSTCOU5IQ,0,1,0.0
A28MHC5QYZ9J5F,0,1,0.0
A15UUAL4CUZKC2,0,1,0.0
A1A3JIMJCG87GW,0,1,0.0
A1VUP1SBJWC4UP,0,1,0.0
A1DBQE62DQZN07,0,1,0.0
A3NKL43SIFR3CK,0,1,0.0
A2128VHD2HZFOT,0,1,0.0
A1UAUQ1VCCVMYI,0,1,0.0
A139084IQ5GB0I,0,1,0.0
A2BUXQ05X8GB58,0,1,0.0
A21XQWMYER42U5,0,1,0.0
A2HXQ3DVA532KR,0,1,0.0
A1AVVSYDH3C3X,0,1,0.0
ARS5AVXUVTAA4,0,1,0.0
AN15R7KT7KEGB,0,1,0.0
A1A8KFAUEZLFU5,0,1,0.0
A6OCU7DV3NYL3,0,1,0.0
A3H2TN29DG1SS3,0,1,0.0
A1T6KXZKJ8ZUWO,0,1,0.0
A338WMJ8QUF79,0,1,0.0
A2AQMJ449X1OEI,0,1,0.0
A1VG6TG6LKBPKP,0,1,0.0
A2YWHND2TY7706,0,1,0.0
A2DQ2U5BYIXNUJ,0,1,0.0
A5834FSAH2HZQ,0,1,0.0
A2H69UXCJICBUV,0,1,0.0
A8QUY85XR577A,0,1,0.0
A2O0V7VKB9OH11,0,1,0.0
A2V11FOULOL8VG,0,1,0.0
A2ZXYCWPNS6KX4,0,1,0.0
A1GHUN5HXMHZ89,0,1,0.0
A3ES9GMLKNN5TJ,0,1,0.0
A3BNYC25EOEURJ,0,1,0.0
A1V4TNA516LBLH,0,1,0.0
AODKB0THUTN7W,0,1,0.0
A2RPZ2CAO0S490,0,1,0.0
AWQJ2PTB65XQR,0,1,0.0
A4R0P9O20UQN4,0,1,0.0
A1NK1BYWRE7VFH,0,1,0.0
A22F6OR796U3IR,0,1,0.0
A18KVG5DR2T8IQ,0,1,0.0
ADW9VUM2NREY8,0,1,0.0
AXM76I9V0451M,0,1,0.0
A1EAUJAQ1HIER2,0,1,0.0
A27XFNU6UX20CA,0,1,0.0
A1EECDRU4MEGF3,0,1,0.0
A1G3ZBQQY6IR6Y,0,1,0.0
A3RMXNZMYN0U43,0,1,0.0
A2KWDZVYEIWWSE,0,1,0.0
ACCDYVXJKFSXK,0,1,0.0
A347BI7BGI0MS9,0,1,0.0
A24XFCZJKMAONS,0,1,0.0
A3BYKHRPDEMS7B,0,1,0.0
A36BTNRKC5TF5,0,1,0.0
A2C8IUK1PFWPHK,0,1,0.0
A2BK8AJS9ASZPL,0,1,0.0
A3IXCF92PS9B05,0,1,0.0
A2FOKHWBXETTPO,0,1,0.0
ARQYG8RE8BA4U,0,1,0.0
A2KS9RU4KH8NQG,0,1,0.0
A23GA883KO0V9I,0,1,0.0
A36VH5B1T6CFOD,0,1,0.0
A133FK8886PGZ2,0,1,0.0
A2480CI91NG7U7,0,1,0.0
A1KZP366BCW0CR,0,1,0.0
A2HTEGASPEA35B,0,1,0.0
A12G3TH850QSZX,0,1,0.0
A9GB16Y3ZUC1R,0,1,0.0
A1BFT3PRJUYR46,0,1,0.0
A1DKNFJAFYC3QI,0,1,0.0
AARA6Y6F78JCN,0,1,0.0
A3R4Q2UEPTZPSQ,0,1,0.0
A3JEHY6YI4OQLP,0,1,0.0
AI20IWUXDTR30,0,1,0.0
AZLT7FTCN6JO5,0,1,0.0
A3LEEWD0Q3UE9O,0,1,0.0
ACZD1BCN2YU67,0,1,0.0
A3DW8WD4TGMNF0,0,1,0.0
A166NRU4SYKDL4,0,1,0.0
A1SYD5RU6MQ5VY,0,1,0.0
AEP6UQQQXO48B,0,1,0.0
ATQ9X7AO9OETJ,0,1,0.0
A1HXBS0A8CTSSM,0,1,0.0
A34PP7YI3H5PE5,0,1,0.0
A1M72Q7EUR533D,0,1,0.0
A25FYZAJ2ITLSN,0,1,0.0
A2K86G0KVE4XU,0,1,0.0
A370Q4EYH8BPVE,0,1,0.0
A1DYHNSD4T1LEH,0,1,0.0
A1B26TNQEWHQ4K,0,1,0.0
A390UFRRO2BLZS,0,1,0.0
A35OQ29USFZHDN,0,1,0.0
A3ED1UP7WYCPVZ,0,1,0.0
A236AKZ5OB5DI7,0,1,0.0
A9WXGBR0J71N1,0,1,0.0
A1YLE4WIPHNZGT,0,1,0.0
ATYRRM7WF8094,0,1,0.0
A2G548RFY03L2D,0,1,0.0
A3G6JEPMHP8H1W,0,1,0.0
A3G1NGQAAE28PP,0,1,0.0
A3B1FSW9UWIWHA,0,1,0.0
A2QIHQ4HE4G9HE,0,1,0.0
A2EH9PUFVZGI52,0,1,0.0
A3KCB6IMTFBPZV,0,1,0.0
ANCOMAI0I7LVG,0,1,0.0
A2ED4B0VYYQ849,0,1,0.0
A5BFBXMYI5JEN,0,1,0.0
A1O0FU7O0RJA4F,0,1,0.0
ACKAZVADOU8EG,0,1,0.0
A13LIHZAH2RYG,0,1,0.0
A1G8ICG5K2WVUO,0,1,0.0
A3EMG0HA76J7Z8,0,1,0.0
A1ZEHPU9ND9GDA,0,1,0.0
A2GWCK5EO96D7I,0,1,0.0
A1RZ77T1M1VTAG,0,1,0.0
A263VWGZ4GICOP,0,1,0.0
A24KUTKDRQK5AA,0,1,0.0
AML9JRK4SP222,0,1,0.0
A2VIX50K7SO6SZ,0,1,0.0
A20H7YLOAF3YQC,0,1,0.0
A1QZQ5J5CAKQV9,0,1,0.0
A1BNJN6JB1PZC9,0,1,0.0
A242F6M6E948UT,0,1,0.0
A38UZ9485PIJXF,0,1,0.0
A3PYCGZZC3DVSV,0,1,0.0
A2GNATC9V28GJS,0,1,0.0
A30LTCNBG96J9Q,0,1,0.0
A2PO0FGZYPO6T2,0,1,0.0
A2JZECAHJV8GL4,0,1,0.0
AF2TVLLDYTX7,0,1,0.0
A33NKF3Y0CRGCQ,0,1,0.0
A2G1GZ9JYQ372,0,1,0.0
A1RC57T5JNV2WP,0,1,0.0
AVWK4D1A6AXVQ,0,1,0.0
A4NRNOKZAZMZC,0,1,0.0
AACXVPEUAD32F,0,1,0.0
A2PVDS90UJCSN2,0,1,0.0
A3UZWT71Q2UWHH,0,1,0.0
AZE5TY5Z31Z6Q,0,1,0.0
A3P235R8CZH82V,0,1,0.0
A2Y9P0B8JGSY,0,1,0.0
A1J60T6AUO4FZ9,0,1,0.0
A1V198BJJTKJBQ,0,1,0.0
A2J740RDIZVRXK,0,1,0.0
A1WFF74N8PI71S,0,1,0.0
AC2IWMCGG70MD,0,1,0.0
A3FG70JHP6A6PX,0,1,0.0
A8JKZ50QBRXZY,0,1,0.0
A3T6TYHHUBB9FU,0,1,0.0
A1H4BC52AQJLQJ,0,1,0.0
A3RC2OSA1WWYJ3,0,1,0.0
A1OHEOHXITWN5W,0,1,0.0
A1A6UYFNC1L304,0,1,0.0
A1LUAKKT4ST6H7,0,1,0.0
A3CQJ45A05RX1O,0,1,0.0
A2G2QNKDL1Y6AC,0,1,0.0
AUFSPD7TNY1FO,0,1,0.0
A21ZEB3OP7KMUX,0,1,0.0
A2JO8NBR9VJG6E,0,1,0.0
A255WGLWOF4OJJ,0,1,0.0
A3TCN2R34CBOTW,0,1,0.0
A3QG1JW6O3SD96,0,1,0.0
A9KAKO9RHE3QN,0,1,0.0
A1BBLVUX9BAEUP,0,1,0.0
AS0QA5FERKCW6,0,1,0.0
A3THUD3HY7P3K1,0,1,0.0
A2FLJCJ3SW0TUY,0,1,0.0
A28MBNGVHXO93G,0,1,0.0
A3RB1JA72Z0TUN,0,1,0.0
A32CLSXADCES9G,0,1,0.0
A2XAQ3LB4QPEV9,0,1,0.0
A2P5DAIPQO6W7C,0,1,0.0
A3D1KJLJOCKDEL,0,1,0.0
A10BYTL5JBGPWR,0,1,0.0
A2OWNMFMQ68287,0,1,0.0
A15LBV9P4WA7SE,0,1,0.0
A3LA01MBK3Z6C3,0,1,0.0
A1H3ARYY3EXOZR,0,1,0.0
A30XJ7QUNXCXYW,0,1,0.0
ARKQYQ6FMLT3H,0,1,0.0
A3P8D1HOYW3HMQ,0,1,0.0
A3U0MFX1PMY9R4,0,1,0.0
AAX8GK2XM57NK,0,1,0.0
A1EBZQ98CFXBY8,0,1,0.0
A1ZCV0IX1PIT63,0,1,0.0
A33G1ARAO3MEH2,0,1,0.0
ARQUEOZ6N818C,0,1,0.0
A2M4U0ZK4R3ZXW,0,1,0.0
A31T2HI8SX0D39,0,1,0.0
A1PE07FDHM05I7,0,1,0.0
A33RF29QGMDFBC,0,1,0.0
A3DWJPNIMV9PMG,0,1,0.0
A1Y4G3WZ321YAE,0,1,0.0
A2HRY9WK9T3RUX,0,1,0.0
AM18CU72YEWH5,0,1,0.0
A1VFO5ILRSUYZ8,0,1,0.0
ADX81OJF8C5CF,0,1,0.0
A33KTZZRC1Y1YN,0,1,0.0
A3HZOPDA4KKC5W,0,1,0.0
A33CDYFTQH0P4U,0,1,0.0
A3VMGMP00Y9VOY,0,1,0.0
A2FKAA9O3ZRT3N,0,1,0.0
A2GVRVUBBGH5V0,0,1,0.0
A2E276RT57KTRG,0,1,0.0
A2V80K8RI924EJ,0,1,0.0
A1IIZ215YDF9BM,0,1,0.0
A1TPL1YY9V6BJY,0,1,0.0
A26M1R1JQTTPS1,0,1,0.0
A3K3WV35QBGF11,0,1,0.0
A1NP91R1CRPNQX,0,1,0.0
A1I2KYD95HIJ8L,0,1,0.0
AY2MOV0CPE0XL,0,1,0.0
A363R8DIVEZWMG,0,1,0.0
AS2YLGCQCUSI,0,1,0.0
A3S15J9WWXXOCB,0,1,0.0
A2ZVQL2Y73ND45,0,1,0.0
AE8LCUNRSTTW2,0,1,0.0
A3OI24430N17SA,0,1,0.0
A1DM587OXT8OVD,0,1,0.0
AFEK14A7MNGTV,0,1,0.0
A3NKSY3I0UW3KK,0,1,0.0
A1XUNEVQG3YMYC,0,1,0.0
A1Q4EJDS04Z4MW,0,1,0.0
AWOR9KIKQLVK5,0,1,0.0
ALZ8EVPGN68LO,0,1,0.0
A12HAPY022GVPE,0,1,0.0
A1UMW72H0X1AFO,0,1,0.0
A3MEDEQS42LWCM,0,1,0.0
A21DOCRFZD6YKE,0,1,0.0
A2HOAC7TJ26969,0,1,0.0
A19S0PVHO7GF1G,0,1,0.0
A14ZMPSQIQYMQX,0,1,0.0
A3J6SVDM96JYQF,0,1,0.0
A3H5CVICTMQRS8,0,1,0.0
A36MD4KAVIPLB2,0,1,0.0
A1YGZ59SCQG149,0,1,0.0
AO1Z6ER9FPXDC,0,1,0.0
ATTRJX1NFKJZ3,0,1,0.0
A2L606SZFN9ZYI,0,1,0.0
A2WE24HCTKKM4X,0,1,0.0
A2W3U5MHPVUP7E,0,1,0.0
ADHABLMCBV9CG,0,1,0.0
A28KKIXXND8YDF,0,1,0.0
A1G8EY7AUEFTB5,0,1,0.0
A1VUSWRVN8SJA8,0,1,0.0
A300JNN2QFGDQW,0,1,0.0
A58HWDUOYBE80,0,1,0.0
A3OKKZM41VOZK7,0,1,0.0
AZPB6D27V00CR,0,1,0.0
A3SBXIOSQ3455W,0,1,0.0
AJPCB8S3TFLOQ,0,1,0.0
A3STUYYPY03ZAT,0,1,0.0
A159MP5R9JG06G,0,1,0.0
A3FK474L7GD0U8,0,1,0.0
A12GX7ZUGK638N,0,1,0.0
AAMR8DYZV4H7O,0,1,0.0
A33WA5TQZB8TP4,0,1,0.0
A1TUWTSVS1F2RJ,0,1,0.0
A8WDG81D8PMXI,0,1,0.0
A3G7UEG64KNGNY,0,1,0.0
A2HXCPYDWGFP7X,0,1,0.0
A2DGP7L5CWBWTS,0,1,0.0
A1CZVOTQ2OUWNU,0,1,0.0
A3CZO6QZHJ8IY3,0,1,0.0
A1WRCESREJ59W6,0,1,0.0
A27FNQDQP12TJM,0,1,0.0
A2KTY2H7VHKIIO,0,1,0.0
A32RNPMHES1MPC,0,1,0.0
A1NRF270H9QGK3,0,1,0.0
A18UYPP6BTEYWS,0,1,0.0
AMYLICF12M47G,0,1,0.0
ADHSORA794GWJ,0,1,0.0
A3S3XESYDHV39U,0,1,0.0
A1A0XTCWVSYV7W,0,1,0.0
A3LFA4EH8K2K98,0,1,0.0
A30UNFIT9XNPQ1,0,1,0.0
A2WP3WEYA1SQCA,0,1,0.0
AU1H008SC4LDL,0,1,0.0
A1LL8LGUZMNN7P,0,1,0.0
AR6G1SSIGV2R8,0,1,0.0
A2ZPUPNKC6JEL7,0,1,0.0
A3QS8K9V8BS2H7,0,1,0.0
A1LZH9ZDPVK5F1,0,1,0.0
A25RR4OLL774IK,0,1,0.0
A2QP9ZPGXPM2P9,0,1,0.0
A2D4U992GODEPP,0,1,0.0
A1F2CISGV6LB9Y,0,1,0.0
A1XZWDVV4EH860,0,1,0.0
A2O7YVGKZSXZRU,0,1,0.0
A30ZI78LPFJ7JR,0,1,0.0
AHVV0165ZYBT,0,1,0.0
A2TKHRZ5SW8M5,0,1,0.0
A3RDIQ577D0XEU,0,1,0.0
A2IY4DLNW5FB01,0,1,0.0
A1PP3VGMONR8ZE,0,1,0.0
AZ13J5C18ZV77,0,1,0.0
ALVES1OA7MBXP,0,1,0.0
A3O10ZTQSU6RKX,0,1,0.0
A16A33SHL9D8K6,0,1,0.0
AOQMN4EDMQIKL,0,1,0.0
A1Q6WLQMN5BRU6,0,1,0.0
A38D1RKG2YKC8E,0,1,0.0
A1TAARTDC411Q0,0,1,0.0
AORSH1CU6IPHC,0,1,0.0
A2Y2YN8TJB9U6P,0,1,0.0
A23C5OK3TSF8JV,0,1,0.0
A2OHU7D2MOBR3T,0,1,0.0
AED24PGN5EZRX,0,1,0.0
A2OYWMBQ50V2K1,0,1,0.0
A28G2OEEHKO2WT,0,1,0.0
AW1LXZ4VZ2XSA,0,1,0.0
A7AXIDOKL27M7,0,1,0.0
A2R2VFYKQMYHN3,0,1,0.0
A2PCNXBSKCABG5,0,1,0.0
A2Z377QLXFD4VH,0,1,0.0
A3A8IQ3BFGBKT0,0,1,0.0
A1GO2J2LJUBJAE,0,1,0.0
AVS9S3Y14HSFG,0,1,0.0
A3DG6QF9K4NOXM,0,1,0.0
AJES485KARIKQ,0,1,0.0
A9KPXWI692QBM,0,1,0.0
A1W7QO7M8G3NP4,0,1,0.0
A320JNJN2YYRFM,0,1,0.0
A2OSYYN8BM09RA,0,1,0.0
A3UL4LRWWTKEF,0,1,0.0
A1AARMR653JKX,0,1,0.0
A3RCRB71D777GA,0,1,0.0
A2WGADU89UO0EB,0,1,0.0
A3S5QARP3IAMP3,0,1,0.0
A3S71WW0FEU9DR,0,1,0.0
A2HM6DH3ZJOBTT,0,1,0.0
A3J1UD9K9G21R2,0,1,0.0
APMERM3ITCMWE,0,1,0.0
AKKSGOGMZ897X,0,1,0.0
AJ59VMEWJN64K,0,1,0.0
ARPSY2N9PJ2HV,0,1,0.0
A85XOXI57795Q,0,1,0.0
A43QDXPU9PW9G,0,1,0.0
A1YJVGT8B6BOI7,0,1,0.0
AK9K4I5BCGQPV,0,1,0.0
A2KHUISKVUGVR0,0,1,0.0
A1WWW237KEJDJY,0,1,0.0
A1AKGNR0ZIKCSL,0,1,0.0
A345XOQZWYOXSN,0,1,0.0
ASOG5QER5G0CE,0,1,0.0
A1X1Q2L3MUVIHT,0,1,0.0
A3FM9BHIIDME0S,0,1,0.0
A2EME6YC6FR7GD,0,1,0.0
A2RN04J6VCZBKP,0,1,0.0
A1QMWYDHK9PGL2,0,1,0.0
AUIPHU68TVIHI,0,1,0.0
A2W1J67OS0VIAO,0,1,0.0
A1PVEZ4PEX3AA1,0,1,0.0
A3D17H71KO0CSD,0,1,0.0
A1LRPBE0EDYDLY,0,1,0.0
A3JSZW4RU63B6B,0,1,0.0
A1C2GE8A5VCTW1,0,1,0.0
AQGQ2G07LY6FI,0,1,0.0
A3T1NQELNJEDTE,0,1,0.0
A1QMG4BJ9E5EW7,0,1,0.0
A753NB2ZQ2J9U,0,1,0.0
A1VEDZNNR1KKLR,0,1,0.0
A3OQ6VZLTZ9FPO,0,1,0.0
A1AID6QR7MDFZL,0,1,0.0
A17HCRR6EEXOML,0,1,0.0
A2FI3GF4Z7QNO,0,1,0.0
A156CN4CBPIZHJ,0,1,0.0
A323432OPZ02V1,0,1,0.0
A17B74AEQVYYXH,0,1,0.0
A1ZICKR1NS123L,0,1,0.0
ALW2XXJJ184RL,0,1,0.0
A1W9C3G4W1GSEU,0,1,0.0
A2QHELZXAX6R8S,0,1,0.0
A2EB26JY3IC0WA,0,1,0.0
A3UIF7HZKZDU83,0,1,0.0
A1L213LYSO6LXS,0,1,0.0
A6IARH52O77RB,0,1,0.0
A2T3BZ7OPQ8864,0,1,0.0
A26XMJ4QLXF9AS,0,1,0.0
A3O0UK01P4PB8R,0,1,0.0
AO80YNX2GKKSG,0,1,0.0
A2O9RHWN64LBPY,0,1,0.0
A3KH60GFEYUBDK,0,1,0.0
A32I75VKDC6WTM,0,1,0.0
A16JAUA4EVY7I7,0,1,0.0
A1PS0VXHSVSSA,0,1,0.0
A1SVPW2AU28V7M,0,1,0.0
A2J6TO3IDBS6EE,0,1,0.0
ATEUCBITZJ5XO,0,1,0.0
ALX3DEOD3RQEG,0,1,0.0
A32486VW05BJ04,0,1,0.0
A1IY3TZB6U6PAP,0,1,0.0
A1KB8S0NNIS38,0,1,0.0
A2YFTFT043RCIR,0,1,0.0
A367EGFI0OGGVW,0,1,0.0
A4BFMYO9VC2FR,0,1,0.0
AP71M7YQIL0MP,0,1,0.0
A2P801T73DG8IO,0,1,0.0
A3FTUN2MUUGNQD,0,1,0.0
A1DUGTYH46C0U,0,1,0.0
A22IHVJ22GJF1Y,0,1,0.0
AF3YNCFFKKOOO,0,1,0.0
A2HBA4X4YSTPT3,0,1,0.0
A34YAUY8PU8M8Y,0,1,0.0
A2MLWU5AVPRZ10,0,1,0.0
AEAIND7LLDW4D,0,1,0.0
A2N3J4RJC9338A,0,1,0.0
A5G6IZ7F2B7XA,0,1,0.0
A1ILIMPGLRRJ2U,0,1,0.0
A46BVNKYZZ0DD,0,1,0.0
A10LJMK9LDR2KM,0,1,0.0
A13NBCL0X46802,0,1,0.0
A1QTFBA3GP3N38,0,1,0.0
A1QSKWQM8KXJBH,0,1,0.0
A21K4V2MW6U8S1,0,1,0.0
A39N0RX5K9MM8S,0,1,0.0
A2CVUK13N5Q51Z,0,1,0.0
A14FFSOOTP0FR,0,1,0.0
AFFIQR4UGBCBC,0,1,0.0
A3FPDVCYKN68I3,0,1,0.0
A1DQ2F3401X2UR,0,1,0.0
A18BM80EIEB47P,0,1,0.0
A2IOZLHBPFWMQ1,0,1,0.0
A4CVTJ2LMTDKG,0,1,0.0
A37JIHG3VV3SDC,0,1,0.0
AVDIBV09WX9Z4,0,1,0.0
AA904BKV1Z2PQ,0,1,0.0
A1NSHQMDSER9I1,0,1,0.0
A15LVXQI2YXB4Z,0,1,0.0
A2XSGH4PUZ9V8M,0,1,0.0
A2VQ3JF3TCLFBU,0,1,0.0
A3I8ZUK0UUUXQ8,0,1,0.0
A3NEK46JOQBXRS,0,1,0.0
A2X698OHEBB03P,0,1,0.0
A3JQMVCMR3XHWG,0,1,0.0
A3LSEIG2PIJYBL,0,1,0.0
A2IF43VUHB1SOY,0,1,0.0
A21NN34UOSS9L3,0,1,0.0
A28LN6LFOHC419,0,1,0.0
AJYX7A3IOAD71,0,1,0.0
AUBWD9SXPNN4M,0,1,0.0
ANSHZ9YVAKWTA,0,1,0.0
A24F1UX8ZT5IXY,0,1,0.0
A37TBVL9EBQP7C,0,1,0.0
AT82QJHYTC0WM,0,1,0.0
A1KDYZH79Y0I08,0,1,0.0
A3J4OATZUDX8OS,0,1,0.0
A1LI2GRF8P21B4,0,1,0.0
A2W19U5DEIH0BP,0,1,0.0
A2BMUKKNIWOOD,0,1,0.0
A35CA8HLN740PC,0,1,0.0
A4G51W9PC7TJL,0,1,0.0
A369QGLXCPJU4C,0,1,0.0
A1GYTLKX6W2RW6,0,1,0.0
A7OABP6TW418J,0,1,0.0
A19TVD4NHYOQO2,0,1,0.0
A1KNF8V0TT4LW2,0,1,0.0
A2A0QMAS99TCUO,0,1,0.0
A2SN1QF4HH7G0K,0,1,0.0
A18DV63JGL02ZS,0,1,0.0
A3V3RX8OT98IJV,0,1,0.0
A2A57YUK6GYYLK,0,1,0.0
A13U3T3L4DHAE0,0,1,0.0
A19W77ITO6I1CN,0,1,0.0
A1BOJZRMK9OK6Z,0,1,0.0
A2FOV46VEMF9VW,0,1,0.0
A23A7OH3AM0PDA,0,1,0.0
A2180DX6EIK3I2,0,1,0.0
AAOE8GBDLZBXX,0,1,0.0
AIZ8JZTWS2GCY,0,1,0.0
A1YZ6H8DNC0LPD,0,1,0.0
A3OVY1RN145NIY,0,1,0.0
A33BVOFXW2WA8M,0,1,0.0
A3V77OX73MYEYM,0,1,0.0
A22K9LJL278AF1,0,1,0.0
A26KQS2TR5XURA,0,1,0.0
A12XWF0V6MN5M4,0,1,0.0
A1VJ5L8Y6G97IF,0,1,0.0
A2DUF7NJXDD0O,0,1,0.0
AYP1EZ5J226KU,0,1,0.0
ALDDF3C3PNX70,0,1,0.0
A2LO6UQ9POTJI1,0,1,0.0
AJG6W1PKOAR4U,0,1,0.0
A2MNF0QM9FMC3T,0,1,0.0
A262TCD7CNDANF,0,1,0.0
AYAB5W263OGA3,0,1,0.0
A1VR9II0HC7ZQ6,0,1,0.0
A2MDF8I6HC7SRB,0,1,0.0
A1M4X311R1GSTJ,0,1,0.0
AV4T8W0O4MOO,0,1,0.0
A3VYE2ZBAJX54W,0,1,0.0
ABWPT22HGDTBJ,0,1,0.0
A1BD3887746IQT,0,1,0.0
A1M2YMEVXZNFE7,0,1,0.0
A2VOMDHZ5EE320,0,1,0.0
AF21G0G3GTV2C,0,1,0.0
ALBKKU3QZ611R,0,1,0.0
A35CMZVAD0LHWO,0,1,0.0
A32HV88TYXC2TZ,0,1,0.0
AQYRDT71W7RIE,0,1,0.0
A3E4QWRCLIPMUS,0,1,0.0
ACK6AR1MQ92UK,0,1,0.0
A3AIPHL8GTS7TZ,0,1,0.0
A5N0QU8JBRVQQ,0,1,0.0
A3OMWGJO8GYH5L,0,1,0.0
A2L3R2YNQ5UL9J,0,1,0.0
A39F5L16R1ATFS,0,1,0.0
A2BJK4J9ZI3FLY,0,1,0.0
A1SF26C4EOMWP3,0,1,0.0
A32PKVIFSLZ9G4,0,1,0.0
AR8VTCDOAW3VO,0,1,0.0
A1DFPSDREXYMB4,0,1,0.0
A2ZG3TLZAJ1SM2,0,1,0.0
A2PEGY2MOBMOR0,0,1,0.0
A2D07O23BC35F9,0,1,0.0
A34AB6PSS7QMHR,0,1,0.0
A3UUYTE3JNDOVY,0,1,0.0
A2NL9VKDN1E60M,0,1,0.0
A19VATAS1SQ4GN,0,1,0.0
A5WV6BV9Y5RB8,0,1,0.0
AYAIPWFKDLUHA,0,1,0.0
A22XOGRM2ZN0SW,0,1,0.0
A1HCOIQOXQFOO9,0,1,0.0
A11HBOXOX7CXR3,0,1,0.0
A35HBWVZV5CYC2,0,1,0.0
A33C796KG4J1P0,0,1,0.0
A1ICQY6DT62O9N,0,1,0.0
A1NNSWGNTS7A6V,0,1,0.0
A341R01E7PFE06,0,1,0.0
A248A8ID1RNQRO,0,1,0.0
A2VPDO3G3E2TPT,0,1,0.0
A3GDMDR42JPHTA,0,1,0.0
A13HI5K3F3OMMA,0,1,0.0
ATZDGPMWR6N5D,0,1,0.0
A3SR05SMKQ0ZS5,0,1,0.0
A197N1F33R2NVJ,0,1,0.0
A3O41AYYBVV98E,0,1,0.0
A3NY49QVQJQK7P,0,1,0.0
A3HOQZJ3HDUQRH,0,1,0.0
AH7EUQC22OVTD,0,1,0.0
ADTGWOXJWWAY7,0,1,0.0
A1TVBKG9FG38KH,0,1,0.0
A3H501ZDMBZLRO,0,1,0.0
A2XJP3MRBSGYKT,0,1,0.0
AWM93J55EIIYT,0,1,0.0
A1HI9BIG2WMU4E,0,1,0.0
A527S9S9AMALU,0,1,0.0
A3MZSWSG6L8EN2,0,1,0.0
A2CGKHHEXOQRD5,0,1,0.0
A3P8LAJ1MWZNO6,0,1,0.0
A1EDBVK8ZSD0OB,0,1,0.0
A39U8I1YS5ZCP8,0,1,0.0
A2W76H87DNXXIQ,0,1,0.0
A1QO2PXMYR267Z,0,1,0.0
A2APSBKFGSWWRN,0,1,0.0
A1E7VTRDMI4XMV,0,1,0.0
A1KG3NOJH5RYIA,0,1,0.0
A14V2EWHFBU1VG,0,1,0.0
AMIGVTZZIWS6I,0,1,0.0
A30SCXATHF163U,0,1,0.0
A2VSE81NGRBMZ1,0,1,0.0
A2YWCLGSB71VFK,0,1,0.0
A3SX1K1N7VR310,0,1,0.0
A2DZI543UHXMZ,0,1,0.0
A22KYLDH5YTQJ4,0,1,0.0
A25ZJEWR3WDOYY,0,1,0.0
AAEL2K5N3EO04,0,1,0.0
AE5O0B4Z1OHX,0,1,0.0
A149D2HQAWI9BG,0,1,0.0
A3JBMN4PPGOTFJ,0,1,0.0
AVO8LK2G6ZHKO,0,1,0.0
A39M6RURHUXPR,0,1,0.0
A3TSASUCOVFOP8,0,1,0.0
A3H28VNR4FG6CU,0,1,0.0
AC1YYSNH6ZZIQ,0,1,0.0
ASQHJWFIU7KPZ,0,1,0.0
A3PDNCT9HOUF3Q,0,1,0.0
A3ILC2L5EOTHY6,0,1,0.0
A9RSHEI4Q8NQO,0,1,0.0
A2N3W25U3BWB4P,0,1,0.0
AVPU9G2NT6TXX,0,1,0.0
A2K2Q1N5ZI4491,0,1,0.0
A3ALZXPFI06ZE,0,1,0.0
A3CSDS5RW4XUPG,0,1,0.0
A2RDOIDPJUW1AT,0,1,0.0
A1C7SY6S4N91NJ,0,1,0.0
A1ZJW2PAANWLVI,0,1,0.0
A3MMDV095IKMLQ,0,1,0.0
ATX4O1XOK743A,0,1,0.0
A1SO4G0U47Q83F,0,1,0.0
A1C8HT9D1SQB95,0,1,0.0
A222TR1FXK4V7S,0,1,0.0
A2PEJJLVU2MNTW,0,1,0.0
A2X2MGHUCNOQ68,0,1,0.0
A3UR8NLLY1ZHCX,0,1,0.0
A3HCGSOLAHATVQ,0,1,0.0
A1EIBDUL0X2VJ2,0,1,0.0
A2JQKIDPCYP2E9,0,1,0.0
A1QI6UXJDNTXG5,0,1,0.0
A3QS4WWC1LCA6H,0,1,0.0
AAOEN7B4L9DHW,0,1,0.0
A3TUA2EVIAVM1W,0,1,0.0
A3SK20MFK90J8H,0,1,0.0
AJ79L3NEILJ4G,0,1,0.0
A2YFUJL8RXAZM5,0,1,0.0
A2IDORN8B8YY2Y,0,1,0.0
AM71JIFY00NKJ,0,1,0.0
A1P2TRWI6X1HJG,0,1,0.0
A2XL91CP36T8F1,0,1,0.0
A38BBO3CJO2NRP,0,1,0.0
AFEIDDS1U2U3O,0,1,0.0
AA1KH7FKRXULW,0,1,0.0
A10CY1HLD2P2Y0,0,1,0.0
A1QIPSHOVUJ5DO,0,1,0.0
A3UYJGCDON7FBL,0,1,0.0
A28YMQH26AX2KN,0,1,0.0
A1O6TOWJHGDJKE,0,1,0.0
A3QKX6N77VHNGQ,0,1,0.0
A3LR17Q1F6L5EE,0,1,0.0
AWP1WU0NXZAEA,0,1,0.0
AQOUNTL90OL7X,0,1,0.0
AR8989NYYS825,0,1,0.0
A11DT447YV7AAH,0,1,0.0
A26HOENZQ6XB3J,0,1,0.0
A2NB8SDKCBWYC5,0,1,0.0
A1UKWA1P58XG08,0,1,0.0
A3HZG7E435SH90,0,1,0.0
A1M32VLYHX3J1S,0,1,0.0
A2RJK4198RFSI9,0,1,0.0
A2OAKLK72E93EV,0,1,0.0
A36JYKPPQWOETW,0,1,0.0
A3N035E28XRS0M,0,1,0.0
AVXHHT7OU5HLI,0,1,0.0
A28KI92RSY1Y11,0,1,0.0
A3SS02EYXQIUO2,0,1,0.0
A2BDV9ZJ2LBH6Y,0,1,0.0
A2LDIXBFRKO03N,0,1,0.0
A2SAW42A2VQ1P3,0,1,0.0
A3A6QA4LSECDX1,0,1,0.0
A21TVX27EJ9LMS,0,1,0.0
A1RCA8ABMAQ9V3,0,1,0.0
A6HJRWK8DNLGP,0,1,0.0
A17SLR18TUMULM,0,1,0.0
A29V754TP68LZL,0,1,0.0
A3UTQJC81QEJIV,0,1,0.0
A3Q7NGN14THEQN,0,1,0.0
A2338E3WKBDWDZ,0,1,0.0
AK6LCV7GQ6MQF,0,1,0.0
A3LNKX22ZWRHUA,0,1,0.0
A3AW333ZK3A0C8,0,1,0.0
A12DLJESJKM1OQ,0,1,0.0
A1FTDM432H2NAE,0,1,0.0
AVRFGGCCCR6QU,0,1,0.0
A3U7PUBA4R031N,0,1,0.0
A6T9KVIV4HQ4,0,1,0.0
A3U8RIVABKC987,0,1,0.0
A3SKD1PCCN1X0V,0,1,0.0
AO73H7AZLL3AF,0,1,0.0
ATC11ZNBDGXYN,0,1,0.0
A7MVSPT0JTTMT,0,1,0.0
A37ZHFN7VC5BIV,0,1,0.0
A3HAA7H8PBVM78,0,1,0.0
A11Q1C1LPEECNH,0,1,0.0
AX7JSJMSYQBST,0,1,0.0
ACYSIALDXXOHI,0,1,0.0
A1AEMJE2R27T56,0,1,0.0
A3QJWPMUQOCZXY,0,1,0.0
A2HUEA1YFJH1LZ,0,1,0.0
A3FD6PPAC0BYFK,0,1,0.0
A16XVKLTBZ8JTE,0,1,0.0
A3HDW0BQ5Q46G2,0,1,0.0
AGAHIHVVDJZQ6,0,1,0.0
A365OL1IDO9Q7H,0,1,0.0
A1YEZLIEUORSBO,0,1,0.0
A21BLL6ERLR2PP,0,1,0.0
A1EGDKBZ310X5M,0,1,0.0
A2KXQN6JTZCSK0,0,1,0.0
A1LNSCKEJZHL5C,0,1,0.0
A3D2YSJGYH6HNL,0,1,0.0
A2H6F2TLGS8F29,0,1,0.0
AKM0FX3BH20V3,0,1,0.0
A3VFL3F7ZEP42H,0,1,0.0
A2L2YTV0TFVL8H,0,1,0.0
A21T9UFMU9EQU0,0,1,0.0
A5JJMC4D2L18D,0,1,0.0
A2XW35P5KF9UJY,0,1,0.0
A2ZCD901QJP827,0,1,0.0
A2GT1E39Q36F17,0,1,0.0
A1XHP0E0AYESNF,0,1,0.0
A194CK73XGVO32,0,1,0.0
A26YHIRPMZYZDU,0,1,0.0
A2A6GJPCMOI441,0,1,0.0
ANVXNAKAC4D59,0,1,0.0
A2ITKQ42VPHT7,0,1,0.0
A7W4T3F2X31V2,0,1,0.0
A26U3EIKUB3WMZ,0,1,0.0
A18NRQBOI8QBO9,0,1,0.0
A37OXQQ2E0W4Y6,0,1,0.0
A2UZFUR2PS5YZ4,0,1,0.0
A42V0WLOUSA9P,0,1,0.0
A1OA8145NAAI9M,0,1,0.0
A1B3M9FMMDZSQZ,0,1,0.0
A1HA6YFMGNPTAV,0,1,0.0
A12WV3TL2PXS5Q,0,1,0.0
ALASUQ48KNV0F,0,1,0.0
A32PU0DJRLW662,0,1,0.0
A2Q3UD9GHXSMXZ,0,1,0.0
ARU2YQZ03KRMR,0,1,0.0
A1QXE4L1I27TJ1,0,1,0.0
AB5S5DS16EVMJ,0,1,0.0
A13IGL87IS7LHI,0,1,0.0
A1OMIFPRIO1KWY,0,1,0.0
A21GCOGHDQNHQS,0,1,0.0
AXA5C2WZL1F82,0,1,0.0
A2ZYEJTUAN7DFH,0,1,0.0
A3PDSVXNSBA9ZQ,0,1,0.0
A36KGUR06YA950,0,1,0.0
A1APWGKYWMMJ93,0,1,0.0
A4N8LGB5CXGMT,0,1,0.0
A35V3Q68DUJOZT,0,1,0.0
A11A0MJKQFP3QR,0,1,0.0
AJ4049SB12OB5,0,1,0.0
A1FHO6NN5UJ9F5,0,1,0.0
A1NADKSHMF3S6K,0,1,0.0
A7JVZFSXVY9RL,0,1,0.0
A4RIDHWMZMTC8,0,1,0.0
A30MWMKIF9CDYN,0,1,0.0
ACTE5JQ9ZEMA9,0,1,0.0
AM07FQ8JBYLQG,0,1,0.0
A2HCJB4T29KEC3,0,1,0.0
A3FYED7IS5YXRB,0,1,0.0
A28J652GMC2T1F,0,1,0.0
A2MWOF3JHQHDZW,0,1,0.0
AZ2X2P045ZFH2,0,1,0.0
A17TKHPATJ7MOP,0,1,0.0
AABB0L1IH04MW,0,1,0.0
A3MS4HABNNHDIR,0,1,0.0
AZH1J5JIBIE8G,0,1,0.0
A25BUXP2HUIUJ7,0,1,0.0
AHKZMAV762S4E,0,1,0.0
A11617B1NW474D,0,1,0.0
A2GQOS4UW54MW4,0,1,0.0
A3PEDW2XE6W08V,0,1,0.0
A130BB7XI2FFQO,0,1,0.0
A2BHAEL2Q4HR4A,0,1,0.0
A1A00YVB26GBWF,0,1,0.0
A33UPDU4NKY1TT,0,1,0.0
A1RSMKD7UBUC9S,0,1,0.0
A1NQBIFLVZC7YK,0,1,0.0
A38K9AJFJCOY6I,0,1,0.0
A2W92MBAVSOWLO,0,1,0.0
AIC77P1TNFED0,0,1,0.0
A2Y3F8RK5SE2ZU,0,1,0.0
A27PQJHUSWNZZ0,0,1,0.0
A6GO2J8IDHEFV,0,1,0.0
A3UK7PD6S21CO5,0,1,0.0
AIF78X3QVRR4E,0,1,0.0
A2JC285XI0XT20,0,1,0.0
A6K6N2LXDS32B,0,1,0.0
A3O49VCR0F4441,0,1,0.0
A37N9PN29TVI1M,0,1,0.0
A2WSTRQTOHLRC4,0,1,0.0
A3BHY0S3M3WGW7,0,1,0.0
A2SXL0NDPTP9X9,0,1,0.0
A37MY3XX9FCE6V,0,1,0.0
ABVUI9GWVE5WW,0,1,0.0
A2YZ5I3CKKV6LY,0,1,0.0
A3DD7MNNRTRVUE,0,1,0.0
AM7FT45V417W1,0,1,0.0
A2CFDI9XX8TPL1,0,1,0.0
A2EAX3QSDP8PKU,0,1,0.0
A3PM9IBH4RD1RS,0,1,0.0
A2HZ0KHJ9MY7AM,0,1,0.0
ARCRRF9N99NKF,0,1,0.0
A19ZKIVEDKJKBQ,0,1,0.0
A3JDCUXO8Q4AD1,0,1,0.0
A2F6CA75VJUCPZ,0,1,0.0
A16ZMNTYWML6T0,0,1,0.0
A2CSUA388LZ26O,0,1,0.0
AYVI0BX70R3M6,0,1,0.0
A1VUXYR8V4D8PI,0,1,0.0
A2ZF8MATF35N48,0,1,0.0
A12332BWHBJ1T8,0,1,0.0
A1OMPCI597G11Y,0,1,0.0
A1MNVGWFE6E0J4,0,1,0.0
A3QNMK4Z8QDTLN,0,1,0.0
A1U26EX9AE6TUQ,0,1,0.0
A10EGS56HCNHNA,0,1,0.0
A1LNCHFO5J0PIM,0,1,0.0
A1TCTKWZ1GCCTQ,0,1,0.0
A6B9NE4KUM75I,0,1,0.0
A23LKM9X8Q0J4J,0,1,0.0
ALLB2W6UMJIPQ,0,1,0.0
A3RROR8EUY0IFY,0,1,0.0
A2BGDI7RRK6YJ5,0,1,0.0
A3VP6VLK4IVVCP,0,1,0.0
A35LK30GFWIX6H,0,1,0.0
A2K0F0QHP6J0RD,0,1,0.0
AILQZN2I7LQOY,0,1,0.0
ARNJFBT4GPSEH,0,1,0.0
A2EAH0LXVBWEME,0,1,0.0
A2Y3AZK6UM3LLM,0,1,0.0
A2EKKSMG2MON7G,0,1,0.0
A1SY19280J90JS,0,1,0.0
A9I5M2OT66XAX,0,1,0.0
AT1E48MBZGDU2,0,1,0.0
A260LF1FS9RP92,0,1,0.0
A1OAPYE1A05EY2,0,1,0.0
A2G96JB8MRU43B,0,1,0.0
APR5994RLKVE,0,1,0.0
A14N4ZL3EDJ0LO,0,1,0.0
A37EIKQQP1HMSZ,0,1,0.0
ALW739ZDOWYLW,0,1,0.0
A24SX5G6K3BIII,0,1,0.0
A1UMMEUDG6A7J3,0,1,0.0
A2PG1K6YQSUGX9,0,1,0.0
A2H8N13YIAN5V8,0,1,0.0
A2EAH2MHH012SJ,0,1,0.0
A16R1OO0S7GQT1,0,1,0.0
A1JAHL9SLOGRK2,0,1,0.0
A2SPT2LQ387HP0,0,1,0.0
A2M8AL6HIX76AB,0,1,0.0
A149K25QOJMH04,0,1,0.0
ABI5KIHILDCP1,0,1,0.0
A1KA3UX00SDRRD,0,1,0.0
A1LV96NTF1I9SQ,0,1,0.0
AYUXLBP7L99TN,0,1,0.0
A1741H3K1XUOQ1,0,1,0.0
A2Q9JKXADL7J87,0,1,0.0
A73OFBDIBB0W0,0,1,0.0
A1LC2FW6UH6Q57,0,1,0.0
AH9IN34WRKTZA,0,1,0.0
A3IPKDIL9DVUH2,0,1,0.0
A2BODKOL9YT475,0,1,0.0
A28JPOUFPT3OJ1,0,1,0.0
A3VS22NB6W0358,0,1,0.0
A33VVP46NKZFJZ,0,1,0.0
A2C9ZOF0R2JQTO,0,1,0.0
A2AENCFIE6N3E9,0,1,0.0
A26QHQQT0AUUCX,0,1,0.0
A2D7NCEHAF50E1,0,1,0.0
A2SYPAYM9ON3F1,0,1,0.0
ASJ79H9SSAK94,0,1,0.0
AT1M1DIZTZGUR,0,1,0.0
A1AO429BRZ1CBR,0,1,0.0
A3MF9Z2VJ7VZ4U,0,1,0.0
A1ZBPT3FPE0QRN,0,1,0.0
A3V0JSSESO1STO,0,1,0.0
AGQV1ZHY2TK3N,0,1,0.0
A3PHMIBO7ZYHLB,0,1,0.0
A2Y3TB6MSBZCK9,0,1,0.0
A3G3FEU8AXPMVW,0,1,0.0
A68S6HCI1SALX,0,1,0.0
A3AP1YQY23PMZU,0,1,0.0
A3VCTDMWRDQLZM,0,1,0.0
A3BHG24Z2M1CZX,0,1,0.0
APEWIIOVFGBIY,0,1,0.0
A1E23CA4VB5UL,0,1,0.0
A3BXDHBAKLA5Y6,0,1,0.0
A1M9JHM6613D5I,0,1,0.0
A29VPWQZC2A62R,0,1,0.0
AD6OWWB6FO7Y0,0,1,0.0
A3MY87GH376958,0,1,0.0
ABYC6R55E1K11,0,1,0.0
A2EK1PHU35T2V1,0,1,0.0
A20UDLXSNAJHKF,0,1,0.0
A1QRX5UKALWBXM,0,1,0.0
A2XBFJZRMF9BJX,0,1,0.0
A3CRUFCJPVXUYH,0,1,0.0
A1E0XHFYVO3Q7N,0,1,0.0
A1711PPDF8ZA29,0,1,0.0
AFFASX0TNO0QP,0,1,0.0
AG5GOXV38CWFY,0,1,0.0
ANO3PLR7O4VBF,0,1,0.0
AMDAU1WCBC0S,0,1,0.0
A1KZ4HW6OSJZKA,0,1,0.0
A1A7J8DXEDVLBE,0,1,0.0
A34ALDHBMFXGU7,0,1,0.0
A3TBM744VFAPPR,0,1,0.0
AQ3BVPWA301ZF,0,1,0.0
A1C3NTO893YY6G,0,1,0.0
A28PRQBUX9ZW9X,0,1,0.0
A2ITOE0KAQG7KU,0,1,0.0
A31SGQKRQTDAGK,0,1,0.0
A2MCSY6EDXKJ58,0,1,0.0
A2YBKKLYAMSJMU,0,1,0.0
A1IL1Z9LYTFRJB,0,1,0.0
A18ATM2Z5S0DMF,0,1,0.0
A1ITXFX7GG8I60,0,1,0.0
APAEK95R7T8RD,0,1,0.0
A1U9Z7ZDOGPETR,0,1,0.0
A2ONS58BJ2H6NW,0,1,0.0
A2UX49C3ZKV8T8,0,1,0.0
A104F83PVACKQF,0,1,0.0
A2W57WDWTR2ADQ,0,1,0.0
A3WZ86666UYVO,0,1,0.0
A18G1LXEBCA94I,0,1,0.0
A3QAC7JK8RWKJ7,0,1,0.0
AEFMWTH14ZFWT,0,1,0.0
A3NQ51Q3Y7BQKP,0,1,0.0
A3W3HF7ZQ45UWL,0,1,0.0
A9PZY5RPK6OTQ,0,1,0.0
ACZ7G0OF0XZKI,0,1,0.0
AGAEUZKE4SKT2,0,1,0.0
A2NF1D0WK8KR4V,0,1,0.0
A3QLQS0AV282FD,0,1,0.0
AGF5IF0DR32RQ,0,1,0.0
A2UJWVAPHU1OOW,0,1,0.0
A2PHB51IVZU4OM,0,1,0.0
AZQIXORSR4LH2,0,1,0.0
A1SIKDYOU99MIF,0,1,0.0
A1YLJGGB0EDFV2,0,1,0.0
A2PL91BWC0GWHS,0,1,0.0
A17A2WL6R1FTBZ,0,1,0.0
A8Z3WD5ZWBOO7,0,1,0.0
A2ZSR37M3KHK8C,0,1,0.0
A78P2SIVDKN6Z,0,1,0.0
A3RYVZ9T4LXPRZ,0,1,0.0
A2XFVTEQ7FDQJH,0,1,0.0
A224CZ2E4C48WW,0,1,0.0
AI4WN15VV8AYB,0,1,0.0
A3NLCKSEDQ6546,0,1,0.0
A2X354HYO55NFX,0,1,0.0
AR64CEBJWBICU,0,1,0.0
A65VEN5RKAEA8,0,1,0.0
A3601K1PQOHHEK,0,1,0.0
A4WUBX3LGT8FY,0,1,0.0
A1LD3INS94N99G,0,1,0.0
A1C92KYEEU1T0G,0,1,0.0
AG535XPWWJ57J,0,1,0.0
A1PORN92IWDNBP,0,1,0.0
A2PZEWI22ZNOU6,0,1,0.0
A37J0Q46FKFUYA,0,1,0.0
A1FY8NOC0ZQ3LI,0,1,0.0
A3MLBG29YH52YT,0,1,0.0
A1EMZ9UUFY69MT,0,1,0.0
A3TJ735KIV1CTF,0,1,0.0
A3JEI47EQBK2IY,0,1,0.0
A1R8L0J3V9CEID,0,1,0.0
AOB5V6AHO66HE,0,1,0.0
A3CX61RNLUPA2E,0,1,0.0
A2VJENCCV8LWXQ,0,1,0.0
A3B29MGQT63NL3,0,1,0.0
A3756PRIE96H7J,0,1,0.0
AC3K8C43DQDHX,0,1,0.0
A33BOML0WJ080R,0,1,0.0
A390IOW0IYA4IF,0,1,0.0
A7GX1H55D8L70,0,1,0.0
AXYE77QP5MMFM,0,1,0.0
A2S4AXMCUREB12,0,1,0.0
A2S15FGMUNDX4S,0,1,0.0
A1ZQA6TTV3Q0OU,0,1,0.0
A2QKQGCSPCUN8,0,1,0.0
A3TCHBGG6IS1OZ,0,1,0.0
ACUMU8SJT1WOM,0,1,0.0
A2FVD1560DPL68,0,1,0.0
A15N98C8HBYE85,0,1,0.0
A23JRAGUHLUNYH,0,1,0.0
A19KRW2BE0J5MK,0,1,0.0
A1G8K8FZIK513A,0,1,0.0
AWG6B7GT6MPDO,0,1,0.0
A1NQ1IZYCLOD8J,0,1,0.0
A2X8ORQE9W3GIH,0,1,0.0
AV8OK6OHJH3DE,0,1,0.0
AJTLKIV78ZT8B,0,1,0.0
A33KBT88DP4IZ4,0,1,0.0
A52Y39SZ0HMRX,0,1,0.0
A2DOSF40F29ZOG,0,1,0.0
A2GAXP5TH857W9,0,1,0.0
A1YXP8PLFILTBR,0,1,0.0
A3QBMZHPQSCG5V,0,1,0.0
A1EQKWGQXREYC5,0,1,0.0
A1K0558YJNJSRA,0,1,0.0
A2OGJ8RAIYGS90,0,1,0.0
A7C45E7ZN46SH,0,1,0.0
A1S0HTDO0P4N5V,0,1,0.0
A3BAMQVU8O5O9,0,1,0.0
AYFXSDO9OR4IW,0,1,0.0
A2T3L5VLPGLO50,0,1,0.0
A1B4BHIET8AGI7,0,1,0.0
AKOWINWF4HUA1,0,1,0.0
AWSVR3BDMZLTP,0,1,0.0
A3703OQMNHC0KR,0,1,0.0
A2BCV9V0BLJ7RI,0,1,0.0
A2EU3Z7YROXB0A,0,1,0.0
A15UA3U23AB7AU,0,1,0.0
A1FDGERQAXXPB2,0,1,0.0
A3PB3ZO4XGELZS,0,1,0.0
A1O2MHRG6QZ307,0,1,0.0
A2S7FFKWXIUNIT,0,1,0.0
AXBQIEP47NSSC,0,1,0.0
A1BH7KZU6WUJXW,0,1,0.0
A300B9VXTHK1A9,0,1,0.0
A1CWTGBWPBGZHU,0,1,0.0
A1CM4F49A7ZWK9,0,1,0.0
ALO7PEIIIGXA9,0,1,0.0
A2J7L11I9NMTF4,0,1,0.0
A1JNDXTL02R9WG,0,1,0.0
A1ZOU4OFT22XBE,0,1,0.0
A1E4J1NTUTLBPC,0,1,0.0
A32IAFXRNXS5DE,0,1,0.0
AV465VFM6O19N,0,1,0.0
AS7KWY7OSLSWJ,0,1,0.0
A3NVRBHJERYH9V,0,1,0.0
A2YNYGO660LOTR,0,1,0.0
A11IW3NNICDT8I,0,1,0.0
AWC334QR1RUW6,0,1,0.0
A22LGWFXAAMPZN,0,1,0.0
A3MSF0AFOFX6KP,0,1,0.0
AQXZJ05XAHKUZ,0,1,0.0
A1Q1MC4HSUUEXV,0,1,0.0
A2RTGA7VIYVIOG,0,1,0.0
A30TT3NLCYM8MF,0,1,0.0
A2AHNXK3Y5XER9,0,1,0.0
A3KU4FFWKD8SVL,0,1,0.0
A36318XL2QE196,0,1,0.0
A172PS6VXSQOHU,0,1,0.0
A3JIXQXC6KARBH,0,1,0.0
A1TFZ5DVVHHOFZ,0,1,0.0
A3JPE2AYIMKB59,0,1,0.0
ABG1YM60SJILN,0,1,0.0
A3EPLJDHXSIR3X,0,1,0.0
A231X47FP2EZQB,0,1,0.0
A17LIW1UGS6IKT,0,1,0.0
A3FJW4LBNLJJ1N,0,1,0.0
A1S5SNUWS4P7W9,0,1,0.0
A3POTE9LL0L5NH,0,1,0.0
A3OIGJHNDIU7OV,0,1,0.0
A27REIX5O9POXF,0,1,0.0
A276PTIQJ6OHYA,0,1,0.0
A8D0R2PBV7HMJ,0,1,0.0
AKPTQUDBDL8OF,0,1,0.0
A3IUPHLK5U0MVL,0,1,0.0
A1IF1KAHUTAXLH,0,1,0.0
A1HWGVE9IQL52,0,1,0.0
A2TY7A4X7JTYB8,0,1,0.0
AR20XNSS9EQ7S,0,1,0.0
AUMGIMSSZ3DZM,0,1,0.0
A22A28CW42M1M9,0,1,0.0
A2PDNGELZSWCQG,0,1,0.0
AXLZG59WZKC1D,0,1,0.0
A1QV397S7OWM97,0,1,0.0
A1J1UZJ1OCRMVP,0,1,0.0
A2VZET5SXXG5AJ,0,1,0.0
A24KEB190HHNFJ,0,1,0.0
AAQXRTWPQNNFB,0,1,0.0
A38FBLDJ2CXEOU,0,1,0.0
AVD55UJSN07DU,0,1,0.0
AO2OSS7TKDN74,0,1,0.0
A8IEV4J6XX2JB,0,1,0.0
A3N6ODWP7FP7II,0,1,0.0
AVQZ0JG8OP8P7,0,1,0.0
A1K4G5YJDJQI6Q,0,1,0.0
A3AU76PF07KB50,0,1,0.0
A36VR7NTE4DOI,0,1,0.0
A3IOINIAOMUJK3,0,1,0.0
A1WBUQUJOZ162P,0,1,0.0
AIBB1A7AT82FD,0,1,0.0
A303UDTZGJRFL,0,1,0.0
AYXXVPFF5F8K7,0,1,0.0
APTZ8ATM9RJK0,0,1,0.0
A1XYGMD2VGZ0NT,0,1,0.0
A2V8JWK27NMRO8,0,1,0.0
AU97NMPYKIN5R,0,1,0.0
AL81TQK7KDOW6,0,1,0.0
A3Q1WW2IOCO38Y,0,1,0.0
AGON589HSB0P4,0,1,0.0
A2RM5ZSZJQL7WY,0,1,0.0
A1ABL4XPOB0HEG,0,1,0.0
A1XQD1ZOBQE8W5,0,1,0.0
AU2UMK1VLL19A,0,1,0.0
ABB9MFBMQCD2C,0,1,0.0
A2969S7OIGCC7,0,1,0.0
APBVFX85FHKAY,0,1,0.0
A3ANSAC9DMR1YK,0,1,0.0
AN7DH1WHK5XXN,0,1,0.0
A8VT5LB42G79Y,0,1,0.0
A1MXF4ZY76K0WG,0,1,0.0
A30PPSLQCGPNT9,0,1,0.0
APCK0LYT3GMGP,0,1,0.0
A1XWALC2DURHIX,0,1,0.0
ADUT3M0FDX7Y3,0,1,0.0
ASLITWH5GJ1T5,0,1,0.0
AV8C8AYMSVPD7,0,1,0.0
A1ET5UP9ZAR3VM,0,1,0.0
A248LSBZT4P38V,0,1,0.0
A2XXCCT0TBVDIE,0,1,0.0
A50WVRL15SP9U,0,1,0.0
A2DTLM6P1FWETL,0,1,0.0
A2NRCDZ8H01TTH,0,1,0.0
A34VV29RQJOQS0,0,1,0.0
A2VXWDDIU2YMRX,0,1,0.0
A27Q1X75QCWTID,0,1,0.0
A2Q67H3PJ12UD5,0,1,0.0
A3HEGIOHBTEM32,0,1,0.0
AKA60HW5OO6Y0,0,1,0.0
A136QHBYMSF3QA,0,1,0.0
A1IY6M88NVSASZ,0,1,0.0
A30YIR4OUR48S8,0,1,0.0
A1DIX94XSSQF9K,0,1,0.0
AVWPSL9OBMYMS,0,1,0.0
A2FQIO7O1R9DGG,0,1,0.0
A2SOAGWQYVXDIY,0,1,0.0
A190N2UMF2QB2D,0,1,0.0
AJL9UH9G5AC9P,0,1,0.0
AK72GKAD61UR2,0,1,0.0
A28GK42VXT991O,0,1,0.0
A1WS0MZBFZ7VX3,0,1,0.0
A247VET7CP4K7J,0,1,0.0
A2ZR3YTMEEIIZ4,0,1,0.0
A32I9B725XTH5O,0,1,0.0
A9OV4YH35B769,0,1,0.0
A1F2S49819BNQB,0,1,0.0
A5YBU9HNQ9TZ3,0,1,0.0
A1U263084H782R,0,1,0.0
A1CNHHM9O2H0QD,0,1,0.0
A1APT9S64ARZYX,0,1,0.0
AW6L1VPI9523L,0,1,0.0
AOWYNR90LA3AO,0,1,0.0
A1UAKPJEXR5MV5,0,1,0.0
A3J8O8PE56EJBX,0,1,0.0
A23M3RYAGVRI3H,0,1,0.0
A27UGTTPUN210J,0,1,0.0
A3K59W3T8JL82,0,1,0.0
AM1JRR4EYXGO3,0,1,0.0
AB96RGQGHKRS2,0,1,0.0
A21NLP0LPHIB29,0,1,0.0
A2DZBE6BSNLCNW,0,1,0.0
A30L1TZXGV9DBH,0,1,0.0
A2XEXPBAXWRQUS,0,1,0.0
A1C3NWY834BQY0,0,1,0.0
AYJFP2AJ5Y64L,0,1,0.0
A1KATM2VHHZEFX,0,1,0.0
AQG58UVSDEBWI,0,1,0.0
AQCDIKR9S3610,0,1,0.0
A2OGP90092D2TG,0,1,0.0
A2A8HDV5DTGLJ2,0,1,0.0
AZ1RAP7SF84I3,0,1,0.0
A13HRBF6V8E8K2,0,1,0.0
A1EU7O3N8ROPXT,0,1,0.0
AGA6B9FHJ6HY0,0,1,0.0
AOKASVMQ129C2,0,1,0.0
A37GFKV81AL1VF,0,1,0.0
A1BHLBH0RG2J4T,0,1,0.0
AN4EZ0ALG3M6E,0,1,0.0
A2TYWKCMHUYVK9,0,1,0.0
ABZLFL9N5TI4R,0,1,0.0
A3C6PEKINAHWD,0,1,0.0
A2Y6LMN47WJOXN,0,1,0.0
A1IN2U87J0ANJ0,0,1,0.0
A1UYXTME5UYGL5,0,1,0.0
A16CQZ4ILGGWON,0,1,0.0
A3UCKG31PUKC3H,0,1,0.0
A1B6YOS7RVS3NC,0,1,0.0
A1TZGFNVJEVFPV,0,1,0.0
A45XNILIQC839,0,1,0.0
A2FFFT7SK6VOOY,0,1,0.0
AHD78O90BIZHE,0,1,0.0
A3AOA2QC3SEPME,0,1,0.0
A3SQWFNXXRTRKC,0,1,0.0
ADSZFYL0DP2R1,0,1,0.0
A2J1LVMIFVLYSP,0,1,0.0
ATRM25L6SDDFA,0,1,0.0
AVZADRFFY55DJ,0,1,0.0
A1CI4DBN54K2WJ,0,1,0.0
A39PURIANJL87S,0,1,0.0
AOPRHJQ3IHSG5,0,1,0.0
A2UXZ9YW1ET0QH,0,1,0.0
AA3PKF7NQTBBE,0,1,0.0
A1HU2DPM4YGNIA,0,1,0.0
A1RV9EQV3OS8HT,0,1,0.0
A1600SB454LHE5,0,1,0.0
AOSD9E171QO9,0,1,0.0
AC5299TP9UFK7,0,1,0.0
A1U74I9FWDMGEW,0,1,0.0
A3E2SQ61RG4KPF,0,1,0.0
A3U89SLWUOEI7O,0,1,0.0
A21W9UEOZ13STU,0,1,0.0
A1AM8VAJOH8CSZ,0,1,0.0
A1M1XL6RTE5KY5,0,1,0.0
APPJM86N03ZMG,0,1,0.0
A1JG3Z0ZRRAKLT,0,1,0.0
A360PXVXU0BG7L,0,1,0.0
A3QNR732UXVH9X,0,1,0.0
ALXD45SPH5K9A,0,1,0.0
A1ZO52H65JGZV4,0,1,0.0
A2DYIX3UCF74L4,0,1,0.0
A4MJN3KW9UQSD,0,1,0.0
A14UCY3VQ6BSMV,0,1,0.0
A2BL1ZST2W1C1L,0,1,0.0
A2GW1F1LPHQOZA,0,1,0.0
A14OKD0J24VOGI,0,1,0.0
A3I6U2RZL3WL7U,0,1,0.0
A6CDFN0DTACXV,0,1,0.0
A3BOVG0TPTDRBA,0,1,0.0
A3ODQQDGMRX3UV,0,1,0.0
A33YBNKTV8ZCKP,0,1,0.0
AWYE6QTHPR2KQ,0,1,0.0
A3JREFQ0PB1GNH,0,1,0.0
A39RLPMJBR4P2Q,0,1,0.0
AITYLT5P5EKQ9,0,1,0.0
A9EZ9FFCDD1V8,0,1,0.0
AWEICQXZ0IFKZ,0,1,0.0
A2AX9GI68YW8AL,0,1,0.0
A3F18SDKBDF2WR,0,1,0.0
A2G5ZTMSRJLAXL,0,1,0.0
A36CLOAPBX3BCN,0,1,0.0
AT08OIE54ES6I,0,1,0.0
A12NI2IUPE897D,0,1,0.0
A1RZV8KU0IXPH4,0,1,0.0
A2SPVJQEJCUIWM,0,1,0.0
A39KFOERWKI0SS,0,1,0.0
A15A0ZP0U8TWR3,0,1,0.0
AJMVSLUWY20S,0,1,0.0
AK8FHIM9NVY3P,0,1,0.0
A3O82AI3BEFMP3,0,1,0.0
AFH3LIQXXEB6B,0,1,0.0
A34UCDZFYREDON,0,1,0.0
A26NA44RSSGIBK,0,1,0.0
A1CF7V6EC1U8EX,0,1,0.0
A1YCE1J9SWAEZN,0,1,0.0
AN7QQ1EEAB97I,0,1,0.0
A28QSAMRQOI27K,0,1,0.0
A1H6GZYUKL2C68,0,1,0.0
A3J6UIFFLPCMD1,0,1,0.0
A3LXDQABSYT0A4,0,1,0.0
A1JVOQPEGPL7FB,0,1,0.0
A1XRHMSDBA1266,0,1,0.0
ASRA2UZ3JV87B,0,1,0.0
A1U0QFWM1ONURK,0,1,0.0
A1PTMR44NB9DN8,0,1,0.0
AI618IBWLLACA,0,1,0.0
A3NTW4UFWJC11O,0,1,0.0
A2RF9FHC4HC3JO,0,1,0.0
A7MY0K1TA1O4J,0,1,0.0
A3PBPEFMYAX0CT,0,1,0.0
A3A671GTJDBYP7,0,1,0.0
A1I8BNRNNG714J,0,1,0.0
A3I6XLHKVUU9FB,0,1,0.0
A1NDTFQH1ADENW,0,1,0.0
A1MVAG8HE00V4J,0,1,0.0
A1YELX1XVW5A9U,0,1,0.0
A1QOROHR28TVEK,0,1,0.0
AF5ETZ8HTFJVW,0,1,0.0
A3BVAR89MMZMR0,0,1,0.0
A3LIFZB4RC49DE,0,1,0.0
A3LZA0ZL5IA0MS,0,1,0.0
A1PCFKDROADZCG,0,1,0.0
A3TJBYOGVGJ9K1,0,1,0.0
A1RT7RJJVEN222,0,1,0.0
A1MSBW9EUZ6FX6,0,1,0.0
A3NR0P3PKQBXKG,0,1,0.0
A2OSV8MGH0Z1BH,0,1,0.0
A1QBSI28Z76980,0,1,0.0
A1RXL37TVMSVWQ,0,1,0.0
A2IJURJI9QC7UK,0,1,0.0
A2AEIVLT8WUMXT,0,1,0.0
A2QKGNHFZR9DEK,0,1,0.0
A2HCT0Z2HSVG77,0,1,0.0
A2SXHP3384ER6W,0,1,0.0
A3IHZP2530M05N,0,1,0.0
A2HF3IPLRCSVWV,0,1,0.0
A2UHCJM6359S4F,0,1,0.0
A19LEE1KU5Q16E,0,1,0.0
A3GDN39HIKKD13,0,1,0.0
A2P71YT477629P,0,1,0.0
A1TNWVXFX9T7EK,0,1,0.0
A3CO12S3VULW4G,0,1,0.0
A1CO5MA5B93LGP,0,1,0.0
A1DH81B19ASE30,0,1,0.0
A17EUNE7M6D0EO,0,1,0.0
A34NI8DC5AAE2W,0,1,0.0
A1OZSTTZ9W5MLL,0,1,0.0
A3IGF82JII638Y,0,1,0.0
A2KU6QQAFJ2PMP,0,1,0.0
A22XW65KYU3PN5,0,1,0.0
A21LPVPMEFCHF7,0,1,0.0
A6FNS064DS223,0,1,0.0
A1PHXN4RPR6QCH,0,1,0.0
A1JGN3ZC7ZRJNE,0,1,0.0
A13UQNMCNE8LPG,0,1,0.0
A3TG61RSYK082T,0,1,0.0
A3MLMULW2D9UIU,0,1,0.0
A3NH30B70DU5IH,0,1,0.0
A1N9QB2BECD6TS,0,1,0.0
A2TS1X0QT7I1NU,0,1,0.0
A26AGFN88XV910,0,1,0.0
A2NSH5VV3GXO2A,0,1,0.0
A3ULXO7OU7IUSL,0,1,0.0
A2V4F453JTQVQ0,0,1,0.0
AD20KMDUDP5EF,0,1,0.0
AH4J9SNZTFE48,0,1,0.0
A3K0X1VTJ1W8NS,0,1,0.0
A1IZMY30UH259Z,0,1,0.0
AZBQJRYUAS2M2,0,1,0.0
A3LG8W19C1TVRM,0,1,0.0
A2DQP0DIRKA0C0,0,1,0.0
A1INXS0MML5ESL,0,1,0.0
AHVAH9UPSLD77,0,1,0.0
A199NH036BRF1B,0,1,0.0
AA394CGT3GNYH,0,1,0.0
A2DDVALP7ZILTJ,0,1,0.0
AAQIW26UB8HRK,0,1,0.0
A16DRUJPZFAZ02,0,1,0.0
A3GK2YW141RDWR,0,1,0.0
ABT8W1CAXD7XX,0,1,0.0
A2SOQ3OK9D8DA2,0,1,0.0
A8WEKW81IT6IY,0,1,0.0
A2QHM5HBSIXRL4,0,1,0.0
A2PB0WVUSEDCJE,0,1,0.0
A2FU6HP81I7FCX,0,1,0.0
ANUMFGPD79H6P,0,1,0.0
A11GU5Z86KUYNC,0,1,0.0
A1RSVNW6JMFOKZ,0,1,0.0
A162H0GEEUFE18,0,1,0.0
A181QQKDEDIBJG,0,1,0.0
A3B62CEEBAKM7M,0,1,0.0
A23VAF1M7IWPNY,0,1,0.0
A1CRF9X21W5JWG,0,1,0.0
ANC8SQX3EDMOE,0,1,0.0
A3HTZK9SXHK5S5,0,1,0.0
A2EZAQ2F8N8DAN,0,1,0.0
ADLBBN13D7TR5,0,1,0.0
A3IWHS6BZL9RLA,0,1,0.0
A36A5EVFBS8A0K,0,1,0.0
A2ENKCGVPDRBOO,0,1,0.0
A1WWY1IOVCVXT3,0,1,0.0
A174ZF0GWJAPY9,0,1,0.0
AM4JK6BZS7UY2,0,1,0.0
A2VKNHJ13XED7D,0,1,0.0
A25C7YHV3W6YY9,0,1,0.0
ACH5PJUBU2BZG,0,1,0.0
AL8U6FF27WZF2,0,1,0.0
A3MYOPYP9VBML,0,1,0.0
A15X64ZP06H8GP,0,1,0.0
A2ZT9K39C45LEF,0,1,0.0
A2MVM5BS7AWC8X,0,1,0.0
A20AYB5E8MALUW,0,1,0.0
A1EK0SWZ4JON11,0,1,0.0
A15C8OVM4U0DRH,0,1,0.0
A2KPSWV4UONRN8,0,1,0.0
A2BSCP6IOIUQ33,0,1,0.0
A3H474MO4CM2Y5,0,1,0.0
A3JF001WP479T7,0,1,0.0
A33SFSEVHL5SHK,0,1,0.0
A1JAPOUUQZ20G8,0,1,0.0
AACRB2LDV8OV7,0,1,0.0
A1VN5HJYOX5SO1,0,1,0.0
A32KPKL0TZBGH1,0,1,0.0
A3RYK0RT54MRVC,0,1,0.0
A35FBEXJKN6IVP,0,1,0.0
A3L23F8XEP0QB8,0,1,0.0
A1MN0WVQNLDW1U,0,1,0.0
A1CXB6MATR08VV,0,1,0.0
A1R6S377HMO6W8,0,1,0.0
A1VUGMDX51J2SW,0,1,0.0
A118GK08650JY7,0,1,0.0
AS5U0DWZLF00Y,0,1,0.0
A3QGK1KW95V6O0,0,1,0.0
AHKOPVTQ3IEBL,0,1,0.0
A2GFU0LQ7FUVN3,0,1,0.0
A1E1KIA2MO5R8C,0,1,0.0
A2QC4EH5W3NT8F,0,1,0.0
A1VQC0MWX3V260,0,1,0.0
A256NDCQ68GQXK,0,1,0.0
A10OI0SDFKDW93,0,1,0.0
A3PTSN0CFNUYJ,0,1,0.0
A2W8HPGBRXTDK6,0,1,0.0
A1358SQFP6J17M,0,1,0.0
ABDHBMIC5F1IC,0,1,0.0
A4XCTN5YLC89U,0,1,0.0
A146CA37V0450V,0,1,0.0
A2I173MIIXW5GN,0,1,0.0
AV9HIKT97JPVF,0,1,0.0
A9DP44D9RALB8,0,1,0.0
A2IYX5W3A1N3VB,0,1,0.0
A3A4BWS21IXBWB,0,1,0.0
A147M79UHMEBN5,0,1,0.0
A1G297Y04IXW36,0,1,0.0
A2S5JZUWE07V35,0,1,0.0
AS753Z6KQOKP3,0,1,0.0
A3IYA4H79ISAEH,0,1,0.0
A3KPL5GWT82YSB,0,1,0.0
A3R6DA93CFNPN4,0,1,0.0
A2APN5J84C5T5W,0,1,0.0
A1POS6SOHL1O7Y,0,1,0.0
A28HTPAL1KNFA5,0,1,0.0
A3VBC0KXTZJGLK,0,1,0.0
AHBOQ0N02OG4U,0,1,0.0
A38ZIRJRY8XK4F,0,1,0.0
A1PTD0V4ZFWAQV,0,1,0.0
A1151KGEGG0D2J,0,1,0.0
A1JQEHT34KUE1W,0,1,0.0
A1VBMRDK5XK2EQ,0,1,0.0
A24TS6CQ1LEG8G,0,1,0.0
ACREH4UJ7IEKU,0,1,0.0
A1OZYB2MHZQXEK,0,1,0.0
A3EADR2QSMFRKC,0,1,0.0
A3D3DQKOLFLHJO,0,1,0.0
A3JTYP3IOAHWWV,0,1,0.0
A2EFFHU7UMTTIP,0,1,0.0
AGUO8C8CIUBPL,0,1,0.0
AJLPNPDPR5HAB,0,1,0.0
A1NRWVCA2TCZET,0,1,0.0
A3UQNOLPIDI9TT,0,1,0.0
AUMX8JMQ8264G,0,1,0.0
A3JIGBRDRPKHXN,0,1,0.0
AFVO217Q5P5XF,0,1,0.0
A2EC5WQMUBFF3,0,1,0.0
A1QFP8Y7G647BN,0,1,0.0
A38XXIIRBBLDN1,0,1,0.0
A39KDVU5JAXJIF,0,1,0.0
A2BCH9YBQWYF1V,0,1,0.0
A1GVE2UQO1C8BE,0,1,0.0
A1B3H3YVW67074,0,1,0.0
AIWIEBG568SKP,0,1,0.0
A3T73GUWOVNN0T,0,1,0.0
A1JUAHVYRZRQJV,0,1,0.0
AFJSV43FD2ZRA,0,1,0.0
AU9ZRQLTFTFYC,0,1,0.0
A39FR0EWCU8RWY,0,1,0.0
A2S5VQZJP7PCRY,0,1,0.0
A33FUQ2QMIVLKP,0,1,0.0
A23NNLX4OGN4MQ,0,1,0.0
A1P4H9IB2GUTRL,0,1,0.0
A962WLCJKA1CI,0,1,0.0
A1WTUIV46W45JJ,0,1,0.0
AHG7OKVJWQCUF,0,1,0.0
A2SBBMXYNC81V6,0,1,0.0
A1QC5M1SBZ7ZQS,0,1,0.0
ACXRG7Q1U86F5,0,1,0.0
A3DYUYQ6UJEWJ8,0,1,0.0
A1B2RV0PLWTNU0,0,1,0.0
A2GDEB47V3NVKQ,0,1,0.0
A20B06VXQO8HAT,0,1,0.0
AU7UARXFICEXI,0,1,0.0
A2W0V8O0AKY42R,0,1,0.0
A3QXLT7SOW6XC7,0,1,0.0
A3CQUQ28OKOMMT,0,1,0.0
AZ7V0A2YD4D68,0,1,0.0
A1M4BGKNKMM03D,0,1,0.0
A2NTV6MHFXP4M,0,1,0.0
A3MZWM75KSM1P6,0,1,0.0
A25PBJDH4ZRJFQ,0,1,0.0
A3PREF4Z95NCCN,0,1,0.0
ADWWNMEYNO12R,0,1,0.0
A1N013LEAOLX2U,0,1,0.0
A4WCI1XNXGSA3,0,1,0.0
A16ZVVG5I2GY1Q,0,1,0.0
A3QLBQXF441AW1,0,1,0.0
A2CEU41NXZ1XGQ,0,1,0.0
AZTJJKMETZ21D,0,1,0.0
A17IVHMQPJW54Y,0,1,0.0
A39Q0LE0OJ5PMF,0,1,0.0
ARD48P7NQ0UMT,0,1,0.0
A307HH9TTFX1YK,0,1,0.0
A3FY8Q6PWOFPOB,0,1,0.0
A33WIOGK6QCN26,0,1,0.0
A3LZ7MVTW83ZVS,0,1,0.0
A2G9S6VVEH7S2Q,0,1,0.0
A4GY0PTRX9QQQ,0,1,0.0
ACBO76L6K8I9J,0,1,0.0
A2G3CQKHDBOIOX,0,1,0.0
A2H3L41QW1O6BH,0,1,0.0
A1NQZDEPKW2P4Z,0,1,0.0
A295GX7EXQ1MHT,0,1,0.0
A25WWUO6K5YUY3,0,1,0.0
A3HD1742YP624R,0,1,0.0
AD2HJFO8KQNHT,0,1,0.0
A2CJVLER896Q7L,0,1,0.0
AIL6VNBJC2MDF,0,1,0.0
A15JXW5JKJGFO8,0,1,0.0
A3FUAGZZ6AF8XM,0,1,0.0
A1LIE43OG51RR6,0,1,0.0
A31U58XL0RCA37,0,1,0.0
A1TUT9SXRRDW8W,0,1,0.0
A2LP5AG0KA4GAT,0,1,0.0
A4U952S4FN0T9,0,1,0.0
A2A0T5NTYP1UYS,0,1,0.0
A32RPB6FLF89D0,0,1,0.0
AXM10753UQAD9,0,1,0.0
A6H29NLU11YOQ,0,1,0.0
A2IGC6UDL41IFW,0,1,0.0
AI9YI4IVOA504,0,1,0.0
A2LVMQGAATBLET,0,1,0.0
A2JLNELHJNG1VC,0,1,0.0
A2U8D5JZ5RKRIL,0,1,0.0
APK74RJ5E0DDX,0,1,0.0
A3513M2E6P93SD,0,1,0.0
A1R3TD4V10Z77B,0,1,0.0
A2LG4FG673JY57,0,1,0.0
A1533UHM87FNCQ,0,1,0.0
AU06LDFIN2Y3O,0,1,0.0
A1W68G1N5V68XN,0,1,0.0
A2XWDHTF1F8X3N,0,1,0.0
A2WUNBBBK6LX7B,0,1,0.0
A2Y11TVW6NUK8A,0,1,0.0
A112UZSIUGN3FG,0,1,0.0
A3A33D1ICDT5FH,0,1,0.0
AREREJA1RM5CK,0,1,0.0
A1A6P7R5UUKELH,0,1,0.0
A1C4DV9CTFMQ91,0,1,0.0
A3745URBQID4P9,0,1,0.0
A38STL750JQ45W,0,1,0.0
A35MH7NEVSBENL,0,1,0.0
A1H6SDFJFT0Y6E,0,1,0.0
A2CQOUULV6DXTV,0,1,0.0
A3F23TNCLI3PTK,0,1,0.0
A3FNA0D0GBPNIE,0,1,0.0
A1W6G74P9FYOQG,0,1,0.0
A2HH1OUH0VYYR5,0,1,0.0
A5PEVCGMRAITO,0,1,0.0
A3TU2Y9IOFNPB8,0,1,0.0
A2PZJYHC2342W,0,1,0.0
A1BVGT9YYCYN8,0,1,0.0
AN36CFXMPZAIM,0,1,0.0
A191JMHNVH9HHX,0,1,0.0
A34G9R0WJSKZQZ,0,1,0.0
A3VDC5IYVMK0NA,0,1,0.0
A2HCKBBEXELJ3R,0,1,0.0
A2IFNKUAC5LOQD,0,1,0.0
A325Q3IA4V0A1X,0,1,0.0
A1IWPSDQDOK2DA,0,1,0.0
A2F0MX3FT66GL1,0,1,0.0
A9T0I39FSJMM5,0,1,0.0
AW6VWZDVZGTZ9,0,1,0.0
A2NPZWLWFIG6QM,0,1,0.0
A195HVGDYTAKTU,0,1,0.0
A1CNI5IVSMGNH6,0,1,0.0
A371AP43OX0K4V,0,1,0.0
A28KPOWUOCIJC6,0,1,0.0
A3PRQ5HBAX8DW0,0,1,0.0
A1SVXVPD2G8N1W,0,1,0.0
A17QK08MMNRNJF,0,1,0.0
A52X1I4UT56KL,0,1,0.0
ALEJLSSNM439V,0,1,0.0
AJ00LNJA8WHBX,0,1,0.0
AUOLSRH3HNPG1,0,1,0.0
A1GJC2H1T87KB0,0,1,0.0
A1BNXSN5TBT9F7,0,1,0.0
A1QZS9T3HHFM7N,0,1,0.0
A1NM7AKSF2JR6W,0,1,0.0
A17YJINEKNFWLE,0,1,0.0
A3I9CG8HA38QJ4,0,1,0.0
A3AGDWDXYDAE39,0,1,0.0
A1B0DAWWRH46UI,0,1,0.0
A2UBJ9XS14PRQ7,0,1,0.0
A3IKOI71108FUB,0,1,0.0
A1NWR93PPNP40X,0,1,0.0
A2SEDOJBJURR3Z,0,1,0.0
A2JFGWW4ID7OHU,0,1,0.0
A120KBT5UAQEZP,0,1,0.0
A1WF7HEOBAJNTG,0,1,0.0
ABAXZYRBJ7KUT,0,1,0.0
A4RDE2GAAYGA1,0,1,0.0
A1U7ZCMKFKWILQ,0,1,0.0
A5DLLWALGN44L,0,1,0.0
ADF2HJPRW1BZG,0,1,0.0
A6R8TU1OCBXCR,0,1,0.0
A329TQLDBZDAAF,0,1,0.0
A3GIBLGFLDNX7T,0,1,0.0
A1B939OD0LHXRN,0,1,0.0
A1DI7507KN7WTI,0,1,0.0
A259QDGY6WFXZT,0,1,0.0
A1EV8OK20TU995,0,1,0.0
A2Q2QZH42ZEIFF,0,1,0.0
ADU56N9Z46FTF,0,1,0.0
A1NR87CCN4I5ZT,0,1,0.0
A2A1RBR2MG7LHY,0,1,0.0
A328N302OQLHE1,0,1,0.0
A1S66MZRHXVFP6,0,1,0.0
A2EUEYAX5L2STA,0,1,0.0
A3Z7M3KBLHOH,0,1,0.0
A1NSEMOMF4JNOY,0,1,0.0
A2LLSFQO8O8XNW,0,1,0.0
A2PG2B03OKT3G,0,1,0.0
A1LO323L0EPAU3,0,1,0.0
A29E0N5YX7ZB7K,0,1,0.0
A3BETHI0E05M22,0,1,0.0
A38G4QQJCB3YUY,0,1,0.0
A1QLBA4P5QGTTC,0,1,0.0
A8FZSIALO6TGG,0,1,0.0
A2LP92GOP9JFPT,0,1,0.0
A1YVRH633QYK15,0,1,0.0
A1HC6JEDXMKW6G,0,1,0.0
A2OLJ3NHHOHCHQ,0,1,0.0
A33219UGY70PH8,0,1,0.0
A2ANDETHS4MQ4M,0,1,0.0
A6M0NRI5OC4Z0,0,1,0.0
A2JO1JUDWQ19RH,0,1,0.0
A19AJJWH6HIGIV,0,1,0.0
ACA98CAV02ODL,0,1,0.0
A1XE97I2KDDTBA,0,1,0.0
A2EXG126HPF14S,0,1,0.0
A19L6EW0AW9V80,0,1,0.0
ACJ125D7GPG5C,0,1,0.0
AF5Z5CNJW28WW,0,1,0.0
A3SG7CTHYG1QC2,0,1,0.0
A1G0R4IH2O6DL1,0,1,0.0
A2H40LHCZNLDWR,0,1,0.0
AEC0I4XOMJJ72,0,1,0.0
A14Q68Z8YBVQF4,0,1,0.0
AOFGOUMXLMVZS,0,1,0.0
A2QJK0VG9NOM9B,0,1,0.0
A2LGCBD8HB2NRY,0,1,0.0
A3MJ1OH04JQNQF,0,1,0.0
A2WD487DM2UDPE,0,1,0.0
A15814Y2OQV3PP,0,1,0.0
A3SDEQCEKNED4O,0,1,0.0
A2KI32LAJETKKW,0,1,0.0
A1VXM4VVCAZ6PH,0,1,0.0
A25KR9JWY7OKZB,0,1,0.0
A5H6NKS0797P4,0,1,0.0
ASEMSABXHAEYQ,0,1,0.0
A1S8FVNG0D97AM,0,1,0.0
A19JQDF4EJ5FLL,0,1,0.0
A1F4HEMSVRI531,0,1,0.0
AI42N06EHAGBH,0,1,0.0
A8SIXLOCJP77G,0,1,0.0
A1HQME37P33MLX,0,1,0.0
A2PDHNHGAWM9YS,0,1,0.0
A34SN3J97JNH4Y,0,1,0.0
A160663SCQJIU,0,1,0.0
A37RDWOYNNJ9Y9,0,1,0.0
A3XIG9JBA4B2K,0,1,0.0
AX805Z5FBUMMK,0,1,0.0
A16X2PZ0YL4YGT,0,1,0.0
A1CJR47UDZRTSE,0,1,0.0
A1PIOSWLZMILUZ,0,1,0.0
A1FD7TU79IBUCX,0,1,0.0
AUHMZ6SOE46OQ,0,1,0.0
A129DYT9HJ0W1S,0,1,0.0
A2BNKKY4MNVJI9,0,1,0.0
A35EB9VHT3W42P,0,1,0.0
A53VN3M2TZT8C,0,1,0.0
A1TN4KIE4F5LIH,0,1,0.0
A3KI5DWHG0G0Y,0,1,0.0
A1W0BIMPM5OT3E,0,1,0.0
A2TCNUT0304BYF,0,1,0.0
ASJN2S1YUJTNS,0,1,0.0
A1730IEKFGKPET,0,1,0.0
A3D0Q8CLVGMA67,0,1,0.0
A2KAG3LH2Y86AR,0,1,0.0
A3D3QN44EHAZ9J,0,1,0.0
A2FN97XZ8IM2BL,0,1,0.0
A193N9XJMK8TJE,0,1,0.0
A38YBA1OIA3ZFX,0,1,0.0
A3MTGH0GYRUV6J,0,1,0.0
APVG1LNNJJKJL,0,1,0.0
A35Z12H2G089VU,0,1,0.0
A3D8ZM5S6SBTOW,0,1,0.0
A16RSAY1DXB6PI,0,1,0.0
A7Q6CND42YMMN,0,1,0.0
A30DRGHSJJBZ9I,0,1,0.0
AJNDDOA4QJSD6,0,1,0.0
A3PT892Q65UTXG,0,1,0.0
A36UY8TVX4CFLU,0,1,0.0
A2V84NV5I1UE79,0,1,0.0
A2FJTIRAFPC0U2,0,1,0.0
A1J4E5R21NQ086,0,1,0.0
AUAE07XD9Q758,0,1,0.0
A1EVKCZSZZ7UY,0,1,0.0
AMSBCSGY4EYJB,0,1,0.0
A14DZ4DT1H96HI,0,1,0.0
A35NPKN2RKX8LH,0,1,0.0
A3RWUEZ5U8OT0Q,0,1,0.0
A377R0BSYTY0L2,0,1,0.0
A2IRLNJ5LPMDGE,0,1,0.0
ANS0YHPGX93LR,0,1,0.0
A1N90BLM0OTQUF,0,1,0.0
A261T7Q2VNN1ND,0,1,0.0
A7YT7X7MIWR16,0,1,0.0
A39QO5TOD610ER,0,1,0.0
A2FKP2M7N0S3T4,0,1,0.0
A31SQTLRDWJWED,0,1,0.0
A3B5IA8958VL76,0,1,0.0
A28JB5IESWSZQU,0,1,0.0
A13HUE4D2KGH8O,0,1,0.0
AQYRQ7H4BQJJM,0,1,0.0
A2V0C4HU494D37,0,1,0.0
A2DN7RUNX06BZ1,0,1,0.0
A2GCVTKDDOKRRX,0,1,0.0
A2OXTTN0C1LP54,0,1,0.0
AQ4P5VTU2RASK,0,1,0.0
A5OAWF1PUIC93,0,1,0.0
A9RQYUTHMXC2P,0,1,0.0
A1O1RG8QYMITIX,0,1,0.0
A1F61EYI8M9I63,0,1,0.0
A32GCOTGFJ9XC3,0,1,0.0
A35WJ3R00CR68W,0,1,0.0
A9JAJQ8OMOVUC,0,1,0.0
A3DHS97DOBZDBW,0,1,0.0
A2O5QOHESWQGPB,0,1,0.0
A6BPVS5UMMWVH,0,1,0.0
A242Y7AFD0KAVA,0,1,0.0
A1B1LNTPTCRNJQ,0,1,0.0
AADSJBKCD7C94,0,1,0.0
A74TA8X5YQ7NE,0,1,0.0
A19DK14D7WNY69,0,1,0.0
A3T7XQ1CZISZGI,0,1,0.0
A2B5DJ0IVKTBIW,0,1,0.0
A396NFQG38D131,0,1,0.0
A2I6WHTQT57900,0,1,0.0
AYZHBVG0RV2A0,0,1,0.0
A2D4S2M8JT2OS5,0,1,0.0
A19DZGQO039QEC,0,1,0.0
A1HF8PDY0M27Q3,0,1,0.0
AB7T1DDG1HUOD,0,1,0.0
A23ID4AZTDBV78,0,1,0.0
A2I6A8OSTUB1LD,0,1,0.0
AIGK3405J6NAI,0,1,0.0
A4F5EXG9A3P78,0,1,0.0
ACRUPCVEFLP4X,0,1,0.0
A25Q2S8JEY745N,0,1,0.0
A2ZOMLJSE5BK0D,0,1,0.0
A1R55MDN43HRP,0,1,0.0
A1DO51T5I1HQ8U,0,1,0.0
A1E1FGV9V1WQ6A,0,1,0.0
A1UCQKJDNLE25V,0,1,0.0
AV5V1UKSGI6GX,0,1,0.0
A3HQ6IPNE7PUO7,0,1,0.0
A3SFEO8X4JIW3D,0,1,0.0
A32WNM9FLDJ26,0,1,0.0
A27BRS9UA93O6X,0,1,0.0
A1EF5ODLYYMZIU,0,1,0.0
A3CJGCQI6RKRNJ,0,1,0.0
A1GR9JZSPOYPJC,0,1,0.0
ABCXQCFQ5U9HL,0,1,0.0
A138NZC60X2CJC,0,1,0.0
A2GEJGV36LEY6U,0,1,0.0
A3QCHHUFTZWV7P,0,1,0.0
A1JNN94GF2X07Y,0,1,0.0
A3TYXVPPKM0QGU,0,1,0.0
AEZIYSTR1GZLF,0,1,0.0
A391Y0FX04U814,0,1,0.0
A1V292FRQ5FU41,0,1,0.0
ACSC1GIHEG8PR,0,1,0.0
A16QISHQDP5DRO,0,1,0.0
A271QXN0DZUK9H,0,1,0.0
A3JDL0QTF3S4HQ,0,1,0.0
A12BD1BM69K25L,0,1,0.0
A1AR2S7Z21D1TX,0,1,0.0
A1130AMY9KKIBL,0,1,0.0
A33CXFQX85WS3H,0,1,0.0
A1GY3TDX843B1T,0,1,0.0
A3HAG5HVXP3V54,0,1,0.0
A1JSENQBPKWY1Y,0,1,0.0
AD49US86GSQ4V,0,1,0.0
A29UH663BZ88D9,0,1,0.0
A2RKDHBC8VGY0K,0,1,0.0
A3IFAGP5ELDMHU,0,1,0.0
A1LDBE1I4TIOLX,0,1,0.0
A2IC2904Q8HDPM,0,1,0.0
A1D1OFE4SC15E0,0,1,0.0
ACHPP86D37DRY,0,1,0.0
A2QBPD0PXOAUQX,0,1,0.0
A8PVY0TEPYZV6,0,1,0.0
ADGRGP45LC5JZ,0,1,0.0
A1COCQJY7QGWO,0,1,0.0
A2A5PFTZBFLL68,0,1,0.0
A1WB0EW1E3A83L,0,1,0.0
A341595E71FG6J,0,1,0.0
A4CD5NJD5GA25,0,1,0.0
A2X3LO7U57XG5,0,1,0.0
A2MZ4XPFN6YH37,0,1,0.0
A1BM45N5F304KL,0,1,0.0
A1PUV4XTMT14L3,0,1,0.0
A2FF9JSQHEGSZX,0,1,0.0
AL6BBQ6E0V098,0,1,0.0
AI5N269JP7JAA,0,1,0.0
AKMD3RNXJKEX9,0,1,0.0
A2ESGTC8OVQCCA,0,1,0.0
A1O7C0RN447LIH,0,1,0.0
A2DNHSWYF6H5JY,0,1,0.0
A3P4BKWNJ6UUS,0,1,0.0
A3IPRGWKSJ4BBW,0,1,0.0
A1T97WY3T225C6,0,1,0.0
A265S2Z6U63RBU,0,1,0.0
A1HZJP6WF7A97T,0,1,0.0
ARZV4QKG5AJ9,0,1,0.0
A3TA4RVYYDMUWK,0,1,0.0
AG83MQBMP77GP,0,1,0.0
AA5W2UHXCEDUY,0,1,0.0
A1TMN6UCC0XLZF,0,1,0.0
A16WOC81I9577R,0,1,0.0
A2OPC1PTXPU7FG,0,1,0.0
A294QTFYPS4AEK,0,1,0.0
A1JY2V24BF8HED,0,1,0.0
A6LB5TKEDDCC8,0,1,0.0
A1RIQSGEWB2Q4F,0,1,0.0
A2HKIMPR8UPN18,0,1,0.0
A11K2HXZB4Z1VY,0,1,0.0
A4KIYRMFSXGEY,0,1,0.0
ASX2P0RUJVDBP,0,1,0.0
AAXCF93TQFM5G,0,1,0.0
AMLQ9URT570WJ,0,1,0.0
A1VPZHIQZKG5LC,0,1,0.0
A26Z8FBEO1D55T,0,1,0.0
A2HCS79UZ5Y66B,0,1,0.0
A29UD0YQU95J2Q,0,1,0.0
AQZMDF5110XY1,0,1,0.0
A3CCEKRJ9N0XWV,0,1,0.0
AXJCB8EB2BOV8,0,1,0.0
A1ZT2CBKZL2BUA,0,1,0.0
A3A9J3Y6CQYSTS,0,1,0.0
A2I9Q4DQS1ZSTB,0,1,0.0
A2KPWEL1IQLNN4,0,1,0.0
A2TYRZC2C51E2W,0,1,0.0
A2WDCDU02FC2T3,0,1,0.0
A27XEJX3W4FCUK,0,1,0.0
A4V3MZPLN3XUU,0,1,0.0
A252GW8BZ7DAA5,0,1,0.0
A1U4JOYO4W6UYJ,0,1,0.0
ATHUN0PJ0MG0P,0,1,0.0
A3HHCD6UU62VNH,0,1,0.0
A3SGLP7CEZ9SGQ,0,1,0.0
A1134QXO79NG7B,0,1,0.0
A2P9O277WZLBR0,0,1,0.0
A3ILZDO340H7BQ,0,1,0.0
A9O2V66QQBFPM,0,1,0.0
A33H636AMBLOSB,0,1,0.0
A2W8GQ93VU8LZV,0,1,0.0
A2ZIM0MV1D1CNU,0,1,0.0
A3902IXDBI0AA6,0,1,0.0
A1MUH58OOJZHKD,0,1,0.0
A1ST559ER8YUO2,0,1,0.0
A1GFAWPVNTSB0F,0,1,0.0
A2YKJMO5F61YKS,0,1,0.0
A1LCCDBKFMA6L6,0,1,0.0
A2JDLPSCCV0WPJ,0,1,0.0
AX5WIM00C7TGY,0,1,0.0
A2EZJUC9NPLJFE,0,1,0.0
A30LDKZQ0I6O92,0,1,0.0
A2GEZ75EH5IAIK,0,1,0.0
A1WVS59FQETT75,0,1,0.0
A38PGQT3UVXHEY,0,1,0.0
A1J7H90L5WW6M8,0,1,0.0
ABKQWLUFEW3KB,0,1,0.0
A2I2MOP1YT7JVQ,0,1,0.0
AI8CKT111WHK5,0,1,0.0
APBPXPYBUKE1W,0,1,0.0
A7TPHVO84W8OD,0,1,0.0
A2LB20XRW6SY0W,0,1,0.0
A2VC2CCXZH5LQN,0,1,0.0
A3QVAL6M4AGSSV,0,1,0.0
AN92U23LYTQBR,0,1,0.0
A1A8R9JTQ8ZSXG,0,1,0.0
A2K4C10NOTVY8E,0,1,0.0
A2M7TBPIH1MV0L,0,1,0.0
A2IJ276VBT3V7S,0,1,0.0
A1OBOZRWAP9LD,0,1,0.0
A3TQIU3Y54TLEI,0,1,0.0
A26Q5GW3D7D1JH,0,1,0.0
A3FWSOTC1OZWR7,0,1,0.0
A1L0OJ0VQDMPT7,0,1,0.0
A3SP6GHL4UVUMZ,0,1,0.0
A28PDCYDFXBZFQ,0,1,0.0
A1CVEJNS5CGWJG,0,1,0.0
AIY8MK340XSRN,0,1,0.0
A2BZMMDUDSXEQD,0,1,0.0
A2CQ3C1AWFVCE2,0,1,0.0
A2SEHOBX4M0OZ0,0,1,0.0
A38HPJZBNL8LRA,0,1,0.0
A28N7G3O49S19Q,0,1,0.0
A27OCYV9N4O9TK,0,1,0.0
AIS11K1PYBIYW,0,1,0.0
A1B4EJMGUGPMX3,0,1,0.0
A3NVHI6NQQLJLM,0,1,0.0
A2UF03KWEQ1G64,0,1,0.0
A1UONU8G4EVAW4,0,1,0.0
A2MTHXIV6BJH71,0,1,0.0
A1NNUBLUHNM0DO,0,1,0.0
ATPOJO4IRA66W,0,1,0.0
A207GHTRF9GRNF,0,1,0.0
A1GCZH168DAGRB,0,1,0.0
AIBGSX2D3EXU6,0,1,0.0
AKSKSQ4PS7HQF,0,1,0.0
A2FPZRKXQ1JUG9,0,1,0.0
A16JZZ0DQ1L9RB,0,1,0.0
A1LZ7QGWHBHWOD,0,1,0.0
A14I5GLI33UV6Z,0,1,0.0
A21CPPA7K4IU33,0,1,0.0
A3EN48HL6EXS9M,0,1,0.0
A2MS78N2IBRX5C,0,1,0.0
A9GYMUHAVWR6L,0,1,0.0
A2FL0CGXE34Z5N,0,1,0.0
AKHE159EZIOT5,0,1,0.0
A1QCZQTJNK3MU,0,1,0.0
A1KQJZWLZVQ58I,0,1,0.0
A2Q2R65WCHJMCI,0,1,0.0
AKLHMR5FK8BAR,0,1,0.0
AH3WDMLRQHE2Q,0,1,0.0
A2NRK93KC3EYAG,0,1,0.0
A3OUH3ATL4GO18,0,1,0.0
AKJYF99A9JBQ5,0,1,0.0
A46VYCWWIGDIV,0,1,0.0
A2E7GVWJU80BHK,0,1,0.0
A2HGAB7KU2X700,0,1,0.0
AZOKTGJICFZHY,0,1,0.0
A2J29BB7TGCPZ2,0,1,0.0
A4XF0Z4VW0QBP,0,1,0.0
ADI2V9PO71H81,0,1,0.0
A1ACAFJGX98XOM,0,1,0.0
A39A1G7LG6AFXM,0,1,0.0
A11E9KUJDWNPD2,0,1,0.0
A1POUDPTER903,0,1,0.0
A3NVN3D15Y8U7I,0,1,0.0
A38UBKOFR21D8I,0,1,0.0
A1YJFH42GSAY13,0,1,0.0
A2NH76ZNF448J5,0,1,0.0
A1M658L774LPGM,0,1,0.0
AOTY05YYW58RK,0,1,0.0
A3ERIYU56MOIZV,0,1,0.0
A3ER3JDSFVX5JH,0,1,0.0
AY6UJN7232IUS,0,1,0.0
A3A4UYJ4UOA8HS,0,1,0.0
A1UHLN9JYZOW0H,0,1,0.0
A294SYI3TWEBDC,0,1,0.0
A38FR90W06FI1C,0,1,0.0
A31WACMHGEDJ4D,0,1,0.0
A16M1TWWCCB1ZP,0,1,0.0
AX1QE6IR7CHXM,0,1,0.0
A2XTRIJIRKVZIU,0,1,0.0
A2R8UTVQN2YX0D,0,1,0.0
A3LQNRS81TVFKZ,0,1,0.0
A3AKG18MHAV8X3,0,1,0.0
AVKW0NA5XXRGN,0,1,0.0
A1QUPCI87IR9GH,0,1,0.0
A3CRLV6975TLRL,0,1,0.0
ANPIELRQWLR54,0,1,0.0
A2XK8WOE7ZP52G,0,1,0.0
A1JUQ6WMTH8NK4,0,1,0.0
A12AW4WFT0HXYR,0,1,0.0
A2HE337F3466QF,0,1,0.0
ARS90NOPKNPHS,0,1,0.0
A247LSPV07DB1E,0,1,0.0
A2A7A6OILSS9SJ,0,1,0.0
A5G21E8OCXITS,0,1,0.0
AKVN9N4N3UDJL,0,1,0.0
A3XBWFQEPGC,0,1,0.0
A2GV5GI7X215XW,0,1,0.0
A2BZ9AJLB77AM,0,1,0.0
AAU2F3F59OQ70,0,1,0.0
A1U6TOGYBU4BOO,0,1,0.0
ARE879SUUYGVP,0,1,0.0
A1VHCMCICPCWR6,0,1,0.0
A2MXF31CTW3QSW,0,1,0.0
A1BT2YI37J18HN,0,1,0.0
A1RMC1DFB2QG9Q,0,1,0.0
A36RI10PYLLLME,0,1,0.0
A3TN9J60Z0A1IJ,0,1,0.0
APSWOU8J77CVN,0,1,0.0
A37ZXRU31QUB83,0,1,0.0
AKNERXLCNZ00G,0,1,0.0
A8EDTKSPOMRWK,0,1,0.0
A3H1U5UV5LYJ9Y,0,1,0.0
A2O3AY9CJ9O5W0,0,1,0.0
AX4IT87INWPV,0,1,0.0
A2DSZF3OWPPJC3,0,1,0.0
A2OWH0V1B4ML7U,0,1,0.0
A1AAIB4Q9S0Z7S,0,1,0.0
A17I4QSLUA9QES,0,1,0.0
A1EMCLA5IETUVG,0,1,0.0
A2AVQKTJCOA7DX,0,1,0.0
A2CMDEP1IU7PKE,0,1,0.0
A3KIROVPB2Q7Z6,0,1,0.0
A188I9PAAM0YH2,0,1,0.0
A3UU3FQHJKTD77,0,1,0.0
A38PR6HL2CIN4Q,0,1,0.0
A9A50VD2EU93F,0,1,0.0
AER08DBAXGT5Y,0,1,0.0
A34R6K0JJPAXJP,0,1,0.0
A179LG0EC4JJQJ,0,1,0.0
A2PJ8PJJ68RJ0B,0,1,0.0
A3JR735LS372L8,0,1,0.0
A11B8XHBEIOLA,0,1,0.0
A2E9VI6KEX2YF1,0,1,0.0
A2NAU4O6QZIFMA,0,1,0.0
A3JB4P1HZ74BIS,0,1,0.0
A2ZXE6NS78MKIB,0,1,0.0
A2W1PVYIOI5A30,0,1,0.0
A318VRHUBIUMB3,0,1,0.0
A3R5LZ29W7TGCH,0,1,0.0
A2C0LEF72UCMQU,0,1,0.0
A126YJTSLQG5OI,0,1,0.0
A3ADA0BCU2PZ0O,0,1,0.0
A1CZ7IIIG9N1ML,0,1,0.0
A3OCSNE59Y4EAC,0,1,0.0
AFIYOQOG778DA,0,1,0.0
AI72WJFB7ZZ8U,0,1,0.0
A3IWLVCZ0CH36M,0,1,0.0
A26MLA0UOLVUNU,0,1,0.0
A3G1BD69ZJQ4O8,0,1,0.0
A1OOWJ2WSKGIAT,0,1,0.0
A388RNU7XC3OX7,0,1,0.0
A37N4W4RD4LKLA,0,1,0.0
A2QY6MDH3J7VF0,0,1,0.0
A4N1S4TIMG9ZR,0,1,0.0
A1EDXBS5VCNYGV,0,1,0.0
A1WDJJPNKCLSUF,0,1,0.0
A10QQWAYZVX2QS,0,1,0.0
ATABX4R68VMQD,0,1,0.0
AB26FPFY8E6AA,0,1,0.0
A1JYBKCJSBQMIC,0,1,0.0
AT3P5M14UHVCX,0,1,0.0
A1X7QYIR6SXGXW,0,1,0.0
A2SNQ14U4ZUXSD,0,1,0.0
A3DENEABFQ9EUR,0,1,0.0
AHT55KXRUB3N5,0,1,0.0
A37E8PSTUH63W3,0,1,0.0
A3TXKZNC4I2VUQ,0,1,0.0
A11DY12WLIB4UN,0,1,0.0
A3A9YJ75YESYUK,0,1,0.0
A2SMDJ7L0JRQPC,0,1,0.0
A3SI9Z6G0NYNTO,0,1,0.0
A2QH51T8VKXFMB,0,1,0.0
A1X2WMUHSY60J9,0,1,0.0
A2KVZY5EMMNDOB,0,1,0.0
A4JD7DJC94VPR,0,1,0.0
A1MJTH31SW605G,0,1,0.0
A3H1316H0IEZTQ,0,1,0.0
AETN1JFSVB8FS,0,1,0.0
ARJ2L3J5GPHRM,0,1,0.0
A2M2ZOU0R6DSCB,0,1,0.0
AXDM1069BD601,0,1,0.0
A15TWJFPQKWQ3L,0,1,0.0
A2KFZGF1UCL4S9,0,1,0.0
A1BEOAD1D9QNB6,0,1,0.0
AOXSL69K4Q18L,0,1,0.0
AK9G9DKV97BNP,0,1,0.0
A2D7IHQGEBIDNG,0,1,0.0
A2NN765NTRCFP7,0,1,0.0
A2UVNWWAPGYXFV,0,1,0.0
A36TC7G6ODJMLT,0,1,0.0
AP6H8LNMY0Q9E,0,1,0.0
ALGJ0HO4F1CSU,0,1,0.0
A16259GQNNS1Y6,0,1,0.0
ADSF2TWAQS044,0,1,0.0
A1FQVKBOFHWKDX,0,1,0.0
A2256865IXHUPX,0,1,0.0
ACNQI6RTN3IAD,0,1,0.0
A2TR84TPB5Q7LQ,0,1,0.0
A3AOEYOF9XWHGH,0,1,0.0
A335RS5O80RITT,0,1,0.0
A2IW3G3HYTNFYC,0,1,0.0
ASC0T61UMGTZ,0,1,0.0
A2DNDLS28ZW7DC,0,1,0.0
A34GB0RNIWFTKX,0,1,0.0
AEIIYU21PLLBM,0,1,0.0
A3W3R3AAYXOOMK,0,1,0.0
A3JQ7JBTC4M50Z,0,1,0.0
A9US4NGLYLM37,0,1,0.0
A2P8A9SINJ4NZR,0,1,0.0
A2D11ZNRSDE5FZ,0,1,0.0
A9W62AZ31YPGB,0,1,0.0
AMU56E1HI6EPR,0,1,0.0
AIDXLRK9XKSQZ,0,1,0.0
A1BZ18U2EF4FAI,0,1,0.0
A80SK99NL9PX6,0,1,0.0
ATWXM6IL9UO5B,0,1,0.0
A2OZ5ERO1D2YOX,0,1,0.0
A28EN3GO6VMNEC,0,1,0.0
A38ZXR62HBHBJ,0,1,0.0
A38HDVN4KCB9QM,0,1,0.0
A10H073G5MOLJA,0,1,0.0
A231H5H5NICMW7,0,1,0.0
A2UOSYIC8D0LBP,0,1,0.0
A1HUXUPUHN9GJM,0,1,0.0
A1PG435Y5N274B,0,1,0.0
ANAFOVE8AE3UI,0,1,0.0
A17FJQIPBINI95,0,1,0.0
A3MNV6BP0YENP7,0,1,0.0
A33IZMZLK5DBDJ,0,1,0.0
A1EECD98CHRXOA,0,1,0.0
A2NLXA4BU86D94,0,1,0.0
A1UJLF88DM8PX4,0,1,0.0
A1MWEKGRKFU6XV,0,1,0.0
A3OS1SO09S3WRJ,0,1,0.0
A1LEOOMVEC0A5,0,1,0.0
A3Q5GZ46OUL4H5,0,1,0.0
A2F1WZ7S7CA4UQ,0,1,0.0
A3S7997A6GYVDW,0,1,0.0
A28JYCMR166H7V,0,1,0.0
A1C7EN9VF24V49,0,1,0.0
A2O7I93691XGU,0,1,0.0
A2R6RA8FRBS608,0,1,0.0
A3L706G7TP4AWK,0,1,0.0
ANC8LUXJU31JN,0,1,0.0
ARY6ZLCIYE3DN,0,1,0.0
AIHYN9BY05T3H,0,1,0.0
A2AUJKRW4BX6NP,0,1,0.0
A1XYC5TE3YU371,0,1,0.0
A2175QZ86KXCLA,0,1,0.0
A35SYEGKVOO3OD,0,1,0.0
A1FJGC7YGB9I22,0,1,0.0
AP9HA7KU2SP64,0,1,0.0
A30RCYJTRHS325,0,1,0.0
A1GHXREF0V87EF,0,1,0.0
A19JO0D9LYFJZF,0,1,0.0
A1QFBZVNDVAU7V,0,1,0.0
A2HT8B667SCRN8,0,1,0.0
A3LXDGX32E7E57,0,1,0.0
A3S3NGWOXWKXKH,0,1,0.0
AY8Q9ZK6JC40W,0,1,0.0
A3SL6PMPLMCB2L,0,1,0.0
A3FW1LCISRPOYC,0,1,0.0
ALJQEKXUZCL39,0,1,0.0
A2S4UO73LBY2EZ,0,1,0.0
A6O6DLR6N3FO3,0,1,0.0
A3PZ56NBFYZZUL,0,1,0.0
A18ZYBZLR66IWK,0,1,0.0
A1T9H7QRTDNI2U,0,1,0.0
A3BSJ9LR74UWGS,0,1,0.0
A2RNEC25P6LEM4,0,1,0.0
ARQEOGP3QRF0H,0,1,0.0
A1D5TI8A6WSNW7,0,1,0.0
AGIK1GKXXV6PY,0,1,0.0
A1TLA3AD96MBWG,0,1,0.0
A1AUIULRO9ZQVR,0,1,0.0
A2VYCMDYUVF4ZU,0,1,0.0
A12WI6F5DSS8JX,0,1,0.0
ABLI32M2CZOLW,0,1,0.0
A1987KVD4EHEM5,0,1,0.0
ACLV747KEB0HL,0,1,0.0
A1YEF4FVYGJXMH,0,1,0.0
ARXWCKE4TW84H,0,1,0.0
AWI0W8GVDX29P,0,1,0.0
A3TDYJPBZ7DXE7,0,1,0.0
A2VI7695Q89WML,0,1,0.0
A39FC41M290EZQ,0,1,0.0
A43YX2KSCNE09,0,1,0.0
A2Q0453VEQDU3E,0,1,0.0
AT20M9E7UT834,0,1,0.0
AOGVYZO1QFA4Q,0,1,0.0
A3RIVB2A5PER0D,0,1,0.0
A3CYSC7Y6M0143,0,1,0.0
A717A0PJOWV7N,0,1,0.0
A3I37YQFNO548K,0,1,0.0
A1FZB05IV6YIX1,0,1,0.0
AK0AZ175B3XSJ,0,1,0.0
A34RVWGIYC3M67,0,1,0.0
A3VBJB69BAGE24,0,1,0.0
A1BLZC6IOHCS2B,0,1,0.0
A3IID9YHOZZHNO,0,1,0.0
A151EUL2C4GJNE,0,1,0.0
A3JN8DMA0EC9YL,0,1,0.0
A2FKGO9OW1L5QR,0,1,0.0
A2F050JSV0QJB0,0,1,0.0
A2KORPREZO2RHL,0,1,0.0
A1JCGPPRL9XKVB,0,1,0.0
A3KVXROGIY42XS,0,1,0.0
A2JEP9XNZ7GQIY,0,1,0.0
A16ISYMCYGT0NB,0,1,0.0
AN2R1PM3G46UJ,0,1,0.0
AKP4LF4UWT4SZ,0,1,0.0
A27DSLOSSYQPB8,0,1,0.0
AAGZZMXI0XX0D,0,1,0.0
A25JWNFJA8JHMB,0,1,0.0
A251OKWDZIA702,0,1,0.0
AF502FLL5WFZ3,0,1,0.0
A2EVA4NZDQ7RUU,0,1,0.0
A54WV030WSMJY,0,1,0.0
A1PT316HZQK19K,0,1,0.0
AJHL6V79ZGVZI,0,1,0.0
A1T53Q61OYHPUD,0,1,0.0
AQH9RV53R1VRH,0,1,0.0
A3JV41WP2W5628,0,1,0.0
A3LXP6GO4BPRRR,0,1,0.0
A15SA1HFUOHNAE,0,1,0.0
A3TC6A6PQQG2VO,0,1,0.0
A2UJC17IDFQ3AL,0,1,0.0
A14G7W2YFFNM43,0,1,0.0
A1SLHNA3FV9U9E,0,1,0.0
A3ARFUXVMCCTGU,0,1,0.0
ANI02M2R6JRJ0,0,1,0.0
A8ANIKJF5OAKS,0,1,0.0
AICLGJYPMXBL,0,1,0.0
A3GIFP83R1K7Y2,0,1,0.0
ACHTJT49MY6O9,0,1,0.0
A3SYB4E5MCEBZL,0,1,0.0
A2Y6N1BFQND1XG,0,1,0.0
A368S3GKDJP8Q6,0,1,0.0
A2KA51YHCM9HCC,0,1,0.0
ACWAN8W8AXVJZ,0,1,0.0
A1PU35DRV1UG0N,0,1,0.0
A2ZTT1HI6H604G,0,1,0.0
AX1VM8UG0N4VC,0,1,0.0
A3QOOW0G6D0X9V,0,1,0.0
AGUIDZ5H8LFPQ,0,1,0.0
ASN8RFXSFXYW,0,1,0.0
AU2BTPE4NPRRF,0,1,0.0
A1OBUW48Y2GNMZ,0,1,0.0
A238OBWZW2L4WE,0,1,0.0
A3D84NOUIQ6T6I,0,1,0.0
AC2EGRJTJYVBA,0,1,0.0
A3HZANL0GB61U8,0,1,0.0
A2M69FXV13M1AI,0,1,0.0
AMLDED53I2C28,0,1,0.0
A32831OS3YG326,0,1,0.0
A2FMK0SLCHHCW3,0,1,0.0
A1Z68K7XDOSHD,0,1,0.0
A241XUF4T0NU46,0,1,0.0
A3CRLM2N7D4S56,0,1,0.0
A3P6RM1ZDRPIUQ,0,1,0.0
A3JE752C5H1CDT,0,1,0.0
A207AQKPA97DMX,0,1,0.0
A1PDPM6IKTU07N,0,1,0.0
A17TASZJT6Y39D,0,1,0.0
A2NTF338YPQWER,0,1,0.0
A2IGDO6NZFC4VM,0,1,0.0
A2JMO8W1348Q7P,0,1,0.0
A16E2MZ0QB3ENG,0,1,0.0
A1K31OYEGGD0DZ,0,1,0.0
A2WCA7FVGSIWU5,0,1,0.0
A2J1DWBCD63Q54,0,1,0.0
A3JT0N7V6GQ3NY,0,1,0.0
A2P5SVUM7AWZLN,0,1,0.0
AIJ2BICYGA6Y7,0,1,0.0
A3SLUAWDK43B7R,0,1,0.0
A8AK8YTXQ1NZF,0,1,0.0
ANFHRU4HCNSTQ,0,1,0.0
A1VTVTZXBM9YJM,0,1,0.0
A34T990CNM3GI7,0,1,0.0
A1XNZK413CRBSQ,0,1,0.0
A3G8RKFB0UTTCT,0,1,0.0
A9FEC5FQ3NZ8B,0,1,0.0
A2QUKI8AR0C09X,0,1,0.0
AB0E5X8SHI8GR,0,1,0.0
A3EUUD8HXMEB3I,0,1,0.0
ACFPNR34ZFMAQ,0,1,0.0
A15FU4A0FN5I0R,0,1,0.0
A2C3DJR0ODHIF1,0,1,0.0
A2D4ZVYL5G38N1,0,1,0.0
A3665Y5EX7POIT,0,1,0.0
AJH5HL0FQ4MW9,0,1,0.0
A3OATWIFEAST8F,0,1,0.0
A1K599CFNJ1AU1,0,1,0.0
A3ABTGBKXE7SOS,0,1,0.0
A1NW1QHXZAPZRR,0,1,0.0
A1Q8RN1CVD9NWK,0,1,0.0
A1MPWADP68X3XO,0,1,0.0
A33UVHUZLQV2SV,0,1,0.0
A1SCY185GQ341U,0,1,0.0
A1XNU4TJ7F0L7D,0,1,0.0
A35EMMRF48BYCG,0,1,0.0
AHXN03152761I,0,1,0.0
A3LTHVGDTSY67A,0,1,0.0
A3FUFO0Z5G5P0Y,0,1,0.0
A1A24NBE5WZRPR,0,1,0.0
A2S7E6XB9N5YK5,0,1,0.0
A3FZPHQPQLALJL,0,1,0.0
A2KJLDKNOS2QVF,0,1,0.0
A3RPWK92E3SG1V,0,1,0.0
AI4P413T9GWMB,0,1,0.0
A1P9UMP1XSE6MI,0,1,0.0
A2Q8M9CVOVVH13,0,1,0.0
AX11FBDLWE2J5,0,1,0.0
ANO453594L7JX,0,1,0.0
A2P66E1ULH1M9H,0,1,0.0
A177DLT3J5AYBZ,0,1,0.0
A1464H4HQV0G78,0,1,0.0
A3OLAZKM77XR6P,0,1,0.0
AF1P3RC6MPU4D,0,1,0.0
AQ3ZKNRD1RWO1,0,1,0.0
A4X3DZ41QN5BW,0,1,0.0
A2LELPJEN3H7A2,0,1,0.0
A27DITPCCZIVAH,0,1,0.0
A1D12RDE6K7RJ1,0,1,0.0
AXJPZ4ZUPENG2,0,1,0.0
AE0TH3NM24IB,0,1,0.0
A2D87C4DVHLQLK,0,1,0.0
A26RO5VL0FLQPX,0,1,0.0
A1Q2QTKIWDA2K3,0,1,0.0
A2RGPYB80E9LFB,0,1,0.0
A2IYMS3RCGA7CG,0,1,0.0
A2J2QJACJU0H9R,0,1,0.0
A2P6U7HBYZ3QQO,0,1,0.0
ADMSZ0X6EZUA9,0,1,0.0
A2JSV2AUDK8NBH,0,1,0.0
A3PDGWYC08DXF4,0,1,0.0
A17VNAQGV5ZTQP,0,1,0.0
A3FZ0O8COAW8KX,0,1,0.0
A2ETFNZR7O61DB,0,1,0.0
A3CHD7NHUBAGKN,0,1,0.0
A2WRPCA4TS0MEB,0,1,0.0
A196RS4OJDRUFM,0,1,0.0
A2NYV0SMW7ZQTA,0,1,0.0
A37MLLZ55ZO3PP,0,1,0.0
A3F8PT0H9Z517V,0,1,0.0
A1XBQE6MQI4V8N,0,1,0.0
A2UGCLWKF2DTK6,0,1,0.0
A3UQITEFZIXXHD,0,1,0.0
A1SVXVV7QM5UWN,0,1,0.0
AOV5BX24NBV29,0,1,0.0
A10513YT9HLDD8,0,1,0.0
A3PKIZR71F40I5,0,1,0.0
A181KV0SBM1OIT,0,1,0.0
A1PXL47D0RZ110,0,1,0.0
A1JGWMYTI8FGOA,0,1,0.0
A1SRTWC08CHG0E,0,1,0.0
A178BH1Z4UPYS0,0,1,0.0
A18K3WAHLBIAFR,0,1,0.0
A2WTZZ1O3XXY5,0,1,0.0
AV0508KTPCRY0,0,1,0.0
A2IDBXJOCZYWMY,0,1,0.0
A3V5ORI6T49JOZ,0,1,0.0
AD5OQXJ9OP6UO,0,1,0.0
A2AY0K8YR6MZHG,0,1,0.0
A3GBWL7H4U2S5T,0,1,0.0
AGLMA1JNSJTTG,0,1,0.0
A8EYC54BUYHPU,0,1,0.0
A1WJP5FB8NDEN5,0,1,0.0
A2MKGEOHOM2VPF,0,1,0.0
A2LEVJAOI6RJAQ,0,1,0.0
A230K4ZTRVM0UX,0,1,0.0
AP8A20WHNV392,0,1,0.0
A3IZHB30ALHJRH,0,1,0.0
A2TJ6NF6JCVRWF,0,1,0.0
AXQSRFZ1LJWHT,0,1,0.0
A3G4059JVY9VYB,0,1,0.0
A3K6FXL68M7IED,0,1,0.0
A3T0LQU40KRLZP,0,1,0.0
ATXRV6Z3N08ZX,0,1,0.0
A2P80QL4JD89IE,0,1,0.0
A1AA56T6AO1206,0,1,0.0
A22HFZACK0RYGH,0,1,0.0
A1R4O873TEUFJJ,0,1,0.0
A1YAOKCZCYROWI,0,1,0.0
AUBY6XCWNTXH,0,1,0.0
AXTSVZLLG7WNW,0,1,0.0
A5FZF3K6MBD65,0,1,0.0
AU97PQCU5XV47,0,1,0.0
A20MM8065EOMWP,0,1,0.0
A1139SNSYGJV0V,0,1,0.0
A471O6OGIQ8VU,0,1,0.0
A3B8SCNQYXFCMU,0,1,0.0
A1MSDMFCLSBNTJ,0,1,0.0
AQPIILREUKLZM,0,1,0.0
ATQF0ON46HYK0,0,1,0.0
A1Q3T04ED65WDS,0,1,0.0
A3QPSFGLHHK7JX,0,1,0.0
A2IWUTIC2D8Z98,0,1,0.0
AUYVYKGG46MYL,0,1,0.0
A1EX3Z0XAEN68R,0,1,0.0
A22RYPT1RCACVR,0,1,0.0
A17U0DIVGKQ9Z6,0,1,0.0
A3EHTUPS2S1OXT,0,1,0.0
AVKD1VAGEBGVK,0,1,0.0
A27Q7OLW2X0VL2,0,1,0.0
A3DVUVPASGS9EW,0,1,0.0
A36IIG7OQ9BRG8,0,1,0.0
A35KQOGQNFWV35,0,1,0.0
A2MU0A5EU80KIM,0,1,0.0
A2ZY14X18VVJAI,0,1,0.0
AJU0Z0TMBAYJI,0,1,0.0
A2ESRN0PM7PE7E,0,1,0.0
ALMCJNB8KA2OR,0,1,0.0
A1D5GTKB849240,0,1,0.0
A3TR9UNLC08A30,0,1,0.0
A15C76EQOSOOED,0,1,0.0
A3E11WHSG52T0M,0,1,0.0
A1ALN7226TTZCE,0,1,0.0
A2LE2PXJIQU1ZS,0,1,0.0
A27MXTVBMZ3HWN,0,1,0.0
AT43SKTJU1PKH,0,1,0.0
A2C5R40FBW3W2F,0,1,0.0
AVXM5L8WYWCDL,0,1,0.0
A16KHSWVOJ9FAS,0,1,0.0
A2RLAECZP50SUV,0,1,0.0
AZE7DX0MAJ7OM,0,1,0.0
A3RORUAONZHYD5,0,1,0.0
A11LRVWS3OTF87,0,1,0.0
A1IKHJS7XU8AEL,0,1,0.0
A3TDPKBH9FQYSE,0,1,0.0
APK4R7CIVTKWU,0,1,0.0
A33XVL3C2P8SVO,0,1,0.0
ASW66VC3E3GQ5,0,1,0.0
A15CGKCIFLL8W6,0,1,0.0
A1PONF56DJJDR9,0,1,0.0
A109LJJFZ7M4JR,0,1,0.0
ANXXKNIGXTAS0,0,1,0.0
A30411QNHGSW5Y,0,1,0.0
ANIQM5ZY1KS69,0,1,0.0
A13K362S8JRU1G,0,1,0.0
A1T9ZM5T73M1JM,0,1,0.0
A1RFMNYNIFW3ZV,0,1,0.0
A16XR62RVQZIIW,0,1,0.0
AFPSKCPSXE7XZ,0,1,0.0
A189U0RDD32SY2,0,1,0.0
A1QBD8ROX93T4H,0,1,0.0
AMHE73T0KPO2H,0,1,0.0
AVHLBB159HOAM,0,1,0.0
A30CS0KX2NDAMV,0,1,0.0
A310SKH8L08AQT,0,1,0.0
A1V8ZJOSO4NHW2,0,1,0.0
A2SGX7YCZ7WCV0,0,1,0.0
ABV8DV842X40S,0,1,0.0
A12RC688FIL54Y,0,1,0.0
A306LNS6H0P1W,0,1,0.0
ATR49FDUXU1ZV,0,1,0.0
A2KTANMYE2372G,0,1,0.0
A31N71BLI9AA1B,0,1,0.0
A2M31FTC3ETYDW,0,1,0.0
A2N5U5ZGTYCMHW,0,1,0.0
A2JDJZX1ILOUNB,0,1,0.0
A7GKJR97QBSBF,0,1,0.0
A28EQ3TNJNC871,0,1,0.0
A1XHKAMMQ58WSE,0,1,0.0
APNMLMXPR7FJI,0,1,0.0
A1GMPRHVVW2QO9,0,1,0.0
A311FQPRTQ5QIM,0,1,0.0
A1PWF5Y5OW4KNJ,0,1,0.0
A362RDKIELNGRO,0,1,0.0
A37Q2W4UCWAUN6,0,1,0.0
A22MO09PM7CHA4,0,1,0.0
A1O28K1JTVY59T,0,1,0.0
ATAGSUNJUN8B2,0,1,0.0
AK8SW2H4XXR2M,0,1,0.0
A2U5U2WZMUZNPZ,0,1,0.0
AANW43Z1L5S92,0,1,0.0
A1A5YCDT4CWDHO,0,1,0.0
AV6KU6YSCYZPZ,0,1,0.0
A2T848P8LWI8HA,0,1,0.0
A3AF42J6XZZ20Q,0,1,0.0
AXPZ2OZ3TLU9C,0,1,0.0
A1EGXELDNH5OX6,0,1,0.0
A2YR7E5AWU2X3J,0,1,0.0
A7DD9Z0LSAYFG,0,1,0.0
A1WFZYDIWALJ38,0,1,0.0
A11JSNMZFPPLSL,0,1,0.0
A29C2MCYZA5AKE,0,1,0.0
A13LHEW3590QSS,0,1,0.0
A2FUGAK9JYAJ0V,0,1,0.0
AA6KG0FLEC3R3,0,1,0.0
A2IB95P4CG0Q6J,0,1,0.0
A3FPPA6B77MR2A,0,1,0.0
A1UWJMCLQ6B6RB,0,1,0.0
A1FJNJO01ARZDD,0,1,0.0
A3G0CC5TOD9D6F,0,1,0.0
AEX4BM6L3TRNF,0,1,0.0
A38M0YMISYLKM9,0,1,0.0
A2J1PH0ZLSD4SM,0,1,0.0
AFXQKP2AVULA1,0,1,0.0
ACTSPBEX8BB03,0,1,0.0
A3UDW0YGB7MKSL,0,1,0.0
A115W8XKK6KNQ1,0,1,0.0
AGKUW5GIDYSG2,0,1,0.0
A1A14VELOGLKKP,0,1,0.0
A26Y7WIS3JBL65,0,1,0.0
A267TP7QIWJNBT,0,1,0.0
A3ELX8BUTC9EVP,0,1,0.0
A8SHQZ9JUBNV2,0,1,0.0
A2O1OCGUR6V1K,0,1,0.0
A1TJ6BPW1TAYDA,0,1,0.0
A4FLWKIVU6HC7,0,1,0.0
AWBCLW305NT6J,0,1,0.0
A3P9NBQ6F4DR69,0,1,0.0
A3PW73FDBORZTZ,0,1,0.0
AB76THS0IXKAQ,0,1,0.0
A1HVLN7FFMGPHL,0,1,0.0
A3BDOYTCH6BPP9,0,1,0.0
A1YBZOWO2RBIUZ,0,1,0.0
A1U9VDV4ZB49GX,0,1,0.0
A1V9NBMRGZZJT7,0,1,0.0
A2JL4DGE9Z7YH1,0,1,0.0
A2XYMZT92ECAD8,0,1,0.0
APR4B9PWWEPKX,0,1,0.0
AIFZ33Q7LFJZ2,0,1,0.0
A35UDCJGVPIPG6,0,1,0.0
AL3JCDQ3DTGFE,0,1,0.0
AIF0IIY7Z2I9V,0,1,0.0
A12B899PWJI8AB,0,1,0.0
AVF4B0H9FGHWP,0,1,0.0
A3PEIM3T6Q8CZU,0,1,0.0
A1NIT7KWE1WKC7,0,1,0.0
A5IDSJ659KFU6,0,1,0.0
AQNB3HB79ZE3F,0,1,0.0
A38BMJW8WSSFI5,0,1,0.0
A1KLFEPG45BMXN,0,1,0.0
A3BEWW7DCT39TI,0,1,0.0
A3NEEH12ATP6X,0,1,0.0
A135D9A7QG4PS2,0,1,0.0
A3HXGSMCIOZEW8,0,1,0.0
ALY0PX65WSYZC,0,1,0.0
A29PYOW1XV6GWI,0,1,0.0
AXC5N53Q3KJD9,0,1,0.0
A2T6F02K26AU5E,0,1,0.0
A3N1KKOGKXBICU,0,1,0.0
A3DYKS1F9MD3V2,0,1,0.0
A3MJ2QVZOK8R3O,0,1,0.0
AX66QGPE128UF,0,1,0.0
ALXJQKYN0R8F8,0,1,0.0
A1HP87J9N9NGSC,0,1,0.0
A3TIQ3JPQ9UU8Z,0,1,0.0
A29A4JT995YHJV,0,1,0.0
A1BIFMOK5Y0DXD,0,1,0.0
A3N1GJI2UPJAWZ,0,1,0.0
AXGUXYYKE0K29,0,1,0.0
A5NPTG4QQU9JN,0,1,0.0
A3HHRRVRF7OLCJ,0,1,0.0
A2N0UGB60G110F,0,1,0.0
A23XUAEZE7KW0D,0,1,0.0
A2IW72T4XLU7RO,0,1,0.0
AEHO5T9MU0MJY,0,1,0.0
AZIW7RZH3X3ON,0,1,0.0
A2IHY9YHDXNPO2,0,1,0.0
A2DN13HKY0A58L,0,1,0.0
A3IK7FKX7OV93G,0,1,0.0
A10OHFF195UFO4,0,1,0.0
AZIFVX289JTS,0,1,0.0
A28BDIUX8HJRCU,0,1,0.0
A2Y6YYPH84E0IQ,0,1,0.0
A1F8OGQX3ILEB5,0,1,0.0
A3I0ZJFJ5OE7MV,0,1,0.0
AG4U11RFDY7LU,0,1,0.0
A3HHQXOMMY99Q9,0,1,0.0
A28Q8HIV6O7EYV,0,1,0.0
A20GI5FRFDXFKA,0,1,0.0
A1MUP1KOT1X9MZ,0,1,0.0
A3SI5H12GE0WG0,0,1,0.0
AX3E6577EMASF,0,1,0.0
A2BV174WH9DTAN,0,1,0.0
A1RD39D6JE015B,0,1,0.0
A1YBU2RJJGLS5O,0,1,0.0
A1GA14N6IVZBYE,0,1,0.0
A17MAO3MXYP3DL,0,1,0.0
A3CY9DK7MHYFYR,0,1,0.0
A3AW1Q8IH25A0L,0,1,0.0
A1CZQGRKJGXME7,0,1,0.0
A3LFK82LONVKRW,0,1,0.0
A5NTWG8GTXO88,0,1,0.0
ARD2SLF2BZ4KE,0,1,0.0
AXV8JMRRAGLXF,0,1,0.0
A2WSE6LXKM1DP8,0,1,0.0
A3AAYPVX3JDHG7,0,1,0.0
A1CLE04G4QVQKP,0,1,0.0
A16XGFNF7S96S5,0,1,0.0
AS9VE58KOCNCR,0,1,0.0
A3K9A8EDRVBMXK,0,1,0.0
A1FK81HNJI5F5W,0,1,0.0
A1E02LP8RKK3QA,0,1,0.0
A2OF3TQNUV3ODJ,0,1,0.0
A377B0FPXFDCDR,0,1,0.0
A8AK2HEXCZN4Q,0,1,0.0
A1QSS9BLNW3RQ4,0,1,0.0
AI5BIQGRWBTZH,0,1,0.0
A1ZL7FHJE5XJB3,0,1,0.0
ABMQTSJL33EDH,0,1,0.0
AMW6LVNP9HMMM,0,1,0.0
ACPZ5GKPVOLNS,0,1,0.0
A2TODK68E1N3JP,0,1,0.0
A3NP4JF896RLX5,0,1,0.0
A1TVN9TDO2TEM4,0,1,0.0
A21RBHRI4Z6X9A,0,1,0.0
A23FJSE5AMGISF,0,1,0.0
A3OASMBSVBWUVY,0,1,0.0
A24QI58RYQRK5A,0,1,0.0
AXCT4BX4TB5RO,0,1,0.0
A2CBIY2WT8XCRC,0,1,0.0
AXUJOJ21SN31V,0,1,0.0
A36N2I7T8KSQEF,0,1,0.0
A2XRJ29ZLECVP5,0,1,0.0
A3UI9U9NOOAM9S,0,1,0.0
A2WGEGJTW1ZZYF,0,1,0.0
A3EG3EFHNKE81G,0,1,0.0
A3V7G0CQ3P1I1B,0,1,0.0
A3NUDZ45VG16ZI,0,1,0.0
A15NF7U92DCBFK,0,1,0.0
A3U2NUMDTC86XX,0,1,0.0
A1YE6S1TCW463S,0,1,0.0
A1ZXVKJTHKGA97,0,1,0.0
A1RE77USFVUC4D,0,1,0.0
AWV8TQM9C55OD,0,1,0.0
AYTASL21B89RO,0,1,0.0
A3D0PALWMQ02HN,0,1,0.0
A361E4DLNER2AQ,0,1,0.0
A38VVOTC7EG8YM,0,1,0.0
A1N5RZT12I04BB,0,1,0.0
A27LNMTPE9QMR9,0,1,0.0
A2RGV4R3OR1UHI,0,1,0.0
AYVO5HJQMG2U0,0,1,0.0
A1NIH94X1RK5QP,0,1,0.0
ARZYUYZQ5P0T1,0,1,0.0
A2JVG81TAJH3LZ,0,1,0.0
A2J90HTLU99AP6,0,1,0.0
A1FRYA8UDIMZ5F,0,1,0.0
A23TGI02RB7JC,0,1,0.0
A25VMR199B567O,0,1,0.0
A3UTX46FT4FZC,0,1,0.0
A230G9XOVQQRII,0,1,0.0
AG5KHHZ6RADRF,0,1,0.0
A2SBLA889ZRFBT,0,1,0.0
A1031R8HD3E4GL,0,1,0.0
A1VZ2OHW1A0QB1,0,1,0.0
A16AMS3UZAD4F2,0,1,0.0
A2KPPSALMBPRA4,0,1,0.0
AWVXQ653QRE26,0,1,0.0
A1TWHSU2ONJ21V,0,1,0.0
A2VQ3NXP9KWLE4,0,1,0.0
A2TOLOXNDL6SKR,0,1,0.0
A3IW6HJF53384O,0,1,0.0
A3STDT3602PFK4,0,1,0.0
A2H0U8LGLEXHXV,0,1,0.0
A23HFK0HEXL8LX,0,1,0.0
A6EIGEXEYDK8E,0,1,0.0
A1GXHOND7MOF5Y,0,1,0.0
A226U4H2ZZN2VW,0,1,0.0
A2AQQE7LI2E2C7,0,1,0.0
A3BSTSEFL0ZU1Z,0,1,0.0
A2Y3WO0FT1S4M0,0,1,0.0
A213O9XT1WJ7P6,0,1,0.0
A3JG635P2UPX59,0,1,0.0
AYD5S2J527DT,0,1,0.0
A22AW6Y7YZMEVR,0,1,0.0
A49BMCWB3NTT5,0,1,0.0
A3TCT5JUXOYERC,0,1,0.0
A2AT1JVXDCNXQ9,0,1,0.0
AP1NM1HDT821Q,0,1,0.0
A2MFBTVBPSPH9S,0,1,0.0
A1RGK6Q5WUZUBA,0,1,0.0
A376NZN9VF144Z,0,1,0.0
A1BQCD9UD1A4NY,0,1,0.0
A362UTDBQ8XKEW,0,1,0.0
A2U2ZOV0IYWSC8,0,1,0.0
A1H2R0D8OPWZQY,0,1,0.0
A25Q83PUFJSHM3,0,1,0.0
A2EMEY387LFM0Z,0,1,0.0
A33I1HW57MWWPT,0,1,0.0
A37P3UTPW2ZY92,0,1,0.0
AC82TH39WO32T,0,1,0.0
A1P16P5VZL422Q,0,1,0.0
A3IJFYE918YC4Z,0,1,0.0
A3363TZMWGIHW7,0,1,0.0
A4LC2671SUPT1,0,1,0.0
AYSB6HMZF2LJ4,0,1,0.0
AO3DUMLF2SIQC,0,1,0.0
A1P7E1JSSKKEBC,0,1,0.0
A337G9P4TQ0AQX,0,1,0.0
A1ESGJX8CCXS7L,0,1,0.0
A1RJUXDK64O91A,0,1,0.0
A3OG7KKY52MMLE,0,1,0.0
A2HT3E07ZSC39O,0,1,0.0
A3BNLRJGD3QYKY,0,1,0.0
AHKMPSVVJ7MYD,0,1,0.0
A5V4PMU0M4ILG,0,1,0.0
A1TAPKPG4FR4WV,0,1,0.0
A56LFTL0JT23D,0,1,0.0
A30CV4T4I9Y89P,0,1,0.0
A1WV7P41Z4MA69,0,1,0.0
A3RXQZFJRX5DS0,0,1,0.0
A5HPJMT2HIXBE,0,1,0.0
A3DB30ORA17VWD,0,1,0.0
A12G6KMHMD3UEM,0,1,0.0
A1KOYOE8O2F1J4,0,1,0.0
A10P9PAB9B8GX7,0,1,0.0
A3KV79GY53BXS4,0,1,0.0
A108UJC8MQ0REU,0,1,0.0
A32PSWHOP9U5K8,0,1,0.0
A1ENHG9CYI17HW,0,1,0.0
A2EKSOLTKBGWTK,0,1,0.0
A1R3DO060J45BP,0,1,0.0
A2CBYGMX1S6KS6,0,1,0.0
A1822R5FKWCW0J,0,1,0.0
A1Z5GR7SK8RTKG,0,1,0.0
AS4M3JU83PCCW,0,1,0.0
A327Z3X65QX9HC,0,1,0.0
A1J0QBNY8OPOD0,0,1,0.0
AFG005J657WY5,0,1,0.0
A14B7QB8G61LO5,0,1,0.0
A2CPCTZ42ZFW8A,0,1,0.0
AHM04SXO4IQDW,0,1,0.0
A2TPZW2V21LH2R,0,1,0.0
A3LL7087RQ0K3A,0,1,0.0
AI2QJ4JZT6EEM,0,1,0.0
A3PEZSF99K0GY2,0,1,0.0
A32X43MUU0Q71,0,1,0.0
A348R9FN52XQP5,0,1,0.0
A3A0DX3Z1SYNR5,0,1,0.0
A1HGQ2E7R2MKPA,0,1,0.0
A24OVLPXPGS1V3,0,1,0.0
A1OA0Y26U1RYLL,0,1,0.0
A26E68WQMH85NO,0,1,0.0
A3IN7BU0IY6QXB,0,1,0.0
AM1UWIGYKTGDY,0,1,0.0
A1HCN5B5Z3AI9X,0,1,0.0
A38UDTT1L7AWFH,0,1,0.0
AVJRYJHGXR3NX,0,1,0.0
A1ETJHC39657D,0,1,0.0
A39888CBNH7R6H,0,1,0.0
A36IVVBABD60NU,0,1,0.0
AMAYG9JRU9ZTR,0,1,0.0
A19XV8E7ERDUGV,0,1,0.0
A3MYIPSGFRLEFI,0,1,0.0
A1TNNXIP6N9O0G,0,1,0.0
AIGZW643OAYGT,0,1,0.0
A24075MZQM78BL,0,1,0.0
A3ACTW7A04OX5A,0,1,0.0
AY4HXCO6Y4GM4,0,1,0.0
A395MR8CHOO4R8,0,1,0.0
A11TUYIJ7ELHWI,0,1,0.0
A2VHVU4OT13FUO,0,1,0.0
A3OEBOH4IX9GJJ,0,1,0.0
APNTTC3TIK0EX,0,1,0.0
AFDW8D6VMCZBO,0,1,0.0
A8KSFTRTQSFU9,0,1,0.0
A20XDNSJAZH2DI,0,1,0.0
AYCEOTSMIG428,0,1,0.0
A2OH7DSY7VP276,0,1,0.0
A3UIB3XINRBJWX,0,1,0.0
A3S9962G73SNAP,0,1,0.0
A3ED6SV7OVKL5L,0,1,0.0
A31T3R11BANT93,0,1,0.0
A6UN73GHJZIXB,0,1,0.0
A36M29ZONPCRV9,0,1,0.0
A1M18RPUJZMNH7,0,1,0.0
A3MKAUSIYREEQ0,0,1,0.0
A8RZ4KKXBX5NQ,0,1,0.0
A3I7ZQV5QDUSP7,0,1,0.0
A16WPA6JV83YXT,0,1,0.0
A1W1JG0CVHTS8L,0,1,0.0
A6M4N31LHHZUA,0,1,0.0
A3D4S5HQDD2L1H,0,1,0.0
A289R3C1LVU4KS,0,1,0.0
A6QOYC72C3XVV,0,1,0.0
A39CUR83QW70CP,0,1,0.0
A6MDKR51KQWUF,0,1,0.0
A1OPLB2JLPVUAZ,0,1,0.0
ANBORSEKMXIIF,0,1,0.0
A3J32XYCB1F5U,0,1,0.0
AOF3IT5FFBI0H,0,1,0.0
A31HJAE2E3R1LX,0,1,0.0
A3KS7FVBBMGQCL,0,1,0.0
A1P7Z60JEG8ULO,0,1,0.0
A2J88D19AC84MO,0,1,0.0
A3DMF04VMA1B35,0,1,0.0
A1HF6TIJ0YV6JO,0,1,0.0
AZK4C3APTBSX9,0,1,0.0
A35GJ4PW1UM6Z,0,1,0.0
A2YTASK1N6F7N1,0,1,0.0
A2L8DLJE17OHMB,0,1,0.0
A2UE49UQGINCJW,0,1,0.0
AW5H9S2V44ER2,0,1,0.0
A1MDB3G0YAM18R,0,1,0.0
AS7VUSJJCIPTG,0,1,0.0
A12U5BTKIFRH95,0,1,0.0
A2E14J26DQZOAA,0,1,0.0
A24UY2BFLGK163,0,1,0.0
A19MDJ4YKXPLQH,0,1,0.0
A1PVQM7U9HUDZ0,0,1,0.0
A1V8ZL45X6PYXZ,0,1,0.0
A2T09DJZA3G918,0,1,0.0
A27OI6VYNPIPVE,0,1,0.0
A11MFOTM5AOPL3,0,1,0.0
AC96E3OMZ48EY,0,1,0.0
A24G8YZBO0QTC9,0,1,0.0
A3TC2CGUIOJF8X,0,1,0.0
A24BI3UW7M2OPL,0,1,0.0
A18LGW86QQK3CY,0,1,0.0
A3N6VQ7CI1BCVJ,0,1,0.0
A1HGDLTO4753BY,0,1,0.0
A27H1YHD8FY75H,0,1,0.0
A2JVOO63C16ITX,0,1,0.0
AQW9DXYSUFJP8,0,1,0.0
A1OOCCA5QQGF7,0,1,0.0
A1V7P8CH6LYXDO,0,1,0.0
A3KBQ9YE2WFHO5,0,1,0.0
AUXUABCSVKL4E,0,1,0.0
A3AI5ARLA29X0,0,1,0.0
AN77Y28KYR3XF,0,1,0.0
A2O6UC665MSYUW,0,1,0.0
A26EXMDN188M0,0,1,0.0
A1KGKPWWG61U42,0,1,0.0
AME0H0WM3WAZE,0,1,0.0
A11LCNIDOV350J,0,1,0.0
A1WZMWARMCVM1V,0,1,0.0
A21UT4EXVU5ZGE,0,1,0.0
A3JNS16SMDIX98,0,1,0.0
A3GH5XMSPELEW0,0,1,0.0
A2S3DQ0BL6KSM1,0,1,0.0
A1JCAHHSO2BRCI,0,1,0.0
A37AGASI7HJY3H,0,1,0.0
A1CQ3WP5UD5V41,0,1,0.0
A1T1LULAGIRCUC,0,1,0.0
A3NP7IIMI89BD5,0,1,0.0
A1G6W1R4CL7O4P,0,1,0.0
A2EPWWX0HUNQNX,0,1,0.0
A2XL2BZVJHTDNP,0,1,0.0
A1I4WF5YO42WR3,0,1,0.0
A1X141RMLQCIS7,0,1,0.0
A10Z0A0CLFJLP3,0,1,0.0
A3DZ7DLD5PY3WN,0,1,0.0
AA34OPIOEVOLB,0,1,0.0
A30RMQZADGBG6V,0,1,0.0
A2W79GCSMW9S9I,0,1,0.0
A3QEIPJMT9ISQ,0,1,0.0
A1PXOVIVN166E4,0,1,0.0
A1R31H63YK40JT,0,1,0.0
A3RJBK9U9FITGA,0,1,0.0
A124XFKG7XD0IV,0,1,0.0
ATC4M4P7UYIKL,0,1,0.0
A8H1EPW5OP3EL,0,1,0.0
AM8T9VU4YJVTJ,0,1,0.0
A33GDKWCI2975V,0,1,0.0
A2N815OYPJMOSH,0,1,0.0
A21I8TSCK6DQ67,0,1,0.0
A5A8ES4SE0P6R,0,1,0.0
A259ZMWC49F7O3,0,1,0.0
A1PW42Z2JRBXEI,0,1,0.0
A3AHUTCNUOAKU8,0,1,0.0
A3JFOZM9TQ686Q,0,1,0.0
A11AVO8B3DBD7Y,0,1,0.0
A11T09I465FUST,0,1,0.0
A3RLL5GRAIYZDG,0,1,0.0
ACSB6YEM3Q6Q1,0,1,0.0
ANFMETZP2OODT,0,1,0.0
A1AOMG2Y0QR6N1,0,1,0.0
A177CNX1I141Q6,0,1,0.0
AUC09M6D8DA00,0,1,0.0
APX99TCDHNEFH,0,1,0.0
A2XF6YX601SZ1Z,0,1,0.0
A3TH59CZ5RNNGU,0,1,0.0
A3SI5CN0K8U2H0,0,1,0.0
AGLLRYG6Z3LUJ,0,1,0.0
A32ZMEIM5LUR59,0,1,0.0
A1U7RNEQX9DLZV,0,1,0.0
A2S7OZ62GYQPDC,0,1,0.0
A3U676NLLX1JQY,0,1,0.0
A24AY5DNIH8F4V,0,1,0.0
APSOLWPTAS8FJ,0,1,0.0
A38DXXYKK5AQD4,0,1,0.0
AIVS9YBY06OP5,0,1,0.0
A4S62AASPV1RK,0,1,0.0
A1TOF3UT2NZTY4,0,1,0.0
A2X56FQHPZF48A,0,1,0.0
A3K42B9C5AEZXZ,0,1,0.0
A5TDOCTCGY19V,0,1,0.0
A3R6U22E5A1ZW8,0,1,0.0
A33NS2AEUEMWE2,0,1,0.0
AX3VPBCU8F4RF,0,1,0.0
A12PJD32Y6MGSK,0,1,0.0
A3N6VBAVGRAKP4,0,1,0.0
AC4ROPT6A9R5A,0,1,0.0
A1R1QORUAJRFXL,0,1,0.0
AC5OU76YOTP4F,0,1,0.0
AXUK67O9CO9PB,0,1,0.0
A2RGCN1EW1JK1M,0,1,0.0
A2VASD2OFJ4Z4K,0,1,0.0
A2YLOBC5AMABSK,0,1,0.0
A168ANO6TSR29N,0,1,0.0
A12L31UZ9HH4GR,0,1,0.0
A3T2URSMLAMFEH,0,1,0.0
A1MTBSGFNBG676,0,1,0.0
AZOT0A86U5RC,0,1,0.0
A29072BT6E61Y,0,1,0.0
ANSV4TGRPI6CZ,0,1,0.0
A2Y52HTHY4ZK1J,0,1,0.0
A3TS3E0SKX3UXG,0,1,0.0
A2HJUTN2EMIILZ,0,1,0.0
ADMLMHWFGY3Q7,0,1,0.0
A3THUA1MU3ZJY8,0,1,0.0
A3E4TW25TGL3FL,0,1,0.0
A3R2I26IFPI0OZ,0,1,0.0
A2ZSL86ZBX1PXT,0,1,0.0
A14G6HY50L3UUW,0,1,0.0
A2K85QHOSCPTQ6,0,1,0.0
APNWNUW7LT2DT,0,1,0.0
A3DXWLHCHTB5OB,0,1,0.0
AIOYY9UE33E5S,0,1,0.0
A9021T3HAU25X,0,1,0.0
A2BAHBYCJK7JPA,0,1,0.0
AODOIMDU38S2I,0,1,0.0
A2BOQ0A4GC9V41,0,1,0.0
A2M9SDVNQ3Y4PW,0,1,0.0
A29O6REZ04U6IH,0,1,0.0
A3MTJ97L38S7P4,0,1,0.0
A2P7N9VW82JOKE,0,1,0.0
A1QIV0BGQN42WX,0,1,0.0
A4DT7GWEURSW6,0,1,0.0
AZVODYJ9CJCF,0,1,0.0
AISSIRI0N0I57,0,1,0.0
A1ZPPW9SSGPM6T,0,1,0.0
A2GI75ATTEYAAZ,0,1,0.0
A15SRXZKLL3GEP,0,1,0.0
A3OKE6J65HD49X,0,1,0.0
A28NFGZU8M2L0Q,0,1,0.0
A9O504G7QUDPS,0,1,0.0
A1RR2AU0DQVIY1,0,1,0.0
A3AHQZPFHGOSAQ,0,1,0.0
A3J3RY2TMR19IQ,0,1,0.0
A2O33VJMOZOQ2R,0,1,0.0
A2W6L43ZQTUT94,0,1,0.0
ANXJJML65M5TF,0,1,0.0
A10VINMGIEJOD4,0,1,0.0
A1TWH3KD5YJQHM,0,1,0.0
A3UG7CA50W8B2H,0,1,0.0
AE4G4UGH25UKG,0,1,0.0
ABFZYCGJGY580,0,1,0.0
A39TCW4S6OSYAY,0,1,0.0
A386NVAVQV5WUO,0,1,0.0
A1A9APSQBT5M5L,0,1,0.0
AR852WPM2BLCZ,0,1,0.0
A1248FMSJ6L7O6,0,1,0.0
A32RPLXTAEHP3Y,0,1,0.0
A3PGPWZ7KUIAUQ,0,1,0.0
AON3HUR9J10VU,0,1,0.0
A25M0Q8F9BVU7F,0,1,0.0
A29SL2BZ5HS7GG,0,1,0.0
A228B35PGJ9S8I,0,1,0.0
A1VHERKT2KX0MO,0,1,0.0
A1NT6U2GQQGIYX,0,1,0.0
A61D3JICC4XKR,0,1,0.0
A1UKT9PMUR58ZA,0,1,0.0
AW9G8C6AP23FK,0,1,0.0
A3QI63WBTTCNG6,0,1,0.0
A31UN01C95N0TV,0,1,0.0
A3HD6PT2FL2BYL,0,1,0.0
A2GV96XCT8BJPI,0,1,0.0
AJABCCOWPZFB7,0,1,0.0
A25HES4FGPUZWJ,0,1,0.0
AB047SLZ8DU3K,0,1,0.0
A1WQP7LCVQK3JZ,0,1,0.0
A1I0JZUW6V73W6,0,1,0.0
A1ONWD8QSFBWZ6,0,1,0.0
AFZBF0RDO8G8,0,1,0.0
A3EBSA5XZPSD0V,0,1,0.0
A2O3PEZMIXQ748,0,1,0.0
AGN7HY13L1RJU,0,1,0.0
A2N2W7U15BNGCO,0,1,0.0
A16DFGS27CCRO2,0,1,0.0
A1WLRDH9VI9KWI,0,1,0.0
A2MMT8K7KKFTOA,0,1,0.0
A1H8GRWAJM58B1,0,1,0.0
A1OIUYSO0M22LG,0,1,0.0
A1JJE3N3PMKF6A,0,1,0.0
ANF125J5HIXP,0,1,0.0
A1Y5NX4NQ2FC9U,0,1,0.0
A1B52CX9YT7PZM,0,1,0.0
A12U4DDHUT7AYD,0,1,0.0
A1CIMZOW9GA3GE,0,1,0.0
A3RS7PAN125FTL,0,1,0.0
A3JE9MGEBFOPJR,0,1,0.0
A2341IWGYS7277,0,1,0.0
A2PDH9I8A4LOJ9,0,1,0.0
A1TO8H1QCHU1X1,0,1,0.0
AWZ62BY6RWAKQ,0,1,0.0
ANWK394NM6LWO,0,1,0.0
A19EVOYPY0O1V1,0,1,0.0
AWIZNP1YQS6W1,0,1,0.0
AV9VXU2QRJRVY,0,1,0.0
A2TWHEQLTFAWD2,0,1,0.0
A2PSWW5K06KL29,0,1,0.0
AOK76CXIYF77E,0,1,0.0
A1BLCFMS4P6LY9,0,1,0.0
A1JZEPPYFZDRPC,0,1,0.0
A24RKUYLEVYITL,0,1,0.0
ALX0BW1CWSU2J,0,1,0.0
A30W5HJP2AL008,0,1,0.0
A2I50N9YG5C9S5,0,1,0.0
A1XQDD5LA8HOUV,0,1,0.0
ASSRQUXGGU1EO,0,1,0.0
A4KVL7NBTJEUH,0,1,0.0
A2G466N769EF8A,0,1,0.0
A2II4B6CJ4O47Q,0,1,0.0
A3DBY64880HILA,0,1,0.0
A1F55UFYOMFTMH,0,1,0.0
A16T2C41GZYAJZ,0,1,0.0
A3V9PAH3MJULH,0,1,0.0
AHWDHH3MPRLFV,0,1,0.0
A1LI7PEGZZ2ZK6,0,1,0.0
A24Q02AXR376M3,0,1,0.0
A1V3W3SW1LHF7A,0,1,0.0
A8C94HIGE57XG,0,1,0.0
A2XTR0MSQ0275D,0,1,0.0
A2N7HQSO32I41O,0,1,0.0
A17FECPT6KFOLG,0,1,0.0
A3R71B7WE6Q7SY,0,1,0.0
AQKX4W0XRUHKB,0,1,0.0
A37Z3FWDW7JFDI,0,1,0.0
A1CM7KLH75RVD0,0,1,0.0
A2YH5ELVY1VKQ7,0,1,0.0
A334V6ANP848E5,0,1,0.0
A31OJB6LNOLZKU,0,1,0.0
A3LBZX8UCV5H82,0,1,0.0
A2M4QRSR8D62JD,0,1,0.0
A3S5AME3Q5SFDD,0,1,0.0
A2FKXKW2Z6DUT,0,1,0.0
A3KDSJV4DH8F8W,0,1,0.0
A2FIFENCW2ULY4,0,1,0.0
A3KD0XKP6PV9DK,0,1,0.0
A2WI15EXYOWBK,0,1,0.0
AKM6H2Z59BVYS,0,1,0.0
A37LGB6R2BN2DK,0,1,0.0
A2FW7TH5MP6GQA,0,1,0.0
AOLY6K5ZYP9L4,0,1,0.0
A1C58YXM2A30CY,0,1,0.0
ALTD3G36MJTGO,0,1,0.0
A96O6X2YQCG89,0,1,0.0
A12I4SN5FFKV6E,0,1,0.0
AYCGB2VC7N4UN,0,1,0.0
AOCEW3GPQH1F4,0,1,0.0
A3KMTRDUT0T1ZJ,0,1,0.0
A2253VSMBRB7QL,0,1,0.0
ABLOQ5V7QL137,0,1,0.0
A2EWRE6S51SPJI,0,1,0.0
A2AADPO6J2BVW8,0,1,0.0
A2UG220UJU5DO,0,1,0.0
A3DIN9E5QQZ6VT,0,1,0.0
A220WCFHHMV2X4,0,1,0.0
AX5O0OCTGKKPD,0,1,0.0
A1S1A8DKIFOJLU,0,1,0.0
A1HJJE9GI4VMZS,0,1,0.0
A1H2FU3PW97FL0,0,1,0.0
A2RJ4O4BMAGJVS,0,1,0.0
A3L593MSEEKE8M,0,1,0.0
A2ROH84922AKQ8,0,1,0.0
A1317QE44GXBCW,0,1,0.0
A2CL49ZLRKPTMV,0,1,0.0
A1ZHTZJBYB7BRQ,0,1,0.0
A1Z3GYZQLTIBRB,0,1,0.0
A24U40VCB7W1LQ,0,1,0.0
A9FUQA04WK9N2,0,1,0.0
A1ET64P1560ZVL,0,1,0.0
A3U34D9O8CUPCT,0,1,0.0
A18Z23L1WQA527,0,1,0.0
A29MI0QYBI5WSK,0,1,0.0
A3AXV6P7APTPVM,0,1,0.0
A39VMVKQ9N0AFL,0,1,0.0
A2V6YGGQ9BVZ4V,0,1,0.0
A3S3MOT7JM82FA,0,1,0.0
A9QMGWXG4CO5D,0,1,0.0
A2045WGEF7P17E,0,1,0.0
ABRB6T9FET2Z9,0,1,0.0
A2FA1BX5YJLRXT,0,1,0.0
A10E37WON4IR1F,0,1,0.0
A3EUFGSTIBRF6U,0,1,0.0
A3IBH5QRQFH97Y,0,1,0.0
A20LVWLMVBPTUK,0,1,0.0
A1ILSU23B992TA,0,1,0.0
A3EE88UYGWUSST,0,1,0.0
A1ZT6E8EQO39D7,0,1,0.0
AMS5SN1517K4Z,0,1,0.0
A1ZFXN555G6EGN,0,1,0.0
A1CXM7O8XFB7FQ,0,1,0.0
A7AJ8ZAQVERJT,0,1,0.0
A2CAV4ZI44POBY,0,1,0.0
ASVPO5I9DB8L1,0,1,0.0
A2M440KL4NVR31,0,1,0.0
A2RBHQRDWU6KDP,0,1,0.0
A35WYADRHFI1AZ,0,1,0.0
A2Z5D065JAEB3,0,1,0.0
A26NZ4ZQF0G1NQ,0,1,0.0
A3W530PAYA6XY0,0,1,0.0
A2X8TPJV5HBD65,0,1,0.0
A36SBADPFE19GU,0,1,0.0
A3R37EX54XC8Q5,0,1,0.0
A2CM5XYT5Q2MP8,0,1,0.0
A3JXR3KRNFANVO,0,1,0.0
A1JBODLJB4RXNJ,0,1,0.0
ABSI2Z5TVSP84,0,1,0.0
A22RVFDMHI50NM,0,1,0.0
A9PLL1T5F5ANK,0,1,0.0
A2YPOJ88NT674A,0,1,0.0
ACVGH6J8GWEH6,0,1,0.0
A3466OP6D0UL3B,0,1,0.0
A2KZRED7T239UP,0,1,0.0
ASR5S5Y8DVLQY,0,1,0.0
A1NMSNSO624OID,0,1,0.0
A22VHZU7THJJQA,0,1,0.0
AIV9JO2GTK22L,0,1,0.0
AW3TURX6EHXP4,0,1,0.0
A1GZTAXD87IDXE,0,1,0.0
A3T7W83MU4M125,0,1,0.0
A3Q4RN776W6HYQ,0,1,0.0
A1H9ULL518E093,0,1,0.0
A102YRTA0CBQ6I,0,1,0.0
A2776MNKECT4VB,0,1,0.0
A164C5LOEXDOWQ,0,1,0.0
A34V5D2UE7YJY9,0,1,0.0
A19TY4TV2FZDRT,0,1,0.0
A7NUXXOKGQQKP,0,1,0.0
A1WZWFOUWJH58J,0,1,0.0
A2CRMNPT0RTH8V,0,1,0.0
A3DBAJI75FXNID,0,1,0.0
A3H7J5POTR9TZW,0,1,0.0
AOJO5IHH8OLAW,0,1,0.0
A2XQHHYC2XY902,0,1,0.0
A26SSBA0BE0XZC,0,1,0.0
A1EMGJU2BJ93J5,0,1,0.0
A1CV5MMBVSEAVF,0,1,0.0
A37RT5L5KIYKWG,0,1,0.0
A13IV0A6P6VY0B,0,1,0.0
A2CSPO06UVET3E,0,1,0.0
AEJQ6Q9MSOVHN,0,1,0.0
A1KJQ891X39LJ6,0,1,0.0
A843GHVYU3MKI,0,1,0.0
A2YEE23RGYURJU,0,1,0.0
A1FFIVHVEZ5JW4,0,1,0.0
A3IPHMUE2TBDSO,0,1,0.0
A2PPIM5L36CMMK,0,1,0.0
A38LIG1BID5GOD,0,1,0.0
A31EVGYGBHIVY3,0,1,0.0
A116UOS8EL9KO1,0,1,0.0
A2RR5BA3UKUHTG,0,1,0.0
A3VW2WTJS2B8S2,0,1,0.0
A1CGTOUKHJ9EBU,0,1,0.0
ABPX680DGJ5AA,0,1,0.0
A356DA8NRGJMQ9,0,1,0.0
A177W67WLX5I09,0,1,0.0
A312B9IUJTD7F9,0,1,0.0
A35OJTOYM4V79B,0,1,0.0
A177R7NZ4APQU,0,1,0.0
AUOJ2V0OLK7GO,0,1,0.0
A2XYBR08JXB6FM,0,1,0.0
AD8B5TP4BSP9C,0,1,0.0
A2XW1QLZVLXZ6L,0,1,0.0
A1FQKPQCW96MF8,0,1,0.0
A240ZCN5FY9OHO,0,1,0.0
ARQ4HTA950LU9,0,1,0.0
A2HCGBJESN9UA6,0,1,0.0
A2R7YV17RBJDX5,0,1,0.0
ABM6WJ30UKD1L,0,1,0.0
A1YRPXMYDV2QE3,0,1,0.0
A282VT5E7U8ARD,0,1,0.0
A1MXFJEGNZ107N,0,1,0.0
A28QRX1HWDLNL1,0,1,0.0
A25ZSCQG44Z3YK,0,1,0.0
A818AYBEBGQCR,0,1,0.0
A2QVOKJJELVES3,0,1,0.0
A1M7GO9IQSZZUH,0,1,0.0
ACSRLM63AVH1F,0,1,0.0
A1IJ2MGP0Z54EH,0,1,0.0
ALL66HA1SSK9P,0,1,0.0
ABI1D4CB1TZP9,0,1,0.0
A2VTEO649TXYEN,0,1,0.0
A3QXDQF5L6XOTS,0,1,0.0
A1CNND2ZB25GV4,0,1,0.0
A1UWY3738XW5ME,0,1,0.0
A3MDFAL5F5S2CU,0,1,0.0
A1VNWWIG6VG61P,0,1,0.0
A3MBHQBIF9XTOG,0,1,0.0
A3ASAAI4TXHY44,0,1,0.0
A12R72ZG1GP4WY,0,1,0.0
A251UNAURMPXLW,0,1,0.0
A27MO0NFAA4NII,0,1,0.0
AXYFT4O2K38N9,0,1,0.0
A1WFQMC3HOPJHV,0,1,0.0
A22SJDU41EP8QH,0,1,0.0
A1RWZ0TCWGEJ4K,0,1,0.0
A3BXPLX5RNFSO3,0,1,0.0
A2GKQ0VAVUIC73,0,1,0.0
APZ74YCJM4YO2,0,1,0.0
A231DMZA8857YV,0,1,0.0
A10EII7MQD4N28,0,1,0.0
A2QVGV8RSNDBLZ,0,1,0.0
A2ASAFOEQ9ORGY,0,1,0.0
A15NH8SJ369C07,0,1,0.0
A3TTG579DHLYZW,0,1,0.0
A1NMNY8FQUS4N0,0,1,0.0
A95Q9A3YF8NHO,0,1,0.0
A1D1RLDLXRUGBS,0,1,0.0
A11ZP93TJED4T6,0,1,0.0
AYAHQ2VQZ2ZO0,0,1,0.0
A2JTRT3ZZ3Z2F1,0,1,0.0
A1U152BKK8H10,0,1,0.0
A4A6REIF6F23V,0,1,0.0
A2QT19W0RHNMEW,0,1,0.0
AF7ZY22W9KG0L,0,1,0.0
A3CQ8VN9YO84JQ,0,1,0.0
A3KZ8TV912VVGF,0,1,0.0
A21G3XKFX4AQV6,0,1,0.0
A22R7I30BQSDVD,0,1,0.0
A34870WLB3MOGZ,0,1,0.0
AJGXGXR76J1C9,0,1,0.0
A2X05YN42VQ1D5,0,1,0.0
A296QED1MV1V0J,0,1,0.0
A1EQG7569YZD00,0,1,0.0
A1KN5OQGRNENU0,0,1,0.0
A8DH9N3F5KRNN,0,1,0.0
A28IV0UO4I73XS,0,1,0.0
A2JIOGISSP492Z,0,1,0.0
A2H8QTYB4OG1HI,0,1,0.0
A38I79MHZLL1VX,0,1,0.0
A3C5I40H91W1V8,0,1,0.0
A3RFS2PZ2FK97N,0,1,0.0
A2MT4ZF52ZECVS,0,1,0.0
ASIR27UMBJ4A0,0,1,0.0
A1JS79TPW0EXU1,0,1,0.0
A6V7YUPA4U3ED,0,1,0.0
A20POM2FST0EA3,0,1,0.0
A3182WCBCFNZ3N,0,1,0.0
A1H2GLT41DX4AB,0,1,0.0
A2YU6764AC04DJ,0,1,0.0
A240KE57NFH3IT,0,1,0.0
AN5FTAWSS5DMO,0,1,0.0
A3614LPKCNCACE,0,1,0.0
A8FUOMTIFIZLM,0,1,0.0
A3USFXB8EHZWV2,0,1,0.0
A2LY37YY016TTR,0,1,0.0
A38SN37XVGG1R7,0,1,0.0
A2QOY4ZCC0VR1D,0,1,0.0
A2E6XES91O86EW,0,1,0.0
A2BMXZC6QHRM2L,0,1,0.0
A36S73HYRCQESE,0,1,0.0
A12N3BWTRHTMAC,0,1,0.0
A2UQSIUPX1C2Q1,0,1,0.0
A15AWJSRSMYJ60,0,1,0.0
AV1QZXZER06U2,0,1,0.0
A2I97PZ6XMI1K6,0,1,0.0
A1F5QFVTYIGC07,0,1,0.0
A1GPUAHN1U2Z32,0,1,0.0
A178TVO71BE58N,0,1,0.0
A1L4BY5GG3U3LX,0,1,0.0
A2IL8EBLBZJUEG,0,1,0.0
A2X3PX2HTKMQID,0,1,0.0
A4G733AN36ARX,0,1,0.0
A12NVLOY8TZXPX,0,1,0.0
A35DNVCVAFTT6W,0,1,0.0
A1BTVGLPNMHHDE,0,1,0.0
A1Z489XV3ECQBZ,0,1,0.0
ANDV40FXSP1QN,0,1,0.0
A2GAKPXUACRPRT,0,1,0.0
A2VLF9FE68LFX6,0,1,0.0
A1TXJO4PMU8IER,0,1,0.0
A7EO623JIO3GS,0,1,0.0
AMST19F9D96J3,0,1,0.0
A32N5OT2QFH5WE,0,1,0.0
A38TJEAYHA5A2B,0,1,0.0
A25JOG58HCDDIT,0,1,0.0
AQHLJ57UZNNPP,0,1,0.0
AYPV38S9KU7JZ,0,1,0.0
A391KXVQH22CM0,0,1,0.0
A10KQRUNBALNIM,0,1,0.0
A2426K5QH04Q3Y,0,1,0.0
A315S8YEMWY7CX,0,1,0.0
A2LI5QPDH1WA0P,0,1,0.0
A2BABVYTG7S2LS,0,1,0.0
AOR67L7N4X4OI,0,1,0.0
A8RZA4T43QTVP,0,1,0.0
A1HXZVQLJBD9QK,0,1,0.0
A2WYCI7OJKLMVZ,0,1,0.0
A1PFJ1V2ILANRD,0,1,0.0
A2B2EK1UXJ9PJ1,0,1,0.0
A30TTTKW51FMMT,0,1,0.0
A4C3SCYZUJWSG,0,1,0.0
A3SXI6ISNLWOV0,0,1,0.0
A2PFLNSUF7H2CC,0,1,0.0
A2QKM789NLTRBF,0,1,0.0
ANKYVQ6CNOB7D,0,1,0.0
A2CQXKOR2VOJWT,0,1,0.0
A1HWSKAPAGNYZW,0,1,0.0
A3JWED7KFG0AT6,0,1,0.0
AQL3D70CKNTL8,0,1,0.0
ACGRP8Z3JDDA4,0,1,0.0
A3EROUQNIQULVI,0,1,0.0
AHI9X5MKQH3J2,0,1,0.0
A3EOLZ1GSSXNNG,0,1,0.0
A31P3WRM4BRRAV,0,1,0.0
A2RLB0XXOLFRCE,0,1,0.0
A1J4J7CN93BH3W,0,1,0.0
A31BGUC1TM5MWD,0,1,0.0
A2MXO5Y4KDTV82,0,1,0.0
A208SQIS7RUIO0,0,1,0.0
A3A6YT5IU21RYH,0,1,0.0
AEL4F8EL8V3L9,0,1,0.0
A32OTVC6T1950L,0,1,0.0
A3IXLWYLOF5ICE,0,1,0.0
A1T20EJ6LEFZI7,0,1,0.0
AU1NBKDYSV6DQ,0,1,0.0
A18BBRD8CQ8IZ2,0,1,0.0
A1UAAVYOEE3V63,0,1,0.0
AZW2RVW8FK2C6,0,1,0.0
A3KXVF03HN6MBV,0,1,0.0
AM7B7RNT99CC6,0,1,0.0
AVFG7HSNVX0W8,0,1,0.0
A8XLDY1JBIHHO,0,1,0.0
A2USR6TZWUFN7B,0,1,0.0
A3SVDWADM5BA0C,0,1,0.0
A2G238PIUUG1XD,0,1,0.0
A20R8N25W187LY,0,1,0.0
A30B0085T09TPK,0,1,0.0
A3H1AZ031TPWD8,0,1,0.0
AJ2LJJRXAU0WR,0,1,0.0
A6EICNVQEW4EV,0,1,0.0
A3SSSVZHCZDCVG,0,1,0.0
A2T6NHGBW0OUIB,0,1,0.0
A1AM97PWBXRM6D,0,1,0.0
A17M1CS6VCG3YZ,0,1,0.0
A2ZCWFNMC84GPY,0,1,0.0
AQFDQVYNLJFT2,0,1,0.0
A19RV6KY64DV95,0,1,0.0
AGAH1DTP3T5AG,0,1,0.0
A2WAIJVHEORMBK,0,1,0.0
A32UEYHRSMBFOU,0,1,0.0
A1LQCX5RZWA2CJ,0,1,0.0
A19KDH5T27HHHF,0,1,0.0
A2TFW9CPTKJAS0,0,1,0.0
A2D37IFS1LHTR3,0,1,0.0
A3J6UOVQMZXS1Q,0,1,0.0
A1NN0A2NG50PSU,0,1,0.0
AEEMMKYX27YQ,0,1,0.0
A3FMKEREO1F9O0,0,1,0.0
A2D2D2BDLCOIB,0,1,0.0
A1AGATO4YTQTFE,0,1,0.0
A21OXSR41NDQNG,0,1,0.0
A38DWWT3CDL5OJ,0,1,0.0
A1X3A7MYX62PL5,0,1,0.0
A13R2XAYRDCF13,0,1,0.0
A1SSW124T96VT0,0,1,0.0
A9HDC08HYY349,0,1,0.0
A1XN8KATTGUG16,0,1,0.0
AZEQJ2Z1EL7CK,0,1,0.0
A3610U4ZX0GMEK,0,1,0.0
A190QOMI2IBLTC,0,1,0.0
A23Q33T1OKMRJ,0,1,0.0
A2L3OUGY7OTR3N,0,1,0.0
A16EIVIBBXFAQ0,0,1,0.0
A1LKFAD0ULLI9E,0,1,0.0
A30LG4SAVOAVEO,0,1,0.0
A1BT13X2WFI5WF,0,1,0.0
A1WZUVNH5ROQXH,0,1,0.0
AZX52MBY59CL4,0,1,0.0
A3B96A42A921L4,0,1,0.0
A1GKIQPDDMMS2Q,0,1,0.0
A2N9HBBEAKQILD,0,1,0.0
AM9IH3TFEDBY0,0,1,0.0
A12OPFEXX5OA98,0,1,0.0
A2GKF3Q0YG4XS5,0,1,0.0
A2DLJX2VEEXZAJ,0,1,0.0
A2U16CWOXBD4LI,0,1,0.0
A37Q3M3RUKYEAH,0,1,0.0
AWO7I8YIL4WM3,0,1,0.0
A1ENFJ7D37HWSM,0,1,0.0
ANCTEVATRGO0K,0,1,0.0
A23XVBGSOPAFU0,0,1,0.0
A3ARA5ZCC57FGP,0,1,0.0
A31C0SXAAHXODS,0,1,0.0
A30WUE24YE26CV,0,1,0.0
A1U0VQ6GGR0RJY,0,1,0.0
A3C12AAWXPYUYF,0,1,0.0
A1R0Z1BJGWRH8E,0,1,0.0
A3IWVKGBWBGLEX,0,1,0.0
A7N2EGO2ELQ3Q,0,1,0.0
A1S325M3126Y44,0,1,0.0
AE5O9M61UEA9Y,0,1,0.0
A3JK77PGI49VM6,0,1,0.0
ABRLSSBF1EV83,0,1,0.0
A3TNTDRTVYO1SN,0,1,0.0
A2864Q0WX7MR1Q,0,1,0.0
A2WD17QIWU2CPZ,0,1,0.0
A3OWYXTI802I48,0,1,0.0
A2TRFRIDTRKT57,0,1,0.0
A28IHPXRI76P4U,0,1,0.0
A36OQE3RAOO63J,0,1,0.0
AHED8DKPQ1ER1,0,1,0.0
A264ZI0RQR2GVS,0,1,0.0
A3747YPXOBXRAT,0,1,0.0
A3FMHTRW1C4DAP,0,1,0.0
AG6QJKU6WXSE6,0,1,0.0
AGEOKCBGVUQV6,0,1,0.0
A3A7RI8WFST71E,0,1,0.0
AHO3ONWH3S63H,0,1,0.0
A3LMVQ8BTEL4VY,0,1,0.0
A17I90HQZKOFT5,0,1,0.0
A1MWC47MS3OHGV,0,1,0.0
ADGOVXOE7QXXI,0,1,0.0
A1AW49AFO0N7HI,0,1,0.0
A3KMUHGAZME8VN,0,1,0.0
A2UD8WW52IRDH4,0,1,0.0
A20LJM7I7UCH2H,0,1,0.0
A3SOT3ANV2EJLL,0,1,0.0
AXOKMY2J7E2LY,0,1,0.0
A3BBC8E7QT7N9I,0,1,0.0
AUAYWVD6R4SUJ,0,1,0.0
A161MTE56L17RK,0,1,0.0
A31SFWPRTFTC8M,0,1,0.0
A3DK484SKLAPF3,0,1,0.0
AE3S5S2B77PJX,0,1,0.0
A250FFYP8R4OMJ,0,1,0.0
A1OU8WF5TKK4W0,0,1,0.0
A19BRO8JAP3QHC,0,1,0.0
A1EIKCOKIAQSGB,0,1,0.0
A115CGOFVI1TKX,0,1,0.0
A3864PI6JFC5R5,0,1,0.0
A2WAWYUHWUL215,0,1,0.0
A8PJN5U8C88W,0,1,0.0
AJKFFVYFRO30O,0,1,0.0
A9ALS50Y8XRPV,0,1,0.0
AMH3MVGRC2YG,0,1,0.0
A2LDWYW38O4N6H,0,1,0.0
A7BXUFESDLFKK,0,1,0.0
A28RL6LXMA118H,0,1,0.0
A32MAGYKFBTIX0,0,1,0.0
A2M3ULAAZDNFAD,0,1,0.0
A3K164C3Q8JX8I,0,1,0.0
A618OXK15BZR2,0,1,0.0
A2MXGVIVMTPIQX,0,1,0.0
A1SH0EF5ANSCXS,0,1,0.0
A3CJVJEA2Z0FUO,0,1,0.0
AXF7HOXQDTVOQ,0,1,0.0
AALJN5EQ3RVSX,0,1,0.0
A2CL818RN52NWN,0,1,0.0
ADFEY653CEBZ9,0,1,0.0
A1Q6F8ZL4P3IUD,0,1,0.0
A17UXLU67F0CCM,0,1,0.0
A1NGZURNQJ9XUR,0,1,0.0
A2EE0QU19W543S,0,1,0.0
A8DTDSELPM3GT,0,1,0.0
A1AA1JLOJMLKSR,0,1,0.0
A2FNKELQ4881X0,0,1,0.0
A2K9XFC31BCR5C,0,1,0.0
A206TO1N93VHBS,0,1,0.0
AILN4G9TNJCE,0,1,0.0
A3L5WHP35307RW,0,1,0.0
A2T8N83Z0FDZSX,0,1,0.0
A278KMHT2P8IDX,0,1,0.0
AV5OYCF0TNUZZ,0,1,0.0
A10A7UY5Z38EHQ,0,1,0.0
A1W4KGEJDP139U,0,1,0.0
A280GXBY1EV2TL,0,1,0.0
A17U12E2LNDSYL,0,1,0.0
APN3EN8KYQZZB,0,1,0.0
A1H4C4GKSHVTJ1,0,1,0.0
ANJEBGHPRZ6RO,0,1,0.0
ATC79W2A44517,0,1,0.0
A9VGWFG3EJ8P2,0,1,0.0
A2PW3RB7WWTPMJ,0,1,0.0
A1ZMUNE2N8G9EJ,0,1,0.0
A670I74M0ZIMA,0,1,0.0
AE363F9UEW576,0,1,0.0
A2XVR5MH3843OR,0,1,0.0
A2K95026HZM4FQ,0,1,0.0
A1SHTJBBFWOYA1,0,1,0.0
AZZ1QIEWIUC1G,0,1,0.0
AUZSSRFZZ7KXP,0,1,0.0
AD638WKA31YYL,0,1,0.0
A34AWDRG4TSAWL,0,1,0.0
A2OE8MQ67X0JJB,0,1,0.0
A1TJPE10C8FPJD,0,1,0.0
A20NZA6BWSCUC4,0,1,0.0
A3V21JUJFONHFN,0,1,0.0
A3SLIVSNS5DFYF,0,1,0.0
A37Y2BGD9738WW,0,1,0.0
AY9A8H1PYPTW3,0,1,0.0
A1I8EYBXHESU8Q,0,1,0.0
A35YTPB3GMNNKO,0,1,0.0
A54TDQ0KJ0HJE,0,1,0.0
A2SP31SYMV2PCR,0,1,0.0
ASWNAHFDP756N,0,1,0.0
AUMJC6WY81CEI,0,1,0.0
AHUNA332Z2NB0,0,1,0.0
A3AR1IP86YNNY3,0,1,0.0
A2U8K190L4H8GM,0,1,0.0
A3JTLS4M8EGFD8,0,1,0.0
A3300ZHK4SPWC3,0,1,0.0
A1S4OCG8FKZNCJ,0,1,0.0
A29AZOMZ9UOZOG,0,1,0.0
A30Z6II1P7UHPZ,0,1,0.0
A86H99Z3TWDVH,0,1,0.0
A3TBMYC360M2G0,0,1,0.0
A1MCRM4XWX78IN,0,1,0.0
AOU1YLOGUJP0U,0,1,0.0
A1THJB1ORM3U2I,0,1,0.0
A710WH88AVD7S,0,1,0.0
A272VTLI9O0IDT,0,1,0.0
A2DBJ42XY5OJGA,0,1,0.0
A3N99REXKZNENT,0,1,0.0
A3V82A8JCDVYN2,0,1,0.0
A3A7PT3FT593NX,0,1,0.0
A22AO2NVGCJPY9,0,1,0.0
A30SAI9X2TR91C,0,1,0.0
A3J5FNFCQFQ5AP,0,1,0.0
A2T463WX091RTX,0,1,0.0
A1REY6YZXI4YNF,0,1,0.0
A1JZ6P6JXWPKL6,0,1,0.0
A1LYQW1CVZ7EST,0,1,0.0
A2D924MRQ55QA1,0,1,0.0
A1A2F1ZOWOPNJB,0,1,0.0
A102MK78XH84JN,0,1,0.0
A6N8YJNAGKS50,0,1,0.0
AY6RU44I9ENJ7,0,1,0.0
A1RVLKZ8A642Q6,0,1,0.0
A682VSB1KBA5R,0,1,0.0
A28A633QKPQZXK,0,1,0.0
A2UDFXKJKPL8G5,0,1,0.0
ABKTE34F2D5GB,0,1,0.0
A36E6BAC4TQGLM,0,1,0.0
A7YQQP4R2D24J,0,1,0.0
AJ656YBL9S5HP,0,1,0.0
A2FSB1E88C7R5C,0,1,0.0
A23D0LS7MVISFN,0,1,0.0
A1JM7Y0L6COKCV,0,1,0.0
A2LPXUSM4T6VQV,0,1,0.0
A3PUOEWQEQKS1J,0,1,0.0
A3NJ0PP190OOR5,0,1,0.0
A1HW4ZQ28XQ8X6,0,1,0.0
A1ADXPG4IZ7OFV,0,1,0.0
A17LB2OT2Z6MZQ,0,1,0.0
A2WH4ISAUH3EK3,0,1,0.0
A1KRX2VH2CM111,0,1,0.0
A21TRW6C44MMKD,0,1,0.0
A4EKU9GUHI3BB,0,1,0.0
A38SBW89EUB4WK,0,1,0.0
A372207IXHMN43,0,1,0.0
AE2LECGAQU83Y,0,1,0.0
A14H32NA22S9WM,0,1,0.0
A1JY2TBRK5PCSB,0,1,0.0
A2ZBVGD9NMEFCX,0,1,0.0
A323FTYFV1BHWP,0,1,0.0
A22BZD9BW8YPZF,0,1,0.0
A149EPYL6YG1EI,0,1,0.0
A3PMLWI0SNB3DF,0,1,0.0
A2DC1RCOFNTYIT,0,1,0.0
A3JKQBXT5ZLVV8,0,1,0.0
ATQOX56QY27FO,0,1,0.0
AF7D0R98AI0NL,0,1,0.0
A3J2G5QM4U3ZZA,0,1,0.0
A26V1N7O4V0C2Q,0,1,0.0
A1THNW9Y672UWG,0,1,0.0
A2TEN6VIVPFHU,0,1,0.0
A35F6J8A31N43L,0,1,0.0
A329Y0V124S0JU,0,1,0.0
A31K74ADR1D4QR,0,1,0.0
AHGT53AWMWCSR,0,1,0.0
AHFX3J2EFPIZ2,0,1,0.0
A23P6AYU57RLO,0,1,0.0
A1SU1BT2N4LDW3,0,1,0.0
A140EBPRD09JJ6,0,1,0.0
A5Q6TAWM1YOFI,0,1,0.0
A3OX4XPLBWSXQJ,0,1,0.0
A1XOBCHAAHEVV4,0,1,0.0
AKB58HW6EV9MH,0,1,0.0
A31GRYHE6LS3JT,0,1,0.0
A3UODYFVHXDIM7,0,1,0.0
AK2PEM3N8A78H,0,1,0.0
A2H8W05KTHYG8O,0,1,0.0
A1L3ALQD8ABET8,0,1,0.0
A155904W2BPBQB,0,1,0.0
A110JW1MCO3ZN,0,1,0.0
A3D1CQ05LD9Q86,0,1,0.0
ABO3W0PSHFLLG,0,1,0.0
A191YSK36U58TK,0,1,0.0
A1RV9KE6KS1548,0,1,0.0
A3U018Y06X5TRN,0,1,0.0
A1509H7UUWN90Y,0,1,0.0
A20SDTTTKNRQT9,0,1,0.0
AZPXMVBRLNEQP,0,1,0.0
A1EGHZJHLLCM50,0,1,0.0
A4VKGG2E47CR4,0,1,0.0
A1DUBE3ZQN512F,0,1,0.0
A3RLL7N9RWR9RO,0,1,0.0
A1WJ5QRGA6HKJU,0,1,0.0
AIZEG6DBYDT4L,0,1,0.0
AWXT27XKDSMWQ,0,1,0.0
A2FZN7SO2EK3XX,0,1,0.0
A1Y215TOMI4BJ4,0,1,0.0
A3I0VTX1RS5NMK,0,1,0.0
A1GJYW993OQM1A,0,1,0.0
AQ9Z9QQ1I9YEN,0,1,0.0
A3G2PUJI3MHBSR,0,1,0.0
AC11GZAL5N99C,0,1,0.0
ADHK5MKMKEUHZ,0,1,0.0
A215XZWPII8AMS,0,1,0.0
A1K36U9PF3DGO5,0,1,0.0
A2YSG47MVTUX1L,0,1,0.0
A3JXAJDGMYNI47,0,1,0.0
ADX2LGXIE9NDS,0,1,0.0
APXWLGX4CN8EV,0,1,0.0
A1UT784N2EL42Q,0,1,0.0
A29RZCKZFN6RES,0,1,0.0
A38UFB0JJ9NN2L,0,1,0.0
A2UMU58TNGB9AE,0,1,0.0
A28VYN4Y6DKRVK,0,1,0.0
A3EOW9X7Y8JP71,0,1,0.0
A1CY26O3SB10UP,0,1,0.0
A25RKDHQ1ND0PQ,0,1,0.0
A3M39CD642BHP4,0,1,0.0
A13WVPOHBUYYK8,0,1,0.0
A2E7OT9UAE8CLO,0,1,0.0
A2PT8TJJ9MM5WH,0,1,0.0
A3GJ8PZKDN97CK,0,1,0.0
A859VQNNIYQJ9,0,1,0.0
A2I9XSZSHXQ3OZ,0,1,0.0
A24E0HXB7EXRE8,0,1,0.0
A21RY8JZCGNZDF,0,1,0.0
A1PMU36PVYIF3D,0,1,0.0
A367W0KWG7UX2L,0,1,0.0
A1REZUQZMJUFW2,0,1,0.0
A2ABALJP4ZTH4P,0,1,0.0
A2UIO3PM86K6N0,0,1,0.0
A1JSUL7WJBR0C1,0,1,0.0
A2OQIBCFVAOW0I,0,1,0.0
A3DSAV0455ZHCI,0,1,0.0
A12EFX9QNDUJ2I,0,1,0.0
A38NNYFZWCZZDP,0,1,0.0
A2L5CQCAZD9D86,0,1,0.0
A39ZCHSENNXDJ8,0,1,0.0
A11M65SJ9RUODX,0,1,0.0
A801LG6QTIIW4,0,1,0.0
A1MN0HLBJI1AOU,0,1,0.0
A1CB8ZXS6EWQJ,0,1,0.0
A2XSKL7SCYK63T,0,1,0.0
A1CUHXNFBVCUB9,0,1,0.0
A13X3973E54KAX,0,1,0.0
AW8QJ1C7FNTCE,0,1,0.0
A1SM90X6OSTA8W,0,1,0.0
ARZKZB56T6JYO,0,1,0.0
A28XO41DARZM7J,0,1,0.0
ALM6KZL6JNFH6,0,1,0.0
AYMW143FPF0I5,0,1,0.0
A3L32IZX05JYBE,0,1,0.0
A1RHJX6OA0O9KQ,0,1,0.0
A1DD5G9Y7BVSQP,0,1,0.0
A399MNJ2H60ODE,0,1,0.0
A3K9SJHCEAFHRM,0,1,0.0
AAJN633OF65R6,0,1,0.0
A3EMQKYFSJ0TVC,0,1,0.0
A314RIYBEK9KSC,0,1,0.0
A3F9AG94G7EH43,0,1,0.0
A3TTE0TY1DXGD2,0,1,0.0
AZ2035CKU68FH,0,1,0.0
A3EE2Q7XB44KXG,0,1,0.0
A2MT1R3WOV50ZU,0,1,0.0
A3QVT8LVXRA7MG,0,1,0.0
AL4XJ4SYQRB3P,0,1,0.0
AGQ3WPCQHF43X,0,1,0.0
A26K5BF6PGUDMU,0,1,0.0
A19XTT96R6PCUI,0,1,0.0
A394CFIQH570SM,0,1,0.0
A23JACPHYV1P86,0,1,0.0
A1VZ6HHFV8UWYW,0,1,0.0
AAR7JZA4TKHZH,0,1,0.0
A2HE81NLOBVGNK,0,1,0.0
A38WX315LV2X48,0,1,0.0
A9P1AXK37DLDT,0,1,0.0
AQGDGMPN2VW0U,0,1,0.0
A16E9YXBRFX4G4,0,1,0.0
A3UKXRRVD2WDZT,0,1,0.0
AEO7XW62UARQZ,0,1,0.0
A31H79QO2MPOJ7,0,1,0.0
A39W3263A9HCMN,0,1,0.0
A1U9Y4XH0D8LQ7,0,1,0.0
APXFWNEAJR1O6,0,1,0.0
A3NLM1ATIFSFGD,0,1,0.0
A2VNGOYFQ0PUER,0,1,0.0
A3FN1OZ2TJ5HS2,0,1,0.0
A1I18BQQTGE0L0,0,1,0.0
A397L22366PEV2,0,1,0.0
A2H5ZMH5TFB9GK,0,1,0.0
A32VSTSDEPUBHU,0,1,0.0
A1Y021ZYKKJ7B1,0,1,0.0
A1F4DQC66X701N,0,1,0.0
A3NU8FUAUL3WY1,0,1,0.0
A388D9114PLJM3,0,1,0.0
A2BARWBCUPAVAH,0,1,0.0
A2P4DZ9LG66F7M,0,1,0.0
A2BGMWY2YME09U,0,1,0.0
A26IQKUVHETZWF,0,1,0.0
A1HODB2CF4Y4PT,0,1,0.0
A9CUKGWMQ6CCJ,0,1,0.0
A2U3RXXQAC0GHO,0,1,0.0
A1WEL67Y9X6VLO,0,1,0.0
A1O1RNF7DY4I7W,0,1,0.0
ALNVUHXW9QX6G,0,1,0.0
AQ5Q0Q69HJSL4,0,1,0.0
AACI5VWXSEP4A,0,1,0.0
A1GGHFH8WW565S,0,1,0.0
A1JYP6H711PDXY,0,1,0.0
A298DH3GXNK1DS,0,1,0.0
A24S86B8FV62VO,0,1,0.0
AXHZH1N09V2XA,0,1,0.0
A1VWHYYRRQY8BM,0,1,0.0
A7NY6BRPLN1VA,0,1,0.0
A86AL23DZQP2K,0,1,0.0
A119YJZOAWTWID,0,1,0.0
A19L0B0F5YXJNK,0,1,0.0
A5TKLXLIR9R8W,0,1,0.0
A3GEVMQ38ZEV59,0,1,0.0
ASEUOCYB6NUH0,0,1,0.0
AO5DMVKG4UGQ3,0,1,0.0
A2B2TVVNS6NII1,0,1,0.0
A3H8IE60X1L8ZY,0,1,0.0
A15DESEJI0EMFT,0,1,0.0
A2R9308CQZ222H,0,1,0.0
A11RS5W5MDYCSF,0,1,0.0
A6UCPIORJBAGB,0,1,0.0
A312XIVHMELE2P,0,1,0.0
A2BQPOJU599ANI,0,1,0.0
A1O2COK92583R4,0,1,0.0
AN1YHIAI07MIU,0,1,0.0
A2BOUB0UM5EJK,0,1,0.0
A1SAKXYHPRNSA3,0,1,0.0
AKGD1KMEC5FEN,0,1,0.0
A3O249OLH61S1K,0,1,0.0
A1UVD8NIGUGAY4,0,1,0.0
A1UNOXZA1HM6YT,0,1,0.0
A3NK9KAVKUTST4,0,1,0.0
A2TL151W1VURGR,0,1,0.0
AJKM5DVTQXDOT,0,1,0.0
A2KQEAIQOGRQTU,0,1,0.0
AZ0TA88HQ76QK,0,1,0.0
A2AMCRY89N3K9R,0,1,0.0
A3IWUICVZ4AH7Q,0,1,0.0
A3G7Y8TENKTB6Y,0,1,0.0
A245BC9NTOIIC5,0,1,0.0
AUYVMLI0CBMYS,0,1,0.0
A1I9V37NVJTD38,0,1,0.0
A134BO5FSFIZ7F,0,1,0.0
A3KF46ZAB3XEMB,0,1,0.0
AF5UPK1K0TZVK,0,1,0.0
A173YMJ9XFVRSY,0,1,0.0
A18DMS1M5J2AMM,0,1,0.0
A3V2HN4WZXGFO9,0,1,0.0
ATMQFK1UA9QX0,0,1,0.0
A2IA5Q0TDWE81X,0,1,0.0
A1MNMJUJIK4QWQ,0,1,0.0
A1BXZVT6D5FFIP,0,1,0.0
A3NCYNYH30C12D,0,1,0.0
A36E9BF83I6WID,0,1,0.0
AJWXQZZI1Z9PK,0,1,0.0
A3FSCAKJJ7I9S6,0,1,0.0
AIA1GFEMLPEF,0,1,0.0
A3AHUJU81AMMOC,0,1,0.0
A4RIBNWMELKIG,0,1,0.0
A3AYBS85O1FCZS,0,1,0.0
A35KHAKSZQGO39,0,1,0.0
A3UQPMXRSHUBFB,0,1,0.0
A3G2AAMHUT1N1U,0,1,0.0
A2LNAI0QUU8DKS,0,1,0.0
A3VK8X8WHKHTXT,0,1,0.0
A3LDPF5FMB782Z,0,1,0.0
A1P5N909O9ZLK5,0,1,0.0
A15333ONNT2R0F,0,1,0.0
A2JS2PPR6FW42E,0,1,0.0
A1LSC45NVKZM6T,0,1,0.0
A2W2L97Q4B8Z4C,0,1,0.0
A3A18QLK7CNIVX,0,1,0.0
A1I75D06CII1AP,0,1,0.0
A17QQD15JX5SCQ,0,1,0.0
AUMEXYGZUUTFO,0,1,0.0
A1S4UXQZBWJ12M,0,1,0.0
A2OLK54825GS35,0,1,0.0
A1URK6R68QT3W0,0,1,0.0
A3OGKCJ5FLU588,0,1,0.0
A153OJR22XJQF1,0,1,0.0
A1O958D570KGLQ,0,1,0.0
A1KXFZRA7437C8,0,1,0.0
A31RLULNKYYBVX,0,1,0.0
ADRALQ5LX7UXP,0,1,0.0
A320E5XIKD3CX4,0,1,0.0
A1YCEOUCEHVARX,0,1,0.0
A2TCH9QEB68CYJ,0,1,0.0
A4PNU6ZE85B96,0,1,0.0
A3OD29NBB95KBC,0,1,0.0
A1DZXY8UCO5X4I,0,1,0.0
A2X5YQDN4P5RHA,0,1,0.0
A3CLQZ22LQZOUX,0,1,0.0
A368ITJ9X13UQZ,0,1,0.0
A29KKLJ8BLQ2GN,0,1,0.0
A3Y1704RKF2OL,0,1,0.0
A3LG3OZUN6K6CX,0,1,0.0
A3799H9AD5QRAE,0,1,0.0
A1F0HQEC39SU2,0,1,0.0
A2UKZQCU85ICYM,0,1,0.0
A2UIQYJOGAUPSS,0,1,0.0
A2KWVBHXXERSK8,0,1,0.0
A34TMG18DABIEJ,0,1,0.0
A1P5UEQ50O5BKY,0,1,0.0
A3R8FQ1YNRE5RP,0,1,0.0
A6FGKXU6ZPW64,0,1,0.0
AQDZH1FRF2RB6,0,1,0.0
A1KBEZ89BPWR9T,0,1,0.0
A2AX8RFI7M3JGP,0,1,0.0
A27HOKHQMMAQ7Q,0,1,0.0
A1A21GIPMY89BZ,0,1,0.0
AOTJSFCTHKF20,0,1,0.0
A22FC901G99HN3,0,1,0.0
A2BSNVWUCO9MBU,0,1,0.0
A1OSNUU9XWXNQZ,0,1,0.0
A2Q7DE6NA7VKAJ,0,1,0.0
AFQNB98RN0LYU,0,1,0.0
A5XN61891R13P,0,1,0.0
AY8LGCP6HPLI,0,1,0.0
A6577W0IEUMA2,0,1,0.0
AJ9VCY2178066,0,1,0.0
A3R5OQTF2A9C8H,0,1,0.0
A1TN2U7EKWC5TR,0,1,0.0
A3ESMG31XIRL1R,0,1,0.0
A3V5UUVTM43S2Q,0,1,0.0
A1U2PFAUJMRTGU,0,1,0.0
AHQZ83VQ726ZH,0,1,0.0
A2J8NCGR14OSJG,0,1,0.0
A1DYB9MKFYEGS4,0,1,0.0
A3K5CX3JICKPO7,0,1,0.0
AO4EEX602894D,0,1,0.0
A1G5SE1PJGO972,0,1,0.0
A3U027SLRGEIRA,0,1,0.0
A1VRFDQO6HE0IL,0,1,0.0
AD3T2UHBH86B9,0,1,0.0
A17G4Z16NXFJJ9,0,1,0.0
A2PTGR23MFFWTC,0,1,0.0
AB8QIVEKL4ZLN,0,1,0.0
A1D4HEA4RQGXQ9,0,1,0.0
A23YK4DYOYWI55,0,1,0.0
A3TNEKWE76N0M9,0,1,0.0
AM710FPMDASUB,0,1,0.0
AGPAM84DY7EMX,0,1,0.0
A3K6JECJIXECT9,0,1,0.0
A1XC14KELM553K,0,1,0.0
A3VMNLJNDP5GJU,0,1,0.0
A36X82VV95S49L,0,1,0.0
AA99UPLC20VI2,0,1,0.0
A3A95AUNVSTPTL,0,1,0.0
A2TJ7RVA2HNM64,0,1,0.0
A7M9520FHBX2,0,1,0.0
AKFFLOPBYHOP4,0,1,0.0
A657G6UZGX5H1,0,1,0.0
A32EI3R8L7D8SU,0,1,0.0
AI3EA48EJQW2Y,0,1,0.0
A2EK6NJFMONJ5K,0,1,0.0
A3EFEASM8S3MSZ,0,1,0.0
A1OVG916J113YZ,0,1,0.0
A112925MFD2T4J,0,1,0.0
A3O0SB8I1QXKOZ,0,1,0.0
A2O8INAXQHP7CP,0,1,0.0
A1RCZYX8DZ0K1M,0,1,0.0
A1BJ7P52SI3WIS,0,1,0.0
AW7LWPCMUXS4P,0,1,0.0
A1OO9N1MRNQ7K0,0,1,0.0
A7LQTXGRMVD6R,0,1,0.0
A1KGNT9YAPC7TX,0,1,0.0
A3HBASBZZVT2N7,0,1,0.0
A2NCFKGIT3QDTN,0,1,0.0
A2U1D7A4HBJSQS,0,1,0.0
A3V8CMR9FM7IZH,0,1,0.0
A2ZAOZ1TYBJVUM,0,1,0.0
A140I400C1OSHU,0,1,0.0
A2RBUCHBQYPUXM,0,1,0.0
A3UN38OZEGXI13,0,1,0.0
AJ6AEWN1MZNSX,0,1,0.0
A2NWG9WAAJ5YF5,0,1,0.0
A1KAJGJP1ITI5O,0,1,0.0
A3N8ZNS77F03GJ,0,1,0.0
A1M15HAT5S763F,0,1,0.0
A1G7I1PXK8FAI8,0,1,0.0
A3I1U3ZBZCUMMB,0,1,0.0
A2X4U0ZHNQGRXX,0,1,0.0
A2AIB02RIVPPKU,0,1,0.0
A2ORX8KQVGLJVS,0,1,0.0
AEXS7M2VKYQ7D,0,1,0.0
A3HC2220JYRF6J,0,1,0.0
A19NCLETYECEZA,0,1,0.0
AQJT4VD2L0PFE,0,1,0.0
A1WUWW19SJH1A6,0,1,0.0
A1E8INW9XE7HEQ,0,1,0.0
A59BC7H4T874H,0,1,0.0
A29F7WPJY3OSSG,0,1,0.0
A31GMBLPXYVO9J,0,1,0.0
A10TO6AQOY9IA5,0,1,0.0
A3VQA7DON9YTWO,0,1,0.0
A16QNZVAPU4QLM,0,1,0.0
A230F2ZKGFGY8A,0,1,0.0
A253XKAR4A93Z9,0,1,0.0
A4ZPR1AI15ZHM,0,1,0.0
A353PDHL60VR9H,0,1,0.0
A3C00N4UHA5XYX,0,1,0.0
AP58E84QFYYVT,0,1,0.0
ABTGHMEDB7ZCM,0,1,0.0
AS4CROGEGU4HV,0,1,0.0
A23MZM4TK3GF8E,0,1,0.0
A37N39M6CYFRYJ,0,1,0.0
A2CCR94U15ZG90,0,1,0.0
AS7L1BAZ41CCP,0,1,0.0
AJ757PG2TZA3H,0,1,0.0
A2LMB7GSG9ZO37,0,1,0.0
A8ZTHXSROIMZ3,0,1,0.0
A1LI0BCHN6HYE8,0,1,0.0
A2UI8UBAS7DJVD,0,1,0.0
A18MG1GPSEAPE9,0,1,0.0
AKRFGKKU6WI79,0,1,0.0
A2HZD0DZXGGUPZ,0,1,0.0
AR5TAXR46YB4L,0,1,0.0
A1AKDHST4X5P6A,0,1,0.0
A2PKD2F1Y03APN,0,1,0.0
A26F4J2K7BIPNK,0,1,0.0
A24EEOX3EU13HX,0,1,0.0
A2GNR3GUS671Q6,0,1,0.0
A2R63G2FXERHHP,0,1,0.0
A3J20HDHEMAS4U,0,1,0.0
A392X6TCJXFLLS,0,1,0.0
A1Q13RXQTEQXJQ,0,1,0.0
A3JR5JFYBQ98C8,0,1,0.0
A2CJI4MLMO93U,0,1,0.0
A11C2ZX984GQW6,0,1,0.0
AUQXHVC9TY049,0,1,0.0
A36BDWLPMQQR66,0,1,0.0
AVSRC5QCAOIIA,0,1,0.0
A31SGDR2YRIULB,0,1,0.0
A1JAWD6VHZ2LZI,0,1,0.0
A1LE5W12Z3J7IK,0,1,0.0
A3GM71QJ64A275,0,1,0.0
A1BCWC3MLLAFC9,0,1,0.0
A2Q0EY4OC887I6,0,1,0.0
A2ZLGZ6V1UV5FX,0,1,0.0
A3FS4QJGZZEMOU,0,1,0.0
A2IXOX389FMB4T,0,1,0.0
A18JJ4NIOCHZAT,0,1,0.0
A259K4WGBXKO95,0,1,0.0
APZXAGPCGAC8Z,0,1,0.0
A3BOO51NPM0QNY,0,1,0.0
A2VEI09OYPRHW2,0,1,0.0
AQ5216XVE0ORU,0,1,0.0
A1B2U9EK3V1NVO,0,1,0.0
AS09NJQAOR2UK,0,1,0.0
A2VTYAHL30ID2W,0,1,0.0
A20PAJNZK0J2UA,0,1,0.0
A3F0YK0OIDWOGA,0,1,0.0
A16RE3TUG5NKH7,0,1,0.0
ANTJICXHIXAPE,0,1,0.0
A122W2UUIAN426,0,1,0.0
A28YTL0ZMSBFQ5,0,1,0.0
A6N6FELD4DTW3,0,1,0.0
AJEDVT3OSUZCF,0,1,0.0
A1MKPMJPD22YY,0,1,0.0
A1WIRJ5GKSGXGK,0,1,0.0
A3AXXZ417JLEZM,0,1,0.0
ANZO21PXQ989Y,0,1,0.0
AJ08CA3PQUGO0,0,1,0.0
A3DY97VK5PE7S8,0,1,0.0
AXB34CAI8SBWU,0,1,0.0
A28Y587UOB6VCS,0,1,0.0
A3PWDPQ4B1S7G8,0,1,0.0
A2KUOQLRGGHCQX,0,1,0.0
A247IE9WJZT3L1,0,1,0.0
A35KZRR2D6YP6Z,0,1,0.0
A1AM9PCG8QROMY,0,1,0.0
AQ3PNEEG79976,0,1,0.0
A3BKBQ9O8WUX23,0,1,0.0
A18IG1JEQV7NWH,0,1,0.0
ABKOVXEYT0DPE,0,1,0.0
A25UZX9E66ZQ1R,0,1,0.0
A175CUNTIOUTQH,0,1,0.0
AZ4VKFF136FKR,0,1,0.0
A3B0D8Z49UW0P9,0,1,0.0
A5U78TECINI9K,0,1,0.0
A32W0SHFI92UN4,0,1,0.0
A3J9C2WMW0TZYB,0,1,0.0
A36RHIF28BRJ9Y,0,1,0.0
AC0QNBQB1V5CG,0,1,0.0
A1TYAP1E5TGJZX,0,1,0.0
A1RM27WKIWB4CF,0,1,0.0
A1G9NJFLVJBL98,0,1,0.0
A2S9NA9G451UMI,0,1,0.0
A22NR44S6W9VGI,0,1,0.0
A2328YKUD39LZ4,0,1,0.0
A1FLG8DJNG7OY0,0,1,0.0
A3U9SQNM1CK7BM,0,1,0.0
A49SZ0LCRA0RV,0,1,0.0
A1D0E8YF295O3,0,1,0.0
A1ZPXC87RR6EU1,0,1,0.0
A3PO95UD7TRYPT,0,1,0.0
AQXB4AR9HCZTE,0,1,0.0
A3D4BDY2HRDUB2,0,1,0.0
A1AYGGS9XE6V27,0,1,0.0
A3NTAQ473SV08U,0,1,0.0
A2VXO7I3JTMJ8T,0,1,0.0
A13WF5JLZ9S22U,0,1,0.0
A343JJWEUQYI8M,0,1,0.0
A16ZUVMJB0TUA3,0,1,0.0
AG39CXVXZVJBM,0,1,0.0
A1IQMDY802I1MP,0,1,0.0
A2HV73U1VS6PRC,0,1,0.0
A2W1J5Y8XUK9NJ,0,1,0.0
A1SC1O4D4RGYUK,0,1,0.0
A3A4CP4PAY4IDQ,0,1,0.0
AI2P9ZSBTP45X,0,1,0.0
A9D87WNSGOGLW,0,1,0.0
A21QQB0GM1B9BS,0,1,0.0
A1V6PYMXENZZ5P,0,1,0.0
A3CZ1DYKRUN9JB,0,1,0.0
A23L1OMO4TTOW7,0,1,0.0
A13VPFBI3J7ORD,0,1,0.0
AAI784Z4JBI15,0,1,0.0
A1Z8XU1WEN8LDG,0,1,0.0
A1PPAB4AXMTQOC,0,1,0.0
A2CKQA93KUJUH2,0,1,0.0
A1ARJHCZ39UZBG,0,1,0.0
A2PGR4POLH29A3,0,1,0.0
A20PBBI8TX60Z0,0,1,0.0
A2GTK26DZ66N94,0,1,0.0
ASJXDBC4Y4PB4,0,1,0.0
A1TJS7632T3SX3,0,1,0.0
A4E0I88T1MS4O,0,1,0.0
A1FDM1YDENY14V,0,1,0.0
A226ZQ23QTEV9Q,0,1,0.0
A33RWVLA7G95PW,0,1,0.0
A323TWQ90A893U,0,1,0.0
A2F4A55ENQBQ6U,0,1,0.0
A3CNZRC6Q39ZHB,0,1,0.0
A2YEB6ZF3L9XV1,0,1,0.0
A2S1ESRNMBH60G,0,1,0.0
A3MS07XVG2V5TD,0,1,0.0
A10ALOMJECNL2H,0,1,0.0
ARVDECVMI814S,0,1,0.0
AUW0OJE2CQN2Q,0,1,0.0
A24XB7CYP111T8,0,1,0.0
A2SM4OZXOEMTV1,0,1,0.0
AORZWOULTSN19,0,1,0.0
A3GPIUGCM7GDX8,0,1,0.0
ALK9TZQVPJXAA,0,1,0.0
A2WPWLEO3XCDP0,0,1,0.0
A1F4Q751KNPE6D,0,1,0.0
A397F7NDYV9LB6,0,1,0.0
A19TGW2FCAVBPH,0,1,0.0
A1YUZF5LQYUA1H,0,1,0.0
A2306RFDMM8FDX,0,1,0.0
A3BCVC0JJX39MO,0,1,0.0
A1LMIJR8DNFC3X,0,1,0.0
A33U0FE7WFQTUN,0,1,0.0
AJ2Q1T7TX2BSW,0,1,0.0
A320A9LP5UZOP5,0,1,0.0
A1XLLEHKFY3TN2,0,1,0.0
A3FQC80PE9MDZC,0,1,0.0
A1O8EDR9VMIRKE,0,1,0.0
A3VO0M0R2JZ0H7,0,1,0.0
A8ZVKQT47JSH5,0,1,0.0
AVBMBEQ65MU7M,0,1,0.0
A30IVDY024K9OE,0,1,0.0
AJRS1BBEWQCMG,0,1,0.0
A35U3QBAN21005,0,1,0.0
A1DPGBFB3JQ6DD,0,1,0.0
A2YRPZERLLTFK5,0,1,0.0
AGDYZCLB7HMCG,0,1,0.0
AUQ0DCR3H2G2C,0,1,0.0
A3SL2O5KOVWBGK,0,1,0.0
A37A72Y18II54B,0,1,0.0
AAVN8J9EC21AS,0,1,0.0
A3V3RQLNN5KFL8,0,1,0.0
A33TI3SYTQRAZR,0,1,0.0
A20CC4CZ7EL7D7,0,1,0.0
A1PDWS1XQPCK0Z,0,1,0.0
A2K60GJA18YY24,0,1,0.0
A3OK8MJ9Y68FAL,0,1,0.0
A3VCZYKQIIZPSY,0,1,0.0
A20J9ULNBRX831,0,1,0.0
AICCYGY5TWSGW,0,1,0.0
A284OQO4QNDLQU,0,1,0.0
A161CYGM4UDE2Y,0,1,0.0
A1RW7UXXTO4W3Y,0,1,0.0
A3OJ0V1TQYZ71W,0,1,0.0
A27FUXUP1U7O07,0,1,0.0
A29THQFOAB9U4U,0,1,0.0
A3HWXBF7B1ND74,0,1,0.0
A36Z7W2U0Y2XDT,0,1,0.0
A2RKHAC4KH1309,0,1,0.0
A1CXPD0LVJU6BC,0,1,0.0
AUR5YL1JGCOS7,0,1,0.0
AFGLC9EDU5DDY,0,1,0.0
AG2VAQY6DCI5R,0,1,0.0
A17UY1A5RVK5ND,0,1,0.0
A2U9BKVZKODE5A,0,1,0.0
A1XY86U23W6LQ,0,1,0.0
A3QQLWRK7ZFW8E,0,1,0.0
A2OW9VTX019OFQ,0,1,0.0
A27Z254EPM8U8M,0,1,0.0
A1CFAW8LD0YY1A,0,1,0.0
A5QVKA6XGNNES,0,1,0.0
A1YRCG44URSYZ8,0,1,0.0
APBDBT90MAALM,0,1,0.0
AFFJSLANB28F7,0,1,0.0
A1JOH8QDYD9F4I,0,1,0.0
A2Y3EV4HORECFJ,0,1,0.0
A523Y3LMTBY5Y,0,1,0.0
AZEOD0JSHXYUD,0,1,0.0
A3ARN8E5ESYZLZ,0,1,0.0
A2B7232N5XAOGO,0,1,0.0
AZOXA4GJSRQRE,0,1,0.0
AWWJYUX2VV2A5,0,1,0.0
A3P1GPCA3HYIN,0,1,0.0
AJG1EUV3ZC8EF,0,1,0.0
A1PI5Z0SL73HP0,0,1,0.0
A3BUGCB190CCM4,0,1,0.0
A22NGHNA6HBA4D,0,1,0.0
AQ4QE7INQGYZD,0,1,0.0
A37FCSX7K7GEFT,0,1,0.0
AEYTIBELV1G2R,0,1,0.0
A8C2GDGVQKWKM,0,1,0.0
A3FQRJBI5FTEFG,0,1,0.0
A2JCLNK64MY821,0,1,0.0
A1323GVRLTJ6LC,0,1,0.0
A1K7ZAQUWJ201J,0,1,0.0
A2I4LIDZ36OBFZ,0,1,0.0
ANX51Y0Y4TXAK,0,1,0.0
A1OHOFON2HRKID,0,1,0.0
A2W8F49QLULA4U,0,1,0.0
A1KM5TIQL9MFJM,0,1,0.0
AW9KJ409U3A2Z,0,1,0.0
A2W0ZE7WICAEH3,0,1,0.0
A7XMOAALJQNFP,0,1,0.0
A3BML92579N03T,0,1,0.0
AFWNB49LVPXT2,0,1,0.0
A2X4UL21EF653R,0,1,0.0
AURID7J89LEPV,0,1,0.0
A5HVB143T35CE,0,1,0.0
A1E4FASFO78Z77,0,1,0.0
A876CB05XPJAH,0,1,0.0
A29S1MTFU2DJMW,0,1,0.0
A2EB0RM39B711B,0,1,0.0
A38IC3IFCJMQZI,0,1,0.0
A2JEIU4GYN1KOE,0,1,0.0
A203PBOB0FREYT,0,1,0.0
A3K8A2GUNZYRXD,0,1,0.0
AO3E90T97U1XQ,0,1,0.0
A3UV770ITVY68S,0,1,0.0
A28502MYF6RNBP,0,1,0.0
A3TCGIUJIGXRJ9,0,1,0.0
A34XPLVFRJOG6A,0,1,0.0
A2UR5UYOIQQYRB,0,1,0.0
A17TDZP3FJUKV2,0,1,0.0
A1TJ57WHQTCNYQ,0,1,0.0
A4RKKE3CJE588,0,1,0.0
A3M2IUVOKVDGD4,0,1,0.0
A1KDCFMRNKRTQF,0,1,0.0
A2K3OKH6VK6P5F,0,1,0.0
A30KO9VSROKOJT,0,1,0.0
A1Q6BOVHAOZ04E,0,1,0.0
AES1WLHGAVKAD,0,1,0.0
A28T9PVSCSYL9H,0,1,0.0
A3D2P6JA2HXJF9,0,1,0.0
A31A9ZQS18XLAP,0,1,0.0
AFI2GX7CAYGC1,0,1,0.0
A2KMV50FN2OS92,0,1,0.0
A1NNBQVZQOPWMZ,0,1,0.0
A2L4NHD8CJ2ZGU,0,1,0.0
A22KC2B4JYI2IV,0,1,0.0
AL19JDYS0DJXA,0,1,0.0
A1OG2V1Q9LD73B,0,1,0.0
A2REXQEEPUS6RG,0,1,0.0
A2RVU8GR9NA346,0,1,0.0
A2XFQFYADPW7SB,0,1,0.0
A287P5PGGHMQLZ,0,1,0.0
A6XDOE6RJAB47,0,1,0.0
A1SA2SL7F3QZIR,0,1,0.0
A29NE7SBY16CSV,0,1,0.0
AN402FWV4UDOF,0,1,0.0
A1X6ZQPUBELPQQ,0,1,0.0
A2SZWMS0CRJ0T2,0,1,0.0
A1LF3H7UFXQRUJ,0,1,0.0
A1KLR710LRTJ3Q,0,1,0.0
A2KKFS9R6VRU5G,0,1,0.0
A16V2VDFMVENYZ,0,1,0.0
A2E0ULZEP3AUOG,0,1,0.0
AA0MHZSAEZ707,0,1,0.0
A2S00H4CKCSGS6,0,1,0.0
A14W3IKCNQ77KM,0,1,0.0
ANGQ1S51W33TQ,0,1,0.0
A1ILWCKAG7P5JH,0,1,0.0
AN3XJ4BHFW0PT,0,1,0.0
A1GN3H83UNH6L3,0,1,0.0
AE2Q1F0D62IXE,0,1,0.0
A2C3BHTU1PEPLF,0,1,0.0
A33LQ9MA6PCUBK,0,1,0.0
A2TPCUVV4A98H3,0,1,0.0
A31OP1X74MIK2E,0,1,0.0
A16HVAT198LDZW,0,1,0.0
A12VFCTTG3FFRW,0,1,0.0
A1MDDAJFZJB3H7,0,1,0.0
A3VCZ0FTUSMX8R,0,1,0.0
A29SB0CL7V5FYF,0,1,0.0
A3CO8ZO6K5R8FR,0,1,0.0
ADML0D7XXX1A6,0,1,0.0
A3UA7AX1MI437Q,0,1,0.0
A3GEDBJNKQG161,0,1,0.0
AGX0E3F1ALEG,0,1,0.0
A1OKMVTVH477BC,0,1,0.0
A3FVTOHP5V9W3G,0,1,0.0
A1JRXWR1OH08T4,0,1,0.0
A130VGG4P4PW5J,0,1,0.0
A1H2XWTVUIMYFO,0,1,0.0
A20HOXK7EKSUCA,0,1,0.0
A1UBELZ83PFNW1,0,1,0.0
AP4MT9U9KP22H,0,1,0.0
A2WWH0RGA7DVVN,0,1,0.0
A3KR42X6V874C5,0,1,0.0
AP7IT6ZJMDVUA,0,1,0.0
A3MM1BZP26D5NC,0,1,0.0
ASIEPLI4UPV1R,0,1,0.0
A1UBGEWT8NF0QN,0,1,0.0
AY4IDJ6LQ5IQQ,0,1,0.0
A2EMMZXMDDV5TH,0,1,0.0
AVUZR6RWL3YH3,0,1,0.0
A3AVR76CBULZ1,0,1,0.0
A2HF4RY9N1ESJ1,0,1,0.0
A31WZFZUUMB98W,0,1,0.0
AILALRKB4WYD0,0,1,0.0
A2DEXBQ9X3YQWR,0,1,0.0
AO7HMB8YVRBUP,0,1,0.0
A2VT7PM6MAFZI,0,1,0.0
A197GOEU3AVT4W,0,1,0.0
A31LRPDDZ59TBU,0,1,0.0
A8DZW6P86TDZ0,0,1,0.0
A1YI8NGU4FDEED,0,1,0.0
A1N0ZF06EO4LQZ,0,1,0.0
A4QFND00RDEH5,0,1,0.0
A1XD3Z7X836QTQ,0,1,0.0
A2K33VWYQC9C2W,0,1,0.0
A26UMYPCY95EX7,0,1,0.0
A1EM70V2QHYO82,0,1,0.0
A3PJV1MNED650H,0,1,0.0
A1WOPX5MT8QVPO,0,1,0.0
A4SCKVU6SM223,0,1,0.0
AQZ4PHIEEV5N5,0,1,0.0
A2UKOHFEAN1XUZ,0,1,0.0
A3POU3A52PSWR9,0,1,0.0
A2NDTLX2E2W2DZ,0,1,0.0
A25B3JZJMMVQRA,0,1,0.0
A2FEFZJA3IYX4H,0,1,0.0
A1BO4NUOIVGHA9,0,1,0.0
A2PD07NCY2EQKS,0,1,0.0
AKVUBE6NBDYHY,0,1,0.0
AH5VCWQCHT1Y2,0,1,0.0
AWFSTV5LU10AO,0,1,0.0
A1T7KGT7WN42M7,0,1,0.0
A1J2C6Z04B2MVP,0,1,0.0
A32YM08E2M5AKK,0,1,0.0
A3GMIO4FFZWC27,0,1,0.0
A2U1IZ6SOWOQH5,0,1,0.0
A1BCRUKZ7RODL9,0,1,0.0
A1WUZAHUQT3JVF,0,1,0.0
A1PRPZ82QOREZU,0,1,0.0
A3RKPP9QT474EX,0,1,0.0
A3P34VT9VVIOJY,0,1,0.0
A200MA7G4P4Q2N,0,1,0.0
A3GFVTJ4C0S9DN,0,1,0.0
A3LC1SBE4UI23F,0,1,0.0
A294X2KGC8ZGF4,0,1,0.0
AKKIGH65S6ILU,0,1,0.0
A1ZM9JNZJX627K,0,1,0.0
A1MOSTXNIO5MPJ,0,1,0.0
A2E0CIUQFDAFG6,0,1,0.0
A7D2TLDGXHQXS,0,1,0.0
A25SB31CJRJ9IP,0,1,0.0
A2JM896LIGPQNA,0,1,0.0
A3P1R0OA5RME2C,0,1,0.0
A2OP960R2626KN,0,1,0.0
A3AAIDZA2MLATY,0,1,0.0
AV08XZ7RCLH3J,0,1,0.0
A6AXA6U8WIXC3,0,1,0.0
A2ARJYDVAG08EH,0,1,0.0
A2T4OX8NH9LIIC,0,1,0.0
AKGYV341V3N3L,0,1,0.0
A2L0B0SVEJOAG3,0,1,0.0
AT4N4Z6Y039KR,0,1,0.0
A210D95C1C9WJA,0,1,0.0
AAW7URHWA2VHT,0,1,0.0
A28EJD6AA5331O,0,1,0.0
AFBHNWYD37MJG,0,1,0.0
AGZOOPI6GJXFD,0,1,0.0
A35GSI5ZVHQBB6,0,1,0.0
A234DJA1EQM29E,0,1,0.0
A16AY9KJA9V0A0,0,1,0.0
A2S7E88PJ5PJ1F,0,1,0.0
A31EP0THMKKG0T,0,1,0.0
A184F48SN5WFPU,0,1,0.0
AA2NO95QTZPIY,0,1,0.0
A3DZ16GGJBLAH3,0,1,0.0
A24Q8VSAXD32VP,0,1,0.0
A3KU1BUGA67Z2T,0,1,0.0
A2BN5QKVZEI7Y3,0,1,0.0
A1SV61Y1360AR4,0,1,0.0
A1ZW27BULO098R,0,1,0.0
A2UR2C7TIMBMZX,0,1,0.0
A3UJXFGRDTMWN8,0,1,0.0
ANEVEWN5Z9XJL,0,1,0.0
A1OTTDNEZOUSRI,0,1,0.0
A3JGWPU67E3IVY,0,1,0.0
AN95O46L97YJL,0,1,0.0
A1ER4WEC1VC6P0,0,1,0.0
A3UZMJ2JPHF8SY,0,1,0.0
A1K45HFFFDNP1A,0,1,0.0
A3F8OLKGTJ4NIL,0,1,0.0
A1V2TUC03Q0UT5,0,1,0.0
A3HV79NDXN3UUX,0,1,0.0
A3W2USMOUVP33,0,1,0.0
A31UNBJSKHNS2D,0,1,0.0
AL1RGKM6KZKFA,0,1,0.0
A2FARGJ27YB6HB,0,1,0.0
A1P6HMF3876Z8P,0,1,0.0
A2UR1OUGLYWJ6S,0,1,0.0
AT4KBG3R728L8,0,1,0.0
A27TJYR08FGCM,0,1,0.0
A1AA9SKVKUTJ3H,0,1,0.0
AZ35JLUXSV08E,0,1,0.0
A1P9LSP8PK9FOX,0,1,0.0
AL925GI83NJSG,0,1,0.0
A42TAR55F3LTS,0,1,0.0
A3MFX6X10LAWGL,0,1,0.0
A2Z4W5JX3R4D7L,0,1,0.0
AAVSL38E1GU2L,0,1,0.0
A2H1T6VE1TOHCR,0,1,0.0
A2CMY82W0L2TXH,0,1,0.0
A196D8WNI6JXBZ,0,1,0.0
AHWLPKVOV84U9,0,1,0.0
A3LB1B61S50FEK,0,1,0.0
A3630Z6584GCOS,0,1,0.0
A1FUCW44ZIEHQR,0,1,0.0
A1FTH1S3RU1XM6,0,1,0.0
A3B6R766FEI4AD,0,1,0.0
A2LKSAOPWU6MKC,0,1,0.0
ALY2N0T7Z3VRL,0,1,0.0
AE7ZCUUEMWGFZ,0,1,0.0
A3J994FVYOM3Y4,0,1,0.0
AO5QBNCXTVSUQ,0,1,0.0
A3NUQ5C61CTK4E,0,1,0.0
A2RJRDQP9UU6E7,0,1,0.0
A1KYN54PO33SRM,0,1,0.0
A339VQ2QZQD3WK,0,1,0.0
A3K97RXL1J3CQ5,0,1,0.0
A4HVZEGJORF4Z,0,1,0.0
A2O2TMGV7XIPBG,0,1,0.0
A2E7FCYIPTT4DF,0,1,0.0
A2W4GRVON8APBU,0,1,0.0
A3N1M1L9A1NY2G,0,1,0.0
AKAMPNA389X6O,0,1,0.0
AK23S56B6O5D9,0,1,0.0
A3OBQYGOU05960,0,1,0.0
A38S9UIL0GT46R,0,1,0.0
A2OWOPUH3JJ862,0,1,0.0
A18FO6832LOCKS,0,1,0.0
A2M6JXJ94DS4YJ,0,1,0.0
AM3FNVNAKXAF6,0,1,0.0
A7ZKJ86MUO5JS,0,1,0.0
A2VBOW7BLMTC8Q,0,1,0.0
A1FSOA0CHXV3MM,0,1,0.0
A2WGQJA3TVVECO,0,1,0.0
A2WO1AMGXON0QH,0,1,0.0
A1FZ7YLTVGZ1A4,0,1,0.0
A3I38VP7ZNCKM9,0,1,0.0
AU6T5D5O0H3E0,0,1,0.0
A23POIY70CF297,0,1,0.0
A38R5LMQS7LP4,0,1,0.0
A22XR3XKIL7BK8,0,1,0.0
AVR7XAXTFT3K9,0,1,0.0
A3TLWU6RHMKFMT,0,1,0.0
A1ND6P02OFUXP1,0,1,0.0
AIZLNGBECYQMN,0,1,0.0
A2424YRQZO9LE0,0,1,0.0
A3EKPJZT9STBUD,0,1,0.0
A3R1LZMZN1BD5U,0,1,0.0
A164B091QEZH56,0,1,0.0
A3980WMG4W2QED,0,1,0.0
A1XF31HQFYJ1PQ,0,1,0.0
ARDNFF5F8B68Q,0,1,0.0
A1K323WRUBGWC9,0,1,0.0
A1AYQUCG73HKA,0,1,0.0
A16E6MN3K2K25G,0,1,0.0
AY1KVUBYAFQJZ,0,1,0.0
A2L7WYA5OENV03,0,1,0.0
A2KTI1N6A8E37I,0,1,0.0
A3AQOIFJ13G0F2,0,1,0.0
A2K767PO8Y3944,0,1,0.0
AS2ARAQ2N857W,0,1,0.0
A2T4KPVN5XQ5V6,0,1,0.0
ALEG9QCIUWK81,0,1,0.0
ADFKQEK4TP0TW,0,1,0.0
A28U0AZP6A3NQL,0,1,0.0
A2USCSEPARB0H0,0,1,0.0
A1WOXSF82Q5DOM,0,1,0.0
A1LK5QH0EYEGM2,0,1,0.0
A28RDXPO4HK5ZF,0,1,0.0
A14VAT5EAX3D9S,0,1,0.0
A18A43JT24I2G2,0,1,0.0
A3ABFLYV1Y24Z8,0,1,0.0
A1Q7XHSJ9F76I6,0,1,0.0
A3XP79CF1HOVM,0,1,0.0
AQE5DUAHBG34S,0,1,0.0
A9W2CF4Y7W790,0,1,0.0
A3O0BNG7D76BAD,0,1,0.0
A16NVHD01VD0OO,0,1,0.0
A3TFNUO6A9CY7T,0,1,0.0
A35X2AUUX1NO8I,0,1,0.0
A3QN5PCFZYOHHI,0,1,0.0
A3MWB1V96BE3LC,0,1,0.0
AJ29ASQPZAEVZ,0,1,0.0
A2VGH1NM7L5JUZ,0,1,0.0
A2K9BZPOPPS0L5,0,1,0.0
A3GAHSKFONFZRR,0,1,0.0
ALVGZZGISIROG,0,1,0.0
ACKRS3SSRUWDR,0,1,0.0
A31HJMR8S7OI9V,0,1,0.0
A27ZHAM77ZJUZ3,0,1,0.0
AH5Q5ZFG54E96,0,1,0.0
A18TRCSB0YO78B,0,1,0.0
A3APYWFBBRANU3,0,1,0.0
A1DQLEO0E3U9CV,0,1,0.0
A8XBVAXZ4ZLKJ,0,1,0.0
A3NPZ24PG7U7VU,0,1,0.0
A22CFT2CFZC24Z,0,1,0.0
A36EE7VSYZPLDC,0,1,0.0
A2M9NIJ88RM4IQ,0,1,0.0
A37E989NZ2JAJ0,0,1,0.0
AL1P2YLM5DJD9,0,1,0.0
AG507BWAFAO50,0,1,0.0
A35OLQS0B4PUWV,0,1,0.0
A23COTZ159C7E5,0,1,0.0
A2YCT7G3HKOJJ0,0,1,0.0
A2DKVF1SS3YAHK,0,1,0.0
A2P1T6XU32PGL,0,1,0.0
A19H8SQC5NI0YB,0,1,0.0
A38IEU7EV1ORQL,0,1,0.0
A2JCCDGEMNTR93,0,1,0.0
A3V0NS2UB8H0BB,0,1,0.0
A14TIPMVK2NXBC,0,1,0.0
A358U1JEA514P6,0,1,0.0
A2CLBKNPB1EK0V,0,1,0.0
A2YYX0UOJDYPBD,0,1,0.0
ASPU6ADKLXPRT,0,1,0.0
A1ITOA9M7TLVKA,0,1,0.0
A3N0HN4WLGP62T,0,1,0.0
A39EEI8WLCVVAJ,0,1,0.0
A3FZC71CGQNMOM,0,1,0.0
A35PIJ9XIK1QDG,0,1,0.0
A3PMX751MDK3AC,0,1,0.0
A1VRDOIPOIVOQY,0,1,0.0
A20Q8LGFAKG5KR,0,1,0.0
A1BSS1S9NYTEYB,0,1,0.0
A2YLHJD0GC77J9,0,1,0.0
A1A7HRQ3TZ6ACA,0,1,0.0
A3IR5HRM2K58TW,0,1,0.0
AXRUQR9G623OS,0,1,0.0
AEOO3M4PS72NM,0,1,0.0
A342LSQCE5UESO,0,1,0.0
A1JBJ9BMUTOJ7P,0,1,0.0
A2Q0Z9FSVR3XTS,0,1,0.0
A34QGASOS933XG,0,1,0.0
A13QDKVQGRNMAY,0,1,0.0
A2M05B0RLE1115,0,1,0.0
A1FBFPSDBHA5GM,0,1,0.0
A2CHQ0T21JIZ10,0,1,0.0
A1P55MC9DJZ79V,0,1,0.0
A3MMDL4UP9H9L,0,1,0.0
A1W1Q7V6D38SNG,0,1,0.0
AQ5QUFT0D6RCM,0,1,0.0
A13WMC6L7CYJY,0,1,0.0
A3T9B1YISRJMMI,0,1,0.0
A1XNLPS6FB1VS9,0,1,0.0
AFOPIBDOIDIG5,0,1,0.0
A6MZY30UK8FZ4,0,1,0.0
A3769JRQXK31M8,0,1,0.0
ACXPRSPIVAS6H,0,1,0.0
A2RPRWKVCY13FI,0,1,0.0
A1ALIH2Y62LO4O,0,1,0.0
ARDNBELWO5NZ3,0,1,0.0
A1DEYPNGX8PGSD,0,1,0.0
A1QB6HPF3CNIOQ,0,1,0.0
A2BH9FCEESTK63,0,1,0.0
A13D89IFXE9UFI,0,1,0.0
AI3QWUBQFVP3M,0,1,0.0
A20CDUXNLW7XLS,0,1,0.0
A26SQDIKMCIIOF,0,1,0.0
A2213RCKJC30KD,0,1,0.0
A1S502VSX6P0J,0,1,0.0
A167HY16B0J4WV,0,1,0.0
A196SEEGLL4OGD,0,1,0.0
A3UBYYUZQHN7RR,0,1,0.0
AA80FVLRVRBRM,0,1,0.0
A2QKEU7GJSD6FN,0,1,0.0
APLOH4IOOBJOI,0,1,0.0
A3RSVR9ELA3U2E,0,1,0.0
A1QCGY3BVYRX21,0,1,0.0
A3T4Z1IBRLEL88,0,1,0.0
A1VGSU0YVQNMX,0,1,0.0
A1WMON6OV8RK8X,0,1,0.0
A11UHWNZCRMMZL,0,1,0.0
A2X005PTEXF08S,0,1,0.0
AT5QV6L9HXISY,0,1,0.0
A1T3D23WBJ9IQK,0,1,0.0
A31N1284OQUN61,0,1,0.0
A39EKY30J4BZMQ,0,1,0.0
A1HGCXCO0PHOFB,0,1,0.0
A124S43ESZI5VA,0,1,0.0
A1YGKHITRAFDKG,0,1,0.0
A3BPC6BY3LB1W9,0,1,0.0
A12CJQP7CXTRPB,0,1,0.0
A2JR10TRIJXJ3R,0,1,0.0
A2138FRQFLH3G3,0,1,0.0
A7O7304QL7K7B,0,1,0.0
ATET3UCACOMAS,0,1,0.0
A1A3LRH05PKTBD,0,1,0.0
A22ZNMEVMP660Q,0,1,0.0
A16UVP57IFSKM4,0,1,0.0
A3FA3C83G0TV2V,0,1,0.0
A332ZFX8S3A155,0,1,0.0
A2Y3F3C8N63JD7,0,1,0.0
A3IZXJRV8RHUQC,0,1,0.0
A1BQ0GQO5VTP3D,0,1,0.0
A250BR9RFSA8DZ,0,1,0.0
A1TU14E2BD9AXX,0,1,0.0
A5GGNXJS00EM8,0,1,0.0
AQNPL942Z64BA,0,1,0.0
A38EPIQBBOSTOS,0,1,0.0
A39MYHVEU0SZM,0,1,0.0
A11WYHDB1YEZOX,0,1,0.0
A3S86II8A99U86,0,1,0.0
A331YUZJRQ6X3W,0,1,0.0
AWX4JLXCNRK9L,0,1,0.0
A22Z4F38GJ1J7P,0,1,0.0
AFNQ627UCEQH1,0,1,0.0
A2K9WH9O6NCXF5,0,1,0.0
A9RTRKZM3IEOY,0,1,0.0
A3F64EXUHBLTP6,0,1,0.0
A7HCFR8M45HFL,0,1,0.0
A365A90ZY1Q80T,0,1,0.0
A198M311Q3VRYF,0,1,0.0
A1JF0CWQ64KOSJ,0,1,0.0
A13JP4NNHYMLYJ,0,1,0.0
A3JZORIWCLAS6P,0,1,0.0
A3SXYB8JPQ44LN,0,1,0.0
A11W7GGC7PO28B,0,1,0.0
A1OZAYRJQAERTK,0,1,0.0
AEBDPHCCG6TO9,0,1,0.0
A3982CFMRCT3BG,0,1,0.0
AUBJ2NWYA97HY,0,1,0.0
A1QK1NKI7B27MR,0,1,0.0
A27M2QO62KOEPT,0,1,0.0
A2RVULTBUEVRIC,0,1,0.0
A12DN7TAI020H2,0,1,0.0
A19Q3HK34DR5H7,0,1,0.0
A3IWZ99KRTRK2R,0,1,0.0
AV2MMKAUI8QBC,0,1,0.0
APQRGQLWZI4LM,0,1,0.0
A1M6Z0NSZJB8AM,0,1,0.0
A22H5UMEDSV8K5,0,1,0.0
A3OPQEQPRNW79G,0,1,0.0
A38QEATH3NODFM,0,1,0.0
A3352XH8HO681W,0,1,0.0
A3P3UJZF2NEHC4,0,1,0.0
A240DGBCTVRB1W,0,1,0.0
AFUGQP2NS6IMD,0,1,0.0
A3C3JA161N7VX7,0,1,0.0
A2NK8U95H5L4VD,0,1,0.0
A31XF50SK13JUU,0,1,0.0
A13IEAQ1T6PT98,0,1,0.0
A8OFN5T8D1JHG,0,1,0.0
A4R0K0K8OWHYB,0,1,0.0
A33W69G5FMVSE2,0,1,0.0
A3N3LPHLB7V9NV,0,1,0.0
A308JP3BK4VAL7,0,1,0.0
A20D2Y5FUVH74A,0,1,0.0
A1G4F42BD82FSN,0,1,0.0
A2B9OCYV48AMKC,0,1,0.0
A1YAMTYPO12XJ6,0,1,0.0
A2J8SD3VYCPODJ,0,1,0.0
APLIQGV6ZSMA1,0,1,0.0
A10BE5PNDI5EWG,0,1,0.0
A2054C9V2JCQGW,0,1,0.0
A2QOMCRWX9DUVQ,0,1,0.0
A16QXEPKD4L3YD,0,1,0.0
A3BJ2MFE8LZ8Y5,0,1,0.0
A2Q9ORIBPMCZ40,0,1,0.0
ARZBTTBLIVS24,0,1,0.0
A9BKB4OAEJ8X2,0,1,0.0
A2AW0SSI0MQ40J,0,1,0.0
A3CFSH6OQGEN7R,0,1,0.0
A1795N8UEAGJP8,0,1,0.0
A1URZMYX7LYOGI,0,1,0.0
A3D1WT0CA6HD0B,0,1,0.0
A1RFYCAU6YXAUM,0,1,0.0
A24CB38BNUDF5A,0,1,0.0
A2ASFQDIEBK6DP,0,1,0.0
A1K5BHC4LS2XWY,0,1,0.0
A1NKLL1D1XVQ00,0,1,0.0
A53LYHZR1J8OS,0,1,0.0
A1TWIBR6MW6Q96,0,1,0.0
AHVHP0J5Z00EC,0,1,0.0
A21VLW9HNPLD0N,0,1,0.0
A206KRB8AGKCJD,0,1,0.0
A2T89J6UK5IC5A,0,1,0.0
A3N5WP36O2IQBY,0,1,0.0
A1MW1XMP2B5OCH,0,1,0.0
A4VM54X0QV30W,0,1,0.0
A19EVWARPV18L8,0,1,0.0
A3CZLCXXJ1VAHY,0,1,0.0
A2L22QCL5SP037,0,1,0.0
A3N3W4ZZ8JS8L3,0,1,0.0
AARZIUBJKKQPQ,0,1,0.0
A3V6NZYJGS5UAK,0,1,0.0
A2ESPRDOTL01O7,0,1,0.0
A1MP1A2AIQX9W3,0,1,0.0
A39W42R8ATQ8V2,0,1,0.0
A1DJ0L4BKHAHM9,0,1,0.0
A1KRCEFIATTF8L,0,1,0.0
A26F6T4XWJVZQ2,0,1,0.0
ATR2QH9XSJ5GF,0,1,0.0
A2ZECYNBMKNY78,0,1,0.0
AER38WSDYO72S,0,1,0.0
A2QSTT1N2WAFKG,0,1,0.0
A18F4NDM538NH8,0,1,0.0
A1UEE2X9TH9EU,0,1,0.0
A1E37TC3CQZGKT,0,1,0.0
AR3S87A99KL9M,0,1,0.0
A2AMXIGL556D07,0,1,0.0
A1WVR1PC0QKMRG,0,1,0.0
A1MYFF3HROSSAU,0,1,0.0
A3V772MIKBBETE,0,1,0.0
A239X7LCIC8XSJ,0,1,0.0
A3QODVJ5K4QAWZ,0,1,0.0
A30L1BE7U9WL2I,0,1,0.0
ASCE5545RQ01I,0,1,0.0
A3NBXTHSZ156XP,0,1,0.0
AQRZ0A75053WY,0,1,0.0
A215XOSN9VQLQH,0,1,0.0
A28V9F072E0SGY,0,1,0.0
A1866QAST4YXJV,0,1,0.0
A2QS9242KCRYPY,0,1,0.0
AFZL13QCWF7AS,0,1,0.0
A34PW8LIMBOY9J,0,1,0.0
A1ELE99SXM1D2R,0,1,0.0
A3V8P0O224OBDB,0,1,0.0
AT06IH6MT1G84,0,1,0.0
A3V8SZGX4VHDK9,0,1,0.0
A1T7I6ILKP2F5D,0,1,0.0
A2WH4JGAKXOYMJ,0,1,0.0
AYVTL1U7FEG00,0,1,0.0
A274Z8ZM7ZT1MV,0,1,0.0
A3HBZOPOJFVV8Z,0,1,0.0
A10KGRO01ZOXK5,0,1,0.0
AQKBRTRAQU80N,0,1,0.0
AJ36VJHN8B9XY,0,1,0.0
A1NFR6I9KSUR6M,0,1,0.0
A1DL03XK8YSB58,0,1,0.0
A3KVCK2EGBTJKY,0,1,0.0
A2E30AV53XVK1D,0,1,0.0
A31K6XBC9DQWN,0,1,0.0
A3N7GBJ5NC8RUC,0,1,0.0
A1N1BRJR4P29IX,0,1,0.0
AZJREO7ZSD5BB,0,1,0.0
A25AECI7WXJU2M,0,1,0.0
AX3YE01Z0T6BT,0,1,0.0
A30JQO0QLNDG1D,0,1,0.0
A1AQ84YBVRAI2Q,0,1,0.0
AI161PX1MPODJ,0,1,0.0
A3LTS0Y25P9V88,0,1,0.0
A1RMOREQJ8KNWW,0,1,0.0
A25QRTIF9QA7KO,0,1,0.0
A3HX2OHUEFX4HQ,0,1,0.0
A1GHV5ZGH5U5I7,0,1,0.0
A2P4620BCU0558,0,1,0.0
A3MR4QBSYAKJ6C,0,1,0.0
AES62N9JMEF8O,0,1,0.0
A10NR1JXIFZYLC,0,1,0.0
AMWFNF7Q64L9K,0,1,0.0
A34XJ387UFHCCR,0,1,0.0
A28X8OSUDWMH1X,0,1,0.0
A2C247NHT2WZIZ,0,1,0.0
A2306N21IQL8BR,0,1,0.0
ACV0DOQBKUH4O,0,1,0.0
A2O41CV6GXOJPG,0,1,0.0
A2WLA2JUPM0ED3,0,1,0.0
A2HMIKMPCZYCJ5,0,1,0.0
A39U7CYRJGN71Y,0,1,0.0
A2Z8ZU2FQ8R5Y6,0,1,0.0
A2NVHN96EI2SAV,0,1,0.0
A3T1GBLPD4I6GH,0,1,0.0
A1R0V0TRSQPAJ8,0,1,0.0
A2ZH26QW2ZPK2C,0,1,0.0
AUT43EX76LS8J,0,1,0.0
A1U0QKJ52MSS56,0,1,0.0
A2QT3TUZKVW5ML,0,1,0.0
A2M0WUJGXPIHGH,0,1,0.0
A8M84NBNEWD08,0,1,0.0
A1K6YT3IW75ID6,0,1,0.0
A2DGJOP4PASFZQ,0,1,0.0
AXKT39QI66CY7,0,1,0.0
A5TD6SGRF5786,0,1,0.0
A1DEKVS053ZW0,0,1,0.0
A2BGIDLFOT84JU,0,1,0.0
A2YM9OX2D5LSE,0,1,0.0
A38VL8GYG7H6RN,0,1,0.0
A2RZVD8A0T6ZF1,0,1,0.0
A28D486TE26RWF,0,1,0.0
A1PAFFE64PGY99,0,1,0.0
A1WWZXNOXBCIMN,0,1,0.0
AJ3XED46BCQL9,0,1,0.0
AQHCQ1ZA717U7,0,1,0.0
A36EWFSZD2Z6X5,0,1,0.0
A4SOQCD2P0N0R,0,1,0.0
A2YWY9BZ9KRDR,0,1,0.0
A2UIO8RXYYT6MR,0,1,0.0
APSLFVQALWV65,0,1,0.0
ALFNK2WHIO8XR,0,1,0.0
A13E2O57POISO7,0,1,0.0
A28LVHOJP8PMCN,0,1,0.0
ARKL8PLBDB4T5,0,1,0.0
A1WB2D6948Q8NL,0,1,0.0
ACLOZB3K7EUCL,0,1,0.0
A3KM9UA6MAVURN,0,1,0.0
A1IKGX90O0HY9W,0,1,0.0
A2FY4H0NI517WE,0,1,0.0
A23DXSEI0TEXL8,0,1,0.0
A21JTG7N83N0YP,0,1,0.0
A36ZWTPNXUWNLZ,0,1,0.0
ALF5KJPDFHLEX,0,1,0.0
A1F7SX3GNVBNE3,0,1,0.0
A216VDO5BCPX4X,0,1,0.0
AJ40PN4HY4Z0I,0,1,0.0
A3R3ZRHXV3BXXQ,0,1,0.0
AOI81AB9625WK,0,1,0.0
A2N54ZFUSS4A4W,0,1,0.0
A1RWBM4AKQFRQK,0,1,0.0
A2F3NG6RUGZ5K2,0,1,0.0
A5UG32NSZEL30,0,1,0.0
A30DNUNVTNHVYK,0,1,0.0
A287VIG5J2SQTX,0,1,0.0
A1W3XZV49U2DKR,0,1,0.0
A3AE0LPHB7PM3M,0,1,0.0
A165V5XOD0LNSR,0,1,0.0
A351HF8KZVLRHN,0,1,0.0
A2IKA7KVW5FEAC,0,1,0.0
A13UR3BO2I06WM,0,1,0.0
A1AU12CZ4G4DWC,0,1,0.0
A3AWQ0KN8681FH,0,1,0.0
A899KWJ99OW4D,0,1,0.0
A43ATVS5VPJKB,0,1,0.0
A1KHIYHBMTYLB2,0,1,0.0
A1TF9EYT8FEPZP,0,1,0.0
A3UQGBOPPQ9F4O,0,1,0.0
AO8RJE8TIFJZA,0,1,0.0
AJGVMFBYDA4K7,0,1,0.0
A2F3YDC2PKGA52,0,1,0.0
AA0WSIDW7YNHI,0,1,0.0
A3LSLLR3OAJI7Y,0,1,0.0
AKGY8D4J1TIAX,0,1,0.0
AQM9CPBRYW3PL,0,1,0.0
A31DIPWS4RP3J7,0,1,0.0
AHQ4S49YMAYSI,0,1,0.0
A3T8XGEOFSU5UI,0,1,0.0
A12EZMJO8APZJQ,0,1,0.0
A2LRIURBNT9IDF,0,1,0.0
A2I6K9Z94LDA78,0,1,0.0
A3587DRF68URDU,0,1,0.0
AGF6MOOI4225M,0,1,0.0
AES94FXOUTHMB,0,1,0.0
A290DE47S21S5Q,0,1,0.0
A3HMJJ5T9GQY1V,0,1,0.0
AFG4D2RELLZZI,0,1,0.0
A37LBY44GNQI51,0,1,0.0
AVW1IPZBGJ4YD,0,1,0.0
A3CH4MIJPZUOBU,0,1,0.0
A1C6RZZ4BJBTQN,0,1,0.0
A154IITKB9DL6I,0,1,0.0
A1KA9GM8QCX80E,0,1,0.0
A27GY4I2FJPK2U,0,1,0.0
A3PQHS6R9WKVA9,0,1,0.0
AWOENK6Q1WJ70,0,1,0.0
A2U5HFDRMADQDB,0,1,0.0
A13TDBULHW91RK,0,1,0.0
A30E9ISJUEZ96J,0,1,0.0
A10S9NK38WEQ65,0,1,0.0
A3R8KVIU7VPUST,0,1,0.0
A3OU9P0YR8W7VS,0,1,0.0
A11DQ7P1RID4ME,0,1,0.0
A2DJKLXQLWR440,0,1,0.0
A3SDEZYAEY4AQX,0,1,0.0
A3SZEYY6ELTTJK,0,1,0.0
A3AU51R4MOTN55,0,1,0.0
A153ZGL6N79SK7,0,1,0.0
A3EZAA4F1UY1FM,0,1,0.0
A1H83ABIZ7Q05J,0,1,0.0
A2U3PPXI73BN96,0,1,0.0
APTCHDEWTLVTD,0,1,0.0
A364XVYQX9N4FE,0,1,0.0
A3TGW1OJUDVNVS,0,1,0.0
A29HJ7V8LS8LYS,0,1,0.0
A2DZE219Q98EB2,0,1,0.0
A8EALICITYTVX,0,1,0.0
A30VX6KH8RZS4R,0,1,0.0
A12NY7SQBLALT5,0,1,0.0
AWONXK9THB0J7,0,1,0.0
A71KB54J4IKU0,0,1,0.0
A3HWQ1J6KI1JP0,0,1,0.0
A1XRMV275PPNLA,0,1,0.0
A2P8VIX6WRANZP,0,1,0.0
A3P80NY5BNL418,0,1,0.0
AUQBS4XALH5LN,0,1,0.0
A7JJ3MTS8TAUG,0,1,0.0
A2W1S97NCY0VWD,0,1,0.0
A29N6KX6PCN26H,0,1,0.0
A2XN2L0AFZ0PLG,0,1,0.0
A2H9DLPZY8AJNY,0,1,0.0
ARYULZM7VGXHM,0,1,0.0
A3SSWDB9F7LPCG,0,1,0.0
A3LQ4LK4GVLU0D,0,1,0.0
A1W83IBE9GWI87,0,1,0.0
A1IMNTU4O2VXV0,0,1,0.0
A1KW7SH29NJ1IS,0,1,0.0
A3L6O8HKTGG9VE,0,1,0.0
A1GVRXQNVAFGO1,0,1,0.0
AIM5EDU0UAY4Z,0,1,0.0
AY4DHL7PFN6M0,0,1,0.0
A1NGUBUZTC09TF,0,1,0.0
AMHPDFQDPB1M7,0,1,0.0
A28S7WBES96106,0,1,0.0
A8AO9Z7V3SCIS,0,1,0.0
A4RSDNO8QY35N,0,1,0.0
A2NMNIQLTP01CA,0,1,0.0
A3UN01P1W379C3,0,1,0.0
A3VDJOQI6643D4,0,1,0.0
A1GDUX3Q764V2S,0,1,0.0
A3I1LYDUSZSGUY,0,1,0.0
A1KT0CU3QN3HXU,0,1,0.0
A2T9E9RPWGBH96,0,1,0.0
A3NYBI5VMVEEIK,0,1,0.0
A2EPHKB79G8XAL,0,1,0.0
A3TV4MVPQP7M4Y,0,1,0.0
A22ASDZDGMPBEZ,0,1,0.0
A25AY5KWVWF4R4,0,1,0.0
A1LPNYQK6RJ49W,0,1,0.0
A20FR4GDESILPA,0,1,0.0
A3VCACVA90GFT,0,1,0.0
A2J26NNQX6WKAU,0,1,0.0
A10EZ3EJY8G7G5,0,1,0.0
AWVVOFZ5BS1SO,0,1,0.0
A3SNXW2VFQ6EQD,0,1,0.0
A1SW7P73Z8BUUJ,0,1,0.0
A39T79ZGTDV1C7,0,1,0.0
A147I3OUHEPT8U,0,1,0.0
A1P4E6T04Q1TG4,0,1,0.0
A283X4O3JWU7LP,0,1,0.0
A1A219MG5KOKIF,0,1,0.0
A33AJ1MSMEIA3C,0,1,0.0
A1WOPEBKTST6TV,0,1,0.0
A2NPZW0MXZVKPZ,0,1,0.0
A85PGE2FRU7J8,0,1,0.0
A36M4R7MXE5EFD,0,1,0.0
AAU0SFEEHPUED,0,1,0.0
A2UXCJHEOD9SC1,0,1,0.0
A3D1J3L5YEZH90,0,1,0.0
A1TE8UXFDVI7ZN,0,1,0.0
A1PVB6CEXP5M9S,0,1,0.0
A3HCG8U4ATKXG4,0,1,0.0
A1GVK810E8LVBC,0,1,0.0
A1OJ5BXJBBUUL7,0,1,0.0
A35O8UUCUF78F,0,1,0.0
A3TMF8E4YQFIH8,0,1,0.0
AGCQY1LAZ3NW2,0,1,0.0
A2L1J72G3YW89V,0,1,0.0
A3BJA6RB901DU3,0,1,0.0
A1VRA22RTVLN2,0,1,0.0
A3ROELHHTEZLMX,0,1,0.0
A330M90TY3AKP7,0,1,0.0
A3SBTW3WS4IQSN,0,1,0.0
A10B4QUXAHU2TW,0,1,0.0
A1LD3TWO6S695J,0,1,0.0
A2DVIY648U293E,0,1,0.0
A2EMKC5VI5MZXB,0,1,0.0
A2FLNQJM3QOCEC,0,1,0.0
AAG7VAB67Y47Y,0,1,0.0
A2VC88MM8BZ452,0,1,0.0
A2BZ7MYTSNYMEW,0,1,0.0
A1T9E0H192HPKB,0,1,0.0
A2KNUQLHRCK5F2,0,1,0.0
AYQE71DM3U093,0,1,0.0
A2IQTGLZ3PIWAM,0,1,0.0
A2HTR89968YOXA,0,1,0.0
A1B9GMSUWE6QVT,0,1,0.0
A3ACGIYNMBWGW1,0,1,0.0
A28ADG2Z4QEVTE,0,1,0.0
A15Q4EKG4Y9HH6,0,1,0.0
A1FTF7K2ZH21PB,0,1,0.0
A31FH6VPXY3YCP,0,1,0.0
A1V5M5ENS5YBK9,0,1,0.0
AEAYQJZD5K0IZ,0,1,0.0
A16NLVVDH53YXL,0,1,0.0
A1YNXD0PW9ZYO8,0,1,0.0
A18RGYRCEN181M,0,1,0.0
A2449ZFVFNX0WO,0,1,0.0
A318JXOPGBBDPE,0,1,0.0
A14TJSEED0J63F,0,1,0.0
A3P0UPCQC7BR0R,0,1,0.0
A1SRKWVF4K6ZQF,0,1,0.0
A2UQUJWVY2L5TQ,0,1,0.0
A2I8CEEHNOXKO2,0,1,0.0
ACF5TTRUHTJIJ,0,1,0.0
A3RX6RA5WURQJ5,0,1,0.0
A2KIU9UIY5XTB2,0,1,0.0
A3K31WDCP9J2SC,0,1,0.0
A3FTTCWY67R5O7,0,1,0.0
A1N5X627YR1WQH,0,1,0.0
A23H489JIZDWGG,0,1,0.0
A3PI5UWQK3P659,0,1,0.0
A26C2PU4N7JX8H,0,1,0.0
A3VFR3DU6D8W7E,0,1,0.0
AYIJLVURX3QO,0,1,0.0
A2NQTZEM32F9H6,0,1,0.0
A2HGVGBEVX1XE,0,1,0.0
ALNM6SLBJSBBQ,0,1,0.0
A1QH4Q9BATACFS,0,1,0.0
A3AD0K95CHD0JJ,0,1,0.0
A1XXAYC0ORYVOJ,0,1,0.0
A1LAYBBB1LLQ87,0,1,0.0
A3545LP1ZS00TN,0,1,0.0
AUYHXISW4P6XV,0,1,0.0
A9160ZNKW176Q,0,1,0.0
A2EQ8GHKXEF141,0,1,0.0
APQUBV1HRO5QU,0,1,0.0
A2DBIFTY6CYIBM,0,1,0.0
A1BKI0FLL1G5R9,0,1,0.0
A2RKJQ1GFZLJFQ,0,1,0.0
A1S7MDFOUTFR2F,0,1,0.0
A2O6I424ULQ7QB,0,1,0.0
A2L6T5ECQVCN8D,0,1,0.0
AAAFFVZC2FCG8,0,1,0.0
A343KS12TIHHTC,0,1,0.0
A17ES5MB6H4WTY,0,1,0.0
A3J8G09MLB4YHY,0,1,0.0
AOFYOL08MJDJS,0,1,0.0
A3LJSX6TD7PY4I,0,1,0.0
A3CQAN96YXZ9U1,0,1,0.0
A3LO1K2IV0KGO5,0,1,0.0
ARTD3JJCN9R5C,0,1,0.0
A1QV19AQ80YTU2,0,1,0.0
A1HXS8O8T5TH31,0,1,0.0
AVX9Z96Q17OCQ,0,1,0.0
AELKG7P19LYHA,0,1,0.0
AE9Z0T5VCMESA,0,1,0.0
A3T8TV7DCNXGX5,0,1,0.0
AOI15M1DOYHHV,0,1,0.0
A23NR7891PY2P1,0,1,0.0
A1QW0WFCTLSTI5,0,1,0.0
A39KGEZEGOLVBW,0,1,0.0
A2A4DJHAVP1QQU,0,1,0.0
A2BBZGVLEGIAVN,0,1,0.0
AJKNXOQIBMYEZ,0,1,0.0
AC60HVSSKPWEB,0,1,0.0
A2GL8Q4NAKK1DB,0,1,0.0
A2MGSG2JYJVR6I,0,1,0.0
A3MS1B2NBKZJNT,0,1,0.0
A2P0EJ47SRZ10B,0,1,0.0
A2T24N91NOC27H,0,1,0.0
A4Q65S8MUUMY5,0,1,0.0
A25PA11N3JWBIH,0,1,0.0
A1F8SCV9CB00IW,0,1,0.0
AT0HNPNF5WMR6,0,1,0.0
A247QA0CP7LAG0,0,1,0.0
A1G5UT9USR9JIL,0,1,0.0
A23Z8QC9QT85K8,0,1,0.0
A4F9T7K5B5AKK,0,1,0.0
ANG3S30XQ0BFM,0,1,0.0
A3EGZ6NHMB6QWN,0,1,0.0
A2X82DNFSIKWYY,0,1,0.0
A33SG2UA24DJ9P,0,1,0.0
A1TJT15JA43R1W,0,1,0.0
A1WJ2ERM566W2L,0,1,0.0
A31LX0K4MEAYK7,0,1,0.0
A336FCPK8ZVMYT,0,1,0.0
A1FRWYX2VRX3QF,0,1,0.0
A324K5P0SHBMSY,0,1,0.0
A2NSK3LSXZBSVF,0,1,0.0
A16Z2SSH1G2931,0,1,0.0
A3EQMYM2D9A0QD,0,1,0.0
A2YF4URKFGNEEV,0,1,0.0
A35ICSOCTCOVI6,0,1,0.0
A2N5IRY6FAB5GV,0,1,0.0
AUREJ50XIHEER,0,1,0.0
A29ZG8IHLO6F9R,0,1,0.0
A3V0PEIMOBU8H5,0,1,0.0
A1UYOH4WD3JX48,0,1,0.0
AKZRG5WSSXT3B,0,1,0.0
A2J08TRRKF0V3M,0,1,0.0
A365FZ1L1M0YZK,0,1,0.0
A2DBAMGJZYH6NI,0,1,0.0
A3O72DJ2MQ8930,0,1,0.0
AHCRMQF0LPV81,0,1,0.0
A3MRBEZTRYUBWM,0,1,0.0
A1C9MTTMKI7NBN,0,1,0.0
A38CMGE13AYG6M,0,1,0.0
A186TVLL333OW9,0,1,0.0
AMEYGLCD4PFKQ,0,1,0.0
A2C34XK49VK1IW,0,1,0.0
A1QUXY27KPTVGV,0,1,0.0
A1KABHFJ2YBS5C,0,1,0.0
A2MDMNAA58AM55,0,1,0.0
A1O97JFWDE81LX,0,1,0.0
A36T0MYKF1TTUR,0,1,0.0
A2VNJ8FNOD62W9,0,1,0.0
ADIEIQTLKI89V,0,1,0.0
A38UTTLBZUEP3F,0,1,0.0
A1SCSDOPGFKT22,0,1,0.0
AT13SX4Y9GPXK,0,1,0.0
A3ESPB9KIXW0LZ,0,1,0.0
A9HR1VAVA865N,0,1,0.0
A1V3680AS10EI0,0,1,0.0
A1K9QPW7OHC95L,0,1,0.0
AFGTF6XOJUC8S,0,1,0.0
A3N9XYDXHU8J2W,0,1,0.0
A2DRUZAE2DULY0,0,1,0.0
A1B28FZPRF2MZA,0,1,0.0
A2NTQGX09LI49G,0,1,0.0
A1CY6RGVEG9XOL,0,1,0.0
A2IAMRTW4K0N6J,0,1,0.0
AFLT7BQX5ZI4I,0,1,0.0
A2KO4NTZ8BE86K,0,1,0.0
AXYN6499TOW82,0,1,0.0
A3TC5EV3EN00SF,0,1,0.0
A1QZMP1VUZ9PWP,0,1,0.0
A1DVFI6BGBIP1U,0,1,0.0
ARJQ1IX5YJYA3,0,1,0.0
A1J89Y741DQL7L,0,1,0.0
A1PNZLHBSHXDJJ,0,1,0.0
AWUCLJB7IW3SB,0,1,0.0
A2DXKX1D9FJDNV,0,1,0.0
ABZN96PUQH2WV,0,1,0.0
A1L5VZVR2Z4BPI,0,1,0.0
ARTTRRDS4T90O,0,1,0.0
A1LU5QIPA9RLP4,0,1,0.0
A3D4Y3MDRMLJX3,0,1,0.0
A11A85Z916SLHK,0,1,0.0
A3QGDEFBDG2AGX,0,1,0.0
AD2GPNMQJNV9X,0,1,0.0
A377B9WK86I75Z,0,1,0.0
A94S2Y2RON2II,0,1,0.0
A2BQTNBWIRZ5ES,0,1,0.0
A3HT7V9SDMR6U7,0,1,0.0
A3FXVBMZ32Y0SV,0,1,0.0
A15M18BY0Y5VG5,0,1,0.0
A1QHRQC1AUF4HE,0,1,0.0
A3J584XUXWACTH,0,1,0.0
A21WL37HK8ERDY,0,1,0.0
A3BK52GUVRR5QC,0,1,0.0
ASC41ECE7SQ5F,0,1,0.0
A33W1UL0U03MGD,0,1,0.0
A1FZZV7MKUE0MK,0,1,0.0
AE7V5RBBRKBVF,0,1,0.0
A3K94GILOTHNDL,0,1,0.0
A2D91URRGY9ITT,0,1,0.0
A1VWHAGB0F89OK,0,1,0.0
ATDEEQHTV3PD0,0,1,0.0
AJCAVTHZFM0J3,0,1,0.0
A131EK7QBO1PBE,0,1,0.0
AEKID8YBJSV8K,0,1,0.0
A3FTXHHJFX62FS,0,1,0.0
AUSWLXSORY1X6,0,1,0.0
A1SDJWU28LDH13,0,1,0.0
A10U3785QY0BIN,0,1,0.0
A36BYUUDNFMMJI,0,1,0.0
AUMP63AH52BUQ,0,1,0.0
AN07AB5HE4U5J,0,1,0.0
A14KIKKVC2HVRS,0,1,0.0
A1BNSBYFLKGR06,0,1,0.0
A1WNN354EEXRQF,0,1,0.0
A2PQRC3DMESIWF,0,1,0.0
A3OLNEGDP5UGGL,0,1,0.0
A142B32XNL4ATO,0,1,0.0
A22Z2PGZ3ZUEMP,0,1,0.0
A16PMQP17VCNRG,0,1,0.0
AR2CNS0JK09ET,0,1,0.0
A3NM39O6R8H3A5,0,1,0.0
A33Z1S45LYVS6X,0,1,0.0
A1F8GOHWSB8AJP,0,1,0.0
AL1R38R4Q03NQ,0,1,0.0
A36PWO2T4N0U3E,0,1,0.0
A3OMCZ1CRVVB5H,0,1,0.0
A1G8YF5KAR1PCC,0,1,0.0
A1RB18TJUB3DJ9,0,1,0.0
A1ULAF163Z7PM7,0,1,0.0
A34MR9UNFFMWIT,0,1,0.0
A1CUNBG4XAX30J,0,1,0.0
A283X7MG53SJ9V,0,1,0.0
AUAKMD5QN403I,0,1,0.0
A185W1N5XXAJA7,0,1,0.0
A2904N7SWGKRKP,0,1,0.0
A3LISZ01VY6PI7,0,1,0.0
A2DPRU8CY3A4KZ,0,1,0.0
A329Z94PQ8SZSK,0,1,0.0
A3R5V8QZVAWU2B,0,1,0.0
A31YKTYMKAKOUX,0,1,0.0
A1J6O9EE4X4VOG,0,1,0.0
A3T8V93US6KUNP,0,1,0.0
A3TT3O6MY52E0N,0,1,0.0
A10E96GAMPIYS0,0,1,0.0
A3DN6IOE75YQDL,0,1,0.0
A2XCLHO7US1MI0,0,1,0.0
A2WQAYC0V7I6GH,0,1,0.0
A3IUYGMS1GYVSF,0,1,0.0
A1FJKFZOY6FZS9,0,1,0.0
A9NK4CE537Q0,0,1,0.0
AUS0U5KPLAAQH,0,1,0.0
A27Z5A31ADA74T,0,1,0.0
A3OVCRAAYM5BK7,0,1,0.0
A2GZ0HW54F96DQ,0,1,0.0
A26THF47ZCVUS3,0,1,0.0
A31R0Z6UJYJC2D,0,1,0.0
AD1BODIB6WLQ2,0,1,0.0
A2B54000WDS6D2,0,1,0.0
A19F4FDY84A7QC,0,1,0.0
A1FX3MLB6EEE7U,0,1,0.0
A170GY15JIVYNL,0,1,0.0
A1XTP76N1RLV8Z,0,1,0.0
A2KZD13VXVTZ52,0,1,0.0
A1P2HWSKK852U3,0,1,0.0
A1V99QLGRRKELC,0,1,0.0
A5PYEJWN7FS1S,0,1,0.0
A1NI8QXW52SARP,0,1,0.0
A2QLVIOTPGRYOQ,0,1,0.0
A22BWI5AV6V57Y,0,1,0.0
A3COOJ2OFFKF6O,0,1,0.0
A349DYY7AEJSJA,0,1,0.0
A3UNX2X3N8R5I1,0,1,0.0
AWN2SYXGWA021,0,1,0.0
A31STZHIXMVP17,0,1,0.0
A2PIX11F2XYZWS,0,1,0.0
AUL5Z2GBEJ0LE,0,1,0.0
A2O4BRCQ3CM9UI,0,1,0.0
A3BXEDV2RKHDIV,0,1,0.0
A1K44OG0GLYUWB,0,1,0.0
ACNFAOWLKCJ9Z,0,1,0.0
A148NV6Z0HM46X,0,1,0.0
AJYUFKL1YV6O,0,1,0.0
A5NNN4CXDDEYB,0,1,0.0
A3Q6V0J8NUSR23,0,1,0.0
A3VVBEKCAGIEPK,0,1,0.0
A1YQKYNNXM3PPT,0,1,0.0
A1M5FEUHT4XYI8,0,1,0.0
A1OI77YP9WGWDE,0,1,0.0
A2YXSMAP0A5TH0,0,1,0.0
AHNT7KPCYI0E7,0,1,0.0
A21OGJI2ZIGCYD,0,1,0.0
A3DT2R9QY2U1FQ,0,1,0.0
A2H9LS7M0RG92K,0,1,0.0
A8QIOZKTSQPYE,0,1,0.0
A3ENCI99UDNP4O,0,1,0.0
A3ITD2GNEMBXO3,0,1,0.0
A38CD2EO8I1WG2,0,1,0.0
AF5NGZ9YJA3J8,0,1,0.0
A3PRZ9F89UREJJ,0,1,0.0
A1EH28KHD29LVV,0,1,0.0
A13CYSZFD71BWJ,0,1,0.0
AEZG6BJSPF832,0,1,0.0
A18GAH9I8BJEY5,0,1,0.0
A1G1P3CLK0M6ZQ,0,1,0.0
A3FG23YJXY1OOO,0,1,0.0
A1X3OCFIMG1U1J,0,1,0.0
A2YDK50S4K2JCX,0,1,0.0
A1GYU1H22N277X,0,1,0.0
A1WFQPYY8YBXEM,0,1,0.0
A2NYC9OQW4KT51,0,1,0.0
APDFIJGKJPXT0,0,1,0.0
A31C14LOP2B610,0,1,0.0
A33UVKESE10H0X,0,1,0.0
A1H4WLPFV59XMA,0,1,0.0
A2KNO1OMN0SG6I,0,1,0.0
A1DRDBCYWGAG2F,0,1,0.0
A1JDXBW3ALMW7Z,0,1,0.0
A1K9IURLJHIMQY,0,1,0.0
A2AH9CMEICTXZ7,0,1,0.0
A1RV37VUW6IAZ5,0,1,0.0
A28GYEUYCEV96X,0,1,0.0
A2S3G3C84ATVST,0,1,0.0
AI01HV7G98FJP,0,1,0.0
A3LN6Z0Q7OQLGH,0,1,0.0
A2MUOH68CNKX5C,0,1,0.0
A9JRPVUF7LXJR,0,1,0.0
A2S081Y72FI34Z,0,1,0.0
A3PLJJIN80R9K5,0,1,0.0
AG365K2OBU3Z7,0,1,0.0
A1R64C6HME7LON,0,1,0.0
A32G2MFT6TQYW6,0,1,0.0
A2HRVIUB28OMJS,0,1,0.0
A2XAM27PKFKKWB,0,1,0.0
A28G0HQ0CHPPPT,0,1,0.0
A29EGA8RIDPUJ1,0,1,0.0
A2K8PD5X143U9O,0,1,0.0
A34H6K51ZPU0UO,0,1,0.0
A2OAESBYO73VA3,0,1,0.0
AFQZQYJZ8HR2V,0,1,0.0
A3FOERDM2P3X46,0,1,0.0
AGQZGMC4WLPGO,0,1,0.0
A771BHQGXJ2D3,0,1,0.0
A1J5ZGF3UZ8A04,0,1,0.0
A1VDF2CEYRHQ6L,0,1,0.0
A1FH5SIVDBW80H,0,1,0.0
A2ZU4L8XD8B8JA,0,1,0.0
A20NK9EQQJOMAV,0,1,0.0
A3KHEFM5LI7WAM,0,1,0.0
A1NYAXH1LHDI31,0,1,0.0
AN59OX193K1XK,0,1,0.0
A2W1Q7NMW6HOYO,0,1,0.0
A2SR4F8QA1LN5M,0,1,0.0
ATJ2UC6HOLRH1,0,1,0.0
A1B61U6J5C4EW7,0,1,0.0
A1T3MG8GMEBAEX,0,1,0.0
A1QTXDVUDSAMG2,0,1,0.0
ALJVYXJJEX9MK,0,1,0.0
AB0NI2PYVJR3M,0,1,0.0
A1BBMJXEZ8Z3R4,0,1,0.0
A1NE9H195232L3,0,1,0.0
A14UDM760R8HEA,0,1,0.0
AIOPIWA4Q6GAJ,0,1,0.0
A3DK8GXK3EUVDX,0,1,0.0
A1H2C8T1E0N1JE,0,1,0.0
AVZDJYULA3P3M,0,1,0.0
A1M9LZECNHWLLH,0,1,0.0
A2VT44MCMAW8RD,0,1,0.0
AQUBH41VHFX8T,0,1,0.0
A39Q0NPZRS09UH,0,1,0.0
ARAQ1OYYY1A2H,0,1,0.0
A2ZMBVLU9GR4EZ,0,1,0.0
A18OW97MOJRTEU,0,1,0.0
A2MBDNC27NZ495,0,1,0.0
A17OR6G6WSD07,0,1,0.0
A11R43WN681ROX,0,1,0.0
A2D0AZNIM2K3YZ,0,1,0.0
A134YX8MCJKY9X,0,1,0.0
A3TKV1WC3DBO1O,0,1,0.0
A3JER1SISEII76,0,1,0.0
A1OMWBDYQBWVM0,0,1,0.0
A2HVWQSWC839QR,0,1,0.0
A2CBAZ9DDPNFME,0,1,0.0
AEQDE049FICNF,0,1,0.0
A2QO15JRZZZIAT,0,1,0.0
AUFO472RK8V6K,0,1,0.0
ADTUS88NFTW23,0,1,0.0
A2XGFPVV6P815H,0,1,0.0
A1XEYWWDJ09OEA,0,1,0.0
A27ZQYVUU3Q7EY,0,1,0.0
A1MSO6LERG39PC,0,1,0.0
A2Q4R551PR34DB,0,1,0.0
A19L5FPNB5CWAR,0,1,0.0
AZNFZ0CXKSQ2G,0,1,0.0
A389U7BPUTJRG3,0,1,0.0
A2XSWCW099J942,0,1,0.0
A9PT136VE8M6L,0,1,0.0
A29T318NU5MRE1,0,1,0.0
A2VKGCVMVR21C0,0,1,0.0
A2AVKGSNUB5ES5,0,1,0.0
A3F6SL8QNEVFFJ,0,1,0.0
A1SJETUKS01NYJ,0,1,0.0
A16PHGHWVJJ7ET,0,1,0.0
A20DLJK7ZVWKGR,0,1,0.0
A33E98J5V9YA9B,0,1,0.0
AZ9WH6VX30LGO,0,1,0.0
A15TBSQXO92SVK,0,1,0.0
A7N7E89WRC4UU,0,1,0.0
A2QG57J57D1XU5,0,1,0.0
A1S2D1Y5WQ6646,0,1,0.0
A12X4GPRZKCUA7,0,1,0.0
A2QM7IJVFO3JJ0,0,1,0.0
A1CGACYOJ79GYS,0,1,0.0
AX3PI52BG90PA,0,1,0.0
AVHMOENRENU3L,0,1,0.0
ARQYXX7HLBOQ1,0,1,0.0
A1A6S63BPS6OVT,0,1,0.0
A1VQLJUMXCMX62,0,1,0.0
ATMIYV6HZ5KLR,0,1,0.0
A2G75S57TJXXG7,0,1,0.0
A2Z6M29DOKM8EB,0,1,0.0
A31JSQMJGDUR72,0,1,0.0
A1SHZ5OQ91VH1Y,0,1,0.0
A2OURPCT7H9TLM,0,1,0.0
AYV2T5UUEYAOP,0,1,0.0
A1IHNL4QM7MOWD,0,1,0.0
A2SB4CSWRXAXJT,0,1,0.0
A176A3B6B22F2S,0,1,0.0
A365IW5R8V53KY,0,1,0.0
AIX474FEGC1KX,0,1,0.0
A2TFS8T9AWMDVP,0,1,0.0
A36C3VOFHIGLBK,0,1,0.0
A2BENTCRKZ8UA9,0,1,0.0
A1249PZ3T4C5Y4,0,1,0.0
ACBBT4Y7S7MBZ,0,1,0.0
AROT0NPZQIB0P,0,1,0.0
A3LYX5ZH17L7SW,0,1,0.0
A3ILMKW88W1TIR,0,1,0.0
A1LZX5NL0JDH6U,0,1,0.0
A342CY43D6VO4C,0,1,0.0
A3RM4WTQL8VAU5,0,1,0.0
A28REER48I4HGB,0,1,0.0
A36UV9RVMTN7ZW,0,1,0.0
AX8HSOXMFX2XU,0,1,0.0
A36MQY2HNRIA2W,0,1,0.0
A3ILJX4T7N4QX5,0,1,0.0
AL9MTILKJR4Q9,0,1,0.0
A1C3XOMFMKOALX,0,1,0.0
A3A7AC59A6N9RO,0,1,0.0
A1ADWGC7NVZTCU,0,1,0.0
A4TQD3WTCN7JG,0,1,0.0
A31FYGE53VGBH7,0,1,0.0
A2SIYEILHP3EK7,0,1,0.0
A20RBABMZJT488,0,1,0.0
A3P2DBXIJUPJEC,0,1,0.0
AEYRKP8X8L9M,0,1,0.0
A3LHCDEWYC9JZA,0,1,0.0
A11UMT3MKBSPW2,0,1,0.0
A3NV3JFYTMQN30,0,1,0.0
A3HVX1Q10UBL3B,0,1,0.0
A1CY02YAQKZ8QZ,0,1,0.0
A17CEBYTEJMAB3,0,1,0.0
A1MFO2DXH2C2B5,0,1,0.0
A2Z0DRMXU98TT3,0,1,0.0
A3JX9A63XH05O2,0,1,0.0
A16ITYYOPBBP2R,0,1,0.0
A2VRKFYCAV1VJ2,0,1,0.0
AQ8YM6P74DRE5,0,1,0.0
A13XSC3JNIMHJX,0,1,0.0
A3C7O6H6YY0MIQ,0,1,0.0
A39PEEQWG7EB2G,0,1,0.0
A3SRTRD7RQJSEI,0,1,0.0
A3THA7HBIVPD2F,0,1,0.0
AZFIDAN1MPJUJ,0,1,0.0
A37H3YO3SHVJU8,0,1,0.0
A2HDJ3CXXETD0J,0,1,0.0
AMXFYABGZGMXL,0,1,0.0
A2L462D897MTWP,0,1,0.0
A103UGG4SMU1KF,0,1,0.0
A35BHMEMQWVKGE,0,1,0.0
A2HEY1NW7A709Y,0,1,0.0
A2QSGOSPEX3UTO,0,1,0.0
AF6PSN8I17GSU,0,1,0.0
A17IZXXVPZL8JB,0,1,0.0
ADJH3RUOLDJVL,0,1,0.0
A1Q4FFIDD52VF2,0,1,0.0
A3T98ZFLXHTY7A,0,1,0.0
A16ZR5JCWVCE8C,0,1,0.0
A2A0A55YH86W83,0,1,0.0
A21AXQYWDS8TKC,0,1,0.0
A1QYTCXVMPWA2E,0,1,0.0
A2GL6WUBSXI3EV,0,1,0.0
A8RNZWE4GUWHZ,0,1,0.0
A66G347VX35WW,0,1,0.0
A34NE60YJ974D4,0,1,0.0
A2K7FBWBVZUQ1X,0,1,0.0
A12C85BCA4ZETJ,0,1,0.0
ALMK0YBTI72RL,0,1,0.0
A1NJVRQ12DB6CN,0,1,0.0
A113HJXC799GSR,0,1,0.0
A9GGVIWIAZ5F2,0,1,0.0
A1UIXA657W8LWT,0,1,0.0
AW6WC53M3BAOP,0,1,0.0
A2QL0FZQH70LJB,0,1,0.0
A3RL3JVFKCKDNW,0,1,0.0
AV3ZM6RWKCLUU,0,1,0.0
A3TL64H6FMF4EM,0,1,0.0
APU2F4UI1I9PV,0,1,0.0
A346TVWIG7OPR4,0,1,0.0
A21QRT3WM56P7A,0,1,0.0
A134FLGRITEKQU,0,1,0.0
A11ND10DD5E65O,0,1,0.0
A2SU3YFX8T4UJ7,0,1,0.0
AB959Y75NXZOY,0,1,0.0
A3E83GTCA7W3YL,0,1,0.0
A13SAAHO6SPIRC,0,1,0.0
A1X9IIDK3GRTFJ,0,1,0.0
A30I71BY5AUC6F,0,1,0.0
A1KXRPJ3CPH4X0,0,1,0.0
AH31JJKXHMV6W,0,1,0.0
AOLVIXRW16GQ5,0,1,0.0
A2D5IQLB312CBW,0,1,0.0
A3S5J3FJQSDSI2,0,1,0.0
A2F0KIA4NMIZHQ,0,1,0.0
ADWW5BZJ1VWLT,0,1,0.0
A1ZZCS4GDFC9TT,0,1,0.0
A2ZT2JGCO95CL2,0,1,0.0
A3B7VQBL6KA86F,0,1,0.0
A4Q4J7X9WMYDX,0,1,0.0
AH9VK6BEE5A44,0,1,0.0
A2D61PGNZXL5R2,0,1,0.0
A2FFS7ZFUDUYO2,0,1,0.0
A3JVCX9M5VQACQ,0,1,0.0
A2QRQ57CINSWJM,0,1,0.0
A34C6YRZNGW4F9,0,1,0.0
A35RFH5GSZYGG8,0,1,0.0
A3JBJ4DD3RWYDV,0,1,0.0
AP69VDGEJABTE,0,1,0.0
A2DF5LM0ED7RN2,0,1,0.0
A1CMJ5QJ8AJVDC,0,1,0.0
A119HWR3ZUN1FQ,0,1,0.0
A1UIDZCF85NTV7,0,1,0.0
A391TY07SIQRV7,0,1,0.0
A1O7IVRX2VPWR7,0,1,0.0
AET7IKQNT5CEG,0,1,0.0
AH940Q0BZN5DD,0,1,0.0
A3KSPF2TN7QTZS,0,1,0.0
A2M6C8OB3Y4AAU,0,1,0.0
AEKJPCJC2IH3,0,1,0.0
A219SCW7IGF28P,0,1,0.0
A6Q8YZ8FQVD97,0,1,0.0
A191BPZUTLYZQ2,0,1,0.0
AEBPVHLHFDZVV,0,1,0.0
AN7PYDVNOVQOA,0,1,0.0
AF1NVXZ4A86XJ,0,1,0.0
A1VSKYU365LIXG,0,1,0.0
A2LAJ7X8V05U8M,0,1,0.0
A2C6ISLU0E5K2B,0,1,0.0
A2AH4B8LF4S2FX,0,1,0.0
A2WQLFB6GN33EG,0,1,0.0
A3V7HRQR1OQPQ7,0,1,0.0
A1AK8W2LC4NQI0,0,1,0.0
A2KUL2FDGNTXIH,0,1,0.0
AJJQ188TFNITV,0,1,0.0
A1UM59TRK3VPAF,0,1,0.0
AFZKMBCM5050L,0,1,0.0
A11OPVWSE8L9ON,0,1,0.0
A3BEDO0NQMAVOC,0,1,0.0
A2E4Z216B8LFLZ,0,1,0.0
A3SSWY2DMD37Z4,0,1,0.0
AALYWAAECEIGS,0,1,0.0
A3MA8GE6Q5N3XW,0,1,0.0
A3OMFMKQI32K3G,0,1,0.0
A2KW2UQUDF2YB0,0,1,0.0
A2AZ744ZH35WLO,0,1,0.0
A22XU6LDP7O210,0,1,0.0
A2GM1CXK7HD5MH,0,1,0.0
A3REKZPYAFOLUJ,0,1,0.0
A17R9HPXLAXB92,0,1,0.0
A3120UZEVFKPD7,0,1,0.0
A27RXDK4OPT2F,0,1,0.0
A16NKN3H0S8X4R,0,1,0.0
ADPEAW8G1AQID,0,1,0.0
A1JGZ27E0B50IT,0,1,0.0
A1MJNEJO890V7E,0,1,0.0
A2KHTNH6BUCKM6,0,1,0.0
A75XQ5F2VTLF2,0,1,0.0
APV3AE88NLZ2X,0,1,0.0
A15BWMJ9L9BMZC,0,1,0.0
A5AZ67NUDZISA,0,1,0.0
A1HCVRM6GN6LNB,0,1,0.0
A3E6AEDC0JSFPD,0,1,0.0
A2ERVAJP1QQ8BI,0,1,0.0
A3C1JVFGOIZ7LY,0,1,0.0
A30HAGYXB3WZ1E,0,1,0.0
A1CVQ4O969MTZA,0,1,0.0
A1FG0JDU6J7VM2,0,1,0.0
A15H3C1F9GTIV1,0,1,0.0
A30RV8W573LWCA,0,1,0.0
AEBXWBD99FWW0,0,1,0.0
ARBRZKQK5T2HA,0,1,0.0
A2RD6GZES9XFEK,0,1,0.0
A2DD27JIG94A1Z,0,1,0.0
A2UE437XZ2QY86,0,1,0.0
AVW63MOA2GZPM,0,1,0.0
A1L8CW9XK8SFMK,0,1,0.0
A8A2AF5NCZ867,0,1,0.0
A3RCY0OBPZ5XWF,0,1,0.0
A1E48V0EEIMN1J,0,1,0.0
AW4DO75BWTYLM,0,1,0.0
A21NVTST9LYEVH,0,1,0.0
A1UG3H4PRVTNGN,0,1,0.0
AG2HIXA3FF28S,0,1,0.0
A1QLJ37OM0C0EJ,0,1,0.0
A2J6L9MFRHDQX0,0,1,0.0
A3DP9OX06EFWLQ,0,1,0.0
AZE0K91O79UCO,0,1,0.0
A3JA0WEPU6ONK3,0,1,0.0
A3O7N0KGB3UZIQ,0,1,0.0
A65AWQ5U0H98T,0,1,0.0
A3D4U8CX40RODD,0,1,0.0
A3J3DSTPE51WGT,0,1,0.0
A2PT4GPXB6LSHW,0,1,0.0
AB4OEYZVJNHZN,0,1,0.0
A2QWF5AKT107SQ,0,1,0.0
AECHHFHD89CI7,0,1,0.0
A3UKOUX3DQQHQU,0,1,0.0
A3394J1F9CN9W5,0,1,0.0
AAFN35L808KGU,0,1,0.0
A865MVWJN4HSH,0,1,0.0
A1GTZ1V3VUQJR6,0,1,0.0
A2TFX3UL1VRHGV,0,1,0.0
A2KLOQPQHA03ZO,0,1,0.0
A2LHNSV6CCCB7U,0,1,0.0
A3HAS6A4BD8T6S,0,1,0.0
A2Q8Y9D4KOI2HX,0,1,0.0
A36BQQD67VJOD2,0,1,0.0
A5W5LJNL3UOFG,0,1,0.0
A1JTFUJD2GXDAS,0,1,0.0
A9GV9FUPGMIY1,0,1,0.0
AI57OQ89IH6IF,0,1,0.0
A2BCNCXJYDWP8K,0,1,0.0
A1U9WYM88FHIJX,0,1,0.0
A3LX7B0YT8D91Q,0,1,0.0
ASJAA7R14I0PT,0,1,0.0
AHLJS790VGKNE,0,1,0.0
A38IJCQMF91VFR,0,1,0.0
AB5N4A5118C7S,0,1,0.0
A3A8ZN9JAXZJ1V,0,1,0.0
A1SKJK2IISNRO2,0,1,0.0
AIYUFROT6F0YU,0,1,0.0
A1BWBIDVWCS6LI,0,1,0.0
A2HSRTNI97S051,0,1,0.0
A1E0U3HHDEUW9T,0,1,0.0
A16C4WEP3NSNWL,0,1,0.0
A2HMPWASWACBX,0,1,0.0
A3Q0D8U4I1FCRM,0,1,0.0
AYDG0HAT1NJLM,0,1,0.0
AEO822Z718KEL,0,1,0.0
A1UMH8UGEEPTB5,0,1,0.0
A2BHND8DKPSHTH,0,1,0.0
A18VT1DRJ4ORA3,0,1,0.0
A1GZOZOXKEK9ZH,0,1,0.0
A02712303HM5RXRLNJUB7,0,1,0.0
A270ENMQ3OI8Z1,0,1,0.0
AZLL91DCSO4Y6,0,1,0.0
A245HC2CI5VSJH,0,1,0.0
AY6VA1SM227JF,0,1,0.0
A3BV4PHLEC8UOV,0,1,0.0
AUJIW3Z4ZUZP2,0,1,0.0
A38IK9OPAD774Q,0,1,0.0
A1EYJKNRSGZ4OK,0,1,0.0
A3806IQJSQDK8Z,0,1,0.0
A1O9MBXCJY6TV9,0,1,0.0
A1NQX79JBCAPUB,0,1,0.0
A3D5QBGBL1KAMV,0,1,0.0
A1L29O5JUCKONI,0,1,0.0
A3DQ2FQTM28LWJ,0,1,0.0
A250HHH6LNASFA,0,1,0.0
A3AFDN9UFIHVN1,0,1,0.0
A3RB9PECLH84S7,0,1,0.0
ADVAOWPCRO67,0,1,0.0
AMMY92R9JJGZ5,0,1,0.0
ARPF0NHQXZ9YH,0,1,0.0
A2XSN3IKSH7QJL,0,1,0.0
A8JQR21CWZUNS,0,1,0.0
A2NW02SOKHZBRY,0,1,0.0
A3W246UFS9Z69K,0,1,0.0
A1GRZLM53WSSQW,0,1,0.0
AJKN1OQ368JGH,0,1,0.0
A3U0XOJELLY43E,0,1,0.0
A3ISA8LBB5P34E,0,1,0.0
AHCNMT02HZ6VE,0,1,0.0
A15AXDU8XPIWTW,0,1,0.0
A2O1DRX47DEJ32,0,1,0.0
A2ZEP41O7N9OEV,0,1,0.0
A1WSSB9MNGH80G,0,1,0.0
ACL4OV0KUAJ9Y,0,1,0.0
A1X4L7AO1BXMHK,0,1,0.0
A2Z5RHGZN1Y09E,0,1,0.0
AE2H22PR0TSLC,0,1,0.0
A3E0EMWPWTC0L8,0,1,0.0
A118KD11PMSH7X,0,1,0.0
A1TUELESENI018,0,1,0.0
A5BLA0D9TRCL,0,1,0.0
A373UXV94PMRVZ,0,1,0.0
A2GCNEOPJERTC5,0,1,0.0
A2ECLEVCOXIXZ4,0,1,0.0
A33W5XU72IHJHM,0,1,0.0
A23IG7UAAUHVJD,0,1,0.0
A13ZFIPTZ0IVGF,0,1,0.0
A1MBSCSYG1OQ99,0,1,0.0
A34V6WYI3PH8MF,0,1,0.0
A3SHUHOUB1BFEV,0,1,0.0
A34Q3GVQ1CHUFT,0,1,0.0
A1QGJ54ZBUW7W7,0,1,0.0
A36OH2397JR45,0,1,0.0
ARNC8S59XW6OV,0,1,0.0
A4TMXOVCB07RX,0,1,0.0
A3K9MIR8R9XAFQ,0,1,0.0
A1GE6D4RUYEZJB,0,1,0.0
A1N7NA5148ZREP,0,1,0.0
A2EB5VNTY8XMID,0,1,0.0
ABEAUXVVB2E1M,0,1,0.0
A1NN8Q1DLAYPGH,0,1,0.0
A1GGN5LLS2GQPX,0,1,0.0
A4MR0PYNBLHJ,0,1,0.0
A2336ATFOFIG7,0,1,0.0
A184ZNI4K5ZSHY,0,1,0.0
A176ZAH15GF16S,0,1,0.0
A28CTDM7OP0RAR,0,1,0.0
A2I6FERI4Q0YIW,0,1,0.0
A2L3ZOXJL8OR9G,0,1,0.0
A3UAIOKNS8SX7V,0,1,0.0
A2A5LGHYI9YO46,0,1,0.0
A20GAB79ZFQGW4,0,1,0.0
ADDSMW8LJ31Q3,0,1,0.0
AKQLMC9400YZW,0,1,0.0
ANLQIKDJM1C60,0,1,0.0
A1H0E1YSE0PSP9,0,1,0.0
A1M6GJJAGVE4Y5,0,1,0.0
ATJLU6CEVG74Y,0,1,0.0
AEU0PXF31KEOC,0,1,0.0
A193KJKYP39WMD,0,1,0.0
A1F5GRT43444IL,0,1,0.0
A2X3DNDW9LGSOZ,0,1,0.0
A2EPSSNK2AZ57O,0,1,0.0
A3N4SGWWMUTY1Z,0,1,0.0
A2L7BGAYUOGC1L,0,1,0.0
A9GADKYN21JN,0,1,0.0
A1E9RGETV1X5LK,0,1,0.0
A2YEGCDUUAE94N,0,1,0.0
AYLAZUCGWB6IE,0,1,0.0
A20FBMSL6KNIZA,0,1,0.0
AXVR5IES2DZYG,0,1,0.0
A7HF2IW708I8M,0,1,0.0
APNUW5FMA10S0,0,1,0.0
A2KJ5XBAA4USG,0,1,0.0
A78J8S9GI06HN,0,1,0.0
A1L131DNEOO7DN,0,1,0.0
A3B2DTQ8U3VB2Q,0,1,0.0
A28DMMH5OU7IYT,0,1,0.0
A1PJ6XCHGZLZWO,0,1,0.0
AR5UEO0OIYPO1,0,1,0.0
A1NX2X9SKM65BF,0,1,0.0
A2M8QD8OHLA265,0,1,0.0
ASSK2SYA6BD7U,0,1,0.0
A10F51ZKTIA4O9,0,1,0.0
A25UU65AWSNKK,0,1,0.0
A14GOIC2XB5CAD,0,1,0.0
A2VPFFNPP58O91,0,1,0.0
A34IQ082I5DK9Z,0,1,0.0
A3DOKABTH0A6LD,0,1,0.0
A35MJQTTE5MDYL,0,1,0.0
A33GRWAT9U82WC,0,1,0.0
A27FGZZD4HYIBR,0,1,0.0
A3AAK33K3BUUTM,0,1,0.0
A1A2I3VKA3EVU4,0,1,0.0
A2WJ6JR6AX7YAZ,0,1,0.0
A7DYBDGVB2LC4,0,1,0.0
A2B1QU9EKEEUZ8,0,1,0.0
ABOL0PZZZHRN1,0,1,0.0
A10FBCA2RGV549,0,1,0.0
A3IPN12WPXYTEI,0,1,0.0
A2MEBPFR8GH30L,0,1,0.0
AJQ6SOEETLPOX,0,1,0.0
AKQLYSUN599GO,0,1,0.0
A3KQOKDNFSHKT1,0,1,0.0
A1JNA5RWCEMT68,0,1,0.0
A91ETEOOZOV80,0,1,0.0
A10IJO19OWREX1,0,1,0.0
A1AK3CPQK4ZCG5,0,1,0.0
A3PE2ASRMWCDST,0,1,0.0
A3Q0UCHM8DSDG7,0,1,0.0
A1DGLWQBBJ4IHQ,0,1,0.0
A3B7PGE6CL3XCO,0,1,0.0
A1TACVRTEDHN2S,0,1,0.0
A36VOKTKWP4NHI,0,1,0.0
A21LIGZQ7I74AX,0,1,0.0
A3K8CXT7LTCH46,0,1,0.0
A1FINO189LTHAE,0,1,0.0
A1MO34WCJL3AIJ,0,1,0.0
A1481F3USW2ONT,0,1,0.0
ADLP6U3FUNG70,0,1,0.0
A2JZBS6WFOPTMO,0,1,0.0
A29DISV9GUBK8P,0,1,0.0
A11E3G4BX5MPAC,0,1,0.0
AWIYJRD6PI7NA,0,1,0.0
A1FTRR0WV1H5K,0,1,0.0
A3M2RRKZ72YHVB,0,1,0.0
A1MSY5U64K1Y3D,0,1,0.0
A3JI1ELQKBH8SH,0,1,0.0
A36ILKG74E8MIX,0,1,0.0
A3190RJ4JEAO88,0,1,0.0
A1TY3KN1CYPDWZ,0,1,0.0
ASBXPSKRS6NCK,0,1,0.0
A9BOMBZCJD2WE,0,1,0.0
A3HXO3MMYYHHHD,0,1,0.0
A1XVV77VLR53L4,0,1,0.0
ALMAQB7P7PLRI,0,1,0.0
A38PD0OG5N5UG2,0,1,0.0
A3XMQ7TF7EB1S,0,1,0.0
A3NANTF1H34FVA,0,1,0.0
A3PFA1N90MQ4JR,0,1,0.0
AJS808O95CSWI,0,1,0.0
A3QCQY083YLM3J,0,1,0.0
A2NQPZKEUZYGMX,0,1,0.0
A1LNYMUTK42FCZ,0,1,0.0
AP790IUU3HY5D,0,1,0.0
A1IF7GAZB2V41M,0,1,0.0
AS4LRK5R5MSX1,0,1,0.0
A1870HSJM51K62,0,1,0.0
A25WUAUZP304JR,0,1,0.0
A3RE92TU1FLGJ0,0,1,0.0
AZGR3RDJRJOSQ,0,1,0.0
A2E7W2XGXMG6RU,0,1,0.0
A3L1S8MJRO28W9,0,1,0.0
A3FA9RMVUGHSO8,0,1,0.0
A3LFD1D8HUJ241,0,1,0.0
A33XZNU0PFPX3Y,0,1,0.0
A1BKFYRSWMWZ1Y,0,1,0.0
A2OA8TE8CGQCJO,0,1,0.0
A32Q3XMDR0FW7N,0,1,0.0
AV0489YC5R5R7,0,1,0.0
A1LJ0X7OP350J,0,1,0.0
A3SV7SVGH9OQF,0,1,0.0
A2YZDI58BIHUHY,0,1,0.0
A3D3O3HPJ4MV4T,0,1,0.0
A3TN04NK4MGMMR,0,1,0.0
A1NM1FO36ZMSVQ,0,1,0.0
AYX5D8YZM7LKP,0,1,0.0
A367X6YJ5UY0GC,0,1,0.0
A218U3T7RHKPM1,0,1,0.0
A153WZ28YAHOHS,0,1,0.0
A3D9HRB3K5G03C,0,1,0.0
A385IY0SJNV374,0,1,0.0
A7D7RK06TKY62,0,1,0.0
A14WOPD0VY6EKO,0,1,0.0
A2SX55KGWDM5NB,0,1,0.0
A1VKG31S009DFY,0,1,0.0
A6GZN55F1X4TW,0,1,0.0
A3E3O1QGHFUOUF,0,1,0.0
A1ZZ5HSJM7EJZP,0,1,0.0
A3B6UM8QZVGXUH,0,1,0.0
A1EAHSK6QYCBMJ,0,1,0.0
A1NO56PQB4WMAI,0,1,0.0
A1WNPKO6BWS937,0,1,0.0
A2MO83Q4SLQQ3Y,0,1,0.0
A29MI1DJR2JYU2,0,1,0.0
A6HBQF4IJL4PB,0,1,0.0
A3G8BQH1TMZR2S,0,1,0.0
A3W4LI6NBHBJW9,0,1,0.0
A2T92TA2O1TI2Z,0,1,0.0
A2SGLEPIUBWNQ8,0,1,0.0
A3PILS1MN6GEHP,0,1,0.0
A2GTNC29WXCRYA,0,1,0.0
A3EY6XMCV29ASL,0,1,0.0
AA7QI6JRNNYOH,0,1,0.0
A3AV4IM469GOIU,0,1,0.0
A15RAKU8EGD6OX,0,1,0.0
A59JQ3SGRVIB0,0,1,0.0
A1F27XMGXJ7TU2,0,1,0.0
AIE3DUTR5004K,0,1,0.0
A3SP7NUDZWAB0Z,0,1,0.0
A2E8XBJC7ZJ70T,0,1,0.0
A3H7EDIC6M40BY,0,1,0.0
A1T95DET8P22J8,0,1,0.0
A12AG9IF5ZOGZ,0,1,0.0
AJQFNOFTZ7GOX,0,1,0.0
A1DTHEJORWR0O1,0,1,0.0
AA3KEAOFOXG90,0,1,0.0
A76E5FPXTTH08,0,1,0.0
A3SHAOQ7FI3JLN,0,1,0.0
A33HA1VRI3NO5V,0,1,0.0
A4RHCT4A10OXR,0,1,0.0
A3AVFQIEWTIHY5,0,1,0.0
A2NSA87MCQUKI4,0,1,0.0
A22BFCAKN7PJP1,0,1,0.0
A3HEX74HFC0VM5,0,1,0.0
A1U8NNKIJSIP79,0,1,0.0
A2A4EQQ6CC2T8C,0,1,0.0
A3GPTJ9WUTT6N0,0,1,0.0
A2YK4UP8YHQAUC,0,1,0.0
A3JR66FUSQFHGH,0,1,0.0
A3NCQ8HU1UJVLM,0,1,0.0
A1VDOW7YBF8OBH,0,1,0.0
AWR4I5Q2A0JGP,0,1,0.0
A1MQJQRHN0U1AN,0,1,0.0
AAUXC1L5QR4UK,0,1,0.0
A3D5JTM5LPQBFS,0,1,0.0
A3H12CND4I3EM4,0,1,0.0
A3V95X9W2MSZEK,0,1,0.0
A2I95GCEK5K1D7,0,1,0.0
AJ2RVTE5ZN68V,0,1,0.0
A3RDD3NQWIW17B,0,1,0.0
A2OGYUDNJMHIOT,0,1,0.0
A2V5TQFZUPAR16,0,1,0.0
A3V3RVPM5XH01O,0,1,0.0
AQ9Y2L3B8L597,0,1,0.0
A1BHRNLW2L8KLD,0,1,0.0
A11ZZ0CJQKEJ87,0,1,0.0
A1DYOD1SEWMRYI,0,1,0.0
A31K5AKV01KA8V,0,1,0.0
A3UR7FEDR770E2,0,1,0.0
ASQA0LIPYW83A,0,1,0.0
A24L1DPD503GUI,0,1,0.0
A1N69ULG5YW388,0,1,0.0
A3A4DMTHZCMLQ5,0,1,0.0
A107K10JTO8NSH,0,1,0.0
A13QR60U8MRNXP,0,1,0.0
A1B29I661YGZEU,0,1,0.0
A2RU908WLCUTJY,0,1,0.0
AY68U1SJ0UB8B,0,1,0.0
A2ZNANUA9P1CUT,0,1,0.0
A3CAIZ5D023DAO,0,1,0.0
AGQ45LLYE4LQO,0,1,0.0
A2HQNV53L4FOOJ,0,1,0.0
A2SS2U1H5Z2082,0,1,0.0
A2NR61K6LW79XP,0,1,0.0
A2PGTQ4W07S8I7,0,1,0.0
A1MKBK0ISJF02W,0,1,0.0
A1YZF0PNRRTUK2,0,1,0.0
A2PZWYQYTLSOP9,0,1,0.0
A3OLCY79DNKSNO,0,1,0.0
A22SFPYPRS4V6F,0,1,0.0
A1H4O2KJ8J5EVV,0,1,0.0
A305XJYZOLQ4M2,0,1,0.0
A1UNL7KA6P97MI,0,1,0.0
A276B6V9E5759Y,0,1,0.0
ACOF64EAN08QQ,0,1,0.0
A13D4AOJLCKNSY,0,1,0.0
A262ONK4P0SV0P,0,1,0.0
A1G0684OLZ4RU8,0,1,0.0
A17EX7ZF5GYTYD,0,1,0.0
A2LZJYDXB3FIR3,0,1,0.0
A28PERKUJPRCEF,0,1,0.0
A18STJN3901AV7,0,1,0.0
A3G7BC1IGTAMZP,0,1,0.0
AMEEB2LUVM41P,0,1,0.0
AJDYMAFXHWY1R,0,1,0.0
A2DUMM8X66FUEO,0,1,0.0
A22QDX83VGVJPM,0,1,0.0
A1FB4C42H3GFKD,0,1,0.0
A33W7XE9L9KSZ9,0,1,0.0
ARLAX11SGSVS7,0,1,0.0
A2GNK7WUTIWOXZ,0,1,0.0
AMIM6DCCZLFCV,0,1,0.0
A25ZES0OTED0S5,0,1,0.0
A2S64SH016IMG0,0,1,0.0
A2EZK6SF694OT4,0,1,0.0
A27BKXQAR305QL,0,1,0.0
A1Z8LISVZ8NFI8,0,1,0.0
A3BEYFBHNGZ9S6,0,1,0.0
A2FT3NUSKCNLZU,0,1,0.0
ASVMD19XFJEDB,0,1,0.0
A1ITGJLRVWKYRC,0,1,0.0
A45QFXJXNKNOQ,0,1,0.0
A1QPMI8P4HYNYB,0,1,0.0
A1CYNZMKTXO222,0,1,0.0
A3T07RJR2T0TPC,0,1,0.0
A10R3W26XIZH62,0,1,0.0
A16E4SG1MFPJAP,0,1,0.0
A4SIT9HM6BKWW,0,1,0.0
A1MZJ3OVAZWV7B,0,1,0.0
AZYIAWJR9972L,0,1,0.0
AT9PJHO9NMIYX,0,1,0.0
A3I9GK5OO42B0I,0,1,0.0
A29ELFGIWF1S09,0,1,0.0
A2I0X163CQDBFA,0,1,0.0
A3PF5Z6QKR5UZA,0,1,0.0
A37CIHW31RLJCM,0,1,0.0
A30UBGZ6MBVWH9,0,1,0.0
A34ACNQ83OICT1,0,1,0.0
A1ST4BCVP6WS2Q,0,1,0.0
A170TP8EJWHHNT,0,1,0.0
A2M7TC85DV4B5P,0,1,0.0
A35KV5LA01A7L4,0,1,0.0
A2BPUF31U5KBBZ,0,1,0.0
A2PO02915V2PKH,0,1,0.0
A3EWTI4UIVR7UV,0,1,0.0
A3TJDFV180X1HZ,0,1,0.0
A2NV8WALCNREHN,0,1,0.0
A19OIYZWTM912O,0,1,0.0
A2B3B8ALWKSLKR,0,1,0.0
A17LP8AGOIJXE,0,1,0.0
A2DZJ0QYJQTNAJ,0,1,0.0
A1P5GB45KRR1EM,0,1,0.0
A1JA91S8EC5DXF,0,1,0.0
A3UJJGEVXNN8QW,0,1,0.0
A3DHOQ1LTTP9A,0,1,0.0
AJAGJG5G1B7PL,0,1,0.0
A3934OE0XW59IC,0,1,0.0
A2R8OSYR8QW8MY,0,1,0.0
AWPAKXAU3EREX,0,1,0.0
A1LJBZ8TNJ4JLX,0,1,0.0
A1UPA8UA1RWYD0,0,1,0.0
A4SOCDD3YVH83,0,1,0.0
A2HWIB3OA6T3KF,0,1,0.0
A32CPMVK9FMNHO,0,1,0.0
A2RZBX3UYN6K9C,0,1,0.0
A2RSY6T4WX09YI,0,1,0.0
AEF7CR8SNCYF2,0,1,0.0
A1KX2L5HPOGNQN,0,1,0.0
A3PGGVAY8PKSAY,0,1,0.0
A2GSTGJBMF5SAS,0,1,0.0
AP5257J86Q977,0,1,0.0
A23IDQKXEML674,0,1,0.0
AFUZXN7X0M1XV,0,1,0.0
A80FU4Q23XN7P,0,1,0.0
A2PEB5BBJT2TW9,0,1,0.0
A2R9O7HU3B3FI2,0,1,0.0
A21PTU6WV797IE,0,1,0.0
AQFRVC52BIL6,0,1,0.0
A2Z183MNV4D7IY,0,1,0.0
A1K2ZXT12U5RQK,0,1,0.0
AUAWPV7UYOZES,0,1,0.0
A3TG7ZOOE80YOF,0,1,0.0
A3K7IRZ5DX8Y8B,0,1,0.0
A2J2FSHOKZ8R2I,0,1,0.0
A2M67X3IJ1EMIH,0,1,0.0
A3I18N3IVJOOUS,0,1,0.0
A1NIWKDK9V6FQK,0,1,0.0
APH1NC19O4OFQ,0,1,0.0
A38BKI1P3U4K87,0,1,0.0
ATUW4B272XLDH,0,1,0.0
A3CKW0OKATSXW3,0,1,0.0
A3DWI49RAMSADS,0,1,0.0
A3A579HO297KV6,0,1,0.0
A30HYOZKPSCRMP,0,1,0.0
A39Y1MYKFJNY9H,0,1,0.0
ACWSLC5PSZAXF,0,1,0.0
A2JRTXY2SKZ63Y,0,1,0.0
A2B427WBK10VH9,0,1,0.0
AD9GX8BYR4377,0,1,0.0
A3KR1VQWDFFD01,0,1,0.0
A1W8SADBGCU3KN,0,1,0.0
A1SYOISN55GO8Z,0,1,0.0
A23JB6EM5JZND8,0,1,0.0
A30I7QW6LY5MTL,0,1,0.0
A38UKFBS0Y3KZY,0,1,0.0
A3N9946VS9D0CC,0,1,0.0
A2GUTCKGNRTTZ2,0,1,0.0
A3LPLQV6J658F4,0,1,0.0
A2XLT12TLO0WUB,0,1,0.0
A3FFDJS3CFT6DQ,0,1,0.0
AZYOBQYNH09NY,0,1,0.0
A3595DSUBZZ8U5,0,1,0.0
A1S26BEAN6QNFZ,0,1,0.0
A38N0O4TIZE4FJ,0,1,0.0
AQ8PYQ6CD7YLO,0,1,0.0
A1L1H9HISG1WCK,0,1,0.0
A3UYPEI27DC879,0,1,0.0
A2QSC9US12F2GH,0,1,0.0
A2V0U62C7GD4KD,0,1,0.0
A513VEBQYIFTV,0,1,0.0
A2T3PHED9C8ED6,0,1,0.0
A4RMYVRMYOU7D,0,1,0.0
A3HH4M0CU5GWTB,0,1,0.0
AU4HCPNI9LJ0U,0,1,0.0
A52CNGFJTZZM4,0,1,0.0
A20S4M728FWXSE,0,1,0.0
AV0HACBR1TYYV,0,1,0.0
AKIAD2NULPM14,0,1,0.0
A15ZEX6Q7MAZFK,0,1,0.0
A3LH07E8KKT1Q1,0,1,0.0
AD8T1ATRFOVYE,0,1,0.0
A2WKKLZHMMBSFC,0,1,0.0
A12W30W23UU5K,0,1,0.0
A3MOZABSXJZIMN,0,1,0.0
A1HT0AF849TAG6,0,1,0.0
AMZ6FEOEHBCFO,0,1,0.0
A3VXFX9E5KL0LB,0,1,0.0
A1MB76MMDQHQZP,0,1,0.0
A3HKU0HXXWAVEI,0,1,0.0
A2GQ1N7URE1WDR,0,1,0.0
ACOECYWS6Y9IA,0,1,0.0
A2W940MKHSJ1XI,0,1,0.0
A1RNO5YVINF9H,0,1,0.0
A2U9VGUR4URMLB,0,1,0.0
A186WJ3EFN42GH,0,1,0.0
AZJSS1DPDTZ2P,0,1,0.0
A15ZFIUS5H3IKF,0,1,0.0
A3CIMLV9NH6ZTZ,0,1,0.0
A38NDZI33KHXHR,0,1,0.0
A21UN96SSNTQL2,0,1,0.0
A38KRK4Z0AXC59,0,1,0.0
A1TIPSFMWIST03,0,1,0.0
A1P94CW9751WWM,0,1,0.0
A34F1PBHEBXQVM,0,1,0.0
AMQ84FSNHW0O,0,1,0.0
AUHLCN812MREP,0,1,0.0
A21NF18MH8VL8L,0,1,0.0
A2SAZDL7G8W3I7,0,1,0.0
A1SKUPJSY3IJ0T,0,1,0.0
A31P0ZB0P6N6H1,0,1,0.0
A3NFOS8RTO0X1R,0,1,0.0
A51FILOGPFMUX,0,1,0.0
A2AU4EKNI8NLWT,0,1,0.0
A2HRMGF5HFJH4V,0,1,0.0
A3T4WZP2ANHR5D,0,1,0.0
A28YBV7OYX53KQ,0,1,0.0
A1LM3P7HNGKP9,0,1,0.0
A1Y7QU3BUUSI6R,0,1,0.0
A1R14U3RQL533P,0,1,0.0
A1TIPYYFJTHDJ6,0,1,0.0
A2IZGK2RIQOATU,0,1,0.0
A2T84L1YI1ADGZ,0,1,0.0
AHO6D2H0W140S,0,1,0.0
A2QHMZ6KS29TB7,0,1,0.0
A2Q6ZTNU682AT,0,1,0.0
AE5X7VOCIXCCD,0,1,0.0
A239B7RYPT3PK9,0,1,0.0
A2AEJYVFS6EE3E,0,1,0.0
A2HYH9MYPLTPOQ,0,1,0.0
AKI0XQTMH49QA,0,1,0.0
A1TRAUS9B2OD5R,0,1,0.0
A3KJME3TOKVZ4J,0,1,0.0
A3V2DRC1RRM8TO,0,1,0.0
A20UU4506ECYTV,0,1,0.0
AZLLV98JQGBZP,0,1,0.0
A2C8CYAXD5VG3P,0,1,0.0
A2IU6J5HBGEUQ4,0,1,0.0
AT62NTOYP8OIL,0,1,0.0
AEYG1U7ILRM2W,0,1,0.0
A1B39UAO9N7Y76,0,1,0.0
ASF3Y44957VA,0,1,0.0
A1XQXEF3XQWXYL,0,1,0.0
A1XXVLQQ8LI6WP,0,1,0.0
A356GWW87MKDFI,0,1,0.0
A1R0XKFGJ8QXQ0,0,1,0.0
A16XW35Y0GNA9U,0,1,0.0
A17BXEYO3C9K68,0,1,0.0
AKBV1OEQHCDN4,0,1,0.0
A2QCZND2AXDCPG,0,1,0.0
A30SYUJXR23NXB,0,1,0.0
A215GK0TK6QEXN,0,1,0.0
A3D6QKR9Y3X86A,0,1,0.0
A338XVK8ID7BI,0,1,0.0
A1FY5KU5AGK5RX,0,1,0.0
A2PWGRZH6ANIWL,0,1,0.0
AGSNR3BDHBQ7C,0,1,0.0
A3UY7XZZ7H9PLI,0,1,0.0
A1BPZI5LWM1T7R,0,1,0.0
A1NY3TMEB8KEW2,0,1,0.0
A3797HHQXCI1CT,0,1,0.0
A3GBL2GYZDJ2VR,0,1,0.0
A160UPRRDIM2I,0,1,0.0
A2HQWU6HUKIEC7,0,1,0.0
A3K7ZA8LG1KWYP,0,1,0.0
AY4IFSFLOGB4J,0,1,0.0
A33T7L3D5TC899,0,1,0.0
AY8EW0SSHC7FN,0,1,0.0
A227FUWE28DB6E,0,1,0.0
A342MYGBNTOD24,0,1,0.0
A3C3SI8ZZ87FV8,0,1,0.0
A38L25NCVGB365,0,1,0.0
A2AXPXVA8YBI55,0,1,0.0
A1EK5MAOA7YADG,0,1,0.0
A1YVZURBUHVQ6A,0,1,0.0
A3PP7UGDW3VG4N,0,1,0.0
A2ZDX2GRH96GL5,0,1,0.0
A1IJBM6BERVNED,0,1,0.0
A3GNZUE5BIH395,0,1,0.0
A3ORHGR6SCLA3R,0,1,0.0
A22QAP6JXQUFXX,0,1,0.0
ABHEAEBA726JI,0,1,0.0
A2GU0HP095LTOL,0,1,0.0
A1P0KXFRMNL2AC,0,1,0.0
A2U6HBHYLCPU1N,0,1,0.0
AQLMVE6SH4A07,0,1,0.0
A1INSF4DH3R6Q7,0,1,0.0
A15TWWWESR6LDV,0,1,0.0
A2N5IGKWLVPPVJ,0,1,0.0
AWB5GMLSKC99Q,0,1,0.0
A3LA5HHYYVPUWO,0,1,0.0
A2KMTB0ZM61TAQ,0,1,0.0
A278L9F3EPNQO,0,1,0.0
ADIHEOOO6PUZ4,0,1,0.0
A35GFKX7HHOMPX,0,1,0.0
AF3ZRKVXJPDK1,0,1,0.0
A3AY9AHGKSOXY9,0,1,0.0
A3II1BHNKL2HAL,0,1,0.0
A3VMEIB7P4BL75,0,1,0.0
A19UKL133P7SMJ,0,1,0.0
A1VYNARDC4U78N,0,1,0.0
AWNNZDXDDYSZI,0,1,0.0
A1IPSBXUOZIAM5,0,1,0.0
A1W9A9M97BPEMP,0,1,0.0
A126NFOEDMGWJS,0,1,0.0
AENWG241KH1LX,0,1,0.0
A37YSQCST33ZG8,0,1,0.0
A3TUZOJZM9008Y,0,1,0.0
A40IV5Z4RILSC,0,1,0.0
ADTG5DS3C1XPB,0,1,0.0
A38OZ1J21BH6IT,0,1,0.0
A3BLZ3TUU5OKQE,0,1,0.0
ALWRNPDSUBMAG,0,1,0.0
AX5UP2I9RDS6A,0,1,0.0
A2XT93QTEMFMXM,0,1,0.0
AQQUT7GGV4PNX,0,1,0.0
A211HR03LCO2UX,0,1,0.0
A35PLVUM40TU2X,0,1,0.0
A149189MMFBN43,0,1,0.0
AV3AUFSA1DXVZ,0,1,0.0
AKLPA7CAF0192,0,1,0.0
A2N22MW91MM9NB,0,1,0.0
A2H5NDVV3WL1HT,0,1,0.0
A22RYGRT3FJOPD,0,1,0.0
A1VNI8SZ045QY1,0,1,0.0
A30XVXQHZAYMPL,0,1,0.0
A2F02AM051WF7I,0,1,0.0
A3DLG94HA5KPMP,0,1,0.0
A3CL3DNUSEG1I6,0,1,0.0
APSSRJEZ09F3V,0,1,0.0
ARHK2BI3TLRNB,0,1,0.0
A2HRN7YQ5TQ5VT,0,1,0.0
AZXJJM4F1SY3,0,1,0.0
A2L6BCJ0SUS81Q,0,1,0.0
A1S3AVL0RVL25Q,0,1,0.0
A1DCKHDRA8824Z,0,1,0.0
A1XWK6E5536KQN,0,1,0.0
A3AQI84JR8CRB7,0,1,0.0
A1UD16TKZ8EMVV,0,1,0.0
A9ECPHDJKWX8I,0,1,0.0
AQMK432JCBSSM,0,1,0.0
A1LVDHMAHS387Q,0,1,0.0
A1K5CZBEC33OGA,0,1,0.0
A1O10TNCHOHI84,0,1,0.0
AVBY9OUQRRL4U,0,1,0.0
AK0JFKYJOJ4V5,0,1,0.0
A3U4XE70BIUUOB,0,1,0.0
A1RKNHDN0FGIK9,0,1,0.0
A1M23FLNLC4MG5,0,1,0.0
A14UE4XQKDZN13,0,1,0.0
A2X092QJNTY30A,0,1,0.0
A2TYKAXDDND7OE,0,1,0.0
A14VBOK755MQ5L,0,1,0.0
A1415U52KHEJ14,0,1,0.0
A2DDCCZCX3XGXJ,0,1,0.0
A2Z7HNOUSJ8NWT,0,1,0.0
AEJNWMXJS818O,0,1,0.0
A2T8OJF2DQ4DPE,0,1,0.0
A1HIZC2BJYEY5P,0,1,0.0
A2YTI37KKD7KMF,0,1,0.0
A3XD7HLD4EEBY,0,1,0.0
ATTXMB0ABCE3M,0,1,0.0
A2P4EJM3VQ7Q5V,0,1,0.0
A1IJUCICSBF7LA,0,1,0.0
AIMGHPI1AGVRF,0,1,0.0
A8PNYY5G8714P,0,1,0.0
A3CXBIC1O7RVPB,0,1,0.0
AJ5GTAT0SNFLH,0,1,0.0
A3EUMLKEJQOWJ9,0,1,0.0
A3REBHTMMJ9MIB,0,1,0.0
A1HF8WQ1D7BBTV,0,1,0.0
AVSL92QAC7JZ0,0,1,0.0
A3F1GNJZMOOM9P,0,1,0.0
A17A35HNLZ7Y4V,0,1,0.0
A25EY40GI1OBDB,0,1,0.0
AA10CO0GN1RQZ,0,1,0.0
A3CCIWHN9OT64W,0,1,0.0
A2SIAAHJEOT8AW,0,1,0.0
AZPDO6FLSMLFP,0,1,0.0
A2BA2TH39PLLTQ,0,1,0.0
A2KF8FAQQYN9YI,0,1,0.0
A2CIIWF8PURU9J,0,1,0.0
A1NRWWFVODZBYZ,0,1,0.0
A3HSKN33BTBMCO,0,1,0.0
A1OX1M4ZDA5KBM,0,1,0.0
A1DR40TIL4HGN,0,1,0.0
A32CU4DK7RQ80Q,0,1,0.0
A19FE20SX8RIE4,0,1,0.0
A3VK1L51BUTYM8,0,1,0.0
AZYU8M791SIFC,0,1,0.0
AJBY7XQNN49P7,0,1,0.0
A1QBA7K3TPPEGV,0,1,0.0
AEX6CST6WV7ST,0,1,0.0
A3V5GIEVJ2E5NW,0,1,0.0
A2ST8E3Y65EUVC,0,1,0.0
A24SYO10RBABLT,0,1,0.0
A258EIYGAZHWCT,0,1,0.0
A3757UTNEKT5T5,0,1,0.0
A2MKG8P7L2PPPB,0,1,0.0
A139TW6D1NB95V,0,1,0.0
ALNH0LZHUYS91,0,1,0.0
ATN552TF5V40Z,0,1,0.0
A2YMP0GYNVPLNT,0,1,0.0
A3CW41T1M0N5KC,0,1,0.0
A2R8IS5OHNY41X,0,1,0.0
A26KVCCCVPBJKN,0,1,0.0
A2IKIE2ULQ9BI6,0,1,0.0
AKLY5TNY606U1,0,1,0.0
A20YU3IR0637F9,0,1,0.0
A3DZJGZNIFZBFO,0,1,0.0
AVJ3NPRYB8RAW,0,1,0.0
A1TAFEUKHIFV6L,0,1,0.0
A3JDBMF683S6G9,0,1,0.0
A2TWFW7CCZQORL,0,1,0.0
A16DCK5GG96HYT,0,1,0.0
AUGCJZ1D3OYEU,0,1,0.0
A19R1AVTOCCR17,0,1,0.0
A2ZZGQXU0CXLOU,0,1,0.0
A2YKI9I12FWCHG,0,1,0.0
A1WGDPDRRV763S,0,1,0.0
A2541BCFAIQ7TY,0,1,0.0
A3S4YVPGHSD5I8,0,1,0.0
A1R25OC51QOOJ,0,1,0.0
AL595BBGO5SGW,0,1,0.0
A2FTCDXRCN4YE2,0,1,0.0
A3KXUGUD7GGD3Z,0,1,0.0
A2QFO64UAU5N18,0,1,0.0
A1RDSHFDEICDTR,0,1,0.0
AYKFN6Z2Q457S,0,1,0.0
A2MXILAH05EAMR,0,1,0.0
AEX7F29JQ8HKB,0,1,0.0
AF4MGQIQR9V0S,0,1,0.0
A163G3NOQZF8OJ,0,1,0.0
A3OPMJ7REL1RIF,0,1,0.0
A2NUZTGO22PLGG,0,1,0.0
A2K3UU6RB24VCT,0,1,0.0
A3CJ2VH56T4TCW,0,1,0.0
A1NBC9AMD0I1DW,0,1,0.0
A1H8JNENRFFCX2,0,1,0.0
A1XTQULERNAFQ,0,1,0.0
A1AZCY9B02R1YX,0,1,0.0
A1ST9K7U4R5Q3W,0,1,0.0
A2D8OM8XL872DO,0,1,0.0
A3KYD8IQCLIMS9,0,1,0.0
A1HZXIWZ2BFEI9,0,1,0.0
A2LWPZZSBSA416,0,1,0.0
A25ZVPDCF4KK66,0,1,0.0
AD62LD1Y5N2D7,0,1,0.0
AP73L7OLDCDIK,0,1,0.0
A1SGSAAW4V56UP,0,1,0.0
A3S03DVUVT11JB,0,1,0.0
A11YGG6PXLJLMC,0,1,0.0
A1AGEK302YU5WF,0,1,0.0
A3BTXV6QZ89Z5U,0,1,0.0
A1IKJI19RIVSIL,0,1,0.0
A1W73GMILBWAL8,0,1,0.0
A3H00BFSIO8B0R,0,1,0.0
A1AXRTJMBD57XZ,0,1,0.0
A38I5MODB0RZFV,0,1,0.0
A2829NYO1J6ISY,0,1,0.0
A27DYAY3FUWIZ8,0,1,0.0
A1Y69LGDGW26D4,0,1,0.0
A3QXWA0QNDLF4A,0,1,0.0
A13CGIHLMZRYRR,0,1,0.0
AZ6RTW2S42JR5,0,1,0.0
A8I72XWK3R2IO,0,1,0.0
A2KXG3IQF62C0P,0,1,0.0
ASV7KW7R2XABF,0,1,0.0
A1UATUYO1LIDJC,0,1,0.0
AYZ8W4UV3GVGE,0,1,0.0
A1XESLK0WLJHRY,0,1,0.0
A3KS883B0SZ10L,0,1,0.0
A3A9LLRVAHU6YU,0,1,0.0
A1SCDTGVERBUDC,0,1,0.0
A2EDHJ1CHBPWZ6,0,1,0.0
A2XZCMCRPQDW6J,0,1,0.0
A2DWTMP6T2PEHP,0,1,0.0
A64C9PCOGYIEY,0,1,0.0
A2UT8SCC8NMVR0,0,1,0.0
A3HQKIJ6ZFQB87,0,1,0.0
AHK9Z99W9UQE0,0,1,0.0
A3JVYU0Q17BXYC,0,1,0.0
A1CZCUDV2R4WXD,0,1,0.0
A1FBWW96CO1UP8,0,1,0.0
AB8X1GAJLQX1C,0,1,0.0
A2NHERI3W195Y,0,1,0.0
AKKBLVSS4X699,0,1,0.0
A2WVBEKO391ZH0,0,1,0.0
A18KTZDRCDQLRR,0,1,0.0
A126OK5X360TMM,0,1,0.0
A4ZP6L59MJJ16,0,1,0.0
A2QGI7AGHKSTKL,0,1,0.0
A2K6GTUFMVMNQ1,0,1,0.0
A48CUUP3YUKOC,0,1,0.0
A1V7OUOJC0RSVD,0,1,0.0
AHAOH3G74S3LI,0,1,0.0
AVCGVXDPC1Q5G,0,1,0.0
ANBI9UGOEN8RZ,0,1,0.0
ACVU7OORPTPVX,0,1,0.0
A2KHXK5GTKBXP8,0,1,0.0
A2IU90BV8AHYCZ,0,1,0.0
A3BE6T44EVYM68,0,1,0.0
ARQP561C45DNA,0,1,0.0
A16F8HVXAW8OU0,0,1,0.0
AIDUSLPZR97XD,0,1,0.0
A6BJCVLQ54ZYU,0,1,0.0
A25JIF7BEPO9F6,0,1,0.0
A39C4NUUYCORVT,0,1,0.0
AS8G023GUWYVV,0,1,0.0
AHV3UGWQ74JEA,0,1,0.0
AG4CVJALRXJC3,0,1,0.0
A1RMSQIE5CPV1C,0,1,0.0
A2DS2LVYY0RF5I,0,1,0.0
A2707589GDAWKF,0,1,0.0
A2H8298OJZ06U6,0,1,0.0
A1YX49D4OL0387,0,1,0.0
A12CAGU314Y22N,0,1,0.0
AMOFAUGROGKR8,0,1,0.0
A3ABEL1IT8CFRW,0,1,0.0
AJ9QKWTRRQXAI,0,1,0.0
AFRU4OKWMJJIR,0,1,0.0
A2OWMN8VXP138V,0,1,0.0
A162BBV0C0ZFNK,0,1,0.0
A3MEVM441KX831,0,1,0.0
A2QS722FL9DLQ4,0,1,0.0
A2VNHSOB2EO2YY,0,1,0.0
A302D18ZNWARQ9,0,1,0.0
A3P9VNS4JCAVBI,0,1,0.0
A2DSYH5G2QKDP1,0,1,0.0
A1RB8GE2E1ZQWN,0,1,0.0
A1EZ5M38F72TBA,0,1,0.0
A2UCIHKZ93ME0C,0,1,0.0
A22182UCS9EY5H,0,1,0.0
A3KG8K6GO9SJJP,0,1,0.0
A9GTIQJE4B1ZQ,0,1,0.0
A9JXM8PIRJM9L,0,1,0.0
A2KV5EN862N0P3,0,1,0.0
A3LBYMMXIMYEIC,0,1,0.0
A3QI0A547ERENA,0,1,0.0
A36VXLB8BM9NNE,0,1,0.0
A1JUJGHMNIUSWR,0,1,0.0
A2QJ1NBKASHIXW,0,1,0.0
A2WV816Z0MR2ZL,0,1,0.0
A2UJ8YE9HLGIQ8,0,1,0.0
A3HROY0XROW4S8,0,1,0.0
A4Z7AYP2KIPVZ,0,1,0.0
A1ZNBXK5TDZ89C,0,1,0.0
A3SB5E688J9HVG,0,1,0.0
A1P1L268DFQLPT,0,1,0.0
A24H6QYK8PSNL7,0,1,0.0
A1Z4Y0IFDAQZW0,0,1,0.0
A1JK7I2QIWXZG2,0,1,0.0
AVC5MU630ANTH,0,1,0.0
A1CID66CZM68B8,0,1,0.0
A33JSOFSXBW75I,0,1,0.0
AT2WQIS0H1TZG,0,1,0.0
A2I14TOX9LURQ9,0,1,0.0
A2L7DQQSGCBA46,0,1,0.0
A33EJYK8MGVVK1,0,1,0.0
A70OQKQU37IRY,0,1,0.0
A1L4KW5X5XY8RA,0,1,0.0
ADGO5A1QI41T,0,1,0.0
A1FTNVJHP2435Q,0,1,0.0
A2XLKF9IMROL8P,0,1,0.0
A3E412PFYYOX5S,0,1,0.0
A21Q9HY3XGJIU3,0,1,0.0
AHVWHHTYV3GMP,0,1,0.0
A12Q9DAI5A6GN1,0,1,0.0
A1WMCMO51YI6VM,0,1,0.0
A2NHQ63UM8E8FV,0,1,0.0
A1LEYE5S5I59RE,0,1,0.0
A2VFS563I4YB8M,0,1,0.0
A333QFWWKW04BU,0,1,0.0
ALZ796TTBBDBL,0,1,0.0
ARN0NGBOUDTJQ,0,1,0.0
AYFCB09QBD0M0,0,1,0.0
AWOR2ME4GSWON,0,1,0.0
A2FX5GF335I1DE,0,1,0.0
A3E0T1O7ROYK5,0,1,0.0
AGG0XJ3JGRQ5S,0,1,0.0
A1HWBF9Q2KBY7M,0,1,0.0
A3VNIBTS23YXME,0,1,0.0
A1R6B18B5J4SNF,0,1,0.0
AVOIQL3XNCA5P,0,1,0.0
AMYPMYY8EAMU4,0,1,0.0
A35WYJH6MPPIFV,0,1,0.0
A2NSD7SB60DPY0,0,1,0.0
A2EVIR0W3WZAQI,0,1,0.0
A2UKPJZCR6NIO2,0,1,0.0
AZHXG4UKZZLAG,0,1,0.0
A1MTT0NRUJB6PJ,0,1,0.0
A7RA8HUCLBM6U,0,1,0.0
A3LYGFCK85V4IS,0,1,0.0
A5YRYCYXQRJ8B,0,1,0.0
A2RNEAD6CE3BDS,0,1,0.0
A3GG2F2936IPS3,0,1,0.0
A2FCMY72XEWMXN,0,1,0.0
A23VXE960BI6VO,0,1,0.0
A2VUYZAEVAIQHW,0,1,0.0
A3MR29TUT7E9M7,0,1,0.0
A2OCHGNKHT63M9,0,1,0.0
A1Q9FYDCBRV1ZF,0,1,0.0
A1Y5FSD8C1EZZO,0,1,0.0
A66G3VKBFTXLT,0,1,0.0
A1WP96EYF40GI1,0,1,0.0
A1EY19V5CI6LH6,0,1,0.0
ATVH10TP7BZNL,0,1,0.0
AHRMLJZTUC6BE,0,1,0.0
A22YS2Z2YZM7CD,0,1,0.0
A14ZM0AX0LZNT9,0,1,0.0
A3B0UITO0IYDHZ,0,1,0.0
AY47FJHN9G139,0,1,0.0
A2PDE2VACHYWGK,0,1,0.0
A15SB5FXRONN7N,0,1,0.0
A3FI0TJQX1TTAC,0,1,0.0
A2Y097UFHJ7HWG,0,1,0.0
A21ML6YDWKGCV5,0,1,0.0
AL71NTSZF6S6J,0,1,0.0
AV6AAKV0C6EED,0,1,0.0
ABKSY74FEIGUI,0,1,0.0
ARSJDZVPPIO8N,0,1,0.0
A3U5YY6V7DZB9I,0,1,0.0
A1U06CGNYBRJ7X,0,1,0.0
A32QSKCT69C2Z3,0,1,0.0
A3DYG3P7FJW9WI,0,1,0.0
A1SR873BZDIOLZ,0,1,0.0
AQAPF257W6PTY,0,1,0.0
A8VL134ND0RSP,0,1,0.0
A3M333GYMKIG8A,0,1,0.0
A2G7ISWZHL2UPY,0,1,0.0
AA478JQL0UG57,0,1,0.0
A26NZH81YIJ00H,0,1,0.0
A8L5CCEWQB6LG,0,1,0.0
A1JXMJ3J3O0MQY,0,1,0.0
A37DAPPPH6OKIG,0,1,0.0
A2D5MI6CIJAYF6,0,1,0.0
A3BD37LBTM1AIZ,0,1,0.0
A370LEGDL7SL3N,0,1,0.0
A3ATDZESH9V4SL,0,1,0.0
A114HWN9SU0MB2,0,1,0.0
A19MJDGYRZBJAD,0,1,0.0
A1CAFEI4EG4BIX,0,1,0.0
A2SOEYV4W8MQJD,0,1,0.0
A1ORPHYNWQB363,0,1,0.0
A1DNF1Q07EOTYQ,0,1,0.0
A1SSCWRT2E0PRQ,0,1,0.0
ADB8XCKNSDY5Z,0,1,0.0
A3VNAKMYO27RFX,0,1,0.0
A36TESIFKLU2LW,0,1,0.0
A2H9NHC0WAE61M,0,1,0.0
A6NQN8TY3VDOR,0,1,0.0
A22ICY6JDCRJTP,0,1,0.0
A2J4IFAU9LRVOT,0,1,0.0
A1AN52QBXRDMUV,0,1,0.0
A38M3N5TYLY10S,0,1,0.0
AQ256WL61ZFK5,0,1,0.0
A1B0Q49HG8LABS,0,1,0.0
A14H409B3FO7OC,0,1,0.0
A2U3NOMO7FA0GM,0,1,0.0
A1JSZW05ZL2VGU,0,1,0.0
A2PFCI71478DWH,0,1,0.0
A39JSH024LXE75,0,1,0.0
A1T84ARPDK2U8E,0,1,0.0
A3FKDHFZ129CVV,0,1,0.0
A18K7GSANTGS4M,0,1,0.0
A18V2UV5KMFDJL,0,1,0.0
A14PK96LL78NN3,0,1,0.0
APMG34X89DAI5,0,1,0.0
A2C2JOO6DYRMYL,0,1,0.0
A1YE1E07LGLBX0,0,1,0.0
A288AA3OK8CBHP,0,1,0.0
A15YXD429EZ5PI,0,1,0.0
A16K2HN57B03T2,0,1,0.0
A2MKH3FI4YMO1E,0,1,0.0
A2XFBCWNNNG4OQ,0,1,0.0
A1AAN6JOPT86NQ,0,1,0.0
AUAAI01BJ4K81,0,1,0.0
A2XNJE10EFSQ2M,0,1,0.0
A2JX5WDY0UQCFK,0,1,0.0
A3L5DG003XLN9T,0,1,0.0
A2JUG93PXMQOI8,0,1,0.0
A2MZSBCCDVR5QO,0,1,0.0
A29CGU5G2YWZZ2,0,1,0.0
A31I5YKPPZCCEQ,0,1,0.0
A1BVHT2OE6TGQX,0,1,0.0
AIX8QN3F94ITC,0,1,0.0
A19LEPDX379Q21,0,1,0.0
A5AHQNQAHYQKI,0,1,0.0
A2OOHCDVT87EGL,0,1,0.0
A23W7DSN6BRP8T,0,1,0.0
A3EBI7BWH8AXS4,0,1,0.0
AX3T5TI76TOJ1,0,1,0.0
A11GR14DRA1IEE,0,1,0.0
A20KJABXJLXG9G,0,1,0.0
A1DURV7JCD0WFP,0,1,0.0
A2TUU7S19L7RYU,0,1,0.0
A1ZBY1HZN2280V,0,1,0.0
A25AROF3SD7AED,0,1,0.0
A2CHU365MSG0CM,0,1,0.0
A1XRIW3IAKXL6U,0,1,0.0
ARQSD25TVS6OJ,0,1,0.0
A33LMPPMQ4AZ52,0,1,0.0
AK3D3Z8DCAZ29,0,1,0.0
A7K8SHKR3NG7L,0,1,0.0
A2TNWUOVW8OIX,0,1,0.0
A3I5TRZZSO8C0B,0,1,0.0
A3VFQVAH039VXT,0,1,0.0
AJUEAE35LR20G,0,1,0.0
A2BNXPL75IE8TR,0,1,0.0
A1KUY2MNEAGS5W,0,1,0.0
A4NBM4A8ZND0S,0,1,0.0
A19BA3QWTJ1ICZ,0,1,0.0
A1CNBLMF8NNRVE,0,1,0.0
A1T3DDSBEJJRSH,0,1,0.0
AJH0DNDG54P4K,0,1,0.0
AFY2MWSB3HI1C,0,1,0.0
A340UXAAOC9CWE,0,1,0.0
A165SIAGH1GXF6,0,1,0.0
A1M12UY6HT5ZPY,0,1,0.0
A11QD7GL1AEV67,0,1,0.0
A131KQZQ5TUI4V,0,1,0.0
A6156ZBTAIOOO,0,1,0.0
A260WFMQC1SXMX,0,1,0.0
A2XZSVLQMMDJ89,0,1,0.0
A35ILBIBAXYHJW,0,1,0.0
A25XGQ3XPGC68J,0,1,0.0
A99AC7UERI09X,0,1,0.0
A33AQ2P7JP4JT,0,1,0.0
A34WTG5RVZLSZW,0,1,0.0
A3STDPXRUJQBOQ,0,1,0.0
A2G49KWLPJ1IW3,0,1,0.0
A1156DYSJ6K614,0,1,0.0
AYT3O05POKXAY,0,1,0.0
AEYFQ3FYU4WG1,0,1,0.0
A28DSVZBCYUX88,0,1,0.0
A112SYEKX4ZTUI,0,1,0.0
A3CNSVJ2I77TMW,0,1,0.0
A11A00VAMZNSSI,0,1,0.0
A2RT3GQ9ZBCOR0,0,1,0.0
A213KSWHEPIY8M,0,1,0.0
AE85UF0WKD80A,0,1,0.0
A2SYI5R91KOZX3,0,1,0.0
A1MJ7DJLRLH7EK,0,1,0.0
A3MC268M00JR8R,0,1,0.0
A3HNLJGBLFBJIA,0,1,0.0
A2HWX4QWE6J3VB,0,1,0.0
A3JDG8DWTFTXG7,0,1,0.0
A3TNW65BBL5QIH,0,1,0.0
A1SJSRATTW3T6B,0,1,0.0
A2ZQAJIXZTZME5,0,1,0.0
A1M85S3L9ROA17,0,1,0.0
AEJLYLYX4DBB5,0,1,0.0
AHDHIQGIQTVCA,0,1,0.0
A2DVAT6T0JYEQZ,0,1,0.0
A3U88U92DCKRE5,0,1,0.0
A1RBOBZ6U05L91,0,1,0.0
A38SIOKK313R6T,0,1,0.0
A2HHEONCQZR6ZA,0,1,0.0
A2RDWKRODPO01C,0,1,0.0
A3P29S8XMVF9EU,0,1,0.0
A29A59JA6M6RCZ,0,1,0.0
A3CP4ORVF8KIBO,0,1,0.0
A11K8DAS19K3OW,0,1,0.0
A2ZPBQ3VEKPTYA,0,1,0.0
A3GWAWL1Y68YMP,0,1,0.0
A2F4RPMM0W2MY7,0,1,0.0
A1LVTTVXB1C0KD,0,1,0.0
A6Y1NR701XI3G,0,1,0.0
A2T1ZKNNUVVS2C,0,1,0.0
A18LRTMVC79HGL,0,1,0.0
AV1NGW1LMA3RT,0,1,0.0
A2Q12G0CRKK0KP,0,1,0.0
A1RSBCFGLKBQZ1,0,1,0.0
A3GK146A9DQK8O,0,1,0.0
A3S96J0R2IB1IW,0,1,0.0
A15ZHA83WYW1LX,0,1,0.0
A3DSQVF3G8JOBW,0,1,0.0
AD8EAN16XJVP6,0,1,0.0
A2W2KU6RA6EHHC,0,1,0.0
A20C43QZYLZACJ,0,1,0.0
ABH44EA9XNRHH,0,1,0.0
A2ST6L3TOFEIOK,0,1,0.0
A2PC10FIDXYR6Y,0,1,0.0
A1BJV8YFSE56LT,0,1,0.0
A1QGMIQD8ZYDS8,0,1,0.0
A2Z57VNAIKJ1E4,0,1,0.0
A1BUCZYFGGKIMH,0,1,0.0
A15PNG5DK1C4AW,0,1,0.0
AR6XDGONYRMXB,0,1,0.0
A303C6K2T1EUMI,0,1,0.0
ADL51Y71SZ07K,0,1,0.0
A1AP1ISMSL6GD5,0,1,0.0
A2USK85WGL8AVN,0,1,0.0
A1BGIH6FGCQXN0,0,1,0.0
A3E0KTI82FU0NG,0,1,0.0
A2E0GCFAWC16WZ,0,1,0.0
A38LJVOSBQZZ5T,0,1,0.0
A2U7L091GVMVJ1,0,1,0.0
A1HHRADCK7TTXU,0,1,0.0
A1FPJYSEH5Z53L,0,1,0.0
A9Q6TCZSUF6VV,0,1,0.0
A2BGO838YJ2YO,0,1,0.0
A32BKL0Y52DG2O,0,1,0.0
A2L9K5TQNR9AHJ,0,1,0.0
A2RBWILKKLAN4M,0,1,0.0
A2RIP2R0ZJJU0H,0,1,0.0
AZ7QS05TQGD7D,0,1,0.0
A24000KK3L0BV9,0,1,0.0
A1FS0GRPO31QR8,0,1,0.0
A2T6I3YFXVQ5XG,0,1,0.0
A3NT52GB169L24,0,1,0.0
A14TKD5T3K1QEW,0,1,0.0
A20ZLDHGXMVT8H,0,1,0.0
A7TX6O50180TX,0,1,0.0
A3KQQ7A604R2RZ,0,1,0.0
A36EWHJIBQEQRZ,0,1,0.0
A1AJS3HI2VSHU2,0,1,0.0
ASSTUWX09ZE44,0,1,0.0
A3SHYHT4Y88AS7,0,1,0.0
A3M0W7VFDPD8Q9,0,1,0.0
A1KPALLWZ73M27,0,1,0.0
A2MOQ0UOLA67K2,0,1,0.0
A1DSKQVH06VX85,0,1,0.0
A9E9Q0BC20AAC,0,1,0.0
A3N75I60JM46JX,0,1,0.0
A19X4BF861LQST,0,1,0.0
A1EHO0CQUOZSQX,0,1,0.0
A2AXQJDHWSJKCD,0,1,0.0
AD00RQLTDBIO2,0,1,0.0
AJTP3N1B4MS03,0,1,0.0
AZZ2HXC308RW1,0,1,0.0
A20YZVLMUG93ED,0,1,0.0
A1J743NUEK3QPG,0,1,0.0
A29DVV1OGO30U0,0,1,0.0
A25TFVJ6B9U1NU,0,1,0.0
A2PFG2T3CBO7EY,0,1,0.0
A30F8NJMFB3W3O,0,1,0.0
A316LLSM7YZL72,0,1,0.0
A2EARYEYVMMNZZ,0,1,0.0
A2AHI7N2BXB063,0,1,0.0
A2HADFGH442QE7,0,1,0.0
A3F9BX46VF4QYZ,0,1,0.0
A3PD9P3DOS9OD0,0,1,0.0
A3OMM3CVRUANSD,0,1,0.0
A2NICGGIGIFU22,0,1,0.0
A1T41HM2YKN5HF,0,1,0.0
AYI3EMZAXS6E8,0,1,0.0
A2UIYULZNTGQ4Q,0,1,0.0
A37BD8UL0J3QGZ,0,1,0.0
A30KRK43C7UWCL,0,1,0.0
A3P6PDCTO3O96K,0,1,0.0
AOUQ2P71C63FB,0,1,0.0
A2PN8S9QT7INHE,0,1,0.0
A2YN17EABMMP9D,0,1,0.0
A1SWZ3FY9P90PX,0,1,0.0
A1VLHFKMANV6OF,0,1,0.0
A1ID6C2H3G2N48,0,1,0.0
A1W89Y8PNSMT67,0,1,0.0
A1FM8OQ9EM61BX,0,1,0.0
A2YECFMBM0ZS6,0,1,0.0
A1JCMYB96D642W,0,1,0.0
AF71V4Y923I63,0,1,0.0
A227E7OWOGCGNW,0,1,0.0
A2WYOUNJ93WITZ,0,1,0.0
A3365UYX8NJBG2,0,1,0.0
APUGL98BRKRA7,0,1,0.0
A373OFVTKBW4JW,0,1,0.0
A1C2GFOPBDFM8L,0,1,0.0
A30XRA4GPXPKPT,0,1,0.0
A3VJOJRTL2LQI2,0,1,0.0
A9DJDNEH706XG,0,1,0.0
A27UAKQX7YEXE4,0,1,0.0
A920ZPU0N924N,0,1,0.0
A3S9MTAMV79BX8,0,1,0.0
A2B8WBRBVRFULZ,0,1,0.0
AZCE82VP4M19E,0,1,0.0
A22EY8Q0PMWEBM,0,1,0.0
A1RHPI2BN0QPEW,0,1,0.0
A385JPUADFO7IA,0,1,0.0
A2C4O93BXM5ROE,0,1,0.0
A3LJLRIZL38GG3,0,1,0.0
A1SCP1U2QNKH8H,0,1,0.0
A2XC4LA4D89ZA8,0,1,0.0
A34UPXR4P3MPZ4,0,1,0.0
AAGGG7ONSYD5V,0,1,0.0
A2ZIYV6Y9FLYEC,0,1,0.0
A1F8T490B03FTG,0,1,0.0
AB2XX40JVWV69,0,1,0.0
A2VX5SAAEGF4DH,0,1,0.0
A2FHVOH600G7A0,0,1,0.0
A23H8NTLI7UJSL,0,1,0.0
A3IC1RAA9W8RGZ,0,1,0.0
A19P079R8YSUTK,0,1,0.0
A25NBE6QPI9GPZ,0,1,0.0
A3E98CN49QC7TY,0,1,0.0
A2JM12NA3D5T3H,0,1,0.0
A3N0OINVM9NVB2,0,1,0.0
A3UXHE0P73PG1Y,0,1,0.0
A1RAUODX6OQHT0,0,1,0.0
A3KR9841V0VBKV,0,1,0.0
A1I3GAFEAQAJC3,0,1,0.0
A29M7XQ2N6AALZ,0,1,0.0
A364E6HC1XRQ1Z,0,1,0.0
A1214595FW6QUN,0,1,0.0
A3MB5OEXZK8TBF,0,1,0.0
A1NBBG8BALZ0BP,0,1,0.0
A2BNWAUU4ZS3JF,0,1,0.0
A1Y78YZQQMKFBY,0,1,0.0
A137TFG83UJFYW,0,1,0.0
AXA0N2GPNM02X,0,1,0.0
A2013KAL0M5L46,0,1,0.0
A1OX19PDA486CD,0,1,0.0
A3M1H4L96NQPKL,0,1,0.0
A9ZMG8FBA0GAV,0,1,0.0
AMFBWTEGTCISK,0,1,0.0
A1IQLK2FQIKO1N,0,1,0.0
AT2O14B0M5RI2,0,1,0.0
A2NYLAJ4PI0CVK,0,1,0.0
A25QY9B9W2FQCF,0,1,0.0
A20VQ9HLIW3HUO,0,1,0.0
A1JJOV69MAU2J2,0,1,0.0
A2UWDYNG7MUETA,0,1,0.0
A2FXLGDTA044KJ,0,1,0.0
AA4KMZ9FPUJGW,0,1,0.0
A1AKUW9E4W77GT,0,1,0.0
A1FO25XCT4VAEE,0,1,0.0
A1CSOOLZWUWB57,0,1,0.0
AEVTPBSCCPD9A,0,1,0.0
A28TW6X3B0VWJT,0,1,0.0
A3R26SD2ESFC5Z,0,1,0.0
A1VMVOA3Y6V8VL,0,1,0.0
A2OWLG8I9Q3HA6,0,1,0.0
A2WTKQBN78TXD2,0,1,0.0
A10ZQX5Q8UNUUU,0,1,0.0
A25CAD0VH0XKJK,0,1,0.0
A3O1EHYSM0XKCJ,0,1,0.0
A3H28BN5IS3VP8,0,1,0.0
A15ZT939DXGJ3G,0,1,0.0
A20D9VGCF3P13L,0,1,0.0
AGYQ2ZF0J0K0K,0,1,0.0
AVY6R7MZX2DER,0,1,0.0
A1LC0VIO3ZZ1MI,0,1,0.0
A3F2414TEKJJW0,0,1,0.0
A380XZXDJJHIJ5,0,1,0.0
A4ZZ6E1Z2JVZY,0,1,0.0
A39HI7BT9HG5W5,0,1,0.0
A20VBAYY9ZH5AS,0,1,0.0
A3MB37I1XR1FNW,0,1,0.0
A3CXKFT2IB9N0V,0,1,0.0
A2HCVRSNTCTUNU,0,1,0.0
A36P7G6CFLS0GT,0,1,0.0
A3BHZL1K0TFI5,0,1,0.0
A1G5OMFEXGWVZB,0,1,0.0
ADJKQDACHPWCX,0,1,0.0
AUGQVPHCJX8Z5,0,1,0.0
AKJ7NAX0W9L1E,0,1,0.0
A2WXSJAESQSBIC,0,1,0.0
A1JGS5KWC37XBT,0,1,0.0
A2NUESIGVXY6D1,0,1,0.0
A2EKQID501FY4U,0,1,0.0
A1X871G9JTC7SL,0,1,0.0
A30JRFHETXW187,0,1,0.0
A2OS3DOVLINRFT,0,1,0.0
A1ODYMPLO86TZ0,0,1,0.0
A2BC0S3D755011,0,1,0.0
A3DANLZDS1L6WC,0,1,0.0
A27A0U9O1HUSC8,0,1,0.0
A187T302SATLGL,0,1,0.0
ACFZGF41QF4DQ,0,1,0.0
A6SUG7KKCCM82,0,1,0.0
A2QIL6MHF0S9S5,0,1,0.0
A2PUT0OE8XFLYE,0,1,0.0
A2211OMX0IKRA6,0,1,0.0
A2ALBQEP71X2XG,0,1,0.0
AYLNKK6ZM69D3,0,1,0.0
A1E396OBLRI15K,0,1,0.0
A2KNLRRVEHFQ2S,0,1,0.0
A3F007O5Z3SJII,0,1,0.0
A2SY6QYMH8A8F8,0,1,0.0
A3IQ3HU1SIL6RD,0,1,0.0
A3IAAVB63OE76I,0,1,0.0
A26VVRPXEX4LPG,0,1,0.0
ANQN644VHQBA3,0,1,0.0
A3LHDVXVRWGM08,0,1,0.0
AWIO52MFKV3RR,0,1,0.0
A2ALK5TW65IHW8,0,1,0.0
A1RBXYRF80FZJS,0,1,0.0
A1WJNM3S126GAF,0,1,0.0
ABD6TPKC6ADF4,0,1,0.0
A3E8P7J7WN7UA2,0,1,0.0
A2IXWCUR2M3J63,0,1,0.0
AX10QUSLAHTBB,0,1,0.0
A15X0PLH5OQAK4,0,1,0.0
ATW5OXFA2QZ1A,0,1,0.0
A3O3EBPR8JIQOQ,0,1,0.0
A3BBRTJN94YXUX,0,1,0.0
A2MLTDJRE47XX8,0,1,0.0
A19KKGYEK7824J,0,1,0.0
A37MQ7Q47DUUD1,0,1,0.0
A6KS978KER7LE,0,1,0.0
ASWVPJK2BJKOA,0,1,0.0
A1KBMJ6V9WXT30,0,1,0.0
A833IDN7PVOY5,0,1,0.0
ARDN9Q3CGPXSI,0,1,0.0
A1AVX8UBBZQX3B,0,1,0.0
AU8NWB4ZX1KZ8,0,1,0.0
A35I0BV972HD83,0,1,0.0
A22VNF8GION1EB,0,1,0.0
A2I1HKX7IUAEF7,0,1,0.0
A2RQVKSWEB0F6J,0,1,0.0
AEQKUNN8X67EN,0,1,0.0
A13EW30BASZX4D,0,1,0.0
A3MN08LMEB3CCR,0,1,0.0
A2XZUB2TPKC95R,0,1,0.0
AL23XHPPEGQ7R,0,1,0.0
A3ORGSWL6S5I2Q,0,1,0.0
A2G0IXGK2CAU25,0,1,0.0
A7O2CGZ4LQOXU,0,1,0.0
A1PBCY740DJXAN,0,1,0.0
A1ESMJMQENUMZO,0,1,0.0
AZW49LJWVL83Q,0,1,0.0
ALQT1NJRZ5W06,0,1,0.0
A8IZUL3X0YDQ8,0,1,0.0
A3L2RO17VVWYHF,0,1,0.0
A2W8L7O2RC73OX,0,1,0.0
A1H88L8X6HM1BQ,0,1,0.0
A2MPJN8APVIKIB,0,1,0.0
A26PM6HNZPEW6K,0,1,0.0
A13TZE5YEGK4K0,0,1,0.0
A3W2R3ZXDHUJ75,0,1,0.0
A10263A9LH3MTS,0,1,0.0
A2YBOK9Y0R0Q5E,0,1,0.0
A2M8T1C3YP19NQ,0,1,0.0
A1AD92Y0NN54OH,0,1,0.0
AEPWMQOZYDB5J,0,1,0.0
A3501IX3XH35RW,0,1,0.0
A5POZKK5JOL2M,0,1,0.0
A1FS68RU0Q6O9R,0,1,0.0
A2LBZDGSNFYAGT,0,1,0.0
A3A0EY9K8QU27V,0,1,0.0
A1W49A910LMFGM,0,1,0.0
A3SHECVIYG1LJP,0,1,0.0
A34XLUDPFWS2GB,0,1,0.0
A5NNSSZRMVFMJ,0,1,0.0
A8EF0IKKHZKLQ,0,1,0.0
A2AIBHOQVU9IRB,0,1,0.0
A253G3EG9A469K,0,1,0.0
A1Q04WKYZE7FIN,0,1,0.0
A22QN8JDZS8YOF,0,1,0.0
AG0GNIZ34DZP6,0,1,0.0
AFITFTAG0FKG4,0,1,0.0
A3EM32S9AYBZVA,0,1,0.0
A29HHD1M6QPCWX,0,1,0.0
A3TH7TBJSHXIBE,0,1,0.0
A1ODIVY2TROYEQ,0,1,0.0
A3C7PUJ7THYRNY,0,1,0.0
A37KUM78F2DOIZ,0,1,0.0
A2UTEA9QW087A0,0,1,0.0
A2GZKGGQ6U0YL0,0,1,0.0
A2K21ZQVNBVUDI,0,1,0.0
AIAZPWEWIUUYJ,0,1,0.0
A1Y1XXI8UA6SWF,0,1,0.0
AHX1NLJVJH49,0,1,0.0
A2ZZFET0L13WX8,0,1,0.0
A3JQKKDSX3PELZ,0,1,0.0
A2NSGRECY3TAGH,0,1,0.0
A3E6DQHSW5OH5X,0,1,0.0
AEF5XY40EGG6G,0,1,0.0
A2IYTXOM5CVQWF,0,1,0.0
A7F5CUX2GAUVG,0,1,0.0
A1CI7RN1DUA8AF,0,1,0.0
A3RBVDH87QF1A,0,1,0.0
AMAJ9ZHR0J999,0,1,0.0
A2BMMAG1FO41VK,0,1,0.0
A2XXHWJTWB33WQ,0,1,0.0
A1BU8IYB1N1B8H,0,1,0.0
AEUNTDZLLTQWD,0,1,0.0
A15OR1LSXMMMXF,0,1,0.0
A3JRJE9F15JJU9,0,1,0.0
A3FISGTK0WD7JK,0,1,0.0
AQJMHTDSSQRJ0,0,1,0.0
AYAXH6RFUFQ2Z,0,1,0.0
AYVKIW30H8508,0,1,0.0
A2NXE533TGQXKQ,0,1,0.0
A3F3T0M58SE33C,0,1,0.0
A3HPZJY70DOYYH,0,1,0.0
A2YMFTKZIGM281,0,1,0.0
A1ISU5PCVYXANU,0,1,0.0
AN3EDRNDF9TJF,0,1,0.0
A1GLP4KFV1HU7K,0,1,0.0
A25SO19JJNBFQX,0,1,0.0
A1ECHZVN5P0VV6,0,1,0.0
A1F0HSH4QPP4XH,0,1,0.0
A1RIMMLJ4XK8C3,0,1,0.0
A283FMZBOUZ5D3,0,1,0.0
A2ARKTFI3SE722,0,1,0.0
ACBIXBSWSCFR,0,1,0.0
AB4ELQX285UKL,0,1,0.0
A1YJNYSOM3V2E4,0,1,0.0
A16HHIZOJRV9QZ,0,1,0.0
A3R9KRIO25CKZV,0,1,0.0
A1PKRB6ZO53CRL,0,1,0.0
A2FO0GGZMSOOIN,0,1,0.0
AA7TUT7H5KMW,0,1,0.0
A3L8JOQRY8I27L,0,1,0.0
ATY7KZY3K9VUC,0,1,0.0
A2BQCZ3ZAX05K5,0,1,0.0
A24LZ1JLW1I4U7,0,1,0.0
A33C7HDK9COP0C,0,1,0.0
A5UFS2KBEGYFN,0,1,0.0
A17JFHJ8BBIR4R,0,1,0.0
ASOQROO9OD3XG,0,1,0.0
AATO5M2LPTX9L,0,1,0.0
A6U2AE2X7DOA1,0,1,0.0
A2A4C0IRW8OMIK,0,1,0.0
A39EHTPEZLRYW6,0,1,0.0
A33U104WVD0P0S,0,1,0.0
A2O2XN26EWSIJL,0,1,0.0
A2VKXIBTH1E4VN,0,1,0.0
A2ENLKDK0C2X6T,0,1,0.0
A1AW4QYZTK1VGA,0,1,0.0
A2O277IJ67ZGAO,0,1,0.0
A3H3NOOQN5EWTO,0,1,0.0
A2R99WC8AQ9GVV,0,1,0.0
A9XT888YY5TPM,0,1,0.0
APEFMOE6CMM1J,0,1,0.0
A2D4FQHV506EPB,0,1,0.0
A13E560OURMHVA,0,1,0.0
A1CWMO3LQQ7P0P,0,1,0.0
A3PQDGK9DS2YZZ,0,1,0.0
A3A8LENJYSEFUM,0,1,0.0
A15Z6DU12HCENF,0,1,0.0
A3I2QAIABQSK79,0,1,0.0
A17ORYLLNUPMOO,0,1,0.0
AP6UY891F9AKW,0,1,0.0
AH8I6HH2VLRY7,0,1,0.0
A2ZYHMQDLQ8O76,0,1,0.0
A3PT42JTV5OTWB,0,1,0.0
A1VXEL8R0NFPJE,0,1,0.0
A2YXFEGFI46ZDN,0,1,0.0
A39LM70NNI3B1B,0,1,0.0
A112HXFPHA2VU7,0,1,0.0
A368LY0EVS8I4S,0,1,0.0
A3M40K7VET8SCN,0,1,0.0
A2DD4OZ9MIM980,0,1,0.0
AM4WBRO83TGM,0,1,0.0
A31STDRE9UAFZD,0,1,0.0
A27951S4ZN7T2K,0,1,0.0
A6WYBGYM7CE4I,0,1,0.0
A100AM334XZS3V,0,1,0.0
A26ZFFW1VRMH2L,0,1,0.0
A2Q8OARZWB4S6Z,0,1,0.0
A2CRDVC0D4J28K,0,1,0.0
AIGE3H2MTHR9N,0,1,0.0
A1XD7G5102NMWT,0,1,0.0
A2PK7I2GEBUHJF,0,1,0.0
A3A4SDX123VAPM,0,1,0.0
A2BES4CAPLGTQZ,0,1,0.0
A23MULFKUD4N6T,0,1,0.0
A4V63DQQ4ROHX,0,1,0.0
A25C9QZH6CTASC,0,1,0.0
A1MPM3VVLV695C,0,1,0.0
A2UTTH4T27JTRE,0,1,0.0
AM716P8GCOU1K,0,1,0.0
AEGRQ8VFNT71T,0,1,0.0
A361AW750ZO91K,0,1,0.0
A1N7JLWB7039XQ,0,1,0.0
A2C56KCZM1VEUA,0,1,0.0
ASYJKDQYOG2MM,0,1,0.0
A2SFL3B69JZCVT,0,1,0.0
AC7QBADE054CN,0,1,0.0
A2VLO1J42YCWJK,0,1,0.0
A34TIA7W1XE99N,0,1,0.0
A3KGPES66TRIP2,0,1,0.0
A7ERY8BQH1SOB,0,1,0.0
A1NRC1QV6O3XR7,0,1,0.0
AU23M8NFNISHE,0,1,0.0
A2U6WZT6VBKL11,0,1,0.0
AWJLQZ4UP2TNL,0,1,0.0
A4UB0QAQF83R8,0,1,0.0
A3DPCV2Y835PP2,0,1,0.0
A28HE1IYWCEGTA,0,1,0.0
A1FOI545INTVQK,0,1,0.0
A1E89HMO64W7P6,0,1,0.0
A2S2OG27OP2JDY,0,1,0.0
AZ4M9TWB8ZW63,0,1,0.0
A3CUWRVAKGEFHL,0,1,0.0
A2FOS8JNPITAMC,0,1,0.0
A360GABZW288X7,0,1,0.0
A2H80XRLO5LPU5,0,1,0.0
AVJL8MZ07K22K,0,1,0.0
A1PKC189XN1Q8,0,1,0.0
AM4XF7DFRDD6M,0,1,0.0
A2YMH397HE8D0Y,0,1,0.0
ADF86HAB3K6EF,0,1,0.0
A3S3F6PBF0PA91,0,1,0.0
A2AJDCY5XJDTYH,0,1,0.0
A1NC3I05U5BQ2P,0,1,0.0
A26KGF6LOYU4F0,0,1,0.0
AYRDMFX7ZWLH4,0,1,0.0
A6Y8G4A9DM7VK,0,1,0.0
AFBPWRW6HBLDF,0,1,0.0
A1V132OHH8UFCO,0,1,0.0
A2QHFJQX3Z2WU6,0,1,0.0
A3LCOCCWI7B95F,0,1,0.0
A22W0MPWNJSWA1,0,1,0.0
AQP1QWPHVYQ2R,0,1,0.0
A15TZXUC8B98B7,0,1,0.0
A1HZWQQ6KHLVIP,0,1,0.0
A1JVZ2XY38VEF,0,1,0.0
A70YGMFQTPYEC,0,1,0.0
AF9GHFH7O50ET,0,1,0.0
A3M092JAVYA0EM,0,1,0.0
A36DWWV2RBTIM9,0,1,0.0
A3I2AIBC3CYQMH,0,1,0.0
ATW9780A01S7J,0,1,0.0
AUZPD6XI11Z3E,0,1,0.0
AZAG6POORO16Y,0,1,0.0
A3SMWBV1QHQ3AA,0,1,0.0
A2J6X7G22CPSOB,0,1,0.0
A1GZHVBEF2MDGR,0,1,0.0
AA0TCIQ0BQSZP,0,1,0.0
AHY3LIK8QYUY,0,1,0.0
A3L2D08MNW82NC,0,1,0.0
A307D760B04CAJ,0,1,0.0
A1SC08CZO53RV3,0,1,0.0
A8NVIXC75F7LF,0,1,0.0
A2DIZRC71BBUXZ,0,1,0.0
A3HFNEDU0KSYVR,0,1,0.0
A1U9UCFXFR47KM,0,1,0.0
A20PGQFWRTJLW,0,1,0.0
A132H66QDUL54L,0,1,0.0
A2ZKZFCPLF0ROJ,0,1,0.0
A2GWDDQNDHE20V,0,1,0.0
A2QU5F21WQIQ6J,0,1,0.0
A9VQXTNY9XKG6,0,1,0.0
ANO7EAXPYVRB3,0,1,0.0
A1UDKNAO4HXJEE,0,1,0.0
AHU9AJXPMF7R1,0,1,0.0
A3J1RP6WISTKU4,0,1,0.0
A1EC3HRQO7HR6D,0,1,0.0
A1FW52YQ81XQ7A,0,1,0.0
A1TZA48YEGATDV,1,1681,0.6059
ANFGKQ2G4LEKM,1,1681,0.6059
A2WCZZ304SM5HC,1,1681,0.6059
A3VED9GZ59WUV5,1,1681,0.6059
AIWM3C7MT397S,1,1681,0.6059
A3QG32P5IF3JAK,1,1681,0.6059
A2GB8OLVW6Q1QI,1,1681,0.6059
A2TZTKQWJXVK3E,1,1681,0.6059
AK1JDQDIX0OWJ,1,1681,0.6059
A1FAETFXIWAELQ,1,1681,0.6059
A1ZFM7VYC7H,1,1681,0.6059
A1O4EE9BSP83IG,1,1681,0.6059
A1ZTX1KCF895LW,1,1681,0.6059
A5CX29PQEAKAX,1,1681,0.6059
AMLXY5B95T869,1,1681,0.6059
A2VZHBZXSPEWXQ,1,1681,0.6059
A24B990VP9QC6C,1,1681,0.6059
A1NYKC09CETMCV,1,1681,0.6059
A4SD8F79JBYG2,1,1681,0.6059
A8X9DON2E1CHN,1,1681,0.6059
A1EAXVLKPVL8W5,1,1681,0.6059
A2EDWI5EGP4V9N,1,1681,0.6059
A1ZM846Y7AUYD,1,1681,0.6059
A19JGPUJAX048H,1,1681,0.6059
AGVH2UVB4QZSS,1,1681,0.6059
A3QSM5XHPL1T6Y,1,1681,0.6059
A38MQHVEICK46P,1,1681,0.6059
A29VOCZXMYJWUX,1,1681,0.6059
AVMZSQQ5ZG3EM,1,1681,0.6059
A4ETDBJYSJEUZ,1,1681,0.6059
A1MZ23CWJSKOOG,1,1681,0.6059
AQGDI4H921BOU,1,1681,0.6059
A2MT9P1UIHX0RX,1,1681,0.6059
A2NOZB6VZCTOI4,1,1681,0.6059
A2R1HAXRNU0QX7,1,1681,0.6059
A3HH340REI4J47,1,1681,0.6059
ADZIJQN6MNRAB,1,1681,0.6059
A3G9FZJ3WMNHA4,1,1681,0.6059
AQ363X9VQLD84,1,1681,0.6059
A236XRE6MLXPKY,1,1681,0.6059
APYK8PLTDISMD,1,1681,0.6059
A33SX0AD5PYD9B,1,1681,0.6059
A1I90PS9LGMS6V,1,1681,0.6059
A17V2N0N8CXSA9,1,1681,0.6059
AHVM1K3YGXMAE,1,1681,0.6059
A3M6S7Y1FNPOLD,1,1681,0.6059
A174P9KKDTL25G,1,1681,0.6059
A3GEDRZKWRT2HF,1,1681,0.6059
A1MZL91Z44RN06,1,1681,0.6059
A2JP9E1H0SF392,1,1681,0.6059
A5U5T6EWH90O0,1,1681,0.6059
A2J6204NT47JRU,1,1681,0.6059
A1522TN5FVJL0Y,1,1681,0.6059
ADVNOBKDZROPH,1,1681,0.6059
A1O4VYJPIK20V,1,1681,0.6059
A248KGTZCTI93,1,1681,0.6059
A22WIR0R5KSX8D,1,1681,0.6059
A385HZRPXDDFCL,1,1681,0.6059
A2B8GXSCB1R05T,1,1681,0.6059
A8ZEIMTD8NDOV,1,1681,0.6059
A31T1AW7P3S3QQ,1,1681,0.6059
A2L2CLFLIXDUJ3,1,1681,0.6059
AQ831E972J4VI,1,1681,0.6059
A28RSMADFCBJDT,1,1681,0.6059
A3QYAZL1LKMRZK,1,1681,0.6059
A2RHZGIN762ZAG,1,1681,0.6059
A1FNKB7Q8KG6YS,1,1681,0.6059
AJLG4KTC18BYI,1,1681,0.6059
A209NTWL1FX6ZD,1,1681,0.6059
A1YM24Q77XM51N,1,1681,0.6059
A1EOMH79B2ES81,1,1681,0.6059
A20D4TBKQR9UP3,1,1681,0.6059
A2CUWCJHUPGL9W,1,1681,0.6059
A22QIJY2CB21MV,1,1681,0.6059
A2VYSW6T63JF2W,1,1681,0.6059
A2C6DOEV3JWJO4,1,1681,0.6059
A1ER5AYS3FQ9O3,1,1681,0.6059
ASDCYQT0UQ1ZF,1,1681,0.6059
A3MDA891A1EPT8,1,1681,0.6059
A1O3F59IIEQHJZ,1,1681,0.6059
A21SL94J53BDS9,1,1681,0.6059
AAJ7RUTWEYC3B,1,1681,0.6059
A3D1NSB3FMPTMM,1,1681,0.6059
A1YH6DMZOS59A2,1,1681,0.6059
A2W5S26XTAFD97,1,1681,0.6059
ACPV29SBTSTBS,1,1681,0.6059
AF3D31QX07BWW,1,1681,0.6059
A8J3GET1NMLG2,1,1681,0.6059
A2SATJUL36PAQM,1,1681,0.6059
A111WCUF5KA2I6,1,1681,0.6059
A245847KYYDMSN,1,1681,0.6059
A6T02WJLLG3X6,1,1681,0.6059
AJNZQZVL8MG6P,1,1681,0.6059
AN7ZTHQEJLJW,1,1681,0.6059
A1VLDSX4ZQOXQW,1,1681,0.6059
AIL8Q0STSY5Y5,1,1681,0.6059
A1W7Y3WRS82EBK,1,1681,0.6059
AKMLTHX647BDH,1,1681,0.6059
A1WD4LZGXZYPZ5,1,1681,0.6059
A1L5W03GVEG7DE,1,1681,0.6059
A1508N0BTINOGU,1,1681,0.6059
A3OZA8HNJM26DC,1,1681,0.6059
A3PBNFUWTZCUFF,1,1681,0.6059
AN92S28RV1FQ4,1,1681,0.6059
A30CLL9WM1ZJL3,1,1681,0.6059
A2UTHRUDG8DP07,1,1681,0.6059
A18G913CY3JSA1,1,1681,0.6059
A2IYPAYDVV6ZZV,1,1681,0.6059
A2P6J6KGQL4Y8S,1,1681,0.6059
A3L9E7ZRZS42HN,1,1681,0.6059
A6F2N4ZICYHTU,1,1681,0.6059
A2CNK3GG9IOCWK,1,1681,0.6059
A1PFG03IJCKUI3,1,1681,0.6059
A2SONKFWNN2R2R,1,1681,0.6059
A1MVTXOZOM5AYE,1,1681,0.6059
A3AIBJ1EKW4AZ4,1,1681,0.6059
A2NMY5UF624JGE,1,1681,0.6059
A2RDSGNN39CECE,1,1681,0.6059
A33YZNZIRA3H97,1,1681,0.6059
A27CTW0GPEE0AZ,1,1681,0.6059
A3GCWRUCFAMZF5,1,1681,0.6059
A30AIF9C8AK6OB,1,1681,0.6059
A129ODJ5LISTF8,1,1681,0.6059
A19RE9LBQIX90B,1,1681,0.6059
A25PPBVUVZMOT3,1,1681,0.6059
A33HRCX7I3P7GK,1,1681,0.6059
A25BK2HR4BWY9A,1,1681,0.6059
A3R19YKNL641X3,1,1681,0.6059
A2992O1JIXOHP7,1,1681,0.6059
A2UW9WI22QKMZE,1,1681,0.6059
ABOKSGJ7EFF0G,1,1681,0.6059
A1XGLRNFZMWXX1,1,1681,0.6059
A2VIUUWR7B11KS,1,1681,0.6059
A23NSKTMSPPBTR,1,1681,0.6059
A19PU25XXOA33T,1,1681,0.6059
AJBLCBYL4VG8X,1,1681,0.6059
A337UU54VPYJLP,1,1681,0.6059
A2NXAV1SNXWA9H,1,1681,0.6059
A2GV7L9LPZCZXN,1,1681,0.6059
A37ODKCLWL2D1U,1,1681,0.6059
A2BJ9I0BQ1LH5S,1,1681,0.6059
A2TM97N0X3DM7D,1,1681,0.6059
A3J2N3MC99CLB3,1,1681,0.6059
ABLV9L4MQO7ER,1,1681,0.6059
A2MC05CQGEXRDS,1,1681,0.6059
AZC2D47OPF5I2,1,1681,0.6059
A3UWE1FEN3VFUF,1,1681,0.6059
A1XDMYX8QOW07N,1,1681,0.6059
A1959BRLKVD2JB,1,1681,0.6059
A3G3LITI9EWHPM,1,1681,0.6059
A2OGD55O0KF31J,1,1681,0.6059
A3IY8S20GL2IP4,1,1681,0.6059
A39ANGL5T77E0B,1,1681,0.6059
A2Y739CRM15WDL,1,1681,0.6059
A2SH7OWE8QJYNC,1,1681,0.6059
A3H9FJL67HJA3D,1,1681,0.6059
A32HCP37MHXUUY,1,1681,0.6059
A2DHHUN5URIODB,1,1681,0.6059
A1NRMTQ5SZPZA,1,1681,0.6059
AFBUDZ63FOLVS,1,1681,0.6059
AA6176V2HKG16,1,1681,0.6059
A2V7QXV0H1ZVDE,1,1681,0.6059
A25ADO5HATDK0Q,1,1681,0.6059
A1ZZJ4M0TG3INS,1,1681,0.6059
A10ZBR6O8S8OCY,1,1681,0.6059
A2WR2QBMR00X7C,1,1681,0.6059
A2D1EMS4E6Y0NV,1,1681,0.6059
ARSQ2F9U315WG,1,1681,0.6059
A9O1YRZAT1I1X,1,1681,0.6059
A5K5DIDKAML5C,1,1681,0.6059
A35X2JJI49OBZP,1,1681,0.6059
A1GFSTPTJO4PAH,1,1681,0.6059
A2YEOR4XJ8N3QE,1,1681,0.6059
A3AW81UKSWXEIO,1,1681,0.6059
A2Q6VIQLGXXLGD,1,1681,0.6059
A2GT7O90KSO9RE,1,1681,0.6059
A2GGNKPGMWI2WQ,1,1681,0.6059
A36UQDBO05QJ0R,1,1681,0.6059
A2NYVKZP11SDMK,1,1681,0.6059
A1LAGS8H4A2DR7,1,1681,0.6059
A2ZRSG04YX4S9J,1,1681,0.6059
A2ERFGMJH41TRE,1,1681,0.6059
A3NLJZI5NEOT0K,1,1681,0.6059
A1CYK2VYWWRL5X,1,1681,0.6059
AWZXZL8P7UYON,1,1681,0.6059
ABWDNZW06BSN5,1,1681,0.6059
A2LK7WJS4REDTQ,1,1681,0.6059
A1EUBSMH1KPA9N,1,1681,0.6059
A32Z0J8VFYSFP1,1,1681,0.6059
A2770L049T8HKI,1,1681,0.6059
A1GYEGLX3P2Y7P,1,1681,0.6059
A25PYMGLCQKSSG,1,1681,0.6059
A3U52V5ZAHZZKU,1,1681,0.6059
A37Y3E9YI7W3JD,1,1681,0.6059
A2B38WJFTN6MRB,1,1681,0.6059
A3PM5DH1D3E1EI,1,1681,0.6059
A2SLT4L9C7W5LM,1,1681,0.6059
A2M5LB2BOQB1VL,1,1681,0.6059
A1VS8RYGAXK551,1,1681,0.6059
A1M92239OM8KPO,1,1681,0.6059
A1XB7JGJ459ERP,1,1681,0.6059
A2DT4LXC3A0PE8,1,1681,0.6059
AWP5F6CCNM1LZ,1,1681,0.6059
A1BJUMKKRLK9XX,1,1681,0.6059
A2UGYHNUISVGYP,1,1681,0.6059
A1YTDX66UFKMQW,1,1681,0.6059
AW4PWW4MM7NCO,1,1681,0.6059
A1LL5FO74L2KPQ,1,1681,0.6059
A4QCYNKAT2UN,1,1681,0.6059
A28621TSIR5EOG,1,1681,0.6059
A1LXBIDWACC4TS,1,1681,0.6059
A1FQFDCXTGY1PU,1,1681,0.6059
ARFCORBCTKX1J,1,1681,0.6059
A2997T4X2GJF7C,1,1681,0.6059
A28I98PKHZZKVB,1,1681,0.6059
ASJ0MKRFZC47B,1,1681,0.6059
A142J8H87K9W54,1,1681,0.6059
A3DQWFWINN3V5A,1,1681,0.6059
AZZYW4YOE1B6E,1,1681,0.6059
A3OU1EOI9ESAJ1,1,1681,0.6059
A368SHGLVX8Z85,1,1681,0.6059
AUN6B2USJ4EAT,1,1681,0.6059
A2T1S6MU2H0FKK,1,1681,0.6059
A2ZT5LYQVJQJAU,1,1681,0.6059
A3UC3YT2E65LZO,1,1681,0.6059
A36IHC0K68NS2,1,1681,0.6059
AIW4CHZOM5W7D,1,1681,0.6059
A1BFG247EAD7ZL,1,1681,0.6059
A11C2FBX83TS07,1,1681,0.6059
A2X674TN3P7AVU,1,1681,0.6059
ARRJAV2KHRXIM,1,1681,0.6059
AAO3HB5GFT0IN,1,1681,0.6059
AGFW667QNHDOY,1,1681,0.6059
A2CW9GKMNFAU6R,1,1681,0.6059
A3KDO3XV0MK1GX,1,1681,0.6059
A29V0DD2IE8Z1,1,1681,0.6059
A6BJWBPA4P2S4,1,1681,0.6059
A3BZUQXA2QHDI2,1,1681,0.6059
AL4SB31UAZLXL,1,1681,0.6059
AOQ2V2E7XA5IH,1,1681,0.6059
AT66IKVKXSI46,1,1681,0.6059
A32O98PFC3OP7K,1,1681,0.6059
A2BFH1VK6JTYNV,1,1681,0.6059
A3TBTRRK100RIZ,1,1681,0.6059
A345R93H7ZN1JT,1,1681,0.6059
A2FBFB9G5IIR9,1,1681,0.6059
A3JX1D26WFEXOS,1,1681,0.6059
A7C85BP9H7UGE,1,1681,0.6059
A1P51R2I1JDI5J,1,1681,0.6059
AT1RF4WNPGGLC,1,1681,0.6059
A1GQ3O1OSII58G,1,1681,0.6059
A180IQJFK1MNQV,1,1681,0.6059
A313H6238N589,1,1681,0.6059
A2MTSYMQ1IK98L,1,1681,0.6059
AL18MV3HEGJJ3,1,1681,0.6059
A2D2VE1GPKT8YR,1,1681,0.6059
A2X11U5JCPGBAT,1,1681,0.6059
AAV05XDUKH2Q8,1,1681,0.6059
A1R5UPSOH21D3D,1,1681,0.6059
A2MQMQG85PNI7C,1,1681,0.6059
A9PWX5IY0R2XW,1,1681,0.6059
A2ZXBFBA7EKYNR,1,1681,0.6059
A2HR9WDG4G93UK,1,1681,0.6059
A3BIUVACFBRBGX,1,1681,0.6059
A3KMYHC1E69P32,1,1681,0.6059
A3QVAVJEBPMGBB,1,1681,0.6059
A2ZO2WKMD42MI,1,1681,0.6059
A3NM0RAYSL6PA8,1,1681,0.6059
A28XEHA0BN9OUB,1,1681,0.6059
A2QYD9ACMOG9AU,1,1681,0.6059
AFVISOZWL410F,1,1681,0.6059
A3A6BXU6KC9X43,1,1681,0.6059
A3882RXW8MO4J4,1,1681,0.6059
A2BP7QSZORLM64,1,1681,0.6059
ANZGC4YCEQC6W,1,1681,0.6059
A6XDZ1MJ0B1A2,1,1681,0.6059
A2JE071UW97J2A,1,1681,0.6059
AIWS26QOVOATT,1,1681,0.6059
A13MWIJU54DJEC,1,1681,0.6059
A3V7TIQP76LTZP,1,1681,0.6059
A1PVX61PRPVX27,1,1681,0.6059
A6R1QTUCT0PDL,1,1681,0.6059
A10L3Z0WNJCYKI,1,1681,0.6059
A4UFU4WKYEUGO,1,1681,0.6059
A2H0T0PY5IMEFX,1,1681,0.6059
A1DIPRCCJ3XBIZ,1,1681,0.6059
A1PPDBGCKM9AM0,1,1681,0.6059
A21F89WDF80KED,1,1681,0.6059
A171DCQMND21L6,1,1681,0.6059
APFGI8278CTA2,1,1681,0.6059
A38XFBDC2Q1FRV,1,1681,0.6059
A268EEWUXYCA8Q,1,1681,0.6059
A2WAODVHIPS6U3,1,1681,0.6059
A2KR1481ARVYNP,1,1681,0.6059
AFXNXN8TMGKZF,1,1681,0.6059
A8BGFC6VK46OW,1,1681,0.6059
A214IT5L6ATWG3,1,1681,0.6059
A3QRW0UJPKIAX7,1,1681,0.6059
A3VQFUAB6WQXMU,1,1681,0.6059
A1NIU727LAF4BA,1,1681,0.6059
A1UQRSCLF8GW1T,1,1681,0.6059
AKFTR2Z33Y0BJ,1,1681,0.6059
AFQDG0BKGQ6BK,1,1681,0.6059
A1YIIP1O16B0SB,1,1681,0.6059
A2DLDLDTV3951N,1,1681,0.6059
ACWTHJJQCYG03,1,1681,0.6059
AXXMNABHZCKI3,1,1681,0.6059
A3K6Z80X3DK8OV,1,1681,0.6059
A3QTIH4K1OYIQI,1,1681,0.6059
ACEGMV8RTBL8H,1,1681,0.6059
A2RA6L4F4QLNWE,1,1681,0.6059
A3LCRHFTUB2AGS,1,1681,0.6059
A1B80MVU7ZODF9,1,1681,0.6059
A1BC8Y3P50D0KG,1,1681,0.6059
AWVWTHNZWQ6G7,1,1681,0.6059
A1T33RGNQ83IGJ,1,1681,0.6059
AGRK0C0FGMQKK,1,1681,0.6059
A15CL28ALB7MTZ,1,1681,0.6059
A1SPGBQ7MX0HFZ,1,1681,0.6059
A184ZFZZBWEXMS,1,1681,0.6059
A3CQXDCHHMBC1,1,1681,0.6059
A2WWY5ZRADZRZY,1,1681,0.6059
AEE09CTHJUKXR,1,1681,0.6059
A3P20M898R18T8,1,1681,0.6059
A19EWWCKANUXOY,1,1681,0.6059
AGMK7YDO9AIWP,1,1681,0.6059
A25NCR4LJ62EZN,1,1681,0.6059
AE097AM7851QN,1,1681,0.6059
A26LQSC65AMTGK,1,1681,0.6059
AXY9UT706CU8,1,1681,0.6059
A1SIA07X88TTL6,1,1681,0.6059
A2QDOJFFLFGF18,1,1681,0.6059
ACQYIC13JXAOI,1,1681,0.6059
A1D2HUL3IYSPS1,1,1681,0.6059
A1E55W6ES0FY17,1,1681,0.6059
A2PYJXSM0P4YL8,1,1681,0.6059
A3PE884TA8529G,1,1681,0.6059
A1IDAKX7OM3QIE,1,1681,0.6059
AGUXXFCVUZ8HK,1,1681,0.6059
A1HBEQWSMVQEWJ,1,1681,0.6059
A1XM302GQAWYG,1,1681,0.6059
A3RZOPQ42Q50B1,1,1681,0.6059
A5IB4TLAEY7SU,1,1681,0.6059
A1ZENOWBU7SFRD,1,1681,0.6059
A2QSBOAAGW1I1H,1,1681,0.6059
A3MECTXMXYC8XZ,1,1681,0.6059
A3MFORLOKIOEQY,1,1681,0.6059
A2Q6XGKWNW3LLC,1,1681,0.6059
A1FBX5QCYV4S9U,1,1681,0.6059
A33CL9Y8Y90652,1,1681,0.6059
A2VIP1K8YKIX2U,1,1681,0.6059
A1MXX1K2N7RMQY,1,1681,0.6059
A3207R1RILQLRO,1,1681,0.6059
A2BQ9WCDW3JF1,1,1681,0.6059
A20TGNYMK0CO1L,1,1681,0.6059
A25KKXUQQ0OLWB,1,1681,0.6059
A2JQ8IZWUZ18TK,1,1681,0.6059
A22G1YTUVN14MN,1,1681,0.6059
A3GVK4BH4Z7XJ1,1,1681,0.6059
A3QCC7PV6EG4YC,1,1681,0.6059
A2AZIQJGBLU7WN,1,1681,0.6059
A13E0ARAXI6KJW,1,1681,0.6059
A2E1EFNIZL2FVA,1,1681,0.6059
A3FWVV13DJELLV,1,1681,0.6059
ANTOV8XD0YB0W,1,1681,0.6059
A3VBXQKRM7A4JR,1,1681,0.6059
A1SZJC7I20X82N,1,1681,0.6059
A1ONZ8JRPLBNUI,1,1681,0.6059
AIWDGRTLV7IQF,1,1681,0.6059
A2LJI7KTRDOB75,1,1681,0.6059
A34YGCAGMN6R21,1,1681,0.6059
A1509YCCYCYQQ3,1,1681,0.6059
A1OE0G5XIG9EA2,1,1681,0.6059
A12YEFKGOAJQ5M,1,1681,0.6059
A334TNUXZ3AEXI,1,1681,0.6059
AQXME4FKZVR4S,1,1681,0.6059
A54GN0U250O8M,1,1681,0.6059
AUUQQEUWUHEEL,1,1681,0.6059
A2PREU4LOFQRB1,1,1681,0.6059
A2N7PIXYHW7GLC,1,1681,0.6059
A1T17BYSWE5QBE,1,1681,0.6059
A2GCQ9R1QIUDS2,1,1681,0.6059
A2U3Y1Z6H7PE4G,1,1681,0.6059
A11DD4IJZ4NCNT,1,1681,0.6059
A19ZRAIDBMQD7M,1,1681,0.6059
A6GDUWATWOH8B,1,1681,0.6059
ABY803BNE9PJG,1,1681,0.6059
A18S2VGUH9SCV5,1,1681,0.6059
ADE9Y7MODO51A,1,1681,0.6059
AM9HWE7DE791U,1,1681,0.6059
A3EAP2VG0BVYWX,1,1681,0.6059
AW0WNX2VH05NI,1,1681,0.6059
A2XQCM6C945HSO,1,1681,0.6059
A34L9NGKXTZSI9,1,1681,0.6059
AIBRTGBN07D6A,1,1681,0.6059
A361U4SXK7FCQE,1,1681,0.6059
A1WUQF5HWBAQJU,1,1681,0.6059
AEV9CT81N33CR,1,1681,0.6059
A3NDUBKYPI47N2,1,1681,0.6059
A2D9P8DLLQAPNQ,1,1681,0.6059
A1LD5SE8IZ1H70,1,1681,0.6059
A1QW3EKVYMIJSC,1,1681,0.6059
A1J84A22V4PNOM,1,1681,0.6059
A225G2TFM76GYX,1,1681,0.6059
A27LQUWEFHLJB0,1,1681,0.6059
A2ALX5U55NTGTL,1,1681,0.6059
A1A5FHAPYTNF45,1,1681,0.6059
A2RQOO8VYAEZZG,1,1681,0.6059
A2AS90DPWN2LMY,1,1681,0.6059
AE12AEJFCOGGY,1,1681,0.6059
A6VXZ1EEPRTLV,1,1681,0.6059
A3EWUMHYMPD7IB,1,1681,0.6059
A2EJW0EMH7LVHG,1,1681,0.6059
A206U97FPE48UV,1,1681,0.6059
A2OZWIOU6BXPL6,1,1681,0.6059
A35DCM2NQ1DNER,1,1681,0.6059
A5JLAU2ARJ0BO,1,1681,0.6059
A3HAU9RI9D07F7,1,1681,0.6059
ALNAXN9SFT7BB,1,1681,0.6059
A3H4TIVTTA5IBB,1,1681,0.6059
A2QG1DSSFY43DW,1,1681,0.6059
A2HRXKTNDTAI8M,1,1681,0.6059
A6WJQ1C01N36K,1,1681,0.6059
A3KHBD3YRNY5WO,1,1681,0.6059
A12253AMYN39IP,1,1681,0.6059
A2QL3AISOKZCX3,1,1681,0.6059
A2YK7YPFT0FNVK,1,1681,0.6059
A18Z7ICRLVHBBP,1,1681,0.6059
A1XGSO32S3SKKS,1,1681,0.6059
A3MFGULNTMAJS9,1,1681,0.6059
A15MM78R3WY34F,1,1681,0.6059
A1KO6FM2PGCYC8,1,1681,0.6059
A1QRY1FPUW7DKU,1,1681,0.6059
ASNGWRZ0USEBU,1,1681,0.6059
A1RLWLTDC4B0LL,1,1681,0.6059
A3PD8JD9L4WEII,1,1681,0.6059
A1A2VXX90FYSB4,1,1681,0.6059
A1W37Q4SNUP69Y,1,1681,0.6059
AWG569JBE8EPL,1,1681,0.6059
A1H2O4ES4WPIQA,1,1681,0.6059
A31LPS0TOFNNOT,1,1681,0.6059
A3DECRYWZZM0SO,1,1681,0.6059
AEDFR5E06UPJW,1,1681,0.6059
A10ZWUOV6ULAAB,1,1681,0.6059
ASC3KCX0KU1GX,1,1681,0.6059
AS8VENYN17UTI,1,1681,0.6059
A2LEMVH8KA7DX6,1,1681,0.6059
A8311F1VOH1PO,1,1681,0.6059
A3NHUQ33CFH3VM,1,1681,0.6059
A3JQ58CZBV3FOZ,1,1681,0.6059
AUM9XEFU0G6FI,1,1681,0.6059
A1UE5IY4M7II1Y,1,1681,0.6059
A2JJMK095BFJRE,1,1681,0.6059
A2VQECD0DA38E,1,1681,0.6059
ATTW9S95QG3XT,1,1681,0.6059
AZE2ZP618W1EP,1,1681,0.6059
A356NXEBZRMYHX,1,1681,0.6059
A3F7IUGLIDU9IM,1,1681,0.6059
A3610IT0GYY2HU,1,1681,0.6059
A2AB4H9JQJGJEE,1,1681,0.6059
A14LG64GIVZIGS,1,1681,0.6059
A9MGHMVZMJL9Y,1,1681,0.6059
ANZLKWV7VUBXX,1,1681,0.6059
A3C0RJHV2BZR7J,1,1681,0.6059
A1XDU24CZ4XI1D,1,1681,0.6059
A1WSFIJRJLA1JL,1,1681,0.6059
A2SDZU40PD9WSY,1,1681,0.6059
A2C1G0L954QFCH,1,1681,0.6059
A3FGOOWBV8SUCA,1,1681,0.6059
A2DYMDOAJURO5F,1,1681,0.6059
ALDAF4VVLFRHP,1,1681,0.6059
A73N4TGUPZV7V,1,1681,0.6059
A346BFBYE6DZAD,1,1681,0.6059
A3VVFDWY855EEP,1,1681,0.6059
AKI21YOBXB5JH,1,1681,0.6059
A18NSH50T6W3NG,1,1681,0.6059
A1SMD64UCU1OY2,1,1681,0.6059
A25GQZCRG71ACD,1,1681,0.6059
A27AF4DLLOBQDQ,1,1681,0.6059
A3MZZU5Y2INTU1,1,1681,0.6059
ALEUQQE118NEW,1,1681,0.6059
A1PPS91NLI7KEH,1,1681,0.6059
A2WGSEXR7TNZM5,1,1681,0.6059
A337U81HJ55SRB,1,1681,0.6059
A25TNBMJ4ZO7RD,1,1681,0.6059
A2XT8C2ASRLF2M,1,1681,0.6059
A3TOTZ8JPY4THV,1,1681,0.6059
A39M0KYKJSR2AV,1,1681,0.6059
A2I07R4RMFIG0W,1,1681,0.6059
A1PC9U058GVWEZ,1,1681,0.6059
ANSFRRLSKV39G,1,1681,0.6059
A3JX979OZAUECT,1,1681,0.6059
A3DZFEICHK5LF2,1,1681,0.6059
A3SQ3W73LZECJV,1,1681,0.6059
AIV0YBBAOU26I,1,1681,0.6059
AZ0TTQY6728LE,1,1681,0.6059
A241PBKK8RQUFW,1,1681,0.6059
A26LTNHYVA12RR,1,1681,0.6059
A1MANEX1U5T8JH,1,1681,0.6059
A3H3CBID5TL2DA,1,1681,0.6059
A35M5X7LV6QLFT,1,1681,0.6059
A29PQH8RIUG4KZ,1,1681,0.6059
AOJ6HB7JC3V95,1,1681,0.6059
A1Z7FZP81N8CDU,1,1681,0.6059
A3UYBRB74RJFXB,1,1681,0.6059
A3R3KMN9V95D5T,1,1681,0.6059
A3DCFG1N5AS2LZ,1,1681,0.6059
A1HJQOKGJUHFYN,1,1681,0.6059
A32E39AHV2YO9Z,1,1681,0.6059
A14ENWEKTHCBXR,1,1681,0.6059
A3H2DTODV3M1QS,1,1681,0.6059
A1UH86IOGSZ0V2,1,1681,0.6059
A1FH14TQSVDH1X,1,1681,0.6059
ANEDXRFDZDL18,1,1681,0.6059
A2R49ZN3G6FTCQ,1,1681,0.6059
A8GXR32W4K6JO,1,1681,0.6059
A8YWUV45T5G18,1,1681,0.6059
A1SD1C8XK3Z3V1,1,1681,0.6059
A1831FGEZY32GB,1,1681,0.6059
A3FQZH8PJB535A,1,1681,0.6059
A3SRDVCD2ATIIS,1,1681,0.6059
A3IUW081KXD3PE,1,1681,0.6059
A17RWEME19SOB3,1,1681,0.6059
A2LW5AL0KQ9P1M,1,1681,0.6059
A34O53HKDQGM3U,1,1681,0.6059
A1C7OND1J2PFEE,1,1681,0.6059
A1UNMXKAYOF8IT,1,1681,0.6059
A35Z6A2J7CFW2,1,1681,0.6059
AB0ZI13CLWPL6,1,1681,0.6059
A3MSXYMTCN2Q1Z,1,1681,0.6059
A145B8OHVNNFAJ,1,1681,0.6059
AKLUFVL8A311U,1,1681,0.6059
ADYGE1FVW9U72,1,1681,0.6059
AMVJ9LHG7EFBG,1,1681,0.6059
A1XEN6BXNBLT2,1,1681,0.6059
A3D78E6Q2YTTNN,1,1681,0.6059
A1S99OD30G9PBP,1,1681,0.6059
ACA0VTA4HXZNM,1,1681,0.6059
A1JWY8AD348TYA,1,1681,0.6059
A2L49Y2XZFL4X5,1,1681,0.6059
AP8IOGZJC9CPY,1,1681,0.6059
A1PI8VBCXXSGC7,1,1681,0.6059
A21TXJ4W2ZXZ5M,1,1681,0.6059
A28OZBLQKKYGOR,1,1681,0.6059
A1LN1BE872K7DH,1,1681,0.6059
A2LHA4VVONDTKC,1,1681,0.6059
A1VJDSSUNIHVCQ,1,1681,0.6059
AXRPLD8BC0UDY,1,1681,0.6059
A22HDITL5OS7KE,1,1681,0.6059
A29YKT85YFAY87,1,1681,0.6059
AY1EU52Y141ZY,1,1681,0.6059
A2DQNUAKCHXLPD,1,1681,0.6059
A1CHKAWX7FAOM4,1,1681,0.6059
A26KTMCE1DY2P2,1,1681,0.6059
A3H3HZGVI37AQJ,1,1681,0.6059
AQQBS3F0XW3GC,1,1681,0.6059
A32UYROEFWE7VH,1,1681,0.6059
A5DNDIWL0SW37,1,1681,0.6059
A1K79WE0CM2ARY,1,1681,0.6059
A2AMK2RV8YEAS1,1,1681,0.6059
A188Z4OYGLUOE6,1,1681,0.6059
A1PMV383GPQ7G2,1,1681,0.6059
AOP2ZRNSHY2Z3,1,1681,0.6059
A2AGI5DX5BKE7I,1,1681,0.6059
A213EJHBYE127F,1,1681,0.6059
A2K89ZPCC9MF6C,1,1681,0.6059
A3L8YH446HUCVM,1,1681,0.6059
ANW6EGY12V5XS,1,1681,0.6059
AHC5V0LEKN2II,1,1681,0.6059
AN8EPR2B5UMUU,1,1681,0.6059
A4BA6M0HBU56A,1,1681,0.6059
A27Q5M9ISPRKEW,1,1681,0.6059
A3N1ASTPM1GUKS,1,1681,0.6059
A6X1O3A5C5FX1,1,1681,0.6059
A3K14PAV2AXJAV,1,1681,0.6059
A3OE8046KWT42B,1,1681,0.6059
A122R2NTS8VO3G,1,1681,0.6059
A3VQ260CKD5X31,1,1681,0.6059
A26R7LLAFTPC3U,1,1681,0.6059
A1OGRLACOM3N48,1,1681,0.6059
A3NZGQ0RG93ZAG,1,1681,0.6059
A3KP2LB6GX8VCY,1,1681,0.6059
A135SILTA7MLTE,1,1681,0.6059
A2PMO6E76SR72O,1,1681,0.6059
ASYY5KQPUQCL7,1,1681,0.6059
AQGZS64X42K2W,1,1681,0.6059
A2I923LELEHM0,1,1681,0.6059
A306153FTKS9PL,1,1681,0.6059
AFHYEO3Y1IIDD,1,1681,0.6059
A22MXW4S7F1YDU,1,1681,0.6059
A29CJR2LAN3LJ0,1,1681,0.6059
A35C0YWI99ZPZ7,1,1681,0.6059
A3H2CKTFZ3B3GD,1,1681,0.6059
A10M0GF5ZFODYU,1,1681,0.6059
A2LNHYBQOTXH4K,1,1681,0.6059
A17HW66D6M1QUR,1,1681,0.6059
A2F7M6UCTAI4TM,1,1681,0.6059
A3TBMAWIIHKHFN,1,1681,0.6059
A2X1IIDFC7YSZI,1,1681,0.6059
A3DH53FPYSP9E,1,1681,0.6059
AG16PRCYMVTOA,1,1681,0.6059
A2DJJ0QOB6QCEU,1,1681,0.6059
A3LAZP5JAIVDVO,1,1681,0.6059
A26YD3S1QQLQBA,1,1681,0.6059
A163PDXNGQBQAE,1,1681,0.6059
ANMB89ON8576X,1,1681,0.6059
A2NMQWBDWT3SQF,1,1681,0.6059
A3TA1UJWRJF9NC,1,1681,0.6059
AISV534OKNAVM,1,1681,0.6059
AS8849FSQZKS6,1,1681,0.6059
A3A5VMQMYTLXV9,1,1681,0.6059
A3BNMHRW2R35LK,1,1681,0.6059
AYEU47H4KVG0H,1,1681,0.6059
A32X1RKETGGT9W,1,1681,0.6059
A1KJAMZ82D1Z44,1,1681,0.6059
A3KRL10VOIMOT,1,1681,0.6059
A1UARTCWSYXHGG,1,1681,0.6059
AO6U7AVUYDT15,1,1681,0.6059
A1YJ996WJ8EMFY,1,1681,0.6059
AIP7X9PXRM3KY,1,1681,0.6059
A1TEEA7B4U8QGN,1,1681,0.6059
ANEARFZ8JJB1W,1,1681,0.6059
A2IRXRHEIW5B2S,1,1681,0.6059
A5X1B2HBQUR3P,1,1681,0.6059
ABI7ZAFVUMU8G,1,1681,0.6059
A28RWJ08DPAKAI,1,1681,0.6059
AQWY903J4L3GK,1,1681,0.6059
A2VLK05BC8OTRQ,1,1681,0.6059
A146L0JWX6KKYJ,1,1681,0.6059
A59NGBUI2VYZS,1,1681,0.6059
A1T79FO0PY17M9,1,1681,0.6059
A16BJ1ZSJ5BJ0S,1,1681,0.6059
A1IKFAV2NSEWUX,1,1681,0.6059
A21WOB2CIZVMRX,1,1681,0.6059
ABQEDHBG91BBR,1,1681,0.6059
A3C31ZCNPF66SO,1,1681,0.6059
A326F499MZ3E4Z,1,1681,0.6059
A3OTWTGU8Y37SU,1,1681,0.6059
AMWXJ5YS0WFBS,1,1681,0.6059
A3DS0VAXL90E26,1,1681,0.6059
A16JKS53PQNLJH,1,1681,0.6059
A2FJ5NWS5LQ9LN,1,1681,0.6059
AHJ3Y5H9NAPAO,1,1681,0.6059
AGQFB60B5A1E8,1,1681,0.6059
A2CV33795L4KHH,1,1681,0.6059
A1E1L1OJZQI3OO,1,1681,0.6059
A22GB0C5DF01QW,1,1681,0.6059
A19RW25Q6206I3,1,1681,0.6059
A2L0WJMOT484GM,1,1681,0.6059
A30STJ6DT9RUMY,1,1681,0.6059
A34MI172G0EFSK,1,1681,0.6059
A2O45NYKDQCVOD,1,1681,0.6059
AT8TS7XTO8TIE,1,1681,0.6059
A3CA5SBRLFJUC1,1,1681,0.6059
AIFLY2HF8NS8U,1,1681,0.6059
A3W04G0GWQ9FSC,1,1681,0.6059
A101C99CG8EFUH,1,1681,0.6059
AVAL1T27UJ5HD,1,1681,0.6059
A32YB9U0KAVJCK,1,1681,0.6059
A1PN1SY3F4723D,1,1681,0.6059
A21CE99Y7OQU6Y,1,1681,0.6059
AVXC6UHG42PPW,1,1681,0.6059
A24687RNBOHWVJ,1,1681,0.6059
A3K0XRQ8U93TTA,1,1681,0.6059
AQKB53Z700U72,1,1681,0.6059
A2BU4VOM170W1Y,1,1681,0.6059
A3KZCNV1N8R9GC,1,1681,0.6059
A112N37IP3Y1HI,1,1681,0.6059
A1RFW9IZNK4A55,1,1681,0.6059
A21YSRCW64N5LI,1,1681,0.6059
A28IIVKXOE1ATF,1,1681,0.6059
A11X9HWN09P7MC,1,1681,0.6059
AB399AECXCDT8,1,1681,0.6059
A316RLHHO9Y24T,1,1681,0.6059
A3C2P53X7OVOKX,1,1681,0.6059
A3A7L06G2NO4QC,1,1681,0.6059
AJZNROJ3BYNT4,1,1681,0.6059
A22GLZ0P4MGO0W,1,1681,0.6059
A3CWDNDWKYVPFK,1,1681,0.6059
A2K6H0GJA067E4,1,1681,0.6059
A599O3M1DJKUR,1,1681,0.6059
AYNT5C1OET10E,1,1681,0.6059
A8W9CDKDLI8XY,1,1681,0.6059
A31HE83MU98GBV,1,1681,0.6059
A2B1OJ22IYM3NR,1,1681,0.6059
AYQP8XMHTG2YR,1,1681,0.6059
A39WU7E2QYISCH,1,1681,0.6059
ATDC0L7T08W18,1,1681,0.6059
A1741583PWMYLQ,1,1681,0.6059
A36WTQL2AW6NR5,1,1681,0.6059
AW6J9IILGOZY3,1,1681,0.6059
A1SGMPECIVAMD7,1,1681,0.6059
A3EQXYIGJPI497,1,1681,0.6059
A1CKSCU2E724ZU,1,1681,0.6059
A18LBGL7L9FEZV,1,1681,0.6059
A2TN0U8173HM7A,1,1681,0.6059
A20NB4UBW4WDKG,1,1681,0.6059
A3BIG91TAC5TWJ,1,1681,0.6059
A3AJN73TINRTA,1,1681,0.6059
AD2KEOIA6BSUZ,1,1681,0.6059
ABA2GCVCMVENO,1,1681,0.6059
A101L4HF0IZ33C,1,1681,0.6059
A1ZPRJWAVMCBVC,1,1681,0.6059
A3QU3O79AGNWCY,1,1681,0.6059
A29HT9J9U4QPV5,1,1681,0.6059
A1GCFTFXELCHRP,1,1681,0.6059
A23OKZ6JSAWSZT,1,1681,0.6059
ALVO51HPY14QX,1,1681,0.6059
ATKK7850YKQBV,1,1681,0.6059
A2J3MR64L567OK,1,1681,0.6059
A1T8N18XKDLJO4,1,1681,0.6059
A2I5LVVQ7WXEH6,1,1681,0.6059
A5KMMY627T3W,1,1681,0.6059
A1GUJGGRLM6V30,1,1681,0.6059
AJBF0L0KVJG8J,1,1681,0.6059
A2J8C06HW4Z8GB,1,1681,0.6059
ALC6LWQXBHIPG,1,1681,0.6059
A15CKZDUMULGOW,1,1681,0.6059
A1B3GNO9C8YX0N,1,1681,0.6059
AADASLP6FC00G,1,1681,0.6059
AYLLSFYS3UP1H,1,1681,0.6059
A3H5WKVJRED0BR,1,1681,0.6059
A1AX8QQ37VJSGC,1,1681,0.6059
A1L3I2Y8KLYM5V,1,1681,0.6059
AMO1MLSIJSQOF,1,1681,0.6059
AS6H78AHJTF38,1,1681,0.6059
A1V0EN4LERJJGZ,1,1681,0.6059
A1PU9GCX6AB40D,1,1681,0.6059
A3SVYWA9O1KUQV,1,1681,0.6059
A1U5IJHJK84S54,1,1681,0.6059
A1D3Y2KFYMTSS3,1,1681,0.6059
A1SNZZZ8ZY07WN,1,1681,0.6059
A1Q1T811N4IY3Z,1,1681,0.6059
A1TBH2PJAQHNGP,1,1681,0.6059
A28HCZYUF6A302,1,1681,0.6059
A3SRJ2JNFHWQBZ,1,1681,0.6059
A1PL1LD41AZAHF,1,1681,0.6059
AX4M2UC9D5UXJ,1,1681,0.6059
A1GWG5CWLKJ7ET,1,1681,0.6059
A1186VP35L3PE1,1,1681,0.6059
A226CVR2HHRRMA,1,1681,0.6059
A2IW0326MP3ZZZ,1,1681,0.6059
A38IE6LVA4181P,1,1681,0.6059
A3L9WR7LGB4ZZV,1,1681,0.6059
A1LAGJI9YDRH18,1,1681,0.6059
A6TO2PGST0GW3,1,1681,0.6059
AO09RWV40IX78,1,1681,0.6059
A3NL827F09Z00B,1,1681,0.6059
A2DKON9HPCYRHC,1,1681,0.6059
A26KXNN6H1IL0I,1,1681,0.6059
A3DHGK7RQ3OI9Y,1,1681,0.6059
ASP5ZEENZOF86,1,1681,0.6059
A13DOYABNZ49MV,1,1681,0.6059
A3FY1GXS48WR8B,1,1681,0.6059
A1SJCQKVGSHTZ4,1,1681,0.6059
A2HINDVMGI04Q5,1,1681,0.6059
ANTN61S4L7WG9,1,1681,0.6059
A180FNDDHI6R25,1,1681,0.6059
APZA8SXX9DMT8,1,1681,0.6059
A3S3R88HA0HZG3,1,1681,0.6059
A265W7V3DK6WC6,1,1681,0.6059
A1IPO4KOY2QKXT,1,1681,0.6059
A3P3JUJZ2MFW2M,1,1681,0.6059
ANVPLS56WCKL2,1,1681,0.6059
A346VOTWKT6OED,1,1681,0.6059
ARNEUO7BF3J55,1,1681,0.6059
A2O59M3ZBNSXEG,1,1681,0.6059
A2ZOJ0TES9MMDJ,1,1681,0.6059
A1SELTWFSOHSJV,1,1681,0.6059
A3A7Y3TSPPZU9T,1,1681,0.6059
A156KK9U5E8PE9,1,1681,0.6059
A11CPO8OUQPXL2,1,1681,0.6059
A3R5GTYQ50QVMD,1,1681,0.6059
A2YQICWD7C1F9U,1,1681,0.6059
A2PZ1W2Q4JQQWA,1,1681,0.6059
A1Q5ILYUGIB6XP,1,1681,0.6059
A1VLDSACAW8BFB,1,1681,0.6059
AQ1F3NP2G15S5,1,1681,0.6059
A2Q50A3MXUZTY7,1,1681,0.6059
A1F6PIIZ0ZHHD6,1,1681,0.6059
A4E9H23O2Q9SR,1,1681,0.6059
AEM5JDYC0TATE,1,1681,0.6059
A3T2F40NCAB6TO,1,1681,0.6059
AN1M29CUG0MG5,1,1681,0.6059
ACIHT0Y2I2YHF,1,1681,0.6059
A1JXGU255ZN7JJ,1,1681,0.6059
AID96A35CQO18,1,1681,0.6059
AOJW1NEG3A13Y,1,1681,0.6059
ABQWEL10KO46C,1,1681,0.6059
A397CWU6DM3O5G,1,1681,0.6059
A18VVXX4N85277,1,1681,0.6059
A25EHZNTPJ3OA9,1,1681,0.6059
A16TDHT7MD010,1,1681,0.6059
A3IVDLIXVJCRDQ,1,1681,0.6059
A2UN2RCYKJH0Y5,1,1681,0.6059
A3AWSD2KF5XGZ0,1,1681,0.6059
AGFUJAPEIOEXR,1,1681,0.6059
A39ZBGF2DWF8FY,1,1681,0.6059
A3RHFJXM8J5N7H,1,1681,0.6059
AWDLNOMB6IQ6S,1,1681,0.6059
A91451LWGKHON,1,1681,0.6059
A3MBRKEMNBASQ,1,1681,0.6059
A3L0JLM9CB0IW0,1,1681,0.6059
A209G57KXCBF4C,1,1681,0.6059
ACHTDPEQYSEQL,1,1681,0.6059
A1SXCGBJ9JW2MO,1,1681,0.6059
A2X7NBUETXC19E,1,1681,0.6059
A1T06CLHO7E4WZ,1,1681,0.6059
A1OPZ3BUTEL47R,1,1681,0.6059
A3PHKR5SYBONZ2,1,1681,0.6059
AXOY9UHP9HJNX,1,1681,0.6059
A1EH2S92FHWZRP,1,1681,0.6059
A3DWO5RJDA430F,1,1681,0.6059
A3VYDLL7WN5ZCM,1,1681,0.6059
AX329NHW6B7BA,1,1681,0.6059
A1ECSUGIKBGZMK,1,1681,0.6059
A2I7GAO9HAZS9V,1,1681,0.6059
A1E61SVSLDOWQZ,1,1681,0.6059
A1W3CEEQBJ4GTN,1,1681,0.6059
A1QE5F72CKM9QG,1,1681,0.6059
ATGZRB5HB3TLM,1,1681,0.6059
A3MJYQFHRYLUUB,1,1681,0.6059
A2BCE305MUUP8R,1,1681,0.6059
AWC8CTW8N2XVE,1,1681,0.6059
AWC97DS45VZA6,1,1681,0.6059
ALFKIVR4GXVWU,1,1681,0.6059
A33E89SN3A43L4,1,1681,0.6059
A3HOO29NMD09UN,1,1681,0.6059
A1XKDG88WVMIFK,1,1681,0.6059
A3DSUPA8E67I7R,1,1681,0.6059
AB07GJWJBDAQ2,1,1681,0.6059
A2BN9DIBP9A0XG,1,1681,0.6059
ASPPJEYFLHJD0,1,1681,0.6059
A2FA749WEY82I3,1,1681,0.6059
A358094LXAMQHX,1,1681,0.6059
A1VYMIBORSGR70,1,1681,0.6059
AXOIXDUV1OGOL,1,1681,0.6059
A37FULV9NLQYXU,1,1681,0.6059
ATXOOY9SEKZCL,1,1681,0.6059
A11FTACZ2S9IOS,1,1681,0.6059
A33G8CAKT87UMW,1,1681,0.6059
ADC846Q1W4YHD,1,1681,0.6059
AONUCJBC85BL,1,1681,0.6059
A3QKHWD77WXLJO,1,1681,0.6059
A1DFFQ6JEN7KH7,1,1681,0.6059
A2QOWOE2HD7T5J,1,1681,0.6059
A37S1BWQA09EZL,1,1681,0.6059
A22SPJ7S66GCC4,1,1681,0.6059
A2SY92ZXU2FOEU,1,1681,0.6059
A17OYW896EY37V,1,1681,0.6059
A2793UXCCFDRUQ,1,1681,0.6059
A23GT3FFCKGN8J,1,1681,0.6059
A1CQA11521U9SD,1,1681,0.6059
A1R4BL5MYUDNDJ,1,1681,0.6059
A2BH04B9G9LOYA,1,1681,0.6059
A13PJB7TZIT62U,1,1681,0.6059
A3PWPNZVMNX3PA,1,1681,0.6059
A1RO76WBFX9XRJ,1,1681,0.6059
AOQOZUIJZ6J8B,1,1681,0.6059
A3M3CZ0MVUOED0,1,1681,0.6059
A178PX99UVJDLV,1,1681,0.6059
A1BB6P6IKXY1I8,1,1681,0.6059
A3J2JFWCQY5JJ1,1,1681,0.6059
A31FL3W1B9N7HR,1,1681,0.6059
A10AJVTRP6Z3D5,1,1681,0.6059
A2I5NVT7IWQ51Z,1,1681,0.6059
A2F2BVY8DQKEPM,1,1681,0.6059
A10L6764RJO4X4,1,1681,0.6059
ABV6I0MER7GXX,1,1681,0.6059
A2M1MNG7G40V85,1,1681,0.6059
A1OHAE23CNCTA2,1,1681,0.6059
A2JGGBA7C8C65Q,1,1681,0.6059
A34J5MULVRT7WM,1,1681,0.6059
A1TC0F8RKPF82A,1,1681,0.6059
A3MF5GC81U7W4Y,1,1681,0.6059
AU5MD0YHR4VCD,1,1681,0.6059
AGBFIQMV9L61Y,1,1681,0.6059
AHM1BQAMNAGY6,1,1681,0.6059
A3REZPNBF49ME4,1,1681,0.6059
A3AW05VYWC3LX8,1,1681,0.6059
AHFGCH8LANEZK,1,1681,0.6059
A1JVJPIRK7MXGD,1,1681,0.6059
A1F1A0QQP2XVH5,1,1681,0.6059
A24URQ9UHC0ZMV,1,1681,0.6059
A10L7CIY9S38BM,1,1681,0.6059
A10WTI6XS1CX37,1,1681,0.6059
A1LKOIZXPQ9VG0,1,1681,0.6059
A3R2L1WMJHB8V0,1,1681,0.6059
A1MJS1YRKNMU04,1,1681,0.6059
A36ASG57KUIZU8,1,1681,0.6059
AMXSPPGOOS1CY,1,1681,0.6059
A3M3M4DTJKXPAX,1,1681,0.6059
A2EDS2YOGL1541,1,1681,0.6059
A2R2HS6F0JX5O7,1,1681,0.6059
A1DELQS1835067,1,1681,0.6059
A2ZY49IDE6TY5I,1,1681,0.6059
A2VEU46CA5QZ4O,1,1681,0.6059
AN9J46667D80O,1,1681,0.6059
A18R50B4PS1Z5X,1,1681,0.6059
AGOH8N902URMW,1,1681,0.6059
A2UGZJVDFKEMIB,1,1681,0.6059
A3000WU5V0DPHY,1,1681,0.6059
A3PCMBD36OWHME,1,1681,0.6059
ATECU14VUIOJ0,1,1681,0.6059
A3FETWIN9GFV68,1,1681,0.6059
AVBJ5TGRE0WAV,1,1681,0.6059
A1M5OIQM70KT6X,1,1681,0.6059
A1FWMTEUAT4HDG,1,1681,0.6059
A2DFM26VLNVYNY,1,1681,0.6059
A99QSLY0QF2YQ,1,1681,0.6059
A336FE20YZZL3A,1,1681,0.6059
A3TQTYD0D6AUO3,1,1681,0.6059
A39DLJWTHCYTY6,1,1681,0.6059
A29NV2YITU0EJK,1,1681,0.6059
A38Q2EI3LM24VT,1,1681,0.6059
A3E8EMMFHJ6VVU,1,1681,0.6059
A3NS0A7ADK3ROB,1,1681,0.6059
A2NAQARWN79ZYP,1,1681,0.6059
A1ASTWUGEZV2YF,1,1681,0.6059
AS0XMKDE2XBB6,1,1681,0.6059
A1X9NSH94X3ODQ,1,1681,0.6059
A3NCIN6TNL0MGA,1,1681,0.6059
A365GBG39RPZVW,1,1681,0.6059
A1437CAM9CNC1E,1,1681,0.6059
A29SRO9Q4Y4VS8,1,1681,0.6059
AM004PHO6F3FZ,1,1681,0.6059
A2DTRR9SEAT878,1,1681,0.6059
A11T807LX2EF00,1,1681,0.6059
A3AVNYNNCYGR3J,1,1681,0.6059
AIQDXA5BDLDJB,1,1681,0.6059
A62R496DI8W34,1,1681,0.6059
A3NUUJF2S2ZWAD,1,1681,0.6059
A185KFSQEB0R2,1,1681,0.6059
A3BTDFZI3FT6I7,1,1681,0.6059
A3AHDR4F2J7YXX,1,1681,0.6059
A8MTE6SIYM0GY,1,1681,0.6059
A2RNMSNX5Y5J3T,1,1681,0.6059
A1UI7N2OESNWBM,1,1681,0.6059
ARDB79V42CX6P,1,1681,0.6059
A2M8CJJ5D76NRS,1,1681,0.6059
A20V7N5A22F4BM,1,1681,0.6059
A3TG01YS74D3OM,1,1681,0.6059
A2Q3MWU81FSM8V,1,1681,0.6059
A335713MZIGYB1,1,1681,0.6059
A3TPK023S4NK93,1,1681,0.6059
ARTA78TP6H73D,1,1681,0.6059
A17WJ14DHCVPIY,1,1681,0.6059
A38QKP56U86IAW,1,1681,0.6059
A2Q8YOYXC8892R,1,1681,0.6059
A3G0U77E8RQO4N,1,1681,0.6059
AC4MKYMRD0V15,1,1681,0.6059
A1FV7W4SZD9BVO,1,1681,0.6059
A3FUKG6UDKUQ0T,1,1681,0.6059
A12EVK82QUTSA6,1,1681,0.6059
A287A4ZVT37P89,1,1681,0.6059
ARJ27NMILTKQ5,1,1681,0.6059
A1MD9AEU9C4WJN,1,1681,0.6059
AR1MQAJK70YYU,1,1681,0.6059
A268RR9DT4DG9B,1,1681,0.6059
A3K3NAP5LJ6DDD,1,1681,0.6059
AUAX1QWUCYKSX,1,1681,0.6059
A3IPDGNMA9GXJ6,1,1681,0.6059
A3OU557B4BK32S,1,1681,0.6059
A2Y4N0IFVNNP46,1,1681,0.6059
A311K0J49AR5OK,1,1681,0.6059
ARX7Z3NI6O0F7,1,1681,0.6059
AF3VJ2YW3BB92,1,1681,0.6059
A3QK41IM3X2CUF,1,1681,0.6059
ACL00TUP0CN4R,1,1681,0.6059
AAIII2YVYS4T6,1,1681,0.6059
AFWX74XOJQEVY,1,1681,0.6059
A25JUE9AFX7SUC,1,1681,0.6059
A140OJ8868CWG2,1,1681,0.6059
A2NWY7C5JUHHHW,1,1681,0.6059
A2720NOZH3V347,1,1681,0.6059
AYNRALJ4X1COS,1,1681,0.6059
A2HEAW34EOXR83,1,1681,0.6059
A2V9DTXTQ5YIMK,1,1681,0.6059
A1BIGPJOUZ2UCL,1,1681,0.6059
A114ROI4MRZRQL,1,1681,0.6059
AEOOZBMUPDHMM,1,1681,0.6059
A3CF2O10PT4HQ8,1,1681,0.6059
A3QFUNJ0L81OOD,1,1681,0.6059
A3FLOWOKVNQ72S,1,1681,0.6059
A55PCTJ6NINET,1,1681,0.6059
A3C2CPTCMB7S4N,1,1681,0.6059
A2NQMVTQ4PVLL,1,1681,0.6059
A3VP6TKT6D8UKS,1,1681,0.6059
A1K1HNG1TLL7AR,1,1681,0.6059
A1LBIDUUYWG4ZK,1,1681,0.6059
A2U80U8KAR1DL,1,1681,0.6059
AS8C336DDLSO4,1,1681,0.6059
AGA7LFNS3YUXC,1,1681,0.6059
AULRJZWFX7VBB,1,1681,0.6059
A3IGFS3NAIL6PS,1,1681,0.6059
A2Q6YZK2IR3TD,1,1681,0.6059
A3W597SQT6AW1P,1,1681,0.6059
A2FU1GTCRPMYB0,1,1681,0.6059
AQLZB3YNGD8QQ,1,1681,0.6059
A1R76R4E6A8S3B,1,1681,0.6059
AYO1146CBIV5C,1,1681,0.6059
AG00PGSTKXI9E,1,1681,0.6059
A32SUIEEW3K443,1,1681,0.6059
A2Z93MCK9VL8PM,1,1681,0.6059
A17MJK0QV9EEV3,1,1681,0.6059
A1CF80TI2UOHCL,1,1681,0.6059
A11L0WPWZ6EECO,1,1681,0.6059
A21G1MUAP3JUDX,1,1681,0.6059
A3SCDYBZ7I0P87,1,1681,0.6059
A2DCE0ENI3RZ29,1,1681,0.6059
A3CWEK9HY2VPDL,1,1681,0.6059
A3GMVCTJTHYG1F,1,1681,0.6059
AA9PV73DST0J5,1,1681,0.6059
A2ZBRW5Y9FU11R,1,1681,0.6059
A1ZGHA3IJV01BK,1,1681,0.6059
A2FQL3421LQWAY,1,1681,0.6059
A3MQ15651KGVLJ,1,1681,0.6059
A296Z4WZUOX9HX,1,1681,0.6059
ATVDEUJL7KV93,1,1681,0.6059
A3AUT07D3WL69G,1,1681,0.6059
A149OJG2Z2WE00,1,1681,0.6059
A2RE3G11H65P4H,1,1681,0.6059
A3GNAV1I28EJCA,1,1681,0.6059
AEQB8TBZA5EL4,1,1681,0.6059
A33RAJU0FDA0S3,1,1681,0.6059
A9IJKA13VAXD6,1,1681,0.6059
A3P222CN9HAPTF,1,1681,0.6059
A2EW0LJBF5514B,1,1681,0.6059
A3L1B7VRRD6N19,1,1681,0.6059
A3MHEXLAMSL03F,1,1681,0.6059
AP6L54VTCJKCQ,1,1681,0.6059
AP1HYW434MZEG,1,1681,0.6059
A2Q1046M09398P,1,1681,0.6059
A1O9ERVTKGVW69,1,1681,0.6059
AOEDXOKYPII2Z,1,1681,0.6059
A3QWC68BASQSCF,1,1681,0.6059
A18U49406IPPIJ,1,1681,0.6059
A2CW6HY2ENGG3L,1,1681,0.6059
A1FRADBDXQPJJC,1,1681,0.6059
A2KLSFIQUUNTJ8,1,1681,0.6059
AM4RLASQZPTA1,1,1681,0.6059
A2MEC0T7Q65C7S,1,1681,0.6059
AT28RL25Q2OLK,1,1681,0.6059
A3M2HDFADNLIKG,1,1681,0.6059
A2GYV0FI2GZ52C,1,1681,0.6059
A3091RP0SPZLMN,1,1681,0.6059
A5FNO2P7JHGZ,1,1681,0.6059
AQ3MJ8V783YYQ,1,1681,0.6059
A35EIZ0JS0DNOC,1,1681,0.6059
AAIU4V0FTRZ2N,1,1681,0.6059
A1XFVNFGS78TX1,1,1681,0.6059
A1ND12UFSJ9EPK,1,1681,0.6059
A1QQDHM5YMLQ8Z,1,1681,0.6059
AQ2FC1DLKVD8H,1,1681,0.6059
A3T8XGSS2HGMBW,1,1681,0.6059
AQBLWW13U66XD,1,1681,0.6059
A249HMZUT73ZLU,1,1681,0.6059
A1C13EV84JEQWF,1,1681,0.6059
A3D0UM4ZD2CMAW,1,1681,0.6059
A1AURFRHFDDVMQ,1,1681,0.6059
ABXANRX4GPYRZ,1,1681,0.6059
AECZ9AJ2GTNI9,1,1681,0.6059
A2OFOUA4N2WW1L,1,1681,0.6059
A3T4OHEAHOJ700,1,1681,0.6059
A1LH6RF4UN9VI6,1,1681,0.6059
ARNAOSKQZMM2J,1,1681,0.6059
A3A6GXILVT9JNW,1,1681,0.6059
A250RSMTAWJOPT,1,1681,0.6059
A16MQJZIJS96RK,1,1681,0.6059
AM3XNQU9TZBD8,1,1681,0.6059
AAOPX9PTTOP3G,1,1681,0.6059
A26QLU9RTU5GCD,1,1681,0.6059
A2THMERC1JBE5H,1,1681,0.6059
A1G650TTTHEAL5,1,1681,0.6059
AFCAZIM440BI4,1,1681,0.6059
A2MTMN4A9KGE2X,1,1681,0.6059
A1PLEZQ8IRBGRC,1,1681,0.6059
A3TIJLY4VX8CH3,1,1681,0.6059
AZ5977P4TLSKG,1,1681,0.6059
AHN86VFJIJ2JP,1,1681,0.6059
A1LJ3BCAVCYXV2,1,1681,0.6059
A26GK91HSZTNAJ,1,1681,0.6059
AFIR57I2Y901O,1,1681,0.6059
A7WBN2UA742J5,1,1681,0.6059
ACYR6O588USK,1,1681,0.6059
A38ON1MOZNBCGE,1,1681,0.6059
A39SSIZA5FVCD8,1,1681,0.6059
A22VNXHU6IZ5MT,1,1681,0.6059
A2NLWBYRUBR1MA,1,1681,0.6059
A63GSML234W5B,1,1681,0.6059
AJWS4HTM4B0XG,1,1681,0.6059
A3C9Q3KTNNLJJ,1,1681,0.6059
A3T41DSAR6AN4R,1,1681,0.6059
A2NXH3BQMAFAV0,1,1681,0.6059
A1C05TSWTI3VZ5,1,1681,0.6059
A1U4RR5TNMQHKD,1,1681,0.6059
A3P4KG4X4LKDY7,1,1681,0.6059
A184DYJSMSSR1V,1,1681,0.6059
A2ZJMLZ1IA2YA9,1,1681,0.6059
A3DIS5O83SQJWW,1,1681,0.6059
A8POIV41IOOTM,1,1681,0.6059
A1ANZW2PEFQ7HO,1,1681,0.6059
AQSW6WDVCJGB8,1,1681,0.6059
A2IMGHMF0LO151,1,1681,0.6059
A20F84KUBWM88B,1,1681,0.6059
A3SJBFCTJWBFT2,1,1681,0.6059
A1ACAALYJIDMXI,1,1681,0.6059
A7NREKKZ0E4JU,1,1681,0.6059
A1CFU5XJXN3PV4,1,1681,0.6059
A3NGGF2CL59JY7,1,1681,0.6059
A3VGP2NLDSEE8F,1,1681,0.6059
AI1J8UQELHK8L,1,1681,0.6059
A2JANBPVCA6XAI,1,1681,0.6059
A3EEZG9EOIQFVI,1,1681,0.6059
A14G1JNAHOYX1,1,1681,0.6059
A1INBQLNQNSHTK,1,1681,0.6059
ASRB1QZFWWBFK,1,1681,0.6059
APASW0USALPXM,1,1681,0.6059
A2X6DCDHW4UYUP,1,1681,0.6059
A1FHUYGO3OWWRF,1,1681,0.6059
AZB4WCHH2QJAT,1,1681,0.6059
A2OJDXF5WEZG6D,1,1681,0.6059
AI0MFWI85NG0H,1,1681,0.6059
AAW4JYVF4B845,1,1681,0.6059
A27OCJOVWOJQPK,1,1681,0.6059
A2ZURRQF0GINKQ,1,1681,0.6059
A30YLS4CPWB5L4,1,1681,0.6059
ASJZT7DM51QEM,1,1681,0.6059
A23V9XZWUFEWWX,1,1681,0.6059
A4FRO4ZM0C8HM,1,1681,0.6059
A1QAOW1XNQSOU1,1,1681,0.6059
A35UATBZE5785B,1,1681,0.6059
A7EK88GF8N40F,1,1681,0.6059
A172E9UTRMI70M,1,1681,0.6059
A23RZIU0N8K2KR,1,1681,0.6059
APHXWZJ22M17M,1,1681,0.6059
A2ABQ5AAVFUOUR,1,1681,0.6059
A4179VTCQWILS,1,1681,0.6059
A1VO5O8RT0KQJ6,1,1681,0.6059
A1RD92E1E0DXDY,1,1681,0.6059
A2NHJUNCKX7QKH,1,1681,0.6059
A1T4SP880XEFB3,1,1681,0.6059
A1M5ZT35YX6TIN,1,1681,0.6059
A3KHE737E13QGC,1,1681,0.6059
AC0HPFQVBZVGY,1,1681,0.6059
AJEA6BL7GF7UT,1,1681,0.6059
A2I9ZH5CM8RFRA,1,1681,0.6059
A1O1AJOJQLNHT4,1,1681,0.6059
A3V62HVAC3YVZC,1,1681,0.6059
A18HE80910BTZI,1,1681,0.6059
A2ZQ3XIF26IF8N,1,1681,0.6059
A1WV9WFH75VVBN,1,1681,0.6059
A2GRTX4SKTC6UO,1,1681,0.6059
ARLWNHSRBGRRM,1,1681,0.6059
AGDP18EW9AE37,1,1681,0.6059
A1W651PX7R8TAM,1,1681,0.6059
A1EJG42HKROE58,1,1681,0.6059
A1E0PRDZG7W2R,1,1681,0.6059
A8HDMZ529KZ9W,1,1681,0.6059
A2S5O1D5TQTLG0,1,1681,0.6059
A14NA0W8ESGDSI,1,1681,0.6059
A3JHC8O59WDHFZ,1,1681,0.6059
A3K5NP63E32ZBG,1,1681,0.6059
AJQDIT55SZ3ZX,1,1681,0.6059
A3CMO2KZDBJ0X4,1,1681,0.6059
A1PCD4CHCQ651P,1,1681,0.6059
A1VFX417XDNWIU,1,1681,0.6059
A1HASDNCKPXGFK,1,1681,0.6059
A2A30YI03VDQQI,1,1681,0.6059
A5SIBQZJ2G8YL,1,1681,0.6059
A35BVGH5X6Z4QH,1,1681,0.6059
AIVZJ8Q2PKOHI,1,1681,0.6059
A1YVFRS8X03MU2,1,1681,0.6059
A145LBW8ZHF0TW,1,1681,0.6059
A32FL5THCMR03I,1,1681,0.6059
A23CDG2HX9UWUN,1,1681,0.6059
A3UORBSIKQ56ZB,1,1681,0.6059
A39KS438IBRU6E,1,1681,0.6059
A1Q4IFHR5KVI5O,1,1681,0.6059
A3P1508PZ0UADD,1,1681,0.6059
A3CUYX2VXZM9KO,1,1681,0.6059
A2JS3Q4QBJYSNX,1,1681,0.6059
A2QXWI3UGU9FX2,1,1681,0.6059
A3IW9TTG36O24X,1,1681,0.6059
A35FQK5Z6LLKSL,1,1681,0.6059
A2F26RQJQXRLP8,1,1681,0.6059
AO6JDOIGQTTZP,1,1681,0.6059
A33IJGLTVS5MDS,1,1681,0.6059
A5GPH59NDWJRB,1,1681,0.6059
AS2GTZMT994IB,1,1681,0.6059
A2FD3BKI7STWQ7,1,1681,0.6059
A10LVT7DEAG2G2,1,1681,0.6059
A1P22FLSHZJEVQ,1,1681,0.6059
A2JA8EMRNT3ON,1,1681,0.6059
AAJB79DB0AIEL,1,1681,0.6059
A3RVDXHXWXI6K4,1,1681,0.6059
A31DVKL8JE4XAH,1,1681,0.6059
A39VG04UBAEZTI,1,1681,0.6059
AIN25734EXYX,1,1681,0.6059
A2Y5ABSRE39BDN,1,1681,0.6059
ATS2855497V0I,1,1681,0.6059
A3JKK3VYJU990R,1,1681,0.6059
A37Z9GKGDLNVIZ,1,1681,0.6059
A1SOQW6MFE9O1A,1,1681,0.6059
A26WW5UQ7JMQ5Y,1,1681,0.6059
A1AEAEG5RH5HS3,1,1681,0.6059
A2XW3V01Q8K7RO,1,1681,0.6059
AMHCNH4EMT58Q,1,1681,0.6059
A2X695AM08AIN1,1,1681,0.6059
A2QAQAPX153LTG,1,1681,0.6059
A1MR5CQ056ZO9H,1,1681,0.6059
A25KVM6GJBLISZ,1,1681,0.6059
A29B4PAIOL7HYG,1,1681,0.6059
A2XUYFBCXRO21E,1,1681,0.6059
A2TUD0VXUTNO7N,1,1681,0.6059
A1WFTYUHYDJHJR,1,1681,0.6059
AIGI4MMOFYO46,1,1681,0.6059
A22FBT99XFBTW3,1,1681,0.6059
A1B70ZEWQ6UH1A,1,1681,0.6059
ARH371SGCNEQE,1,1681,0.6059
A168U3MED8LMH,1,1681,0.6059
A2HSGEZYPKW4DJ,1,1681,0.6059
A14JBDSWKPKTZA,1,1681,0.6059
A64A14YBQOD2H,1,1681,0.6059
A3OW12V8O7G5LD,1,1681,0.6059
A4YKENOECESBL,1,1681,0.6059
A1PL7QILVQV3IF,1,1681,0.6059
AUS5X6IMFLJBD,1,1681,0.6059
A3HG2DNHVU3M3R,1,1681,0.6059
A1KDIH1SJOKQ35,1,1681,0.6059
A1M9DJAPOVBAS6,1,1681,0.6059
A35N8F5V2PELR9,1,1681,0.6059
AB1HG1W6G6Y8D,1,1681,0.6059
A2382RNNECQ38V,1,1681,0.6059
A3TFN9X5MBCDJH,1,1681,0.6059
A33ZOFIRMX9FVC,1,1681,0.6059
A1D2ABQ2X9N5TP,1,1681,0.6059
A3I551RT5B4KLF,1,1681,0.6059
A2O58ZFZPJCLTX,1,1681,0.6059
A3X2W3R9V3M09,1,1681,0.6059
AYZW37JMK7QZ8,1,1681,0.6059
A3BIMAUO4JKCRJ,1,1681,0.6059
A2F86AC7ID6QQR,1,1681,0.6059
A2CBA6D0IIEDNK,1,1681,0.6059
A3T6HX48F66512,1,1681,0.6059
A3DKM0STAF66Z5,1,1681,0.6059
A231FGX8G2Q5EW,1,1681,0.6059
A8WAYVOKYBLO6,1,1681,0.6059
A2ASZQRCF9VA5A,1,1681,0.6059
A1A9PD00UVHHVI,1,1681,0.6059
A3VVL9YV9GB8N,1,1681,0.6059
AV1SVDOVACDM1,1,1681,0.6059
A3O86JFA1REME,1,1681,0.6059
AUBLW04GGSMBI,1,1681,0.6059
A2O9L2LA6Z5LXJ,1,1681,0.6059
A11JHZASQN0AAA,1,1681,0.6059
A3RP7YZ5DHAXH2,1,1681,0.6059
APBJAFSQ119O6,1,1681,0.6059
A3A1AQCGJ2WGNO,1,1681,0.6059
A2CQET6JR59YEY,1,1681,0.6059
A1W4JT0R0N35I6,1,1681,0.6059
A23ZNGL704AW7O,1,1681,0.6059
ARRNOA2H9V4ZZ,1,1681,0.6059
A4UGMKUSX9XHI,1,1681,0.6059
AFN32PGTZ31MV,1,1681,0.6059
AUVWX0TO7M1EW,1,1681,0.6059
A2EKPIN655LOW8,1,1681,0.6059
A3BJILZFD22RX3,1,1681,0.6059
A20P890DHGG0UL,1,1681,0.6059
ANY0YPK9N6SXQ,1,1681,0.6059
A2ZQVMW5RF4OYZ,1,1681,0.6059
A3CSZH55OOTYHM,1,1681,0.6059
A26PAN8REXYBYH,1,1681,0.6059
AM67VZ3Z4HUTR,1,1681,0.6059
A1BKJNAWJT2TG2,1,1681,0.6059
A1188LXSJLEP1C,1,1681,0.6059
A3PYJA6KCKYO22,1,1681,0.6059
ADPP0TXH70ON8,1,1681,0.6059
AQ5CIWIFDDCB9,1,1681,0.6059
A58F10T4OE58C,1,1681,0.6059
AG8YP2XTC5X1I,1,1681,0.6059
A3P4WOECOANW1M,1,1681,0.6059
A1P0K1U0DNQV73,1,1681,0.6059
AVJJ2D4G5I0Z4,1,1681,0.6059
A36SAY6XKQSHXV,1,1681,0.6059
A2AFAJC73WZNGA,1,1681,0.6059
A6SZZSMX7DQG1,1,1681,0.6059
A1DG1P246CD6NZ,1,1681,0.6059
A3UZOR226INB7H,1,1681,0.6059
AEMSGB00FL3YO,1,1681,0.6059
A2L6QS8SVHT9RG,1,1681,0.6059
A116JE9WSXSETB,1,1681,0.6059
ALC5GH8CAMAI7,1,1681,0.6059
ADJMETBPYJL7Q,1,1681,0.6059
A2GDQFT391MA6,1,1681,0.6059
A2OL1U6PORECE,1,1681,0.6059
A370O66TDIC35T,1,1681,0.6059
A26ABEIZMVKZ3R,1,1681,0.6059
A3GYAB5SN9UUJA,1,1681,0.6059
A3EBJDZ5N1UEI5,1,1681,0.6059
A11IHV8N5A8IC7,1,1681,0.6059
A11TXE0D42UH1A,1,1681,0.6059
A2ZX53OTVSE6RU,1,1681,0.6059
A29S5DRKSYUIHU,1,1681,0.6059
ASQE6CIJXX6HH,1,1681,0.6059
A13EQE9EY2ET93,1,1681,0.6059
AQF3D0KX5SFCM,1,1681,0.6059
A2OXTG5HSU3NWC,1,1681,0.6059
A2RHRT08HIMJOV,1,1681,0.6059
A2UCLE5P59MKWD,1,1681,0.6059
A3HR9EHWN2A9FT,1,1681,0.6059
A1FOI8256VRDVH,1,1681,0.6059
A3PK1CL0ODOQBJ,1,1681,0.6059
A1ZQJJ2U0IIKPD,1,1681,0.6059
A25C2M3QF9G7OQ,1,1681,0.6059
A8WXLST0944GZ,1,1681,0.6059
A369BU62O5EGDT,1,1681,0.6059
A1WQI0W1KY85BK,1,1681,0.6059
A261P36T13YP98,1,1681,0.6059
A2T3R3E038PSYR,1,1681,0.6059
A2VJJ2POCLMED7,1,1681,0.6059
A3AYF9CD4PXDJR,1,1681,0.6059
A1NSJHH59U8EKD,1,1681,0.6059
A18S2QNFRUHRBV,1,1681,0.6059
A1O53DT8R8JLLD,1,1681,0.6059
A1XMEDOKG909DT,1,1681,0.6059
A1DH6XX1KLDXKO,1,1681,0.6059
A1QZGBYGAJNM1O,1,1681,0.6059
A3UXW18DP4WSD6,1,1681,0.6059
A3CBCVHIK3G76X,1,1681,0.6059
A11XT24G3PZ8CQ,1,1681,0.6059
A1WLV9I6MMMDM5,1,1681,0.6059
AYB4ELCS5AM8P,1,1681,0.6059
A28X7NZ02016FO,1,1681,0.6059
A2C8OOP3HT8IGW,1,1681,0.6059
A2UF3NLORSWUI3,1,1681,0.6059
A2CH4QDGD6I9KL,1,1681,0.6059
A21EDMG94ID7D,1,1681,0.6059
A1WB53UUL0MJPJ,1,1681,0.6059
A2VYOLP8BJDQYW,1,1681,0.6059
A2Y1D9287MGNQ4,1,1681,0.6059
A1FKGHZYT64TYG,1,1681,0.6059
A16AXQ11SZA8SQ,1,1681,0.6059
A33C24BN831LGS,1,1681,0.6059
A22SBD5R61HBOO,1,1681,0.6059
A5U5JJ8HXPLMP,1,1681,0.6059
A17A1KTVI3DG6U,1,1681,0.6059
A31RZMVAFMLB8B,1,1681,0.6059
A1WWQWE53EVMY9,1,1681,0.6059
A2J9IE6UTZFSS9,1,1681,0.6059
A2SH4497XM1HET,1,1681,0.6059
A83UBOTWYVQ2A,1,1681,0.6059
A3AQP2VX0TJQ73,1,1681,0.6059
A2KO4M7ZJBWGWO,1,1681,0.6059
A11KZ906QD08C5,1,1681,0.6059
A2Q0GRPEGYUMX9,1,1681,0.6059
ACHVCY9QRTN2C,1,1681,0.6059
A3EUS4JC68Q476,1,1681,0.6059
A186697K4XKXQL,1,1681,0.6059
A2RK3QEUEFRNAN,1,1681,0.6059
A1DC3ZA5FMR8UK,1,1681,0.6059
A1KOGFB5AC4BRF,1,1681,0.6059
AQNQHPRR3WQU1,1,1681,0.6059
A1I9RAD7IQQEKY,1,1681,0.6059
A25GAS44MY1ARA,1,1681,0.6059
AKJ6CB76PLQ59,1,1681,0.6059
AMINF18H9ZF21,1,1681,0.6059
A162N7DWV1DJSM,1,1681,0.6059
A2MS89WSIJEZN2,1,1681,0.6059
A1NZK5DIQ5RECY,1,1681,0.6059
ALQ4USPEQ9L5N,1,1681,0.6059
A3HABMO1YCQCAK,1,1681,0.6059
A2DQI48Q6WGS35,1,1681,0.6059
APPP4P483RZ8W,1,1681,0.6059
A2UYNRUAY69W0W,1,1681,0.6059
A21QH2E3KFVMBM,1,1681,0.6059
AQ12KA2MADRIS,1,1681,0.6059
A2MEXWR4GQIHQ9,1,1681,0.6059
A9TPQNB0T8R4P,1,1681,0.6059
A1591PJYM84XQT,1,1681,0.6059
ASG7NBUSYD1QN,1,1681,0.6059
AEV29BSA522EC,1,1681,0.6059
A3EZN5XWOR5FA7,1,1681,0.6059
A3U15MB3IULBXE,1,1681,0.6059
A12WNOF88S894E,1,1681,0.6059
A1RF9YK4BK5TRH,1,1681,0.6059
A1LXHQM4NSC1T4,1,1681,0.6059
AENK4X1X4C5CM,1,1681,0.6059
A3U1NLCVPFM3KV,1,1681,0.6059
A3GUTB5HY7N5SS,1,1681,0.6059
A398R165PXFOSS,1,1681,0.6059
A3D2XMRV8DSK3J,1,1681,0.6059
AC7J8ZLWJIKNS,1,1681,0.6059
AFWIQ3NRAWYAV,1,1681,0.6059
A22CW0ZHY3NJH8,1,1681,0.6059
AC62SNVRI158P,1,1681,0.6059
AK69BPBJ5Z4I5,1,1681,0.6059
A1TN0IKGK7FJPD,1,1681,0.6059
A29AMVPLRCGOB2,1,1681,0.6059
A3JFA3XLR020E4,1,1681,0.6059
ACHMAK6A8MHH,1,1681,0.6059
A1YU517S7REQ8D,1,1681,0.6059
A3VO38XMXZO13F,1,1681,0.6059
AJRFZ0VZ0LD26,1,1681,0.6059
A2Z61J4CUFPBA7,1,1681,0.6059
A2BZKDJYDLXXYH,1,1681,0.6059
A3D2VIUT2HWP0Z,1,1681,0.6059
AEJAGHLC675A7,1,1681,0.6059
A32HSNCNPRUMTR,1,1681,0.6059
A37AB65EC0QQHZ,1,1681,0.6059
A2ZUBV1VSZ28SF,1,1681,0.6059
A3510RM2GZ61QS,1,1681,0.6059
A1IHTJWYBLU17P,1,1681,0.6059
A3KVTI413BG1WN,1,1681,0.6059
A3V55DVYU80LDS,1,1681,0.6059
A3JH18T58CY65P,1,1681,0.6059
A2I8I9O542US9B,1,1681,0.6059
A2CNGARED6OWWU,1,1681,0.6059
A3V6Z4RCDGRC44,1,1681,0.6059
A1HH7L6EJI6N0,1,1681,0.6059
A1Y2Y19U1621KY,1,1681,0.6059
A1NV34T26E67GA,1,1681,0.6059
A3KEZLJ59C1JVH,1,1681,0.6059
A1O5ICD3DW52SR,1,1681,0.6059
AJ9AE2BVND0GS,1,1681,0.6059
A3987Q3PVJT07A,1,1681,0.6059
A16GBXDS51J019,1,1681,0.6059
A1PWWY0J1CQF8V,1,1681,0.6059
A3385TFEHR0CF3,1,1681,0.6059
AH1KJ45IQTM4T,1,1681,0.6059
A1XXS0OSY2JLHW,1,1681,0.6059
A1FP6Z585WR0B4,1,1681,0.6059
A9NOZ2HSXI4YJ,1,1681,0.6059
A2M50NPRYXJW1A,1,1681,0.6059
AZ2WIB5P2QKOS,1,1681,0.6059
AYGB2EFZ3O3IW,1,1681,0.6059
A3T2J7YMQT11Y2,1,1681,0.6059
A2QRW6IQ7CSK5G,1,1681,0.6059
A32N8K9NMZI9WK,1,1681,0.6059
A9LNA3OQU3X7U,1,1681,0.6059
A1P69VMRNEMBDI,1,1681,0.6059
A35T53SV5XMWAB,1,1681,0.6059
AFBXQDFJF33VS,1,1681,0.6059
ACRSBYVX737SS,1,1681,0.6059
A3CN1QFX2KCEMQ,1,1681,0.6059
A3TB9HNQR54B5V,1,1681,0.6059
A7GSAXOHLDDYP,1,1681,0.6059
AH80J0RT7BMEQ,1,1681,0.6059
A2PS6H6NHW0ZVK,1,1681,0.6059
A1KF9VFDWWIZFN,1,1681,0.6059
A271T006D2QDZB,1,1681,0.6059
A34C98SJU4M7DD,1,1681,0.6059
A2WUOZN2O3HEFK,1,1681,0.6059
ACS10ZOB8XCGO,1,1681,0.6059
A1XCA99IXPBIKV,1,1681,0.6059
A16ZTIWRM5LPR,1,1681,0.6059
A3JJWPJGG8IOIY,1,1681,0.6059
A2XFM8PN6G0B02,1,1681,0.6059
A32P97G8AHOS22,1,1681,0.6059
A1484U2Y4YFX2R,1,1681,0.6059
A1ZINRPR7WGG7X,1,1681,0.6059
A2D0PY6HIGTYIT,1,1681,0.6059
A2CNO6NW5PJCP4,1,1681,0.6059
A1QK0XCAPHIW1L,1,1681,0.6059
A2C27IQUH9N1Z,1,1681,0.6059
A24RT6AVJXJZHF,1,1681,0.6059
A3QUZG4J7L8D4K,1,1681,0.6059
A1H4NFXAJQRQ2K,1,1681,0.6059
A1KQ0EWSH1W469,1,1681,0.6059
AGOIS4LC6AY9I,1,1681,0.6059
A1RFQVHBKVN4TA,1,1681,0.6059
A204ETWOV23HO4,1,1681,0.6059
ABSYIF0ONC2AF,1,1681,0.6059
A12S8UQEIPZJKE,1,1681,0.6059
A1X8OP6LC264OM,1,1681,0.6059
ATMMKSHD2CS59,1,1681,0.6059
A19NP8YYADOOSF,1,1681,0.6059
ATWTKK5MU6RCI,1,1681,0.6059
A1OQ7NESY75BRI,1,1681,0.6059
A146H6A41B26QT,1,1681,0.6059
A2N9ASLEAEDE06,1,1681,0.6059
AJX9A4Q19UTJU,1,1681,0.6059
A11EEK26EYITTX,1,1681,0.6059
AGEI76UGZHFN3,1,1681,0.6059
A2T6CKTWZ4V1S,1,1681,0.6059
AIVZMEFEAGF3,1,1681,0.6059
A1ZYFZ5WJOSPER,1,1681,0.6059
A4YV49T8Y0X94,1,1681,0.6059
A3VLVOVWP2ZX63,1,1681,0.6059
A8J6HKCD8ULQX,1,1681,0.6059
AZAC8O310IK4E,1,1681,0.6059
A2XAQOWHRPY98K,1,1681,0.6059
A1JH4RE328VB3K,1,1681,0.6059
A1SLMPAMJI49FL,1,1681,0.6059
A99K7S15XOQ45,1,1681,0.6059
A2SQ7LA7Z8PH2N,1,1681,0.6059
A1FQRK4IDV9XKN,1,1681,0.6059
ACRU2ZKIZ5ICA,1,1681,0.6059
A1MFVAHTT2BHM0,1,1681,0.6059
A34GM17T6WTJDK,1,1681,0.6059
ATOYEEJVJEXJ2,1,1681,0.6059
A6T2B13WYCMJG,1,1681,0.6059
A3S0LG7590F4MG,1,1681,0.6059
A1VSPCH6X1X924,1,1681,0.6059
A217CC8F7N5717,1,1681,0.6059
A4DVTFHDRJJC5,1,1681,0.6059
A329B6BKTHQ41A,1,1681,0.6059
A1M1W6T3EPKNQ8,1,1681,0.6059
A3N5DHGLORF8UT,1,1681,0.6059
A1T1YSCDW0PD25,1,1681,0.6059
ASB1GLV27L3GG,1,1681,0.6059
A2SUOPBCED1VJA,1,1681,0.6059
A21B2MLNQEY94O,1,1681,0.6059
A1DU3WSVB9BBDW,1,1681,0.6059
A3JJUCA6K4P31H,1,1681,0.6059
A1KY25HG3D9NWB,1,1681,0.6059
A90G79F72RWIP,1,1681,0.6059
A2CZPM110DW516,1,1681,0.6059
AP7ELOKYSDI7B,1,1681,0.6059
A1MEISNED4NP7U,1,1681,0.6059
A385XZUTI3TVD9,1,1681,0.6059
A28ZZGNB6YHB1C,1,1681,0.6059
A1X2LENOF84LCQ,1,1681,0.6059
A3JGIXQPX65TGJ,1,1681,0.6059
AH5BCMZELZSKG,1,1681,0.6059
A15FWJHO4VIPJS,1,1681,0.6059
A1BPOCN80KYWXF,1,1681,0.6059
A2013JDMPUV6D9,1,1681,0.6059
A5YWJ2DTETQRO,1,1681,0.6059
AWKZAUC0D8DYL,1,1681,0.6059
A3MFU0GVZUVH3K,1,1681,0.6059
A3PGVJF37JSHFO,1,1681,0.6059
A3QNPWAS1BQVOC,1,1681,0.6059
A18NCWBIHF6E7Z,1,1681,0.6059
A3IEGFLUNPKRV4,1,1681,0.6059
ADHLG6CZ597MY,1,1681,0.6059
A2M5VZV3M9BDY7,1,1681,0.6059
A23XG7TKQELFVE,1,1681,0.6059
A1J5HIF41ENSMZ,1,1681,0.6059
A2D0CO1OA6DSWY,1,1681,0.6059
ANS38UFJ5F91V,1,1681,0.6059
A2OVIMMHMBEVIX,1,1681,0.6059
A3OXHEV3U8YOAZ,1,1681,0.6059
A2UNEEEJNHGS2D,1,1681,0.6059
AG6D3NM93UO3Y,1,1681,0.6059
AMEZJVXMSEPY0,1,1681,0.6059
A1PJPEKAZWRU62,1,1681,0.6059
A25SV4A5C67BXI,1,1681,0.6059
A1W5OI3NG63ZLD,1,1681,0.6059
A2EDTVVR9IFNLW,1,1681,0.6059
A22VFXCBB65JU4,1,1681,0.6059
A21GW4L8FO307V,1,1681,0.6059
A1SKYUU9V73CW3,1,1681,0.6059
A1S7YQQGJPPFLG,1,1681,0.6059
A12Z78HEDILMPK,1,1681,0.6059
A1TMX546DIO93G,1,1681,0.6059
A3VBMSRAWIY6S1,1,1681,0.6059
A20YRMAOWPGLKW,1,1681,0.6059
A28EMTHVF120XV,1,1681,0.6059
A2HOLM5I1ARX9J,1,1681,0.6059
A2O5GZN3H3ZV0G,1,1681,0.6059
A3CBOHS80ZI5A7,1,1681,0.6059
AMY8AQS6K4VXW,1,1681,0.6059
A2LHL3RYUYLCN8,1,1681,0.6059
A23GTPRHLN78S2,1,1681,0.6059
A3NHDH12CBHLXR,1,1681,0.6059
A10G4BPT5MGBHY,1,1681,0.6059
A27UE9HJRZ22YI,1,1681,0.6059
A1R1BFJCMWX0Y3,1,1681,0.6059
A3VFHUM2DOQB89,1,1681,0.6059
A3RG3S43T1TTH4,1,1681,0.6059
A1JUKS0DSO2XZG,1,1681,0.6059
A8GM3S7RAA5VT,1,1681,0.6059
A14D3GEKTC18JU,1,1681,0.6059
AUITG1DJ3QUGK,1,1681,0.6059
A2V7QLHYZJDO6A,1,1681,0.6059
A2E3NAL9ECE7VS,1,1681,0.6059
A3D0HMC6RQT0N0,1,1681,0.6059
A17A1GNT0CQS8T,1,1681,0.6059
A1HPC4WLVUH808,1,1681,0.6059
A1FYK61GGJO8Z3,1,1681,0.6059
A13MPH77KVE9NH,1,1681,0.6059
A352GEDAW1NGTZ,1,1681,0.6059
A2ZNDM5U1QWHZ2,1,1681,0.6059
A37U4HM0UG7FQ0,1,1681,0.6059
A9DL1VVBWMRC5,1,1681,0.6059
AQ55H30MZSV0Q,1,1681,0.6059
A1CNV2BQHWAAPM,1,1681,0.6059
A1CUB195YB9XKO,1,1681,0.6059
A2E5O8AERZV6UP,1,1681,0.6059
A4WOKTVA4HST9,1,1681,0.6059
A2LHD5UCM2ZMGN,1,1681,0.6059
A33QOSYADK6BWK,1,1681,0.6059
A13OV96DEUAR1F,1,1681,0.6059
A1ZBGFVVMDPOPD,1,1681,0.6059
A16WXVAM19TK7O,1,1681,0.6059
A27KO7X39MLW9Y,1,1681,0.6059
A2NUHWMHA9XNKV,1,1681,0.6059
A1YKSFKMRZHVOU,1,1681,0.6059
A2ZXYKQYUYS9PW,1,1681,0.6059
A4U27URFECK1U,1,1681,0.6059
A15SK0MDCPBDYA,1,1681,0.6059
A1RKGC5CRTFPI1,1,1681,0.6059
A2WZVWFVVI8BF0,1,1681,0.6059
A1URXSRV6WDHVY,1,1681,0.6059
A1I8ZYUJ21YXJ,1,1681,0.6059
AIJJ8WUEGRYH1,1,1681,0.6059
AJXV6T2EMQHF0,1,1681,0.6059
A2TXMYYGSZCSZ1,1,1681,0.6059
A198M9M2PUJE2Z,1,1681,0.6059
A2QQZ3U2MLBF6C,1,1681,0.6059
A1MLVQ20U6X3ZC,1,1681,0.6059
A2YORCT7S58Y39,1,1681,0.6059
A2I6O3SYDQO39E,1,1681,0.6059
A2YUDQKESBIEEU,1,1681,0.6059
AGOMW95M7MIV,1,1681,0.6059
A1C4RUT5BWM3R9,1,1681,0.6059
AEWYUPCNDV7HY,1,1681,0.6059
A3IGETH1M17L0W,1,1681,0.6059
A6B53E1Z258WX,1,1681,0.6059
A29QQUKTUHOA32,1,1681,0.6059
A203RKFUESCH48,1,1681,0.6059
A35TOWGG1F5CZM,1,1681,0.6059
A2DURJRPTPKUZS,1,1681,0.6059
A13T2PI51VAYEQ,1,1681,0.6059
A3RFNCMOL3FSE8,1,1681,0.6059
A2JP0URFHXP6DO,1,1681,0.6059
A2ZKQC0XCIIAEM,1,1681,0.6059
ASKZO80Z1RKTR,1,1681,0.6059
A3A4ZAIBQWKOZS,1,1681,0.6059
AS225FTMC1Z95,1,1681,0.6059
A20L2Y5CIA3VF9,1,1681,0.6059
A27K9A3JP5AXZY,1,1681,0.6059
A1LRB1N170UKPG,1,1681,0.6059
A1KDQXZHQIG5QG,1,1681,0.6059
A3OYS3SSHB4KL1,1,1681,0.6059
A2BAMSA51YSE0U,1,1681,0.6059
A299BC8GNJS5EB,1,1681,0.6059
A1V7M066XFKFEY,1,1681,0.6059
A2U6X0GHPCODVV,1,1681,0.6059
A2RQ8MN9EY5OMY,1,1681,0.6059
A1IHK8GL1ESOND,1,1681,0.6059
A2CC8MLBSTMKPB,1,1681,0.6059
A336TE6K4X3EDR,1,1681,0.6059
AZYYUCMIK4Y4Z,1,1681,0.6059
A137YN42MHHIVX,1,1681,0.6059
A1WSQ0QRWQC7VI,1,1681,0.6059
A1J3ZRDP19G8KB,1,1681,0.6059
A1WNTAK9Q176IU,1,1681,0.6059
A1LK2X9A3A5BM4,1,1681,0.6059
A1OEJA4X7SDZDP,1,1681,0.6059
A2FIWNRMIJ5IK5,1,1681,0.6059
A1Z1EHL6JMI0M4,1,1681,0.6059
AL2M6S0TZME77,1,1681,0.6059
A3R7EE1SEQJ728,1,1681,0.6059
A1E94U5UUUYNDX,1,1681,0.6059
A3T6UL4EBK9SY7,1,1681,0.6059
A2HITJWQ2HVEGR,1,1681,0.6059
A3J18C4T2JWI2F,1,1681,0.6059
A1TF22LGTQQ8GM,1,1681,0.6059
A16A8L7F22TFTC,1,1681,0.6059
A1M6D4RPSG88JQ,1,1681,0.6059
APDTFL0NS0OHE,1,1681,0.6059
A3R5QIGAFV0CRR,1,1681,0.6059
A2QXI6IJV0SBZP,1,1681,0.6059
A23J1T7UNX14TK,1,1681,0.6059
A1P5CIQW08ZD75,1,1681,0.6059
A3UZFW0JK0DJ2B,1,1681,0.6059
A31CQSAL2PI371,1,1681,0.6059
A3QLMRL114BPEE,1,1681,0.6059
A1YP96MT6W9FTB,1,1681,0.6059
A9GIGJUB98JNR,1,1681,0.6059
A2CG191FKPTJUI,1,1681,0.6059
AG8E2F0G98ZTB,1,1681,0.6059
A1T61QP7QHYBRQ,1,1681,0.6059
A39GJTSNHQADX5,1,1681,0.6059
ASW8LWLAWCJXF,1,1681,0.6059
AM42286XLFIEP,1,1681,0.6059
A2RNQ7FEEC0O1Y,1,1681,0.6059
AAE3YYTBHRASD,1,1681,0.6059
ADUTTER4DACSE,1,1681,0.6059
AUKEU9CW56TT4,2,2,0.82
A2NQVPLLJ05E98,2,2,0.82
A120ULF73SUTI9,3,4,0.64
AWAILX0U9SBF2,3,4,0.64
ANJY75Z24A6AG,3,4,0.64
A2OCPKX6JGRN1M,3,4,0.64
A4AF29Y2BHYEY,4,3,0.6967
A9PSPAXL7YIU8,4,3,0.6967
A1IGL049RAKFJP,4,3,0.6967
ADBQ1ZDM5KL1G,5,2,0.82
A2U9XX4Q5NQBG6,5,2,0.82
A212REVB5AFP02,6,2,0.82
A24V0SRCB8XBAC,6,2,0.82
A14YJ502Y9HHL8,7,6,0.5933
A2JUO2M5VA8EGU,7,6,0.5933
ALNFAA0XTWP7G,7,6,0.5933
AMZMQZ8XWYYQM,7,6,0.5933
A2GGS3I5BY7R1A,7,6,0.5933
A2XB9ZAJKW7QNL,7,6,0.5933
A2UAS6OGCR8IUG,8,4,0.7067
AXYEHZ5T2KDAG,8,4,0.7067
A1086X0XXO401X,8,4,0.7067
A35F0XZTL3NV60,8,4,0.7067
A1FGK3N8GZHGZJ,9,5,0.73
A1N3WNCCMAKLPI,9,5,0.73
A3D4BEOQOZIYPG,9,5,0.73
A1FG66P4RJJPFH,9,5,0.73
AIPZ2355QWR8J,9,5,0.73
A1C00XXCYWEKK1,10,2,0.82
A3OAX0WCV109IQ,10,2,0.82
A1B04MLSX8DDPX,11,3,0.6967
A3OYMK6UMM871F,11,3,0.6967
A1ZGZ387Y4ZVYP,11,3,0.6967
AKE4NR62FLGUC,12,5,0.61
A1GMO1GJ1SDHQ9,12,5,0.61
ADNJJMUSQ2IDD,12,5,0.61
A2ENZ4FESUXXMT,12,5,0.61
A1ADD3J2AQXY1X,12,5,0.61
A18YAHLIMDQ8AE,13,2,0.82
A35JCASWZL0XBH,13,2,0.82
A35EC54TIQQN01,14,4,0.64
AWG6ST93A8SI9,14,4,0.64
A2W8E2X9358OC4,14,4,0.64
A2E3Q8U8364F5P,14,4,0.64
A18RZLFVFN6697,15,6,0.5933
A3TE4YZEDRLHF6,15,6,0.5933
A2N33H4VCFTWKV,15,6,0.5933
A2KB7B2FLDK5MB,15,6,0.5933
AXG6MCKKUS2OC,15,6,0.5933
A3S58J9HNVKP32,15,6,0.5933
A5ZW1R47LT4HM,16,5,0.61
ATF9GIT9E3X5S,16,5,0.61
A36UME3IFQF24P,16,5,0.61
ABGJYLBMM68T1,16,5,0.61
A3VTN80U7FIZ5K,16,5,0.61
A3VZ21TZSRB4HC,17,6,0.5933
A3LZQZMCIZDXK3,17,6,0.5933
A17PADFFUPKPEZ,17,6,0.5933
A10QVHHPD3GY6R,17,6,0.5933
A2IJ8OWXSJQV27,17,6,0.5933
A1CY8TAF8X5P6O,17,6,0.5933
AH13107WXGG9A,18,2,0.82
A3JZ898Q8XXL6K,18,2,0.82
A3RZ3PXOHNYC8S,19,2,0.82
A1C0A4EE80SZBC,19,2,0.82
A22RY8N8CNDF3A,20,2,0.82
APVVQ866N4T2S,20,2,0.82
A1Q4DVABELGRQO,21,4,0.7067
A1GT4LMA1XSNBZ,21,4,0.7067
A2AV81E5SIEIQ2,21,4,0.7067
A3OSYLMU0H5O2H,21,4,0.7067
ACB7AIGP2VWOS,22,4,0.64
ALIM7SV8S51EM,22,4,0.64
A34GH8QDLI43CL,22,4,0.64
A1S23W54L14A6F,22,4,0.64
A18HHON17J3LH0,23,2,0.82
A3270K93DE9U9F,23,2,0.82
A2CVGYQF8HF1OU,24,2,0.82
A3TKHAC2G7G0H1,24,2,0.82
ARIOLFRAJ0KZ7,25,17,0.6553
A2ZBCBD0R8S72V,25,17,0.6553
A29AX4IB7BJWFZ,25,17,0.6553
A17IVJ1L8E8PJM,25,17,0.6553
A3UKIMS698FI6J,25,17,0.6553
A91BVZEDZYEWW,25,17,0.6553
A2YZZW6MQC1SVQ,25,17,0.6553
A3NV9BJPA3FJYB,25,17,0.6553
A2GLLYZ7AUEYFG,25,17,0.6553
A2TI4Y4OJEFDJF,25,17,0.6553
AVR5YRTT8DKD8,25,17,0.6553
A3EQRG0AYCU91N,25,17,0.6553
A2O4JDX3T2PD57,25,17,0.6553
A3SJU1AGUIIH91,25,17,0.6553
A24DD13939UP52,25,17,0.6553
A3QNDSQJFA360M,25,17,0.6553
A17EO1YJ50LGZT,25,17,0.6553
A2EN0EP5VP35BY,26,4,0.7067
A3Q5IRZ3ZJV4P3,26,4,0.7067
AX2WJBNKRBESK,26,4,0.7067
A4A9CR4EPHFN2,26,4,0.7067
A1SLC39TGY8RBT,27,5,0.61
A37KG9AQK1PN10,27,5,0.61
A18ECVX2RJ7HUE,27,5,0.61
A25ZEBLNHEXF31,27,5,0.61
A1BRCGSHKCF2DP,27,5,0.61
A3D7YSUWYQW9MK,28,14,0.6383
A2CLDB6BSGRGOQ,28,14,0.6383
A2FIFJ7NXALJGE,28,14,0.6383
A1DN73KYREUPNZ,28,14,0.6383
A27AGVQMDOMKSF,28,14,0.6383
A3ER3V2E06DH7D,28,14,0.6383
A18WZF35AXZGOP,28,14,0.6383
A9MWI9S0HEIRA,28,14,0.6383
AWV4RZ9P2G1XA,28,14,0.6383
A3O582NDVVNWSD,28,14,0.6383
A2ICKE6A3MJMM5,28,14,0.6383
AODSDJXUR4CGZ,28,14,0.6383
A3CEPHVCWDNAWZ,28,14,0.6383
AY545C8MV07G1,28,14,0.6383
ALIN01RFOIX3G,29,9,0.6456
A26CJ570M1WFO6,29,9,0.6456
A1UEILMFX6GROB,29,9,0.6456
AWIZ4J524S9XU,29,9,0.6456
A1I2PVMCVBPBQ6,29,9,0.6456
AK3D1F2TEULT0,29,9,0.6456
A21KM4P1KARP57,29,9,0.6456
A21FZW91CX12TA,29,9,0.6456
A1T5H7HNRWDUNL,29,9,0.6456
A3UPEV60FD84VX,30,3,0.6967
A3QN1DHU09PHZ5,30,3,0.6967
A31XZFAU4LE4C5,30,3,0.6967
A2W1LLW1Y682PW,31,3,0.6967
A28AOYX0UWTI66,31,3,0.6967
A1Z59HVB8OPON0,31,3,0.6967
A1DTTUZZH3UCJK,32,2,0.82
A2RFA2MDIDEGQL,32,2,0.82
A2GHU6H46Z15EO,33,2,0.82
A32IAWS84M6SYO,33,2,0.82
A2EJ7NFODZPQNW,34,35,0.6296
A1KB57XORQ9Z7B,34,35,0.6296
A36STUKO48873O,34,35,0.6296
A2Y3BH7YAF3B1J,34,35,0.6296
A3A824JSE446Z3,34,35,0.6296
AAQHD9J4S1PU5,34,35,0.6296
A112Q77IXN1DNJ,34,35,0.6296
A2O6WLMSNF5UMJ,34,35,0.6296
A14DQVZM2SCWZN,34,35,0.6296
A1W2PKCD3OV2OD,34,35,0.6296
A3MPWONT80G4RQ,34,35,0.6296
A2RGWM5OACPAFT,34,35,0.6296
A1OT13GDLQ5HI6,34,35,0.6296
APRJDKS9CHS61,34,35,0.6296
ACNATFT0CN0HO,34,35,0.6296
A34I4NJJ8QI40Q,34,35,0.6296
A2WOE8UPO9VFVU,34,35,0.6296
A13FNVCPZYKIAM,34,35,0.6296
A254YOEDRG7DIN,34,35,0.6296
A3H0NEHDHQ96D6,34,35,0.6296
AI29WO72IV7ZM,34,35,0.6296
A1Z82WO6ZE9IEY,34,35,0.6296
A3U1X630S1OOY2,34,35,0.6296
A1EH2DJF33AZ5C,34,35,0.6296
A3T9HNU52G8Y4Z,34,35,0.6296
AJ0LVMSVJ0CN1,34,35,0.6296
A1NDHLQN0K23QK,34,35,0.6296
A2PCNYR9AU2AUO,34,35,0.6296
A1UTKWU3XZWSD4,34,35,0.6296
A21GMME4YGBR7R,34,35,0.6296
A2TKG2HV6WPMPU,34,35,0.6296
A34CE623TDL7LU,34,35,0.6296
A3QY178HG7F8S,34,35,0.6296
AWHZ4K1IXPFRZ,34,35,0.6296
A11DYYOB53LIZM,34,35,0.6296
A3A52LCHHYK6C5,35,3,0.6967
ATLCOMAE8J7FO,35,3,0.6967
A2O9SIBNRR4ACS,35,3,0.6967
A1JGGZADHMATMO,36,2,0.82
AVSMRPI23DQI2,36,2,0.82
A3O7LVFESZEMH7,37,11,0.6627
A398I6GWNZPF92,37,11,0.6627
A2DDTHUPCXB6Y,37,11,0.6627
A165WJDRP7ZJYS,37,11,0.6627
A3R2SH4H4TNH0T,37,11,0.6627
A24CVMUIU6NRCT,37,11,0.6627
A3Q82T5MFPDN2Q,37,11,0.6627
A3D5OJA3XIQS18,37,11,0.6627
A12GKGMTXDHNW5,37,11,0.6627
A2EAL64PNHVB5E,37,11,0.6627
A18RQT2T3WT3N4,37,11,0.6627
A1BYM8XCLZTPMY,38,2,0.82
A13YCEHOME8UYC,38,2,0.82
A1Y6N4X8FV6IAC,39,2,0.82
AB83NX9D3EGSY,39,2,0.82
A2RJ3QSY16HQP8,40,15,0.6148
A3CRTOJK54P800,40,15,0.6148
A3Q1AR7PVTFRSM,40,15,0.6148
A2MF6MFBOU2LPH,40,15,0.6148
A3BJU6NN26AK2M,40,15,0.6148
A2ZCG424VQZFSP,40,15,0.6148
A13MPIMRWHTQ2Z,40,15,0.6148
ABVYGB2TKBO8F,40,15,0.6148
A3QZEQE9T2660L,40,15,0.6148
A1HDDJMKB2G5KC,40,15,0.6148
AYIMQYSNJ96YS,40,15,0.6148
A10R1SL31CJII8,40,15,0.6148
A1DTAB80H647JY,40,15,0.6148
A2RWCDXMX1C597,40,15,0.6148
A3H4FFQ4AYZORO,40,15,0.6148
AW8UBYMNJ894V,41,2,0.82
A2FJK1ISRDJEDI,41,2,0.82
A224YIBQCDVRQK,42,10,0.6333
A19QM6GJ0AFT0D,42,10,0.6333
A23QKGBTR29SIU,42,10,0.6333
A326CJOIAVMKIR,42,10,0.6333
A35A2L18E20MNP,42,10,0.6333
A2JJIBBRQ3A3IG,42,10,0.6333
A2KVYT8JX39EE1,42,10,0.6333
AGM8AI8Z6SJ7V,42,10,0.6333
A1U90MYVSLLFI1,42,10,0.6333
A17NIV43S4TR6K,42,10,0.6333
A2W29HD38V9F8X,43,2,0.82
A2B64OK9YBEQGP,43,2,0.82
A39Z80I79V4XRN,44,7,0.6224
ARBR8471NTSMH,44,7,0.6224
AEF12MHCWA243,44,7,0.6224
A2IN2AD238G08N,44,7,0.6224
A2OCFY81BELYVJ,44,7,0.6224
A3IUX9ORAHPQRV,44,7,0.6224
A2I3BWIY35O2SX,44,7,0.6224
A1LLVNWLFQV9PN,45,3,0.6967
A32PY9MW5928O5,45,3,0.6967
A2T0D9S16SPR3M,45,3,0.6967
A32P0B3INF7HF5,46,2,0.82
A2GZR8E5M50K1Y,46,2,0.82
A1RVT44SHQV8EC,47,5,0.69
A17EYZ6YY4TX9I,47,5,0.69
A3CEPKXGIWY94C,47,5,0.69
A14SA1LJIIHWW7,47,5,0.69
A25PJ0QJ61SC80,47,5,0.69
A2Q0UGKMVOO7T3,48,4,0.7067
A1YM2U6D8GBSZR,48,4,0.7067
A2MIE470WAKCLU,48,4,0.7067
ANC58RQKSQ5DG,48,4,0.7067
A12OILS0DDD1K9,49,2,0.82
A2DBZJX6JXU9QD,49,2,0.82
A3CX02IGUE2FV9,50,4,0.64
A2WI5XJCEL035S,50,4,0.64
A2NZIWIMG9VTIR,50,4,0.64
A2YWHYLGHUTXB5,50,4,0.64
A18Q0YU1FMO7TE,51,2,0.82
A3412L0GXNIJ01,51,2,0.82
AD75DV2LKDOW7,52,2,0.82
A3NKRADYHW2CIP,52,2,0.82
A8K0QSKFK97WA,53,21,0.6457
ABVHVYB9VQEWD,53,21,0.6457
A369ZU3YLFRDIC,53,21,0.6457
A2Y3MMINQTYZZ1,53,21,0.6457
A2PIAYX0E3OVDG,53,21,0.6457
AHN0TOFN3GK5Q,53,21,0.6457
A1D696068E7EOU,53,21,0.6457
A3AB7K0YC972U4,53,21,0.6457
A2C42R3XN8GSPZ,53,21,0.6457
A3QE3P6JJCPIHW,53,21,0.6457
A9O6AL247M1F6,53,21,0.6457
A39RYTM5FN8OY2,53,21,0.6457
A20QO5I08JQZE2,53,21,0.6457
A31JJ826HPP05W,53,21,0.6457
A1TC37XOMONIIN,53,21,0.6457
A176I91EKBXT0S,53,21,0.6457
A2ZN4Z64QH3321,53,21,0.6457
ACOO19LQNRQ7F,53,21,0.6457
A6Q7WKH6CXPLO,53,21,0.6457
A39SJJZ2W6MUTI,53,21,0.6457
A3AOJQJ7XHZMPY,53,21,0.6457
A3IHEEQDOUZKS0,54,9,0.5789
A2BR0LJ24WU79M,54,9,0.5789
A2CG457OVZ0LTV,54,9,0.5789
A2IWNWS91HAEUK,54,9,0.5789
ACZ7LPQ281ZR3,54,9,0.5789
A9LZ5IBKWWKVR,54,9,0.5789
A2IF9ZFPVR0E15,54,9,0.5789
A2N3DPMEBNP4PK,54,9,0.5789
A16X7ULTP37ZB5,54,9,0.5789
A2FSJTL7U70RDU,55,2,0.82
A22WODWOZKCO40,55,2,0.82
AS2YF7K3EVFJM,56,3,0.6967
A2HYEGYQXWXCJX,56,3,0.6967
A3MQAQT8C6D1I7,56,3,0.6967
A1OKXYEBH75140,57,2,0.82
A3TXZJQWCPYNVS,57,2,0.82
A3PDFQOVURWZY,58,9,0.59
AIRZAEK6LLYQ,58,9,0.59
A2KXCSNY9BKMQ3,58,9,0.59
A190J7U7F31OJ5,58,9,0.59
A350C4QPBONBWK,58,9,0.59
A3EDDOZCRF1D2J,58,9,0.59
AOHNLSWSOLK8N,58,9,0.59
A3PFLKE491X4AJ,58,9,0.59
AZ34737QMSG8Q,58,9,0.59
A31L95HWZ3PF97,59,8,0.6371
AJ6WCVOY4HP06,59,8,0.6371
A1GW4654UMT3OX,59,8,0.6371
A1C1TNVSZAZA4E,59,8,0.6371
A39GVHR55CO51P,59,8,0.6371
A156MJLYNC0N9I,59,8,0.6371
A1FYOQT35E54EP,59,8,0.6371
A3U9KACCAE0JDY,59,8,0.6371
A3GZQJZLSMETLI,60,3,0.6967
A3UXE1BG6RY52C,60,3,0.6967
ABA1WB1SVFHTW,60,3,0.6967
A1G0E1SQB3SGSZ,61,2,0.82
A2TGF3A2Q5JYN8,61,2,0.82
AF9OYN557Z77I,62,3,0.6967
AXSTY40VP4M45,62,3,0.6967
A3A59WOOIH35HF,62,3,0.6967
AYUQ1P5TW08SZ,63,4,0.64
ABGD4FXC1AJPJ,63,4,0.64
ADKHI1TUGAX4,63,4,0.64
A9FSJD6Z7QGJE,63,4,0.64
A78PJ50UNRJV6,64,3,0.6967
AREUJN0YBOO9K,64,3,0.6967
ADYRLMDROBAXW,64,3,0.6967
A1ISMSWIRA2LBL,65,2,0.82
A1VUA80DLZGWIP,65,2,0.82
A26Z4NRNY3EY02,66,3,0.6967
A2AHTUMQC1O3M8,66,3,0.6967
A2KJXBI3V1MZNM,66,3,0.6967
A1FR6AMPETJGUR,67,2,0.82
A25EGTGMF8V06Y,67,2,0.82
A23NCKH61PJ22C,68,9,0.6011
A2527OUSSJOL8G,68,9,0.6011
A39YPTSCZOZG7S,68,9,0.6011
AXV5IWNDCEL76,68,9,0.6011
A3J6KZ3VKXU676,68,9,0.6011
A1QJ0UMSIE1MCP,68,9,0.6011
A1K3LZFVAZMPMN,68,9,0.6011
A307N15HTJLGO8,68,9,0.6011
A3TRT5AAQNB1H9,68,9,0.6011
A1YQRC6VST9KOF,69,28,0.6328
AKV87H8H5TYQD,69,28,0.6328
AHRCOMX6HVLVV,69,28,0.6328
A16K0JF4B8GTTP,69,28,0.6328
A2RP62O0MVH3EJ,69,28,0.6328
A2LPJY2QMEYTRA,69,28,0.6328
A16SPGA83A4J8H,69,28,0.6328
A2GKCU6IWROCU6,69,28,0.6328
A1B9QFN9YFZD90,69,28,0.6328
A2VFN33XFSDW9C,69,28,0.6328
A339E19PUWLOXX,69,28,0.6328
A18K553B4TYQLN,69,28,0.6328
APD8K5WTYASBY,69,28,0.6328
AU0LBH9Q2NKQG,69,28,0.6328
A14WY8OB3G5OGH,69,28,0.6328
A2JO3BYTZWP6CE,69,28,0.6328
AD7WMABMPXIOY,69,28,0.6328
AD4157JAQ17T9,69,28,0.6328
A278V4RQOW79GG,69,28,0.6328
AMFFX9I9RWELU,69,28,0.6328
AJ6DZGGVCIMO9,69,28,0.6328
A2GZBRT6DBCCZY,69,28,0.6328
A377CKA2MEIR54,69,28,0.6328
A3P3XP70BMBX06,69,28,0.6328
A3T1KRR2SPF3TD,69,28,0.6328
ABSEYAX48XK2I,69,28,0.6328
A26AY1BPGZ50AG,69,28,0.6328
A30GWE163ASTPX,69,28,0.6328
A2LKQF1SJAQS1Q,70,3,0.6967
A21ITSL0BRRXVM,70,3,0.6967
A2ANICQ82D7RJV,70,3,0.6967
A32EIO7RUPSEHV,71,5,0.65
A3775OP5VTX5ON,71,5,0.65
A27ZZM7OON7IIY,71,5,0.65
A1NPM1PX6MAK5E,71,5,0.65
AUM9K0KZGK653,71,5,0.65
A1H04ULNBSVX2Q,72,42,0.6311
A7NKKP0FUGFHU,72,42,0.6311
ATPE249G00DZ7,72,42,0.6311
A1HTWL26WM2NVU,72,42,0.6311
A12ABV9NU02O29,72,42,0.6311
A3JP4GUOZ4QKDO,72,42,0.6311
A1HW0G4QPCTQBV,72,42,0.6311
A3NZU7DVK2VZ2X,72,42,0.6311
A6NGURBNLLVTI,72,42,0.6311
A39C34NKIELF1S,72,42,0.6311
ALPZ97AV9UAY0,72,42,0.6311
AO50HSYM1N6XG,72,42,0.6311
A343XI0NEV2YJ,72,42,0.6311
A2E95ZZNAQ24GS,72,42,0.6311
A2U7HQI5DQUT61,72,42,0.6311
A170Z7HTN9NDIJ,72,42,0.6311
AXQPJFOALBYAH,72,42,0.6311
A3GJUXQOKUNIJM,72,42,0.6311
A2RIARU7CX5ZX8,72,42,0.6311
A3I98FCRUS9L72,72,42,0.6311
A150ELARPGPY4T,72,42,0.6311
A2H00CJ30YSNWM,72,42,0.6311
A2T9FTF1YHS9IX,72,42,0.6311
A28GS21LBHH1TA,72,42,0.6311
A2FO3WE9MBLDY2,72,42,0.6311
A1RBOK8YMMLVPS,72,42,0.6311
A2TTP86LUT27C8,72,42,0.6311
A67S8FWOZQYMA,72,42,0.6311
AU63ANDZKYW39,72,42,0.6311
A70M6A06LDI3Z,72,42,0.6311
ASEVYBV2GDMBQ,72,42,0.6311
A377FC67NR8G8H,72,42,0.6311
A3T569ZAJAGF2H,72,42,0.6311
A2I85TDI7XF3C3,72,42,0.6311
A2HV7COJAVH40,72,42,0.6311
A3Q5ZQAL0E0JR5,72,42,0.6311
ADZ2QODSMGAUG,72,42,0.6311
A32KIUW9DLG5S7,72,42,0.6311
A3135J347MDKYK,72,42,0.6311
A2KVAGB52EOKLS,72,42,0.6311
A13VKWDIQWTZHR,72,42,0.6311
A22HDGUSOJO4SY,72,42,0.6311
A2KETRDA2QWM8M,73,5,0.65
A3JA30EHGT7TU4,73,5,0.65
A1H6G9KAJFX19Z,73,5,0.65
A2T55TZ4YDS87U,73,5,0.65
A10I7MYH5IYYWP,73,5,0.65
A3IB5F5UTKNG5D,74,15,0.6186
A3HV10458SSRVM,74,15,0.6186
A329H2RZIGCHMH,74,15,0.6186
AAZTMLVDQUHZK,74,15,0.6186
ATIESTXNUFNSW,74,15,0.6186
A2UVOEFDQB20OT,74,15,0.6186
A3AWVPK4VJTQAD,74,15,0.6186
A2QCO6PGQPENZK,74,15,0.6186
A187JICONF2643,74,15,0.6186
A14D9Y2FDJEMX4,74,15,0.6186
A1YCAK5DUDJ2MW,74,15,0.6186
A13RN2I934Z0N1,74,15,0.6186
A3DGMJN91IUKGU,74,15,0.6186
A14YZVQTMRO7NE,74,15,0.6186
A2HWCNXF7BG13C,74,15,0.6186
A3M9ABRW2VB84J,75,4,0.64
A2H7ICQGFXDI4S,75,4,0.64
A1HGS0BUALAMAU,75,4,0.64
A1FAD8ZFG2I0QM,75,4,0.64
A3636TWKL4BITC,76,2,0.82
AY18E24VXG8FT,76,2,0.82
AX4OUOYP645H8,77,10,0.58
A2NWO99H6PHFMN,77,10,0.58
AR7BDC8P5L33L,77,10,0.58
A2JOTTF0HLND3J,77,10,0.58
AODQI51IBW7WN,77,10,0.58
AWBIPRIWOV495,77,10,0.58
A2H26VE2QC4WV,77,10,0.58
A3VAHUFXKVQ4ET,77,10,0.58
A2T24Z5QP2OMXU,77,10,0.58
A2ZWHO87S7L5DA,77,10,0.58
A3FNOSCPPESDF9,78,2,0.82
A1GGLUONWB3AFY,78,2,0.82
ATWTPHRRPCGHO,79,2,0.82
A39PXL8TQKMNRY,79,2,0.82
A34VKO642QP76Z,80,2,0.82
A1X1SYKBERJPPF,80,2,0.82
A2SJ2SD6WIG56,81,2,0.82
A1K5EGX8HBO34M,81,2,0.82
A8CMCOTPCAZ3S,82,9,0.6011
A1OVBH3RR5OY86,82,9,0.6011
A31TKXW3QPH9T,82,9,0.6011
A1WLAHPHD07E1N,82,9,0.6011
A2EV399NUQW9AJ,82,9,0.6011
AUPCERMZ6ASML,82,9,0.6011
AEIILE1PUV2W,82,9,0.6011
A2O8G8CEMOHKKG,82,9,0.6011
A2NFPQ44U90N7W,82,9,0.6011
A1VEELTKS8NLZB,83,4,0.7067
A1WNEVIRLVH12R,83,4,0.7067
A1W1V6RD1I9R2D,83,4,0.7067
A2WE4JPZIFA4K9,83,4,0.7067
A2G9ZHVA6IOGBY,84,3,0.83
A43Q42VMUAWG4,84,3,0.83
A2PL7ZNZNA1S68,84,3,0.83
A2GR77INMKX9O4,85,2,0.82
A2RSUJSHWVZJCX,85,2,0.82
A38Z1QNI3H0JDB,86,2,0.82
A241CQWSEYAH0K,86,2,0.82
AO7W7WGOU6UIW,87,2,0.82
A42PJ9K10RLMT,87,2,0.82
A3DSIE82A3T20B,88,3,0.6967
A2BV8E2VPVORN3,88,3,0.6967
A1QPZCVXMCIJQJ,88,3,0.6967
A18CF0Y6UNYQQR,89,11,0.5827
A2Y12OJTYAYDDL,89,11,0.5827
A3ER6ARJ23CIN8,89,11,0.5827
A15VUE5G0WQMYB,89,11,0.5827
A20Y433PDWVNRZ,89,11,0.5827
A3RF5L5NIAPEH,89,11,0.5827
A260S0QHBS0XEY,89,11,0.5827
A1AT5RE89LSXTN,89,11,0.5827
A3TR4J71PYZVU9,89,11,0.5827
AN85G70HW0YQH,89,11,0.5827
AE9GUJOQKSOAA,89,11,0.5827
A2YQ8MEMUOWZK6,90,3,0.6967
A23TE7J1U3791T,90,3,0.6967
A35C08P4HELIMI,90,3,0.6967
A17HVJ3WXQXJ8J,91,3,0.83
A2O79E4NI6SKK9,91,3,0.83
A3CJZO1C5WMFUD,91,3,0.83
A1BF231Y3N3A77,92,2,0.82
A3PSL549ERGXLD,92,2,0.82
A2SV1MW01DA32L,93,2,0.82
ALVO1A5UB8DG0,93,2,0.82
AJS9A3LU92BNG,94,3,0.83
AEKNT5K9X1ZI1,94,3,0.83
A1D13BNGSSQT69,94,3,0.83
A21EW1CMBF5UKC,95,3,0.6967
A3DE9B7KEQD4UD,95,3,0.6967
A1SMCK2S79NKIF,95,3,0.6967
A1GKAGU5JZODFN,96,2,0.82
AWHMRZ3M71H2S,96,2,0.82
A364YOXAKXTXP5,97,10,0.5889
A3B7YGT8GBUYKS,97,10,0.5889
A34GN6SG5IZG0K,97,10,0.5889
A6975NKAWMCOY,97,10,0.5889
A5PSNCI685HGL,97,10,0.5889
A3CVS1QPS1418G,97,10,0.5889
AFHBSL4JPSJ04,97,10,0.5889
A3JG9IR27BDP6P,97,10,0.5889
A54S9CIUV5VNB,97,10,0.5889
A1BFXDCTEWBJC5,97,10,0.5889
A1L7M2JXN4EZCR,98,32,0.6282
A1Q6O7G75XDOXV,98,32,0.6282
A1B58KH3REUIMK,98,32,0.6282
A2JGXI2HX4H7K2,98,32,0.6282
A3NT2DO5BKENZL,98,32,0.6282
A1JATW18PXEMGV,98,32,0.6282
A2IYN1DD7BRBC1,98,32,0.6282
A1WB7LMDVOGO60,98,32,0.6282
A1CB8HH9YJ2YZE,98,32,0.6282
A3LEFYBPA40MF5,98,32,0.6282
A2Y3E9ZMKAGHK6,98,32,0.6282
A32YXZRI6YI6OI,98,32,0.6282
A34KSC23EUZ4VX,98,32,0.6282
A35FQ1CFU3FAAG,98,32,0.6282
A3QCLEQ7F77V6C,98,32,0.6282
A295FGR81Q0V6T,98,32,0.6282
A1V4VOYEH7QIF1,98,32,0.6282
A1KPPFZ4Z59HM5,98,32,0.6282
A1B7R8W5COBV9I,98,32,0.6282
AB4ZBN3S7WTT0,98,32,0.6282
A3077MQTAKOVFZ,98,32,0.6282
A2Z143QC5T90WG,98,32,0.6282
A2OG33EMMWA39Z,98,32,0.6282
A1EXB5LB59T0Z3,98,32,0.6282
A3TGO4V3LFIXJ3,98,32,0.6282
A165ZGKC9YH473,98,32,0.6282
A3HCMJOGRRSAF2,98,32,0.6282
AVL03EBQWSS0L,98,32,0.6282
A3UNP5AKEGLW17,98,32,0.6282
AFM77XOJX20C,98,32,0.6282
A8HL1SNCKZN54,98,32,0.6282
A1X67GTWQF73LX,98,32,0.6282
AMZ1Y9HCOOXDO,99,2,0.82
A2HCMW0RU59GPJ,99,2,0.82
ANLQEZPXB7473,100,3,0.6967
A300M5BZZ1FWRX,100,3,0.6967
A1W7A1A62MYN6H,100,3,0.6967
AVTI4J2IVUSV7,101,9,0.5789
ANKW2Z0H0KVZ0,101,9,0.5789
A3LW1N4P1VIZFI,101,9,0.5789
AB8FFJN338JP2,101,9,0.5789
A1M0B7QY5QXUJC,101,9,0.5789
A30EUHEZEC6QOZ,101,9,0.5789
AB7DR7FWLMGZ9,101,9,0.5789
A7829CRHD25WU,101,9,0.5789
A74L0RCV1BI18,101,9,0.5789
A2WUL4TA8JPU97,102,2,0.82
A32LX4XJ2LU740,102,2,0.82
A3C3K44XOT6HOX,103,2,0.82
A33YH22HNC1POY,103,2,0.82
A2VBT7ZK6CH7K1,104,4,0.64
A2J1WRE1KQ5CS2,104,4,0.64
A10Y0ES5AD7MET,104,4,0.64
A1YRTBY61Z2S7U,104,4,0.64
A30IKMZYBU5DKU,105,4,0.64
ALOFWDKRECMK0,105,4,0.64
A1Y1QDYBQ0G2V6,105,4,0.64
A4OPNK2K0EDLG,105,4,0.64
A2XSV602WJZGAM,106,5,0.73
A3C1OB9KGOO53Z,106,5,0.73
A28I19GM9HQ7IS,106,5,0.73
A2WUGQKN584PCJ,106,5,0.73
A182MBZN9TDOEK,106,5,0.73
A2CRUZQT2OUT0E,107,7,0.6224
A1BT9SD02Q6DO7,107,7,0.6224
A27YNQ41NALGGH,107,7,0.6224
A1IC2VALIFKQNT,107,7,0.6224
A11E68589YZ1QF,107,7,0.6224
A27FYAUYCGIB5Z,107,7,0.6224
A25TMNK11OBCO,107,7,0.6224
A3GG7QSSI58HJV,108,2,0.82
AQXS8G7G6OMAT,108,2,0.82
A2C1XRZGFO8WK9,109,2,0.82
A61DKOMPGIXH,109,2,0.82
AMZI3ABA7O19,110,3,0.6967
AS93JX4ZOK4WA,110,3,0.6967
A27DHWJ275D678,110,3,0.6967
A1HGK2XHW9J2PL,111,2,0.82
A3OUYFXUOHDGH,111,2,0.82
A1CIFFHXSYF5KT,112,2,0.82
A1DO9LRCO23EOM,112,2,0.82
A2TUXUOKJHAYCI,113,2,0.82
A322I8YLQCAAPS,113,2,0.82
A3STK5WDK5UB58,114,2,0.82
A1JKRQPQ1TAZ77,114,2,0.82
A15HDQYFJHFYGN,115,3,0.6967
AI0V99FGBKWLB,115,3,0.6967
A38C5I84OVK1OE,115,3,0.6967
AF1FTIRQEUIEG,116,2,0.82
A2ZU4ZTPJ8PURX,116,2,0.82
AN7AELA3YHNZK,117,2,0.82
A3BXTGA399UMYR,117,2,0.82
AP48YXARZY42W,118,2,0.82
A10CT6NX3DLQ8B,118,2,0.82
ASSE0W7ZGDQ5V,119,13,0.6069
A17Z9D1UHLZDXR,119,13,0.6069
A3D1BGECNN9QK2,119,13,0.6069
A2TRXEZYU9GYY8,119,13,0.6069
A4Z12I3D81BK8,119,13,0.6069
AS3JKGKD1JZR0,119,13,0.6069
A3FOWTOACN5TNU,119,13,0.6069
AIQZK8PU1F5RA,119,13,0.6069
AJQLO9QR8R396,119,13,0.6069
A1WH3SQ51025X7,119,13,0.6069
A1PIMVPZAD6X4V,119,13,0.6069
A18MKVZDPEFYDB,119,13,0.6069
A2QL8RR6HVSXR9,119,13,0.6069
A15LRA0O06IW92,120,6,0.5933
A20ZD26MRGSUKU,120,6,0.5933
A3S0KTQB7SQ9K2,120,6,0.5933
ABK33U7YRNOFV,120,6,0.5933
A3UFLDM3M3D7TE,120,6,0.5933
A2FXX9VTD10J6C,120,6,0.5933
A2XP5EU9157FV0,121,3,0.6967
A3P69ARHV1WCKC,121,3,0.6967
A1991DX3FIMS3P,121,3,0.6967
A3QVRCSJ9TXYM7,122,2,0.82
A2PGMJ050G1460,122,2,0.82
A3OJVGKKEBH2HT,123,2,0.82
A3JSBSXZRB2BBJ,123,2,0.82
A691XU34BVWME,124,3,0.6967
ANZOBVEVYFPE1,124,3,0.6967
A1NVD0TKNS1GT5,124,3,0.6967
AA66O1V57XZX7,125,3,0.83
A1VACR72HRFDD6,125,3,0.83
A3EKILCI3RJKTX,125,3,0.83
AIZ0P42ZNV8E9,126,2,0.82
AW68KVDV7BBRS,126,2,0.82
A1SMPBX582OIDY,127,2,0.82
A2A3VH42I16COE,127,2,0.82
A2AAB4Y69I91Y0,128,4,0.64
A30611NHKR82CL,128,4,0.64
A2DZ19N08ERGMS,128,4,0.64
A30KCMASCI2X95,128,4,0.64
A27C68294LPSDE,129,2,0.82
A121HDE6M2YLUA,129,2,0.82
A2ZSTNMENRKS5T,130,2,0.82
A31OQEN2R4QZKE,130,2,0.82
A3I1GZ3Z7AXSNZ,131,3,0.6967
AV59PG80FM887,131,3,0.6967
A2KJFN70BVBK00,131,3,0.6967
A3V3E76MMO3XQB,132,7,0.5843
AG4LBEYRCWT9S,132,7,0.5843
A35YJ7SBI8ZTME,132,7,0.5843
A4HT7FH6PGPV6,132,7,0.5843
ALNLAAH9NNOVI,132,7,0.5843
A1KTMXXHDMJG0B,132,7,0.5843
AMGFZD2GQG0MR,132,7,0.5843
A3LN8XSXO5FQZ0,133,5,0.61
AL3BK83FWLMJX,133,5,0.61
A2XM50BCI5A9ZT,133,5,0.61
A1QM3DJC5D8NIT,133,5,0.61
A2QKCW4Y1GE3GC,133,5,0.61
AQ6XS10RR7CE0,134,3,0.6967
A3V96MUBN97A8Y,134,3,0.6967
AJKKP6CCW27JK,134,3,0.6967
A1CS33QDSXNT07,135,2,0.82
A2AO270D2JMUK9,135,2,0.82
A1LNAYGURDK668,136,2,0.82
A3M7VAYKYYHEAX,136,2,0.82
AFSVO2X2ECRD2,137,12,0.6473
A172E07O62AMFQ,137,12,0.6473
A1XCPIL0NPUGXJ,137,12,0.6473
A3I73QMJPPMZ3Q,137,12,0.6473
AHLF5V8B3Z8C7,137,12,0.6473
A3U10NUL6CBDVT,137,12,0.6473
A43FW1GMI9FZC,137,12,0.6473
A2XTG1CMAM6QU2,137,12,0.6473
A392MGJ4TRSOKV,137,12,0.6473
A13T2PZDL9U3ES,137,12,0.6473
A3H0GG7X0XKDE5,137,12,0.6473
A3B7NC8B7D55IE,137,12,0.6473
A2YH7F9YH12NIS,138,6,0.6467
A17FW3I6CJW3S0,138,6,0.6467
A1EDB9PI1GFOEJ,138,6,0.6467
A1ZPFWVG7DN0SZ,138,6,0.6467
A2W3B8UA45I25Q,138,6,0.6467
A1QT6PHXDA5XDF,138,6,0.6467
A3104U1ODDPBHR,139,2,0.82
A2HOJS4E005E7T,139,2,0.82
A1W5CI9L3JPTF,140,2,0.82
A1CHSF2YTBXUAS,140,2,0.82
A2BG1N1J4R84GM,141,2,0.82
A1XTXDZQNVMI8C,141,2,0.82
A27ZSW3DO2RR5W,142,6,0.5933
A1TNG2A1GAG14B,142,6,0.5933
A1XUJY3LBMTC9X,142,6,0.5933
A16QS56Z242DFR,142,6,0.5933
A1FD8C6K2WD20,142,6,0.5933
A2Q7OJTVPIO2XH,142,6,0.5933
A3C88ZDIZALRMN,143,2,0.82
A2N593BNQQT32S,143,2,0.82
A2SX8FFFC56KDH,144,2,0.82
A1J4HV7EVBZZTC,144,2,0.82
A1RWHQCLGP7MJJ,145,2,0.82
A20ZJ2FBKOUTYF,145,2,0.82
A2BW2AE4FVJ0SL,146,2,0.82
A8WWT8O05LCBM,146,2,0.82
A1P6JZ5FRFI7YF,147,2,0.82
A1JAREBNI5AWYP,147,2,0.82
AIQF9JR56XHFO,148,5,0.61
A15S673QB0NKPS,148,5,0.61
A23Q5IDBIWPF9H,148,5,0.61
A31U7CXJXK4J65,148,5,0.61
A3A2Z3KKF6GEH,148,5,0.61
ASJ7QB66JU4RL,149,5,0.61
A3817HPVMZWMNE,149,5,0.61
A3PEJHC7PRDCG9,149,5,0.61
AZCE11PSTCH1L,149,5,0.61
A16AGIERBI1O5Q,149,5,0.61
A25Q4C2UDIOPXC,150,2,0.82
AAA89DEVXPQYN,150,2,0.82
A2TNR31JQ8JTSN,151,6,0.62
A13H8Z0F3FJ5AO,151,6,0.62
A2P6FU1HQ1OFAP,151,6,0.62
A1VIHRU1K0SC54,151,6,0.62
A1AGUO5PPZQL6S,151,6,0.62
AOJ1KCAZB1T2Y,151,6,0.62
ACZYLE440LNVT,152,2,0.82
A3K649G2P9C8PY,152,2,0.82
A8O2E6UBLWWFM,153,3,0.6967
A2ZY23X9IKXMON,153,3,0.6967
A1H2KQF6MKA1DJ,153,3,0.6967
A2AXWQVA5V9GPJ,154,2,0.82
A3EM40VV41YOHH,154,2,0.82
A1N73M40MPPWSR,155,2,0.82
A29MCZ55V6XTBV,155,2,0.82
A194CASS07MYI7,156,2,0.82
A32IWRAVI28J6L,156,2,0.82
A2QP6Y4A0FP3E8,157,16,0.6402
A180GT4JL6MXKV,157,16,0.6402
A3LG8SVCC25FBC,157,16,0.6402
A9RMM8GWJA8F3,157,16,0.6402
A154R0EH8V8J23,157,16,0.6402
A1CSUXPV6RI8WH,157,16,0.6402
A38BKTQDTI72A7,157,16,0.6402
A8QG6JH1LO2OV,157,16,0.6402
A278PMWYEJPAWT,157,16,0.6402
A27MVW8KUWH1FK,157,16,0.6402
A14JPYWVG9FBYC,157,16,0.6402
A1YCHQKVX2NNT7,157,16,0.6402
A2LCFXXWQDS4HA,157,16,0.6402
A3DWVJFUMLPYDA,157,16,0.6402
A2N8XZLOKCNGW2,157,16,0.6402
AFY1YIAQD5Y0J,157,16,0.6402
A3W1PWZ64LF7HV,158,2,0.82
A3AGQAXTX6VRJ3,158,2,0.82
A3E1QT4LLYZ0Z8,159,6,0.5933
A21FO8HXJECL08,159,6,0.5933
A2NS2BWQKIS13C,159,6,0.5933
A16DOLGLYL51IJ,159,6,0.5933
A68I27YTWAHAY,159,6,0.5933
A5KG8KBOKE8BG,159,6,0.5933
A2CFCASXVT8OIT,160,2,0.82
A15M87NSH1OR7G,160,2,0.82
A2F8L2AZ7HT3G7,161,3,0.6967
A10M36I150QVPH,161,3,0.6967
A19VISO9EHD1OM,161,3,0.6967
A1CN4ZCDTGCJCT,162,2,0.82
A2QK7X7QC5EJR8,162,2,0.82
A3EP26M3QHINXT,163,17,0.6318
A28FAA1PEFDN4Z,163,17,0.6318
AQIX4NJD7ZP7M,163,17,0.6318
AOH3SU7NAQFAX,163,17,0.6318
A32KPVM41CIAB2,163,17,0.6318
APLY7V4J0NLAC,163,17,0.6318
AB41N80UM8BLW,163,17,0.6318
A19ISZDEMV7EHE,163,17,0.6318
A33MPD2VRYV038,163,17,0.6318
A19INAD8AIII7K,163,17,0.6318
A3E494XO44QZJ3,163,17,0.6318
A2AQ1HP3EVGU8V,163,17,0.6318
A35WINR58PK2NS,163,17,0.6318
AWUBTQZOBGFKK,163,17,0.6318
AF27YM78JY8TK,163,17,0.6318
A24M1D0P4DGZZT,163,17,0.6318
A2CZE6Z1ONVD60,163,17,0.6318
A28ZZVJQDTXKLA,164,8,0.6086
A9R6BTJP1BD2O,164,8,0.6086
A1FYX3RHM6B6EX,164,8,0.6086
A1S1BJFTA644TU,164,8,0.6086
AV55668AXJRJX,164,8,0.6086
A1RPJD08T1QWE6,164,8,0.6086
A3MJGFNQONLYN9,164,8,0.6086
A3UP070UDU89I,164,8,0.6086
AVUJQ7L84Q5M2,165,3,0.6967
A132L0QWXE6B1,165,3,0.6967
A2UK2ZTPZQLEAL,165,3,0.6967
A2NDTOMATPK9EU,166,2,0.82
A9YD1S6VJJMOV,166,2,0.82
A206FFH5DBWL1H,167,2,0.82
A2NCO79BXDXVCQ,167,2,0.82
A3FZDGKLU5IA88,168,7,0.5843
A10RIH4V8O16YS,168,7,0.5843
A1YX4J53IG9M58,168,7,0.5843
AU564VA2CFP0E,168,7,0.5843
A1B4HK7566J44M,168,7,0.5843
APOFQFXC8K645,168,7,0.5843
A1LCO3C4LIJANB,168,7,0.5843
AKHWZLV8HFIPS,169,3,0.6967
A2H0HL54GR32SK,169,3,0.6967
AJUOFW4Q5KGJA,169,3,0.6967
AUCISQA1YXX86,170,2,0.82
A2CCNE77SUTEEL,170,2,0.82
A3DODUI5D91JKN,171,4,0.64
A1MDY4144RNG6,171,4,0.64
A3K8PHTBHPBIJJ,171,4,0.64
A1E31LPLZBVAGI,171,4,0.64
A2ZRQ6XQ8XNMTO,172,2,0.82
A2ITWFZOOOR7PQ,172,2,0.82
A1NK488S0NMSSY,173,7,0.6224
A3S3TGIWP6785Z,173,7,0.6224
A1C47ROOK7BSVL,173,7,0.6224
A2X9SQSKV4WKT0,173,7,0.6224
A2PMWKB5V5U1AS,173,7,0.6224
AQ1FWUP3I93IY,173,7,0.6224
A35OKQRL9CP02K,173,7,0.6224
AZRAGVPSIS3MN,174,2,0.82
A2SW560X584UEF,174,2,0.82
A102KJN3FNZMO2,175,3,0.83
A1GNTNTXFKXKS8,175,3,0.83
A450WKBT9ZIM,175,3,0.83
A6SP4RJSNITOW,176,11,0.6264
A2L8FUCG0CYD4H,176,11,0.6264
AHQTXJQX2584I,176,11,0.6264
AO04G5TZ3R8L2,176,11,0.6264
A2GCMADMUX77O,176,11,0.6264
A3M49MLZN9JI78,176,11,0.6264
AXU2CNLS5EGPP,176,11,0.6264
AH3C1S2P7VS16,176,11,0.6264
A1VCOX6I94JLZV,176,11,0.6264
A2WAQ2W3QJL5IM,176,11,0.6264
A1KG9HXIBFIQDK,176,11,0.6264
A31XKIQVPUS8CG,177,2,0.82
A1AS0WT5Q7WE9M,177,2,0.82
A3OFJES10PZGEH,178,4,0.64
A1XCQZWMRND95A,178,4,0.64
A39ADPAPZO95IG,178,4,0.64
AIRXY9NIF06S8,178,4,0.64
A3KZDS16VTCBCD,179,2,0.82
A2OHV9YQGJUQCM,179,2,0.82
AHKJXWMSUWE2U,180,2,0.82
A2K8AMDK9CVFNX,180,2,0.82
A1ZLD397GS5ZCR,181,4,0.64
A24YW9YH3GWDM4,181,4,0.64
A34F0VOI55PC0S,181,4,0.64
A1PZBHF3YHQXEI,181,4,0.64
A37N2NT484FWJC,182,3,0.83
A3WFXFCLASQMP,182,3,0.83
AU627A4UGIW6V,182,3,0.83
A3B5ITYRN84C4H,183,3,0.83
A3JWERVKJQYMR3,183,3,0.83
A3BO3CP0OJ5U0R,183,3,0.83
A3SXP858XO6OCZ,184,2,0.82
A2P2ST28QAZMJI,184,2,0.82
A1ZKA59YVVN4PF,185,2,0.82
A34QZDVDJPI0JS,185,2,0.82
AC49ZI7CUTTH5,186,3,0.6967
A27TQB8CIV25OX,186,3,0.6967
AH0UFACML9IH4,186,3,0.6967
A1KLKPXJK0BRY3,187,2,0.82
A2T6A1P581H1R9,187,2,0.82
A1ASWDAEDTTY5I,188,2,0.82
A2OMG3GYEFXOC9,188,2,0.82
AFROGMQUUAQK2,189,2,0.82
A1U47KOTWBAZTD,189,2,0.82
AA801ZW32BAFZ,190,3,0.6967
A2YHVZ52FRPAOR,190,3,0.6967
A2TQBTE41AUBE5,190,3,0.6967
AXLXZ7ZGT9Z24,191,3,0.6967
A2G9HJ1BZ0792R,191,3,0.6967
AC1GUNT7IBLDH,191,3,0.6967
A18H6KCOM1IPDZ,192,4,0.7067
AJMITQE9R3LMH,192,4,0.7067
A2Y43HLB7AHNQX,192,4,0.7067
AE3BHWNJCRO8R,192,4,0.7067
A1IZIT95268N0V,193,2,0.82
AJ7H1WKQ0D0DU,193,2,0.82
A3AK2R0N3CKTUP,194,2,0.82
A391RJ8646SYY1,194,2,0.82
A4Q1AC81B9TO4,195,2,0.82
A1XGB4QB3QJM2S,195,2,0.82
A1X0QMZ0M21J9U,196,2,0.82
A3FRCFOIM9URJW,196,2,0.82
A16II8I82LUNW,197,5,0.65
A3GW8KCILR2E8L,197,5,0.65
A3AA38LCQUMP5E,197,5,0.65
A1T6Y0DE7WYQY,197,5,0.65
A3LUJDFUYGZNV2,197,5,0.65
A351TM1V66NOEJ,198,2,0.82
A1GCYLJGIQ5V1O,198,2,0.82
A3EPZNFF590EXL,199,2,0.82
A3O63SOVRFOEQE,199,2,0.82
A2YO5LAIK7CB2K,200,3,0.6967
A2Z2RKOFT8BZW6,200,3,0.6967
A15AS4VQVMO9DH,200,3,0.6967
A34F7RFEA65WH3,201,2,0.82
ALRI5VCFB206H,201,2,0.82
A2KHDA77VENP49,202,2,0.82
A3PET7UFYAAGMA,202,2,0.82
A3GSQBNE4O9Y5E,203,2,0.82
A1SFMKZZ9M5521,203,2,0.82
A2HP12YWQN4ALW,204,12,0.5988
A3FV9Y5U0F6DE7,204,12,0.5988
AY421R4WR458C,204,12,0.5988
A2IOGHTCJ3QAHU,204,12,0.5988
A3TQRHIXSTUAR5,204,12,0.5988
A11QBSZ2ZDW786,204,12,0.5988
A36HBGDEFPWD0U,204,12,0.5988
A15IF5XBJY2VMB,204,12,0.5988
A144FHU3VKL4P9,204,12,0.5988
A360VP3RBMJFDL,204,12,0.5988
APY0PLR9RNL2D,204,12,0.5988
A1VPZB69X2EM68,204,12,0.5988
A1RKACXM2SF8OT,205,2,0.82
A22VM1VEPI21QM,205,2,0.82
A192TR06IXSTBL,206,13,0.6121
A1SLKZGZH0VHFO,206,13,0.6121
A2UDM58AXW7O3V,206,13,0.6121
A1O6KE2WEZXA20,206,13,0.6121
A371ZZU2LXL3E0,206,13,0.6121
AAWU8XQM3XL79,206,13,0.6121
A2ITP5TDZCBG0C,206,13,0.6121
A1USVFMQYJPCJR,206,13,0.6121
A25B7ZC77JVVA7,206,13,0.6121
AT0O3TN2GYZT5,206,13,0.6121
A23S1YJKGCQTZ6,206,13,0.6121
A1NTXW4HO7D9JW,206,13,0.6121
A34H67N8LTYX8H,206,13,0.6121
A13VHU0AT3JOLO,207,2,0.82
A3I3BYJ6PIODG1,207,2,0.82
A3TQEF7QWHABGE,208,3,0.6967
AHQUWEU6OHWL5,208,3,0.6967
AQIDS17OBKTVW,208,3,0.6967
A17AMUJB3JB7FU,209,4,0.7067
A3CIUKQUK68HRY,209,4,0.7067
A1OLTLIVGZ5BKC,209,4,0.7067
A284P8XSG9HREA,209,4,0.7067
A3SQCTNYQFVBWM,210,5,0.61
ABFPSOCLBFTSS,210,5,0.61
A2KSR9HFDEZRJ9,210,5,0.61
A3RPDN9247BQHK,210,5,0.61
A2HDGKZTI6VYPB,210,5,0.61
A8X8D4BUY5DFU,211,5,0.65
A3GRNFBJE3UQ29,211,5,0.65
A3A4SO0D56D538,211,5,0.65
A2GC5B79QJ5S6H,211,5,0.65
ADSBLGTMHO0DP,211,5,0.65
AXOTP83EVD30T,212,3,0.6967
A3RNPV0BV4SLDK,212,3,0.6967
A3IXF3BZMBQTJU,212,3,0.6967
A2HURZ0YX7VZMR,213,3,0.6967
A8EL45N7HNRL2,213,3,0.6967
A20XHKOVKIEC5D,213,3,0.6967
A34X4SQTAAJ8WP,214,3,0.6967
AFYSJG723ZV12,214,3,0.6967
A3PWSAC6ORW33Z,214,3,0.6967
A3PZM15SU7V48N,215,3,0.6967
A1GXJE6MAB2V2G,215,3,0.6967
AQ64NMZDUVYN7,215,3,0.6967
A33OR6LDGCDRMY,216,4,0.64
A2M4PQPBV45U71,216,4,0.64
A2C2AWPJUPSGI1,216,4,0.64
A27ILJX6LV8F4I,216,4,0.64
A4E3ODS197TD3,217,2,0.82
A39WBQCIVRV5RD,217,2,0.82
AQDBNNXVK21B4,218,4,0.64
A2GMZZ6TDYOHY7,218,4,0.64
ASX5I2SCDJ9RE,218,4,0.64
A2ZHNMF8EDSA34,218,4,0.64
A1ZZZCHFABNW9V,219,5,0.61
A1M2JTFHREYECK,219,5,0.61
AOQ7TF6JSG04C,219,5,0.61
ALAD52ZT30A0W,219,5,0.61
A111FJVLOFXZYD,219,5,0.61
A3UWD7E7P9LXJV,220,4,0.64
A1ZY2DK4CXF2CI,220,4,0.64
A58437AUQICZF,220,4,0.64
A176V4EOHPY3AK,220,4,0.64
A1AK3IFQKND63Q,221,2,0.82
A2UWB6VLN6NR2D,221,2,0.82
A25AXZAXLJFA5G,222,3,0.6967
AL6S9YJ9L4IU4,222,3,0.6967
AWA3JDMMR8D5X,222,3,0.6967
A1R6WU1K1RA2N7,223,2,0.82
AE2HQG8WJM545,223,2,0.82
A312FYFS8KVEYX,224,3,0.6967
A3PW4EWMNEMAEK,224,3,0.6967
A1Y3VMAQCOCDTJ,224,3,0.6967
A2DHG6FAXBD5GN,225,2,0.82
AYLL2F3ROSY7W,225,2,0.82
AS1HODBTW58PF,226,2,0.82
A17Y00UME9QN76,226,2,0.82
AF6F8M9MNUWUG,227,3,0.6967
A2QGVVI9PYOV9V,227,3,0.6967
A1H5FQ5ISJGO57,227,3,0.6967
A2Z4KEZ66CD0IT,228,4,0.64
AFD37Z3CRRQMM,228,4,0.64
AB6Z7SZM9QOR,228,4,0.64
A3C14XYDRWUWQZ,228,4,0.64
A3O3GOWB1W51DO,229,2,0.82
ASN7G9U1F1SZ2,229,2,0.82
A2NEOZ5QYG7903,230,7,0.6033
ARHJIHRRPTFX9,230,7,0.6033
ANYKKMEHB0ABA,230,7,0.6033
A31OHK8WP6F99L,230,7,0.6033
A1Q6HSJPU0TUKD,230,7,0.6033
A3G91TWL7TQ7OE,230,7,0.6033
A3MAT1NQF6UC4O,230,7,0.6033
A3R6B4KVUNSM88,231,2,0.82
A1NIX2WA2ZKLV7,231,2,0.82
A22RN8UZXNHTLK,232,3,0.6967
AF64NAM5XBWAY,232,3,0.6967
A15F0X7UOLWKT4,232,3,0.6967
A1V8BX6I4HIXX,233,3,0.6967
A1QJJU33VNC4S7,233,3,0.6967
AXT3SPOXM2BDJ,233,3,0.6967
A1N6KCWXEL2X75,234,5,0.61
ABSBO832VAJ36,234,5,0.61
A2MQ3Z1UX5EXUC,234,5,0.61
A1LTW1Y592F8I8,234,5,0.61
A18LRCJF3KT86S,234,5,0.61
A1DZTBGEHOS6DO,235,2,0.82
A1MYZVGEWJIVH1,235,2,0.82
A2N8EWW3X1C8WD,236,3,0.6967
A3KHRW6ZC2EQIL,236,3,0.6967
A3MF0WGXKF9SFZ,236,3,0.6967
AMIJ0W6I1CN2N,237,2,0.82
A2TMIG9ZVHXUQ6,237,2,0.82
A1HIVLFS0H3QG0,238,6,0.5933
ANKLA1Z5NY4L4,238,6,0.5933
A2OUO6CGHQ57EO,238,6,0.5933
A22T8GQM3IJ37H,238,6,0.5933
AMQXANAHZMIRO,238,6,0.5933
A23WBD5753O029,238,6,0.5933
A1JXWKSVPTLYDL,239,7,0.5843
AMRYLIEKOJMLW,239,7,0.5843
A1P38V2ZN0GXK6,239,7,0.5843
APY64JBMB369U,239,7,0.5843
A1FT9UXD6MRPJP,239,7,0.5843
A3BCKSMWMD6TTD,239,7,0.5843
A8L0Y8B8MQPD6,239,7,0.5843
A3KJUHJDY4D033,240,5,0.61
A2EIMJMWXSK5XC,240,5,0.61
A290GZQ84UZQ5H,240,5,0.61
A22FBP7Z6S5RG9,240,5,0.61
A39YOVIDE1S1VG,240,5,0.61
A3M6FSDG784SXG,241,2,0.82
A611J1TAB1VGT,241,2,0.82
AI9VYV5E5ZCBY,242,2,0.82
A1E1NVQ002ZPDG,242,2,0.82
A3IOQ7NVVLAUEE,243,3,0.6967
A3QAY3AZH0P6P4,243,3,0.6967
A20A5916IBL6HH,243,3,0.6967
A24UZIUL0V11PZ,244,2,0.82
A32JHJ3MAVZWEC,244,2,0.82
A1C3022LOHZLX5,245,6,0.62
A5PL1JVHV5V31,245,6,0.62
A1A1G5Y5D280ZA,245,6,0.62
A157QVHN4DCSVY,245,6,0.62
A14H9KMAMC590S,245,6,0.62
A14PGOARRULTX8,245,6,0.62
A1SCUWH7N68KNC,246,2,0.82
A3QU5OILKT9T0M,246,2,0.82
A3BWM8DFJXSK79,247,3,0.8967
A2Y07FRF7ZMZVF,247,3,0.8967
A2ORAYGSS7LAEL,247,3,0.8967
A24WMBO3LUVUZR,248,2,0.82
AWHJLUPKZO2QD,248,2,0.82
A1CMYFNDQOTQUF,249,2,0.82
A1MD0PXVZ9C0BJ,249,2,0.82
A396MBRQOLC0KQ,250,2,0.82
A3Q0ZG1T0HYS4N,250,2,0.82
A1GZLE8GNAUE5T,251,5,0.65
AGR1G5S0BO3R6,251,5,0.65
A1YDIJTJS2KAHG,251,5,0.65
A3SVOFSBPMLW5F,251,5,0.65
A1UX8UU1ULGEE5,251,5,0.65
A3D9BTRM4JOU41,252,3,0.83
A3QDMDSANPYGUX,252,3,0.83
A1S011SMHQ4Y1G,252,3,0.83
AW7FPY7M6PSXI,253,4,0.64
A1VRYDVC2J5466,253,4,0.64
A35R6ZWYHCKT0J,253,4,0.64
AZPGJFN3TE7MD,253,4,0.64
A9AR5T9OE95WU,254,3,0.6967
A35RQLK7B2ZPGA,254,3,0.6967
A21VK4ISXN809P,254,3,0.6967
A29YE3YVXXA4OJ,255,2,0.82
A1RCKRU9TJ43PG,255,2,0.82
AZW10G02DNJI4,256,2,0.82
A3W22UEN8UJ3UV,256,2,0.82
A1IHSN5AFU9BJL,257,3,0.6967
A62CTOSCWYNKD,257,3,0.6967
A21XUDC9QBLLSI,257,3,0.6967
A2WKRFZLWM7VTP,258,2,0.82
A2CH2HX82W1KYM,258,2,0.82
A30MVW1RBJ1YGD,259,2,0.82
A1LMV1AZVMF74K,259,2,0.82
A2KEGRLCHT5KDY,260,3,0.6967
A3GGC0QUGFHZUT,260,3,0.6967
A15H94OLXGM2QE,260,3,0.6967
A21Z0377YERLCH,261,3,0.6967
A1DMBGYQDGC1K5,261,3,0.6967
A2BHAOAGLNFBBZ,261,3,0.6967
A11FEGYNY5LEAO,262,3,0.6967
A215G16Q714ZQ6,262,3,0.6967
A2I59QHSC5TRCZ,262,3,0.6967
A22QFQAWSCXWY7,263,14,0.6323
A2HEI4LGQEIY0O,263,14,0.6323
A25P1BXEEKBAO7,263,14,0.6323
A1UM6EHSS9KTIX,263,14,0.6323
A1MDE3K9M63KZV,263,14,0.6323
A1MNELDLD24CFC,263,14,0.6323
AEOKL03H269BU,263,14,0.6323
A1U8JBUAUYOMOG,263,14,0.6323
A2PRVTLJRLKRSU,263,14,0.6323
A3SG2N77KI8365,263,14,0.6323
ASIGWEBZ5VQFH,263,14,0.6323
A20K0GPVMGXN9,263,14,0.6323
AJ3M8ZLT6W5CC,263,14,0.6323
A3SU9RTSDFFQFL,263,14,0.6323
A3EMINMW9O6YOZ,264,4,0.64
A1BRQSOC8VW9W8,264,4,0.64
APVNJKKHYD0X,264,4,0.64
A4H5BAIBHIGDD,264,4,0.64
A3V1T6WFSPV9CG,265,4,0.64
AQ50CV0TRJ21F,265,4,0.64
A2R2EOXV5UXHGH,265,4,0.64
A27UIRGPN59HU5,265,4,0.64
AY9Z10YOMHHX3,266,14,0.6235
A1P9UJ7CTC16KI,266,14,0.6235
AFNE6AFYU3ZVD,266,14,0.6235
A21NU1AS0U5B3L,266,14,0.6235
A3C3UF3XI70A6F,266,14,0.6235
A3RD6YA8UMLLEX,266,14,0.6235
AQOY334UL0B95,266,14,0.6235
A2R18ABO80KPEV,266,14,0.6235
A16EBND18E5ZHB,266,14,0.6235
A36TL65B926P38,266,14,0.6235
AJS95SB2XJXHN,266,14,0.6235
A3DSM4Z2J0DLJ0,266,14,0.6235
A37MH7ICH80QOX,266,14,0.6235
A31ZO2G7KA11AR,266,14,0.6235
A32FHXA0OTGZZL,267,3,0.6967
A1ZB5WS9KOHSJZ,267,3,0.6967
A2KCSXYY2DLKSI,267,3,0.6967
A3211IGL56WLBK,268,2,0.82
A3PR4W9COZVVF8,268,2,0.82
A8YFJMSXIFDXW,269,2,0.82
A1MNN0ZMHYPJDU,269,2,0.82
A2LER41IZ69GUQ,270,4,0.7067
A23CTP79W1YZ4G,270,4,0.7067
A1U499F641DAY1,270,4,0.7067
A1TO40CL8VCE62,270,4,0.7067
A20BC3R2NBN646,271,3,0.6967
A2QCHWZRIOFLC,271,3,0.6967
A3GVTK181RD96Y,271,3,0.6967
AC9Q7B5V8OJ71,272,2,0.82
A16EJJEAWOUNKV,272,2,0.82
A1CWOD9IBU4DNU,273,2,0.82
A1MQOICJQ192O1,273,2,0.82
AYUYJTVD93CL4,274,3,0.6967
A1AI98IW5RK9JL,274,3,0.6967
A32Z83NM97LCEW,274,3,0.6967
A3QTZOYENFR3NV,275,6,0.7533
A2EKH4C5MY0G1B,275,6,0.7533
A3MULQX51L9VBO,275,6,0.7533
A5L34G2P8LQKJ,275,6,0.7533
A3H38JP56IKQJG,275,6,0.7533
AXPI2DDXXLSYF,275,6,0.7533
A36XFD575YHUVG,276,8,0.6086
A3ROWBJW70FJF,276,8,0.6086
A3OXRK2TRTIDR6,276,8,0.6086
A3K4O1HILYDNU9,276,8,0.6086
A3I195NZP83EU1,276,8,0.6086
A2JQD6CWD5MKK6,276,8,0.6086
AZKPBWYY14GK1,276,8,0.6086
A3G2XI1VWI6SVK,276,8,0.6086
A2XZEJTY5EJ64K,277,2,0.82
A1ZK1PB7M3BFEX,277,2,0.82
A1YRH69LB3CZDU,278,2,0.82
A178M2AHNWQZB0,278,2,0.82
A36CCEDNN5YPXZ,279,10,0.5978
A1IKNUYJSRIZ3Z,279,10,0.5978
A2LZF7JK3KS77J,279,10,0.5978
A2WJBJUR22RX6B,279,10,0.5978
A2IT9RVMT0OJMF,279,10,0.5978
A2NFAGUYIQF616,279,10,0.5978
A13IF3AK5HAFIS,279,10,0.5978
A2569HQNP3JZUZ,279,10,0.5978
A2IPY2M0U4RU5Z,279,10,0.5978
A2XGTJPI83DHW2,279,10,0.5978
AK02U8QCN7FLK,280,6,0.5933
A1WR6MVQ1LCLGN,280,6,0.5933
A3185VDI67NBSX,280,6,0.5933
AGBOCY4VZ3NYE,280,6,0.5933
A1MFAPVBW9BEGD,280,6,0.5933
A36N61L5UHXSHI,280,6,0.5933
A324SW0DP2B6AR,281,2,0.82
A30FFIEH8EWYPM,281,2,0.82
A38HGOQH42GLVW,282,8,0.6371
A3NWG7ID09IMAR,282,8,0.6371
A13A943ZWQVT0Z,282,8,0.6371
A1JV3E2M4AOOOV,282,8,0.6371
ARKMN3KFA6I29,282,8,0.6371
A3EBTEVWG2XKQV,282,8,0.6371
A382RS1CDQC4I8,282,8,0.6371
A35N0EICBY7X8J,282,8,0.6371
A2EN1183WM2MJK,283,6,0.5933
A17KHJK5E1GMQ4,283,6,0.5933
A2QXQVUQJX5EPB,283,6,0.5933
AFV2584U13XP3,283,6,0.5933
AGUR7X3147WQE,283,6,0.5933
A28GTCEVZTOSXA,283,6,0.5933
A1Q4DJKNW73AIZ,284,11,0.6045
A1WH2CPRHQRRDQ,284,11,0.6045
A1QBEIP8CVP8FG,284,11,0.6045
A3N35H0A9RB6AE,284,11,0.6045
A40UTSS993WSK,284,11,0.6045
A1CDULN3AFOG44,284,11,0.6045
A2B1UZREZPO2EJ,284,11,0.6045
A369I8AET8AT29,284,11,0.6045
A2PXE9IN87SOMP,284,11,0.6045
A1PLSNRNVDK504,284,11,0.6045
AT897K1S617TL,284,11,0.6045
A2YRX8J4WM5BRX,285,2,0.82
A31R16WH927T4B,285,2,0.82
APCUI22CRPL7F,286,2,0.82
A3JD7WHVHEPCPP,286,2,0.82
A21TV5X62F8RUV,287,4,0.64
A102XBFOWJT4K,287,4,0.64
A29GQAGHNCC8P1,287,4,0.64
A3CP3J7OEGQMD5,287,4,0.64
A31R7NIWFV4EUC,288,3,0.83
A2CKYJ00TRTR65,288,3,0.83
A2BYYAC37POD57,288,3,0.83
A3H3T9Y0FHNH0F,289,7,0.6605
A33SDWQL0LLBS6,289,7,0.6605
A2Z2KYL81P4EGM,289,7,0.6605
AECFRE7C0CCLU,289,7,0.6605
A3LLRWHESIV3BE,289,7,0.6605
ABD5U987ZBMPN,289,7,0.6605
A2XWEYNZ5EX1PB,289,7,0.6605
A1DJ9FOEOA0WF1,290,3,0.6967
A14DKZ3260HJ8Z,290,3,0.6967
AQK88QPESAINI,290,3,0.6967
A1XWLDUT8EFDO3,291,7,0.5843
A2LDL960FST9LW,291,7,0.5843
A3BH8UHBA0EU9V,291,7,0.5843
A5OY9OA1Z2P6T,291,7,0.5843
A5G3GY4XV6E7A,291,7,0.5843
A48105KAFLYI6,291,7,0.5843
A30L4U879FOWLK,291,7,0.5843
A1UFVCXS7GX449,292,4,0.7067
AM5F7ZJVS2ZSH,292,4,0.7067
A28ISUIFUMLQD6,292,4,0.7067
AB78B157ZMYF3,292,4,0.7067
AIIBD0NIYCK5K,293,2,0.82
A2NVNMLC0AFL08,293,2,0.82
A298OODULT08X2,294,3,0.6967
A1U23Q73GL76E3,294,3,0.6967
A38508I5LHU5QY,294,3,0.6967
A1OAK2EOENWPBV,295,3,0.6967
AUXE4JH175DZG,295,3,0.6967
A2TU6GRU30N6TR,295,3,0.6967
A2VQKZXU3215O7,296,14,0.6059
AAIR44YSDC90S,296,14,0.6059
A3FJE1JPA27CFR,296,14,0.6059
A173814OIKA2OY,296,14,0.6059
A3NK89SEOVQFCQ,296,14,0.6059
A2BPNL9FYEYMBW,296,14,0.6059
A23LI4IGIGNV8H,296,14,0.6059
A2NW4O9BJLWDDY,296,14,0.6059
A2TER5V6RWWS2T,296,14,0.6059
A2RJOSXT2OQONA,296,14,0.6059
AAHHLNG0XHRIP,296,14,0.6059
A3345VA7RM6GVP,296,14,0.6059
AXVQCGSE0MOHU,296,14,0.6059
A108EEYSHGDL6O,296,14,0.6059
A2CVBE1M726GEF,297,2,0.82
AKDK6T50F52JP,297,2,0.82
A2LI5FQFGL81GH,298,2,0.82
A3557R25YAZV8U,298,2,0.82
A2YJOPWG7R7OWT,299,8,0.6086
ATOL6Q2QDM64Q,299,8,0.6086
A35V43VUZJ7B9K,299,8,0.6086
AN80WN9BWDHFE,299,8,0.6086
A5W21FCENJQ4Q,299,8,0.6086
A3OY71ZRALZKS0,299,8,0.6086
A3PVKJAIGQ0C3I,299,8,0.6086
A2BW98LHL7RKG3,299,8,0.6086
A1CD4GRJOIYHJH,300,2,0.82
A38BMAZQER781H,300,2,0.82
A3QTOZ50MIBS96,301,3,0.6967
APCJSTR0EL514,301,3,0.6967
AIXOU10V3MKGJ,301,3,0.6967
A1M02UBV9ZT7ZA,302,2,0.82
A31T5S3FA0GCD2,302,2,0.82
A38XH1KTP2HTPA,303,2,0.82
A2GPI30T42T05R,303,2,0.82
A2VSKUR61RYPYH,304,3,0.6967
A2GDOF1LQYCT8W,304,3,0.6967
A1M4W84899BETG,304,3,0.6967
A2NXE4YRAUXSF7,305,2,0.82
A3XDIM0VN7CQR,305,2,0.82
A2UGXIAGSJHHDB,306,3,0.6967
A1XQENKF1Z3HMJ,306,3,0.6967
A2WWMB8JVVHZMQ,306,3,0.6967
A1HUWA1QMAQYFH,307,2,0.82
A36SIJOOLSM1PV,307,2,0.82
A2ACBKGKN0M09R,308,2,0.82
AHOIPPX45NJML,308,2,0.82
A1DYPLFFMFDO4B,309,2,0.82
A29BUEGVFEKPJQ,309,2,0.82
A2RNCBWB07O1MB,310,12,0.6048
ADBG81ZG0O7SI,310,12,0.6048
A11NID9C5V1T8E,310,12,0.6048
A3IMQRHC2WBG0G,310,12,0.6048
A1XXMNLOLKNO0I,310,12,0.6048
A2MUFVNWMVN9C9,310,12,0.6048
A3MGPKTHSKRFUW,310,12,0.6048
A2N46OZ9QHNMG,310,12,0.6048
AAUZ79CDTSVCP,310,12,0.6048
A1YO4N327QQHDH,310,12,0.6048
A3U3PXRAYLZMKK,310,12,0.6048
A1GU50WY8493IY,310,12,0.6048
A13KUKTVB3HOCT,311,5,0.61
A1H9DQ50934W11,311,5,0.61
A35B3978F4XJ44,311,5,0.61
AZLPTIV8XQ5A0,311,5,0.61
A1Z2G0MN861KSU,311,5,0.61
A36VP7N8G3GEW2,312,3,0.83
A16LE2XBKYYRJJ,312,3,0.83
A1J2S9S23JDQED,312,3,0.83
AB1P9Y6D8S0E4,313,2,0.82
A1GR8RRYWSBFFH,313,2,0.82
ANIHMU5MFG5KY,314,22,0.6693
A1K0W936L106TK,314,22,0.6693
A1O97WKID9L3IA,314,22,0.6693
A12JXN1PEZA8MK,314,22,0.6693
A1CGHDFA5DVEM5,314,22,0.6693
AHP1SIOY57W8Y,314,22,0.6693
A3415H58HNGQFV,314,22,0.6693
A2SML48V402KCO,314,22,0.6693
A1K3UWSYC88E7C,314,22,0.6693
A2H7W2G83KP7JK,314,22,0.6693
A28DJ4FW2LG77Z,314,22,0.6693
A338E7G3VJGA7N,314,22,0.6693
A1PAY50TXCISQX,314,22,0.6693
A1Z4GII5CHCDG7,314,22,0.6693
A1OEV44GI2XCPC,314,22,0.6693
A162M4KM9LLKIN,314,22,0.6693
A3P4I2ZG03O2M0,314,22,0.6693
AIINQ2BZC33RO,314,22,0.6693
A1VVRW2FBRZ7AK,314,22,0.6693
A36E572BVUHLWQ,314,22,0.6693
A34DX2CAAF6XPR,314,22,0.6693
A2ARTM82FHYF82,314,22,0.6693
A1O3FDAZQK8FJC,315,4,0.64
A34JCJQ6BPWKVS,315,4,0.64
A2EZIBB8WCEWZO,315,4,0.64
A93L49J4JR84B,315,4,0.64
A3N78KTM2DRY04,316,2,0.82
A1KNASHAKLQW8R,316,2,0.82
A1L3EWSRRABV0Z,317,5,0.61
A3F7F7QKQP2FKT,317,5,0.61
A1QE7RSYV3R7CV,317,5,0.61
A2CZ8BMPY39IU4,317,5,0.61
A2AEK1YR6AMMT6,317,5,0.61
A7NF03970DAXY,318,2,0.82
AR36NHA9Z5WGG,318,2,0.82
AU78XAPTTYNLD,319,13,0.6121
A3VG1RDWHEYK6V,319,13,0.6121
A3PKR4Z22DCFV7,319,13,0.6121
A27SEH7FJJIKIC,319,13,0.6121
A3KFB0U7M82L96,319,13,0.6121
A1435L5L25DGN1,319,13,0.6121
A98PZRXGCS8Z2,319,13,0.6121
A3VAFCEYGMFVRW,319,13,0.6121
A17TXJ5ZVYS42Q,319,13,0.6121
A3K6F81PI168Z9,319,13,0.6121
A2NCSPA53VB4OK,319,13,0.6121
A2B91B2KLDU9UW,319,13,0.6121
AYUNGFLQJO0A8,319,13,0.6121
A3MUVI9I3WUC7O,320,4,0.64
A2YIFMKUZI1OGA,320,4,0.64
A3NA11HX8HY85O,320,4,0.64
A1NB0UGAONC2M,320,4,0.64
A1YNQB2FLKX73H,321,2,0.82
A3SWCMOF9HRSY0,321,2,0.82
A32MIVILCUX18L,322,2,0.82
A3OTW643LEJTA8,322,2,0.82
A2YMH80NS16MQ8,323,3,0.6967
A1RB56PYJOPIJ0,323,3,0.6967
A1LQQ2ZMFYC7D8,323,3,0.6967
AZ3THHFLG482S,324,7,0.6033
A16OU6WSH4KO3N,324,7,0.6033
A1VOFY3QFT9WCG,324,7,0.6033
A1TAN8P8VCFPNA,324,7,0.6033
A23MRHI4SECCEB,324,7,0.6033
A1XNJMS7TQRLZ,324,7,0.6033
A4DIZP2S9FPCK,324,7,0.6033
A3QDPQBJAJC6C,325,2,0.82
A19NDX9QNV74DL,325,2,0.82
A19XB1S822WTEE,326,5,0.61
AWD7QR9OBNR2I,326,5,0.61
ALNDOOHC7L4VE,326,5,0.61
A1DDZTDK7NKWQX,326,5,0.61
A34GBGX9SYTJH7,326,5,0.61
A19IUOWRTAMJP3,327,4,0.7733
AVVPLN83JUEMS,327,4,0.7733
A2VDL1W00E2V92,327,4,0.7733
A3D6N44J8SJXF1,327,4,0.7733
A2JBSW27G9FJW8,328,2,0.82
A1D9ZTT6UV0QVI,328,2,0.82
A81M9AEYSQMF9,329,3,0.6967
A2JQ6E24ZPORV5,329,3,0.6967
A2TS471DAEZTJU,329,3,0.6967
A11INR8WEB20VM,330,3,0.6967
A3L72D03KB4JD2,330,3,0.6967
A1ZJF9RBTMQAIY,330,3,0.6967
A2U7KJVIJKD5Q,331,2,0.82
A2GV0GSTNKN6Z5,331,2,0.82
A2HIIO471RE4N1,332,4,0.64
A1PMT00DF5IIQQ,332,4,0.64
A1KWPIORLG2QV,332,4,0.64
A2CWKZ1UDLTFU9,332,4,0.64
A2L1Y9EZD5JVYI,333,3,0.6967
A2DQE5VRXUBMA2,333,3,0.6967
A3BBK2NIEKQAK5,333,3,0.6967
A1O2GTYNFTCUK2,334,3,0.6967
A3OO7POTHBPQIE,334,3,0.6967
A214BR4NXTKY4M,334,3,0.6967
A3FBVB7XP9I27E,335,3,0.6967
A3LZNFUSNQM19D,335,3,0.6967
A25932ULAHQSB3,335,3,0.6967
A2E8M13C6BWPCQ,336,19,0.6602
AMMEQHH65S74L,336,19,0.6602
A1Y07XHSC38J3T,336,19,0.6602
ANSVB7OYSXZSL,336,19,0.6602
A1Q5P5ML3176C0,336,19,0.6602
A1QEIN7ZPVI32X,336,19,0.6602
A1SB2D2GMXLBYW,336,19,0.6602
A3FFNE1DR5SI1W,336,19,0.6602
AOTBQZF21MUGY,336,19,0.6602
A3RIOBX7NLKJ7S,336,19,0.6602
A10G79D1O9W0ZG,336,19,0.6602
A1GQ9JJXCUGZ7W,336,19,0.6602
A28GUL66KVW04J,336,19,0.6602
AVXCANUBPM1VW,336,19,0.6602
A3E0C9CTNPS4F8,336,19,0.6602
A3LZVR1DWU894K,336,19,0.6602
A2TYUM8DDY2UZI,336,19,0.6602
A2D90XLS3UB6H9,336,19,0.6602
A2FII3I2MBMUIA,336,19,0.6602
A2TVZXYHMNTSW2,337,2,0.82
A1QHV41HEZE6QB,337,2,0.82
A3GPGNTI8KV9B5,338,2,0.82
A321LGD46B3M9Y,338,2,0.82
A159RWUMB4WW86,339,2,0.82
A3LR3TGNYOHMGM,339,2,0.82
A3TE9OJ4E7ZTH5,340,3,0.6967
A2LH2X39FZ2LP2,340,3,0.6967
ALPP0PTG46UYN,340,3,0.6967
A5HGRRYG905RR,341,2,0.82
AQ1L03M7CTSGR,341,2,0.82
A30YDYGEAUEA73,342,2,0.82
A3AZ5LDRPW19VM,342,2,0.82
AA8UUMTAC5NI0,343,2,0.82
AVC8YCCJQ63SJ,343,2,0.82
A75X38YKOGQ77,344,6,0.5933
A2MZXLN9TLP1R4,344,6,0.5933
A21YYC2SYN5NDY,344,6,0.5933
A1WLOTC91BTM8W,344,6,0.5933
A2PB5UJ0FJQ111,344,6,0.5933
AI46TT7QSHRYE,344,6,0.5933
A4ZS9Q2RHBTJQ,345,4,0.64
A1N4IQ1VBWG2G8,345,4,0.64
A1TC6XBC3NVRFM,345,4,0.64
A36E35E8LF43AJ,345,4,0.64
A1CENILVYMJGN4,346,2,0.82
A2FOXKIKSKA6W,346,2,0.82
AABH31PCKVX2E,347,2,0.82
A1U591ZWPT0YQU,347,2,0.82
AMNSIWTH2YPU2,348,5,0.61
A7D2CHGKQ517K,348,5,0.61
A1JDCXLSJ1LU0H,348,5,0.61
A32GOCI9S6U7KM,348,5,0.61
A1H3LQFLOBU14F,348,5,0.61
A2AGUIRQZHZK7K,349,9,0.6011
A2Y7Q9NAZ3D2W0,349,9,0.6011
A359T9R7B5QU10,349,9,0.6011
AKVZKGT6ISQCS,349,9,0.6011
A3S3Q1739PMUVM,349,9,0.6011
A2TL8K0XURO82Q,349,9,0.6011
ACA6DWWWQDAHY,349,9,0.6011
A2NX5ES3PQOS2C,349,9,0.6011
AC61U16AJQ8X7,349,9,0.6011
A2A2QQEP8SSAXH,350,4,0.64
A37EOLAE5SITDL,350,4,0.64
A13SC4R3K4C8P2,350,4,0.64
AE1SRLTQI4VDH,350,4,0.64
A3EIPX668CCYY,351,4,0.64
A2OYS122Y99VKY,351,4,0.64
AWTK44IG21GHY,351,4,0.64
A2LIGTSDHJY7U6,351,4,0.64
A1VMH8VDT66ZP6,352,3,0.83
AMA701V6ZGRGZ,352,3,0.83
A2QGMG2NZ2ELBH,352,3,0.83
AX1ET3E4WMJXB,353,2,0.82
A1B6TLJKZ5EX6F,353,2,0.82
A3J40I08JKD4N1,354,2,0.82
A1J9G7HNVAH0D7,354,2,0.82
A3PIVKCLKIAHHT,355,2,0.82
A1PEEY3IFLCYOH,355,2,0.82
A3QJ8QL3TOGVFF,356,2,0.82
A1AZUEFZNTUWVJ,356,2,0.82
A2TPD6IFVJ8HIG,357,2,0.82
A3PR1ZJD3R0CKI,357,2,0.82
AUNJSK273Z367,358,2,0.82
AFW0DOKAFVQYF,358,2,0.82
A1K48XY5KMWMPQ,359,2,0.82
A2LNG1Q2CXTOFO,359,2,0.82
AFTOJCGW8QXAV,360,3,0.6967
A1ML4CGU7PWRAU,360,3,0.6967
A33G6IMAYCDOP7,360,3,0.6967
A15E1U71O19I92,361,2,0.82
A2NFUAZE2P4DB3,361,2,0.82
A5V97TZZOSUUK,362,2,0.82
A2JDMIVEABD4AZ,362,2,0.82
A2UYUQCBFV9D5S,363,6,0.5933
A31RC0XJ193BPN,363,6,0.5933
A33EX9TG2TJEO4,363,6,0.5933
A1O22UA181NUXO,363,6,0.5933
A20EID7990EFN2,363,6,0.5933
A1BNBMRWRCKK49,363,6,0.5933
ATDC6GCUBYPVJ,364,2,0.82
A3LE4MRHK9KACO,364,2,0.82
A1GYYF3HYWAEEG,365,3,0.6967
A35QMY5TQY2HFA,365,3,0.6967
A24TB6LFHUANSO,365,3,0.6967
AQO46JIGXXCXB,366,3,0.6967
A347QOXYW7B40E,366,3,0.6967
A3SRNWZY4RNNWV,366,3,0.6967
A1ED9RHRSZMGRP,367,2,0.82
A3ENX1Y48DJQVK,367,2,0.82
A37A77TEUCY1QL,368,3,0.83
A3EFTC52RU17O1,368,3,0.83
A163X9BJ4G2WLH,368,3,0.83
AGU0FWLEWIQBP,369,3,0.6967
A1ZVCGYGFDAB70,369,3,0.6967
A2GIUHN8JU8YOK,369,3,0.6967
A14BVDLAQH9ZXA,370,2,0.82
A2KTTFGE7G0OIU,370,2,0.82
A2P7DM1Y9W75BK,371,2,0.82
A12RMM93L53URA,371,2,0.82
A1IMK99FD7RPOL,372,2,0.82
AGHXKB22N9DYR,372,2,0.82
A1VI4DV0HKKUS6,373,2,0.82
A28VACO70PJMI7,373,2,0.82
A1MDHJ845EOVLS,374,2,0.82
A187DV2IG7HWIX,374,2,0.82
AZ8YN742VWOOW,375,3,0.6967
A32096D3NJCP6H,375,3,0.6967
ABM0Q995KC344,375,3,0.6967
A3TMB4AHCY6VRJ,376,2,0.82
A4G62S1VYQ3VG,376,2,0.82
A27J1BSKWZK4Q3,377,4,0.84
A2FJHPHGEKN986,377,4,0.84
A38GJUQN2TNIDD,377,4,0.84
A322YPEIK3K7CY,377,4,0.84
A1YQK9S2QR3X4H,378,2,0.82
A379OEVJVIMEQN,378,2,0.82
A28THGTH733J7C,379,2,0.82
A2TSEMR6PLQP98,379,2,0.82
A1MOQVEKNPKYG0,380,2,0.82
A24SP9MHTDE9AB,380,2,0.82
A2H97L4ZA29PDQ,381,3,0.6967
A22RRQ4I236BEG,381,3,0.6967
A3DFJLAXEBNA6Q,381,3,0.6967
A168KEHZ03AQDT,382,8,0.58
AL9VKODB44IYK,382,8,0.58
A147NR0ZMEVCUP,382,8,0.58
A2R2F4ZQ6I7CDP,382,8,0.58
AGBNZH8PJF2UY,382,8,0.58
A3ET35NGQ2VDN,382,8,0.58
A20APLPJZCXM0D,382,8,0.58
A3CSLB6IL8IKS4,382,8,0.58
A1228WXA2HAKDN,383,2,0.82
A13IOOE7SHE08W,383,2,0.82
AKFOKF9L25MCK,384,2,0.82
AXP1TBM6RTF8Y,384,2,0.82
AWO3ZGVMCIHO4,385,3,0.6967
A1MC37SS5G4GH4,385,3,0.6967
A2E2AWPNNYL0FS,385,3,0.6967
A1Q4M7TN3SYSX3,386,3,0.6967
A1R408ENMIXRY2,386,3,0.6967
A1SHHQSPOWR00F,386,3,0.6967
A8P6GIIQ6YQV8,387,3,0.8967
A3EGS9EO6EXDBA,387,3,0.8967
A1Q7F2Z2R0554X,387,3,0.8967
A2JLDKF0RC1FQM,388,6,0.62
A1KAEJVLGKQ0PB,388,6,0.62
ADUT8PGXFQFNQ,388,6,0.62
A2FFVTYZOKJ2SJ,388,6,0.62
A2IFN1FBRHOK7R,388,6,0.62
AP9MD16WV9NYA,388,6,0.62
A60D5HQFOTSOM,389,2,0.82
A1E0Z9CPNWQS1L,389,2,0.82
AIQETHWF8VAYI,390,2,0.82
A1NPNNO5F1FMCD,390,2,0.82
A2I9312U9XA2Y4,391,2,0.82
AL031S3E74TOF,391,2,0.82
A2U3GNLOT28XCH,392,4,0.64
A2BX0E26599UPQ,392,4,0.64
A3FFEZ9CZVJT17,392,4,0.64
A2ZMDF5DYWB7II,392,4,0.64
A13NXNI1984BHP,393,2,0.82
A2E5T8LQ4XZ1LV,393,2,0.82
A23VC0TERZJR6N,394,3,0.6967
AYLMCMFXM4PZ2,394,3,0.6967
A3DFEIOXFDS6EG,394,3,0.6967
A1EW7EQ9W9VU10,395,6,0.5933
A1Q5X9IDWPVWY4,395,6,0.5933
ADAVEDQ2BK3XE,395,6,0.5933
A2BSYDI6DC3EZM,395,6,0.5933
A2V53BZ9H8U1PO,395,6,0.5933
A211S17M6MQ13K,395,6,0.5933
A2AZUT2TT2R9KX,396,11,0.6045
A20LYGBNUC09W4,396,11,0.6045
A1F2FKOF9IMNVF,396,11,0.6045
A1MUM4VASKX0F5,396,11,0.6045
A2UOBPRIH6UBEM,396,11,0.6045
AT95G0ICGEMRP,396,11,0.6045
AUKQYNHAWG6MS,396,11,0.6045
A21VUB1OCXLS10,396,11,0.6045
A15H05LXTY7WQU,396,11,0.6045
A1OMQL9KIOEOJM,396,11,0.6045
A33ASQ3O2MIPNP,396,11,0.6045
A2UGZFWCCIP44G,397,2,0.82
A7OQE283RLQ3T,397,2,0.82
A2SZ19WB838HN6,398,2,0.82
A1XCVHRAHNZ6KK,398,2,0.82
ATTKW4MOR8BX6,399,3,0.6967
A2VVPVI9BGYM7L,399,3,0.6967
A1EZPCHGGM6F9P,399,3,0.6967
A1BU3FLIQNOVDS,400,2,0.82
AYZKCHLHJMIVZ,400,2,0.82
AKAM7QXKZMJK1,401,7,0.6986
A2SDO260QWF9O0,401,7,0.6986
A3OXZEQ7WZNKER,401,7,0.6986
A2HIVAA6PALLY0,401,7,0.6986
A3I0I0YHZB013F,401,7,0.6986
A3N8EWFA0BZUJD,401,7,0.6986
A1FRIBXUEIRNQ3,401,7,0.6986
A297MY8QTKGXW4,402,2,0.82
A10HMR6HK3G7ZT,402,2,0.82
A1XPB58WAREZLT,403,10,0.6422
AFCQ78N0GKHRZ,403,10,0.6422
A1NR199CQ10MG1,403,10,0.6422
APHX8VOWVTCHG,403,10,0.6422
A2YZEZ1ZQCFRTA,403,10,0.6422
A2OTJK6D3GMGV9,403,10,0.6422
A3HLH7UOHXEX94,403,10,0.6422
AZ71F750K09FR,403,10,0.6422
A3131NCMSV2A77,403,10,0.6422
A1ITFRPPKFD4KP,403,10,0.6422
A2OOX3ZIHEJZ7L,404,17,0.6259
A3VVERBE2JDBI4,404,17,0.6259
A2I2ZOS8K15JX5,404,17,0.6259
AZZS13C32YSPH,404,17,0.6259
A3CJ3DKELFXX59,404,17,0.6259
AOG5IJS9T4HYR,404,17,0.6259
A1KTMAJDUGETBA,404,17,0.6259
A1T77BL9RV0XCT,404,17,0.6259
A2ARGWWXYHQ1Z4,404,17,0.6259
A2QUOJMLPOO086,404,17,0.6259
A3D3EFG4XMO1XG,404,17,0.6259
A2HWD2SP00BHM2,404,17,0.6259
A2WNLRAF6OC72V,404,17,0.6259
A1RRL0080TNFKF,404,17,0.6259
A12NOROCXAPTU5,404,17,0.6259
A1HNUWP2FNVOUN,404,17,0.6259
A3D7WE62FTMXEG,404,17,0.6259
A26WXF0P7YNYCE,405,5,0.61
A2PCY2349HNKYD,405,5,0.61
A2BVT5QJSEEQI8,405,5,0.61
A3VW15GKQB6LPD,405,5,0.61
A1D9SPKBK0V86D,405,5,0.61
A3O3MI0QJ5VEQ9,406,4,0.64
AICUWMWG4NX95,406,4,0.64
AWCO1MAELHKSE,406,4,0.64
A2CSWARA04BS2Y,406,4,0.64
AO4LJ777HXG8A,407,2,0.82
A2Z6WUBUEHL4IY,407,2,0.82
A2QAR5YZ0DF7X8,408,2,0.82
A3A6MEPNP0VYYK,408,2,0.82
A1G3CW0EO9UFS9,409,2,0.82
A16MSQND289BB9,409,2,0.82
AZKFEF6QN0FVO,410,2,0.82
A2QQ06GUU1APAY,410,2,0.82
AU3GYRAKBUAEU,411,2,0.82
A3M6KV5PDU46YI,411,2,0.82
A2ID57OWXOXIU2,412,2,0.82
A27I1HNFLO6YXZ,412,2,0.82
ATLZNVLYKP9AZ,413,2,0.82
AMT3RC78XAUHK,413,2,0.82
A3JM5I8YUOR6D4,414,5,0.61
A1IEX48VZ4WU2U,414,5,0.61
A2L8UUH65S1BJ6,414,5,0.61
A1IFHNPYI6G3MM,414,5,0.61
A15EQ9J0E2B95M,414,5,0.61
AU4H7OG5UFDWO,415,3,0.6967
AFRNZC5XAWY2J,415,3,0.6967
A2D2CZEHI7KO76,415,3,0.6967
A1CFNOI8BWWK1N,416,2,0.82
A3PLX087S71H5D,416,2,0.82
A1YLKXFFC7UPWQ,417,3,0.6967
A23GJP3DRWFPFZ,417,3,0.6967
A3MV583EGBUBPK,417,3,0.6967
A2SM40FPY16Z6R,418,3,0.6967
A369FK9VQ8BAJP,418,3,0.6967
A3REW00RHL6GUG,418,3,0.6967
A2541V4NMO1ETO,419,6,0.62
A2AVY1038B8KT2,419,6,0.62
A1K9VV4RV5E7PH,419,6,0.62
A8VRWQW8N3735,419,6,0.62
A361WT227IG886,419,6,0.62
A2OB6RN6RY1VB1,419,6,0.62
A1OIQ0NU3WDK35,420,2,0.82
A2FKY5R4NSHJ93,420,2,0.82
A3INP2ULA50M5I,421,2,0.82
ARIA1F01A9YIC,421,2,0.82
A2CP02KSIYJI3N,422,2,0.82
A10P5LYBOSE58I,422,2,0.82
A3MOOBGS5JCP11,423,2,0.82
A2BMNAW7CF2RB1,423,2,0.82
A9MCXIOVSSCCW,424,6,0.62
AOJA1LC8PN7K1,424,6,0.62
A3B9V3H9S0JREI,424,6,0.62
AOVCHTDDFIYPH,424,6,0.62
A17PI8O2JV8NT9,424,6,0.62
A3HIXLGOEH2OEN,424,6,0.62
A16EEJL5KR8D41,425,2,0.82
A1EXUC01FWXTQU,425,2,0.82
A26U7ULV737CFE,426,2,0.82
A3ONWXEZOB7ZDY,426,2,0.82
A100H2245MF6NL,427,3,0.6967
A2NOO7PE0ERT8G,427,3,0.6967
A1JNMIYESMJ4F2,427,3,0.6967
ALGRTA7OUHP23,428,5,0.65
A33BUDQJJ1K41Q,428,5,0.65
A26SBERFSTW1UC,428,5,0.65
A1SZZA2GBYHJVU,428,5,0.65
AIYX8VIO0EV13,428,5,0.65
A16HIYVI6ZHSWQ,429,6,0.5933
A17LGOGVLECFJM,429,6,0.5933
A1T15FCAQA1KMT,429,6,0.5933
A2DKPB5N1CZU6G,429,6,0.5933
A2KJY8F5O1U5D6,429,6,0.5933
A19777EFL2WG1V,429,6,0.5933
AWRPJJZS7ZKDJ,430,9,0.6741
A33CK9OFDUOVJ,430,9,0.6741
A37U5PRGBURC2V,430,9,0.6741
A2YI6MELL2JWUG,430,9,0.6741
AYYFMTM2HHK61,430,9,0.6741
AJA8ABXYA9B5O,430,9,0.6741
A341ND7Z67G63N,430,9,0.6741
A3301UCUPKF804,430,9,0.6741
AT7O8BQA55XOP,430,9,0.6741
A3PEN6PH24S5DU,431,4,0.64
A3A770EP3KUHKM,431,4,0.64
A3NVZTGPORNPRW,431,4,0.64
AHX8LNAYUCL8W,431,4,0.64
A3R1Z9PCJ6BBW3,432,2,0.82
A1HMXAN85J38JU,432,2,0.82
A12J88VJESWKK7,433,2,0.82
A3B52GSCAYLP2G,433,2,0.82
AEVOIRKIAR9SR,434,2,0.82
A3QG1KCB8HB5AQ,434,2,0.82
A3EQ16EV3AN0G2,435,3,0.6967
A32UIQ2A8MUVS2,435,3,0.6967
A2I8XZ18IRZUA4,435,3,0.6967
A2YYGSXDHMQKSI,436,3,0.6967
AREOC3C9WSI74,436,3,0.6967
A1RHP5S8Z69AYN,436,3,0.6967
A3MI09LIZEQ1QD,437,6,0.5933
A1NLR64WIWXYZI,437,6,0.5933
AZVRBJN76UWV3,437,6,0.5933
A1OZ7I3DESX9NP,437,6,0.5933
A2DQQUEPK53ORW,437,6,0.5933
A3CD3LQQT05APQ,437,6,0.5933
A2UL7BPWRTY0IV,438,3,0.6967
A1CPI102ITIAIN,438,3,0.6967
A3CE3ZL0HX1WH,438,3,0.6967
AHBEOUSMFQNF4,439,2,0.82
A28QKX5PUSZYN2,439,2,0.82
AI1SBMID464QA,440,2,0.82
A2WMYZU3UCI8U0,440,2,0.82
A1RWJCEU5SRSKT,441,5,0.61
A32JCI4AK2JTTG,441,5,0.61
A1B0YO04O40C3M,441,5,0.61
A2541DCM7EKMF4,441,5,0.61
A28RBRJAP7L6PD,441,5,0.61
A3E367A1TMAHI8,442,3,0.6967
AR040DQNCVR0H,442,3,0.6967
ABY7ZUPSW3EQ9,442,3,0.6967
A25ZM6XWJ494HY,443,2,0.82
ANZ2AZ4PE9H55,443,2,0.82
A1ESUYMIG3TZT0,444,2,0.82
A22PIFQSSLATYS,444,2,0.82
A14DI9HDK2JTEC,445,2,0.82
A31178M47FKV2V,445,2,0.82
A36CTP2YSXLSFV,446,8,0.6229
A17SVSSNUU318W,446,8,0.6229
A13PD0PF0KAAUO,446,8,0.6229
A25S4ZKQ7XACS9,446,8,0.6229
A34F0HOVDIG7EU,446,8,0.6229
A1C7EIYMR7DXWM,446,8,0.6229
AXPWFZRVRAQQ7,446,8,0.6229
A32Y856BT9L89C,446,8,0.6229
AHETVC0QYJT8H,447,2,0.82
AIOODIDBZFXHE,447,2,0.82
A3QNFP46L7TRSC,448,2,0.82
AI9OK9EA8JAUM,448,2,0.82
A36MNWVXILRRT,449,4,0.64
A3S6N7PEWZRLSI,449,4,0.64
APGESIHRV27WZ,449,4,0.64
A1YQUFFCC0IBBV,449,4,0.64
AFCVVCYYP4Y6L,450,2,0.82
AY2GF06SU2GID,450,2,0.82
AUQPP5X315VRM,451,2,0.82
AC79HAUD1J7RU,451,2,0.82
A2853ME3AJM2B2,452,2,0.82
ALAEX6Q8ZYQDM,452,2,0.82
A3BTBIV6N9BZFR,453,2,0.82
A3AZR7F2KYC2TA,453,2,0.82
A3TSQVDK4TZ1VD,454,2,0.82
ACHMMTLFPH6DU,454,2,0.82
A3BMH52AZICG58,455,4,0.64
A33MVB71RINBIM,455,4,0.64
AKEU9BS434Y0R,455,4,0.64
ACTPKR50TGN7D,455,4,0.64
A2AVU6O4L6R32W,456,4,0.64
A1P7XWKJYDMY65,456,4,0.64
A3M7ROZKQW6F69,456,4,0.64
A1D9V4TAFTO6M2,456,4,0.64
AGDWVRFL81B4O,457,2,0.82
A3NGX35C4OQNBV,457,2,0.82
A30CIM3WEKPH2E,458,2,0.82
A3J4DCLWS6CAHW,458,2,0.82
A26I21NALJC4TV,459,2,0.82
A2UAM0ITC30078,459,2,0.82
A3USWH19MW0BG9,460,23,0.6443
A1NY5JGIXL0MVW,460,23,0.6443
A3M0514264KY3I,460,23,0.6443
A2ANIO9P7WE1SX,460,23,0.6443
A1RBEYAMTN4R64,460,23,0.6443
A2SZWR0WW6BPUX,460,23,0.6443
AOBSTWSH6UUL5,460,23,0.6443
A339D0QQYH0ZRG,460,23,0.6443
A2KI81N844USH9,460,23,0.6443
A3DBT98KW7KDGC,460,23,0.6443
A227P8TJ3M3MFL,460,23,0.6443
A2NZ146W0D92UT,460,23,0.6443
ATV3FJGSC96UB,460,23,0.6443
A3E9O1VNJ3U324,460,23,0.6443
A10O225MJB7UCB,460,23,0.6443
A18Y5LAQT3FHYW,460,23,0.6443
A2OKPSJXDU53Q2,460,23,0.6443
A3U3K3I2HJ1QPX,460,23,0.6443
A2K88S2R36PBFY,460,23,0.6443
AVNFGFRFPAFK4,460,23,0.6443
AYZXOI9XAJIU1,460,23,0.6443
A3B56D9QCIIBLQ,460,23,0.6443
ASQ5357GTL3PV,460,23,0.6443
A1PHMM06DZNBYN,461,2,0.82
A2DSB3556MW53N,461,2,0.82
A25KMQDBTLQDDB,462,2,0.82
A1FZNDLAB1BWB2,462,2,0.82
A35R3MMOSISYTQ,463,5,0.65
A2BH9DHKBIBDX3,463,5,0.65
A2BG2IXO32MWXP,463,5,0.65
AA1FBD24BCUK,463,5,0.65
A23BL0Y36R3ZD3,463,5,0.65
A1LXH2T0NVOURJ,464,5,0.65
A1CJ1G8DXTTNYV,464,5,0.65
A7JJ97AMCV7BZ,464,5,0.65
A287TAETJKLNKI,464,5,0.65
ALC7PB2DB3C50,464,5,0.65
A27GREXNJBQP02,465,4,0.64
A217F47KNJD2QN,465,4,0.64
A165SDH11RSHYH,465,4,0.64
A7HPQEWKPSFJ6,465,4,0.64
A1NF7WJJ5U0TGZ,466,2,0.82
A2SL73LVZCS7I7,466,2,0.82
AO1A43AFC3RBG,467,6,0.62
A23V321SYYOGIH,467,6,0.62
A2WGGH4ZEPPLZD,467,6,0.62
AHAIR9GE4IRUH,467,6,0.62
A16GS3X4N6BTBJ,467,6,0.62
A1912PQLG8WJQX,467,6,0.62
A1H4XC2A7SXOID,468,2,0.82
A2AXDPIHW22AOE,468,2,0.82
A3T0QM1TQMFBAG,469,2,0.82
A13JMJCADZLYIV,469,2,0.82
A1DL6KM0WW9H8Q,470,2,0.82
A2DNQI5N0GIEP2,470,2,0.82
A3703KZSXV6GTO,471,2,0.82
A1TN0SJKKV80VE,471,2,0.82
AX63A74CRGQL9,472,10,0.58
A3I093DEFVCUUY,472,10,0.58
A3HAMBCVJ615PO,472,10,0.58
A2BXOMMBRCQKSX,472,10,0.58
A2IASO091X03AU,472,10,0.58
AKSYSW9FQUOPY,472,10,0.58
A1FIZT8SAYQG5B,472,10,0.58
A3SUXSX1LL81ST,472,10,0.58
A37MNCN9T7TKQI,472,10,0.58
AXOL3KV6HQ5ZE,472,10,0.58
A2SDFXSJ1EVDUF,473,21,0.6629
A129JA5N3CROTY,473,21,0.6629
AI5MIQYR3JZC5,473,21,0.6629
A3G11WF34W2IN2,473,21,0.6629
A6TBXL1JJXNMT,473,21,0.6629
A1CDHBM0K3NGLV,473,21,0.6629
A1US2GFY3A1OBY,473,21,0.6629
A2WGUP4EZFUNZJ,473,21,0.6629
A14QNO4ZUWADO0,473,21,0.6629
AEK22R8KSM2QG,473,21,0.6629
A1ZDWRPDSOK6X8,473,21,0.6629
A1U5PY7LUIQ7DB,473,21,0.6629
A3LGQDBJCNEENV,473,21,0.6629
AMNO74IMDTYLO,473,21,0.6629
A30YO2G0MDE1PG,473,21,0.6629
A2V8LCUQZVJWTG,473,21,0.6629
A6CXO60VYUKL9,473,21,0.6629
A2S2VP5J3WCT6J,473,21,0.6629
A39YR4I81V7XHH,473,21,0.6629
A26ZHHLCZVUOAS,473,21,0.6629
A3G6N1LDACZQCD,473,21,0.6629
A2WXLCO6E6T1Q6,474,2,0.82
A3PSGM7T1GK049,474,2,0.82
A3UODPDKNHJ00W,475,2,0.82
A1KF5QYV41WH1G,475,2,0.82
A1J7TNASRMM7RE,476,4,0.64
A1LU9Q47QFJ9X4,476,4,0.64
A1PEXTGNF36I1Q,476,4,0.64
AI2TFA864UX2S,476,4,0.64
APCGKWFKN5BAQ,477,3,0.83
A1LDWZBO4SLPF,477,3,0.83
A2Q5W11GOA08IJ,477,3,0.83
AKQ63Q51PID2V,478,6,0.62
A1M02LZS1GWWQ0,478,6,0.62
A5N5YI3VZM00H,478,6,0.62
AF7NWNPFJX4XJ,478,6,0.62
A1QLVD4LID4D6B,478,6,0.62
A2SLTO5Q1MWWRB,478,6,0.62
A1VL6NAW5LAH73,479,2,0.82
A2VWLW8JMDWW9W,479,2,0.82
AGGK2X8P26FFY,480,2,0.82
A15LFZFZ389K72,480,2,0.82
A42HINFMHFB9C,481,3,0.6967
A1SQLBLXQDI4B7,481,3,0.6967
A128DOY6FTRVFQ,481,3,0.6967
A14H4JFNIDZ2GP,482,2,0.82
AG3JJ7E89AYP,482,2,0.82
A1DSUDEPRVZHF9,483,2,0.82
A13B7T48AHY6AV,483,2,0.82
A1UQ30FFJFTFWI,484,5,0.69
A2O6XJII4VSS5G,484,5,0.69
A2C6FXL8ITTMDQ,484,5,0.69
A204R7IHS4G9AC,484,5,0.69
A33LE6I8L0YU52,484,5,0.69
A3CIUEZ2PEGR9,485,3,0.6967
A3JWD0WQ3VEZEX,485,3,0.6967
A2ARFX9JWJC3VK,485,3,0.6967
A1SRTOVOHOU1J8,486,2,0.82
A1DQC2NI3BHF0B,486,2,0.82
A3GLQPJ3TLXM09,487,2,0.82
AD15YMGAUGXFB,487,2,0.82
A1MPW5B6ES6MK9,488,2,0.82
A1NDHO2RGGTAX5,488,2,0.82
A3SZG4S2MGE4SH,489,3,0.6967
A35NPDPDH4FO4Q,489,3,0.6967
AIIZTJHZLV158,489,3,0.6967
A2GYULZXWU1C5Z,490,3,0.6967
A1BQ0HTG3C53IH,490,3,0.6967
A3CE14S3ZGG3L3,490,3,0.6967
A16Y3GMJREN2BJ,491,2,0.82
A12LGET6D9KLEK,491,2,0.82
A3OPGNQT5FDBAF,492,2,0.82
A1YUWK0O71JG0W,492,2,0.82
A1Y8OS5NNPIYBB,493,2,0.82
A34ZYX6UEGNK8G,493,2,0.82
AR8BPMAREHIJ7,494,3,0.6967
A11GCF3KECY6HO,494,3,0.6967
AWY4LMNAC9DWZ,494,3,0.6967
A36WA7L88C2NW1,495,2,0.82
A366DQELNIHQYZ,495,2,0.82
A25WFE913YU77U,496,4,0.64
A3QQVWKE32ULEJ,496,4,0.64
A2U3NQFC2ZT0SO,496,4,0.64
A2XZD1EQ7FMYN3,496,4,0.64
A3OVN5HBTNF89H,497,2,0.82
A1UZGWUK7I13XG,497,2,0.82
A20YXQS7KU698F,498,2,0.82
A17X91STB6652Z,498,2,0.82
AXV4D4KFEHN8Z,499,3,0.6967
A2BMEAPBBH3TXH,499,3,0.6967
A345SZACMR0TE0,499,3,0.6967
AKB5F44SK4AN9,500,2,0.82
A2DFI9XJYA31AE,500,2,0.82
AABQ639S3SESX,501,3,0.6967
A2U7T72Z0EFR9P,501,3,0.6967
A3K2ENY2T3U84Z,501,3,0.6967
ADIDN6XPZSXWB,502,6,0.62
APV9N3FBJRH6D,502,6,0.62
A38OTGE6KDN670,502,6,0.62
AD62SC9WY4QY5,502,6,0.62
A1F8WB1II85BAM,502,6,0.62
A3NJ6E612ZDLP,502,6,0.62
A19H2IOBOD17W6,503,2,0.82
A2J0KNW070N4LC,503,2,0.82
AT4910QYDNWR9,504,2,0.82
A3747YGYHT8ZBK,504,2,0.82
A3F0UFBUB2FHX0,505,2,0.82
A2V46ZQ9WSA1HG,505,2,0.82
A3TE9EHDPX18KU,506,2,0.82
A2CZPKV10FVJI2,506,2,0.82
AMPKOIPK02W6B,507,4,0.7067
A1MDWX1EXPCOYE,507,4,0.7067
A2HY7WUPTSAQCA,507,4,0.7067
A2XIRK8WCGR6CF,507,4,0.7067
A1W58Y7FVNIX2N,508,3,0.6967
A39ZD63RMA23RO,508,3,0.6967
AE95ZT9BI2ZFG,508,3,0.6967
AL42IHQOXJF6G,509,3,0.6967
ACKIX4X8OZSN0,509,3,0.6967
A1D8PJZGNX8LFK,509,3,0.6967
A2WQPBT1JGLAMV,510,3,0.6967
APN50UILUQ3FZ,510,3,0.6967
A2ZMT1JMXG4YBB,510,3,0.6967
A341D1ZT0JJLY5,511,5,0.73
A3RIRKGU4F6X9S,511,5,0.73
A1TM102EYLRTTF,511,5,0.73
A2RZJQ6TS017SY,511,5,0.73
A386VJA8LX6G18,511,5,0.73
A2PED5QNFA6T64,512,2,0.82
A2LHEMBTH0JS2W,512,2,0.82
AVOSDKS4BAHKJ,513,3,0.83
A312JHV2DVYQIA,513,3,0.83
A2COR5FWM8EDGS,513,3,0.83
A1DIOYY9485U50,514,5,0.61
A1TPAUOIA5DRVE,514,5,0.61
A29BICDJTST1G2,514,5,0.61
A5M6G3QLLXBVF,514,5,0.61
A1BRBQBGJ05MPK,514,5,0.61
A2OY5YNT2040OT,515,3,0.6967
A2M5J4IKYBPULM,515,3,0.6967
A1ILW3VHASLEC5,515,3,0.6967
A3GJLYCMZECXQI,516,2,0.82
A3HZFUJ6WSBV6R,516,2,0.82
AG0LPI8LN5U9K,517,2,0.82
A3XGHG3XSPSWJ,517,2,0.82
A1MO029I2PGEXI,518,7,0.6033
AA6K9WCIIUR4M,518,7,0.6033
AE1W1CSPT13R3,518,7,0.6033
A14O7JQPKJPUF6,518,7,0.6033
A3NBXUHHJZTZLF,518,7,0.6033
A1ZW8WI25MWQX4,518,7,0.6033
A213F1EGVVL2IB,518,7,0.6033
A1RQPAAU6Q65XR,519,2,0.82
A2H14VYOUVKMKA,519,2,0.82
A2W22DUZFKQCM8,520,5,0.61
A2ES185YQOZDCW,520,5,0.61
AA4YMELM0MMI9,520,5,0.61
A34LSA5O1AEEMB,520,5,0.61
A2PL06HW6KZH2,520,5,0.61
A28D92BKXSC5Q1,521,2,0.82
A3ANXE7U6MXS8B,521,2,0.82
A3SFEHDHGCJ0GC,522,3,0.83
A3L39PERV5GAAO,522,3,0.83
AS7KCCCL764O9,522,3,0.83
A2S50OCZDINEWV,523,2,1.0
A31335U0SAOJLH,523,2,1.0
A1EWII9VJHA4S6,524,4,0.64
A2TMJON7YWB8CW,524,4,0.64
A336OCR8QA0H36,524,4,0.64
A2BQ43D7E58FWB,524,4,0.64
A3SNQ2R7WVE7I3,525,6,0.62
AQPH7UFOWXFW,525,6,0.62
AZVCNOOQK36DH,525,6,0.62
A4HITS9OE53AA,525,6,0.62
A1FEEWOP9QLM7,525,6,0.62
A30XQ7TPHLPS2Z,525,6,0.62
A1FI3JQ6H4UADS,526,2,0.82
AL42PIIG5DXYD,526,2,0.82
A21VTEA79WRRMA,527,2,0.82
A1V0BAV1DWIKPQ,527,2,0.82
APO2Q77TABHCD,528,3,0.6967
ACVKFV8LD7HDH,528,3,0.6967
A1KHW0SL0H33TW,528,3,0.6967
A3NR0GWVTTJNLF,529,4,0.64
A2J7FHZFKOKGZ6,529,4,0.64
A2H2Z1Y1KPA84U,529,4,0.64
A13QTZXOSEGJD8,529,4,0.64
A22TUEB5TG0FTQ,530,2,0.82
AR6QTTIQ7P4DV,530,2,0.82
A17WER66R17JEF,531,2,0.82
A34ZRXT4B3LDPV,531,2,0.82
A2N7HYUPR03WOX,532,8,0.58
A1W8D8OJ8LBK9M,532,8,0.58
AE2GQSSEJ8G6O,532,8,0.58
A17RCM9N1K6JL2,532,8,0.58
AUU4G4TASZUWV,532,8,0.58
A206XN7EN2R6D6,532,8,0.58
A1SKOHV15X5CK8,532,8,0.58
A3S646CCL57YA7,532,8,0.58
AIQHYSPJHKUHB,533,2,0.82
A1Y4SNHSQJNEBF,533,2,0.82
A2NRSIXF9WEOQ4,534,3,0.6967
A2B1C21U9FVP59,534,3,0.6967
AUI5SVXVIYAAA,534,3,0.6967
A3V8DDNLHFFPYS,535,5,0.61
A1PF6RVN0MQX97,535,5,0.61
A3DBI4NMKN2X7C,535,5,0.61
A330QQ7R7NORF7,535,5,0.61
A2OLNUH2YGMWWO,535,5,0.61
A2QXV8M0R3NVGP,536,4,0.64
A2AKDEBXR889PE,536,4,0.64
A2B4ZODG2GZLIN,536,4,0.64
A3UOJSQM80ILY1,536,4,0.64
A2CPTH3C7XTHPM,537,3,0.6967
A1E153CNDW8GSA,537,3,0.6967
APHCUHWSA2R4H,537,3,0.6967
A2XD36ONYLNU5J,538,3,0.6967
AS442SAG9R7VO,538,3,0.6967
A4JZKOBW6S8CP,538,3,0.6967
A2SFRKP53UQ8SQ,539,3,0.6967
A38T130YDQ9894,539,3,0.6967
A1PROCMM897I24,539,3,0.6967
A2KF07N5IY3N2S,540,2,0.82
A2SBIQB6NJGQ3,540,2,0.82
A2BX8DDQGCCG2J,541,3,0.6967
A3UHVS1AHF0J31,541,3,0.6967
A2EVQTMET8J7QZ,541,3,0.6967
A2QY72A7YMHL5E,542,2,0.82
A247DD28851RE6,542,2,0.82
A3HYFFRQD1KE36,543,4,0.7067
A13A8O2M91RZ4Y,543,4,0.7067
A3TG3SYHMGVXI,543,4,0.7067
A30OQMX8UVGBHO,543,4,0.7067
A3CW5EHY41TCH1,544,2,0.82
AIA874OBKAO0N,544,2,0.82
A17IG5H5WQQIAX,545,3,0.6967
A1C3Y8LKKUBVWY,545,3,0.6967
A39HCHNGWCD40E,545,3,0.6967
A2KW2CYEFOG5RV,546,2,0.82
A3N6N8RWXYX7AJ,546,2,0.82
A2GYA7OQHBXSI5,547,2,0.82
AMO77BLLJ70RP,547,2,0.82
A3GVDH2V3HK9IG,548,2,0.82
A1ZBU1PIKVNEBC,548,2,0.82
A1FLIT8VL70T2S,549,2,0.82
A36B57JPW6W9Q5,549,2,0.82
AOKO24WAU7RKU,550,4,0.64
A1MXJVANURX26J,550,4,0.64
A329Y1VLYDVU4R,550,4,0.64
AXBC52UXVOIO0,550,4,0.64
A2GMG4W6IB8MS3,551,2,0.82
A11WKK964L0CJM,551,2,0.82
A3UNPHHPR3ECYH,552,5,0.61
A3UY2ZIAYCK4DQ,552,5,0.61
A3B42N6O9HBS4W,552,5,0.61
ADYZKTC3R4X63,552,5,0.61
AYOMGJCM4I114,552,5,0.61
A30IB598ICYWVZ,553,9,0.6011
A10ZTG3PIBRPLC,553,9,0.6011
A1SI2OMTENFC9A,553,9,0.6011
A3IFCL2696IUER,553,9,0.6011
A3RA0IYGOM1FMH,553,9,0.6011
A1WB7TAF85CSVR,553,9,0.6011
A29NV3DTW63GGR,553,9,0.6011
A2G4DVTAFH9X6E,553,9,0.6011
A1D2GOXZ3K5W3I,553,9,0.6011
A1Z8YKL9KKH791,554,3,0.6967
A22JRVAY052312,554,3,0.6967
A3HJ6FNSURIH42,554,3,0.6967
A3E4Z8NHLI5D2Y,555,2,0.82
AOGXZMSQVVF3D,555,2,0.82
A246RLSESBICLP,556,2,0.82
ARWY7DY6IYWBH,556,2,0.82
A1JCEU8BN46T54,557,2,0.82
A2VYRRDJN2UKWB,557,2,0.82
A141FQTJZSENM5,558,3,0.83
A2TC83DVNMGTVB,558,3,0.83
A332PFV02HENHO,558,3,0.83
A23J4S3ZHX48AU,559,2,0.82
A2GGB5O6W6D8QN,559,2,0.82
A26N5JRAXN8XB5,560,3,0.83
A1KFHTO8H5VVDS,560,3,0.83
A3GOS8Y7DV0E4X,560,3,0.83
A3VD2K03D71AUS,561,2,0.82
A14RFF9JUIM34U,561,2,0.82
A3V1F2LGDQE12E,562,3,0.6967
A1D4KOKHUL3XIN,562,3,0.6967
A2RH40BEAX3V8P,562,3,0.6967
A2Z2FF0A2YUW6M,563,2,0.82
A1ECKA0JZ7KMG9,563,2,0.82
A32HC53TLUW5E0,564,4,0.7067
A31ZCZACQYOQ5,564,4,0.7067
A1N9PDHW499DIQ,564,4,0.7067
A3C67YYQ9S1BEE,564,4,0.7067
A1H3BP00WUFG0M,565,7,0.6033
A3RLLU7CU8IRV1,565,7,0.6033
A1S3CS1P4MDX1Z,565,7,0.6033
A3FOEYIN9ZTFK2,565,7,0.6033
A3MKMGJ23QOQKM,565,7,0.6033
A7O2TSLP1CBW1,565,7,0.6033
A4BW957GKIJUM,565,7,0.6033
A1WH9Z5S1J1VA4,566,2,0.82
A1CY9ZK8MKMCMC,566,2,0.82
A29CEI6U2BLLCK,567,2,0.82
A17OF6WF11SFPG,567,2,0.82
A27R5JQPF8C0RF,568,14,0.6191
A3V43343RY8C52,568,14,0.6191
A2YWT1Z459TX2Z,568,14,0.6191
A39OLM0L2VMN44,568,14,0.6191
A28W7RKKZV625I,568,14,0.6191
A320BFX1GRFV70,568,14,0.6191
A1N5XW60FVZYHH,568,14,0.6191
A1JRVC0DYLFM8D,568,14,0.6191
A3HFUVIA168297,568,14,0.6191
A3JPRLI6012U5B,568,14,0.6191
A2PO4RRGNWDLH5,568,14,0.6191
A3GI2Q50RKE7J8,568,14,0.6191
A18A5VSD0IPN14,568,14,0.6191
A174GZFJGYH66D,568,14,0.6191
AYODRKQUO459H,569,2,0.82
A1OZWVXJ2D3N3T,569,2,0.82
A191HG4NP6G4E5,570,2,0.82
A385MVBV8LYB3Z,570,2,0.82
A39N6IZKYSPK4H,571,2,0.82
A2CAAZ4SK0SDLQ,571,2,0.82
A28J1OWDX35U77,572,2,0.82
AZACPIA0ZLXMK,572,2,0.82
A23472JBV9ZQ4T,573,3,0.6967
ADSXUQX5KWV6C,573,3,0.6967
A3910BAMCHK81G,573,3,0.6967
AT67M5M451URR,574,5,0.61
A3D0ITO1D83PV7,574,5,0.61
A22R44FU4V5F3B,574,5,0.61
A2V44P7W37Y9MA,574,5,0.61
A2MIP3AQVSF2SS,574,5,0.61
A3RTDU3X791JO0,575,2,0.82
A1XR2UZ28QPP79,575,2,0.82
A12144PESJTFGO,576,2,0.82
A35IX45KGV789,576,2,0.82
AHRHARRRG24QU,577,7,0.6414
AEFRL0YRN389H,577,7,0.6414
AYYK18ACR15ZU,577,7,0.6414
A3SLRAY7SYG0WY,577,7,0.6414
A11GGL60114AMI,577,7,0.6414
A2XFGIOU6DQWMX,577,7,0.6414
A3V9LHBRQZJLZ4,577,7,0.6414
AHUD64YB90TQ4,578,2,0.82
A2RS66Y79Q8X0W,578,2,0.82
A1RK51PI9UESR0,579,2,0.82
A1749QO20EC9IZ,579,2,0.82
A2ZPV9O5HMJCLG,580,2,0.82
APIP8ZKGBMWBH,580,2,0.82
AKN6JB6WWI6JA,581,4,0.7067
A3NQSN3D19ECZ7,581,4,0.7067
A8JHMCSJ2ZPG6,581,4,0.7067
A2ZMGBHL8HQADQ,581,4,0.7067
AGQIKGB66P607,582,5,0.61
A3IGLE6X6RSNZX,582,5,0.61
A4IFS6HW8MS1L,582,5,0.61
A4YEJSFAN8RP7,582,5,0.61
A2NLQMPSF70M0C,582,5,0.61
A1TJT6GXDGNN8Q,583,5,0.61
A1VK02YYECXMIB,583,5,0.61
A2XPJ5FLVMFJAY,583,5,0.61
A1MBMOD1WE3PF7,583,5,0.61
A3KDQMSWQMQJFC,583,5,0.61
A1WUDN4ZCG69ZS,584,2,0.82
A1FPIPBIK95J2M,584,2,0.82
A1OA7ZKRQH98C8,585,8,0.5943
AQ0Q4CES379O4,585,8,0.5943
A5WXMP1BROF0J,585,8,0.5943
A22LMDBECFRAM7,585,8,0.5943
A1ZM9THVB0JUPS,585,8,0.5943
A3DYUFKEC5RCC9,585,8,0.5943
AWA3U2TAU0KYP,585,8,0.5943
A16UIR2SWHISLV,585,8,0.5943
A2F0POG1KOAP5J,586,2,0.82
ATMHSONJ55YN6,586,2,0.82
A2NQVA7O7VY7XV,587,2,0.82
A5L8M7EBZG7IV,587,2,0.82
AT0J9IP8XD95F,588,2,0.82
A3F7AAPD8WM8LW,588,2,0.82
A2KA27UB363RNG,589,2,0.82
AN0432Q8WEIA4,589,2,0.82
A1H55L0BLPCWYF,590,3,0.6967
A1EZOGZCYU323H,590,3,0.6967
A2Y5YLEEP06Z6G,590,3,0.6967
A2NSRYACBTFVJU,591,2,0.82
A5G0OFSQYPK26,591,2,0.82
A1O2KST0G3G7FJ,592,2,0.82
A3W4ZUQ4HGCIYV,592,2,0.82
A109KHEJL08HW9,593,7,0.651
ATDPOI21DJC9H,593,7,0.651
A1NY8MREXJ4JL4,593,7,0.651
A20MRY12ZIVQ3U,593,7,0.651
A26DMFB0S3M1IO,593,7,0.651
A1A7HMNIBKFSCK,593,7,0.651
A2PICNZWHEINQC,593,7,0.651
A2GL70AZ8MWXI3,594,3,0.6967
A2MPWVJYS8V0O6,594,3,0.6967
A2C1ZV6ESXKYIL,594,3,0.6967
AOV8L3S4QEMJF,595,3,0.6967
AUZINV544Y1ZC,595,3,0.6967
A1H2K731PSWT70,595,3,0.6967
AJ6KO5Z74DXKC,596,2,0.82
A22HJX8HYF6M98,596,2,0.82
A2YVT8YVTMKJ3G,597,2,0.82
A2RAJU3R2XXKT6,597,2,0.82
AQZBIM739YVLM,598,3,0.83
AQG2MV13YKB1H,598,3,0.83
A23PQHKPHLZ6NR,598,3,0.83
A1SUK3BH6SXNUS,599,4,0.64
AKHU75YBXHVS0,599,4,0.64
A1WWGLU3COINYG,599,4,0.64
AYKOEZFVI4TGP,599,4,0.64
A2IX2PCXS5O2FK,600,4,0.64
A2E240DVV4GDJ3,600,4,0.64
A32CHHM2748WGJ,600,4,0.64
A29L9MHE4WG16O,600,4,0.64
A2GGIAWE0U26EG,601,2,0.82
A1YH4IZHPNBV4G,601,2,0.82
A5MXNEKQSVHEG,602,2,0.82
A30LVBJ8016E45,602,2,0.82
A3JMYUXPG9NA3B,603,3,0.83
A2THBPVDEOF81B,603,3,0.83
AR8AC8KLBQJVT,603,3,0.83
A3ANGVTYA4BDH1,604,2,0.82
A2E17KF3CAXGSP,604,2,0.82
A20BDBDV3CBVAK,605,5,0.61
AKVY3FDMU42ZA,605,5,0.61
ARS05BZQOAAIY,605,5,0.61
A1WJFFA4RSC1QK,605,5,0.61
A2RJSDN6FXLMAL,605,5,0.61
A1GJT9M1L8UDXX,606,3,0.6967
A1M991VMFWPV1A,606,3,0.6967
A2T1OLYFY6XTE1,606,3,0.6967
AW63IRQWH10GF,607,2,0.82
A26SD429IFQUD2,607,2,0.82
A2YMUWJM04EWUL,608,2,0.82
A1T4NU4MBTUPFE,608,2,0.82
AM41YXC6WY4N1,609,8,0.58
A150HGBMERW2T2,609,8,0.58
A2KSHO9HT7L56F,609,8,0.58
A3NLI44GQY8K48,609,8,0.58
A1CXI66OO22O8X,609,8,0.58
A1R9LG0GHISRBI,609,8,0.58
A2DRXU8E9ISH86,609,8,0.58
A2G8K3GDE6R2Z5,609,8,0.58
AM93KBB79O6YQ,610,3,0.6967
A187UY8VACGA78,610,3,0.6967
AZZNK89PXD006,610,3,0.6967
A05793033A673QTUT56XZ,611,2,0.82
A3LEU5RR9JGK3V,611,2,0.82
A1G07TZCJ7JBS1,612,2,0.82
A3D3UNHLOWALK7,612,2,0.82
A1HXSYBFZM3JGM,613,2,0.82
A132STQ0KVAPWK,613,2,0.82
A2E42K3YPXNGC6,614,2,0.82
AYMU8V0X3NF0Q,614,2,0.82
A2AIS7OMPRT5YT,615,7,0.6224
AUY3DSH6LCR48,615,7,0.6224
A1IZQ3OT6ST6IX,615,7,0.6224
A3V68RO7DD7IJB,615,7,0.6224
A3GSIHEWYIKBAP,615,7,0.6224
A25YXA3X6M5B5A,615,7,0.6224
A1YEXB2RFH45V0,615,7,0.6224
A21GJDTYASXTWA,616,4,0.7067
A2WTPZ00M8LSMY,616,4,0.7067
A2XAKGRUHIE2ZA,616,4,0.7067
A64EG33PLEGLP,616,4,0.7067
AB00KQZ88BSAZ,617,2,0.82
A30OF3ZLZEJVGT,617,2,0.82
A1A2ZIA8FPQLG6,618,4,0.64
AR1N8F3U6L7CW,618,4,0.64
A249MBVP54L905,618,4,0.64
A33Y2M8RJV0P6A,618,4,0.64
A18T59LANW5KTH,619,5,0.71
A23WIZX2TZ220,619,5,0.71
AHWLPGLOAGPAT,619,5,0.71
A7KU590ITPEXK,619,5,0.71
A21V8ZJHZSMUHG,619,5,0.71
A3KKDY0D0B4OJF,620,2,0.82
A25F3NW3Z2LP32,620,2,0.82
A1IM3J63CT82AZ,621,2,0.82
A3VAQB4LRWLZIZ,621,2,0.82
A30C7MD4KY9J9W,622,2,0.82
AH869MKQO31B0,622,2,0.82
A35O65MI01L2CX,623,3,0.6967
A29IVL8DK5ZVDM,623,3,0.6967
A25UKVE38E3RWH,623,3,0.6967
A3AKZ3BL9SVBCU,624,3,0.83
A2194PH8DKGB7I,624,3,0.83
A2QRL06SYKTNGG,624,3,0.83
A1G5REVTFF653A,625,2,0.82
A7T67XA3U5J8B,625,2,0.82
A1ZRDUAVGB22LG,626,2,0.82
A3SFHZ326WL184,626,2,0.82
A15N9GJS15RB1Q,627,2,0.82
A3J40JUCYGXNPN,627,2,0.82
A1WNS6XTKZYR7W,628,3,0.6967
A1B7B6UI99HLV7,628,3,0.6967
AUWS4WEQ3GS53,628,3,0.6967
A39E456RQ65ADY,629,2,0.82
A2MIQNIBIOSZHK,629,2,0.82
A20DQ3OYBPVX5P,630,3,0.6967
A2POZ9KKZ60HGQ,630,3,0.6967
AHPX71LWPYX04,630,3,0.6967
A3L1SUL071K0GV,631,5,0.61
A87R87ANLCQ09,631,5,0.61
A20DZX38KRBIT8,631,5,0.61
A2E2O0JHU7KDOX,631,5,0.61
A1NNJP8PL66BLI,631,5,0.61
A1ZRRM1AIZK4JU,632,2,0.82
A3T0DQ3IMKX25Q,632,2,0.82
A23GRVD0RIJO0K,633,3,0.6967
A3HSFWAJGSSVZS,633,3,0.6967
A3UZ4YPT0SM2SH,633,3,0.6967
A3LFZRWUYXMXSJ,634,2,0.82
ALXXIDQSHMHYE,634,2,0.82
A1451WNQDLL505,635,5,0.61
A17KJPB5F0OXBL,635,5,0.61
AD09AO2MAQFWS,635,5,0.61
AJUVSCLST3HW0,635,5,0.61
A3TL835Z8VT2AD,635,5,0.61
A351KOZWOOEKKU,636,2,0.82
AUKWNDIIYA3RD,636,2,0.82
A33MRAWZ999838,637,5,0.69
A2OXTWJ4FTHF1,637,5,0.69
A3E9O825OSV6R5,637,5,0.69
A22RTM8NQZ8NYP,637,5,0.69
A199YXNUJNG8U9,637,5,0.69
A3M34NPTGTSIWI,638,2,0.82
A3RP75O13ISVP8,638,2,0.82
A28OH8OG9DYIMG,639,2,0.82
ATT0725Z83G7Z,639,2,0.82
AFOI8LFZOXMFX,640,2,0.82
A3RL80EVOZ0LJK,640,2,0.82
A2VSKF5CIOWDBI,641,18,0.6323
A8AF6TUXMA86H,641,18,0.6323
A2WDJ3YB0JG42J,641,18,0.6323
A3MPX1S83LFLM0,641,18,0.6323
A226CJT4BQXIJO,641,18,0.6323
A2D2ITBLLQFELF,641,18,0.6323
A2NBLG314SMFLB,641,18,0.6323
A1SDVYEZASCELK,641,18,0.6323
A28M54WGP5V5QN,641,18,0.6323
A15JC246UXZV5Y,641,18,0.6323
A3Q9IQUZQM3SXZ,641,18,0.6323
A1AZO2ALUTA6QW,641,18,0.6323
A1BAXAFC8XKZQM,641,18,0.6323
A1GUZ9N11ZB0J,641,18,0.6323
A2LYEP086U3D06,641,18,0.6323
A1LZC0L3YA72HU,641,18,0.6323
A3B9R1IJE5YHX6,641,18,0.6323
A168B0VAQ1RXKB,641,18,0.6323
A3PHEC426SCQW9,642,2,0.82
A1WW7KWVSCJ58M,642,2,0.82
A381HM3XAV5SA,643,2,0.82
AG8XXURGEVC3,643,2,0.82
AN190T0W0BTQJ,644,7,0.651
A334VXUGQJWNOQ,644,7,0.651
ADJYPGPJHF1K4,644,7,0.651
A24ICLRUXLAB9X,644,7,0.651
A16BZCZU77GO12,644,7,0.651
A39AN0PCOVX3HG,644,7,0.651
A1W9QAREHO70U4,644,7,0.651
A8Q2MNKU8H9T6,645,2,0.82
A389SDJNGOVAUC,645,2,0.82
A9BKIPTBOUDSV,646,5,0.61
A9DEERYV064PX,646,5,0.61
A48HQD0ND9BZL,646,5,0.61
A3ATORX9LJWRUM,646,5,0.61
A11SXRGPD5IW7D,646,5,0.61
A1Z6IOK06DJM31,647,3,0.6967
A24767AFDRD84O,647,3,0.6967
A2KSIBA9G2Z78G,647,3,0.6967
A1ONG06J0VI1J4,648,2,0.82
A1FRIXKXF8UFKP,648,2,0.82
A1YQK6GZ39Y2JO,649,2,0.82
A2OQTWEJU5WXAW,649,2,0.82
A33GNK4YENACDJ,650,3,0.6967
A174ATN0RIDJCC,650,3,0.6967
A2K1GAKMW4UT7N,650,3,0.6967
A1P4WHZOTII38A,651,2,0.82
A1ZDJWHM0MV1E5,651,2,0.82
A3IBY99O59EW7J,652,4,0.7067
AXK4J0HV5IBT3,652,4,0.7067
A2A4UN76SBQGGP,652,4,0.7067
ADJHDFYZSVAPF,652,4,0.7067
A1LD1DJD67BMHG,653,3,0.6967
A1P0EP5KFOTBIJ,653,3,0.6967
A228O5I7XWT0CJ,653,3,0.6967
AP0WGB4RR3H7U,654,3,0.6967
ARXB74DM82MIS,654,3,0.6967
A1FGLLPHYBISTY,654,3,0.6967
A177VGRGU5B0S3,655,2,0.82
AU1N8A8XWHHTP,655,2,0.82
A27L4GX7VBDQHW,656,4,0.64
A87EKDKFDHH6L,656,4,0.64
AJTZ1CZ8Z3NIN,656,4,0.64
A2ISD8F0VT57C0,656,4,0.64
A3E9857YP2TYEN,657,2,0.82
A3CK4DZJ8PJZ2W,657,2,0.82
A2R3VL86M6P8ZJ,658,2,0.82
A1K2BA1X8Y9RI9,658,2,0.82
A16L40NUWWCL3F,659,3,0.6967
A1IX4WAIQWAZTS,659,3,0.6967
A356PDI67MS3BH,659,3,0.6967
A1W9Z0X6URYQY4,660,2,0.82
AJ94C7KUS8669,660,2,0.82
A2VXGBYDQN5C3F,661,2,0.82
A26IOQ1AITQ1O1,661,2,0.82
AH4L0WGP61WJ4,662,3,0.83
A3IHTB81B9HDQ1,662,3,0.83
A3OK9A083IZA2N,662,3,0.83
A3W34JPK2MMQM1,663,3,0.6967
A2D5UXEDE85E5Y,663,3,0.6967
A3U1PLAF04R3LH,663,3,0.6967
AOI2MD752ZWFU,664,3,0.6967
AYNZLCTCWR8JW,664,3,0.6967
A4BUMGA3NN9GU,664,3,0.6967
A34SVYKCV281IM,665,2,0.82
A13R0XX727WQB8,665,2,0.82
A3N4HVZKE14PY7,666,3,0.83
A6NEEUV9QWV1H,666,3,0.83
A1W9JNJ4OT8QRY,666,3,0.83
A34KC9EY3ZQ5T8,667,2,0.82
A2D6AOPEWR5Q31,667,2,0.82
A2JMCZJ4D49A3R,668,2,0.82
A20C4RCZJTWC9K,668,2,0.82
A23H55I029WWYN,669,3,0.6967
A1WHLP7B7GGF7,669,3,0.6967
A17MS7UUC1SPFF,669,3,0.6967
A3NC3O383HC9MJ,670,2,0.82
A3IVOBRF33TWWI,670,2,0.82
A377L4SG94MXKX,671,4,0.64
A3KJB65OASA5IP,671,4,0.64
A1UI6F76CPCG8Q,671,4,0.64
A30JO83LNHPMI6,671,4,0.64
ADWNP4AT5HTGV,672,3,0.6967
A3J9R9J4R74L0G,672,3,0.6967
A3JFMJUG3W56YR,672,3,0.6967
AOJT7DS8K78U,673,6,0.62
AKYEM423XKR8U,673,6,0.62
A3455ESW3HKWGP,673,6,0.62
A3MB9041DVZDUM,673,6,0.62
A352BSU0MFD7L7,673,6,0.62
A2VKHMLLFGIPU9,673,6,0.62
A13TRW12RTM5GR,674,2,0.82
A3634UN2OZ0CBS,674,2,0.82
A20LUW7276V329,675,3,0.6967
AMO1CR5KN8T4P,675,3,0.6967
A2FI78JWTKM6IB,675,3,0.6967
A2RUTZJRUY9HTL,676,3,0.6967
A1CR4JOKSZZGER,676,3,0.6967
A218P4TURHS5U0,676,3,0.6967
A17RJCN1548VXD,677,4,0.64
A3OROIQVEIQ87A,677,4,0.64
A3OXKNZT3RQU2L,677,4,0.64
AQROTS0HU1RDL,677,4,0.64
A3T79VHPTR9J97,678,2,0.82
A30JLW5XPHUNKA,678,2,0.82
ABSIVDSNICG8N,679,4,0.7067
A210XOF9K5HSHV,679,4,0.7067
A2I7FNNMP8ALI4,679,4,0.7067
A1AJW4ZAS9OJ87,679,4,0.7067
A3AZFMRI10XLJF,680,2,0.82
A14HTFEFWJCGFN,680,2,0.82
A31X0C345WKWQU,681,2,0.82
A13L0WDH5UERTA,681,2,0.82
A2HDXVFWJ7PRBE,682,6,0.62
AOUIWUINZ8I9P,682,6,0.62
A38RCV37IFXFQ8,682,6,0.62
AUS81YHTM2MPY,682,6,0.62
A3A5UFV4RWFIEP,682,6,0.62
A3IJX6L3BALFVM,682,6,0.62
AZ1ATMSL2MZB3,683,2,0.82
A1OMMXGV9U3M1X,683,2,0.82
A1BSA8PNYI1NMP,684,3,0.6967
A2KY5FCLA2QXSR,684,3,0.6967
A14PBX4WJINLCT,684,3,0.6967
A18CTDP62JZO4N,685,5,0.61
AH291OIQ6DYEB,685,5,0.61
A2OT5UW4ADG05A,685,5,0.61
ACPES073674LC,685,5,0.61
A33TF52MM6PLXS,685,5,0.61
A2MM9UCMTGTWCD,686,2,0.82
A3FI46T2P4G34Z,686,2,0.82
A5640GELN9X9X,687,4,0.64
A2IZCQ05CGYINK,687,4,0.64
A2D2YF5XS1G8V3,687,4,0.64
AHR8JQWC1P11F,687,4,0.64
A33WDT56961F78,688,2,0.82
A3780L25J3J74M,688,2,0.82
A1UB2F0D7YJSSC,689,2,0.82
A2BDERU31EP4RP,689,2,0.82
A18PF70EX5JFUD,690,15,0.6033
AQ4G1PWWDDO9U,690,15,0.6033
A1UEQ4RFJBMGYJ,690,15,0.6033
A2Y6IDYSDC9QTY,690,15,0.6033
A11A83SM55W8M7,690,15,0.6033
A304D7C3WL901L,690,15,0.6033
A1OO8S0CRY2M6T,690,15,0.6033
A151IA6N46ZMQA,690,15,0.6033
AE4EIEY8O9GZW,690,15,0.6033
AGYDSR2K2FS2V,690,15,0.6033
A1HBB20MUDRQCZ,690,15,0.6033
A1RS06313BL6WN,690,15,0.6033
A2Z0WHBPBRWB9K,690,15,0.6033
A3W0YPC3VSUXYY,690,15,0.6033
A200OYNQ9WWYB3,690,15,0.6033
A3DPMS9ECQMNMB,691,2,0.82
A2GDMRYIOK1SUN,691,2,0.82
A34K0CI3HJF1FJ,692,2,0.82
A38OHH4FYEPQTN,692,2,0.82
ABYZ4VIV01HXA,693,2,0.82
AU2J5CNYCD4EG,693,2,0.82
A3L5FJJQNE15AX,694,2,0.82
AC8QOXIVQ70XT,694,2,0.82
A2C5LCVTHITXFY,695,2,0.82
ASIQE7YQGQ09Q,695,2,0.82
A2R05UN1V4OBFM,696,2,0.82
A3FSUK6BB76S8U,696,2,0.82
A254GUDH1RHL4X,697,4,0.7067
AN175XHIN3P8C,697,4,0.7067
A22604N1XZ9JRW,697,4,0.7067
A1YTA9T1F2JPIZ,697,4,0.7067
A14VM6RP7G4UP2,698,3,0.6967
A2O740E5T5TVY,698,3,0.6967
AVDEE5B87U9OQ,698,3,0.6967
A1XG40POKC3K19,699,2,0.82
A1TKNNKKLZ01Q4,699,2,0.82
A3EA7KGYC8LB0,700,2,0.82
A5G7TBRTBSLRU,700,2,0.82
A3L7HPEMZWF5YD,701,2,0.82
A3VGERAK44VQMT,701,2,0.82
A9C5ZLYHUWY20,702,2,0.82
A2Y92FJQ35V0QR,702,2,0.82
A29PRMHNYDC06I,703,4,0.64
A18AMM8NYFR5M8,703,4,0.64
A21V7URC2KQSUA,703,4,0.64
A182M922SDMOP3,703,4,0.64
AZXJ9RA2EQK1E,704,3,0.6967
A3ELY19S6SCEYZ,704,3,0.6967
A2F5M9UR2W4JRD,704,3,0.6967
A2AF379F5RHRAE,705,2,0.82
A8CPQ7D8WSK2,705,2,0.82
AWH39PTZU7RJ4,706,6,0.62
AM8470CK9G46V,706,6,0.62
A3VZSX37QLKF68,706,6,0.62
A1TXEGO7534S83,706,6,0.62
A1RTMLYSYMTAQS,706,6,0.62
ACVF82ZXCWP31,706,6,0.62
A2HW8E265889IZ,707,2,0.82
AMNFIJ6V497VU,707,2,0.82
A8RXB974Y20PK,708,2,0.82
A35YCECKSFFPBG,708,2,0.82
A2KFWHHUFVKFXZ,709,2,0.82
A2VCRAVSBYUG6O,709,2,0.82
A2WA1A33IHLZZJ,710,2,0.82
A3BMI7VGJT60Y7,710,2,0.82
AN04V9HBJKQKF,711,2,0.82
A2QFT6WMLJYXCL,711,2,0.82
A3UG1RJQ5HY4IA,712,2,0.82
A3T85CZHNQIA9N,712,2,0.82
A3F52K2N8MMN5Q,713,2,0.82
A2FK4PB4BLODZR,713,2,0.82
A1YTIBFGINPGMR,714,2,0.82
A1GUK6WQQNIKVV,714,2,0.82
A1NJ6MBO6TURL9,715,2,0.82
ADQXVKPS5CFK5,715,2,0.82
A3PYSV48S6GFFE,716,3,0.6967
A3SXR1YCJJTG50,716,3,0.6967
A1NDKHHNYR2CCP,716,3,0.6967
A1LR0D9UCV46WZ,717,2,0.82
A2C1VXIA3PH3RW,717,2,0.82
ATUYQK90VSGKC,718,2,1.0
A350EJZ9ENJOYQ,718,2,1.0
A2YND5M9WCFXID,719,2,0.82
AZCOE68N2HOCZ,719,2,0.82
A1EU6GRSWXAKIE,720,4,0.64
A15HQC9HRAEBQ5,720,4,0.64
AVOJP3PW6I3RR,720,4,0.64
A3AVXHU880YWQY,720,4,0.64
ADOQEB6QHONTY,721,2,0.82
A21UMIQUWK617Z,721,2,0.82
A2RKLGDQPRP9FJ,722,2,0.82
A1U0RDV9Z9GDY1,722,2,0.82
AMMJUXDUA9O09,723,2,0.82
AJPKPYAOPSWK7,723,2,0.82
A29IP3463JHHIW,724,2,0.82
AC5MFKNUBK388,724,2,0.82
A26H8BHJ2KATVG,725,4,0.64
A205HPSGU7P4B3,725,4,0.64
A3P7S3JGBGCGOM,725,4,0.64
A2M20020A9FQBN,725,4,0.64
A2ZHSHIVYKUFQQ,726,3,0.6967
A3EV2R77V65VGM,726,3,0.6967
A2TUL1U56VMPJJ,726,3,0.6967
AGTKEYTCDZXO4,727,3,0.6967
A14227U9GV9WP5,727,3,0.6967
A2DDD3CWRCSI2E,727,3,0.6967
A2YDSDW61A7JCW,728,2,0.82
A10O60PRPVMN1X,728,2,0.82
ATUPETKG5KNZT,729,2,0.82
A37I3SRFD7Z8UH,729,2,0.82
A2M53UG6LKUU4Y,730,2,0.82
A25CMX2TDVFY86,730,2,0.82
AMBD13R31ENKV,731,2,0.82
A3U8NZO54UZRVU,731,2,0.82
ADPSGEUFKXAY6,732,2,0.82
A378Q0RQHTKY8J,732,2,0.82
A25PQWJR2O2WO,733,2,0.82
A1DC7LYFQ8FBUY,733,2,0.82
A29STFQPT0DAXP,734,3,0.6967
AS0NHWAHNU79K,734,3,0.6967
A3O93FNXW1PYOH,734,3,0.6967
A3PEO98ZQVHWOK,735,2,0.82
A3D41ZJ56Y01E8,735,2,0.82
A1J4612EOYDEKQ,736,5,0.61
A2FPRECIF03DMU,736,5,0.61
A3F6O2RD11GNDR,736,5,0.61
A2SH8OUSRC7A7M,736,5,0.61
A1WVUJUW9S90RV,736,5,0.61
ALPNXYJVO25LX,737,2,0.82
A23XVF23C7BHP0,737,2,0.82
A3HRICS5J0RVR2,738,9,0.6233
A17R93Y4NQYM3,738,9,0.6233
AH6OYB8SIKPE9,738,9,0.6233
A1KBJ4D71P53JB,738,9,0.6233
A27IGO4RPYZDZL,738,9,0.6233
A1NL6VWOX2FCMW,738,9,0.6233
A31YYDDZNM6NAG,738,9,0.6233
A3I4KR7P3MGN3P,738,9,0.6233
AX7SZ0O08N48E,738,9,0.6233
A3VQE9WTS0WGUR,739,2,0.82
A3GUYFGEQGW4F,739,2,0.82
A1WQIHZ2KXCQ68,740,2,0.82
A1VLQO2GUIYRJ,740,2,0.82
A3B5EANJ7H3VZ8,741,3,0.6967
A2E8FKPFV98B8T,741,3,0.6967
A2XWNP8DFXIF9W,741,3,0.6967
A1V8T8HC23ISKH,742,8,0.5943
A4Z9FWK2J34BP,742,8,0.5943
A230ZQN0658722,742,8,0.5943
A2XPTIYJO4ZMWT,742,8,0.5943
AFN1L4WPOV13K,742,8,0.5943
A3CO1JK5J5D9IP,742,8,0.5943
AOGMYIIP9ODCW,742,8,0.5943
A1KCV6VC5F1AK1,742,8,0.5943
A1XH6VEWMD2SE0,743,3,0.6967
A133PRBW9TD9G8,743,3,0.6967
A2KFKEME4A9ATW,743,3,0.6967
A12PWO55I1DD9L,744,2,0.82
A16V225AC428S,744,2,0.82
AR9ZOUQV552O3,745,7,0.6605
A2CRZP89XOHVKK,745,7,0.6605
A8OWYUFPJLSOE,745,7,0.6605
A35BY3MLPMNXZT,745,7,0.6605
A10DB8F2M9TTOJ,745,7,0.6605
A1IJQKOKZQVRLT,745,7,0.6605
A1V781OOF33QRH,745,7,0.6605
A3UFXJ1RVC0FYX,746,2,0.82
AB62IZA9087G4,746,2,0.82
ADOGOPFTKOQW9,747,3,0.6967
A1J9U39NS2RDIU,747,3,0.6967
A3NKSK4VFKY521,747,3,0.6967
A3C3TEMF8OMCRC,748,3,0.83
A1KIT7BV1O3RFS,748,3,0.83
A1930DWCIQQKYI,748,3,0.83
A2XS29627974V2,749,2,0.82
A1BREU9NUREV6,749,2,0.82
A3N92N6M0UM0RS,750,2,0.82
A19HX7W7B7COQB,750,2,0.82
A1VUQN40UCUU00,751,3,0.6967
A3E0VAC3EXRCQ1,751,3,0.6967
ABTGKKAJWZQ0H,751,3,0.6967
A3CCU6W5UEUE6W,752,3,0.6967
A1Z9HNT6C8E8WY,752,3,0.6967
A2RPQJIYCDGREC,752,3,0.6967
A35JVCLNW7AXU0,753,3,0.6967
ATQLCHLWG6KKY,753,3,0.6967
AG8AC5PYQ565C,753,3,0.6967
AE2DR6ZLPAD2R,754,5,0.61
A1Y5A22YO89SGP,754,5,0.61
A246WG6Y4XPMKN,754,5,0.61
A104GLKB0BC0X4,754,5,0.61
ABI3JNYR69RUA,754,5,0.61
A3GG8AP181TC01,755,3,0.6967
A1U6CZDWKXRMZ0,755,3,0.6967
A2UN4NLBBF4YRN,755,3,0.6967
AOL0W1DYL8LUT,756,3,0.6967
AZKI33LLUUHXD,756,3,0.6967
A1DG2DDXTBGHNO,756,3,0.6967
A383TMZD2YGSN3,757,2,0.82
A3P9HWSQG4YWP3,757,2,0.82
A14MMUI3BSFKS6,758,2,0.82
A2X9T5SNNDLV21,758,2,0.82
A25ZPST6FXPU3Q,759,4,0.7067
AW0SOAPEY2I7,759,4,0.7067
A3SBL75CSO5PUK,759,4,0.7067
A22GRIJFXVH29G,759,4,0.7067
A1C0Q97FE7M85E,760,3,0.83
A3QLYWNWI8DTKW,760,3,0.83
A20GGTIOZQU7EO,760,3,0.83
A3F5ST8CFY4D6Q,761,2,0.82
AJZIS9MKUF7IB,761,2,0.82
A2DEFQ9ZR8ZVPH,762,2,0.82
A3FCBZSKZ0UNEY,762,2,0.82
AYINNKPX9D60N,763,6,0.5933
A1QVRNIHML839B,763,6,0.5933
A3UA33CYG5JO0O,763,6,0.5933
A3K7FHPI1HHBN0,763,6,0.5933
A2AIQYXKN9V80L,763,6,0.5933
A2LT9OF5O2K08X,763,6,0.5933
A3RBTKH8OI4X6X,764,3,0.6967
A131UZDRV9FQSW,764,3,0.6967
A31M9Z1035S349,764,3,0.6967
A11UFTSISCZX07,765,2,0.82
A3BKO45UKYSNR9,765,2,0.82
A1ATGZJ0H9O9S1,766,2,0.82
A68K0JCWEACRI,766,2,0.82
A18X0BKCUBO1MC,767,2,0.82
A2ORJUL3VJOL62,767,2,0.82
A2FG061KDA1ARB,768,3,0.6967
A1HEXO1SF2YRTT,768,3,0.6967
AGJYODE19RSGR,768,3,0.6967
A1P8IT0URBLB26,769,3,0.6967
A2TEQ1U0O4LYDZ,769,3,0.6967
A2Q7PWP4Z6AESN,769,3,0.6967
A1P8NYDN32LBFH,770,3,0.6967
A1IMJPZL4E2R3L,770,3,0.6967
A1C3O7J42P5O1L,770,3,0.6967
A2L7F1XRZJ6K8G,771,5,0.65
A3E0N8NDZW7TMP,771,5,0.65
A20403BR0K7VM8,771,5,0.65
A1AN8720TXNMLI,771,5,0.65
A11JXS9PB728PD,771,5,0.65
A386LG0LRWKJZP,772,5,0.61
AE0O9GNP52DQ2,772,5,0.61
A3QI3AR05267SG,772,5,0.61
A1RJL1EWUQG92L,772,5,0.61
A31BOB0PPGTKWA,772,5,0.61
A21SM39Z37B0KU,773,4,0.7067
A1OJ4DT82V6EJ9,773,4,0.7067
A1B725VQO5W1NM,773,4,0.7067
AWXO4UAEUGUCL,773,4,0.7067
AK6Q7BEBB8NTY,774,2,0.82
A1LUZV4GV5VGRJ,774,2,0.82
A1LJ1L00Z8DBF3,775,4,0.64
A3RA9ATCEEQFV7,775,4,0.64
A2PFSNZM3YNIXW,775,4,0.64
A9HLVZ6GVAIJC,775,4,0.64
A3GXMPG6R0LER7,776,4,0.7067
A25LQ252PHH7FE,776,4,0.7067
A16MAT54GTKJYS,776,4,0.7067
A7PHXHQRUSG2Q,776,4,0.7067
AAWMXR87RO9PZ,777,2,0.82
A3DEU11RZ375IG,777,2,0.82
AQ9GVQAH3ZU0,778,2,0.82
A1V99BILCEN22V,778,2,0.82
A2JLKMCQC065Q7,779,2,0.82
A1GI0GRGLRXUOL,779,2,0.82
A1G8E0S928UVPG,780,2,0.82
AHHV038KLC9H,780,2,0.82
AUO6OHC2P1UZM,781,3,0.6967
A2V04K1X31OQ6H,781,3,0.6967
A2DQZRZZH1SR5X,781,3,0.6967
A3AGKQWJQEDX0X,782,2,0.82
A17IEN99LC0MSZ,782,2,0.82
A2DH5ZCMQSNZ03,783,5,0.61
A3DGC4BR3V89H1,783,5,0.61
A2GTLSFPXZCYOW,783,5,0.61
A2ZB25DSTJH8YZ,783,5,0.61
A2BR6DAI0Q3GNW,783,5,0.61
A2MOVLZ429BFLZ,784,5,0.61
A20HN2QECYEUF4,784,5,0.61
A2O6H9LGBFY1NR,784,5,0.61
A3706RFWUE17U9,784,5,0.61
A3UBE74RTPXUKA,784,5,0.61
A1WP92RRIS5D8R,785,2,0.82
A2XQ2YMOF1FP0H,785,2,0.82
AYVLSZ278OAXH,786,2,0.82
A3KQ6GTL8T5409,786,2,0.82
A1DMU3KR0UH144,787,2,0.82
A17C2HMQ53BOXX,787,2,0.82
A3G3HPYV1DBRC6,788,2,0.82
A2NTPZZ5FS19Q,788,2,0.82
A3K1ZWRWAPO1HI,789,2,0.82
A19NLU301K2AWX,789,2,0.82
A18VWWTYGGR18Y,790,7,0.6033
AVUZM7BPEDA8A,790,7,0.6033
A2ZCHU5ZNKMCYF,790,7,0.6033
A148G2MH3DV2NU,790,7,0.6033
A3G2UODFWBT8OE,790,7,0.6033
A1ODK01BN1WY2M,790,7,0.6033
APHAITDWEDSCX,790,7,0.6033
A2ZKSY7U1UYAG1,791,2,0.82
AH9IOH347K5A2,791,2,0.82
AJ6TMOHHFJJAJ,792,3,0.6967
A3I4PHXEKVY40L,792,3,0.6967
AO13TNMQBPLZE,792,3,0.6967
A1Z0NIO16UXTH,793,2,0.82
AB91W3ZUSW397,793,2,0.82
A380C5HNF0D153,794,3,0.6967
A3RZN4OD4Q82WV,794,3,0.6967
AADCC339C0S95,794,3,0.6967
A1VBOWZAVL7SPM,795,3,0.6967
A1W91E84CPADTW,795,3,0.6967
A5N5DEJ0ZBU8V,795,3,0.6967
AWIF8AR75LL9L,796,2,0.82
A1FZUQFWI3CKDX,796,2,0.82
A3P9BN02LLPDPH,797,2,0.82
A3S8N7AO37BEIV,797,2,0.82
A25QME7JMLEYGP,798,2,0.82
A3B0CPRWB5GANJ,798,2,0.82
A3O0B45D9VG1E6,799,2,0.82
A9JH3CD9AB4IZ,799,2,0.82
A1W8PBU7EYM7QU,800,2,0.82
A28HQDUE9R846F,800,2,0.82
A2XDJQJY4GCETF,801,2,0.82
A1UHCOUTLNYNES,801,2,0.82
A1KTSGPF1JBHJJ,802,4,0.64
A173E67DTI967D,802,4,0.64
AKPKPMWM6IIU5,802,4,0.64
A3QD8ADZ5ARVO0,802,4,0.64
A2RA207HEJD5LN,803,2,0.82
ALWG57JEKN9DV,803,2,0.82
A3RYUX3AW5RW19,804,2,0.82
A239DIJJXX6MSW,804,2,0.82
A3AV9MJFIES8Z7,805,2,0.82
A2PC1YCLTB3EY9,805,2,0.82
A3GA52KVFMDNLO,806,2,0.82
A3MYZTZN6F0EGO,806,2,0.82
A3HVHFOQGPMV3U,807,2,0.82
A2620BPZ1021O6,807,2,0.82
A24NHM36GTLOTQ,808,3,0.6967
A39BW25SNOBOS5,808,3,0.6967
A59KQVAYG5CXP,808,3,0.6967
AZ0VCB6MAVDPO,809,2,1.0
A1ISJ98ORLQICV,809,2,1.0
A2100A4899IE3K,810,3,0.6967
AV1CICDLNN1O5,810,3,0.6967
A1HYRQZPJ0U6PY,810,3,0.6967
A2DQ1S9H67YO3F,811,4,0.64
A2J95IYMDKZ7DD,811,4,0.64
A2EYO7D7R8SNNC,811,4,0.64
A3QU89RBYRMR67,811,4,0.64
A14HLXYXSDAON9,812,3,0.6967
A35KMUCK6WILYU,812,3,0.6967
A119NOJLISZUGP,812,3,0.6967
A22GY7POX08U8Q,813,2,0.82
A2FENN2XJ14IS0,813,2,0.82
ALRI7LZS1CPA4,814,2,0.82
A3LCPA6TPPX8UR,814,2,0.82
A1MJAOQ69LIPUL,815,3,0.6967
A3LUO1R6EUGM21,815,3,0.6967
ARTAIB14VKZ9L,815,3,0.6967
ADODSAZA0QDOB,816,2,0.82
A2J6P9XUK9ID1A,816,2,0.82
A22MJN318D9ABE,817,2,0.82
A2OT4VDS8QACNB,817,2,0.82
A3F70T6TTMAS2X,818,3,0.6967
A1W34HVNDESRMK,818,3,0.6967
A1TXRF98SLKL2O,818,3,0.6967
A2XFWW56M0ORQ3,819,2,0.82
A2AKH7RKP0RLJO,819,2,0.82
A148SVSWKTJKU6,820,2,0.82
A1NW25LR5QJ08M,820,2,0.82
APLMY6N587W0D,821,6,0.62
A2YHJG6LDK8A4W,821,6,0.62
A3SWCGTOYLM67A,821,6,0.62
A2RRAUTLILRRGD,821,6,0.62
A37LMQLN8B91XA,821,6,0.62
A1O2KQ6ZDTL1BD,821,6,0.62
A172LET5CHK02U,822,2,0.82
A28751V1TC7DBW,822,2,0.82
A2X29Q2OV8D6PZ,823,7,0.5843
AQZR0RKKTPYW8,823,7,0.5843
A1B8X1EUTIT900,823,7,0.5843
A3DTYFXHB3M6KJ,823,7,0.5843
A1G5T652XQM9YA,823,7,0.5843
A1OO39QYVH3AUY,823,7,0.5843
APZCMJNDEZ94V,823,7,0.5843
AENU742EV17J7,824,2,0.82
AKWGHI5ZZKFOP,824,2,0.82
A1E6GAFS9BNRCM,825,2,0.82
A1UM6GZHG8C9YJ,825,2,0.82
A8M6Z1QQ1PNS0,826,10,0.6422
A2QLJ5ID50HHJ6,826,10,0.6422
A159XCYYWP5ZAT,826,10,0.6422
A1YG045L8SBK6T,826,10,0.6422
A2M79WB6IX1XUO,826,10,0.6422
A69LKULD5QF0K,826,10,0.6422
A1J1LFUQUV6H60,826,10,0.6422
A3T0NKG7M9L96K,826,10,0.6422
A187ELDGUJ8X0M,826,10,0.6422
A1I3U97KUPQB7M,826,10,0.6422
A3OGRASETKA292,827,6,0.62
A1MP42BBMV85CT,827,6,0.62
A3S0N3CJPUJ2HC,827,6,0.62
A2I8Y7W4BN5XZA,827,6,0.62
A1TWV6DKAUUVDQ,827,6,0.62
A2910Q67HYWNLA,827,6,0.62
A2RQ6169KG5PIU,828,3,0.6967
A32YP7TLINXUNZ,828,3,0.6967
AJEFRZFGMQQWF,828,3,0.6967
A21TCQNAG821DR,829,2,0.82
A1DXSD8T135YZR,829,2,0.82
A2NF3G1I4WOPVD,830,2,0.82
A1QBCRNXN1CIBV,830,2,0.82
A2X5DRMW0F5DOZ,831,2,0.82
A1AOH69GE3SPS3,831,2,0.82
AIKK1SADHVOZS,832,2,0.82
A1099JALGGQRRC,832,2,0.82
ALHA37HKYVZUA,833,2,0.82
A296W5YVEBXGBM,833,2,0.82
A3MJR0F0NUWJL7,834,5,0.61
A18JZAS20LJ9L3,834,5,0.61
A3VGDP7B40MC0F,834,5,0.61
A3W42RDSFZ8JRJ,834,5,0.61
A243G62GGEVG3G,834,5,0.61
ATQ0GLFRWK3ZU,835,2,0.82
ANIP9H69JNG0,835,2,0.82
A1NTYEK0TIGI5H,836,4,0.64
A2OJCUJL5LBVZU,836,4,0.64
A66HGFENQO4IG,836,4,0.64
A2RG8BGT57HCTW,836,4,0.64
A339YSP3KOGWGX,837,2,0.82
A32200PYEKDNOG,837,2,0.82
A10CSQI215I2DQ,838,2,0.82
A11P8P5YPBW8VU,838,2,0.82
A1KKPLOH00G98J,839,2,0.82
A3IMZIPHBDMANK,839,2,0.82
A10SX0QRXY0C2Y,840,4,0.64
A21J9JTATORX21,840,4,0.64
A3I9NLAKW3L4WI,840,4,0.64
AEQYAG42F9128,840,4,0.64
A1WWX9NI06JKFR,841,3,0.83
A3CDG4XCEKIFEU,841,3,0.83
A35NBCUEJSF9VT,841,3,0.83
A2AZI3NU5HGWRL,842,2,0.82
A2G6M1GDCHZE7U,842,2,0.82
A3HB7EDZF0ZB8J,843,2,0.82
A37BQ9SEZ4OTH3,843,2,0.82
A2JLG97160BGRR,844,2,0.82
A2K9E1JBKATL10,844,2,0.82
ALRA6T40GGNR3,845,2,0.82
A1XPDL66H3FAOK,845,2,0.82
A2CXZZEJ4QMGZC,846,3,0.6967
A2SQRADU3Z281M,846,3,0.6967
AUZBZYDUYWZ3Y,846,3,0.6967
A1KPGL0MN82TRO,847,2,0.82
A1D1M7YZKAHBM5,847,2,0.82
A1FU775NL2QJFQ,848,2,0.82
AZ6VTF1BULHFS,848,2,0.82
A2XWVY6ETBH4C,849,3,0.6967
A2OE2YAOWFT38R,849,3,0.6967
A27XHDVC8GYCTF,849,3,0.6967
AR1L6HRY0EZP9,850,10,0.5889
A2DC7Q6SRNW08T,850,10,0.5889
A3EFHXEF9SC7DG,850,10,0.5889
A2BBZEFTMJ61N9,850,10,0.5889
ANL1RN4IRTMOT,850,10,0.5889
A1KZO5ICY0X4BF,850,10,0.5889
AETWNVLTEOTSP,850,10,0.5889
A1GR5BWCME810G,850,10,0.5889
A3EANUH7WV1AGU,850,10,0.5889
A23A1N8AWJ9SXR,850,10,0.5889
A1SXO130ZKS2BZ,851,5,0.65
A3UZWI4MSU8QKB,851,5,0.65
A1BVOLBVEQ5TTT,851,5,0.65
A3RMVM067JNZKJ,851,5,0.65
A259R0S038LQJX,851,5,0.65
A26I412M2YH1K8,852,2,0.82
A2CUK6HYUTZRPJ,852,2,0.82
A19GL7DKIMQHTB,853,2,0.82
A1IOI2DALXMGOS,853,2,0.82
A1U916KM2D58UI,854,2,0.82
AXXBFLBH3DAXR,854,2,0.82
AVDTTR1GQ7XWK,855,2,0.82
A4BY23UXAZUWI,855,2,0.82
A2V1IH9V1PBO0G,856,2,0.82
A2JJM86SG94V5C,856,2,0.82
A1OEFHZ4SBN3MQ,857,3,0.6967
ANUJ17BGW9UU8,857,3,0.6967
AK27L2P414KKD,857,3,0.6967
AEICY0E9YMZDP,858,2,0.82
A33B1HIZLPZ9J9,858,2,0.82
A1QREIKSLENQFK,859,3,0.6967
A3B2FTFN1H62FO,859,3,0.6967
A3FN4G5Y8GRZ5S,859,3,0.6967
A3JZ92BV0YZ6PB,860,3,0.83
A8UK6I1TYJ1HX,860,3,0.83
A2H4GMZRHB999Y,860,3,0.83
A1OFZ0WFM50Y95,861,3,0.6967
A3QQCEQ33O0GJU,861,3,0.6967
A2MDVIEKHGPJTU,861,3,0.6967
A2EKMDG516WSH0,862,2,0.82
A1J56YECNSOPHK,862,2,0.82
A39WI8U2N35SWW,863,2,0.82
A26ZI91AQT8P0Q,863,2,0.82
A25I7DXJJNPOO0,864,2,0.82
A1LRTOHHRBMLGS,864,2,0.82
A74ZXSK0GOMXS,865,7,0.5843
A3LOC24GCZBZ0N,865,7,0.5843
ABBMO87FVDXZ9,865,7,0.5843
A39EEQOPVGMM4V,865,7,0.5843
A1N3CH42SZWEP,865,7,0.5843
AVQYECKS321SX,865,7,0.5843
A2HQYQIFMB16T6,865,7,0.5843
A9ZW1V5RKVGQB,866,2,0.82
A1E9R06OUKT7Q4,866,2,0.82
AWCLUJUDN53HH,867,3,0.6967
A15J7NDEFKDO57,867,3,0.6967
A2OKU9Y9NVNKUZ,867,3,0.6967
A3PPBVJ2QZBOHI,868,3,0.6967
A2LFDMTR42ARM4,868,3,0.6967
A3AS9N080BXO58,868,3,0.6967
AZNQDDC78PRFL,869,3,0.83
A2UBYEOEW6HKOR,869,3,0.83
A3R59J6WB6INQB,869,3,0.83
A2LR99VQFO6UNX,870,2,0.82
A2VW1WFXXEUBT0,870,2,0.82
A3U09E4BQ2EDES,871,2,0.82
A19950XRZ3CEC7,871,2,0.82
A17L0DNOEFGS59,872,2,0.82
A23T2SFSELQT92,872,2,0.82
A1NHNED4X7LXRE,873,2,0.82
A3KQM3KEDFITWI,873,2,0.82
AZRM7PCZIOX3Z,874,3,0.6967
A2NJ0YI21O0OBP,874,3,0.6967
A2GYD55IIQIWFB,874,3,0.6967
A2T28XGN21AZ0A,875,3,0.6967
A29TSPI4U7YV9M,875,3,0.6967
A2J4KGU14JIH04,875,3,0.6967
A1AS9UM2UGNUTO,876,2,0.82
A2ADK5HZNUEDG2,876,2,0.82
A1YFOHRK3MYDMI,877,2,0.82
A2D2QXESLDNHG9,877,2,0.82
A2VFHRIG06OV6Z,878,7,0.6224
AW5PUMROKC1DG,878,7,0.6224
AVLWZUZ594UT4,878,7,0.6224
A30R6CO2E87H0R,878,7,0.6224
ASNW8MGNC91D2,878,7,0.6224
AMPG1OHMOPGJM,878,7,0.6224
AUPVZSUN0MRET,878,7,0.6224
A2UQLK3IYEV94X,879,2,0.82
AF8NC7SYC33JB,879,2,0.82
AJ8SF1EJW9NT1,880,2,0.82
A2B5USYMX4YTUM,880,2,0.82
A3HPP56WYGDVPC,881,3,0.6967
A32YTSA6EGLDMQ,881,3,0.6967
A1798NDDG99BM8,881,3,0.6967
A2XP34OHJTF1EI,882,2,0.82
A1WH9ZNXXP3NHK,882,2,0.82
AJ74FSZTDUYWP,883,3,0.6967
A677SAWN907Q4,883,3,0.6967
A1P84NT34DDHG0,883,3,0.6967
AYWFZANI32XYB,884,6,0.5933
A2VS2ZGJDHVAVV,884,6,0.5933
A2N67CK7G2TE5Q,884,6,0.5933
A1FY88IR8I2EI8,884,6,0.5933
A9LIWCGS2SM0K,884,6,0.5933
AWT7D55N90S0Z,884,6,0.5933
A19CHPJYCCIJ8B,885,2,0.82
A39FALMRTZ0K5J,885,2,0.82
AISINXK2MAD7U,886,2,0.82
AW0HG2V3L47EX,886,2,0.82
A2B2CR2H9FDCOX,887,16,0.6267
A2GZELKIQTTXGZ,887,16,0.6267
A2WXL2NC39ROBS,887,16,0.6267
A3K6TFP9YB5HCS,887,16,0.6267
A3J9O3GEES45SK,887,16,0.6267
A3T5Z5PRLDMCLZ,887,16,0.6267
A2ZM7O40B01QJ6,887,16,0.6267
ANQD84MKG8GAH,887,16,0.6267
A1P3FOPEX2YIGS,887,16,0.6267
ACEW2AUO3AEA4,887,16,0.6267
A25AXL9N6ZLAOE,887,16,0.6267
APQU90CFJS0AE,887,16,0.6267
A3PNK1JFOIC3YH,887,16,0.6267
A201E4ROP902FY,887,16,0.6267
A1F70KXI4UC60P,887,16,0.6267
A1050XS5BK823I,887,16,0.6267
A35FRM2753VB49,888,2,0.82
A1XW3ZOVW15W8H,888,2,0.82
A1EAQ69H0Z5I4N,889,2,0.82
A3UOK4B9B2PCG9,889,2,0.82
A18DRCI6HX5I3E,890,3,0.6967
AIJ9WDUMGAJ15,890,3,0.6967
A2UPY4D7T8EW6L,890,3,0.6967
A2MMPAHJUJAVWV,891,4,0.64
AXHA3VR1LWSS4,891,4,0.64
A3MWU3LIRG6GHO,891,4,0.64
A1MSBF69K5EFYK,891,4,0.64
A2R5FNKBK3C8ZP,892,3,0.6967
A122VI7ZG9IANO,892,3,0.6967
AF6XN610YKQLH,892,3,0.6967
AXQ0USZ9HZLXP,893,2,0.82
A8EBXKFTIY13M,893,2,0.82
A2BEX80MCLW425,894,3,0.6967
A3HBK3JS4VU4II,894,3,0.6967
A1EQN91S6T820I,894,3,0.6967
A1WM4Y1N9ZW1NN,895,3,0.6967
A3LIF253SVDRMW,895,3,0.6967
A3J427EII1BJ3C,895,3,0.6967
AJK4MYXU5MC73,896,2,0.82
A2YTKXHY0R0SUU,896,2,0.82
A5TS1Z9S7PD5Z,897,2,0.82
A16SAFL1YSO4HJ,897,2,0.82
A27QYR0V6HBV7,898,2,0.82
A296NC5H5Z3BGO,898,2,0.82
A1Z9YKBQZIZH7K,899,3,0.6967
A5E89BNDLFGBY,899,3,0.6967
A3VBDVGH06EPMA,899,3,0.6967
A3QCCHF4TVH97P,900,2,0.82
A1LKDIGVJ204U3,900,2,0.82
AAU8JJV2A38CO,901,2,0.82
AAKHRCDJ9W5GT,901,2,0.82
A20DGGEMF7WTMP,902,2,1.0
A3CYMG7BXOYCDF,902,2,1.0
A2G1W97LWVFM6U,903,7,0.7748
A17XSLVRA2XKG6,903,7,0.7748
A3DQ3F153IOW5V,903,7,0.7748
AAA9Y0JPSDY94,903,7,0.7748
A368IHRX64LWAC,903,7,0.7748
A2QV9NHU89KVC9,903,7,0.7748
AXWNWZUJ5M85Q,903,7,0.7748
A3STQ45XNMV62B,904,2,0.82
A1NG1XB8MQKM19,904,2,0.82
AKVY41VH6TO7X,905,3,0.6967
AQ1DGIWEF4S5A,905,3,0.6967
A2B2GQQHC6FLII,905,3,0.6967
A17MCKXQWD7GHM,906,2,0.82
A2EODHQXCCWMDH,906,2,0.82
A266VX0V3P2P9E,907,2,0.82
A2YHLSCFPDQZBV,907,2,0.82
A30L1N5XL04S7Y,908,6,0.5933
AD1MRUOBFE8FG,908,6,0.5933
A1M20B9HD0BB9N,908,6,0.5933
A2YUB71HT3NHBK,908,6,0.5933
A13FPF2T69TQJH,908,6,0.5933
A3VQPNUVOH1OKI,908,6,0.5933
A3ROH61D71HSPT,909,4,0.64
A20MMDND0MC1GJ,909,4,0.64
A2ABOZF4NB9PIQ,909,4,0.64
A26GTNZ6AJRYSY,909,4,0.64
AXM3AY167XPKR,910,5,0.61
A7KIHIAHP48XJ,910,5,0.61
A3PQSL9TBTCG6C,910,5,0.61
A3QO5UPOCBMAR5,910,5,0.61
A3THMVCBWN0X01,910,5,0.61
A1VMPC92L1AQBU,911,2,0.82
A2FBBDB3RZ8SBX,911,2,0.82
A2JEVJKXA6AY05,912,2,0.82
A33U6WJI6K4501,912,2,0.82
A1VD0IGPNKP6X5,913,2,0.82
A1Z5KTAE39TYEB,913,2,0.82
A1YHXN2J075DQ2,914,2,0.82
A2VDC0NVWWWG0T,914,2,0.82
AK2RNPCHB83EW,915,5,0.61
A21EQGTJXHAVT5,915,5,0.61
A1DQ0GZ85M0Y4K,915,5,0.61
A1FS4YWW1MC9U1,915,5,0.61
A1KKVXXFPUR0FA,915,5,0.61
ADN0RCVJEJUWI,916,2,0.82
A3NME3SH3VHQE8,916,2,0.82
A7BXOCVBJ530O,917,2,0.82
A1XTVN0TGNHW92,917,2,0.82
A30AH4DU1TR8Y4,918,3,0.6967
A9J5SLYXUCWO1,918,3,0.6967
A1U6I3ZFAB3YT8,918,3,0.6967
A1STP00W7NWUHN,919,4,0.64
A441JEIQ80ILP,919,4,0.64
A2AVGSWVV7FDRQ,919,4,0.64
A2NJG2VNE0CHV1,919,4,0.64
A2WZ7GEZN18W23,920,2,0.82
AR5XJEZR0LWWW,920,2,0.82
A214YAWZBN0MR8,921,2,0.82
A107CTGSINY3GJ,921,2,0.82
A1SVR3SMOQGBGF,922,2,0.82
A175MRV9G6VH1B,922,2,0.82
A29NO61G1WH74V,923,2,0.82
A1NZR4UN6DJQIO,923,2,0.82
AIU9H93YC7Z1C,924,2,0.82
A1537UDR8AHNRB,924,2,0.82
A2J7LX31PMGQMV,925,7,0.6414
A2ZDJTAXWCQRU5,925,7,0.6414
A2CBOTHF2PZW9M,925,7,0.6414
A23JUO5YUF714C,925,7,0.6414
AL3TILX5ZWU73,925,7,0.6414
A2W7V9ZZE91UZV,925,7,0.6414
A7BO124885Z32,925,7,0.6414
AVCR0OO79Z0H4,926,2,0.82
AK71WC8VXY47I,926,2,0.82
A5PE58QC7H2M3,927,2,0.82
A2NNJA7OXW5WOA,927,2,0.82
A1A8JQLSNLZ4RO,928,2,0.82
AAYKPY50SCXHW,928,2,0.82
A37FEUF5TAIJYB,929,3,0.6967
A1JFYO0GNX6LWB,929,3,0.6967
A1O56462L8ESCK,929,3,0.6967
AB24LMHHPLUEG,930,2,0.82
A152KDPYT6YX32,930,2,0.82
AJNMA4PQZE3YE,931,2,0.82
A6RW94Z9A6VVJ,931,2,0.82
A2EVPSE98E0XF7,932,2,0.82
A1SYGYTU75TW5K,932,2,0.82
A1KXDJ7WU8JBWV,933,2,0.82
ALT4TFZTMNY0J,933,2,0.82
A31U9SQBR2ACLM,934,2,0.82
A1P10GPRFPBHK3,934,2,0.82
AGGYFNOAD9SBJ,935,2,0.82
A3INIL5S7HNKB5,935,2,0.82
A1O0BF5XZNF315,936,3,0.83
A6MKAZKUCUWYH,936,3,0.83
A14BOQH9MGNDAD,936,3,0.83
A1Q4JJBFCFZURG,937,2,0.82
A21MDR14ZX3OXG,937,2,0.82
A3KPBZH4CQZMTW,938,2,0.82
A19GXNAYV5B9HW,938,2,0.82
A2V9PLC4OWPW1E,939,2,0.82
A3V10TJNFQM3ZG,939,2,0.82
AGPZ9FW0WD0PF,940,3,0.83
A300MWWJMG56B3,940,3,0.83
A3HPBB9V036H6K,940,3,0.83
A3SQANJATF1BU3,941,2,0.82
A22JT58TNJDOKG,941,2,0.82
AI3JPX1S4RNQF,942,2,0.82
A2OS7U9JJD0GYH,942,2,0.82
A3DBBUH2WA1VI5,943,4,0.64
A1YGCFWP2NNGEA,943,4,0.64
A2I5ZXDA6E9QJX,943,4,0.64
A2H7BUVWEUF8G,943,4,0.64
AC8E3L5ZM01P,944,2,0.82
ADFPSCR19NA33,944,2,0.82
A3VSHLS9K329RP,945,2,0.82
A3LD1I935CDUYR,945,2,0.82
AVZVZ4D6423I6,946,6,0.5933
AY2QGTN421KDQ,946,6,0.5933
A1GA9QFZPV3COS,946,6,0.5933
A1XGPBEWCF6X8J,946,6,0.5933
A191NP0360BC6C,946,6,0.5933
A1N8LKR6RKRN2P,946,6,0.5933
A2ML3X6FOB1WGA,947,5,0.69
A1B16PGS65QK2O,947,5,0.69
A2ASCP67NRAUJ5,947,5,0.69
A2T1IDVDROXB0N,947,5,0.69
A3I4FNN00CJ3QS,947,5,0.69
A348WQNXBUQ45S,948,2,0.82
A18KD8UPOCS5J8,948,2,0.82
A2XRMG58UOPU8R,949,5,0.65
A2537ELG7YXBSQ,949,5,0.65
A36IKBCY8HZ3CC,949,5,0.65
A2PGVDMTQ9DC3R,949,5,0.65
A3PRIEMQJDJWY0,949,5,0.65
AXLEZROKSR2M2,950,2,0.82
A2865TPYN8CC1,950,2,0.82
A13G3DQVH8LYNW,951,3,0.6967
A17SY05NPN8IF2,951,3,0.6967
A1FIE8T2Y67RZN,951,3,0.6967
A2BHK8AH22A6FP,952,6,0.5933
A3PAE40PWT7NYD,952,6,0.5933
A2IS2CYVKQD3DO,952,6,0.5933
A2FYIB8I55KZEL,952,6,0.5933
A3GQM9ZLFA1LHU,952,6,0.5933
A1YAHI7V5Y5GW6,952,6,0.5933
AYD4CJO7KYQ2X,953,2,0.82
A3CF34XU4Z82JL,953,2,0.82
A29HUC2XR37KDD,954,3,0.6967
A3GMS4BCKQORV0,954,3,0.6967
A30SRC26KR8HZU,954,3,0.6967
A2SL86G42FLRZ1,955,2,0.82
A3FU8T75Q5YGC7,955,2,0.82
A24S4PQTXO18B5,956,3,0.6967
A9RV7IGIQTUL2,956,3,0.6967
A3HZGKQN0UF1CH,956,3,0.6967
A13Z8N2KPJQIHS,957,3,0.6967
AW85O560ZJZ34,957,3,0.6967
A2QXYPVUF82HB2,957,3,0.6967
A1X7H9934WEAD6,958,2,0.82
A1NR2HOZ7C812E,958,2,0.82
A3VE9ONTVM7UTV,959,2,0.82
A28AFRCC9Y88HT,959,2,0.82
AH9TPX4TW5JIO,960,3,0.83
A1YR583U3GDB03,960,3,0.83
AJBHBY6FHBP5N,960,3,0.83
A3EDNLQ8I9P3LL,961,2,0.82
A1ZVJNYBKTBK7,961,2,0.82
A3EQUD17SM7VD4,962,2,0.82
A3E9L45NX4BXZA,962,2,0.82
ANGB2NDP866XC,963,2,0.82
A2SUSMSKDK6JL0,963,2,0.82
A1ERIV3Q7T0GG4,964,3,0.6967
A3AP5CW2ZKWHP,964,3,0.6967
A3VNWAPB2XTKFM,964,3,0.6967
A3AZH0OO0GUAI3,965,2,0.82
AWQLJND6OSF9C,965,2,0.82
A222NUWSUUNT2L,966,2,0.82
A1RW9VOIVJKOGZ,966,2,0.82
A2Y5NI5AOZMK6D,967,2,0.82
A3D18C1P125F10,967,2,0.82
A3SLVTZGDINW4C,968,2,0.82
A96TVYCTIM44J,968,2,0.82
AM285URLQRKEX,969,2,0.82
A30NMZPFOSQ5SZ,969,2,0.82
A3AYRPF58SU3UX,970,2,0.82
A2MRYP1IT5B65L,970,2,0.82
A1OWOUEAHA4QPP,971,2,0.82
A15I8382ZMJYVI,971,2,0.82
A2VTVISFZQWOWY,972,2,0.82
A3GJZIH58UCNYX,972,2,0.82
A2FJCZPI1TWDRH,973,6,0.62
A277HO2778M2HZ,973,6,0.62
AAD9YI26PB7R5,973,6,0.62
A70K5OJVE8MF9,973,6,0.62
AZV6K0PIL8X0F,973,6,0.62
A354PU9OQZ77OR,973,6,0.62
A126OTEVY1QMGS,974,3,0.6967
A1EX7JJWYANUTV,974,3,0.6967
A380Z4R0KX24VV,974,3,0.6967
AOT46P5S8YLKQ,975,3,0.6967
A1W3769X5ONI4M,975,3,0.6967
A32RMQZM5OE6C1,975,3,0.6967
A1NLO10WVV3LVQ,976,3,0.6967
A3REX4XML9APRX,976,3,0.6967
A1663X1FKJE1SM,976,3,0.6967
A3684CSCCDP8G9,977,3,0.6967
ADUD85JE0U4GF,977,3,0.6967
A2RZP40SE7AQQ5,977,3,0.6967
A2WQW48F4J8VNF,978,3,0.6967
A326BMSKB0P4BK,978,3,0.6967
A2BHITA5YYWFM6,978,3,0.6967
A2I27DOGY79FAF,979,3,0.6967
A2847W64D8EX7J,979,3,0.6967
A1J2MN7PZW3AF6,979,3,0.6967
ABS1TJ1OKRKPZ,980,2,0.82
AAMB5EMKAFBEN,980,2,0.82
A1FML2Z3CAXJBC,981,2,0.82
A24NHJBK8YM7YB,981,2,0.82
A2U80IPZXN5V1U,982,3,0.6967
A1C316Z6AAP9LU,982,3,0.6967
AS8N3ZL70X16M,982,3,0.6967
A17F0TGZJ4KIGJ,983,5,0.61
A1RNND2QKFLKK4,983,5,0.61
A3H8QYB549URIT,983,5,0.61
A2YWN109M4NK3J,983,5,0.61
A2YW6XOID7GV6G,983,5,0.61
A2RQ7VLAK1SHPU,984,5,0.61
A15SGFFV68SQ98,984,5,0.61
AXNUBN4760VKA,984,5,0.61
A2AV13FWX8OCQT,984,5,0.61
A18ZUAFAVH99DR,984,5,0.61
A2JQBUKWSKBF7Q,985,2,0.82
A2N5AP6TS4U08W,985,2,0.82
A1AGSWYLP41VA6,986,2,0.82
A2S7RFZVUCWOVR,986,2,0.82
A2MNBG6R6ZXT6M,987,2,0.82
ABPP6J9PWJ25O,987,2,0.82
A106TZO4J5G1WQ,988,2,0.82
A14JUNRPE04MBE,988,2,0.82
A33ECPWPO5YMBK,989,2,0.82
A3V68SE6TOGK32,989,2,0.82
A3I88QYGHGTWKO,990,5,0.61
A20DRRKAN5Z9Q,990,5,0.61
A2MROOW2RK9JMU,990,5,0.61
ARP8236ONTNS8,990,5,0.61
A1R4CU381V02EK,990,5,0.61
A109R5PSA254JS,991,2,0.82
A1UMHGGVFZD0TN,991,2,0.82
A1VKO1VVYLY50K,992,3,0.6967
A2MJBJTGX1RWAO,992,3,0.6967
A16KC5M09W1TZP,992,3,0.6967
ANSZ8P095QVA7,993,4,0.64
A3LMQ7IRNGQSCJ,993,4,0.64
A32ASCXHNJ2WXB,993,4,0.64
AZ2RU0AHEWR3A,993,4,0.64
A3ISVYONRK0TPQ,994,2,0.82
ACJX7DQOO5P5M,994,2,0.82
A2T1IDDWHRUYN8,995,2,0.82
A1HRXD1GQ3H17V,995,2,0.82
A3UGZMQD328Z6B,996,3,0.6967
A2CZDT27T36DBB,996,3,0.6967
A1B10WMNK4YMDV,996,3,0.6967
A14SQ4R697K29U,997,4,0.7067
A3CS0GM5T5FFFM,997,4,0.7067
A2097WPTXSIAP0,997,4,0.7067
A2W9VGCIJQG0NI,997,4,0.7067
A25P5KZUUTD8JZ,998,2,0.82
A3PYON8WF41MMC,998,2,0.82
A1F99P3USBVJ5D,999,2,0.82
A3SNELGI09147J,999,2,0.82
A25SYNB9LSKSII,1000,3,0.6967
ADKDLVC83NZN5,1000,3,0.6967
A1ZKHVV6SXPRLE,1000,3,0.6967
A368MBFD8SMIBM,1001,2,0.82
A1I0LJOSP1XLUG,1001,2,0.82
A1LWOUFLMBW8CA,1002,4,0.7067
ADJOGYVD3C66D,1002,4,0.7067
A1NJ2GWURL2ONB,1002,4,0.7067
A3GKMK6KQH3Y1H,1002,4,0.7067
A2Z79NJW2QXSG5,1003,7,0.5843
A2JYFIK0ORM4ST,1003,7,0.5843
A34JAFEJIQBDVP,1003,7,0.5843
AER2EZOUZSKYB,1003,7,0.5843
A3L4UZ6RU66UUL,1003,7,0.5843
A3SVYYD8E3MERB,1003,7,0.5843
A172128JFW8FLY,1003,7,0.5843
A21OPP9JZPS4P0,1004,2,0.82
A2KLD87AJ577DF,1004,2,0.82
A1J9PSWUAP03ZG,1005,3,0.83
A1UMQSNGIUMF7C,1005,3,0.83
A3B9LN5M6DGTJR,1005,3,0.83
AZSNQ9FYC5SQO,1006,2,0.82
A2AAU7T113QDMZ,1006,2,0.82
A1PYFY92I3QXPG,1007,3,0.83
A1FQNC3QUMS234,1007,3,0.83
A2I13KQT343NTL,1007,3,0.83
A3FMH2DGZHTIT0,1008,2,0.82
A2P9B2TJQU4DI9,1008,2,0.82
AOCZATW9T853M,1009,2,0.82
A218TVF089OT4K,1009,2,0.82
A3AEHM4ABSUDEV,1010,4,0.7067
A372UKGN0YXF6L,1010,4,0.7067
A2LLLG3BYD0CWF,1010,4,0.7067
A2Q5WRB9HYVBJK,1010,4,0.7067
AZ44SXOVO0YOO,1011,2,0.82
A2R7MUQE5N13OC,1011,2,0.82
A1RVA6CTXUZJHT,1012,4,0.64
A1V7SXUI8TBAHC,1012,4,0.64
A3TVG6RNC19DS5,1012,4,0.64
A1W2N9W5711UT2,1012,4,0.64
A3G8HND34EXMBG,1013,2,0.82
A3V6KKG9N1EHCL,1013,2,0.82
A2IYLY74JONDUY,1014,4,0.64
A2P5ZRK30ST2SX,1014,4,0.64
A18R0KXH8HVBEK,1014,4,0.64
A3VYM3NY7W4MX4,1014,4,0.64
AMGMR24HZQV1P,1015,3,0.6967
A4SXWAK9P6G63,1015,3,0.6967
A764CVJBUAJLT,1015,3,0.6967
A3D15FB4VZ9AG6,1016,2,0.82
A1BLWLLY8UW1EF,1016,2,0.82
A1TT4CY55WLHAR,1017,2,0.82
A3GE8NHFZ5R05X,1017,2,0.82
A249MNE4DBSAZN,1018,2,0.82
AFJ6ZVBQG4LRK,1018,2,0.82
A2V3K5ZQ0Q3A8R,1019,2,0.82
A37MBUKTG3ZQ7I,1019,2,0.82
A2QAHE0SRBOG1Q,1020,3,0.6967
A3IVW9455F3NBT,1020,3,0.6967
A2R4GEWPLORVSO,1020,3,0.6967
A9GWBCKURNXZS,1021,2,0.82
A21EJ67AQGX8TR,1021,2,0.82
A3HKOWAT6BP059,1022,2,0.82
A3FINRNI579RA5,1022,2,0.82
A3TP5QO1Y4J93J,1023,2,0.82
A2NUURIW9P5YJB,1023,2,0.82
A3CF34MCS2SJB7,1024,2,0.82
A24E5DR9VQTKBA,1024,2,0.82
A1ZWE7GLX5ZJ4C,1025,5,0.61
A1GW8O1FYNNYQN,1025,5,0.61
ALJ4NMTVSVPOQ,1025,5,0.61
A2VSQ54H9KC2OR,1025,5,0.61
A2PGD4RIZLW45O,1025,5,0.61
A3AFNU8W7WNBDK,1026,3,0.6967
A3A52F9SSJ5JAK,1026,3,0.6967
A1L862YXFOMT9T,1026,3,0.6967
AQWUH8RS2SYT7,1027,2,0.82
A1NNT44F43MHXJ,1027,2,0.82
A7TM1HVD8EVS1,1028,2,0.82
AOABTPH9XCSOL,1028,2,0.82
A298ZTGCB89MLE,1029,2,0.82
AOQGVVXK6BYI1,1029,2,0.82
ALGDLRUI1ZPCS,1030,3,0.6967
A1IBNRDX2GTV39,1030,3,0.6967
A379EZKX7CZPKH,1030,3,0.6967
ARNPHPJFGZB6B,1031,2,0.82
A34DPO7FIMXN5J,1031,2,0.82
A2T5W3OS7HLK4N,1032,2,0.82
A2F6R85B0XX1CW,1032,2,0.82
A3ICEC2KAKMBML,1033,4,0.64
A2MWNS4UBQFD0P,1033,4,0.64
A1YTTXELVUWC5F,1033,4,0.64
A1G694XVMEG5ID,1033,4,0.64
A34VZ1PLPX3Q3D,1034,2,0.82
A2W4VUPFGYA385,1034,2,0.82
A2I1OR6G8NZQU8,1035,2,0.82
A2SQ4D1YGGAQ5T,1035,2,0.82
A3LM3M4CX4RBZD,1036,3,0.6967
A12Q4A8T7C2N1J,1036,3,0.6967
A130CQASSZLPTG,1036,3,0.6967
AVZNMHB53QO48,1037,4,0.64
A3DA2AUU9G79BF,1037,4,0.64
A6KOZNBOASGHK,1037,4,0.64
A1HSFD9QKWA7LQ,1037,4,0.64
A11V6ZJ2FVQY1D,1038,2,0.82
A13SV3DZKFOES9,1038,2,0.82
A2754QG0NENPVX,1039,2,0.82
A2TZSM0GNHU9CN,1039,2,0.82
AUPGKKW5DQAF3,1040,2,0.82
A1W35U95LIJ5LY,1040,2,0.82
A2WYGVGWA1NQ72,1041,2,0.82
A1USWC8QEJK6EW,1041,2,0.82
ALIZ13E04IN5D,1042,2,0.82
A3FXVCKXFXZW8O,1042,2,0.82
A2BVO9EUDNV3JD,1043,2,0.82
A2S6318E1GAX5D,1043,2,0.82
A3DKBDSNB5BFIX,1044,2,0.82
ALGUXW3P7JEL9,1044,2,0.82
A3I42CDG116KKQ,1045,2,0.82
A2DQPXDKVJXBOZ,1045,2,0.82
A2POZTSCS6PAM9,1046,2,0.82
A26FT6DS3OOS63,1046,2,0.82
A2L3QPAWY2V3CX,1047,2,0.82
A4X357Z0AJY8A,1047,2,0.82
A1MRJKQ7ETNFMU,1048,2,0.82
A1ZVVBDN70Z8UR,1048,2,0.82
A3BM5LHI33OKUW,1049,2,0.82
A1IUBV75JXS8R3,1049,2,0.82
A1DX95DF8G8BSU,1050,4,0.64
AETG43ARLZDZD,1050,4,0.64
AX1UDPWT3BQPH,1050,4,0.64
A39RHYTGB63B3L,1050,4,0.64
A2TCJYFNUFU5R6,1051,2,0.82
A2W0RBHXLMJC93,1051,2,0.82
A277P59FPQSCBI,1052,2,0.82
A18S2H6K385GS4,1052,2,0.82
A2PGIPHMEK6BUP,1053,2,0.82
A1BQA4IFYBUW15,1053,2,0.82
A3INXYG0TAJQ61,1054,8,0.6371
A2IQ6DRQ2I1ZVI,1054,8,0.6371
A1MW1J0OBO341R,1054,8,0.6371
A6XW5OOZPNEG4,1054,8,0.6371
A2Y4LA2GGM133X,1054,8,0.6371
AH4B2J6Q0X5F7,1054,8,0.6371
A2RTFYFK624YVB,1054,8,0.6371
ADOVS5KA4XGBO,1054,8,0.6371
A3T5V76AQJ85IJ,1055,3,0.6967
A2DSSWX5APCF2L,1055,3,0.6967
A21D2FLIOX208O,1055,3,0.6967
A3BWZTDVP7Q8KN,1056,2,0.82
A1PL5OZYPCEOH0,1056,2,0.82
AX0LBOG3SJMOX,1057,2,0.82
A18G4OGWT2BLJV,1057,2,0.82
AGZM4K17J4CRU,1058,4,0.64
A2LL4SL2PY673I,1058,4,0.64
A2XBCBPAJT6W40,1058,4,0.64
AOYW301DRHH3S,1058,4,0.64
A3AB41A1G2XWDK,1059,3,0.6967
A1O5U7CJ5V4AFA,1059,3,0.6967
ADGGGIV1I1OIW,1059,3,0.6967
AJLXGXB2DLECG,1060,3,0.6967
A1G8SAL8LLUCGZ,1060,3,0.6967
A6TD81IZFH5FH,1060,3,0.6967
ADMUMWBE64BMZ,1061,3,0.6967
A3HVRW8WS7TCV5,1061,3,0.6967
A23JC34G2WF7C1,1061,3,0.6967
ASGMNKBLYEIM5,1062,2,0.82
AL73NEC9YOLQB,1062,2,0.82
A3B1DDPAP945HC,1063,2,0.82
A3O1EFKA6UXFHR,1063,2,0.82
A19Q4KWHKVMSWW,1064,3,0.6967
A121QRWXZIO6UP,1064,3,0.6967
AQRGWCXL7H0R4,1064,3,0.6967
AW5LOSVDH8872,1065,2,0.82
A2AOAEIOSPNZ7E,1065,2,0.82
AMGGZCWY3VNZC,1066,2,0.82
A32E7OZA09LXN,1066,2,0.82
AGLQ6ZKYYT4R4,1067,4,0.64
A36S71AGIJS7EO,1067,4,0.64
AEG7G69MYOTZC,1067,4,0.64
A3HP4VTP6952XA,1067,4,0.64
A2L7MYSQH20POZ,1068,2,0.82
A1VGS4V8X9O87M,1068,2,0.82
AIASR7GJGDVJ5,1069,7,0.5843
A13O00BU4K4RG2,1069,7,0.5843
A39KAB22WT4VLW,1069,7,0.5843
A88Z3SGOJ4YRJ,1069,7,0.5843
A1CUDPPGBDI1S7,1069,7,0.5843
A26Z828SO7B60U,1069,7,0.5843
AHLDQ5UNL75KC,1069,7,0.5843
AP7QXN18TC2S9,1070,5,0.69
A3B0HUYVGFCV46,1070,5,0.69
A1PYSYYHHXATL7,1070,5,0.69
A399U44GZOGRC8,1070,5,0.69
A6S9AKRSORG2G,1070,5,0.69
AGDRYPBKTYBGA,1071,3,0.6967
A32XANGZU24VUZ,1071,3,0.6967
A3AMMGLNBBMLM,1071,3,0.6967
ADA6AMI54Y4X0,1072,2,0.82
A3F879SKNN47RG,1072,2,0.82
A1WO2HOAXT5J8H,1073,3,0.83
AI9NFEZEWVO7Z,1073,3,0.83
A39JX161Y31771,1073,3,0.83
A2DOLYDQW5IADY,1074,3,0.6967
A3UL6IOH9F4HU4,1074,3,0.6967
A32LGCASLKVU1H,1074,3,0.6967
A3FV27DQQ84523,1075,2,0.82
A2VY6PIZHB12QK,1075,2,0.82
A1DAG820HF3EPE,1076,2,0.82
A2QB2ISYKMLRU2,1076,2,0.82
AC1INZK10Y3WB,1077,8,0.6371
A2NMQPDUAYCPWA,1077,8,0.6371
A1P6BHV3N0KW10,1077,8,0.6371
AMK5ZFNWXTSDE,1077,8,0.6371
A1G8KGDXJHNK37,1077,8,0.6371
A1PSDTPK6E0MM6,1077,8,0.6371
A16MILIILH2L0J,1077,8,0.6371
A108XCVOYNW3QV,1077,8,0.6371
A1HEKOCWYD99L,1078,3,0.6967
A1CUNCH9J0NC70,1078,3,0.6967
A1RFWUCNE7NTWU,1078,3,0.6967
A1TOOM881GSYXV,1079,3,0.83
A7MN22NBKJTBX,1079,3,0.83
A7S2UATR39U5V,1079,3,0.83
A2KW5FACSTZ2MG,1080,3,0.83
A3PHFAG8VPL6S2,1080,3,0.83
AT7VYL4EDM1HP,1080,3,0.83
A39OM050G38BRN,1081,2,0.82
ADUYUQHXRD6F1,1081,2,0.82
A1T3IFYJ59UFOQ,1082,4,0.7067
A21U3KFXDPGP5M,1082,4,0.7067
AK3JBBGGT2ZD7,1082,4,0.7067
A3K1JZPUXSADRJ,1082,4,0.7067
A1NT1O1M6RNMLY,1083,2,0.82
AVLJSYG4P63PH,1083,2,0.82
A1ZPL96FD91N86,1084,2,0.82
A3CFPNU36KFSRL,1084,2,0.82
A3QJ2H1R16YPIG,1085,2,0.82
A22M607BG76I5R,1085,2,0.82
A36HII9NMV7MM8,1086,4,0.7067
AX6VJBN34MXFP,1086,4,0.7067
AXRMYCBFI66O0,1086,4,0.7067
A30AD1EAHR7YRM,1086,4,0.7067
A2AP1E5TILZLUA,1087,2,0.82
A17TLYHRMU7RZL,1087,2,0.82
A2CY0QCZOY787L,1088,2,0.82
AGQ832NX4979M,1088,2,0.82
AQ6UE5MKP9QQB,1089,2,0.82
A2D37S73MP28G7,1089,2,0.82
A7657U6RAV1BX,1090,5,0.65
A39357QLRB3A9R,1090,5,0.65
A3O4B7VGPSAH76,1090,5,0.65
A8ZIS2SS22TQ4,1090,5,0.65
A31EWOMMBH9IEO,1090,5,0.65
A13DTH893NN3ZM,1091,2,0.82
A3R6L0P2Q15KS8,1091,2,0.82
AGM7ATQ8V6B9S,1092,9,0.6652
A2830PBMQPTSUG,1092,9,0.6652
AQXZLDVB746QS,1092,9,0.6652
A11JDT8ZOQ2AUF,1092,9,0.6652
A12DHI42CBTWFS,1092,9,0.6652
AYXYB6KVF0C6K,1092,9,0.6652
A368Q44U8LKWNH,1092,9,0.6652
AHRXKIIL7DFD5,1092,9,0.6652
A1DD4JP2EG8LC5,1092,9,0.6652
A32GMLDYTT4U9H,1093,2,0.82
ACS1SMITQ63F4,1093,2,0.82
AF4X6HPAJ7KA8,1094,2,0.82
A2ZJAJPVFH9PE4,1094,2,0.82
AY4WBASLMW65,1095,2,0.82
A2TUB2KO6KKA0P,1095,2,0.82
A1HYUHXH93V3N8,1096,2,0.82
A34PFAD2MRS5WA,1096,2,0.82
ASZ9IGGB0BPNK,1097,3,0.6967
A1K5LM90O74PRR,1097,3,0.6967
A3NCN2C3HI5SNE,1097,3,0.6967
A30M43UCEU5JU4,1098,3,0.6967
A3VS2CT8YN64L2,1098,3,0.6967
A2AUIYDQ5DOX6H,1098,3,0.6967
A17FLA8HQOFVIG,1099,3,0.6967
A2LZBXPNZ2AIQX,1099,3,0.6967
A1YJB25Q2T9029,1099,3,0.6967
A167IZ4SSYEGEB,1100,2,0.82
A134OXKUUA2N57,1100,2,0.82
A4TXDGMX5CYJQ,1101,2,0.82
A3FWUJXSIIKHIX,1101,2,0.82
A36SIZMB2LMX7W,1102,2,0.82
A2H5HEOD8WF59N,1102,2,0.82
A39YTKNMZRMBP8,1103,2,0.82
A6TFJPYZ1F4FD,1103,2,0.82
A353TBI3BIHYAX,1104,8,0.6443
A9ZUKCYDWPPUB,1104,8,0.6443
A3SE4XL71KC56G,1104,8,0.6443
A1O7AKVUH4482D,1104,8,0.6443
A2R9ON3MXJTXAE,1104,8,0.6443
A22OVYYRUDM9E9,1104,8,0.6443
A2ECLEVAXGZQT7,1104,8,0.6443
A32TX0ZUK2VK3U,1104,8,0.6443
A3D4JW4757IYTH,1105,2,0.82
A342HSASQVD6FS,1105,2,0.82
A3BYQ2DXMPHKNP,1106,2,0.82
A366LSUBRHCS0L,1106,2,0.82
AC63VUXD7H1U0,1107,2,0.82
AGS3TT2IXQ9C7,1107,2,0.82
A30WN3YKW6PWAO,1108,2,0.82
A3VQ77Z5SI8ES7,1108,2,0.82
A1T3ABYJNZZN7C,1109,4,0.64
AOOQCNY6ZXFPT,1109,4,0.64
A161NHWBIPVC40,1109,4,0.64
A2KNAMFPU486JK,1109,4,0.64
AIKTAE6HIX853,1110,2,0.82
A2M3N0K43IZC6O,1110,2,0.82
A1YA1UUTBM7KE2,1111,3,0.6967
A3G9XFGG1EZRNY,1111,3,0.6967
ARNFN34LW54GR,1111,3,0.6967
A3CVM0YIUB2FAN,1112,2,0.82
A1UR4090J4T2HW,1112,2,0.82
A3466AHPAVYL1A,1113,2,0.82
A2J6Y2XJ8VDN1,1113,2,0.82
A2F7ZZ2OBVMCIK,1114,2,0.82
APGE05SC50SPL,1114,2,0.82
A1676VG7B8R9U3,1115,3,0.6967
A3T6JD6OZETMCH,1115,3,0.6967
A3ASZ2P01CWR75,1115,3,0.6967
A1K635LBS8Z29C,1116,3,0.6967
AHB6RAJ33HYOU,1116,3,0.6967
A37REYJN833CNN,1116,3,0.6967
A3P2WE9PKTWM2R,1117,2,0.82
A2UE7IZWQWC1JA,1117,2,0.82
ASL57WBGMX1AL,1118,6,0.5933
A3F5FJ5T8B6U55,1118,6,0.5933
A1W1DCV7PFDGY0,1118,6,0.5933
A3SIZZF8M4P891,1118,6,0.5933
A2O8HD3YQZOV1X,1118,6,0.5933
AI93LF8UZEBNX,1118,6,0.5933
A16ER04N6C56AI,1119,2,0.82
A22XCBX4N3GRIO,1119,2,0.82
A25HYPL2XKQPZB,1120,2,0.82
A24FX30B20WLMV,1120,2,0.82
A1UIQYC3CBTI4N,1121,6,0.5933
A28DRWU5ZCXQID,1121,6,0.5933
A1Y10M7WY5UIJC,1121,6,0.5933
AB0XHMMI00PYP,1121,6,0.5933
A1HF7HD4IO7ZJI,1121,6,0.5933
A2P569CM75RRH0,1121,6,0.5933
AW8ESDU0C82O0,1122,2,0.82
A14MURR1WAXFA,1122,2,0.82
AW7OOW21LVQO3,1123,2,0.82
AATXK33K48V2C,1123,2,0.82
A8P38A0JS5IJE,1124,2,0.82
A1IDSB082NKKJN,1124,2,0.82
A3V9VA2LVVXM0,1125,2,0.82
A241HDIOHZJRBR,1125,2,0.82
AT55OGD3DQCVF,1126,2,0.82
A3A18ELO01FE5R,1126,2,0.82
A39B1M31T3QRPW,1127,3,0.6967
A2ZTUIWXR6FED1,1127,3,0.6967
A275WF69VGD0C4,1127,3,0.6967
A2K8P3PA7N6392,1128,2,0.82
A6PGY3XAJSYH2,1128,2,0.82
A15IEJ5PYMYY6V,1129,2,0.82
A51TSKKQAA3ET,1129,2,0.82
A41R0AZODNX91,1130,2,0.82
AXK09IYBE9HLG,1130,2,0.82
A2YICFDQ540B0,1131,2,0.82
A313CT4P8KT0IA,1131,2,0.82
A2VX0QFQR113VH,1132,2,0.82
A29SAOEAAI4PAW,1132,2,0.82
A2DGK3VPJXWT22,1133,2,0.82
A13NRL82GSVEA2,1133,2,0.82
A36Z1NGOHWHPB7,1134,2,0.82
A3DDPLYMNIVED0,1134,2,0.82
ATX5L0IA9CGA6,1135,2,0.82
A390IK2RPBHURJ,1135,2,0.82
AXZXPKSCETSO2,1136,2,0.82
A2PPTN3DTD8QNW,1136,2,0.82
A2G44NES0MQOAC,1137,3,0.6967
A2BYAF78D4IUBH,1137,3,0.6967
ABBENK1LTDEUF,1137,3,0.6967
A2DL5INDOGLY2O,1138,2,0.82
AVZ7X35GFSBYA,1138,2,0.82
AX5O7AJMA503I,1139,2,0.82
A1XEO78ZVBZP1H,1139,2,0.82
A1QS0AS9FQLZHV,1140,2,0.82
A1VFQRMTZ1MER7,1140,2,0.82
A1E75OE7SN6QEJ,1141,3,0.6967
A3SEZY62JRWVAC,1141,3,0.6967
A1R77V4Q207OHD,1141,3,0.6967
A3QGL7LZXPDQE3,1142,2,0.82
A1906A0LU2NT43,1142,2,0.82
A1EQB03HQYCMB,1143,2,0.82
AQVFU0II67MGC,1143,2,0.82
A20Z0K5NG6W8Z7,1144,3,0.6967
AEQO1ZGKVIOSB,1144,3,0.6967
A19OOBH96A90ZV,1144,3,0.6967
A3KL5GL7LH6541,1145,2,0.82
AJL3U764D7NI3,1145,2,0.82
AHQIFXFV3A8LZ,1146,5,0.61
A1EJHE40YZX00M,1146,5,0.61
A202FGORFP923O,1146,5,0.61
AIRRBOGXMMN7M,1146,5,0.61
A3JOCFD1SLS5ZK,1146,5,0.61
A1R7EED1HTJDRK,1147,2,0.82
A1CFIF0K09G85S,1147,2,0.82
A1W0CV2DW86A1E,1148,2,0.82
A34PNK1ZUUBJ8G,1148,2,0.82
A3R64H4RC4CH5V,1149,5,0.61
A3AMRBCBFAAAN4,1149,5,0.61
AHXRHFIH8TXI5,1149,5,0.61
A2LHNJTI1DG93O,1149,5,0.61
AAO8TNZNKDFGB,1149,5,0.61
A2XPTPB0OPNSFA,1150,2,0.82
AGI2TGGQEEY9X,1150,2,0.82
AJC7WTO025631,1151,3,0.6967
A3F5E8N7LHB0N1,1151,3,0.6967
A2RZESQH3U5LJQ,1151,3,0.6967
AKVE4HEHX75UZ,1152,3,0.6967
A2HRYDT4A0W45X,1152,3,0.6967
A218TTRZQ2K5AH,1152,3,0.6967
AQFIN342CUSRL,1153,5,0.61
A189KTQMG3B8AF,1153,5,0.61
A2W6N8135DJ4Q6,1153,5,0.61
A1MJ1BGKHTKP9Z,1153,5,0.61
A1F32ODPF9635G,1153,5,0.61
A1MJ0D09AJVAG5,1154,2,0.82
A3ADGCLUOJ2LCG,1154,2,0.82
A3UOVTZ0NKCQDL,1155,3,0.83
A2DFSJZC9TSHPV,1155,3,0.83
A28NFIFQR9J008,1155,3,0.83
A36B7TZNERS5IW,1156,2,0.82
A2FDW0X0TAEYYF,1156,2,0.82
A33MT4QRRMZ8SJ,1157,2,0.82
A385OZ6LAF2CJG,1157,2,0.82
A27MX4Y22QZW1N,1158,2,0.82
A2O1EW7WHQD3ZH,1158,2,0.82
A33K44M069VSGB,1159,2,0.82
A30KNLUAYQ73F2,1159,2,0.82
A11RJ2HYQK47Z4,1160,2,0.82
A313ERD5CL2RRQ,1160,2,0.82
A3GX7EVYDJZTWJ,1161,2,0.82
AHIJR9QVBQFFV,1161,2,0.82
A399EKS22NOME3,1162,5,0.65
A3HNMKMU0YJAN7,1162,5,0.65
A1H0AHFL294B11,1162,5,0.65
ATY57E9TGD90N,1162,5,0.65
AD2871D0DKXS0,1162,5,0.65
A21HP6M30Q5PAA,1163,2,0.82
A283DE6XDWPE30,1163,2,0.82
A3AX4T4PETTDCA,1164,2,0.82
A168U7KECHODCJ,1164,2,0.82
A3N5NHI0RVXICR,1165,3,0.6967
A2MH6X10UANSQ3,1165,3,0.6967
A3TP5DV40NMPI4,1165,3,0.6967
A3SJFCGN99S7O2,1166,2,0.82
A19NJZYYSYJXV8,1166,2,0.82
AZI6N13G9KPJ5,1167,2,0.82
A35NAFXV5GHZ92,1167,2,0.82
A2YEU6L6OCPEC2,1168,2,0.82
A2NRZOEIT6X2DX,1168,2,0.82
A1E9VR36A4EWBF,1169,2,0.82
A6AOKU1LXS59S,1169,2,0.82
A1HA3D28JTP92Z,1170,2,0.82
A3TWBW1B17R151,1170,2,0.82
A1GBML3S1GH765,1171,2,0.82
A2PM1K1MNB0328,1171,2,0.82
A3GCQ30FRM9MKQ,1172,6,0.5933
AWRNNDFD6B89V,1172,6,0.5933
A2RGJK0EG8XDDQ,1172,6,0.5933
ARQZQ0TZCYRMH,1172,6,0.5933
A2YZVO7HB60BO3,1172,6,0.5933
A22XHWAE9HLVRL,1172,6,0.5933
A23IWUTPSQP23M,1173,4,0.64
A20VCQ541G4FS3,1173,4,0.64
A2MDPP00NTNE5L,1173,4,0.64
AMUM002MXEXV4,1173,4,0.64
A1K1OT9VARZRG3,1174,2,0.82
ANL24YSB8KB4Z,1174,2,0.82
A1WHIKDWDU582Y,1175,2,0.82
A30VSH8GRQOGH9,1175,2,0.82
A2NNEDEXSKFDY,1176,5,0.61
ALHNJGPDV4EC0,1176,5,0.61
A30NKV5H3TPHIT,1176,5,0.61
A26Y46IJHWT6H5,1176,5,0.61
A1OP217NOXQFTC,1176,5,0.61
A1DXS4XEIW98ZR,1177,2,0.82
A27DNSEA1L04L2,1177,2,0.82
A24U91T6L530UN,1178,2,0.82
A29407ZZXMJFIB,1178,2,0.82
A2SJERUM2UAHUC,1179,2,0.82
A3FM766C6A13Z,1179,2,0.82
A1KYWCVC2KW5YZ,1180,3,0.6967
A1UKP70O8QHXRX,1180,3,0.6967
A37BOA4UAFAUFW,1180,3,0.6967
A1Y2D2EDIHXHN6,1181,2,0.82
A2CUZZ2TBBSJ7H,1181,2,0.82
ABMGPIWCYYG70,1182,2,0.82
A3K7YTUYLN7QMC,1182,2,0.82
A3ETUBMI2F5I1G,1183,3,0.6967
A2N56YII67PSHS,1183,3,0.6967
AI409ODT5ZPS,1183,3,0.6967
A1XIPPCV1ZERHL,1184,2,0.82
A19UN7G3Y8FVCX,1184,2,0.82
A1MMH1TTLIV9EX,1185,2,0.82
A3K4A8EDZM22OU,1185,2,0.82
A33VGI0MKANP2D,1186,3,0.6967
A3E0XBS2HKQRVN,1186,3,0.6967
A19RE9BO3CCLOE,1186,3,0.6967
A2W0K48M6KR71F,1187,2,0.82
A2GLJN7RFWOZX9,1187,2,0.82
A179KXIPWL14XW,1188,2,0.82
A3X59FM57CGNG,1188,2,0.82
AF4YRU0KFXLIE,1189,3,0.6967
AUG0C084W05KI,1189,3,0.6967
A1R8UXORUTIU8T,1189,3,0.6967
A3HN318DL1X2G3,1190,2,0.82
AMDPB7ABG8HWE,1190,2,0.82
A3VKOWGFI7FU3Q,1191,3,0.6967
A26YB4USHIDWZX,1191,3,0.6967
AYER70HYIHG61,1191,3,0.6967
A1J6SUXLMJMLLR,1192,4,0.64
ATQ2BHHMZ0XMQ,1192,4,0.64
A1KGCH50H9NB68,1192,4,0.64
AST8ASRMJ9DXN,1192,4,0.64
ASN6R2PY63EN1,1193,2,0.82
A2FWXZ1JATXRH7,1193,2,0.82
AO2BSY9E345DZ,1194,2,0.82
A3UIG77O78JTUV,1194,2,0.82
A3L0OZ1CG1ZTNO,1195,2,0.82
A2O8QF1THCP46H,1195,2,0.82
ABELFZY1RYG0R,1196,2,0.82
A35QXDXTPP4IRD,1196,2,0.82
AY7QLRH2EB0TX,1197,3,0.6967
A194GR8CAMVSYD,1197,3,0.6967
A1076PTK36UDX2,1197,3,0.6967
A299TTMYL1PDVZ,1198,2,0.82
A3CAR6QTQMMR2B,1198,2,0.82
A1E5QHOGKTYULX,1199,2,0.82
A10HF2N5KPK43M,1199,2,0.82
A2HOZIW0BRGHE1,1200,2,0.82
A2Y741UP4ZD9FL,1200,2,0.82
A1MFXZAOO8ZCJI,1201,2,0.82
A2LZX3NDB6RFF2,1201,2,0.82
A1DMZJ6L2DCPYG,1202,2,0.82
A21NF1EJVA1PP0,1202,2,0.82
A1O7YO1806XYAU,1203,4,0.84
A1V89BCRJHM889,1203,4,0.84
A2C1KT41VPR4JP,1203,4,0.84
AZOSIAZRRQLRS,1203,4,0.84
A2AINLLX0560S1,1204,2,0.82
A5GZNZM1TGETA,1204,2,0.82
ACPJEDEYRH1JL,1205,2,0.82
A3O4L958N9G8VK,1205,2,0.82
A10YUGAL1IKYYD,1206,2,0.82
ABURBAEJ21T52,1206,2,0.82
ACPNPETJGE9FW,1207,2,0.82
A6GNN25N3M7E9,1207,2,0.82
A1K5XKQO2PYEWC,1208,3,0.83
A2IU0T2Y6L2EMY,1208,3,0.83
A14WR90IP2ZITO,1208,3,0.83
A35QR07ZW63T65,1209,2,0.82
A1YOOK4ZHTJXJQ,1209,2,0.82
A60A31DFFUMAW,1210,6,0.5933
A1E3FA0XFLWN1R,1210,6,0.5933
A2ZOL3X7TU4NHS,1210,6,0.5933
AR442TLFL83IR,1210,6,0.5933
A3U34R8EGKA461,1210,6,0.5933
A1QU2RHE9D31HN,1210,6,0.5933
A1MNOWQ6Y92O1Y,1211,3,0.83
A16A6P4SV7P2AF,1211,3,0.83
A63MK7CF9BCN0,1211,3,0.83
A32RBCVLN1U4V4,1212,2,0.82
A17W3Q783YMMQP,1212,2,0.82
A2478KBZSJLV50,1213,2,0.82
A2451D3YB44IJ3,1213,2,0.82
A34TVUVJU9JY0X,1214,3,0.6967
A1N2273WXYDE9L,1214,3,0.6967
A3Q387RL6ON95F,1214,3,0.6967
A4YH7UXJVXPMO,1215,4,0.64
A2T59UVX1561HG,1215,4,0.64
A2Z4VIJN83YDOG,1215,4,0.64
A1UZC7X6CG7585,1215,4,0.64
A3QO2M6G9ZMVT9,1216,2,0.82
A1M2JRFHN09P8,1216,2,0.82
A3DE2OSSVJ45SN,1217,2,0.82
A3LJINXW8JL7WD,1217,2,0.82
A20LM081RZZKSO,1218,2,0.82
A3FDBMNWA9QI4I,1218,2,0.82
A1H59OCYPG9G4T,1219,2,0.82
A2HBYI24ZNIC8L,1219,2,0.82
A2T98FTJRCN4QP,1220,2,0.82
A9SBTVG7ZBRAR,1220,2,0.82
A3VNN7KL0JN9HI,1221,2,0.82
ALLO5TSNKH2HB,1221,2,0.82
A1YIACL103YAP7,1222,2,0.82
AU4UCKS3CJ8VB,1222,2,0.82
A54NEOWDRAFW1,1223,7,0.6414
A5NPZGROYFVIX,1223,7,0.6414
ANF6TEV6NFYRN,1223,7,0.6414
ACMTBJKXMYCW7,1223,7,0.6414
A2R9C3RTFN2H2Z,1223,7,0.6414
A1MQESL5LGOKZW,1223,7,0.6414
A3PCIV1KQC0C7H,1223,7,0.6414
A3DRKL6OHTSI8O,1224,2,0.82
A32UJOTFMGTIX9,1224,2,0.82
A3L34D6WMMDI91,1225,4,0.64
A1MQNAW2FNC1H8,1225,4,0.64
A1M998OOVBL4PG,1225,4,0.64
A2TBRJ1H3JDFNM,1225,4,0.64
A10XW9CASORTU6,1226,3,0.83
A1HKW2TELCHGLL,1226,3,0.83
A3QF87EWX0K9MR,1226,3,0.83
A33WCFR4H649H8,1227,3,0.6967
A3AFXRIGFC5JZJ,1227,3,0.6967
A3VS6IOPI47EC4,1227,3,0.6967
A1GAR3RKNPGMWQ,1228,4,0.7067
A2L8NERGVGD7NV,1228,4,0.7067
A1PMO5IFFRHA7R,1228,4,0.7067
A2TXIYMIN78I1V,1228,4,0.7067
A2TQ5275ZB2ASS,1229,2,0.82
A2KMUF699ESJHO,1229,2,0.82
A1EDLNV5FVM7LP,1230,2,0.82
A2ZSUHT88VU7BT,1230,2,0.82
A1V7LKIXVMZTHJ,1231,2,0.82
AL5155YRTFTF1,1231,2,0.82
A3VV72QH3SHRN3,1232,2,0.82
A225MDDORM2AO2,1232,2,0.82
APCCZ9RNT0FZM,1233,2,0.82
A33RAEZ92S50WB,1233,2,0.82
A3T5W6DUDBM8WA,1234,2,0.82
A1UM2Y9A9TCJXU,1234,2,0.82
A4DX9KMMZ9WLS,1235,2,0.82
AJ5WCSJ8C8Z5W,1235,2,0.82
A222ILFZAM6A51,1236,2,0.82
A195GMC8TGVQWL,1236,2,0.82
AZPEHG4OH4VET,1237,2,0.82
A29EAOP4EI5DAQ,1237,2,0.82
A1JW519IJUO6YN,1238,3,0.6967
A3AXAR8XTR5MXE,1238,3,0.6967
A3N7Z7NU7WSWCX,1238,3,0.6967
A1OAAZKPIPCVXG,1239,4,0.64
A3FY06FJT8I8DN,1239,4,0.64
A1IKN188FI6ZVE,1239,4,0.64
A104MU5UT8V2RB,1239,4,0.64
A1QZ2Q2QM95DPZ,1240,2,0.82
A2QX6GV3L8A3Q2,1240,2,0.82
AMFPJEN89FYY1,1241,2,0.82
AF3HHL61IMR25,1241,2,0.82
A16K31S8LKPNIU,1242,2,0.82
A3FWLRL772578H,1242,2,0.82
A22FMXMDSLPDCP,1243,2,0.82
A3LPA9QC00M146,1243,2,0.82
A1LQ4V9JGG3GA5,1244,2,0.82
A3Q31LGZSP33KH,1244,2,0.82
A3PZD2IVEPMQ8J,1245,2,0.82
A1GSUST2D6VMKA,1245,2,0.82
A2FHM6DSCFOABL,1246,2,0.82
A1V6AZC63OC90V,1246,2,0.82
A20OGUIEHZ15X9,1247,2,0.82
AXWIXCC9UIFWG,1247,2,0.82
A3H5A4OAWZ4YF,1248,3,0.83
A1KCG5U4HAB66U,1248,3,0.83
A3RR1VQAGMKZZX,1248,3,0.83
A31UYC5VYQ3UB5,1249,2,0.82
A6NZMIOJXTBW6,1249,2,0.82
A2K30WJ3P31AZ2,1250,2,0.82
A3TRWR80K580WS,1250,2,0.82
A3L0Y9G1R9BETG,1251,2,0.82
A3HU75ZKLB9GFP,1251,2,0.82
A2UGRZBOCL0JB0,1252,2,0.82
A21ZZWTBPMHQJ9,1252,2,0.82
APF0XNUTXT0PZ,1253,2,0.82
A3JAJG8H9U6FNR,1253,2,0.82
A2UP9RWR8DQFCK,1254,2,0.82
A1E7LH2HYOHX1A,1254,2,0.82
A2XTJ3W96MYEBB,1255,3,0.83
A2F4XBBGUXM19V,1255,3,0.83
A3F2AUIISSQ5PH,1255,3,0.83
ABI1V8YHNUK87,1256,5,0.69
A2JSU3DOC6BMXS,1256,5,0.69
A37NC7ASD6ZRKZ,1256,5,0.69
A298M3XMKHWBQK,1256,5,0.69
A2KKIP978LAZ7B,1256,5,0.69
AFL8DI2C1ZPU8,1257,2,0.82
A1C0BY762KS8WF,1257,2,0.82
A2IV8OG0ZKO11B,1258,2,0.82
A2DPU5N59IFLJ4,1258,2,0.82
A20UTMVH2IIY8Z,1259,2,0.82
A2TKMA52AMCB31,1259,2,0.82
A3QYFYTMKII7TV,1260,2,0.82
A27YBM2L374GWR,1260,2,0.82
A193VA3R7KJ0SK,1261,2,0.82
A1F9DPG93JOP9J,1261,2,0.82
A1YKTHU920Q96,1262,2,0.82
AEY6RDKCNLKGG,1262,2,0.82
A2YGPF0A4T8DY,1263,2,0.82
A1DSNUZI54EPCM,1263,2,0.82
A175YX8SLVMJUH,1264,2,0.82
A3H9YT0P97I34O,1264,2,0.82
AKDDMEE4NAX15,1265,2,0.82
A12PH00HFV7N7Y,1265,2,0.82
A2K5333S3ZF9AO,1266,2,0.82
A11LIFTP3X8SVP,1266,2,0.82
A3IEAYDS24L2IK,1267,5,0.65
A1IAAFQT3D8CMO,1267,5,0.65
AEDDSCHVX31DO,1267,5,0.65
ARDE4URY8Y21O,1267,5,0.65
A2K4QZUYQXKBOM,1267,5,0.65
A2WBZTSHU61UOZ,1268,2,0.82
A3G35MZTC46DA1,1268,2,0.82
A2JYLPZI8HZ8I5,1269,2,0.82
A3E8ZFKCZ9EN2Q,1269,2,0.82
A3P2INZJEROUIS,1270,2,0.82
A2QYAUN6LSI2X6,1270,2,0.82
A1PDY5CI5LSZZ1,1271,2,0.82
A3FT1K0M5OY1SQ,1271,2,0.82
ABNSZMW305TON,1272,2,0.82
A1KEJ9TWQ8OCHC,1272,2,0.82
A2XN4ENQSOS7DQ,1273,3,0.6967
A22EDA93ZS1933,1273,3,0.6967
A1DNYOI7T3DNQE,1273,3,0.6967
A2K6DCL30HGP99,1274,2,0.82
A23NC65S4DFCHS,1274,2,0.82
A97HGX3UGK1U5,1275,2,0.82
A590KWYVGQTFN,1275,2,0.82
A27EUG4HYNIW2F,1276,4,0.64
A3FLNCYFL7465Q,1276,4,0.64
AII03ONHNQXCY,1276,4,0.64
A1H72M5SPL424H,1276,4,0.64
A3VIXAZNPR8QS1,1277,2,0.82
A3B8EK6491CYYY,1277,2,0.82
A3TFBHVF12XYFL,1278,2,0.82
A2CGORRQGDEL37,1278,2,0.82
A2PBSJ9TA733YQ,1279,3,0.6967
A15AJIAQXLPBQ2,1279,3,0.6967
A1ZZCKDDDQA8SD,1279,3,0.6967
A1D7XSAS1P9LIT,1280,2,0.82
AC4Z1ESFAVGNH,1280,2,0.82
A62H8RHR7DNPM,1281,3,0.6967
A3H0DQ1FJF1VAK,1281,3,0.6967
A2ESLC1U16C00S,1281,3,0.6967
A6H419V7I87CF,1282,2,0.82
A2WYV9THCT8RCX,1282,2,0.82
A1HBBG015E63G6,1283,4,0.64
A262A6K2R0DB0E,1283,4,0.64
ABW3BG0PV5KDQ,1283,4,0.64
A1U5NDJL3HBISW,1283,4,0.64
A3CFJ3ZH3FJMG4,1284,4,0.7067
A2VSUA9IJWTDJZ,1284,4,0.7067
A1XJ2YFSVPRAHM,1284,4,0.7067
A227IMN9BB71BO,1284,4,0.7067
AJI77XXUZ28QK,1285,2,0.82
AL0MLF4AINGY3,1285,2,0.82
A31FZ4PMHCZRG0,1286,3,0.6967
ACD6VY56XTA64,1286,3,0.6967
A2SOKOONUQ850N,1286,3,0.6967
A2HY19ROSIW9OL,1287,4,0.64
A1GOQV60FC9YFO,1287,4,0.64
A18OM5314O9EEF,1287,4,0.64
A1PFIWSHINP0RJ,1287,4,0.64
AS5YAE2PCK7A7,1288,2,0.82
A1Y0L54PTPI4WU,1288,2,0.82
A346NWHW7LJAND,1289,2,0.82
AW5B1V9DXC92Y,1289,2,0.82
A7KVMEIDJP0JK,1290,2,0.82
A9MF6OT936TOB,1290,2,0.82
A2KVK37N7ZWGPM,1291,2,0.82
A51455EJUUO5D,1291,2,0.82
A1WUARREQUSNF3,1292,2,0.82
A34S5KKOKVXHUE,1292,2,0.82
A2DBCAIF97EDRQ,1293,5,0.61
A3EW0BKQL8UBIU,1293,5,0.61
A3RLAG3TLIOCIZ,1293,5,0.61
A3FL2RSS95UQXI,1293,5,0.61
A2NEIQVG7CJS9I,1293,5,0.61
A14JTNLOWCAOP5,1294,2,0.82
A3M4PNSKK5ARC2,1294,2,0.82
A1YZWLVFD6377O,1295,3,0.8967
A1P909NOKK93LJ,1295,3,0.8967
AYVJY4Z9CYQWU,1295,3,0.8967
A26C9L4LGGE6D7,1296,2,0.82
A3MTSDMQAZ37VO,1296,2,0.82
A3FEG08IYQZPTT,1297,2,0.82
A32GNWYY55V46J,1297,2,0.82
A23U7ANY6HOQ4N,1298,2,0.82
A105ER3X3YSN4G,1298,2,0.82
A1GIESWJQXAECI,1299,3,0.6967
A20YTXKP2GHCJ1,1299,3,0.6967
A2THT2RZIGOX0F,1299,3,0.6967
A23SKMXHSUFZFX,1300,2,0.82
AXK87Y0NG4P5E,1300,2,0.82
A3KGDTSKKTDEDJ,1301,3,0.6967
A347RFNEV7UUYQ,1301,3,0.6967
A7FLQY3PIVLMQ,1301,3,0.6967
AQMRWYZL3J73D,1302,2,0.82
A1AP7GZOMZ7GQM,1302,2,0.82
A2CWHWWI2A6PE5,1303,5,0.61
A3QH5ABN8MVAT,1303,5,0.61
A3NY94QMTA1411,1303,5,0.61
A1OS4YBJTY7ZUM,1303,5,0.61
AXVJPYJH7D4WF,1303,5,0.61
A3A29LS5XXXPVQ,1304,2,0.82
A35IBL52PCPU3R,1304,2,0.82
A20P8ZPFT5UVPF,1305,2,0.82
A6YA25TZ6IDWH,1305,2,0.82
AI8XMO4X4JJHK,1306,2,0.82
A1352CY7YSYAJS,1306,2,0.82
A2OFJM2LUN893Q,1307,2,0.82
A1J0OS2XYUKEIE,1307,2,0.82
A13JEXKJPGLXPK,1308,2,0.82
A1B50MNUGBGT0C,1308,2,0.82
A31E8SJGJJZGL9,1309,2,0.82
A3BWV6ZIIH270,1309,2,0.82
A305AFH0GCV6TZ,1310,2,0.82
ATUO9BOO1017J,1310,2,0.82
AH33TB4STCJ2Z,1311,2,0.82
A14HHZ0MHJ0O27,1311,2,0.82
A2CE5IEN54MZFD,1312,3,0.6967
A2AYS6DJU73UP2,1312,3,0.6967
A1T9O0PQOXPZPR,1312,3,0.6967
A101I364EBG4A7,1313,3,0.6967
A2CNXS86JY4JV4,1313,3,0.6967
A2WJ59L9ARDQVH,1313,3,0.6967
A1QJNWPVZ7QTV3,1314,4,0.64
A36Q0DDNWYMGNK,1314,4,0.64
A2LP7HFSXB0IL1,1314,4,0.64
A1OB6LDS4U0UDZ,1314,4,0.64
A1IRRWJGAOEHGT,1315,2,0.82
A2OFSDJB3MVQ16,1315,2,0.82
A3GVWUCMN6NDTP,1316,2,0.82
A7ZJYSM02AMQ1,1316,2,0.82
A3LFV4YUTA7Z8U,1317,2,0.82
A3U62T6MYQ3J20,1317,2,0.82
A22A5XCXCDPLGP,1318,2,0.82
A4CNZJC77AIRY,1318,2,0.82
A1F2MTA9A8ESLO,1319,3,0.6967
ATD1D0F327TF1,1319,3,0.6967
A2K5Z8R003TIP2,1319,3,0.6967
AE1ZYTA2ITPK0,1320,3,0.83
ASG4O0QDVG5KR,1320,3,0.83
A1MLB863AF50AG,1320,3,0.83
A2CJO12IHT54XU,1321,2,0.82
A2GFO28ALCKXJQ,1321,2,0.82
A343WSMKJORRXM,1322,2,0.82
A18M104D8EJ3KZ,1322,2,0.82
A5JFMRT6DTZQT,1323,3,0.6967
A2TY8XFIRF0VPH,1323,3,0.6967
A3H0AW7EAWQEWT,1323,3,0.6967
A3SXFF9QGG3ZI9,1324,2,0.82
A114M3LC4GFGRF,1324,2,0.82
A1U2FB0S51KPFR,1325,4,0.64
AY3U3V1PSV1NB,1325,4,0.64
A1SZY7V4NBCS6K,1325,4,0.64
A27GR0A1QGNSJG,1325,4,0.64
A1OF88AH1DP954,1326,2,0.82
A1OG22AV0FS7F1,1326,2,0.82
AGYYVP030GSR,1327,2,0.82
A3LJ3S3JO0YVIB,1327,2,0.82
A3SFWN1DLJLURS,1328,6,0.62
A1WNQRXKQZ0EBA,1328,6,0.62
A3MZX416YIS5IN,1328,6,0.62
A1EVI7C28LBW4G,1328,6,0.62
A9MSL7WHLDC3O,1328,6,0.62
AZ4JNRNOM3E0J,1328,6,0.62
AIV0F2Z2343QM,1329,2,0.82
ADC4LHC9YFI92,1329,2,0.82
AZ5K8OBTYNLFZ,1330,4,0.7067
AFJIA32NLIHSI,1330,4,0.7067
A2S11NSTM645SN,1330,4,0.7067
A1FJCSE3KW2DSE,1330,4,0.7067
A20AKDW2I3LH1B,1331,6,0.5933
A3GGUBZMTQD1B9,1331,6,0.5933
A2H3F5QEUOED39,1331,6,0.5933
A28MJ51GOXSEDB,1331,6,0.5933
AGP19FB5K1OIC,1331,6,0.5933
ADBMC6M91XYPW,1331,6,0.5933
A27XPVJ5E5XF8G,1332,2,0.82
A3MCJIDGZ10JU2,1332,2,0.82
A2QPB56799AGUX,1333,2,0.82
A78QO0H1WMGDF,1333,2,0.82
A2FZPWZRDLGTRS,1334,2,0.82
ASEEKJ81SKR28,1334,2,0.82
A4A6MLFG9MOK5,1335,2,0.82
A368Z99N6SJ6QP,1335,2,0.82
A2XAQ8EG6DUKWY,1336,2,0.82
ASWA0KKLPFBNA,1336,2,0.82
A1J7E1D7C5ILSS,1337,3,0.6967
A3QK8LDWVJHI7D,1337,3,0.6967
A3KUP8IQ3JMS0P,1337,3,0.6967
A1VB4T7YGD33J4,1338,4,0.84
A3LXENVI2AAAWL,1338,4,0.84
A3AIIQ50S1XVST,1338,4,0.84
A304LZ9EO9V1BV,1338,4,0.84
A1W3DOUDOBAOAF,1339,2,0.82
A3JJI4J8XAMK5Y,1339,2,0.82
A267CNXZTWED3N,1340,3,0.6967
A1GWHQJEELP2SL,1340,3,0.6967
A3BNOAP5P1X5ZG,1340,3,0.6967
A25AAIXKKEWW8F,1341,3,0.6967
AN2ATCYJWU3WA,1341,3,0.6967
AEUSUWLS9Z4MG,1341,3,0.6967
AHSSHK7X6I1ID,1342,2,0.82
A2QARKV955ZPYI,1342,2,0.82
A2R5Y32AJVKG8L,1343,2,0.82
A11PKTC7A95ST,1343,2,0.82
A2ZMK9EZNTII62,1344,2,0.82
A39GUZ9P21Y00J,1344,2,0.82
A957FCRXL0EIP,1345,2,0.82
A3DYO4EJP0F5MU,1345,2,0.82
A30L5HM24RSPI1,1346,2,0.82
A18R250OO3TNBH,1346,2,0.82
A2J8IE3Q5LLB96,1347,2,0.82
A1GDGX206VQVP4,1347,2,0.82
A2QHJEHAIR5OCU,1348,2,0.82
A2V9I6XYXP2WV3,1348,2,0.82
ARFUG2ZWAESC5,1349,5,0.61
A2FT0Z2B4YXEG6,1349,5,0.61
AUQI1CORO38VK,1349,5,0.61
A1K3INEAAIBC3O,1349,5,0.61
AXZOKHGMOVLRE,1349,5,0.61
A3PDNN5MJF9ZJ0,1350,2,0.82
A2B1D8NOWQ6LVU,1350,2,0.82
A15NBG9R0ON7UL,1351,3,0.6967
A1TH6KGPO2COIP,1351,3,0.6967
A309CY4X0WL3ZN,1351,3,0.6967
A1ZDLKPKX2D4A5,1352,2,0.82
ATA4HXOF4M4QZ,1352,2,0.82
A145J9GK9QXOED,1353,2,0.82
A2QK7UNJ857YG,1353,2,0.82
A23N6SCOYAXN6R,1354,2,0.82
A1O1FCKRHHW3W,1354,2,0.82
AKWFWHW5ROIZS,1355,2,0.82
A2SCXTX9QMTJIV,1355,2,0.82
A2J1KGMMPV16VW,1356,2,0.82
A2NUIL6PXKY4T7,1356,2,0.82
A850ABQTJNSC0,1357,2,0.82
A1VXU66DCLMYU1,1357,2,0.82
A1HBG5JUVOCELH,1358,2,0.82
A2IEHJS1HT4FPP,1358,2,0.82
A3S68HGRLVGXKZ,1359,4,0.64
A1Y3IFY1TTNAIZ,1359,4,0.64
A3J7Q94UJ4LQKR,1359,4,0.64
AF23PSFR9R89W,1359,4,0.64
A3C44DO400PQY1,1360,2,0.82
A9BHUHDEQ6ZR7,1360,2,0.82
A1WECEAVIO1RD3,1361,2,0.82
A2N2XSX54EJQ7C,1361,2,0.82
A2QFYYVU9ENO4F,1362,2,0.82
A2M08G5ZUM1L8V,1362,2,0.82
A3H7R5QEFUBZH7,1363,2,0.82
AU6EXXX5HA29T,1363,2,0.82
A2399NNLRD8FBT,1364,4,0.7067
A2EG302Y1DJHXU,1364,4,0.7067
A16891I4E68KES,1364,4,0.7067
A3INUENVJRK20B,1364,4,0.7067
APVKSHPDJLOXS,1365,2,0.82
A2CSW8AYCB0I42,1365,2,0.82
A1CFJA70XPZP2G,1366,2,0.82
AOHIR1VQW8PNG,1366,2,0.82
A237C7W7MX92W9,1367,3,0.6967
AE2X30STEHHY8,1367,3,0.6967
ADPWNILB9BN9U,1367,3,0.6967
ATCBACS15O0FM,1368,2,0.82
A3ELJI0OU61AQT,1368,2,0.82
A2OD59YO1ZNX46,1369,2,0.82
A2RQ3XE9S01IYI,1369,2,0.82
A2P43L9EEWS23N,1370,4,0.64
A24VVEP0P6ZF5I,1370,4,0.64
A39P69WIIWU2TI,1370,4,0.64
ATZX92WLL9OK0,1370,4,0.64
A2R3FNML40YI1D,1371,2,0.82
AJ6LKHPJ6APFW,1371,2,0.82
A1TEKD2X0066DI,1372,2,0.82
A1D6IOBBXFU2BM,1372,2,0.82
A3NSUUSP9MCOUX,1373,2,0.82
A19QS32Y3P4EG6,1373,2,0.82
A2J110L1LHD3LT,1374,2,0.82
A1X21NKB8BE0RL,1374,2,0.82
A2BW52IWO65S1F,1375,3,0.6967
A2XB18IXOKUV82,1375,3,0.6967
A1LLQI5IBP4SVQ,1375,3,0.6967
A3RRL3MZAN0VQ4,1376,3,0.6967
A1OPG0S5E0V0BK,1376,3,0.6967
A3K1KA3F4HLUTD,1376,3,0.6967
A1MW5TA0TW43TK,1377,3,0.6967
A1INXGGWMAW6K1,1377,3,0.6967
A3NE86TIVJUKOX,1377,3,0.6967
A28Z7T4VDYXTFA,1378,4,0.7067
A12BUKR6ZSOMXT,1378,4,0.7067
AS0HYJB5KLECM,1378,4,0.7067
A3ET65973XPUQD,1378,4,0.7067
A3QPXUOD684ZYO,1379,2,0.82
A1E2H9I7Z4A9GN,1379,2,0.82
AHXV3DA6QJRPY,1380,2,0.82
AOVILDVMRNVM0,1380,2,0.82
AARTYIHQDUH0N,1381,2,0.82
AS8EKS03DLGKW,1381,2,0.82
A2LWUTGO03KD0F,1382,2,0.82
AKJPUR7NJOKTY,1382,2,0.82
AV2S13H4IN9V4,1383,2,0.82
AZTVJYM4RWO5I,1383,2,0.82
A1Q0YEDBBNRW89,1384,2,0.82
A2Z20G52ZTG3TG,1384,2,0.82
A33P9AWYR79336,1385,2,0.82
A2CKR7APRGHUIA,1385,2,0.82
A15FT1LE5BN6XA,1386,2,0.82
A3P0JI73T7GAA8,1386,2,0.82
A1ZUBKQVS19VPF,1387,3,0.6967
AMT22S17QG1DN,1387,3,0.6967
A1M9EZ6PMRY3JU,1387,3,0.6967
A13R24I6V73XS8,1388,2,0.82
A26YK9RG579RDF,1388,2,0.82
AUKA7TOTBOBPI,1389,2,0.82
AR3BASWRALK6X,1389,2,0.82
A2LP0BPV35HDM5,1390,2,0.82
AB8NG5F9LTGMI,1390,2,0.82
A2PUBU5TI3SVOM,1391,3,0.83
A2SEXPAN8UK8MX,1391,3,0.83
AO446XXSZS7ME,1391,3,0.83
A2QL1HELUMR8XZ,1392,3,0.6967
A10AJN0K32OUER,1392,3,0.6967
A2CVGAHIPK8HJT,1392,3,0.6967
A2RLBSUV58Z0HN,1393,3,0.6967
ATWH7VX6I3LH8,1393,3,0.6967
ANXNTFUW0HKXZ,1393,3,0.6967
AH8S7X7AJKK81,1394,2,0.82
ATUXRLKLA6LMH,1394,2,0.82
AL3UDDIXOOS18,1395,2,1.0
AB2GEBSPR0Q22,1395,2,1.0
A1XQDFW0ELJ0P9,1396,2,0.82
A1PY7278VXKI8V,1396,2,0.82
A2IGDGE2NT15Z4,1397,2,0.82
AXHVINNKPBCFQ,1397,2,0.82
A1IJG6X2LNNNQ1,1398,2,0.82
A18C3Q2YDXAE9M,1398,2,0.82
A2WEF2MJ7MWNJT,1399,3,0.6967
A3DTRBOZM4NEBI,1399,3,0.6967
AVWDWDBJWPJI1,1399,3,0.6967
A2CPFXG9FW9DK8,1400,4,0.64
A153WVL696ZWZC,1400,4,0.64
A1CL807EOUPVP1,1400,4,0.64
A31QC8CFQL7MBU,1400,4,0.64
A1BVSM3SSNUU4D,1401,2,0.82
A1LAR4NJI2ZY2L,1401,2,0.82
A197U8ZO3G4VMI,1402,3,0.8967
A2PH7K6MFXT08U,1402,3,0.8967
A2TRC2TQFZ68UX,1402,3,0.8967
A1LGQLDXYO2HH2,1403,2,0.82
A29ZIJZ5GMU4L7,1403,2,0.82
A1729GBE8V1U52,1404,2,0.82
A1R0PBOIOOIPZK,1404,2,0.82
A2GP6TUQNXC0TP,1405,3,0.6967
A2BO13HXMG3J0I,1405,3,0.6967
A3DDT4XJVGKCEE,1405,3,0.6967
A2OABAFWWLOG4G,1406,5,0.61
AKXY559IVWBI6,1406,5,0.61
AZJPD5R24OOLP,1406,5,0.61
A1W8ORUUYWG223,1406,5,0.61
A22M5EMIPD2NRB,1406,5,0.61
A1W20R38AVESDI,1407,2,0.82
A2CL8Q9M8JM43S,1407,2,0.82
ATK0I1GVC0XCU,1408,2,0.82
A2KF6QYQA7LO0P,1408,2,0.82
A3NY5IA9FQKMZD,1409,2,0.82
AEBBAHNV53ZIW,1409,2,0.82
A2HDHOQ4P1OASC,1410,2,0.82
A3MBTVX9FJQU2S,1410,2,0.82
A30AKFPDU5DRR2,1411,2,0.82
A21BNYI5AQEFEB,1411,2,0.82
AR18DH5SL9F73,1412,2,0.82
A31WE2V3SK3N5B,1412,2,0.82
A1VXBT3DFB1LTH,1413,2,0.82
A30I5HN8A28V00,1413,2,0.82
A1D2I73DA6N5TL,1414,3,0.6967
A2PMGMHYKH3DY5,1414,3,0.6967
AVP1NL6GYMVR,1414,3,0.6967
A2CUX3MNG98V1E,1415,2,0.82
A5EZ4HIONOTRB,1415,2,0.82
A2JOVHS6HEEOOP,1416,3,0.6967
A227X3HR74WL9O,1416,3,0.6967
A2WJUICEZVACHW,1416,3,0.6967
A28X8QQ97HM6CX,1417,2,0.82
A2KZRRDZXJVXQK,1417,2,0.82
A2KHVRX8N91HWG,1418,2,0.82
A11HZMKR7CJZP8,1418,2,0.82
A2EZH1R5MQSS8Q,1419,2,0.82
ACQF3DSBMIYI1,1419,2,0.82
A1HZ6T8V9IFBRV,1420,2,0.82
A1XNV4532GDRSX,1420,2,0.82
A2HIPOAQ9T3KI6,1421,2,0.82
A2Q7IUIZK1BTIE,1421,2,0.82
A3TMQ1QYP1PQJT,1422,2,0.82
A2V6CYMNRWU2HK,1422,2,0.82
A39CQY9EQSZ65Y,1423,2,0.82
A15JSF1ZVFO3LA,1423,2,0.82
AQYIBLOA7IQSN,1424,3,0.83
A8M1ZR6XTSMDY,1424,3,0.83
A342E0DTJDH67M,1424,3,0.83
AQCDKQI0X2WV0,1425,2,0.82
A3LNYIYQXESY3X,1425,2,0.82
A2822VAXLKFRNW,1426,3,0.83
A3KWLE7H7QYUOJ,1426,3,0.83
AXMYSNB8FIP8U,1426,3,0.83
A1K18E09VM5IWM,1427,2,0.82
A2F3WMDZO8OW80,1427,2,0.82
A38VOK8KNNPWFX,1428,2,0.82
A2SEGI6R458QDW,1428,2,0.82
A1384AO8T3310I,1429,2,0.82
A37V8WL882EL7P,1429,2,0.82
A22VTU53WE2A4V,1430,2,0.82
A1FXQTEUX9XJOY,1430,2,0.82
A35EVMJVZMIMWE,1431,2,0.82
A1B7RQCLAE7SGL,1431,2,0.82
A3S1MQ6SAPVKQI,1432,2,0.82
A1H62U2FJKAQP8,1432,2,0.82
ANNFX92QXSH7A,1433,3,0.6967
A3VI3A2G8Z9LD,1433,3,0.6967
A1XQGG15HFSTG5,1433,3,0.6967
A1FZIJNVM3ZBVH,1434,2,0.82
A1AYCDPTKJ0MZA,1434,2,0.82
A3EVWMJ2I8TLK,1435,2,0.82
A28774QTCK7MJZ,1435,2,0.82
AJEJE6MDNGYM6,1436,2,0.82
A2HW3C963JY02G,1436,2,0.82
A384N59VR99VCE,1437,2,0.82
A2BR1O2N9ZTJKY,1437,2,0.82
A2D6KCMQRX0FTY,1438,2,0.82
A2U7KGKNGN0JM2,1438,2,0.82
A1FCK1YLXH1OT7,1439,2,0.82
A2I4H8HN08EGGL,1439,2,0.82
A3NX1H9ZAP4I5W,1440,3,0.83
A20TUTGV2GKZW2,1440,3,0.83
A3NAMRA9FFI82P,1440,3,0.83
A6CES41QW3M2A,1441,2,0.82
ALXRR13LFL1Q4,1441,2,0.82
A61SNNE29VSVG,1442,2,0.82
A1R66S597VX4SG,1442,2,0.82
A2O5LFRY1R43VU,1443,2,0.82
A20CFKDII8QYSQ,1443,2,0.82
A24S5XRIRBEW8G,1444,2,0.82
AGV5H61U4QUJW,1444,2,0.82
A3H3QYKO5LAYCP,1445,2,0.82
A36FBO3GQUZVU6,1445,2,0.82
A2IMB6NQKPCP0E,1446,2,0.82
A26ECP55JCWN3E,1446,2,0.82
A2B3GDXI482U2T,1447,2,0.82
A3IQ5URWAKDF3H,1447,2,0.82
A2DJ6C1JLY83W5,1448,2,0.82
AN6WO355FGB7C,1448,2,0.82
A3A0KNH534BKPX,1449,4,0.64
A3PQUSU35MJICT,1449,4,0.64
A33RHP67MGM9TI,1449,4,0.64
A1A9V7CX6ZV2L3,1449,4,0.64
A36QMI74GGDBVU,1450,3,0.6967
A1HLO2YE7VSS1L,1450,3,0.6967
A3BRJNA6LLJ62A,1450,3,0.6967
A3M9MILGTJKRWU,1451,2,0.82
AUFFI151JVH33,1451,2,0.82
A25IPECCPQOD1P,1452,2,0.82
A1H8HKWD812HM6,1452,2,0.82
A2CMCBJSMY0952,1453,2,0.82
A5R8IN688K7A2,1453,2,0.82
A3CFCXWSS5FF8H,1454,2,0.82
A35O1KRKZ5RIA5,1454,2,0.82
A1F79FJJ7WZ0Q0,1455,2,0.82
A1B4A3SUPMPOTH,1455,2,0.82
A3FHI2J1NKKE3U,1456,4,0.64
A3QS3UKZ8GYAZU,1456,4,0.64
A1CFFVXH012EU3,1456,4,0.64
AWM3T83J6WBLT,1456,4,0.64
A1IR0HICH5PVC6,1457,2,0.82
A2VKUQFGKQ7D2H,1457,2,0.82
A29KJ1B32SL5FD,1458,2,0.82
A1ITILVJ87UZ7G,1458,2,0.82
A3MROP5KA9LRTP,1459,3,0.6967
A3M7ZYYDLPLHLJ,1459,3,0.6967
ATPYXVY2OQBAC,1459,3,0.6967
A2AZ16HOB7IE49,1460,2,0.82
A11EELLPLULTY8,1460,2,0.82
A2KZOUW7YLHN49,1461,2,0.82
A39EMMLBW6SLSB,1461,2,0.82
A3FS5IXG6F66SQ,1462,2,0.82
A1W813CSYW41I9,1462,2,0.82
A177EE11AYO4XW,1463,2,0.82
A31XKTSBWA49HK,1463,2,0.82
A2TIGUXKJXBX2V,1464,2,0.82
A3T1HR8ZU00BSJ,1464,2,0.82
ATMIH8039GOP,1465,2,0.82
A3OPLLHN1C14R6,1465,2,0.82
A1GN9XIEZUEOVL,1466,3,0.6967
ANDBHQL4I1CWT,1466,3,0.6967
A3PQZHO4YDNNDS,1466,3,0.6967
A1GHPE6PFC9YQV,1467,2,0.82
A3RLD38GOU0VM1,1467,2,0.82
A16XRPF40679KG,1468,2,0.82
AW8PSA7L8UP7E,1468,2,0.82
A3EYQ06LJKNOKL,1469,2,0.82
A3OOBDU2GJSQND,1469,2,0.82
A30XNW5IY98TC0,1470,4,0.7733
A1MQ4SQ8VZ5OWA,1470,4,0.7733
A20JAUP6O9OKZQ,1470,4,0.7733
AL39DRW85MNRC,1470,4,0.7733
A3APIP5GYBAW6Q,1471,2,0.82
A10PBSZYM32QA0,1471,2,0.82
AZ9SM1N8KFLI2,1472,2,0.82
A1DDVPMEX1XZUV,1472,2,0.82
A1H7Z94O06Z47O,1473,2,0.82
A1X9N4725UF5F4,1473,2,0.82
A37PS3J7E4FC4D,1474,2,0.82
A2DJJ8TJYOWVFS,1474,2,0.82
AJ0J196VK6C32,1475,2,0.82
A2QK351LFFPV6H,1475,2,0.82
A1DWXFYHXJLBMX,1476,2,0.82
A2D8NTRU97B7F5,1476,2,0.82
A2PUKFH7AJPAC,1477,3,0.6967
AO6AV9VWS82IA,1477,3,0.6967
A3N7VLUBMMBE5Z,1477,3,0.6967
A3P162WRKMTV1R,1478,2,0.82
A1FO8KX9BZ5KW5,1478,2,0.82
A3JEQOGQUBE9XO,1479,2,0.82
A1LDB0HGS322GA,1479,2,0.82
A1OO08IL5RIODE,1480,2,0.82
A2ETCT19Z81YUF,1480,2,0.82
A3FRKYF74RXHCW,1481,2,0.82
A1PTAURI73JTIQ,1481,2,0.82
A2O5R82FPF396I,1482,2,0.82
A211OWDGA74RSA,1482,2,0.82
A2VGE3D5HHNC9D,1483,2,0.82
A3RS44P0PNEMJ,1483,2,0.82
A2J4E8HBRF8W5K,1484,2,0.82
A1L9CRJ8WNSUU7,1484,2,0.82
A2JEE7L8YFO2B1,1485,2,0.82
A1M1QZT4FZS5DJ,1485,2,0.82
A1PDUCOTPTYKWQ,1486,6,0.62
A353EKNGGWE1ZY,1486,6,0.62
A30PPJVP7QJ5O4,1486,6,0.62
A1D12J815P1TIT,1486,6,0.62
A3B2GOPZHV0RJY,1486,6,0.62
A2XUMHOILXH9AM,1486,6,0.62
A3H1CE8T6GDVWV,1487,2,0.82
A2IEB5W097OBDE,1487,2,0.82
A2A1XEP9I15P2S,1488,2,0.82
AENLD33KQ6MJ4,1488,2,0.82
A3OCR4UBY0TXN,1489,2,0.82
A3A1717ZOXS8DY,1489,2,0.82
A2JO44XUN4ZVHO,1490,2,0.82
A2KBQ6ASGK3LDM,1490,2,0.82
A35Q3Z7M3FDV2J,1491,4,0.64
A1A6S41ZJ9T516,1491,4,0.64
A1H4Y9JMKO9VNJ,1491,4,0.64
A1FSADFCX1DI2D,1491,4,0.64
AL3397YBXLQ6Z,1492,2,0.82
A1L0UKGHGFLXPG,1492,2,0.82
A37TLGG82YPU2V,1493,2,0.82
A3UXXGZ955DM55,1493,2,0.82
ALGPQD44E1RC9,1494,2,0.82
A1LV6ULP96ABL3,1494,2,0.82
A2ZOG2EB2AA4MX,1495,2,0.82
A33Q9OW16V8U8W,1495,2,0.82
A2JXF308L7EE2H,1496,2,0.82
A28CCQNXWV6WA2,1496,2,0.82
AEKXPITBQW6XO,1497,2,0.82
A14CMQKJDXG9P1,1497,2,0.82
A3JRN9WZJM0Z7J,1498,2,0.82
A2FB2HRCHCCA6T,1498,2,0.82
A2TVSDJQ8LZE1M,1499,2,0.82
A1WQT0P29UEAIJ,1499,2,0.82
A2Y9YCQBMCFUDL,1500,3,0.83
AQW6EF0LLZB3N,1500,3,0.83
A34S97MHBCP0JA,1500,3,0.83
A2W9MM3DJ6N0R8,1501,2,0.82
A6IWFS5DRX4I5,1501,2,0.82
A3RXEU8N2RD320,1502,2,0.82
A1J97HE8DYCTL0,1502,2,0.82
A1SAIGSGVHE4VS,1503,2,0.82
ALWFD0B4M6EFG,1503,2,0.82
AVTUGFY5N5U0I,1504,2,0.82
AI7FG0JAGX77B,1504,2,0.82
A2KC01FNAQ0K7F,1505,2,0.82
A15UUL13Q9IGTB,1505,2,0.82
A2JCC72EJ85SPI,1506,2,0.82
A2PIT951YS2ZBK,1506,2,0.82
A8AL0L199H1QI,1507,2,0.82
A1I0WBMUYA3PVZ,1507,2,0.82
A3IOMFM9VQNGGS,1508,4,0.64
A8P7XZLMXKT6W,1508,4,0.64
A39QDDMNPGYU0H,1508,4,0.64
A2QBQAGUTZUFXQ,1508,4,0.64
AHOXK15HIY6KG,1509,2,0.82
A2E9BKLBKR2ORS,1509,2,0.82
A353HUHJ0N65YD,1510,2,0.82
AQ9RTW5BNHRNZ,1510,2,0.82
A1CXA2EHSMHV6B,1511,2,0.82
A21J5YFPMTM7ZI,1511,2,0.82
AQMR22T44FKZB,1512,3,0.83
A35ZYZ946LZAHG,1512,3,0.83
A3Q3N3WSGM5QP2,1512,3,0.83
A1X02NPCWIDCUM,1513,2,0.82
A2JG84JVWIV6BU,1513,2,0.82
A35306Q96YIBXK,1514,2,0.82
A30BWBOI4I0GZC,1514,2,0.82
A2BPVPHCDERJP1,1515,2,0.82
A3EN7YSDC6V5BN,1515,2,0.82
A12SNT5498ZHNO,1516,3,0.6967
AUBR4V8GI5N23,1516,3,0.6967
A2GY5J4YRICRSW,1516,3,0.6967
A9BHWSD0ZWA71,1517,2,0.82
AS73FR9T4X0OL,1517,2,0.82
A27WZYVA9CUMRA,1518,2,0.82
A336YW9R8E8HDE,1518,2,0.82
A1MCFMXZTA7XT3,1519,2,0.82
A1G0YH4GKHBC2V,1519,2,0.82
A286MDHLQYMOAT,1520,2,0.82
A21XGQUQEBNRJS,1520,2,0.82
A1XZ5HPPANZL8U,1521,2,0.82
ASE5XYM721UKC,1521,2,0.82
A10P4PJBF8A4QI,1522,2,0.82
A3SSGWK9T1AFO3,1522,2,0.82
A1I0ET8C0DHJ8G,1523,2,0.82
A2C94C8WHKXQH5,1523,2,0.82
A1LEUXC2LWF7M1,1524,3,0.6967
A2Y8EGG96GD6T1,1524,3,0.6967
A3ALXLASGICTBU,1524,3,0.6967
A33FCAYYWPMCNK,1525,2,0.82
AJ3N4HYOU7VLH,1525,2,0.82
AALWZCFMGNAG1,1526,2,0.82
A3E5E5M9X6EVI0,1526,2,0.82
A83D3H7AEVNWC,1527,3,0.6967
A2PPFK6BLS6DUK,1527,3,0.6967
A21JQCOR51YX0E,1527,3,0.6967
AV0E7GJP6BPDY,1528,2,0.82
AKTDFNQ1Q008E,1528,2,0.82
A2YPO3NT7VGXW1,1529,4,0.64
AAD2KI8D3R2F4,1529,4,0.64
ATK7997D39GIM,1529,4,0.64
A13PDEZT29QGR0,1529,4,0.64
AADP7ITZJMZEG,1530,2,0.82
A737TRR7XGC2I,1530,2,0.82
A17EXZEX71ZTMU,1531,2,0.82
A1HPG5VFB6JREO,1531,2,0.82
A19BS4L407BH4H,1532,2,0.82
A2E3X55WJCNDEY,1532,2,0.82
A26RDYXA17I0HV,1533,2,0.82
A3SYYDOCTL7P8Z,1533,2,0.82
A3S8F9XZLS8AWC,1534,3,0.6967
AFUZA5L0OBGX6,1534,3,0.6967
A7L96GS2RNTCY,1534,3,0.6967
A1YQ4NRYTULSNZ,1535,5,0.61
A2E6BX287O0VW,1535,5,0.61
A1ZUQFAP0QPL2Z,1535,5,0.61
A2G3K9J80PUOUZ,1535,5,0.61
A2NYY8Z3CWT3IB,1535,5,0.61
A2P501XVUALQHN,1536,2,0.82
A72H3SEM77Y25,1536,2,0.82
A1C0IVWUUIZDG3,1537,2,0.82
A31PQ63OHGCMFP,1537,2,0.82
A1508QCTX91AYM,1538,2,0.82
A1Q8X8N9VZ4Q7B,1538,2,0.82
A1EHB40BXSNYQC,1539,2,0.82
A35XX338I7IO84,1539,2,0.82
AVA1IWQAXNFUY,1540,2,0.82
A29ZTEO6EKSRDV,1540,2,0.82
ADHQKNPEHLE17,1541,3,0.6967
A1B4S0LMDEX7ZK,1541,3,0.6967
A2UH5HZG2WX3R2,1541,3,0.6967
A3BD8J8XDVAGP9,1542,2,0.82
A3U1BZEMTXOA1B,1542,2,0.82
A23CM8IM3I9E5X,1543,2,0.82
A1H87UTRF9VAZ5,1543,2,0.82
A2N610H6ZG2PHU,1544,2,0.82
A117KQ6A4UGXY9,1544,2,0.82
A3E9RDQW2ON89G,1545,2,0.82
A1H3C5J3K0EYVN,1545,2,0.82
A3EXKNVJ9W62NT,1546,4,0.7067
A1S2WVO945B40C,1546,4,0.7067
A1M4YBXBDEJLFL,1546,4,0.7067
ATJYTSVEEAQWC,1546,4,0.7067
A35CKPJUWDIYLK,1547,2,0.82
A7173ZR5TX1U0,1547,2,0.82
A3A4A1AG8TF11S,1548,2,0.82
A2NIAXIV81WRNN,1548,2,0.82
A1NLOKTTTC7MCL,1549,3,0.6967
A2U8XSU8ZCVPX9,1549,3,0.6967
A2WIQ02JR8P4HC,1549,3,0.6967
A1QJ9TYXP7ZGVJ,1550,3,0.6967
A2YFFCKWBT4ZL6,1550,3,0.6967
A1SF58G37A090H,1550,3,0.6967
AGOZAFK7KYFQD,1551,2,0.82
A3L916IN6IEOY7,1551,2,0.82
A2BEF5AHXWEEC1,1552,2,0.82
AW1O8Y2BR7U22,1552,2,0.82
A33MPIK17YGMID,1553,2,0.82
A3EATUZD2CA3RG,1553,2,0.82
A1IRF5KMTDG4C1,1554,3,0.6967
A1CQ537IH19C0L,1554,3,0.6967
A1EHG8EBES6CV8,1554,3,0.6967
A1NSS6O5OSEECK,1555,2,0.82
A2NCKYW35JTQ5E,1555,2,0.82
A3UZ4DI04LV0GC,1556,2,0.82
A2TM83BIPGJLMW,1556,2,0.82
A30YDEJLEWS5GT,1557,2,0.82
A3H4HJ30KWIMEK,1557,2,0.82
A296EPZRADJ0SF,1558,2,0.82
AMKBKGDGQDJ0O,1558,2,0.82
A2KTRO275LJY1R,1559,2,0.82
A1YZY4LQXZ159T,1559,2,0.82
A1V8YAQ5TDEPCS,1560,2,0.82
A335BNHUAEHFU,1560,2,0.82
A12W8NRSYR593I,1561,2,0.82
A2AZ7F4XJADSAL,1561,2,0.82
A12O92ASZ1S4TO,1562,2,0.82
A2B8KX017QWWQM,1562,2,0.82
ARVURPPZ5QPMJ,1563,2,0.82
AURYDRE57COGF,1563,2,0.82
A36YCHSQM22B5H,1564,2,0.82
A2RZCNXMHFUUS6,1564,2,0.82
A2L2LUA6OJZAI2,1565,4,0.64
A32LFAZI00HT5K,1565,4,0.64
A2DBON8DIR24MU,1565,4,0.64
A2E52DFWFG4RB4,1565,4,0.64
A1AGAMA2YMJ90Q,1566,3,0.6967
A2K3HGXABW1JWJ,1566,3,0.6967
A1PHYBERTXK2P9,1566,3,0.6967
AQORKOBQ65E7N,1567,3,0.6967
A1BWWV31KLNTYT,1567,3,0.6967
A3IVWNSONC6EHJ,1567,3,0.6967
A2UXMXX5Y8CI8G,1568,4,0.64
AS2FY9P0LASZA,1568,4,0.64
A2882QQKJ0IUBU,1568,4,0.64
ARR0IQDH327WC,1568,4,0.64
A3E45HUCUX2XGQ,1569,2,0.82
A2ULZL2YWJGV4D,1569,2,0.82
A29NECZQ85Y57O,1570,2,0.82
A3OTGI4MOW85KA,1570,2,0.82
A3KWZ941YN0KXA,1571,2,0.82
A663IHPPCBF4I,1571,2,0.82
A17CBF9U0J82SI,1572,3,0.6967
A3HH6ZWIOWIYOU,1572,3,0.6967
A3UP3IWJAX32QE,1572,3,0.6967
AQ7QRW8UFXKH8,1573,4,0.84
AFITTL8QQB8N,1573,4,0.84
A3HNYXH7NW2LGD,1573,4,0.84
A13EILK2QBFULS,1573,4,0.84
A14EU6NWFFIIQQ,1574,2,0.82
A19TZDJH8SNS6P,1574,2,0.82
A17P2D34W0OREP,1575,3,0.6967
AC3ZP91KBF1L0,1575,3,0.6967
A1QMX7TOIQXGI7,1575,3,0.6967
A3VIAJ48BGUQ2R,1576,3,0.83
A2MMXC9Y2Q6UV1,1576,3,0.83
A1P83JPZU024ZF,1576,3,0.83
AVFEUY7OZAN91,1577,2,0.82
A8BAGCZLC43QA,1577,2,0.82
A2HH672XHIBA4W,1578,2,0.82
A3RU4VT25HZ60Y,1578,2,0.82
AOCOIFM61SA7F,1579,2,0.82
A1CU0ZGT2NZYH0,1579,2,0.82
AVWYGS55AV3CT,1580,2,0.82
A1U98SQTV60W8U,1580,2,0.82
A1UJYYNUX2BF3Z,1581,2,0.82
A2F3CK8F9VIFPL,1581,2,0.82
A1UQCE06TJAYGD,1582,2,0.82
ACMZSIXW1JC1O,1582,2,0.82
A3EF9MS04X2W4W,1583,2,0.82
A20H8QNUJZNFAN,1583,2,0.82
A2O10GL2UI75O9,1584,2,0.82
AHLQKNM0CCHJX,1584,2,0.82
A1WM55F3BMOMYD,1585,5,0.73
A33VDZQ6KCDYAZ,1585,5,0.73
AZ3SQD0QXH7RN,1585,5,0.73
A37DRA4PX3ITYP,1585,5,0.73
A3D0O63636I5ZU,1585,5,0.73
A6523LMB2930M,1586,3,0.6967
A1F2BZ8XMQQJB4,1586,3,0.6967
A1X7E6B11LIZTS,1586,3,0.6967
A1CXASEYLBAZ66,1587,2,0.82
A2JEA5IDBHOT5J,1587,2,0.82
A36TCVCZV2IG2W,1588,4,0.64
A24XK99ZEXT16Y,1588,4,0.64
A16WUUPTVZY5Q7,1588,4,0.64
AC1577HKKQGBB,1588,4,0.64
A3Q55E6MRPLJAB,1589,2,0.82
A359SIEOJZZ5S1,1589,2,0.82
A1Q1O4S1N2VCKI,1590,2,0.82
A3IH6INLYZ7RAY,1590,2,0.82
A36XQ44DN6ZH7Z,1591,3,0.6967
A098370928I0YSRRQV0YI,1591,3,0.6967
A386GKLWYGRY52,1591,3,0.6967
A1RPHU8EM97574,1592,2,0.82
A3M52G49M3LD5N,1592,2,0.82
A1YZ4VL1GNHVN0,1593,2,0.82
A1XLZSY5RGGZSZ,1593,2,0.82
A3625B4RPH3ZPR,1594,2,0.82
A3T3MJC3ZTFV84,1594,2,0.82
A2LBK3DGMT4LEQ,1595,2,0.82
A144LF2QWLG1ZL,1595,2,0.82
A1W83LEYOCCLZB,1596,2,0.82
A2JPP7U4U0LGWF,1596,2,0.82
A2OB8P0VUTRT3V,1597,2,0.82
A2DYCPVP2OAMV2,1597,2,0.82
A1LRDKHATAJTHV,1598,2,0.82
AOSMOGUP5XN7V,1598,2,0.82
AI2JX4DXMQSYH,1599,2,0.82
ASVIFMA39RQ5F,1599,2,0.82
AD8G6JC492GZX,1600,2,0.82
A322607AHOM6VW,1600,2,0.82
A39RI7B3HQO0X4,1601,2,0.82
A2XXRN2ANQDBKO,1601,2,0.82
A1BDIDCKY8VI7U,1602,2,0.82
AOKHOR1YFPSVF,1602,2,0.82
A2DPM2ZREJN1UJ,1603,2,0.82
A3S1WRDSRF1XE7,1603,2,0.82
AJBG5H2G9MS2M,1604,2,0.82
A3FEKADWPY8K4H,1604,2,0.82
ANYN4KAJR5R37,1605,2,0.82
A1CP0M11XP5C8L,1605,2,0.82
A3G8GD1KTLFBLP,1606,2,0.82
A2P4NJ9MSJ301X,1606,2,0.82
A3JCP0OA7XRRQZ,1607,2,0.82
A3GU5WBPH98GS,1607,2,0.82
AQR33IW7V25K6,1608,2,0.82
A2UQBQ0DOSY6DL,1608,2,0.82
A4L6LXZG711CG,1609,2,0.82
A3H12V31XEYD1D,1609,2,0.82
A34M6G0X61GZQ7,1610,2,0.82
A3VPFM3KVTM8GZ,1610,2,0.82
A2OE8HYRN1ZIV3,1611,2,0.82
A3N9GM8O1VTJ9S,1611,2,0.82
A2QJUYVC1WY6BX,1612,2,0.82
A3CUOO2EY29OZ4,1612,2,0.82
AR87CWP6KEL4A,1613,2,0.82
A6RJAEW8IDNDD,1613,2,0.82
A1GP7EP6W5N4OQ,1614,2,0.82
AJDH7H33X44YS,1614,2,0.82
A39M5JEGVNX8DX,1615,2,0.82
A3BUE5YXUU7WBH,1615,2,0.82
A3FX463L5XQ4MD,1616,2,0.82
ADBU4Y14RP5PN,1616,2,0.82
A2H4YBXW0WRAGA,1617,2,0.82
A2BBBID6B14U9H,1617,2,0.82
A13SU76YMPHSKC,1618,2,0.82
A3NBKB0M5Y9KI9,1618,2,0.82
A32PPV91DD8QDW,1619,2,0.82
ADH0O8UVJOT10,1619,2,0.82
A2S5EPJ451WL3I,1620,2,0.82
A1RXDEBEBBP71B,1620,2,0.82
A3P39U9AGOIHP3,1621,2,0.82
A473NG4FPX47O,1621,2,0.82
AU23IVEPBNZ4J,1622,2,0.82
A2GD0Y5RBBN6LZ,1622,2,0.82
A37YB879ZOH501,1623,2,0.82
ANX7EL9512XDQ,1623,2,0.82
A1FAWEJUZXTGDZ,1624,2,0.82
A1TTT0IFLFASDI,1624,2,0.82
A15EQ28RY9MC5S,1625,2,0.82
A3NAVOYKS20MQR,1625,2,0.82
A3NI86U3HF2ZEH,1626,2,0.82
A1UHEXH7F3A42,1626,2,0.82
A2MHP3PSJWI0TT,1627,2,0.82
A2TAV3LXF0FQ14,1627,2,0.82
A346V0H52GTB14,1628,2,0.82
AS4CM6IQHKUC6,1628,2,0.82
A3D0XENFHY64QU,1629,2,0.82
A1Y72KMBZY8GLE,1629,2,0.82
A2NI55A6S9WG64,1630,2,0.82
A1PDLQY5LD6JAS,1630,2,0.82
A21U25S35PZGY5,1631,2,0.82
A1HAMJNZ7R2XVA,1631,2,0.82
A1S48ZOG75IK11,1632,2,0.82
A2QY3LF1CYDITA,1632,2,0.82
A3LYJZN8A4PPLP,1633,2,0.82
A2FGKCGJG82CHB,1633,2,0.82
A1HEB0OGNQWAPL,1634,2,0.82
A1PP8FVNP036IN,1634,2,0.82
A1338LC1J4GR3T,1635,2,0.82
A2VCILWWI4OD7Q,1635,2,0.82
A3RGQ4R9M2ZGWY,1636,2,0.82
A1D90OMOU6PVNO,1636,2,0.82
A3EQYQ8Q3KSBUP,1637,2,0.82
A296HKC8BJZYNS,1637,2,0.82
A3BYAZWRFDX87D,1638,2,0.82
A1MSWDKFXTKHPE,1638,2,0.82
AIJ7JO6PKLM4Y,1639,2,0.82
A2DTL14ZMP26AD,1639,2,0.82
ACV2QOBZ4Y00W,1640,2,0.82
A798ALE8CVTAV,1640,2,0.82
A3F172PBMY1AN,1641,2,0.82
A2WJFVGN7CTOS9,1641,2,0.82
A25FWXGWYJCVRM,1642,2,0.82
A10DQTWKNB57NH,1642,2,0.82
A20WI8A0DSVZGK,1643,2,0.82
A28GTX82LNA9VA,1643,2,0.82
AXBQK5CJX2QN0,1644,4,0.64
APZENT0V05RJJ,1644,4,0.64
A1WYPDEIVTQE1J,1644,4,0.64
A1MKKFKNCAC34O,1644,4,0.64
AS7UVT2ZIQP15,1645,2,0.82
AWHGFLCS6YKRT,1645,2,0.82
A2U8XR2RA512N8,1646,2,0.82
A2D36GBD5IHB2K,1646,2,0.82
A3H4HGNE9TJ1K1,1647,2,0.82
A1FEJYJ3GWRHZ,1647,2,0.82
A3B5NUWB5SII6Z,1648,2,0.82
A22AJJ6SRS7F3D,1648,2,0.82
A3SBCWMLKF6H32,1649,2,0.82
A151GLGBH5MUV8,1649,2,0.82
AC38EBJ5IML9T,1650,2,0.82
A2TLO6LGFUP897,1650,2,0.82
ACBTRDBXC322U,1651,2,0.82
APRNHY9YZA2VU,1651,2,0.82
A21G3NDQPM64OB,1652,2,0.82
A95ASBVSBZTCT,1652,2,0.82
A188I4122HPDGO,1653,2,0.82
A1VI5NY9URNBML,1653,2,0.82
A2LAY7A6RCEGB,1654,2,0.82
A1800JFPSFGBQJ,1654,2,0.82
A27R9EREW3FFTV,1655,2,0.82
A3KUE8XSAGRZLU,1655,2,0.82
A2PKU42ICW3T0,1656,2,0.82
A3JAY3B09H5JJP,1656,2,0.82
A2HAIEVVA6EJAI,1657,2,0.82
A3U1CIZXF2QEJT,1657,2,0.82
ASCU0TZ1WAAYP,1658,2,0.82
A3MM1ZN3IV9B2R,1658,2,0.82
ASB1KEISYIW12,1659,2,0.82
AG5KVHO71PYBJ,1659,2,0.82
A2NV44ZC41GO0X,1660,2,0.82
A2EROLHNRQ09CY,1660,2,0.82
A1ILVB9VCN9QDD,1661,2,0.82
ALHV7EWV2XNGL,1661,2,0.82
A3RLDR83KEU2M5,1662,2,0.82
A3G2WCDU8JAVSH,1662,2,0.82
A10AODXNZLXROV,1663,2,0.82
A20FO9O3DIM8DT,1663,2,0.82
A1EQA5VPY0KSZ6,1664,2,0.82
A3NY0831XBYKV7,1664,2,0.82
A29Y0UQHVASGW5,1665,2,0.82
A2Z0IOV7LLSICF,1665,2,0.82
A3AUAJ1JNDGI3E,1666,2,0.82
A2Y49KA0M7XKQD,1666,2,0.82
A1PHD1SQ704SRN,1667,2,0.82
AOX744G76OR1Z,1667,2,0.82
A84JRYIZJ132D,1668,2,0.82
A2FXY47IREHXHC,1668,2,0.82
A1CCHLFAYJ21PB,1669,3,0.6967
A38ZT0F5VUTOFV,1669,3,0.6967
A2EM2HUBXHDWSL,1669,3,0.6967
A3DF7YA7S6FMJ4,1670,2,0.82
A1GZG2F17HZMK2,1670,2,0.82
A1HYNKWMLPKN17,1671,2,0.82
A3LDCW5T2KXPRR,1671,2,0.82
A1LR4PEKZUW1M3,1672,2,0.82
A3V3QIO99RVBFU,1672,2,0.82
A13LOB9GV3LY39,1673,2,0.82
A1NPVHGC7QRNRD,1673,2,0.82
A301T1CYM0BURT,1674,2,0.82
A2CE7EN4TBTG38,1674,2,0.82
AP63OYVCLW6XU,1675,2,0.82
AAX5JSZIIUJ1S,1675,2,0.82
A1345PBNQTJLU3,1676,3,0.6967
A27JM2US75HVP6,1676,3,0.6967
A379GSZSBQU222,1676,3,0.6967
A16XMAV7A6O8T,1677,3,0.6967
A29RWALB7HOGPP,1677,3,0.6967
A1NVT0RG0EFKKH,1677,3,0.6967
A26123MBBZ5TLX,1678,2,0.82
A1134ZM69D5FAH,1678,2,0.82
A28B7FZ7KKN0TE,1679,2,0.82
A1JD2AEWFE6LYT,1679,2,0.82
A2AC68C4B88P6U,1680,2,0.82
A363ZK0C034T1I,1680,2,0.82
A17WDJD8RP754M,1681,2,0.82
A4N7V27LJPYQM,1681,2,0.82
A3D1F33TQKQNWG,1682,2,0.82
A3V7H58BH72AYT,1682,2,0.82
A2UOC6T2I7RD4D,1683,2,0.82
A138KVPMCTXA68,1683,2,0.82
A2IBA1IN6HO7CA,1684,2,0.82
A1CQ23FW98FY3U,1684,2,0.82
AKVR3JML9UJKN,1685,2,0.82
A1WJ2RNEQSHSU8,1685,2,0.82
A1HKZAWVI7HV29,1686,2,0.82
A18YNOGKAVBWFK,1686,2,0.82
A2YDJ928L04Q1C,1687,2,0.82
A20LGL0H23UDC5,1687,2,0.82
AU4X3BLQZLK98,1688,2,0.82
A1KZSTHI3UO52F,1688,2,0.82
A3JWXTHSZHMVWH,1689,2,0.82
AU0PB0NB7R2TX,1689,2,0.82
ASQXQ2FQLOIO3,1690,2,0.82
A37ZBHBHMUJHK8,1690,2,0.82
A3FLILNMY2OD8R,1691,2,0.82
A1FI92F24HV4QW,1691,2,0.82
A2SJMA8DQ44Y2A,1692,2,0.82
A3AY8SK3PT7ICL,1692,2,0.82
A3F2926FPOBNL,1693,2,0.82
A2SVJWQVC7ZDMT,1693,2,0.82
AYD8266ZVTHM9,1694,2,0.82
A3BPDUPMEL0IA4,1694,2,0.82
A1IS83JZRDC02N,1695,2,0.82
A38WIFTJKMIOZ2,1695,2,0.82
A3UVXRXBQLH0Z1,1696,2,0.82
A2YEA8F65SHGON,1696,2,0.82
A16Z9OKB0NVI3F,1697,2,0.82
A3L8QR8WW719L3,1697,2,0.82
A1ZWBN5GDR81YC,1698,2,0.82
A249YKI7Q334FD,1698,2,0.82
A3NS98ZQBS78CE,1699,2,0.82
A2H9NDFD8V68T9,1699,2,0.82
A31H33Z895OO6V,1700,2,0.82
A15DJ0PXR7E9FC,1700,2,0.82
A2OSEL4JDMPBAS,1701,2,0.82
A1CB1PVKD7X7YY,1701,2,0.82
A38IVDBV0842E0,1702,2,0.82
A3AN5YZVGQ9JK2,1702,2,0.82
A1HCCDO8SMATTL,1703,2,0.82
ARSXOIYDDN688,1703,2,0.82
A39ZM5JBI8XYZB,1704,3,0.6967
A1A3SWARGP6OF5,1704,3,0.6967
A3HROY1ML8ZQIP,1704,3,0.6967
A152W19JNMN6VP,1705,2,0.82
A1TEAHT7WNI2D9,1705,2,0.82
A151ZCR9ZLGI5E,1706,2,0.82
A1M93ZN0LVXO2B,1706,2,0.82
A1C2CL4OMGRUKO,1707,3,0.8967
AO72DT6UKHI0I,1707,3,0.8967
AT64QTBR9YT9O,1707,3,0.8967
A16XP5QR6W3I10,1708,2,0.82
A169GRGIF24X1Y,1708,2,0.82
A24RNXDKD912X1,1709,3,0.83
A1PVBXEAH1B5V,1709,3,0.83
A2QT8WUR0GKB2H,1709,3,0.83
A115F55TD6QRDI,1710,2,0.82
A3OT8KJ0QDVER9,1710,2,0.82
A2JOIAJ45QR38E,1711,2,0.82
A32M615C8BU958,1711,2,0.82
A2FCTCWVZ6PPX5,1712,2,0.82
A2TPHVJUHK9SKH,1712,2,0.82
A3E1SL0NL05H1N,1713,2,0.82
A3SCV6FML8MLMS,1713,2,0.82
A3KENRBITA2DET,1714,2,0.82
A25YAB9C3ATMO9,1714,2,0.82
A3HVH753MBGBX1,1715,2,0.82
A1VU987WCH1DC9,1715,2,0.82
AB1I5IQ2FTFQC,1716,2,0.82
A38LHDJH1DLRBI,1716,2,0.82
A11PWDHFQ7ZMMD,1717,2,0.82
A29FVZP5E2E91H,1717,2,0.82
A2Z1TUR16L5SVA,1718,2,0.82
A3T7OVWAIIASJL,1718,2,0.82
A15NFAT4JJBOO,1719,2,0.82
ACEFBWOGU9M9K,1719,2,0.82
A3JGE56B1T47VX,1720,2,0.82
A11GW7K1BH2H6N,1720,2,0.82
A5MHUYJHLUC99,1721,2,0.82
A3PO55MPTOWUV0,1721,2,0.82
A1ULGCSUSWGGQV,1722,2,0.82
AI4AUESH2VFBD,1722,2,0.82
A34FQ8BFFZCJKO,1723,2,0.82
A39HOV8FSH4717,1723,2,0.82
A12JCBP66C16WU,1724,2,0.82
A1Y3KIZ0PGPG1A,1724,2,0.82
AYE5YSTOTQXDD,1725,2,0.82
ADY9HT6IIILB9,1725,2,0.82
AFKSEPX9W2CA0,1726,2,0.82
A3SUBHQ6PZ4RHQ,1726,2,0.82
A2EDK3RC645FSV,1727,2,0.82
A1ZUQG0G6550I3,1727,2,0.82
A3TVZLJ6CPRGDC,1728,2,0.82
A3SOWXCQ3VOCT8,1728,2,0.82
A2BO6PLD34SH65,1729,2,0.82
AYAR27EBZUK2Y,1729,2,0.82
A1LYJLZ7ETSZP3,1730,2,0.82
A39S9W9IRIFYX4,1730,2,0.82
A1TFPYSO382KJR,1731,2,0.82
A1ZPMGKXJI25UH,1731,2,0.82
A3A06OY1SI120O,1732,2,0.82
AFLSOO2COOI7A,1732,2,0.82
A34QAQ042IRPVW,1733,2,0.82
A34ONYQE6K56X8,1733,2,0.82
A2ARBHSFWZN5IT,1734,2,0.82
A72K096ZOUAJL,1734,2,0.82
A4M8IQFCNUUU1,1735,2,0.82
A36E4R6NZ6RQZZ,1735,2,0.82
AHY6I9IFRSD4A,1736,2,0.82
A27LY9ET24N5NY,1736,2,0.82
A2K0HK2UUX8RKA,1737,2,0.82
A1LM06N7CFL478,1737,2,0.82
AMXOA0TC2QPF6,1738,3,0.83
A12GX216LFBI8T,1738,3,0.83
A1W6QCUBVT26Z9,1738,3,0.83
A30YIKKMLUE5DL,1739,2,0.82
A1XO1QN4H98HGA,1739,2,0.82
