review_id,p_fake
rev_0,0.9886
rev_1,0.9976
rev_2,0.9677
rev_3,0.8709
rev_4,0.9524
rev_5,0.662
rev_6,0.9772
rev_7,0.9871
rev_8,0.9881
rev_9,0.985
rev_10,1.0
rev_11,0.9292
rev_12,0.9754
rev_13,0.7156
rev_14,0.9897
rev_15,0.9471
rev_16,0.8931
rev_17,0.9936
rev_18,0.9578
rev_19,0.8172
rev_20,0.9996
rev_21,0.9941
rev_22,0.9418
rev_23,0.9954
rev_24,0.9911
rev_25,0.9964
rev_26,0.9998
rev_27,0.8012
rev_28,0.9666
rev_29,0.9971
rev_30,0.6434
rev_31,0.5868
rev_32,0.9008
rev_33,0.7592
rev_34,0.9926
rev_35,0.9933
rev_36,0.9996
rev_37,0.9877
rev_38,0.9846
rev_39,0.9911
rev_40,0.9875
rev_41,0.8003
rev_42,0.9772
rev_43,0.8184
rev_44,0.9952
rev_45,0.9713
rev_46,0.8839
rev_47,0.1639
rev_48,0.9975
rev_49,0.9875
rev_50,0.9722
rev_51,0.9917
rev_52,0.7865
rev_53,0.9793
rev_54,0.0196
rev_55,0.1056
rev_56,0.0641
rev_57,0.1405
rev_58,0.5097
rev_59,0.8947
rev_60,0.2506
rev_61,0.5546
rev_62,0.0681
rev_63,0.083
rev_64,0.0158
rev_65,0.9315
rev_66,0.0416
rev_67,0.7348
rev_68,0.0389
rev_69,0.0135
rev_70,0.998
rev_71,0.1062
rev_72,0.4584
rev_73,0.1183
rev_74,0.0444
rev_75,0.0572
rev_76,0.0844
rev_77,0.1443
rev_78,0.5948
rev_79,0.331
rev_80,0.968
rev_81,0.2831
rev_82,0.3141
rev_83,0.0258
rev_84,0.0738
rev_85,0.016
rev_86,0.0321
rev_87,0.0549
rev_88,0.0078
rev_89,0.1366
rev_90,0.4834
rev_91,0.2754
rev_92,0.0507
rev_93,0.0412
rev_94,0.0508
rev_95,0.0063
rev_96,0.3642
rev_97,0.0033
rev_98,0.2806
rev_99,0.0955
rev_100,0.092
rev_101,0.1601
rev_102,0.1133
rev_103,0.0335
rev_104,0.0897
rev_105,0.0492
rev_106,0.5199
rev_107,0.0896
rev_108,0.0058
rev_109,0.5092
rev_110,0.8327
rev_111,0.9723
rev_112,0.1402
rev_113,0.9997
rev_114,0.9955
rev_115,0.9878
rev_116,0.9287
rev_117,0.6651
rev_118,0.9981
rev_119,0.8591
rev_120,0.9732
rev_121,0.9779
rev_122,0.9989
rev_123,0.6585
rev_124,0.5868
rev_125,0.8812
rev_126,0.75
rev_127,0.9993
rev_128,0.6476
rev_129,0.6506
rev_130,0.9989
rev_131,0.9093
rev_132,0.9927
rev_133,0.991
rev_134,0.6592
rev_135,0.8096
rev_136,0.7789
rev_137,0.9416
rev_138,0.8826
rev_139,0.9982
rev_140,0.8413
rev_141,0.6115
rev_142,0.9986
rev_143,0.9997
rev_144,0.839
rev_145,0.9292
rev_146,0.9994
rev_147,0.9979
rev_148,0.7174
rev_149,0.7081
rev_150,0.9605
rev_151,0.9959
rev_152,0.5784
rev_153,0.7646
rev_154,0.9926
rev_155,0.3397
rev_156,0.9944
rev_157,0.9378
rev_158,0.8713
rev_159,0.8513
rev_160,0.0275
rev_161,0.0692
rev_162,0.7454
rev_163,0.0504
rev_164,0.2699
rev_165,0.0445
rev_166,0.306
rev_167,0.0105
rev_168,0.0046
rev_169,0.038
rev_170,0.0059
rev_171,0.0384
rev_172,0.3342
rev_173,0.1662
rev_174,0.0231
rev_175,0.1351
rev_176,0.1431
rev_177,0.5939
rev_178,0.5293
rev_179,0.2966
rev_180,0.2673
rev_181,0.0333
rev_182,0.0286
rev_183,0.0274
rev_184,0.1392
rev_185,0.7063
rev_186,0.4035
rev_187,0.3535
rev_188,0.244
rev_189,0.0731
rev_190,0.2222
rev_191,0.0558
rev_192,0.3799
rev_193,0.7385
rev_194,0.0028
rev_195,0.1292
rev_196,0.4248
rev_197,0.1052
rev_198,0.1795
rev_199,0.3991
rev_200,0.3568
rev_201,0.2029
rev_202,0.0265
rev_203,0.2097
rev_204,0.1735
rev_205,0.1329
rev_206,0.0743
rev_207,0.5991
rev_208,0.5205
rev_209,0.0891
rev_210,0.7922
rev_211,0.0621
rev_212,0.8573
rev_213,0.9866
rev_214,0.6875
rev_215,0.9985
rev_216,0.8885
rev_217,0.549
rev_218,0.9819
rev_219,0.9897
rev_220,0.9972
rev_221,0.9932
rev_222,0.9983
rev_223,0.9872
rev_224,0.9885
rev_225,0.6528
rev_226,0.9943
rev_227,0.9864
rev_228,0.8493
rev_229,0.654
rev_230,0.9502
rev_231,0.9992
rev_232,0.6127
rev_233,0.9247
rev_234,0.9993
rev_235,0.988
rev_236,0.9996
rev_237,0.9984
rev_238,0.8945
rev_239,0.9199
rev_240,0.9994
rev_241,0.9988
rev_242,0.9772
rev_243,0.8791
rev_244,0.5678
rev_245,0.9747
rev_246,0.9644
rev_247,0.9585
rev_248,0.521
rev_249,0.9477
rev_250,0.9895
rev_251,0.9935
rev_252,0.9928
rev_253,0.9937
rev_254,0.99
rev_255,0.7348
rev_256,0.9941
rev_257,0.9996
rev_258,0.6968
rev_259,0.3298
rev_260,0.1076
rev_261,0.2175
rev_262,0.5517
rev_263,0.0988
rev_264,0.1525
rev_265,0.0225
rev_266,0.4663
rev_267,0.0019
rev_268,0.985
rev_269,0.3792
rev_270,0.0735
rev_271,0.2901
rev_272,0.1526
rev_273,0.4586
rev_274,0.0047
rev_275,0.0148
rev_276,0.0558
rev_277,0.4346
rev_278,0.9454
rev_279,0.8046
rev_280,0.0044
rev_281,0.0109
rev_282,0.3473
rev_283,0.083
rev_284,0.0403
rev_285,0.2219
rev_286,0.0489
rev_287,0.0883
rev_288,0.0741
rev_289,0.3843
rev_290,0.2401
rev_291,0.1575
rev_292,0.1434
rev_293,0.8903
rev_294,0.0707
rev_295,0.9974
rev_296,0.0089
rev_297,0.5872
rev_298,0.0693
rev_299,0.0395
rev_300,0.3785
rev_301,0.4474
rev_302,0.0538
rev_303,0.7654
rev_304,0.4082
rev_305,0.0336
rev_306,0.3705
rev_307,0.9938
rev_308,0.9986
rev_309,0.9933
rev_310,0.9547
rev_311,0.9829
rev_312,0.7287
rev_313,0.9849
rev_314,0.5968
rev_315,0.9987
rev_316,0.9994
rev_317,0.9803
rev_318,0.9819
rev_319,0.9988
rev_320,0.9772
rev_321,0.887
rev_322,0.9792
rev_323,0.9974
rev_324,0.9752
rev_325,0.2221
rev_326,0.2716
rev_327,0.9921
rev_328,0.1164
rev_329,0.9909
rev_330,0.9986
rev_331,0.9942
rev_332,0.6809
rev_333,0.2227
rev_334,0.9947
rev_335,0.9465
rev_336,0.8161
rev_337,0.9941
rev_338,0.2718
rev_339,0.8425
rev_340,0.9841
rev_341,0.9552
rev_342,0.998
rev_343,0.9995
rev_344,0.9884
rev_345,0.9923
rev_346,0.9095
rev_347,0.998
rev_348,0.994
rev_349,0.2895
rev_350,0.9777
rev_351,0.0538
rev_352,0.0219
rev_353,0.0003
rev_354,0.1359
rev_355,0.0141
rev_356,0.3084
rev_357,0.0023
rev_358,0.0714
rev_359,0.0021
rev_360,0.2433
rev_361,0.1723
rev_362,0.199
rev_363,0.3878
rev_364,0.3903
rev_365,0.0466
rev_366,0.2842
rev_367,0.2888
rev_368,0.0167
rev_369,0.0682
rev_370,0.039
rev_371,0.2
rev_372,0.3025
rev_373,0.1759
rev_374,0.5401
rev_375,0.1117
rev_376,0.1996
rev_377,0.2016
rev_378,0.8103
rev_379,0.0085
rev_380,0.0346
rev_381,0.0096
rev_382,0.1185
rev_383,0.3801
rev_384,0.0269
rev_385,0.2426
rev_386,0.3716
rev_387,0.023
rev_388,0.3053
rev_389,0.0128
rev_390,0.0194
rev_391,0.2839
rev_392,0.0292
rev_393,0.0413
rev_394,0.1475
rev_395,0.0255
rev_396,0.9997
rev_397,0.9677
rev_398,0.7116
rev_399,0.9998
rev_400,0.4776
rev_401,0.9235
rev_402,0.8658
rev_403,0.8905
rev_404,0.9971
rev_405,0.501
rev_406,0.9342
rev_407,0.691
rev_408,0.9998
rev_409,0.9852
rev_410,0.9104
rev_411,0.9728
rev_412,0.9789
rev_413,0.9785
rev_414,0.9608
rev_415,0.7751
rev_416,0.9985
rev_417,0.9975
rev_418,0.989
rev_419,0.9847
rev_420,0.9724
rev_421,0.9521
rev_422,0.9992
rev_423,0.2195
rev_424,0.9998
rev_425,0.9999
rev_426,0.9897
rev_427,0.9985
rev_428,0.9777
rev_429,0.9639
rev_430,0.9371
rev_431,0.9885
rev_432,0.9519
rev_433,0.97
rev_434,0.9972
rev_435,0.9986
rev_436,0.935
rev_437,0.4842
rev_438,0.9924
rev_439,0.9908
rev_440,0.0108
rev_441,0.2495
rev_442,0.4685
rev_443,0.2469
rev_444,0.0203
rev_445,0.0209
rev_446,0.3437
rev_447,0.7309
rev_448,0.0514
rev_449,0.7614
rev_450,0.1535
rev_451,0.6148
rev_452,0.01
rev_453,0.5399
rev_454,0.1394
rev_455,0.2953
rev_456,0.0219
rev_457,0.4548
rev_458,0.2337
rev_459,0.0422
rev_460,0.8605
rev_461,0.6723
rev_462,0.0058
rev_463,0.2028
rev_464,0.0447
rev_465,0.3937
rev_466,0.0056
rev_467,0.1982
rev_468,0.1261
rev_469,0.1205
rev_470,0.0332
rev_471,0.0799
rev_472,0.069
rev_473,0.0378
rev_474,0.1384
rev_475,0.3682
rev_476,0.0036
rev_477,0.1356
rev_478,0.0432
rev_479,0.1789
rev_480,0.6177
rev_481,0.3972
rev_482,0.0236
rev_483,0.006
rev_484,0.9801
rev_485,0.9671
rev_486,0.9826
rev_487,0.9785
rev_488,0.9224
rev_489,0.2873
rev_490,0.86
rev_491,0.993
rev_492,0.9497
rev_493,0.5985
rev_494,0.9323
rev_495,0.2439
rev_496,0.995
rev_497,0.7518
rev_498,0.9582
rev_499,0.5901
rev_500,0.9807
rev_501,0.9501
rev_502,0.3953
rev_503,0.8485
rev_504,0.4892
rev_505,0.4566
rev_506,0.7676
rev_507,0.3212
rev_508,0.9623
rev_509,0.7952
rev_510,0.9993
rev_511,0.9946
rev_512,0.9981
rev_513,0.8209
rev_514,0.9861
rev_515,0.9853
rev_516,0.9515
rev_517,0.9973
rev_518,0.7821
rev_519,0.8144
rev_520,0.9851
rev_521,0.9964
rev_522,0.9333
rev_523,0.9852
rev_524,0.994
rev_525,0.2926
rev_526,0.3251
rev_527,0.2597
rev_528,0.971
rev_529,0.1013
rev_530,0.0496
rev_531,0.3293
rev_532,0.0293
rev_533,0.0766
rev_534,0.0076
rev_535,0.0093
rev_536,0.4946
rev_537,0.8455
rev_538,0.0069
rev_539,0.0278
rev_540,0.2187
rev_541,0.0883
rev_542,0.2289
rev_543,0.1701
rev_544,0.1008
rev_545,0.1089
rev_546,0.0515
rev_547,0.1562
rev_548,0.3287
rev_549,0.4853
rev_550,0.226
rev_551,0.3468
rev_552,0.2511
rev_553,0.0153
rev_554,0.1828
rev_555,0.0676
rev_556,0.0363
rev_557,0.0202
rev_558,0.1281
rev_559,0.0442
rev_560,0.0082
rev_561,0.7669
rev_562,0.0546
rev_563,0.1013
rev_564,0.2405
rev_565,0.0697
rev_566,0.9805
rev_567,0.8871
rev_568,0.9996
rev_569,0.975
rev_570,0.9928
rev_571,0.9898
rev_572,0.9899
rev_573,0.9979
rev_574,0.9681
rev_575,0.991
rev_576,0.9807
rev_577,0.9991
rev_578,0.8092
rev_579,0.6196
rev_580,0.9968
rev_581,0.9871
rev_582,0.9702
rev_583,0.9998
rev_584,0.7362
rev_585,0.9917
rev_586,0.7407
rev_587,0.9911
rev_588,0.9924
rev_589,0.3023
rev_590,0.9909
rev_591,0.7063
rev_592,0.9866
rev_593,0.089
rev_594,0.9989
rev_595,0.9895
rev_596,0.9996
rev_597,0.9822
rev_598,0.9853
rev_599,0.9999
rev_600,0.9909
rev_601,0.9942
rev_602,0.9989
rev_603,0.9647
rev_604,0.9147
rev_605,0.868
rev_606,0.337
rev_607,0.0698
rev_608,0.0121
rev_609,0.0748
rev_610,0.0312
rev_611,0.021
rev_612,0.3332
rev_613,0.3562
rev_614,0.1029
rev_615,0.019
rev_616,0.5126
rev_617,0.8602
rev_618,0.1107
rev_619,0.1132
rev_620,0.3389
rev_621,0.4074
rev_622,0.3452
rev_623,0.0063
rev_624,0.0768
rev_625,0.0053
rev_626,0.6854
rev_627,0.2214
rev_628,0.2565
rev_629,0.5216
rev_630,0.0083
rev_631,0.0291
rev_632,0.0867
rev_633,0.271
rev_634,0.4441
rev_635,0.0048
rev_636,0.854
rev_637,0.0116
rev_638,0.7425
rev_639,0.0419
rev_640,0.2818
rev_641,0.1815
rev_642,0.04
rev_643,0.1064
rev_644,0.0112
rev_645,0.0582
rev_646,0.7448
rev_647,0.552
rev_648,0.7052
rev_649,0.9887
rev_650,0.9996
rev_651,0.995
rev_652,0.1801
rev_653,0.9653
rev_654,0.9876
rev_655,0.9547
rev_656,0.9877
rev_657,0.7894
rev_658,0.9858
rev_659,0.816
rev_660,0.9952
rev_661,0.7993
rev_662,0.9824
rev_663,0.9658
rev_664,0.9839
rev_665,0.9958
rev_666,0.999
rev_667,0.9947
rev_668,0.9942
rev_669,0.9908
rev_670,0.9972
rev_671,0.3851
rev_672,0.9846
rev_673,0.9
rev_674,0.7677
rev_675,0.5194
rev_676,1.0
rev_677,0.9752
rev_678,0.9982
rev_679,0.9882
rev_680,0.9938
rev_681,0.9937
rev_682,0.9935
rev_683,0.1212
rev_684,0.0175
rev_685,0.0619
rev_686,0.5554
rev_687,0.0047
rev_688,0.1397
rev_689,0.0007
rev_690,0.0646
rev_691,0.1196
rev_692,0.3537
rev_693,0.5047
rev_694,0.0762
rev_695,0.0015
rev_696,0.0466
rev_697,0.0068
rev_698,0.0191
rev_699,0.1475
rev_700,0.4527
rev_701,0.01
rev_702,0.0472
rev_703,0.0802
rev_704,0.102
rev_705,0.081
rev_706,0.4075
rev_707,0.0823
rev_708,0.3037
rev_709,0.0026
rev_710,0.0268
rev_711,0.1851
rev_712,0.1752
rev_713,0.8275
rev_714,0.0385
rev_715,0.0534
rev_716,0.1668
rev_717,0.0165
rev_718,0.4368
rev_719,0.3892
rev_720,0.3467
rev_721,0.0094
rev_722,0.9823
rev_723,0.8634
rev_724,0.9181
rev_725,0.9997
rev_726,0.9923
rev_727,0.9941
rev_728,0.9061
rev_729,0.9861
rev_730,0.998
rev_731,0.9925
rev_732,0.9676
rev_733,0.8749
rev_734,0.9995
rev_735,0.0721
rev_736,0.9523
rev_737,0.9929
rev_738,0.3899
rev_739,0.3215
rev_740,0.892
rev_741,0.9999
rev_742,0.9979
rev_743,0.7732
rev_744,0.9589
rev_745,0.9883
rev_746,0.9997
rev_747,0.1251
rev_748,0.8995
rev_749,0.998
rev_750,0.3272
rev_751,0.9889
rev_752,0.6114
rev_753,0.8571
rev_754,0.679
rev_755,0.8681
rev_756,0.9236
rev_757,0.9789
rev_758,0.4653
rev_759,0.8718
rev_760,0.1364
rev_761,0.0066
rev_762,0.6376
rev_763,0.335
rev_764,0.0261
rev_765,0.0035
rev_766,0.0142
rev_767,0.1675
rev_768,0.0474
rev_769,0.0053
rev_770,0.1465
rev_771,0.2476
rev_772,0.0034
rev_773,0.9845
rev_774,0.334
rev_775,0.6341
rev_776,0.0181
rev_777,0.0338
rev_778,0.0295
rev_779,0.3696
rev_780,0.0046
rev_781,0.3994
rev_782,0.0022
rev_783,0.3909
rev_784,0.0179
rev_785,0.0214
rev_786,0.0084
rev_787,0.6176
rev_788,0.0165
rev_789,0.4032
rev_790,0.052
rev_791,0.5823
rev_792,0.01
rev_793,0.018
rev_794,0.9634
rev_795,0.9991
rev_796,0.9892
rev_797,0.994
rev_798,0.9981
rev_799,0.9044
rev_800,0.8276
rev_801,0.1145
rev_802,0.9886
rev_803,0.9158
rev_804,0.9651
rev_805,0.9982
rev_806,0.6767
rev_807,0.9875
rev_808,0.9964
rev_809,0.9607
rev_810,0.9993
rev_811,0.2238
rev_812,0.7262
rev_813,0.9985
rev_814,0.9707
rev_815,0.9993
rev_816,0.9548
rev_817,0.9917
rev_818,0.9862
rev_819,0.9784
rev_820,0.9784
rev_821,0.9387
rev_822,0.9978
rev_823,0.9856
rev_824,0.7484
rev_825,0.8725
rev_826,0.3223
rev_827,0.9967
rev_828,0.9499
rev_829,0.7777
rev_830,0.1484
rev_831,0.0784
rev_832,0.6192
rev_833,0.0993
rev_834,0.5734
rev_835,0.0006
rev_836,0.0486
rev_837,0.0996
rev_838,0.0049
rev_839,0.1221
rev_840,0.0056
rev_841,0.2838
rev_842,0.3424
rev_843,0.7651
rev_844,0.0525
rev_845,0.0006
rev_846,0.0141
rev_847,0.369
rev_848,0.1321
rev_849,0.2247
rev_850,0.766
rev_851,0.1172
rev_852,0.3425
rev_853,0.0758
rev_854,0.1634
rev_855,0.9907
rev_856,0.2117
rev_857,0.1015
rev_858,0.1074
rev_859,0.0383
rev_860,0.172
rev_861,0.9079
rev_862,0.0716
rev_863,0.1438
rev_864,0.9934
rev_865,0.9966
rev_866,0.2832
rev_867,0.997
rev_868,0.6954
rev_869,0.9997
rev_870,0.9233
rev_871,0.8629
rev_872,0.9003
rev_873,0.9579
rev_874,0.9972
rev_875,0.9454
rev_876,0.9966
rev_877,0.0331
rev_878,0.9882
rev_879,0.9998
rev_880,0.6361
rev_881,0.9992
rev_882,0.9972
rev_883,0.9872
rev_884,0.8064
rev_885,0.9824
rev_886,1.0
rev_887,0.9999
rev_888,0.9834
rev_889,0.9992
rev_890,0.9995
rev_891,0.9289
rev_892,0.9386
rev_893,0.9998
rev_894,0.9702
rev_895,0.9862
rev_896,0.9996
rev_897,0.9982
rev_898,0.9998
rev_899,0.9997
rev_900,0.8541
rev_901,0.9999
rev_902,0.9718
rev_903,0.9854
rev_904,0.83
rev_905,0.9996
rev_906,0.9555
rev_907,0.0131
rev_908,0.4338
rev_909,0.0657
rev_910,0.3088
rev_911,0.1053
rev_912,0.0395
rev_913,0.0197
rev_914,0.096
rev_915,0.0987
rev_916,0.005
rev_917,0.2468
rev_918,0.0123
rev_919,0.1747
rev_920,0.8781
rev_921,0.0222
rev_922,0.0059
rev_923,0.009
rev_924,0.1571
rev_925,0.0118
rev_926,0.084
rev_927,0.0478
rev_928,0.0638
rev_929,0.0706
rev_930,0.138
rev_931,0.0776
rev_932,0.0199
rev_933,0.0198
rev_934,0.0095
rev_935,0.0259
rev_936,0.5813
rev_937,0.9262
rev_938,0.2767
rev_939,0.9204
rev_940,0.7231
rev_941,0.5078
rev_942,0.0136
rev_943,0.0537
rev_944,0.7781
rev_945,0.0221
rev_946,0.0092
rev_947,0.9659
rev_948,0.0055
rev_949,0.4827
rev_950,0.9695
rev_951,0.8851
rev_952,0.9994
rev_953,0.9194
rev_954,0.0545
rev_955,0.9997
rev_956,0.4556
rev_957,0.9935
rev_958,0.9512
rev_959,0.9992
rev_960,0.7178
rev_961,0.9841
rev_962,0.988
rev_963,0.9836
rev_964,0.5334
rev_965,0.9871
rev_966,0.9017
rev_967,0.9904
rev_968,0.5447
rev_969,0.9872
rev_970,0.4767
rev_971,0.9999
rev_972,0.9825
rev_973,0.9971
rev_974,0.9923
rev_975,0.9998
rev_976,0.9944
rev_977,0.9861
rev_978,0.2898
rev_979,0.9961
rev_980,0.9796
rev_981,0.7661
rev_982,0.1767
rev_983,0.9979
rev_984,0.8933
rev_985,0.9397
rev_986,0.9973
rev_987,0.9999
rev_988,0.5692
rev_989,0.9193
rev_990,0.994
rev_991,0.9759
rev_992,0.9847
rev_993,0.8707
rev_994,0.195
rev_995,0.6318
rev_996,0.1936
rev_997,0.1107
rev_998,0.0214
rev_999,0.4446
rev_1000,0.0446
rev_1001,0.2581
rev_1002,0.041
rev_1003,0.2021
rev_1004,0.079
rev_1005,0.0641
rev_1006,0.3858
rev_1007,0.0143
rev_1008,0.0048
rev_1009,0.0389
rev_1010,0.1926
rev_1011,0.2102
rev_1012,0.1965
rev_1013,0.0138
rev_1014,0.5215
rev_1015,0.0133
rev_1016,0.018
rev_1017,0.5213
rev_1018,0.0297
rev_1019,0.3994
rev_1020,0.2291
rev_1021,0.1212
rev_1022,0.0087
rev_1023,0.0045
rev_1024,0.0959
rev_1025,0.1412
rev_1026,0.0154
rev_1027,0.0463
rev_1028,0.0735
rev_1029,0.0202
rev_1030,0.0223
rev_1031,0.1095
rev_1032,0.0024
rev_1033,0.9571
rev_1034,0.0151
rev_1035,0.1115
rev_1036,0.291
rev_1037,0.0227
rev_1038,0.9955
rev_1039,0.7803
rev_1040,0.8262
rev_1041,0.9888
rev_1042,0.9864
rev_1043,0.958
rev_1044,1.0
rev_1045,0.9992
rev_1046,0.9137
rev_1047,0.9624
rev_1048,0.9774
rev_1049,0.9998
rev_1050,0.9995
rev_1051,0.9995
rev_1052,0.9132
rev_1053,0.9965
rev_1054,0.8091
rev_1055,0.9901
rev_1056,0.9999
rev_1057,0.9033
rev_1058,0.9779
rev_1059,0.9996
rev_1060,0.9267
rev_1061,0.9952
rev_1062,0.8171
rev_1063,0.9844
rev_1064,0.9768
rev_1065,0.9809
rev_1066,0.9525
rev_1067,0.9634
rev_1068,0.523
rev_1069,0.9983
rev_1070,0.796
rev_1071,0.0433
rev_1072,0.9654
rev_1073,0.9987
rev_1074,0.9651
rev_1075,0.9305
rev_1076,0.9999
rev_1077,0.9938
rev_1078,0.6233
rev_1079,0.2704
rev_1080,0.0907
rev_1081,0.6439
rev_1082,0.1506
rev_1083,0.1417
rev_1084,0.0244
rev_1085,0.0573
rev_1086,0.0193
rev_1087,0.1366
rev_1088,0.0196
rev_1089,0.1372
rev_1090,0.1008
rev_1091,0.0538
rev_1092,0.0262
rev_1093,0.2743
rev_1094,0.0553
rev_1095,0.4102
rev_1096,0.0278
rev_1097,0.3578
rev_1098,0.2753
rev_1099,0.0155
rev_1100,0.0635
rev_1101,0.009
rev_1102,0.009
rev_1103,0.0466
rev_1104,0.2566
rev_1105,0.0567
rev_1106,0.0276
rev_1107,0.0456
rev_1108,0.1172
rev_1109,0.3473
rev_1110,0.1158
rev_1111,0.0777
rev_1112,0.4653
rev_1113,0.1245
rev_1114,0.7897
rev_1115,0.2624
rev_1116,0.7585
rev_1117,0.0583
rev_1118,0.7763
rev_1119,0.0156
rev_1120,0.0041
rev_1121,0.0027
rev_1122,0.9878
rev_1123,0.9972
rev_1124,0.9974
rev_1125,0.9994
rev_1126,0.9997
rev_1127,0.9908
rev_1128,0.9974
rev_1129,0.969
rev_1130,0.9904
rev_1131,0.9689
rev_1132,0.9884
rev_1133,0.9893
rev_1134,0.3557
rev_1135,0.9678
rev_1136,0.9929
rev_1137,0.9079
rev_1138,0.92
rev_1139,0.9982
rev_1140,0.7464
rev_1141,0.9755
rev_1142,0.9992
rev_1143,0.933
rev_1144,0.9817
rev_1145,0.9982
rev_1146,0.9983
rev_1147,0.9955
rev_1148,0.8766
rev_1149,0.9987
rev_1150,0.3705
rev_1151,0.7583
rev_1152,0.9998
rev_1153,0.9727
rev_1154,0.9974
rev_1155,0.9964
rev_1156,0.9716
rev_1157,0.999
rev_1158,0.995
rev_1159,0.951
rev_1160,0.9214
rev_1161,0.9977
rev_1162,0.6056
rev_1163,0.0471
rev_1164,0.0126
rev_1165,0.7112
rev_1166,0.1461
rev_1167,0.0528
rev_1168,0.003
rev_1169,0.0041
rev_1170,0.0262
rev_1171,0.0178
rev_1172,0.0076
rev_1173,0.0128
rev_1174,0.1256
rev_1175,0.9563
rev_1176,0.0054
rev_1177,0.0899
rev_1178,0.0139
rev_1179,0.1393
rev_1180,0.0002
rev_1181,0.3992
rev_1182,0.0613
rev_1183,0.015
rev_1184,0.4262
rev_1185,0.0063
rev_1186,0.0284
rev_1187,0.0851
rev_1188,0.0975
rev_1189,0.4055
rev_1190,0.0051
rev_1191,0.0092
rev_1192,0.6909
rev_1193,0.0069
rev_1194,0.3792
rev_1195,0.4887
rev_1196,0.0004
rev_1197,0.2461
rev_1198,0.0096
rev_1199,0.1048
rev_1200,0.6843
rev_1201,0.0638
rev_1202,0.6933
rev_1203,0.9616
rev_1204,0.9963
rev_1205,0.9919
rev_1206,0.1928
rev_1207,0.9846
rev_1208,0.9983
rev_1209,0.5593
rev_1210,0.9204
rev_1211,0.9923
rev_1212,0.9922
rev_1213,0.9606
rev_1214,0.8201
rev_1215,0.9999
rev_1216,0.9904
rev_1217,0.9371
rev_1218,0.7254
rev_1219,0.9946
rev_1220,0.9902
rev_1221,0.9983
rev_1222,0.9919
rev_1223,0.8936
rev_1224,0.9233
rev_1225,1.0
rev_1226,0.7817
rev_1227,0.979
rev_1228,0.9994
rev_1229,0.9994
rev_1230,0.9655
rev_1231,0.8752
rev_1232,0.0914
rev_1233,0.9954
rev_1234,0.9719
rev_1235,0.9989
rev_1236,0.995
rev_1237,0.7892
rev_1238,0.9977
rev_1239,0.0179
rev_1240,0.0042
rev_1241,0.0528
rev_1242,0.0484
rev_1243,0.1129
rev_1244,0.1998
rev_1245,0.1543
rev_1246,0.1449
rev_1247,0.2822
rev_1248,0.6169
rev_1249,0.0661
rev_1250,0.0112
rev_1251,0.0476
rev_1252,0.0214
rev_1253,0.0102
rev_1254,0.3319
rev_1255,0.2764
rev_1256,0.356
rev_1257,0.0713
rev_1258,0.4394
rev_1259,0.0083
rev_1260,0.0382
rev_1261,0.3049
rev_1262,0.5667
rev_1263,0.1263
rev_1264,0.0081
rev_1265,0.3282
rev_1266,0.0453
rev_1267,0.0531
rev_1268,0.0034
rev_1269,0.0066
rev_1270,0.0742
rev_1271,0.012
rev_1272,0.0064
rev_1273,0.0428
rev_1274,0.0285
rev_1275,0.1946
rev_1276,0.9721
rev_1277,0.9792
rev_1278,0.7694
rev_1279,0.91
rev_1280,0.993
rev_1281,0.9987
rev_1282,0.9088
rev_1283,0.9973
rev_1284,0.9874
rev_1285,0.9985
rev_1286,0.9986
rev_1287,0.9991
rev_1288,0.9797
rev_1289,0.9754
rev_1290,0.5807
rev_1291,0.4982
rev_1292,0.9844
rev_1293,0.9954
rev_1294,0.9942
rev_1295,0.9624
rev_1296,0.9517
rev_1297,0.8467
rev_1298,0.9974
rev_1299,0.9988
rev_1300,0.9799
rev_1301,0.9924
rev_1302,0.9902
rev_1303,0.6697
rev_1304,0.8989
rev_1305,0.9167
rev_1306,0.9831
rev_1307,0.8437
rev_1308,0.8836
rev_1309,0.9974
rev_1310,0.9966
rev_1311,0.1041
rev_1312,0.0769
rev_1313,0.0083
rev_1314,0.08
rev_1315,0.0336
rev_1316,0.143
rev_1317,0.653
rev_1318,0.1519
rev_1319,0.8626
rev_1320,0.6359
rev_1321,0.1998
rev_1322,0.0566
rev_1323,0.0539
rev_1324,0.0234
rev_1325,0.0841
rev_1326,0.2579
rev_1327,0.062
rev_1328,0.1672
rev_1329,0.1036
rev_1330,0.0481
rev_1331,0.0512
rev_1332,0.0308
rev_1333,0.0697
rev_1334,0.0045
rev_1335,0.3758
rev_1336,0.0173
rev_1337,0.0264
rev_1338,0.2435
rev_1339,0.5314
rev_1340,0.1167
rev_1341,0.001
rev_1342,0.0261
rev_1343,0.485
rev_1344,0.1934
rev_1345,0.0747
rev_1346,0.8317
rev_1347,0.9455
rev_1348,0.9022
rev_1349,0.691
rev_1350,0.9735
rev_1351,0.9603
rev_1352,0.9949
rev_1353,0.8053
rev_1354,0.9944
rev_1355,0.999
rev_1356,0.9974
rev_1357,0.9995
rev_1358,0.9644
rev_1359,0.9902
rev_1360,0.9966
rev_1361,0.9979
rev_1362,0.8341
rev_1363,0.9861
rev_1364,0.996
rev_1365,1.0
rev_1366,0.5235
rev_1367,0.9996
rev_1368,0.7406
rev_1369,0.9355
rev_1370,0.9008
rev_1371,0.9345
rev_1372,0.9314
rev_1373,0.7268
rev_1374,0.9953
rev_1375,0.8503
rev_1376,0.9058
rev_1377,0.9275
rev_1378,0.9808
rev_1379,0.999
rev_1380,0.0418
rev_1381,0.0501
rev_1382,0.3202
rev_1383,0.0213
rev_1384,0.0274
rev_1385,0.0078
rev_1386,0.007
rev_1387,0.2609
rev_1388,0.3045
rev_1389,0.0253
rev_1390,0.3732
rev_1391,0.17
rev_1392,0.0112
rev_1393,0.0801
rev_1394,0.2683
rev_1395,0.3271
rev_1396,0.2108
rev_1397,0.0022
rev_1398,0.0072
rev_1399,0.0376
rev_1400,0.0947
rev_1401,0.0384
rev_1402,0.4223
rev_1403,0.0056
rev_1404,0.0012
rev_1405,0.0149
rev_1406,0.1787
rev_1407,0.724
rev_1408,0.114
rev_1409,0.1495
rev_1410,0.0512
rev_1411,0.7937
rev_1412,0.0855
rev_1413,0.0555
rev_1414,0.9125
rev_1415,0.9956
rev_1416,0.8241
rev_1417,0.9948
rev_1418,0.9807
rev_1419,0.9438
rev_1420,0.9986
rev_1421,0.7529
rev_1422,0.997
rev_1423,0.9837
rev_1424,0.998
rev_1425,0.1393
rev_1426,0.9882
rev_1427,0.9945
rev_1428,0.9988
rev_1429,0.9986
rev_1430,0.9279
rev_1431,0.9995
rev_1432,0.9825
rev_1433,0.8499
rev_1434,0.2546
rev_1435,0.9329
rev_1436,0.9918
rev_1437,0.9994
rev_1438,0.9821
rev_1439,0.965
rev_1440,0.6736
rev_1441,0.9969
rev_1442,0.9005
rev_1443,0.9999
rev_1444,0.9919
rev_1445,0.9869
rev_1446,0.0295
rev_1447,0.0798
rev_1448,0.1918
rev_1449,0.3485
rev_1450,0.0177
rev_1451,0.0259
rev_1452,0.0
rev_1453,0.0527
rev_1454,0.2112
rev_1455,0.013
rev_1456,0.0107
rev_1457,0.1425
rev_1458,0.0022
rev_1459,0.4154
rev_1460,0.8739
rev_1461,0.6099
rev_1462,0.3735
rev_1463,0.0159
rev_1464,0.2087
rev_1465,0.0459
rev_1466,0.731
rev_1467,0.0197
rev_1468,0.0014
rev_1469,0.8683
rev_1470,0.017
rev_1471,0.0158
rev_1472,0.7941
rev_1473,0.0262
rev_1474,0.0879
rev_1475,0.4953
rev_1476,0.0291
rev_1477,0.0368
rev_1478,0.9872
rev_1479,0.9522
rev_1480,0.907
rev_1481,0.9998
rev_1482,0.8198
rev_1483,0.9829
rev_1484,0.9171
rev_1485,0.9454
rev_1486,0.9965
rev_1487,0.845
rev_1488,0.9971
rev_1489,0.9815
rev_1490,0.9754
rev_1491,0.9992
rev_1492,0.9996
rev_1493,0.9884
rev_1494,0.9995
rev_1495,0.9855
rev_1496,0.8538
rev_1497,0.9999
rev_1498,0.9523
rev_1499,0.9911
rev_1500,0.993
rev_1501,0.9994
rev_1502,0.9912
rev_1503,0.9951
rev_1504,0.9993
rev_1505,0.7686
rev_1506,0.9882
rev_1507,0.9992
rev_1508,0.9997
rev_1509,0.3155
rev_1510,0.0861
rev_1511,0.1376
rev_1512,0.0081
rev_1513,0.0084
rev_1514,0.006
rev_1515,0.0371
rev_1516,0.0986
rev_1517,0.1973
rev_1518,0.0119
rev_1519,0.7751
rev_1520,0.8416
rev_1521,0.0647
rev_1522,0.1426
rev_1523,0.0011
rev_1524,0.1584
rev_1525,0.03
rev_1526,0.0031
rev_1527,0.0269
rev_1528,0.0004
rev_1529,0.1009
rev_1530,0.3509
rev_1531,0.008
rev_1532,0.6724
rev_1533,0.1317
rev_1534,0.0165
rev_1535,0.013
rev_1536,0.5255
rev_1537,0.0943
rev_1538,0.0522
rev_1539,0.0109
rev_1540,1.0
rev_1541,0.9999
rev_1542,0.9478
rev_1543,0.9987
rev_1544,0.6326
rev_1545,0.5304
rev_1546,0.951
rev_1547,0.9994
rev_1548,0.5816
rev_1549,0.9998
rev_1550,0.9964
rev_1551,0.9282
rev_1552,0.4969
rev_1553,0.9952
rev_1554,0.7016
rev_1555,0.9972
rev_1556,0.9997
rev_1557,0.9656
rev_1558,0.9999
rev_1559,0.9998
rev_1560,0.9992
rev_1561,0.997
rev_1562,0.9956
rev_1563,0.9948
rev_1564,0.9822
rev_1565,0.5164
rev_1566,0.9987
rev_1567,0.9896
rev_1568,0.9978
rev_1569,0.8684
rev_1570,0.0109
rev_1571,0.0799
rev_1572,0.053
rev_1573,0.0296
rev_1574,0.4307
rev_1575,0.007
rev_1576,0.3196
rev_1577,0.0692
rev_1578,0.2757
rev_1579,0.022
rev_1580,0.1381
rev_1581,0.973
rev_1582,0.3305
rev_1583,0.0028
rev_1584,0.2044
rev_1585,0.0015
rev_1586,0.1979
rev_1587,0.1855
rev_1588,0.006
rev_1589,0.0004
rev_1590,0.0911
rev_1591,0.0767
rev_1592,0.7711
rev_1593,0.098
rev_1594,0.0018
rev_1595,0.0291
rev_1596,0.0187
rev_1597,0.077
rev_1598,0.0328
rev_1599,0.8282
rev_1600,0.9932
rev_1601,0.9829
rev_1602,0.7039
rev_1603,0.9958
rev_1604,1.0
rev_1605,0.7933
rev_1606,0.9922
rev_1607,0.9984
rev_1608,0.9077
rev_1609,0.9786
rev_1610,0.944
rev_1611,0.9861
rev_1612,0.9987
rev_1613,0.9998
rev_1614,0.918
rev_1615,0.9998
rev_1616,0.9997
rev_1617,0.9977
rev_1618,0.9974
rev_1619,0.9949
rev_1620,0.9969
rev_1621,0.9619
rev_1622,0.7119
rev_1623,0.9834
rev_1624,0.9946
rev_1625,0.9714
rev_1626,0.9996
rev_1627,0.9999
rev_1628,0.7659
rev_1629,0.2821
rev_1630,0.0049
rev_1631,0.2327
rev_1632,0.0094
rev_1633,0.0368
rev_1634,0.0392
rev_1635,0.0016
rev_1636,0.0108
rev_1637,0.0692
rev_1638,0.0553
rev_1639,0.0275
rev_1640,0.0024
rev_1641,0.2686
rev_1642,0.075
rev_1643,0.0162
rev_1644,0.7048
rev_1645,0.0659
rev_1646,0.8043
rev_1647,0.0015
rev_1648,0.0095
rev_1649,0.0099
rev_1650,0.4925
rev_1651,0.1666
rev_1652,0.1126
rev_1653,0.3106
rev_1654,0.1198
rev_1655,0.0938
rev_1656,0.0842
rev_1657,0.0201
rev_1658,0.9999
rev_1659,0.5386
rev_1660,0.9367
rev_1661,1.0
rev_1662,0.9859
rev_1663,0.7977
rev_1664,0.9892
rev_1665,0.8074
rev_1666,0.8419
rev_1667,0.9044
rev_1668,0.9466
rev_1669,0.9779
rev_1670,1.0
rev_1671,0.9988
rev_1672,0.9939
rev_1673,0.9989
rev_1674,0.9947
rev_1675,0.6762
rev_1676,0.9804
rev_1677,0.6566
rev_1678,0.9957
rev_1679,0.9989
rev_1680,0.9986
rev_1681,0.9809
rev_1682,0.9995
rev_1683,0.9999
rev_1684,0.9876
rev_1685,0.0253
rev_1686,0.0014
rev_1687,0.026
rev_1688,0.0022
rev_1689,0.1035
rev_1690,0.0068
rev_1691,0.2756
rev_1692,0.0185
rev_1693,0.2588
rev_1694,0.1236
rev_1695,0.0522
rev_1696,0.0471
rev_1697,0.0015
rev_1698,0.0309
rev_1699,0.3906
rev_1700,0.2646
rev_1701,0.166
rev_1702,0.006
rev_1703,0.2889
rev_1704,0.0142
rev_1705,0.0389
rev_1706,0.0445
rev_1707,0.0075
rev_1708,0.2253
rev_1709,0.0573
rev_1710,0.0078
rev_1711,0.0576
rev_1712,0.9844
rev_1713,0.9972
rev_1714,0.9998
rev_1715,0.9886
rev_1716,0.9998
rev_1717,0.9152
rev_1718,0.9925
rev_1719,0.9981
rev_1720,0.5424
rev_1721,0.9997
rev_1722,0.9948
rev_1723,0.9657
rev_1724,0.983
rev_1725,0.9995
rev_1726,0.0308
rev_1727,0.9985
rev_1728,0.9989
rev_1729,0.9959
rev_1730,0.9701
rev_1731,0.9991
rev_1732,0.8691
rev_1733,0.9968
rev_1734,0.9889
rev_1735,0.9999
rev_1736,0.9976
rev_1737,0.994
rev_1738,0.0251
rev_1739,0.1806
rev_1740,0.0785
rev_1741,0.0684
rev_1742,0.1452
rev_1743,0.0425
rev_1744,0.2595
rev_1745,0.0673
rev_1746,0.0009
rev_1747,0.1099
rev_1748,0.0923
rev_1749,0.0084
rev_1750,0.3383
rev_1751,0.0304
rev_1752,0.0188
rev_1753,0.0018
rev_1754,0.0168
rev_1755,0.012
rev_1756,0.0133
rev_1757,0.1537
rev_1758,0.0195
rev_1759,0.0849
rev_1760,0.0126
rev_1761,0.037
rev_1762,0.0058
rev_1763,0.0027
rev_1764,0.9635
rev_1765,0.9742
rev_1766,0.999
rev_1767,0.9966
rev_1768,0.9984
rev_1769,1.0
rev_1770,0.7532
rev_1771,0.9998
rev_1772,0.9958
rev_1773,0.9971
rev_1774,0.9977
rev_1775,0.9998
rev_1776,0.9979
rev_1777,0.999
rev_1778,0.8165
rev_1779,0.9912
rev_1780,0.997
rev_1781,1.0
rev_1782,0.9982
rev_1783,0.9999
rev_1784,0.9958
rev_1785,0.9929
rev_1786,0.9986
rev_1787,0.9992
rev_1788,0.9997
rev_1789,0.0184
rev_1790,0.1139
rev_1791,0.3159
rev_1792,0.0009
rev_1793,0.1385
rev_1794,0.0003
rev_1795,0.0211
rev_1796,0.2629
rev_1797,0.0425
rev_1798,0.2654
rev_1799,0.039
rev_1800,0.0004
rev_1801,0.0196
rev_1802,0.003
rev_1803,0.0251
rev_1804,0.0158
rev_1805,0.0109
rev_1806,0.1981
rev_1807,0.1304
rev_1808,0.0058
rev_1809,0.1198
rev_1810,0.0212
rev_1811,0.0048
rev_1812,0.263
rev_1813,0.0814
rev_1814,0.9996
rev_1815,0.972
rev_1816,0.9981
rev_1817,0.9589
rev_1818,0.9908
rev_1819,0.9826
rev_1820,0.5618
rev_1821,0.9929
rev_1822,0.9828
rev_1823,0.9804
rev_1824,0.9906
rev_1825,0.9992
rev_1826,0.9939
rev_1827,0.9997
rev_1828,0.9998
rev_1829,0.9974
rev_1830,0.9973
rev_1831,0.9984
rev_1832,0.9963
rev_1833,0.9945
rev_1834,1.0
rev_1835,0.9738
rev_1836,0.8899
rev_1837,0.9992
rev_1838,0.0213
rev_1839,0.0018
rev_1840,0.0082
rev_1841,0.5557
rev_1842,0.0549
rev_1843,0.0125
rev_1844,0.781
rev_1845,0.0466
rev_1846,0.005
rev_1847,0.0073
rev_1848,0.0014
rev_1849,0.0297
rev_1850,0.0466
rev_1851,0.0041
rev_1852,0.0104
rev_1853,0.0239
rev_1854,0.0387
rev_1855,0.0166
rev_1856,0.0151
rev_1857,0.2749
rev_1858,0.1567
rev_1859,0.0349
rev_1860,0.0749
rev_1861,0.1345
rev_1862,1.0
rev_1863,0.973
rev_1864,0.9693
rev_1865,0.9907
rev_1866,0.9148
rev_1867,0.9998
rev_1868,0.9813
rev_1869,0.1179
rev_1870,0.9996
rev_1871,0.9984
rev_1872,1.0
rev_1873,0.8112
rev_1874,0.9943
rev_1875,0.997
rev_1876,0.9981
rev_1877,0.9984
rev_1878,0.9999
rev_1879,0.9726
rev_1880,0.9997
rev_1881,0.9871
rev_1882,0.9763
rev_1883,0.7946
rev_1884,0.4167
rev_1885,0.0066
rev_1886,0.0152
rev_1887,0.0354
rev_1888,0.0653
rev_1889,0.0059
rev_1890,0.153
rev_1891,0.0503
rev_1892,0.1176
rev_1893,0.0063
rev_1894,0.0086
rev_1895,0.0125
rev_1896,0.6508
rev_1897,0.0147
rev_1898,0.0674
rev_1899,0.1071
rev_1900,0.0429
rev_1901,0.0292
rev_1902,0.0209
rev_1903,0.0636
rev_1904,0.031
rev_1905,0.023
rev_1906,0.1578
rev_1907,0.0075
rev_1908,0.9472
rev_1909,0.9982
rev_1910,0.9973
rev_1911,0.9979
rev_1912,0.9998
rev_1913,0.9999
rev_1914,0.9982
rev_1915,0.9995
rev_1916,0.9969
rev_1917,0.9408
rev_1918,0.9981
rev_1919,0.9913
rev_1920,0.9998
rev_1921,0.3516
rev_1922,0.9976
rev_1923,0.6658
rev_1924,0.9826
rev_1925,0.9967
rev_1926,0.8822
rev_1927,0.9997
rev_1928,0.9357
rev_1929,0.9643
rev_1930,0.9822
rev_1931,0.1095
rev_1932,0.2409
rev_1933,0.0116
rev_1934,0.4269
rev_1935,0.1966
rev_1936,0.0196
rev_1937,0.5836
rev_1938,0.0061
rev_1939,0.0021
rev_1940,0.3214
rev_1941,0.0276
rev_1942,0.0127
rev_1943,0.0481
rev_1944,0.0108
rev_1945,0.0263
rev_1946,0.0052
rev_1947,0.0011
rev_1948,0.0353
rev_1949,0.0554
rev_1950,0.1801
rev_1951,0.0381
rev_1952,0.3889
rev_1953,0.4109
rev_1954,0.9636
rev_1955,0.9833
rev_1956,0.8055
rev_1957,0.9944
rev_1958,0.9903
rev_1959,1.0
rev_1960,0.9995
rev_1961,0.9999
rev_1962,0.9763
rev_1963,0.9927
rev_1964,0.9724
rev_1965,0.9996
rev_1966,0.9809
rev_1967,1.0
rev_1968,0.9965
rev_1969,0.9975
rev_1970,0.9944
rev_1971,0.9806
rev_1972,0.9989
rev_1973,0.881
rev_1974,0.9098
rev_1975,0.9704
rev_1976,0.8127
rev_1977,0.0449
rev_1978,0.1487
rev_1979,0.0944
rev_1980,0.0545
rev_1981,0.0726
rev_1982,0.0086
rev_1983,0.1332
rev_1984,0.6179
rev_1985,0.0177
rev_1986,0.0037
rev_1987,0.0411
rev_1988,0.0047
rev_1989,0.0259
rev_1990,0.0231
rev_1991,0.0303
rev_1992,0.5479
rev_1993,0.7415
rev_1994,0.0152
rev_1995,0.0135
rev_1996,0.1377
rev_1997,0.0221
rev_1998,0.1412
rev_1999,0.0035
rev_2000,0.9783
rev_2001,0.9985
rev_2002,0.9984
rev_2003,0.997
rev_2004,0.9996
rev_2005,0.9806
rev_2006,0.9987
rev_2007,0.9974
rev_2008,0.9996
rev_2009,0.9892
rev_2010,0.9921
rev_2011,0.8795
rev_2012,0.9712
rev_2013,0.9998
rev_2014,0.9787
rev_2015,1.0
rev_2016,0.9998
rev_2017,0.9989
rev_2018,0.9961
rev_2019,0.9986
rev_2020,0.9972
rev_2021,0.1415
rev_2022,0.013
rev_2023,0.0731
rev_2024,0.5351
rev_2025,0.0407
rev_2026,0.5509
rev_2027,0.0371
rev_2028,0.5247
rev_2029,0.057
rev_2030,0.3255
rev_2031,0.0005
rev_2032,0.2172
rev_2033,0.0197
rev_2034,0.0002
rev_2035,0.0364
rev_2036,0.0239
rev_2037,0.0479
rev_2038,0.0811
rev_2039,0.0138
rev_2040,0.0076
rev_2041,0.5956
rev_2042,1.0
rev_2043,0.9687
rev_2044,0.9998
rev_2045,0.7306
rev_2046,0.6357
rev_2047,1.0
rev_2048,0.9999
rev_2049,0.9836
rev_2050,0.9413
rev_2051,0.9938
rev_2052,1.0
rev_2053,0.9998
rev_2054,0.9576
rev_2055,0.9974
rev_2056,0.9973
rev_2057,0.977
rev_2058,0.9917
rev_2059,0.9546
rev_2060,0.9965
rev_2061,0.9596
rev_2062,0.0482
rev_2063,0.0013
rev_2064,0.1756
rev_2065,0.0098
rev_2066,0.0473
rev_2067,0.0052
rev_2068,0.0313
rev_2069,0.0008
rev_2070,0.0112
rev_2071,0.0368
rev_2072,0.0058
rev_2073,0.0085
rev_2074,0.547
rev_2075,0.6172
rev_2076,0.0012
rev_2077,0.0027
rev_2078,0.0285
rev_2079,0.0508
rev_2080,0.0257
rev_2081,0.0034
rev_2082,0.731
rev_2083,0.9748
rev_2084,0.9947
rev_2085,0.9995
rev_2086,0.9999
rev_2087,0.9993
rev_2088,1.0
rev_2089,0.9939
rev_2090,0.999
rev_2091,0.9971
rev_2092,0.9808
rev_2093,0.863
rev_2094,0.9799
rev_2095,0.9998
rev_2096,0.9848
rev_2097,0.9835
rev_2098,0.9965
rev_2099,0.9802
rev_2100,0.999
rev_2101,1.0
rev_2102,0.0038
rev_2103,0.767
rev_2104,0.092
rev_2105,0.2369
rev_2106,0.0327
rev_2107,0.1941
rev_2108,0.5783
rev_2109,0.0141
rev_2110,0.0034
rev_2111,0.1036
rev_2112,0.0764
rev_2113,0.0005
rev_2114,0.0514
rev_2115,0.0084
rev_2116,0.0651
rev_2117,0.3442
rev_2118,0.1936
rev_2119,0.0179
rev_2120,0.0048
rev_2121,0.005
rev_2122,1.0
rev_2123,0.9969
rev_2124,0.9994
rev_2125,0.8267
rev_2126,0.9677
rev_2127,0.9895
rev_2128,0.9951
rev_2129,0.9734
rev_2130,0.9983
rev_2131,0.9842
rev_2132,0.9998
rev_2133,0.9982
rev_2134,0.9045
rev_2135,0.9981
rev_2136,0.9868
rev_2137,0.9995
rev_2138,0.9955
rev_2139,0.3472
rev_2140,0.9821
rev_2141,0.0098
rev_2142,0.1342
rev_2143,0.4751
rev_2144,0.0295
rev_2145,0.021
rev_2146,0.1197
rev_2147,0.0012
rev_2148,0.0097
rev_2149,0.006
rev_2150,0.6138
rev_2151,0.0004
rev_2152,0.3307
rev_2153,0.1011
rev_2154,0.0015
rev_2155,0.0213
rev_2156,0.2749
rev_2157,0.213
rev_2158,0.0312
rev_2159,0.1354
rev_2160,0.9999
rev_2161,1.0
rev_2162,0.9999
rev_2163,0.9979
rev_2164,0.9942
rev_2165,0.9971
rev_2166,0.9959
rev_2167,0.9952
rev_2168,0.9996
rev_2169,0.9953
rev_2170,0.9881
rev_2171,0.9994
rev_2172,0.9996
rev_2173,0.8828
rev_2174,0.9996
rev_2175,0.9936
rev_2176,0.9633
rev_2177,0.9934
rev_2178,0.0003
rev_2179,0.2536
rev_2180,0.2612
rev_2181,0.0218
rev_2182,0.2712
rev_2183,0.0689
rev_2184,0.0658
rev_2185,0.2638
rev_2186,0.005
rev_2187,0.0113
rev_2188,0.0068
rev_2189,0.0003
rev_2190,0.0014
rev_2191,0.001
rev_2192,0.0156
rev_2193,0.0001
rev_2194,0.0121
rev_2195,0.0044
rev_2196,0.9982
rev_2197,0.9731
rev_2198,0.9993
rev_2199,0.9887
rev_2200,0.9999
rev_2201,1.0
rev_2202,0.4092
rev_2203,0.9719
rev_2204,0.9963
rev_2205,0.97
rev_2206,0.9995
rev_2207,0.934
rev_2208,0.9999
rev_2209,0.9956
rev_2210,0.9575
rev_2211,0.9945
rev_2212,0.9945
rev_2213,0.9998
rev_2214,0.0289
rev_2215,0.0059
rev_2216,0.0003
rev_2217,0.0206
rev_2218,0.1156
rev_2219,0.0263
rev_2220,0.0569
rev_2221,0.0733
rev_2222,0.0096
rev_2223,0.0134
rev_2224,0.0715
rev_2225,0.5468
rev_2226,0.0008
rev_2227,0.0018
rev_2228,0.0509
rev_2229,0.0006
rev_2230,0.0653
rev_2231,0.0605
rev_2232,0.9991
rev_2233,0.9979
rev_2234,0.7927
rev_2235,0.9813
rev_2236,0.9152
rev_2237,0.9479
rev_2238,0.8894
rev_2239,0.9553
rev_2240,0.6437
rev_2241,0.999
rev_2242,0.9912
rev_2243,0.9663
rev_2244,0.9282
rev_2245,0.9992
rev_2246,0.9997
rev_2247,0.9991
rev_2248,0.9896
rev_2249,0.8199
rev_2250,0.0785
rev_2251,0.2075
rev_2252,0.0098
rev_2253,0.023
rev_2254,0.0658
rev_2255,0.5206
rev_2256,0.291
rev_2257,0.0102
rev_2258,0.0421
rev_2259,0.0893
rev_2260,0.2044
rev_2261,0.0053
rev_2262,0.0008
rev_2263,0.0005
rev_2264,0.0046
rev_2265,0.0006
rev_2266,0.1219
rev_2267,0.0024
rev_2268,0.9706
rev_2269,0.993
rev_2270,0.9988
rev_2271,0.9885
rev_2272,1.0
rev_2273,0.9994
rev_2274,0.9786
rev_2275,1.0
rev_2276,0.9972
rev_2277,0.9771
rev_2278,0.9959
rev_2279,0.9999
rev_2280,0.9914
rev_2281,0.9995
rev_2282,0.9985
rev_2283,1.0
rev_2284,0.9977
rev_2285,0.014
rev_2286,0.5398
rev_2287,0.1499
rev_2288,0.0361
rev_2289,0.1696
rev_2290,0.0428
rev_2291,0.0775
rev_2292,0.001
rev_2293,0.2606
rev_2294,0.1372
rev_2295,0.0126
rev_2296,0.0101
rev_2297,0.0037
rev_2298,0.0285
rev_2299,0.0091
rev_2300,0.0884
rev_2301,0.0668
rev_2302,0.9253
rev_2303,0.9976
rev_2304,0.9998
rev_2305,0.9986
rev_2306,0.9996
rev_2307,0.9984
rev_2308,0.9964
rev_2309,0.9976
rev_2310,0.9868
rev_2311,0.9926
rev_2312,0.9972
rev_2313,0.9896
rev_2314,0.9819
rev_2315,0.9991
rev_2316,0.8721
rev_2317,0.9954
rev_2318,0.9983
rev_2319,0.0031
rev_2320,0.0033
rev_2321,0.1508
rev_2322,0.0002
rev_2323,0.0083
rev_2324,0.0019
rev_2325,0.0116
rev_2326,0.0026
rev_2327,0.0112
rev_2328,0.4446
rev_2329,0.0038
rev_2330,0.3995
rev_2331,0.0058
rev_2332,0.0167
rev_2333,0.0093
rev_2334,0.003
rev_2335,0.0554
rev_2336,0.9859
rev_2337,0.8343
rev_2338,0.9998
rev_2339,0.7107
rev_2340,0.9996
rev_2341,0.9998
rev_2342,0.9271
rev_2343,0.9995
rev_2344,0.9961
rev_2345,0.7289
rev_2346,0.9902
rev_2347,0.989
rev_2348,0.9948
rev_2349,0.9999
rev_2350,0.9996
rev_2351,0.4066
rev_2352,0.0262
rev_2353,0.8652
rev_2354,0.0279
rev_2355,0.0989
rev_2356,0.0012
rev_2357,0.0244
rev_2358,0.0025
rev_2359,0.0267
rev_2360,0.0069
rev_2361,0.0059
rev_2362,0.2571
rev_2363,0.1758
rev_2364,0.0081
rev_2365,0.0111
rev_2366,0.9991
rev_2367,0.996
rev_2368,0.9995
rev_2369,0.8936
rev_2370,0.8242
rev_2371,0.9836
rev_2372,0.9752
rev_2373,0.9783
rev_2374,0.9999
rev_2375,0.9994
rev_2376,0.9986
rev_2377,0.7602
rev_2378,0.9988
rev_2379,0.7368
rev_2380,0.9988
rev_2381,0.005
rev_2382,0.3603
rev_2383,0.0031
rev_2384,0.0583
rev_2385,0.0012
rev_2386,0.0174
rev_2387,0.0114
rev_2388,0.0033
rev_2389,0.2781
rev_2390,0.1045
rev_2391,0.1199
rev_2392,0.0009
rev_2393,0.0593
rev_2394,0.0464
rev_2395,0.016
rev_2396,0.9969
rev_2397,0.9939
rev_2398,1.0
rev_2399,0.9985
rev_2400,0.9988
rev_2401,0.9932
rev_2402,1.0
rev_2403,0.9974
rev_2404,0.9968
rev_2405,0.9849
rev_2406,0.999
rev_2407,0.9986
rev_2408,0.9995
rev_2409,0.9999
rev_2410,0.9806
rev_2411,0.0725
rev_2412,0.0007
rev_2413,0.0529
rev_2414,0.068
rev_2415,0.0119
rev_2416,0.0101
rev_2417,0.0054
rev_2418,0.1591
rev_2419,0.1295
rev_2420,0.0349
rev_2421,0.7258
rev_2422,0.0028
rev_2423,0.0102
rev_2424,0.0582
rev_2425,0.0609
rev_2426,0.9993
rev_2427,0.9995
rev_2428,0.9915
rev_2429,1.0
rev_2430,0.9277
rev_2431,0.9933
rev_2432,0.9189
rev_2433,0.9795
rev_2434,0.9955
rev_2435,0.9999
rev_2436,0.996
rev_2437,0.9937
rev_2438,0.9972
rev_2439,0.9474
rev_2440,0.0408
rev_2441,0.0074
rev_2442,0.0177
rev_2443,0.1865
rev_2444,0.0051
rev_2445,0.0132
rev_2446,0.1133
rev_2447,0.291
rev_2448,0.0069
rev_2449,0.3491
rev_2450,0.074
rev_2451,0.0067
rev_2452,0.0027
rev_2453,0.0062
rev_2454,0.9852
rev_2455,0.99
rev_2456,0.9911
rev_2457,0.9983
rev_2458,0.989
rev_2459,0.9993
rev_2460,0.891
rev_2461,0.9727
rev_2462,1.0
rev_2463,0.9985
rev_2464,0.9949
rev_2465,1.0
rev_2466,0.9986
rev_2467,0.996
rev_2468,0.9991
rev_2469,0.0147
rev_2470,0.0201
rev_2471,0.4631
rev_2472,0.0119
rev_2473,0.0022
rev_2474,0.1197
rev_2475,0.0128
rev_2476,0.0074
rev_2477,0.0053
rev_2478,0.1065
rev_2479,0.0073
rev_2480,0.0276
rev_2481,0.0208
rev_2482,0.0072
rev_2483,0.0359
rev_2484,0.9053
rev_2485,0.9998
rev_2486,0.8418
rev_2487,0.9994
rev_2488,0.951
rev_2489,0.9992
rev_2490,0.9991
rev_2491,1.0
rev_2492,0.857
rev_2493,0.9998
rev_2494,0.9999
rev_2495,1.0
rev_2496,0.8504
rev_2497,0.9967
rev_2498,0.3416
rev_2499,0.0321
rev_2500,0.0053
rev_2501,0.0358
rev_2502,0.0679
rev_2503,0.0886
rev_2504,0.0026
rev_2505,0.0835
rev_2506,0.0053
rev_2507,0.1615
rev_2508,0.0208
rev_2509,0.0259
rev_2510,0.1806
rev_2511,0.0018
rev_2512,0.996
rev_2513,0.9964
rev_2514,0.998
rev_2515,0.9998
rev_2516,0.9938
rev_2517,0.9924
rev_2518,0.9954
rev_2519,0.9925
rev_2520,0.816
rev_2521,0.9977
rev_2522,0.9922
rev_2523,0.9999
rev_2524,0.5883
rev_2525,0.9997
rev_2526,0.0015
rev_2527,0.0656
rev_2528,0.0026
rev_2529,0.0097
rev_2530,0.009
rev_2531,0.0026
rev_2532,0.013
rev_2533,0.1253
rev_2534,0.4424
rev_2535,0.0119
rev_2536,0.0007
rev_2537,0.1162
rev_2538,0.0034
rev_2539,0.0952
rev_2540,0.9998
rev_2541,0.9999
rev_2542,0.9739
rev_2543,0.9974
rev_2544,0.9232
rev_2545,0.813
rev_2546,0.9743
rev_2547,0.9853
rev_2548,0.9979
rev_2549,0.9697
rev_2550,0.9994
rev_2551,0.8547
rev_2552,0.9961
rev_2553,0.1233
rev_2554,0.0024
rev_2555,0.1334
rev_2556,0.0041
rev_2557,0.0009
rev_2558,0.0047
rev_2559,0.0106
rev_2560,0.1487
rev_2561,0.0304
rev_2562,0.438
rev_2563,0.1528
rev_2564,0.0135
rev_2565,0.5801
rev_2566,0.9913
rev_2567,0.9649
rev_2568,0.9928
rev_2569,1.0
rev_2570,0.9723
rev_2571,0.9263
rev_2572,0.9704
rev_2573,0.9928
rev_2574,0.7477
rev_2575,0.8653
rev_2576,0.999
rev_2577,0.9306
rev_2578,0.9794
rev_2579,0.0134
rev_2580,0.5797
rev_2581,0.4351
rev_2582,0.0364
rev_2583,0.0061
rev_2584,0.0137
rev_2585,0.0049
rev_2586,0.1235
rev_2587,0.0256
rev_2588,0.1633
rev_2589,0.0007
rev_2590,0.0016
rev_2591,0.1653
rev_2592,0.9986
rev_2593,0.999
rev_2594,0.9998
rev_2595,0.996
rev_2596,0.9992
rev_2597,0.9995
rev_2598,0.93
rev_2599,0.9952
rev_2600,0.9862
rev_2601,0.9997
rev_2602,0.9997
rev_2603,0.9955
rev_2604,0.9581
rev_2605,0.0046
rev_2606,0.0011
rev_2607,0.0151
rev_2608,0.0018
rev_2609,0.0077
rev_2610,0.1166
rev_2611,0.0001
rev_2612,0.5513
rev_2613,0.0436
rev_2614,0.0073
rev_2615,0.1002
rev_2616,0.0034
rev_2617,0.0082
rev_2618,0.9988
rev_2619,0.361
rev_2620,0.9932
rev_2621,0.9978
rev_2622,0.9987
rev_2623,0.9985
rev_2624,0.9919
rev_2625,0.9944
rev_2626,0.9281
rev_2627,0.9933
rev_2628,0.4469
rev_2629,0.9112
rev_2630,0.0294
rev_2631,0.0272
rev_2632,0.0186
rev_2633,0.5391
rev_2634,0.3156
rev_2635,0.207
rev_2636,0.1758
rev_2637,0.0144
rev_2638,0.0095
rev_2639,0.1492
rev_2640,0.0071
rev_2641,0.0173
rev_2642,0.8575
rev_2643,0.9994
rev_2644,0.9992
rev_2645,0.8491
rev_2646,0.9991
rev_2647,0.7682
rev_2648,0.9998
rev_2649,0.9993
rev_2650,0.935
rev_2651,0.9826
rev_2652,0.9985
rev_2653,0.9993
rev_2654,0.0352
rev_2655,0.0027
rev_2656,0.0321
rev_2657,0.0014
rev_2658,0.0201
rev_2659,0.0694
rev_2660,0.0061
rev_2661,0.0003
rev_2662,0.2341
rev_2663,0.4598
rev_2664,0.0065
rev_2665,0.0006
rev_2666,0.959
rev_2667,0.7072
rev_2668,0.9967
rev_2669,0.9988
rev_2670,0.9932
rev_2671,0.9997
rev_2672,0.9542
rev_2673,0.9745
rev_2674,0.999
rev_2675,0.9983
rev_2676,0.9445
rev_2677,0.2767
rev_2678,0.055
rev_2679,0.0004
rev_2680,0.1082
rev_2681,0.0929
rev_2682,0.0061
rev_2683,0.0025
rev_2684,0.1187
rev_2685,0.1246
rev_2686,0.0071
rev_2687,0.0019
rev_2688,0.9857
rev_2689,0.9998
rev_2690,0.9898
rev_2691,0.9944
rev_2692,1.0
rev_2693,0.9983
rev_2694,0.9996
rev_2695,0.9984
rev_2696,0.9993
rev_2697,0.9995
rev_2698,0.9999
rev_2699,0.0024
rev_2700,0.0178
rev_2701,0.1263
rev_2702,0.5859
rev_2703,0.0213
rev_2704,0.0406
rev_2705,0.0012
rev_2706,0.0022
rev_2707,0.0014
rev_2708,0.0034
rev_2709,0.0033
rev_2710,0.9988
rev_2711,0.9911
rev_2712,0.6914
rev_2713,0.9752
rev_2714,0.9983
rev_2715,0.9955
rev_2716,0.9342
rev_2717,0.9976
rev_2718,0.9999
rev_2719,0.9691
rev_2720,0.9941
rev_2721,0.0051
rev_2722,0.0362
rev_2723,0.0129
rev_2724,0.0006
rev_2725,0.0081
rev_2726,0.0004
rev_2727,0.0032
rev_2728,0.0212
rev_2729,0.3911
rev_2730,0.0025
rev_2731,0.0148
rev_2732,0.9928
rev_2733,0.9993
rev_2734,1.0
rev_2735,0.9997
rev_2736,0.9989
rev_2737,0.8299
rev_2738,0.6787
rev_2739,0.9816
rev_2740,0.9518
rev_2741,0.9956
rev_2742,0.9105
rev_2743,0.1085
rev_2744,0.037
rev_2745,0.0799
rev_2746,0.0058
rev_2747,0.015
rev_2748,0.0386
rev_2749,0.0042
rev_2750,0.0031
rev_2751,0.0014
rev_2752,0.9959
rev_2753,0.9997
rev_2754,0.9764
rev_2755,0.9986
rev_2756,0.9998
rev_2757,0.7137
rev_2758,0.9965
rev_2759,0.9556
rev_2760,0.9846
rev_2761,0.9898
rev_2762,0.0029
rev_2763,0.0125
rev_2764,0.0061
rev_2765,0.0457
rev_2766,0.0
rev_2767,0.0312
rev_2768,0.1947
rev_2769,0.0299
rev_2770,0.01
rev_2771,0.0063
rev_2772,0.9983
rev_2773,0.9941
rev_2774,0.9983
rev_2775,0.9949
rev_2776,0.8113
rev_2777,0.7265
rev_2778,0.8393
rev_2779,0.984
rev_2780,0.9999
rev_2781,0.9884
rev_2782,0.0236
rev_2783,0.0321
rev_2784,0.165
rev_2785,0.0039
rev_2786,0.1433
rev_2787,0.1297
rev_2788,0.0126
rev_2789,0.0034
rev_2790,0.3276
rev_2791,0.0536
rev_2792,0.9977
rev_2793,0.9981
rev_2794,0.9911
rev_2795,0.9906
rev_2796,0.9752
rev_2797,0.9985
rev_2798,1.0
rev_2799,0.9952
rev_2800,0.9589
rev_2801,0.0017
rev_2802,0.0164
rev_2803,0.0299
rev_2804,0.0045
rev_2805,0.0426
rev_2806,0.0014
rev_2807,0.0007
rev_2808,0.0663
rev_2809,0.0275
rev_2810,0.9918
rev_2811,0.9903
rev_2812,0.9093
rev_2813,0.9996
rev_2814,0.9932
rev_2815,0.9983
rev_2816,0.9784
rev_2817,0.9999
rev_2818,1.0
rev_2819,0.5905
rev_2820,0.0087
rev_2821,0.2271
rev_2822,0.3978
rev_2823,0.0135
rev_2824,0.1011
rev_2825,0.0065
rev_2826,0.0009
rev_2827,0.1137
rev_2828,0.0012
rev_2829,0.0101
rev_2830,0.7251
rev_2831,0.9723
rev_2832,0.9924
rev_2833,0.9688
rev_2834,0.9995
rev_2835,0.9576
rev_2836,0.9992
rev_2837,0.9951
rev_2838,1.0
rev_2839,0.0522
rev_2840,0.035
rev_2841,0.0152
rev_2842,0.2001
rev_2843,0.0051
rev_2844,0.0008
rev_2845,0.0002
rev_2846,0.0769
rev_2847,0.4739
rev_2848,0.995
rev_2849,0.9217
rev_2850,0.9988
rev_2851,0.9967
rev_2852,0.9786
rev_2853,0.9894
rev_2854,0.7735
rev_2855,0.9997
rev_2856,0.9965
rev_2857,0.0061
rev_2858,0.0082
rev_2859,0.0038
rev_2860,0.0313
rev_2861,0.2781
rev_2862,0.0023
rev_2863,0.1789
rev_2864,0.0441
rev_2865,0.5287
rev_2866,0.991
rev_2867,0.4355
rev_2868,0.0184
rev_2869,0.9992
rev_2870,0.9947
rev_2871,0.9996
rev_2872,0.9966
rev_2873,0.9308
rev_2874,0.8929
rev_2875,0.0475
rev_2876,0.0022
rev_2877,0.0186
rev_2878,0.062
rev_2879,0.1134
rev_2880,0.0648
rev_2881,0.3082
rev_2882,0.0092
rev_2883,0.4198
rev_2884,0.9098
rev_2885,0.9871
rev_2886,0.9968
rev_2887,0.9998
rev_2888,0.9992
rev_2889,0.9967
rev_2890,0.9812
rev_2891,0.9657
rev_2892,0.9995
rev_2893,0.0218
rev_2894,0.0002
rev_2895,0.0025
rev_2896,0.0007
rev_2897,0.3778
rev_2898,0.0015
rev_2899,0.0034
rev_2900,0.0138
rev_2901,0.0001
rev_2902,0.9696
rev_2903,0.9998
rev_2904,0.9999
rev_2905,0.9991
rev_2906,0.987
rev_2907,0.9986
rev_2908,0.998
rev_2909,0.9832
rev_2910,0.8384
rev_2911,0.0275
rev_2912,0.0045
rev_2913,0.005
rev_2914,0.0103
rev_2915,0.0397
rev_2916,0.0222
rev_2917,0.0393
rev_2918,0.0012
rev_2919,0.0334
rev_2920,0.9973
rev_2921,0.9965
rev_2922,0.9858
rev_2923,0.8669
rev_2924,0.977
rev_2925,0.9992
rev_2926,0.9536
rev_2927,0.9718
rev_2928,0.0099
rev_2929,0.005
rev_2930,0.0127
rev_2931,0.0177
rev_2932,0.0011
rev_2933,0.0407
rev_2934,0.0155
rev_2935,0.0284
rev_2936,0.9996
rev_2937,0.9994
rev_2938,0.9988
rev_2939,0.999
rev_2940,0.9979
rev_2941,0.9996
rev_2942,0.9996
rev_2943,0.9983
rev_2944,0.0213
rev_2945,0.0029
rev_2946,0.0062
rev_2947,0.0008
rev_2948,0.071
rev_2949,0.2448
rev_2950,0.1126
rev_2951,0.0002
rev_2952,0.6242
rev_2953,0.9811
rev_2954,0.8662
rev_2955,0.9999
rev_2956,0.995
rev_2957,0.6147
rev_2958,0.9992
rev_2959,0.963
rev_2960,0.2489
rev_2961,0.1278
rev_2962,0.0046
rev_2963,0.0016
rev_2964,0.0005
rev_2965,0.0014
rev_2966,0.0077
rev_2967,0.0025
rev_2968,0.9997
rev_2969,0.9986
rev_2970,0.9995
rev_2971,0.9977
rev_2972,0.9976
rev_2973,0.9974
rev_2974,0.9969
rev_2975,0.9966
rev_2976,0.0028
rev_2977,0.5745
rev_2978,0.0054
rev_2979,0.0016
rev_2980,0.0152
rev_2981,0.0025
rev_2982,0.0002
rev_2983,0.0009
rev_2984,0.9962
rev_2985,0.976
rev_2986,0.9409
rev_2987,0.9998
rev_2988,0.9969
rev_2989,0.998
rev_2990,0.9959
rev_2991,0.0036
rev_2992,0.0006
rev_2993,0.0366
rev_2994,0.0004
rev_2995,0.0732
rev_2996,0.0038
rev_2997,0.009
rev_2998,0.4484
rev_2999,0.7398
rev_3000,0.9976
rev_3001,0.9992
rev_3002,0.9781
rev_3003,0.994
rev_3004,0.9656
rev_3005,0.1259
rev_3006,0.0003
rev_3007,0.0015
rev_3008,0.0116
rev_3009,0.0008
rev_3010,0.006
rev_3011,0.4955
rev_3012,1.0
rev_3013,0.9588
rev_3014,0.9984
rev_3015,0.9999
rev_3016,0.9801
rev_3017,0.9737
rev_3018,0.9539
rev_3019,0.0023
rev_3020,0.5004
rev_3021,0.0105
rev_3022,0.1187
rev_3023,0.0844
rev_3024,0.0036
rev_3025,0.0669
rev_3026,0.9978
rev_3027,0.9998
rev_3028,0.9991
rev_3029,0.9976
rev_3030,0.9059
rev_3031,0.9542
rev_3032,0.9957
rev_3033,0.0012
rev_3034,0.0994
rev_3035,0.0042
rev_3036,0.0257
rev_3037,0.0048
rev_3038,0.0005
rev_3039,0.0053
rev_3040,0.9926
rev_3041,1.0
rev_3042,0.9844
rev_3043,0.991
rev_3044,0.9991
rev_3045,0.9779
rev_3046,0.9991
rev_3047,0.0018
rev_3048,0.2307
rev_3049,0.1978
rev_3050,0.0054
rev_3051,0.1672
rev_3052,0.0004
rev_3053,0.0065
rev_3054,0.9963
rev_3055,0.8839
rev_3056,0.9973
rev_3057,0.9994
rev_3058,0.9751
rev_3059,0.9957
rev_3060,0.879
rev_3061,0.015
rev_3062,0.0011
rev_3063,0.0003
rev_3064,0.0046
rev_3065,0.2821
rev_3066,0.0124
rev_3067,0.0423
rev_3068,0.9723
rev_3069,0.9892
rev_3070,0.9997
rev_3071,0.999
rev_3072,0.9996
rev_3073,0.9993
rev_3074,0.8866
rev_3075,0.1115
rev_3076,0.0008
rev_3077,0.0226
rev_3078,0.0117
rev_3079,0.0454
rev_3080,0.0071
rev_3081,0.0136
rev_3082,1.0
rev_3083,0.9979
rev_3084,0.9995
rev_3085,0.9988
rev_3086,0.9974
rev_3087,0.7068
rev_3088,0.0039
rev_3089,0.0021
rev_3090,0.0101
rev_3091,0.0133
rev_3092,0.0243
rev_3093,0.0063
rev_3094,0.9993
rev_3095,0.9987
rev_3096,0.9848
rev_3097,0.947
rev_3098,0.9893
rev_3099,0.9979
rev_3100,0.0576
rev_3101,0.0872
rev_3102,0.0136
rev_3103,0.419
rev_3104,0.087
rev_3105,0.0154
rev_3106,1.0
rev_3107,0.9959
rev_3108,0.9997
rev_3109,0.8265
rev_3110,0.9995
rev_3111,0.9942
rev_3112,0.0016
rev_3113,0.0016
rev_3114,0.0016
rev_3115,0.0055
rev_3116,0.4017
rev_3117,0.3858
rev_3118,0.991
rev_3119,0.9925
rev_3120,1.0
rev_3121,0.9985
rev_3122,0.7487
rev_3123,0.9987
rev_3124,0.0323
rev_3125,0.0002
rev_3126,0.0651
rev_3127,0.0039
rev_3128,0.0173
rev_3129,0.0009
rev_3130,0.9933
rev_3131,0.9833
rev_3132,0.9384
rev_3133,0.9775
rev_3134,0.9975
rev_3135,0.9956
rev_3136,0.056
rev_3137,0.0191
rev_3138,0.005
rev_3139,0.0006
rev_3140,0.0073
rev_3141,0.0006
rev_3142,0.967
rev_3143,0.999
rev_3144,0.9945
rev_3145,0.9513
rev_3146,0.9967
rev_3147,0.9984
rev_3148,0.0127
rev_3149,0.0003
rev_3150,0.0009
rev_3151,0.0403
rev_3152,0.0067
rev_3153,0.0049
rev_3154,0.5072
rev_3155,0.9992
rev_3156,0.9682
rev_3157,0.9973
rev_3158,0.9673
rev_3159,0.9895
rev_3160,0.001
rev_3161,0.6733
rev_3162,0.0015
rev_3163,0.0007
rev_3164,0.0022
rev_3165,0.0011
rev_3166,0.9031
rev_3167,0.9999
rev_3168,0.9849
rev_3169,0.9979
rev_3170,0.999
rev_3171,0.9913
rev_3172,0.0489
rev_3173,0.0022
rev_3174,0.0
rev_3175,0.0006
rev_3176,0.0061
rev_3177,0.0159
rev_3178,0.9896
rev_3179,0.9417
rev_3180,0.9844
rev_3181,0.9994
rev_3182,0.9918
rev_3183,0.0014
rev_3184,0.712
rev_3185,0.0003
rev_3186,0.0281
rev_3187,0.0002
rev_3188,0.9975
rev_3189,0.9487
rev_3190,0.9993
rev_3191,0.9896
rev_3192,0.9969
rev_3193,0.0219
rev_3194,0.0018
rev_3195,0.0677
rev_3196,0.0135
rev_3197,0.0286
rev_3198,0.9987
rev_3199,0.9896
rev_3200,0.9959
rev_3201,0.9973
rev_3202,0.9956
rev_3203,0.1309
rev_3204,0.0018
rev_3205,0.0017
rev_3206,0.0011
rev_3207,0.195
rev_3208,0.9306
rev_3209,0.9891
rev_3210,0.9866
rev_3211,0.9997
rev_3212,0.9992
rev_3213,0.0118
rev_3214,0.002
rev_3215,0.01
rev_3216,0.0025
rev_3217,0.0349
rev_3218,0.9588
rev_3219,0.9999
rev_3220,0.9455
rev_3221,0.9898
rev_3222,0.9987
rev_3223,0.0003
rev_3224,0.1529
rev_3225,0.0842
rev_3226,0.001
rev_3227,0.0074
rev_3228,0.9983
rev_3229,1.0
rev_3230,0.9995
rev_3231,0.9498
rev_3232,0.9962
rev_3233,0.3179
rev_3234,0.0124
rev_3235,0.0128
rev_3236,0.0004
rev_3237,0.0176
rev_3238,0.9904
rev_3239,0.8638
rev_3240,0.9439
rev_3241,0.9977
rev_3242,0.9995
rev_3243,0.0213
rev_3244,0.0052
rev_3245,0.0005
rev_3246,0.0795
rev_3247,0.0159
rev_3248,0.9965
rev_3249,0.9965
rev_3250,0.9983
rev_3251,0.9977
rev_3252,0.9976
rev_3253,0.0703
rev_3254,0.0006
rev_3255,0.0052
rev_3256,0.0028
rev_3257,0.146
rev_3258,0.9898
rev_3259,0.9994
rev_3260,0.9985
rev_3261,0.9805
rev_3262,0.9972
rev_3263,0.0138
rev_3264,0.0073
rev_3265,0.0262
rev_3266,0.0015
rev_3267,0.0367
rev_3268,0.9997
rev_3269,0.9895
rev_3270,0.9184
rev_3271,0.9877
rev_3272,0.9892
rev_3273,0.0026
rev_3274,0.0268
rev_3275,0.0116
rev_3276,0.003
rev_3277,0.0091
rev_3278,0.9985
rev_3279,0.9984
rev_3280,0.9895
rev_3281,0.9982
rev_3282,0.9657
rev_3283,0.0017
rev_3284,0.3093
rev_3285,0.0009
rev_3286,0.0011
rev_3287,0.0512
rev_3288,0.9984
rev_3289,0.9655
rev_3290,0.9697
rev_3291,0.9882
rev_3292,0.0058
rev_3293,0.0017
rev_3294,0.0434
rev_3295,0.0001
rev_3296,0.9951
rev_3297,0.9879
rev_3298,0.9997
rev_3299,0.9991
rev_3300,0.0008
rev_3301,0.0008
rev_3302,0.0084
rev_3303,0.0011
rev_3304,0.9985
rev_3305,0.9583
rev_3306,0.9464
rev_3307,0.6416
rev_3308,0.0008
rev_3309,0.0012
rev_3310,0.0067
rev_3311,0.0242
rev_3312,0.9998
rev_3313,0.9804
rev_3314,0.9928
rev_3315,0.9998
rev_3316,0.0019
rev_3317,0.0147
rev_3318,0.0013
rev_3319,0.001
rev_3320,0.9922
rev_3321,1.0
rev_3322,0.9894
rev_3323,0.9997
rev_3324,0.0002
rev_3325,0.0006
rev_3326,0.0038
rev_3327,0.0035
rev_3328,0.9999
rev_3329,0.996
rev_3330,0.9778
rev_3331,0.9974
rev_3332,0.0196
rev_3333,0.0006
rev_3334,0.0071
rev_3335,0.0015
rev_3336,0.9849
rev_3337,0.9939
rev_3338,0.9991
rev_3339,0.9995
rev_3340,0.0003
rev_3341,0.2868
rev_3342,0.0011
rev_3343,0.0001
rev_3344,0.9988
rev_3345,0.9983
rev_3346,0.9994
rev_3347,0.7178
rev_3348,0.0094
rev_3349,0.0072
rev_3350,0.0576
rev_3351,0.0034
rev_3352,0.9985
rev_3353,0.9956
rev_3354,0.9988
rev_3355,0.7298
rev_3356,0.0003
rev_3357,0.0523
rev_3358,0.0278
rev_3359,0.0008
rev_3360,0.9741
rev_3361,0.9839
rev_3362,0.9994
rev_3363,0.9832
rev_3364,0.0401
rev_3365,0.0034
rev_3366,0.0101
rev_3367,0.0079
rev_3368,0.9957
rev_3369,0.9987
rev_3370,0.9999
rev_3371,0.9993
rev_3372,0.0012
rev_3373,0.0017
rev_3374,0.0004
rev_3375,0.0011
rev_3376,0.9818
rev_3377,0.9983
rev_3378,0.9935
rev_3379,0.9989
rev_3380,0.0072
rev_3381,0.0003
rev_3382,0.0001
rev_3383,0.0044
rev_3384,0.9957
rev_3385,0.9844
rev_3386,0.9988
rev_3387,0.9998
rev_3388,0.0033
rev_3389,0.0254
rev_3390,0.0074
rev_3391,0.0147
rev_3392,0.9971
rev_3393,1.0
rev_3394,0.9989
rev_3395,0.9746
rev_3396,0.0384
rev_3397,0.0015
rev_3398,0.0
rev_3399,0.0011
rev_3400,1.0
rev_3401,0.9988
rev_3402,0.9991
rev_3403,0.028
rev_3404,0.0019
rev_3405,0.0
rev_3406,0.9996
rev_3407,0.9781
rev_3408,0.9836
rev_3409,0.0007
rev_3410,0.0042
rev_3411,0.0593
rev_3412,0.9118
rev_3413,0.9999
rev_3414,0.973
rev_3415,0.9989
rev_3416,0.0132
rev_3417,0.0001
rev_3418,0.0042
rev_3419,0.0421
rev_3420,0.9913
rev_3421,0.997
rev_3422,0.9776
rev_3423,0.1509
rev_3424,0.2453
rev_3425,0.022
rev_3426,0.9953
rev_3427,0.9842
rev_3428,0.9996
rev_3429,0.0062
rev_3430,0.0006
rev_3431,0.0848
rev_3432,0.9893
rev_3433,0.9912
rev_3434,0.8891
rev_3435,0.0016
rev_3436,0.0011
rev_3437,0.0065
rev_3438,0.7685
rev_3439,0.9999
rev_3440,1.0
rev_3441,0.0128
rev_3442,0.0002
rev_3443,0.0048
rev_3444,0.9988
rev_3445,0.9908
rev_3446,0.9947
rev_3447,0.0036
rev_3448,0.002
rev_3449,0.0038
rev_3450,0.9925
rev_3451,0.9815
rev_3452,0.9983
rev_3453,0.0003
rev_3454,0.0004
rev_3455,0.0244
rev_3456,0.9997
rev_3457,0.9982
rev_3458,0.9998
rev_3459,0.0022
rev_3460,0.0006
rev_3461,0.0035
rev_3462,0.9925
rev_3463,1.0
rev_3464,0.8499
rev_3465,0.0194
rev_3466,0.0134
rev_3467,0.0028
rev_3468,0.8569
rev_3469,0.9991
rev_3470,0.9986
rev_3471,0.0029
rev_3472,0.0004
rev_3473,0.4255
rev_3474,0.9998
rev_3475,0.9988
rev_3476,0.5047
rev_3477,0.0045
rev_3478,0.0007
rev_3479,0.0051
rev_3480,0.9956
rev_3481,0.9986
rev_3482,0.9918
rev_3483,0.0083
rev_3484,0.0
rev_3485,0.0132
rev_3486,0.9982
rev_3487,0.9995
rev_3488,0.9974
rev_3489,0.001
rev_3490,0.0006
rev_3491,0.0031
rev_3492,0.995
rev_3493,0.9989
rev_3494,0.9954
rev_3495,0.0034
rev_3496,0.0031
rev_3497,0.0169
rev_3498,0.9988
rev_3499,0.8813
rev_3500,0.999
rev_3501,0.0001
rev_3502,0.0003
rev_3503,0.005
rev_3504,0.9987
rev_3505,0.9999
rev_3506,0.9987
rev_3507,0.0002
rev_3508,0.0007
rev_3509,0.0047
rev_3510,0.9904
rev_3511,0.9963
rev_3512,0.9935
rev_3513,0.0007
rev_3514,0.0213
rev_3515,0.0002
rev_3516,0.8605
rev_3517,0.9938
rev_3518,0.0188
rev_3519,0.0112
rev_3520,0.9991
rev_3521,0.9988
rev_3522,0.9731
rev_3523,0.2358
rev_3524,0.0034
rev_3525,0.01
rev_3526,0.9964
rev_3527,0.9994
rev_3528,0.9878
rev_3529,0.0001
rev_3530,0.0
rev_3531,0.0036
rev_3532,0.9988
rev_3533,0.9821
rev_3534,0.011
rev_3535,0.0002
rev_3536,0.8348
rev_3537,0.9947
rev_3538,0.9444
rev_3539,0.0003
rev_3540,0.0811
rev_3541,0.0071
rev_3542,0.9786
rev_3543,0.9906
rev_3544,0.9994
rev_3545,0.0242
rev_3546,0.0005
rev_3547,0.0132
rev_3548,0.9864
rev_3549,0.9996
rev_3550,0.9879
rev_3551,0.0009
rev_3552,0.0501
rev_3553,0.0104
rev_3554,0.9998
rev_3555,0.9722
rev_3556,0.0001
rev_3557,0.001
rev_3558,0.9997
rev_3559,0.9989
rev_3560,0.0002
rev_3561,0.0306
rev_3562,0.9886
rev_3563,0.9212
rev_3564,0.0052
rev_3565,0.0131
rev_3566,0.9947
rev_3567,0.9999
rev_3568,0.001
rev_3569,0.004
rev_3570,0.9991
rev_3571,0.9999
rev_3572,0.2997
rev_3573,0.0004
rev_3574,0.9985
rev_3575,0.9662
rev_3576,0.007
rev_3577,0.0005
rev_3578,0.9999
rev_3579,0.9993
rev_3580,0.0003
rev_3581,0.0067
rev_3582,0.9871
rev_3583,0.9989
rev_3584,0.0067
rev_3585,0.002
rev_3586,0.9787
rev_3587,0.996
rev_3588,0.0003
rev_3589,0.0031
rev_3590,0.9949
rev_3591,0.9597
rev_3592,0.0825
rev_3593,0.0012
rev_3594,0.9982
rev_3595,0.9975
rev_3596,0.0235
rev_3597,0.0001
rev_3598,0.9998
rev_3599,0.9983
rev_3600,0.0005
rev_3601,0.0103
rev_3602,0.9992
rev_3603,0.9999
rev_3604,0.0021
rev_3605,0.0007
rev_3606,0.956
rev_3607,0.9996
rev_3608,0.0011
rev_3609,0.0007
rev_3610,0.9999
rev_3611,0.1796
rev_3612,0.0043
rev_3613,0.0019
rev_3614,1.0
rev_3615,0.999
rev_3616,0.0144
rev_3617,0.0005
rev_3618,0.9984
rev_3619,0.9698
rev_3620,0.0001
rev_3621,0.0116
rev_3622,0.9789
rev_3623,0.7801
rev_3624,0.0
rev_3625,0.0007
rev_3626,0.9925
rev_3627,0.9966
rev_3628,0.0036
rev_3629,0.0097
rev_3630,0.9994
rev_3631,0.9962
rev_3632,0.0134
rev_3633,0.0014
rev_3634,0.9907
rev_3635,0.9993
rev_3636,0.0001
rev_3637,0.0003
rev_3638,0.9868
rev_3639,0.9937
rev_3640,0.0063
rev_3641,0.0046
rev_3642,0.9999
rev_3643,0.9895
rev_3644,0.0059
rev_3645,0.0009
rev_3646,0.9958
rev_3647,0.9901
rev_3648,0.0007
rev_3649,0.0031
rev_3650,0.9979
rev_3651,0.9998
rev_3652,0.001
rev_3653,0.0009
rev_3654,0.9999
rev_3655,0.9925
rev_3656,0.0017
rev_3657,0.0005
rev_3658,0.9974
rev_3659,0.9999
rev_3660,0.0132
rev_3661,0.0568
rev_3662,0.7978
rev_3663,0.9986
rev_3664,0.0133
rev_3665,0.0001
rev_3666,0.9973
rev_3667,1.0
rev_3668,0.013
rev_3669,0.0028
rev_3670,0.8776
rev_3671,0.9999
rev_3672,0.0001
rev_3673,0.0392
rev_3674,0.9904
rev_3675,0.9977
rev_3676,0.0076
rev_3677,0.0003
rev_3678,0.9813
rev_3679,0.996
rev_3680,0.003
rev_3681,0.0026
rev_3682,0.985
rev_3683,0.9791
rev_3684,0.0151
rev_3685,0.0141
rev_3686,0.9998
rev_3687,0.9998
rev_3688,0.0318
rev_3689,0.0021
rev_3690,0.9948
rev_3691,0.0799
rev_3692,0.9526
rev_3693,0.0007
rev_3694,0.9937
rev_3695,0.903
rev_3696,0.0002
rev_3697,0.0138
rev_3698,0.9779
rev_3699,0.9994
rev_3700,0.001
rev_3701,0.0001
rev_3702,0.9999
rev_3703,0.9981
rev_3704,0.0004
rev_3705,0.0
rev_3706,0.9971
rev_3707,0.0
rev_3708,0.9441
rev_3709,0.9984
rev_3710,0.0026
rev_3711,0.0
rev_3712,1.0
rev_3713,0.9996
rev_3714,0.0036
rev_3715,0.0052
rev_3716,1.0
rev_3717,0.9981
rev_3718,0.0007
rev_3719,0.0018
rev_3720,0.8553
rev_3721,0.9987
rev_3722,0.0105
rev_3723,0.0043
rev_3724,0.5553
rev_3725,0.0193
rev_3726,0.1363
rev_3727,0.9254
rev_3728,0.0119
rev_3729,0.0012
rev_3730,0.9985
rev_3731,0.0207
rev_3732,0.9993
rev_3733,0.0009
rev_3734,0.9999
rev_3735,0.0002
rev_3736,0.9701
rev_3737,0.9959
rev_3738,0.0006
rev_3739,0.0028
rev_3740,0.9995
rev_3741,0.0516
rev_3742,0.9783
rev_3743,0.0164
rev_3744,0.9999
rev_3745,0.0003
rev_3746,0.9997
rev_3747,0.0026
rev_3748,0.9966
rev_3749,0.0002
rev_3750,0.9505
rev_3751,0.0001
rev_3752,0.9426
rev_3753,0.0038
rev_3754,0.8233
rev_3755,0.0006
rev_3756,0.9988
rev_3757,0.0089
rev_3758,0.9994
rev_3759,0.0009
rev_3760,0.9745
rev_3761,0.0012
rev_3762,0.9933
rev_3763,0.0026
rev_3764,0.9939
rev_3765,0.001
rev_3766,0.9999
rev_3767,0.0007
rev_3768,0.9998
rev_3769,0.0003
rev_3770,0.9886
rev_3771,0.0019
rev_3772,0.9999
rev_3773,0.0113
rev_3774,0.8992
rev_3775,0.0094
rev_3776,0.9808
rev_3777,0.0039
rev_3778,0.9997
rev_3779,0.0041
rev_3780,0.9992
rev_3781,0.0005
rev_3782,0.9998
rev_3783,0.0564
rev_3784,0.9999
rev_3785,0.0072
rev_3786,0.8549
rev_3787,0.0003
rev_3788,0.9949
rev_3789,0.0001
rev_3790,0.9903
rev_3791,0.0005
rev_3792,0.9994
rev_3793,0.0397
rev_3794,0.95
rev_3795,0.0003
rev_3796,0.9991
rev_3797,0.0723
rev_3798,0.9954
rev_3799,0.0001
rev_3800,0.996
rev_3801,0.0591
rev_3802,0.995
rev_3803,0.0014
rev_3804,1.0
rev_3805,0.0001
rev_3806,0.9983
rev_3807,0.0003
rev_3808,0.992
rev_3809,0.0001
rev_3810,0.9977
rev_3811,0.0018
rev_3812,0.9431
rev_3813,0.0033
rev_3814,0.9583
rev_3815,0.0365
rev_3816,0.9843
rev_3817,0.0
rev_3818,0.9897
rev_3819,0.0005
rev_3820,0.9949
rev_3821,0.0037
rev_3822,0.9652
rev_3823,0.0105
rev_3824,1.0
rev_3825,0.0002
rev_3826,0.9488
rev_3827,0.0004
rev_3828,0.4577
rev_3829,0.0017
rev_3830,0.9994
rev_3831,0.0539
rev_3832,0.9998
rev_3833,0.0246
rev_3834,0.9967
rev_3835,0.0001
rev_3836,0.9942
rev_3837,0.0147
rev_3838,0.9981
rev_3839,0.0001
rev_3840,0.6037
rev_3841,0.0064
rev_3842,0.9751
rev_3843,0.0016
rev_3844,0.9999
rev_3845,0.0091
rev_3846,0.9945
rev_3847,0.0001
rev_3848,0.9998
rev_3849,0.0001
rev_3850,0.9739
rev_3851,0.0001
rev_3852,0.9994
rev_3853,0.0
rev_3854,0.9998
rev_3855,0.0
rev_3856,1.0
rev_3857,0.0012
rev_3858,0.9983
rev_3859,0.0002
rev_3860,0.9995
rev_3861,0.0002
rev_3862,0.9964
rev_3863,0.0073
rev_3864,0.9972
rev_3865,0.0005
rev_3866,0.9793
rev_3867,0.0
rev_3868,0.9987
rev_3869,0.0014
rev_3870,0.9752
rev_3871,0.0003
rev_3872,0.8965
rev_3873,0.0117
rev_3874,0.9995
rev_3875,0.0002
rev_3876,0.973
rev_3877,0.0001
rev_3878,0.9992
rev_3879,0.0002
rev_3880,0.9998
rev_3881,0.0
rev_3882,0.9999
rev_3883,0.0001
rev_3884,0.9925
rev_3885,0.001
rev_3886,0.9979
rev_3887,0.0042
rev_3888,0.995
rev_3889,0.0018
rev_3890,0.9986
rev_3891,0.0008
rev_3892,0.9985
rev_3893,0.0002
rev_3894,0.9991
rev_3895,0.0017
rev_3896,0.9992
rev_3897,0.0002
rev_3898,0.9999
rev_3899,0.0014
rev_3900,0.9991
rev_3901,0.0002
rev_3902,0.9998
rev_3903,0.0014
rev_3904,0.9994
rev_3905,0.0029
rev_3906,0.7974
rev_3907,0.0005
rev_3908,0.9973
rev_3909,0.0212
rev_3910,0.9993
rev_3911,0.0005
rev_3912,0.9997
rev_3913,0.0006
rev_3914,0.9871
rev_3915,0.0067
rev_3916,0.2908
rev_3917,0.0003
rev_3918,0.9957
rev_3919,0.0019
rev_3920,0.9992
rev_3921,0.0004
rev_3922,0.9997
rev_3923,0.0004
rev_3924,0.9999
rev_3925,0.0
rev_3926,1.0
rev_3927,0.0003
rev_3928,0.9986
rev_3929,0.0021
rev_3930,0.9968
rev_3931,0.0008
rev_3932,0.9999
rev_3933,0.005
rev_3934,0.934
rev_3935,0.0028
rev_3936,0.9996
rev_3937,0.0008
rev_3938,0.9904
rev_3939,0.0067
rev_3940,0.9996
rev_3941,0.0001
rev_3942,0.9998
rev_3943,0.0003
rev_3944,0.9219
rev_3945,0.0003
rev_3946,0.9909
rev_3947,0.0028
rev_3948,1.0
rev_3949,0.0017
rev_3950,0.9929
rev_3951,0.0002
rev_3952,1.0
rev_3953,0.0001
rev_3954,0.7981
rev_3955,0.0019
rev_3956,0.9974
rev_3957,0.0001
rev_3958,0.9997
rev_3959,0.0002
rev_3960,0.9999
rev_3961,0.0005
rev_3962,0.9959
rev_3963,0.0003
rev_3964,0.9991
rev_3965,0.0001
rev_3966,0.9955
rev_3967,0.0004
rev_3968,0.9175
rev_3969,0.0001
rev_3970,0.947
rev_3971,0.0013
rev_3972,0.9996
rev_3973,0.0009
rev_3974,0.9998
rev_3975,0.0066
rev_3976,0.9745
rev_3977,0.0173
rev_3978,0.9969
rev_3979,0.0051
rev_3980,0.9995
rev_3981,0.0003
rev_3982,0.9986
rev_3983,0.0008
rev_3984,0.9968
rev_3985,0.0001
rev_3986,1.0
rev_3987,0.0023
rev_3988,0.9993
rev_3989,0.0032
rev_3990,0.9997
rev_3991,0.0017
rev_3992,0.9978
rev_3993,0.0
rev_3994,0.9605
rev_3995,0.127
rev_3996,0.9975
rev_3997,0.0001
rev_3998,0.9986
rev_3999,0.0
rev_4000,0.9997
rev_4001,0.0
rev_4002,0.9973
rev_4003,0.0001
rev_4004,0.9893
rev_4005,0.0003
rev_4006,0.9944
rev_4007,0.0132
rev_4008,0.9995
rev_4009,0.0001
rev_4010,0.9739
rev_4011,0.0095
rev_4012,0.9987
rev_4013,0.0164
rev_4014,0.9996
rev_4015,0.0005
rev_4016,0.9996
rev_4017,0.0011
rev_4018,0.9998
rev_4019,0.0005
rev_4020,0.9951
rev_4021,0.0003
rev_4022,0.9997
rev_4023,0.0
rev_4024,0.9993
rev_4025,0.0001
rev_4026,0.9986
rev_4027,0.0035
rev_4028,0.9965
rev_4029,0.0215
rev_4030,0.9995
rev_4031,0.0006
rev_4032,0.9965
rev_4033,0.0023
rev_4034,0.9892
rev_4035,0.0004
rev_4036,0.8288
rev_4037,0.0002
rev_4038,0.9993
rev_4039,0.0233
rev_4040,0.9895
rev_4041,0.0098
rev_4042,1.0
rev_4043,0.0041
rev_4044,0.9457
rev_4045,0.0
rev_4046,0.9055
rev_4047,0.0006
rev_4048,0.9999
rev_4049,0.1658
rev_4050,0.9998
rev_4051,0.0041
rev_4052,0.9801
rev_4053,0.0004
rev_4054,0.9944
rev_4055,0.0004
rev_4056,0.8893
rev_4057,0.9872
rev_4058,0.9958
rev_4059,0.7955
rev_4060,0.998
rev_4061,0.8115
rev_4062,0.9936
rev_4063,0.1376
rev_4064,0.995
rev_4065,0.9992
rev_4066,0.8976
rev_4067,0.9962
rev_4068,0.4031
rev_4069,0.3614
rev_4070,0.9911
rev_4071,0.9714
rev_4072,0.5585
rev_4073,0.9997
rev_4074,0.9953
rev_4075,0.8202
rev_4076,0.9951
rev_4077,0.8027
rev_4078,0.8027
rev_4079,0.3799
rev_4080,0.9988
rev_4081,0.8519
rev_4082,0.7576
rev_4083,0.0187
rev_4084,0.9531
rev_4085,0.8926
rev_4086,0.7218
rev_4087,0.9994
rev_4088,0.6332
rev_4089,0.9788
rev_4090,0.9981
rev_4091,0.1253
rev_4092,0.985
rev_4093,0.993
rev_4094,0.9997
rev_4095,0.9998
rev_4096,1.0
rev_4097,0.9854
rev_4098,0.943
rev_4099,0.9658
rev_4100,0.9478
rev_4101,0.9972
rev_4102,0.9978
rev_4103,0.486
rev_4104,0.7815
rev_4105,0.9034
rev_4106,0.1503
rev_4107,0.8506
rev_4108,0.0522
rev_4109,0.3326
rev_4110,0.9263
rev_4111,0.7167
rev_4112,0.0446
rev_4113,0.0195
rev_4114,0.6154
rev_4115,0.0812
rev_4116,0.3058
rev_4117,0.0696
rev_4118,0.1353
rev_4119,0.0811
rev_4120,0.2606
rev_4121,0.0661
rev_4122,0.0638
rev_4123,0.0262
rev_4124,0.0195
rev_4125,0.197
rev_4126,0.1302
rev_4127,0.1556
rev_4128,0.1609
rev_4129,0.2133
rev_4130,0.9966
rev_4131,0.0663
rev_4132,0.2808
rev_4133,0.4565
rev_4134,0.2212
rev_4135,0.112
rev_4136,0.0868
rev_4137,0.0944
rev_4138,0.2228
rev_4139,0.016
rev_4140,0.0272
rev_4141,0.2568
rev_4142,0.3447
rev_4143,0.9024
rev_4144,0.2086
rev_4145,0.396
rev_4146,0.0498
rev_4147,0.078
rev_4148,0.1108
rev_4149,0.208
rev_4150,0.3664
rev_4151,0.043
rev_4152,0.229
rev_4153,0.6278
rev_4154,0.5803
rev_4155,0.2934
rev_4156,0.9967
rev_4157,0.1437
rev_4158,0.9929
rev_4159,0.9999
rev_4160,0.5994
rev_4161,0.9986
rev_4162,0.4315
rev_4163,0.9479
rev_4164,0.9992
rev_4165,0.9979
rev_4166,0.9932
rev_4167,0.998
rev_4168,0.9993
rev_4169,1.0
rev_4170,0.9869
rev_4171,0.9988
rev_4172,0.9886
rev_4173,0.9853
rev_4174,0.6403
rev_4175,0.9995
rev_4176,0.6763
rev_4177,0.9909
rev_4178,0.9854
rev_4179,0.9996
rev_4180,0.9807
rev_4181,0.9883
rev_4182,0.9967
rev_4183,0.8478
rev_4184,0.7876
rev_4185,0.9976
rev_4186,0.9988
rev_4187,0.9783
rev_4188,0.9403
rev_4189,0.8825
rev_4190,0.9968
rev_4191,0.9942
rev_4192,0.9994
rev_4193,0.7956
rev_4194,0.9824
rev_4195,0.7474
rev_4196,0.7287
rev_4197,0.9963
rev_4198,0.769
rev_4199,0.4202
rev_4200,0.9855
rev_4201,0.9895
rev_4202,0.9934
rev_4203,0.5709
rev_4204,0.4612
rev_4205,0.0058
rev_4206,0.312
rev_4207,0.1653
rev_4208,0.9017
rev_4209,0.0766
rev_4210,0.2539
rev_4211,0.0654
rev_4212,0.0118
rev_4213,0.298
rev_4214,0.2113
rev_4215,0.0875
rev_4216,0.091
rev_4217,0.2475
rev_4218,0.3738
rev_4219,0.1717
rev_4220,0.2012
rev_4221,0.0905
rev_4222,0.0174
rev_4223,0.1123
rev_4224,0.2792
rev_4225,0.0298
rev_4226,0.006
rev_4227,0.1229
rev_4228,0.2958
rev_4229,0.5823
rev_4230,0.4934
rev_4231,0.5003
rev_4232,0.5466
rev_4233,0.0358
rev_4234,0.3807
rev_4235,0.0333
rev_4236,0.0184
rev_4237,0.0395
rev_4238,0.3168
rev_4239,0.1649
rev_4240,0.0082
rev_4241,0.0153
rev_4242,0.1982
rev_4243,0.3741
rev_4244,0.0471
rev_4245,0.2941
rev_4246,0.273
rev_4247,0.0042
rev_4248,0.1499
rev_4249,0.0533
rev_4250,0.5452
rev_4251,0.435
rev_4252,0.6594
rev_4253,0.9994
rev_4254,0.9754
rev_4255,0.0785
rev_4256,0.9851
rev_4257,0.9906
rev_4258,0.6986
rev_4259,0.8797
rev_4260,0.7575
rev_4261,0.4564
rev_4262,0.9456
rev_4263,0.4963
rev_4264,0.9999
rev_4265,0.9737
rev_4266,0.9963
rev_4267,0.4793
rev_4268,0.4747
rev_4269,0.9774
rev_4270,0.8715
rev_4271,0.8069
rev_4272,0.9954
rev_4273,0.7053
rev_4274,1.0
rev_4275,0.9955
rev_4276,0.9987
rev_4277,0.9989
rev_4278,0.3142
rev_4279,0.9894
rev_4280,0.9889
rev_4281,0.7474
rev_4282,0.8877
rev_4283,0.6468
rev_4284,0.9986
rev_4285,0.8478
rev_4286,0.9991
rev_4287,0.4203
rev_4288,0.9983
rev_4289,0.969
rev_4290,0.9879
rev_4291,0.9986
rev_4292,0.9735
rev_4293,0.905
rev_4294,0.2292
rev_4295,0.0726
rev_4296,0.2269
rev_4297,0.3328
rev_4298,0.0048
rev_4299,0.1137
rev_4300,0.2174
rev_4301,0.244
rev_4302,0.4045
rev_4303,0.0376
rev_4304,0.9106
rev_4305,0.4045
rev_4306,0.6612
rev_4307,0.541
rev_4308,0.3401
rev_4309,0.0176
rev_4310,0.0665
rev_4311,0.3591
rev_4312,0.2961
rev_4313,0.2969
rev_4314,0.0129
rev_4315,0.047
rev_4316,0.024
rev_4317,0.0841
rev_4318,0.4803
rev_4319,0.106
rev_4320,0.0098
rev_4321,0.0241
rev_4322,0.0954
rev_4323,0.0875
rev_4324,0.574
rev_4325,0.1066
rev_4326,0.3231
rev_4327,0.0065
rev_4328,0.2797
rev_4329,0.0246
rev_4330,0.6794
rev_4331,0.8558
rev_4332,0.0802
rev_4333,0.0083
rev_4334,0.338
rev_4335,0.6362
rev_4336,0.4497
rev_4337,0.4205
rev_4338,0.7651
rev_4339,0.9818
rev_4340,0.7236
rev_4341,0.9922
rev_4342,0.9951
rev_4343,0.9497
rev_4344,0.9986
rev_4345,0.9039
rev_4346,0.5159
rev_4347,0.9488
rev_4348,0.2135
rev_4349,0.989
rev_4350,0.9682
rev_4351,0.9827
rev_4352,0.8817
rev_4353,0.9998
rev_4354,0.8321
rev_4355,0.5925
rev_4356,0.1013
rev_4357,0.9975
rev_4358,0.9972
rev_4359,0.9854
rev_4360,0.9994
rev_4361,0.9999
rev_4362,0.938
rev_4363,0.9996
rev_4364,0.9238
rev_4365,0.9678
rev_4366,0.9998
rev_4367,0.9692
rev_4368,0.7597
rev_4369,0.9853
rev_4370,0.9677
rev_4371,0.5231
rev_4372,0.9957
rev_4373,0.6452
rev_4374,0.3904
rev_4375,0.9373
rev_4376,0.9981
rev_4377,0.8957
rev_4378,0.5519
rev_4379,0.9971
rev_4380,0.557
rev_4381,0.0596
rev_4382,0.1228
rev_4383,0.2646
rev_4384,0.0215
rev_4385,0.6535
rev_4386,0.0805
rev_4387,0.0528
rev_4388,0.0738
rev_4389,0.3269
rev_4390,0.0393
rev_4391,0.2874
rev_4392,0.5044
rev_4393,0.1782
rev_4394,0.0342
rev_4395,0.0223
rev_4396,0.2944
rev_4397,0.004
rev_4398,0.0122
rev_4399,0.6734
rev_4400,0.2238
rev_4401,0.0303
rev_4402,0.0612
rev_4403,0.067
rev_4404,0.7297
rev_4405,0.0011
rev_4406,0.0029
rev_4407,0.0648
rev_4408,0.0143
rev_4409,0.0792
rev_4410,0.0049
rev_4411,0.0121
rev_4412,0.768
rev_4413,0.0379
rev_4414,0.0027
rev_4415,0.5184
rev_4416,0.002
rev_4417,0.3759
rev_4418,0.1554
rev_4419,0.04
rev_4420,0.0441
rev_4421,0.7195
rev_4422,0.9993
rev_4423,0.9981
rev_4424,0.9987
rev_4425,0.9273
rev_4426,0.9952
rev_4427,0.9969
rev_4428,0.9586
rev_4429,0.9948
rev_4430,0.9855
rev_4431,0.4793
rev_4432,0.7799
rev_4433,0.6212
rev_4434,0.5049
rev_4435,0.8323
rev_4436,0.9995
rev_4437,0.9977
rev_4438,0.9988
rev_4439,0.9996
rev_4440,0.5647
rev_4441,0.9999
rev_4442,0.3633
rev_4443,0.5628
rev_4444,0.8362
rev_4445,0.9982
rev_4446,0.9825
rev_4447,0.2858
rev_4448,0.9704
rev_4449,0.1366
rev_4450,0.9925
rev_4451,0.9915
rev_4452,0.8009
rev_4453,0.3849
rev_4454,0.6562
rev_4455,0.998
rev_4456,1.0
rev_4457,0.9093
rev_4458,0.7119
rev_4459,0.5549
rev_4460,0.974
rev_4461,0.027
rev_4462,0.3958
rev_4463,0.1876
rev_4464,0.1554
rev_4465,0.056
rev_4466,0.5437
rev_4467,0.7912
rev_4468,0.0038
rev_4469,0.1324
rev_4470,0.7349
rev_4471,0.0214
rev_4472,0.057
rev_4473,0.4742
rev_4474,0.0141
rev_4475,0.5394
rev_4476,0.1252
rev_4477,0.0169
rev_4478,0.8447
rev_4479,0.0342
rev_4480,0.0458
rev_4481,0.6105
rev_4482,0.367
rev_4483,0.0213
rev_4484,0.068
rev_4485,0.0251
rev_4486,0.0097
rev_4487,0.1813
rev_4488,0.0336
rev_4489,0.4842
rev_4490,0.0181
rev_4491,0.1842
rev_4492,0.0021
rev_4493,0.0549
rev_4494,0.0681
rev_4495,0.8008
rev_4496,0.0829
rev_4497,0.0391
rev_4498,0.1128
rev_4499,0.345
rev_4500,0.984
rev_4501,0.9985
rev_4502,0.9459
rev_4503,0.9816
rev_4504,1.0
rev_4505,0.9931
rev_4506,0.9945
rev_4507,0.9995
rev_4508,0.9036
rev_4509,0.957
rev_4510,0.9899
rev_4511,0.992
rev_4512,0.9954
rev_4513,0.6209
rev_4514,0.9849
rev_4515,0.5937
rev_4516,0.9961
rev_4517,0.9937
rev_4518,0.9712
rev_4519,0.0878
rev_4520,0.9998
rev_4521,0.9483
rev_4522,0.5116
rev_4523,0.9996
rev_4524,0.9672
rev_4525,0.9933
rev_4526,0.9848
rev_4527,0.9977
rev_4528,0.9068
rev_4529,0.9952
rev_4530,0.9815
rev_4531,0.9755
rev_4532,0.9744
rev_4533,0.9977
rev_4534,0.8662
rev_4535,0.9491
rev_4536,0.978
rev_4537,0.9963
rev_4538,0.0491
rev_4539,0.0247
rev_4540,0.159
rev_4541,0.0407
rev_4542,0.0451
rev_4543,0.0104
rev_4544,0.2857
rev_4545,0.0354
rev_4546,0.035
rev_4547,0.0277
rev_4548,0.0123
rev_4549,0.0098
rev_4550,0.0187
rev_4551,0.1013
rev_4552,0.0427
rev_4553,0.6472
rev_4554,0.0247
rev_4555,0.5623
rev_4556,0.0375
rev_4557,0.0172
rev_4558,0.029
rev_4559,0.0103
rev_4560,0.1727
rev_4561,0.432
rev_4562,0.0037
rev_4563,0.0195
rev_4564,0.0343
rev_4565,0.2753
rev_4566,0.0293
rev_4567,0.0051
rev_4568,0.001
rev_4569,0.0223
rev_4570,0.1538
rev_4571,0.1462
rev_4572,0.0103
rev_4573,0.2458
rev_4574,0.1793
rev_4575,0.0169
rev_4576,0.7628
rev_4577,0.9318
rev_4578,0.9982
rev_4579,0.2723
rev_4580,0.9952
rev_4581,0.9773
rev_4582,0.9988
rev_4583,0.8661
rev_4584,0.6938
rev_4585,0.999
rev_4586,0.347
rev_4587,0.9994
rev_4588,0.5802
rev_4589,0.9241
rev_4590,0.8574
rev_4591,0.0365
rev_4592,0.9767
rev_4593,0.9877
rev_4594,0.6907
rev_4595,0.1558
rev_4596,0.9926
rev_4597,0.9977
rev_4598,0.9697
rev_4599,0.5219
rev_4600,0.9764
rev_4601,0.9541
rev_4602,0.7504
rev_4603,0.9943
rev_4604,0.9786
rev_4605,0.9904
rev_4606,0.1752
rev_4607,0.9998
rev_4608,0.4305
rev_4609,0.9101
rev_4610,0.7037
rev_4611,0.006
rev_4612,0.0527
rev_4613,0.7207
rev_4614,0.7833
rev_4615,0.0496
rev_4616,0.241
rev_4617,0.0261
rev_4618,0.5871
rev_4619,0.1548
rev_4620,0.2127
rev_4621,0.0433
rev_4622,0.0648
rev_4623,0.0602
rev_4624,0.4747
rev_4625,0.2387
rev_4626,0.0223
rev_4627,0.0698
rev_4628,0.1349
rev_4629,0.0126
rev_4630,0.0093
rev_4631,0.0082
rev_4632,0.01
rev_4633,0.0008
rev_4634,0.9411
rev_4635,0.0261
rev_4636,0.0386
rev_4637,0.0217
rev_4638,0.0244
rev_4639,0.2449
rev_4640,0.0932
rev_4641,0.3961
rev_4642,0.0169
rev_4643,0.3919
rev_4644,0.9882
rev_4645,0.9995
rev_4646,0.7904
rev_4647,0.9661
rev_4648,0.3163
rev_4649,0.8341
rev_4650,0.872
rev_4651,0.9895
rev_4652,0.9069
rev_4653,0.9771
rev_4654,0.9998
rev_4655,0.9706
rev_4656,0.0703
rev_4657,0.9984
rev_4658,0.9991
rev_4659,0.9239
rev_4660,0.77
rev_4661,0.8068
rev_4662,0.9953
rev_4663,0.9989
rev_4664,0.9869
rev_4665,0.526
rev_4666,0.7904
rev_4667,0.9997
rev_4668,0.9001
rev_4669,0.999
rev_4670,0.9901
rev_4671,0.96
rev_4672,0.5663
rev_4673,0.8488
rev_4674,0.2221
rev_4675,0.9989
rev_4676,0.9993
rev_4677,0.9726
rev_4678,0.0287
rev_4679,0.1486
rev_4680,0.4006
rev_4681,0.0538
rev_4682,0.4146
rev_4683,0.1156
rev_4684,0.0339
rev_4685,0.5361
rev_4686,0.0128
rev_4687,0.3104
rev_4688,0.4145
rev_4689,0.3181
rev_4690,0.0336
rev_4691,0.0052
rev_4692,0.1285
rev_4693,0.4226
rev_4694,0.5706
rev_4695,0.6964
rev_4696,0.1183
rev_4697,0.1019
rev_4698,0.0589
rev_4699,0.4163
rev_4700,0.0286
rev_4701,0.0036
rev_4702,0.0047
rev_4703,0.7994
rev_4704,0.2707
rev_4705,0.0091
rev_4706,0.0126
rev_4707,0.1039
rev_4708,0.3491
rev_4709,0.0035
rev_4710,0.0229
rev_4711,0.0023
rev_4712,0.9996
rev_4713,0.9104
rev_4714,0.1749
rev_4715,0.9999
rev_4716,0.9313
rev_4717,0.8207
rev_4718,0.9905
rev_4719,0.9855
rev_4720,0.9966
rev_4721,0.3652
rev_4722,0.9938
rev_4723,0.9989
rev_4724,0.9356
rev_4725,0.9596
rev_4726,0.9972
rev_4727,0.8259
rev_4728,0.9986
rev_4729,0.9996
rev_4730,0.992
rev_4731,0.9549
rev_4732,0.0088
rev_4733,0.8402
rev_4734,0.9714
rev_4735,0.9982
rev_4736,0.9971
rev_4737,0.9989
rev_4738,0.0443
rev_4739,0.9934
rev_4740,1.0
rev_4741,0.9946
rev_4742,0.3361
rev_4743,0.6278
rev_4744,0.9995
rev_4745,0.99
rev_4746,0.9999
rev_4747,0.364
rev_4748,0.2252
rev_4749,0.0184
rev_4750,0.2531
rev_4751,0.0085
rev_4752,0.1847
rev_4753,0.0016
rev_4754,0.6
rev_4755,0.028
rev_4756,0.1722
rev_4757,0.0025
rev_4758,0.076
rev_4759,0.414
rev_4760,0.0868
rev_4761,0.0187
rev_4762,0.0127
rev_4763,0.0106
rev_4764,0.0087
rev_4765,0.0277
rev_4766,0.7343
rev_4767,0.0529
rev_4768,0.9382
rev_4769,0.1852
rev_4770,0.0656
rev_4771,0.0453
rev_4772,0.0612
rev_4773,0.027
rev_4774,0.063
rev_4775,0.3069
rev_4776,0.0006
rev_4777,0.0632
rev_4778,0.2678
rev_4779,0.2014
rev_4780,0.3139
rev_4781,0.0455
rev_4782,0.9999
rev_4783,0.6859
rev_4784,0.9968
rev_4785,0.99
rev_4786,0.9999
rev_4787,0.9977
rev_4788,0.9988
rev_4789,0.9937
rev_4790,0.9967
rev_4791,0.9612
rev_4792,0.9994
rev_4793,0.9973
rev_4794,0.9093
rev_4795,0.9801
rev_4796,0.9832
rev_4797,0.9992
rev_4798,0.9591
rev_4799,0.934
rev_4800,0.9632
rev_4801,0.9983
rev_4802,0.9993
rev_4803,0.9997
rev_4804,0.999
rev_4805,0.9888
rev_4806,0.9691
rev_4807,0.0382
rev_4808,0.6625
rev_4809,0.9993
rev_4810,0.9532
rev_4811,0.9839
rev_4812,0.9918
rev_4813,0.21
rev_4814,0.9918
rev_4815,0.0028
rev_4816,0.0571
rev_4817,0.0113
rev_4818,0.1047
rev_4819,0.0254
rev_4820,0.1193
rev_4821,0.0559
rev_4822,0.2423
rev_4823,0.0612
rev_4824,0.0005
rev_4825,0.0667
rev_4826,0.0418
rev_4827,0.0515
rev_4828,0.0015
rev_4829,0.0415
rev_4830,0.0224
rev_4831,0.0206
rev_4832,0.0003
rev_4833,0.6794
rev_4834,0.4027
rev_4835,0.8092
rev_4836,0.2544
rev_4837,0.5152
rev_4838,0.0198
rev_4839,0.0235
rev_4840,0.0304
rev_4841,0.1019
rev_4842,0.0532
rev_4843,0.0025
rev_4844,0.005
rev_4845,0.0693
rev_4846,0.0119
rev_4847,0.0493
rev_4848,0.7821
rev_4849,0.9924
rev_4850,0.9997
rev_4851,0.9986
rev_4852,0.7429
rev_4853,0.7199
rev_4854,0.9638
rev_4855,0.9999
rev_4856,0.9976
rev_4857,0.9999
rev_4858,0.9999
rev_4859,0.9381
rev_4860,0.9997
rev_4861,0.5171
rev_4862,0.9965
rev_4863,0.8257
rev_4864,0.4533
rev_4865,0.9996
rev_4866,0.9998
rev_4867,0.6902
rev_4868,0.6639
rev_4869,0.9997
rev_4870,0.999
rev_4871,0.7683
rev_4872,0.9957
rev_4873,0.4794
rev_4874,0.9552
rev_4875,0.2839
rev_4876,0.9321
rev_4877,0.9716
rev_4878,0.9982
rev_4879,0.8687
rev_4880,0.9933
rev_4881,0.9999
rev_4882,0.9126
rev_4883,0.9795
rev_4884,0.5498
rev_4885,0.9898
rev_4886,0.9979
rev_4887,0.9995
rev_4888,0.9993
rev_4889,0.991
rev_4890,0.9122
rev_4891,0.0136
rev_4892,0.0352
rev_4893,0.0142
rev_4894,0.0246
rev_4895,0.3666
rev_4896,0.0299
rev_4897,0.0097
rev_4898,0.0742
rev_4899,0.0078
rev_4900,0.2465
rev_4901,0.0134
rev_4902,0.1108
rev_4903,0.8295
rev_4904,0.0104
rev_4905,0.0171
rev_4906,0.0954
rev_4907,0.2595
rev_4908,0.923
rev_4909,0.4374
rev_4910,0.8648
rev_4911,0.0788
rev_4912,0.0034
rev_4913,0.0084
rev_4914,0.005
rev_4915,0.0582
rev_4916,0.0292
rev_4917,0.0815
rev_4918,0.0528
rev_4919,0.2806
rev_4920,0.0661
rev_4921,0.4743
rev_4922,0.215
rev_4923,0.1328
rev_4924,0.35
rev_4925,0.0149
rev_4926,0.0758
rev_4927,0.0016
rev_4928,0.721
rev_4929,0.1439
rev_4930,0.0042
rev_4931,0.8583
rev_4932,0.0133
rev_4933,0.2011
rev_4934,0.999
rev_4935,1.0
rev_4936,0.9994
rev_4937,0.9986
rev_4938,0.9984
rev_4939,0.569
rev_4940,0.9984
rev_4941,0.7439
rev_4942,0.9968
rev_4943,0.9999
rev_4944,0.9167
rev_4945,0.9912
rev_4946,0.4243
rev_4947,0.9993
rev_4948,0.9992
rev_4949,0.9991
rev_4950,0.8388
rev_4951,0.9902
rev_4952,0.9953
rev_4953,0.9994
rev_4954,0.5771
rev_4955,0.99
rev_4956,0.9821
rev_4957,0.673
rev_4958,0.9818
rev_4959,0.9995
rev_4960,0.9191
rev_4961,0.8534
rev_4962,0.9995
rev_4963,0.9999
rev_4964,0.2925
rev_4965,0.9965
rev_4966,0.654
rev_4967,0.9943
rev_4968,0.9399
rev_4969,1.0
rev_4970,0.8642
rev_4971,0.9714
rev_4972,0.2127
rev_4973,0.7293
rev_4974,0.5841
rev_4975,0.15
rev_4976,0.0709
rev_4977,0.6787
rev_4978,0.0016
rev_4979,0.0237
rev_4980,0.3145
rev_4981,0.1928
rev_4982,0.1319
rev_4983,0.1839
rev_4984,0.0546
rev_4985,0.0112
rev_4986,0.1287
rev_4987,0.0611
rev_4988,0.1149
rev_4989,0.5792
rev_4990,0.0563
rev_4991,0.0255
rev_4992,0.0172
rev_4993,0.0043
rev_4994,0.1746
rev_4995,0.0131
rev_4996,0.3389
rev_4997,0.0239
rev_4998,0.0016
rev_4999,0.6001
rev_5000,0.3485
rev_5001,0.3562
rev_5002,0.0562
rev_5003,0.1722
rev_5004,0.5286
rev_5005,0.4541
rev_5006,0.0008
rev_5007,0.1202
rev_5008,0.0012
rev_5009,0.0113
rev_5010,0.1217
rev_5011,0.0269
rev_5012,0.0281
rev_5013,0.1691
rev_5014,0.0008
rev_5015,0.0855
rev_5016,0.9028
rev_5017,0.933
rev_5018,0.7766
rev_5019,0.9985
rev_5020,0.9846
rev_5021,0.4199
rev_5022,0.9999
rev_5023,0.9718
rev_5024,0.5387
rev_5025,0.9997
rev_5026,0.9883
rev_5027,0.9982
rev_5028,0.9999
rev_5029,0.999
rev_5030,0.9989
rev_5031,0.9248
rev_5032,0.3973
rev_5033,0.7711
rev_5034,0.9999
rev_5035,0.9969
rev_5036,0.9451
rev_5037,0.9359
rev_5038,0.9961
rev_5039,0.7841
rev_5040,0.991
rev_5041,0.9985
rev_5042,0.771
rev_5043,0.9989
rev_5044,0.974
rev_5045,0.9916
rev_5046,0.9992
rev_5047,0.9753
rev_5048,0.9569
rev_5049,0.987
rev_5050,0.9999
rev_5051,0.9704
rev_5052,0.9979
rev_5053,0.9995
rev_5054,0.9947
rev_5055,0.9977
rev_5056,0.0985
rev_5057,0.3762
rev_5058,0.0013
rev_5059,0.2682
rev_5060,0.0345
rev_5061,0.034
rev_5062,0.0038
rev_5063,0.0292
rev_5064,0.0174
rev_5065,0.0025
rev_5066,0.0239
rev_5067,0.0563
rev_5068,0.0351
rev_5069,0.0439
rev_5070,0.0112
rev_5071,0.0276
rev_5072,0.0366
rev_5073,0.4451
rev_5074,0.042
rev_5075,0.0003
rev_5076,0.0059
rev_5077,0.0013
rev_5078,0.5091
rev_5079,0.0394
rev_5080,0.3026
rev_5081,0.0812
rev_5082,0.0597
rev_5083,0.067
rev_5084,0.7376
rev_5085,0.0229
rev_5086,0.1019
rev_5087,0.0376
rev_5088,0.0463
rev_5089,0.3265
rev_5090,0.1805
rev_5091,0.5534
rev_5092,0.3856
rev_5093,0.0655
rev_5094,0.8607
rev_5095,0.0562
rev_5096,0.7339
rev_5097,0.4173
rev_5098,0.9909
rev_5099,0.9988
rev_5100,0.9999
rev_5101,0.7611
rev_5102,0.9619
rev_5103,0.5706
rev_5104,0.9794
rev_5105,0.9996
rev_5106,0.9806
rev_5107,0.8313
rev_5108,0.9996
rev_5109,0.9987
rev_5110,0.9947
rev_5111,0.8469
rev_5112,0.9989
rev_5113,0.4832
rev_5114,0.9995
rev_5115,0.9987
rev_5116,0.3555
rev_5117,0.9705
rev_5118,0.6754
rev_5119,0.991
rev_5120,0.9948
rev_5121,0.986
rev_5122,0.9381
rev_5123,0.9994
rev_5124,0.9925
rev_5125,0.6761
rev_5126,0.4042
rev_5127,0.9984
rev_5128,0.9289
rev_5129,0.9979
rev_5130,0.9988
rev_5131,0.9927
rev_5132,0.668
rev_5133,0.9661
rev_5134,0.0041
rev_5135,0.0427
rev_5136,0.1598
rev_5137,0.0064
rev_5138,0.1527
rev_5139,0.0081
rev_5140,0.0018
rev_5141,0.005
rev_5142,0.1036
rev_5143,0.017
rev_5144,0.0112
rev_5145,0.1638
rev_5146,0.0379
rev_5147,0.0378
rev_5148,0.046
rev_5149,0.0835
rev_5150,0.1553
rev_5151,0.0679
rev_5152,0.5942
rev_5153,0.0019
rev_5154,0.1651
rev_5155,0.1751
rev_5156,0.1146
rev_5157,0.3045
rev_5158,0.4367
rev_5159,0.4145
rev_5160,0.5494
rev_5161,0.0319
rev_5162,0.4148
rev_5163,0.1404
rev_5164,0.0079
rev_5165,0.7009
rev_5166,0.0065
rev_5167,0.0032
rev_5168,0.0411
rev_5169,0.0286
rev_5170,0.0299
rev_5171,0.4485
rev_5172,0.9924
rev_5173,0.7715
rev_5174,0.6284
rev_5175,0.9902
rev_5176,0.9337
rev_5177,0.4116
rev_5178,0.99
rev_5179,0.412
rev_5180,0.9998
rev_5181,0.863
rev_5182,0.9388
rev_5183,0.9753
rev_5184,0.7244
rev_5185,0.8922
rev_5186,0.9831
rev_5187,0.9856
rev_5188,0.9303
rev_5189,0.8616
rev_5190,0.9957
rev_5191,0.9966
rev_5192,1.0
rev_5193,0.9997
rev_5194,0.6146
rev_5195,0.9297
rev_5196,0.9488
rev_5197,0.9993
rev_5198,0.9771
rev_5199,0.9999
rev_5200,0.9997
rev_5201,0.9999
rev_5202,0.9976
rev_5203,0.9888
rev_5204,0.9633
rev_5205,0.9736
rev_5206,0.9751
rev_5207,0.9998
rev_5208,0.0011
rev_5209,0.3195
rev_5210,0.0551
rev_5211,0.4899
rev_5212,0.0259
rev_5213,0.0073
rev_5214,0.4459
rev_5215,0.0563
rev_5216,0.1823
rev_5217,0.1247
rev_5218,0.4244
rev_5219,0.0633
rev_5220,0.0664
rev_5221,0.0577
rev_5222,0.0489
rev_5223,0.1034
rev_5224,0.77
rev_5225,0.0109
rev_5226,0.0502
rev_5227,0.0008
rev_5228,0.153
rev_5229,0.7736
rev_5230,0.1507
rev_5231,0.0821
rev_5232,0.1089
rev_5233,0.03
rev_5234,0.406
rev_5235,0.009
rev_5236,0.1125
rev_5237,0.0032
rev_5238,0.2481
rev_5239,0.0134
rev_5240,0.0244
rev_5241,0.1077
rev_5242,0.0684
rev_5243,0.02
rev_5244,0.5237
rev_5245,0.998
rev_5246,0.9805
rev_5247,0.954
rev_5248,0.9999
rev_5249,0.9504
rev_5250,0.9574
rev_5251,0.9982
rev_5252,0.7041
rev_5253,0.9999
rev_5254,0.958
rev_5255,0.6592
rev_5256,0.9889
rev_5257,0.9988
rev_5258,0.7655
rev_5259,0.816
rev_5260,0.9916
rev_5261,0.7033
rev_5262,0.9957
rev_5263,0.2129
rev_5264,0.8892
rev_5265,0.9998
rev_5266,0.9986
rev_5267,0.9679
rev_5268,0.9836
rev_5269,0.9978
rev_5270,0.8108
rev_5271,0.9999
rev_5272,0.5624
rev_5273,0.9771
rev_5274,0.9999
rev_5275,0.8848
rev_5276,0.988
rev_5277,0.0209
rev_5278,0.0702
rev_5279,0.0851
rev_5280,0.0047
rev_5281,0.562
rev_5282,0.0894
rev_5283,0.2438
rev_5284,0.0066
rev_5285,0.4779
rev_5286,0.0238
rev_5287,0.0771
rev_5288,0.2374
rev_5289,0.031
rev_5290,0.0009
rev_5291,0.0122
rev_5292,0.0049
rev_5293,0.124
rev_5294,0.2673
rev_5295,0.2089
rev_5296,0.0446
rev_5297,0.0142
rev_5298,0.008
rev_5299,0.0554
rev_5300,0.0817
rev_5301,0.2754
rev_5302,0.0095
rev_5303,0.0108
rev_5304,0.0456
rev_5305,0.049
rev_5306,0.2464
rev_5307,0.0004
rev_5308,0.0063
rev_5309,0.145
rev_5310,0.9979
rev_5311,1.0
rev_5312,0.3057
rev_5313,0.9884
rev_5314,0.998
rev_5315,0.9915
rev_5316,0.9999
rev_5317,0.986
rev_5318,0.9782
rev_5319,0.9988
rev_5320,0.9574
rev_5321,0.5897
rev_5322,0.9799
rev_5323,0.9996
rev_5324,0.3664
rev_5325,0.8204
rev_5326,0.842
rev_5327,0.9863
rev_5328,0.8839
rev_5329,0.9787
rev_5330,0.6861
rev_5331,0.9924
rev_5332,0.9962
rev_5333,0.9907
rev_5334,0.9896
rev_5335,0.984
rev_5336,0.9111
rev_5337,0.9804
rev_5338,0.8459
rev_5339,0.998
rev_5340,0.9985
rev_5341,0.9968
rev_5342,0.0656
rev_5343,0.3856
rev_5344,0.026
rev_5345,0.8878
rev_5346,0.1414
rev_5347,0.0106
rev_5348,0.0025
rev_5349,0.2683
rev_5350,0.1506
rev_5351,0.0075
rev_5352,0.1516
rev_5353,0.0516
rev_5354,0.0063
rev_5355,0.0172
rev_5356,0.0408
rev_5357,0.0751
rev_5358,0.0894
rev_5359,0.1341
rev_5360,0.0653
rev_5361,0.2724
rev_5362,0.0102
rev_5363,0.019
rev_5364,0.1624
rev_5365,0.3658
rev_5366,0.0886
rev_5367,0.0211
rev_5368,0.2067
rev_5369,0.0104
rev_5370,0.031
rev_5371,0.095
rev_5372,0.5534
rev_5373,0.0519
rev_5374,0.999
rev_5375,0.999
rev_5376,0.9526
rev_5377,0.9868
rev_5378,0.9991
rev_5379,0.997
rev_5380,0.7855
rev_5381,0.9674
rev_5382,0.925
rev_5383,0.9989
rev_5384,0.9994
rev_5385,0.8671
rev_5386,0.9053
rev_5387,0.8209
rev_5388,0.9999
rev_5389,1.0
rev_5390,0.9869
rev_5391,0.9994
rev_5392,0.9328
rev_5393,0.9999
rev_5394,0.9987
rev_5395,0.9999
rev_5396,0.9977
rev_5397,0.9984
rev_5398,0.9658
rev_5399,0.9686
rev_5400,0.9897
rev_5401,0.9799
rev_5402,0.9917
rev_5403,0.6314
rev_5404,0.8358
rev_5405,0.9383
rev_5406,0.6961
rev_5407,0.0756
rev_5408,0.2207
rev_5409,0.0293
rev_5410,0.0091
rev_5411,0.044
rev_5412,0.0544
rev_5413,0.017
rev_5414,0.0035
rev_5415,0.0262
rev_5416,0.5735
rev_5417,0.0373
rev_5418,0.0238
rev_5419,0.0042
rev_5420,0.071
rev_5421,0.7743
rev_5422,0.1942
rev_5423,0.0373
rev_5424,0.0374
rev_5425,0.0014
rev_5426,0.0207
rev_5427,0.008
rev_5428,0.1957
rev_5429,0.0112
rev_5430,0.0299
rev_5431,0.1511
rev_5432,0.0439
rev_5433,0.0786
rev_5434,0.0059
rev_5435,0.3374
rev_5436,0.0152
rev_5437,0.3867
rev_5438,0.998
rev_5439,0.7612
rev_5440,1.0
rev_5441,0.9946
rev_5442,0.9989
rev_5443,0.9964
rev_5444,0.9456
rev_5445,1.0
rev_5446,0.9936
rev_5447,1.0
rev_5448,0.9493
rev_5449,0.9948
rev_5450,0.7711
rev_5451,0.9962
rev_5452,0.9997
rev_5453,0.9995
rev_5454,0.9971
rev_5455,0.6586
rev_5456,0.9917
rev_5457,0.986
rev_5458,0.9999
rev_5459,0.9981
rev_5460,0.9997
rev_5461,0.9989
rev_5462,0.9911
rev_5463,0.9999
rev_5464,0.9987
rev_5465,0.2725
rev_5466,0.9996
rev_5467,0.0072
rev_5468,0.0266
rev_5469,0.3489
rev_5470,0.0192
rev_5471,0.0019
rev_5472,0.0597
rev_5473,0.0023
rev_5474,0.1574
rev_5475,0.2625
rev_5476,0.0022
rev_5477,0.0169
rev_5478,0.2028
rev_5479,0.7868
rev_5480,0.1225
rev_5481,0.4284
rev_5482,0.0183
rev_5483,0.0319
rev_5484,0.1478
rev_5485,0.0476
rev_5486,0.0338
rev_5487,0.0016
rev_5488,0.0408
rev_5489,0.5207
rev_5490,0.0555
rev_5491,0.0868
rev_5492,0.8415
rev_5493,0.0165
rev_5494,0.2873
rev_5495,0.0412
rev_5496,0.8949
rev_5497,0.9433
rev_5498,0.9988
rev_5499,0.9931
rev_5500,0.9996
rev_5501,0.9416
rev_5502,0.9789
rev_5503,0.9922
rev_5504,0.9996
rev_5505,0.8774
rev_5506,0.999
rev_5507,0.9621
rev_5508,0.9931
rev_5509,0.0809
rev_5510,0.9415
rev_5511,0.9946
rev_5512,0.7918
rev_5513,0.9999
rev_5514,0.7973
rev_5515,0.7923
rev_5516,0.9903
rev_5517,0.9969
rev_5518,0.9118
rev_5519,1.0
rev_5520,0.9842
rev_5521,0.8732
rev_5522,0.19
rev_5523,0.8143
rev_5524,0.0229
rev_5525,0.5959
rev_5526,0.0106
rev_5527,0.0141
rev_5528,0.013
rev_5529,0.0278
rev_5530,0.0181
rev_5531,0.002
rev_5532,0.0841
rev_5533,0.0107
rev_5534,0.0133
rev_5535,0.0171
rev_5536,0.4492
rev_5537,0.001
rev_5538,0.0781
rev_5539,0.3359
rev_5540,0.0011
rev_5541,0.0166
rev_5542,0.6432
rev_5543,0.2308
rev_5544,0.0005
rev_5545,0.4296
rev_5546,0.0053
rev_5547,0.0016
rev_5548,0.3255
rev_5549,0.022
rev_5550,0.1392
rev_5551,0.0046
rev_5552,0.9988
rev_5553,0.9895
rev_5554,0.5174
rev_5555,0.9976
rev_5556,0.6735
rev_5557,0.9831
rev_5558,0.9995
rev_5559,0.999
rev_5560,0.9747
rev_5561,0.9985
rev_5562,0.9898
rev_5563,0.9979
rev_5564,0.68
rev_5565,0.9421
rev_5566,0.3971
rev_5567,0.9977
rev_5568,0.9894
rev_5569,0.9873
rev_5570,0.9769
rev_5571,0.9983
rev_5572,0.9998
rev_5573,0.8256
rev_5574,0.9839
rev_5575,1.0
rev_5576,0.9522
rev_5577,1.0
rev_5578,0.9922
rev_5579,0.0045
rev_5580,0.2711
rev_5581,0.0377
rev_5582,0.0519
rev_5583,0.153
rev_5584,0.0953
rev_5585,0.1013
rev_5586,0.0593
rev_5587,0.1658
rev_5588,0.0816
rev_5589,0.0112
rev_5590,0.5299
rev_5591,0.0631
rev_5592,0.0045
rev_5593,0.0249
rev_5594,0.2566
rev_5595,0.3024
rev_5596,0.038
rev_5597,0.0093
rev_5598,0.0118
rev_5599,0.0055
rev_5600,0.6704
rev_5601,0.0938
rev_5602,0.0056
rev_5603,0.0217
rev_5604,0.1164
rev_5605,0.0012
rev_5606,0.9996
rev_5607,1.0
rev_5608,0.9999
rev_5609,0.9699
rev_5610,0.9999
rev_5611,0.9998
rev_5612,0.8493
rev_5613,0.9735
rev_5614,0.9986
rev_5615,0.9733
rev_5616,0.7237
rev_5617,0.9976
rev_5618,0.9863
rev_5619,0.9523
rev_5620,0.9779
rev_5621,0.9921
rev_5622,0.8089
rev_5623,0.9973
rev_5624,0.9922
rev_5625,1.0
rev_5626,0.9994
rev_5627,0.9824
rev_5628,0.9999
rev_5629,0.6576
rev_5630,0.9983
rev_5631,0.1343
rev_5632,0.0187
rev_5633,0.5602
rev_5634,0.0044
rev_5635,0.064
rev_5636,0.0255
rev_5637,0.0347
rev_5638,0.0434
rev_5639,0.0143
rev_5640,0.0752
rev_5641,0.0943
rev_5642,0.1385
rev_5643,0.001
rev_5644,0.1521
rev_5645,0.0547
rev_5646,0.7812
rev_5647,0.4991
rev_5648,0.0002
rev_5649,0.028
rev_5650,0.033
rev_5651,0.3692
rev_5652,0.0176
rev_5653,0.0945
rev_5654,0.0101
rev_5655,0.0058
rev_5656,0.9495
rev_5657,0.9998
rev_5658,0.9678
rev_5659,0.8782
rev_5660,0.9943
rev_5661,0.982
rev_5662,0.9908
rev_5663,0.9999
rev_5664,0.9957
rev_5665,0.6905
rev_5666,1.0
rev_5667,0.9662
rev_5668,0.9985
rev_5669,0.9995
rev_5670,0.9967
rev_5671,0.9636
rev_5672,0.9995
rev_5673,0.9975
rev_5674,0.9929
rev_5675,0.9664
rev_5676,0.9999
rev_5677,0.7978
rev_5678,0.8959
rev_5679,0.9912
rev_5680,0.9997
rev_5681,0.9984
rev_5682,0.0106
rev_5683,0.0567
rev_5684,0.0126
rev_5685,0.0308
rev_5686,0.1358
rev_5687,0.6813
rev_5688,0.0213
rev_5689,0.1298
rev_5690,0.4138
rev_5691,0.0235
rev_5692,0.0059
rev_5693,0.0423
rev_5694,0.2063
rev_5695,0.1361
rev_5696,0.0054
rev_5697,0.0272
rev_5698,0.1882
rev_5699,0.0057
rev_5700,0.0317
rev_5701,0.126
rev_5702,0.0148
rev_5703,0.0041
rev_5704,0.0123
rev_5705,0.0291
rev_5706,0.0772
rev_5707,0.4471
rev_5708,0.9944
rev_5709,0.967
rev_5710,0.9956
rev_5711,0.9999
rev_5712,0.9352
rev_5713,1.0
rev_5714,0.9978
rev_5715,0.9942
rev_5716,0.9571
rev_5717,0.9981
rev_5718,0.9988
rev_5719,0.9989
rev_5720,0.9569
rev_5721,0.7448
rev_5722,0.8908
rev_5723,0.987
rev_5724,0.9748
rev_5725,0.5566
rev_5726,0.9988
rev_5727,0.9911
rev_5728,0.9996
rev_5729,0.9336
rev_5730,0.9911
rev_5731,0.988
rev_5732,0.9936
rev_5733,0.5097
rev_5734,0.1399
rev_5735,0.092
rev_5736,0.082
rev_5737,0.0053
rev_5738,0.1832
rev_5739,0.0077
rev_5740,0.0809
rev_5741,0.0014
rev_5742,0.2397
rev_5743,0.0384
rev_5744,0.0053
rev_5745,0.4749
rev_5746,0.4634
rev_5747,0.0247
rev_5748,0.0969
rev_5749,0.2411
rev_5750,0.6202
rev_5751,0.007
rev_5752,0.0247
rev_5753,0.0533
rev_5754,0.0134
rev_5755,0.0525
rev_5756,0.1678
rev_5757,0.1267
rev_5758,0.9979
rev_5759,0.9969
rev_5760,0.9971
rev_5761,0.9998
rev_5762,0.9997
rev_5763,0.9998
rev_5764,0.9997
rev_5765,0.9938
rev_5766,0.9994
rev_5767,0.8119
rev_5768,0.972
rev_5769,0.9758
rev_5770,0.9913
rev_5771,0.9982
rev_5772,0.9992
rev_5773,0.9993
rev_5774,0.7757
rev_5775,0.9997
rev_5776,0.9895
rev_5777,0.9729
rev_5778,0.9984
rev_5779,0.9631
rev_5780,0.9952
rev_5781,0.9556
rev_5782,0.0027
rev_5783,0.1284
rev_5784,0.1404
rev_5785,0.0011
rev_5786,0.339
rev_5787,0.3888
rev_5788,0.3496
rev_5789,0.1056
rev_5790,0.0326
rev_5791,0.0527
rev_5792,0.4158
rev_5793,0.0689
rev_5794,0.0083
rev_5795,0.0307
rev_5796,0.1906
rev_5797,0.1383
rev_5798,0.0656
rev_5799,0.7574
rev_5800,0.0523
rev_5801,0.0016
rev_5802,0.0883
rev_5803,0.0088
rev_5804,0.9999
rev_5805,0.9999
rev_5806,0.9998
rev_5807,1.0
rev_5808,0.9977
rev_5809,0.4355
rev_5810,0.9999
rev_5811,0.9936
rev_5812,0.7379
rev_5813,0.9941
rev_5814,0.9576
rev_5815,0.9002
rev_5816,0.9988
rev_5817,1.0
rev_5818,0.9783
rev_5819,1.0
rev_5820,0.9936
rev_5821,1.0
rev_5822,0.9998
rev_5823,0.9979
rev_5824,0.9987
rev_5825,0.9998
rev_5826,0.9799
rev_5827,0.0114
rev_5828,0.028
rev_5829,0.008
rev_5830,0.0393
rev_5831,0.115
rev_5832,0.0532
rev_5833,0.1804
rev_5834,0.0574
rev_5835,0.034
rev_5836,0.0143
rev_5837,0.0907
rev_5838,0.4738
rev_5839,0.0256
rev_5840,0.2749
rev_5841,0.0311
rev_5842,0.0083
rev_5843,0.4641
rev_5844,0.3782
rev_5845,0.0028
rev_5846,0.3288
rev_5847,0.0628
rev_5848,0.0165
rev_5849,0.0513
rev_5850,0.9864
rev_5851,0.9336
rev_5852,0.9253
rev_5853,0.8348
rev_5854,0.8235
rev_5855,0.9999
rev_5856,0.9944
rev_5857,0.7259
rev_5858,0.9999
rev_5859,0.9999
rev_5860,0.9948
rev_5861,0.9963
rev_5862,0.9926
rev_5863,0.9995
rev_5864,0.9671
rev_5865,0.9849
rev_5866,0.9999
rev_5867,0.7531
rev_5868,0.8851
rev_5869,0.9689
rev_5870,0.921
rev_5871,0.976
rev_5872,0.0716
rev_5873,0.3949
rev_5874,0.0161
rev_5875,0.0112
rev_5876,0.0441
rev_5877,0.0023
rev_5878,0.0671
rev_5879,0.0069
rev_5880,0.5832
rev_5881,0.3401
rev_5882,0.2577
rev_5883,0.282
rev_5884,0.0573
rev_5885,0.0048
rev_5886,0.1037
rev_5887,0.0135
rev_5888,0.0514
rev_5889,0.3093
rev_5890,0.027
rev_5891,0.1339
rev_5892,0.7515
rev_5893,0.6108
rev_5894,0.9946
rev_5895,0.8117
rev_5896,1.0
rev_5897,0.9032
rev_5898,0.9999
rev_5899,0.9445
rev_5900,0.9998
rev_5901,0.9999
rev_5902,0.9372
rev_5903,0.9956
rev_5904,0.3425
rev_5905,0.9777
rev_5906,0.9885
rev_5907,0.9458
rev_5908,0.9998
rev_5909,0.9994
rev_5910,0.9992
rev_5911,0.9963
rev_5912,0.9769
rev_5913,0.9984
rev_5914,0.9985
rev_5915,0.0001
rev_5916,0.3063
rev_5917,0.1635
rev_5918,0.0025
rev_5919,0.0053
rev_5920,0.0186
rev_5921,0.0025
rev_5922,0.1481
rev_5923,0.7651
rev_5924,0.0537
rev_5925,0.1494
rev_5926,0.0009
rev_5927,0.0592
rev_5928,0.0235
rev_5929,0.0078
rev_5930,0.0115
rev_5931,0.0002
rev_5932,0.1049
rev_5933,0.6699
rev_5934,0.0196
rev_5935,0.0574
rev_5936,0.997
rev_5937,0.9996
rev_5938,0.9957
rev_5939,0.981
rev_5940,0.9996
rev_5941,0.9997
rev_5942,0.9975
rev_5943,0.9966
rev_5944,0.9677
rev_5945,0.9958
rev_5946,0.9768
rev_5947,0.9876
rev_5948,0.999
rev_5949,0.9253
rev_5950,0.9951
rev_5951,0.9422
rev_5952,0.9989
rev_5953,0.9788
rev_5954,0.9952
rev_5955,0.9983
rev_5956,0.9869
rev_5957,0.0082
rev_5958,0.0096
rev_5959,0.0033
rev_5960,0.1983
rev_5961,0.1217
rev_5962,0.0187
rev_5963,0.0151
rev_5964,0.3127
rev_5965,0.0026
rev_5966,0.1258
rev_5967,0.0008
rev_5968,0.0009
rev_5969,0.0079
rev_5970,0.0379
rev_5971,0.014
rev_5972,0.0037
rev_5973,0.0489
rev_5974,0.1926
rev_5975,0.0057
rev_5976,0.0693
rev_5977,0.0243
rev_5978,0.8501
rev_5979,0.885
rev_5980,0.9999
rev_5981,0.9993
rev_5982,1.0
rev_5983,0.9732
rev_5984,0.9979
rev_5985,0.5918
rev_5986,0.9963
rev_5987,0.9782
rev_5988,0.9534
rev_5989,0.9999
rev_5990,0.9803
rev_5991,0.8017
rev_5992,0.8704
rev_5993,0.8479
rev_5994,0.9996
rev_5995,0.9991
rev_5996,0.9992
rev_5997,0.9999
rev_5998,0.5008
rev_5999,0.005
rev_6000,0.1564
rev_6001,0.2294
rev_6002,0.0074
rev_6003,0.1026
rev_6004,0.0691
rev_6005,0.0503
rev_6006,0.7706
rev_6007,0.0159
rev_6008,0.0918
rev_6009,0.0126
rev_6010,0.2991
rev_6011,0.0046
rev_6012,0.0166
rev_6013,0.1471
rev_6014,0.1588
rev_6015,0.1769
rev_6016,0.0037
rev_6017,0.097
rev_6018,0.9983
rev_6019,0.9994
rev_6020,0.9998
rev_6021,1.0
rev_6022,0.9992
rev_6023,1.0
rev_6024,0.3055
rev_6025,0.9875
rev_6026,0.9625
rev_6027,1.0
rev_6028,0.9997
rev_6029,0.7817
rev_6030,0.8904
rev_6031,0.9781
rev_6032,0.9974
rev_6033,0.9947
rev_6034,0.7571
rev_6035,0.0299
rev_6036,0.0055
rev_6037,0.1691
rev_6038,0.0216
rev_6039,0.0386
rev_6040,0.7452
rev_6041,0.0001
rev_6042,0.1152
rev_6043,0.0184
rev_6044,0.0121
rev_6045,0.1548
rev_6046,0.1322
rev_6047,0.0107
rev_6048,0.0016
rev_6049,0.0084
rev_6050,0.0412
rev_6051,0.026
rev_6052,0.0356
rev_6053,0.9956
rev_6054,0.9997
rev_6055,0.9977
rev_6056,0.9996
rev_6057,0.9994
rev_6058,0.925
rev_6059,0.9829
rev_6060,0.9966
rev_6061,0.9992
rev_6062,0.9989
rev_6063,0.9991
rev_6064,0.997
rev_6065,0.9957
rev_6066,0.9983
rev_6067,0.9993
rev_6068,0.9845
rev_6069,0.9774
rev_6070,0.9998
rev_6071,0.0679
rev_6072,0.3342
rev_6073,0.0015
rev_6074,0.3237
rev_6075,0.0076
rev_6076,0.6
rev_6077,0.0957
rev_6078,0.0539
rev_6079,0.026
rev_6080,0.8362
rev_6081,0.0046
rev_6082,0.0225
rev_6083,0.0145
rev_6084,0.3574
rev_6085,0.1364
rev_6086,0.5562
rev_6087,0.7655
rev_6088,0.001
rev_6089,0.9584
rev_6090,0.9976
rev_6091,0.9995
rev_6092,0.9647
rev_6093,0.9362
rev_6094,0.9982
rev_6095,0.9963
rev_6096,0.9994
rev_6097,0.9992
rev_6098,0.9888
rev_6099,0.9997
rev_6100,0.9999
rev_6101,0.9995
rev_6102,0.9577
rev_6103,0.9897
rev_6104,0.9991
rev_6105,0.8776
rev_6106,0.9454
rev_6107,0.9998
rev_6108,0.0047
rev_6109,0.0044
rev_6110,0.0013
rev_6111,0.6013
rev_6112,0.0363
rev_6113,0.0065
rev_6114,0.0058
rev_6115,0.0278
rev_6116,0.3421
rev_6117,0.1022
rev_6118,0.0007
rev_6119,0.0476
rev_6120,0.0127
rev_6121,0.8302
rev_6122,0.2798
rev_6123,0.0546
rev_6124,0.0111
rev_6125,0.0247
rev_6126,0.0253
rev_6127,0.9998
rev_6128,0.9992
rev_6129,0.9999
rev_6130,0.9951
rev_6131,0.8548
rev_6132,0.9973
rev_6133,0.9929
rev_6134,0.9956
rev_6135,0.9982
rev_6136,1.0
rev_6137,0.998
rev_6138,1.0
rev_6139,0.9823
rev_6140,1.0
rev_6141,0.9992
rev_6142,0.4505
rev_6143,0.9977
rev_6144,0.0209
rev_6145,0.0143
rev_6146,0.0644
rev_6147,0.3053
rev_6148,0.0013
rev_6149,0.005
rev_6150,0.4384
rev_6151,0.0951
rev_6152,0.0342
rev_6153,0.0065
rev_6154,0.0069
rev_6155,0.0011
rev_6156,0.4186
rev_6157,0.2082
rev_6158,0.0147
rev_6159,0.0314
rev_6160,0.5093
rev_6161,0.9749
rev_6162,0.9794
rev_6163,0.9997
rev_6164,0.8087
rev_6165,0.9996
rev_6166,0.9986
rev_6167,0.9294
rev_6168,0.977
rev_6169,0.9853
rev_6170,0.9989
rev_6171,0.999
rev_6172,0.9842
rev_6173,0.9914
rev_6174,0.9318
rev_6175,0.2673
rev_6176,0.9921
rev_6177,0.9961
rev_6178,0.0026
rev_6179,0.0149
rev_6180,0.0047
rev_6181,0.0166
rev_6182,0.0021
rev_6183,0.5282
rev_6184,0.0016
rev_6185,0.1164
rev_6186,0.0122
rev_6187,0.4212
rev_6188,0.3081
rev_6189,0.0118
rev_6190,0.482
rev_6191,0.1619
rev_6192,0.0208
rev_6193,0.0181
rev_6194,0.0235
rev_6195,0.9994
rev_6196,0.8064
rev_6197,0.9999
rev_6198,0.9795
rev_6199,0.9889
rev_6200,1.0
rev_6201,0.9988
rev_6202,0.9976
rev_6203,0.9985
rev_6204,0.9993
rev_6205,0.8742
rev_6206,0.999
rev_6207,0.9825
rev_6208,0.9104
rev_6209,0.9983
rev_6210,0.9993
rev_6211,0.9864
rev_6212,0.0083
rev_6213,0.0016
rev_6214,0.0448
rev_6215,0.0015
rev_6216,0.397
rev_6217,0.149
rev_6218,0.197
rev_6219,0.6188
rev_6220,0.4285
rev_6221,0.0009
rev_6222,0.0848
rev_6223,0.318
rev_6224,0.0255
rev_6225,0.0008
rev_6226,0.0027
rev_6227,0.0117
rev_6228,0.0003
rev_6229,0.9988
rev_6230,0.9997
rev_6231,0.9985
rev_6232,0.9846
rev_6233,0.981
rev_6234,0.9998
rev_6235,0.9139
rev_6236,0.9835
rev_6237,0.9322
rev_6238,0.9999
rev_6239,0.9802
rev_6240,0.9991
rev_6241,0.9904
rev_6242,0.976
rev_6243,0.9969
rev_6244,0.0095
rev_6245,0.1122
rev_6246,0.0151
rev_6247,0.1025
rev_6248,0.0086
rev_6249,0.0701
rev_6250,0.0005
rev_6251,0.4094
rev_6252,0.048
rev_6253,0.0526
rev_6254,0.0068
rev_6255,0.0272
rev_6256,0.8779
rev_6257,0.0034
rev_6258,0.0118
rev_6259,0.9966
rev_6260,0.9547
rev_6261,0.9975
rev_6262,0.9968
rev_6263,0.96
rev_6264,0.9445
rev_6265,0.9999
rev_6266,0.9998
rev_6267,0.8395
rev_6268,0.8267
rev_6269,0.9654
rev_6270,0.9704
rev_6271,0.9987
rev_6272,0.9996
rev_6273,0.9964
rev_6274,0.9727
rev_6275,0.0001
rev_6276,0.5521
rev_6277,0.0367
rev_6278,0.0015
rev_6279,0.0037
rev_6280,0.0279
rev_6281,0.037
rev_6282,0.018
rev_6283,0.0044
rev_6284,0.0258
rev_6285,0.1246
rev_6286,0.0767
rev_6287,0.0035
rev_6288,0.0137
rev_6289,0.0058
rev_6290,0.078
rev_6291,1.0
rev_6292,0.9945
rev_6293,0.999
rev_6294,0.9975
rev_6295,0.9943
rev_6296,0.9957
rev_6297,0.9998
rev_6298,0.9802
rev_6299,0.7741
rev_6300,0.9993
rev_6301,0.9997
rev_6302,1.0
rev_6303,0.9954
rev_6304,0.9959
rev_6305,0.9999
rev_6306,0.0003
rev_6307,0.0121
rev_6308,0.0539
rev_6309,0.0011
rev_6310,0.0241
rev_6311,0.018
rev_6312,0.1211
rev_6313,0.0456
rev_6314,0.0252
rev_6315,0.3577
rev_6316,0.2217
rev_6317,0.0424
rev_6318,0.0042
rev_6319,0.0002
rev_6320,0.0418
rev_6321,1.0
rev_6322,0.9828
rev_6323,0.9998
rev_6324,0.9766
rev_6325,0.9873
rev_6326,0.9542
rev_6327,0.9999
rev_6328,0.9912
rev_6329,0.8539
rev_6330,0.9982
rev_6331,0.9999
rev_6332,0.997
rev_6333,0.9998
rev_6334,0.9955
rev_6335,0.9956
rev_6336,0.5205
rev_6337,0.011
rev_6338,0.0189
rev_6339,0.0115
rev_6340,0.1175
rev_6341,0.0052
rev_6342,0.0494
rev_6343,0.0696
rev_6344,0.0082
rev_6345,0.0194
rev_6346,0.5111
rev_6347,0.0018
rev_6348,0.1321
rev_6349,0.0088
rev_6350,0.0034
rev_6351,0.9953
rev_6352,0.9936
rev_6353,0.9971
rev_6354,0.8983
rev_6355,0.6287
rev_6356,0.9943
rev_6357,0.8468
rev_6358,0.9997
rev_6359,1.0
rev_6360,0.9964
rev_6361,0.998
rev_6362,0.958
rev_6363,0.9059
rev_6364,1.0
rev_6365,0.01
rev_6366,0.0008
rev_6367,0.0102
rev_6368,0.0219
rev_6369,0.0125
rev_6370,0.0448
rev_6371,0.0012
rev_6372,0.0073
rev_6373,0.0095
rev_6374,0.0023
rev_6375,0.0061
rev_6376,0.0766
rev_6377,0.1607
rev_6378,0.0129
rev_6379,0.9959
rev_6380,0.9999
rev_6381,0.5914
rev_6382,0.9786
rev_6383,0.9979
rev_6384,0.8234
rev_6385,0.9664
rev_6386,0.8652
rev_6387,0.9831
rev_6388,0.3895
rev_6389,0.9756
rev_6390,0.9529
rev_6391,0.9981
rev_6392,0.0873
rev_6393,0.2899
rev_6394,0.0003
rev_6395,0.0097
rev_6396,0.0194
rev_6397,0.0342
rev_6398,0.0045
rev_6399,0.0083
rev_6400,0.005
rev_6401,0.0079
rev_6402,0.0219
rev_6403,0.0093
rev_6404,0.0006
rev_6405,0.9999
rev_6406,0.9991
rev_6407,0.9882
rev_6408,0.9496
rev_6409,0.9929
rev_6410,0.994
rev_6411,0.983
rev_6412,0.9994
rev_6413,0.9421
rev_6414,0.9561
rev_6415,1.0
rev_6416,0.9849
rev_6417,0.9999
rev_6418,0.0651
rev_6419,0.1084
rev_6420,0.0772
rev_6421,0.0085
rev_6422,0.0063
rev_6423,0.0035
rev_6424,0.0065
rev_6425,0.6786
rev_6426,0.0101
rev_6427,0.0039
rev_6428,0.0022
rev_6429,0.0125
rev_6430,0.4345
rev_6431,0.9885
rev_6432,0.9999
rev_6433,0.9977
rev_6434,0.9993
rev_6435,0.9999
rev_6436,0.9954
rev_6437,0.9812
rev_6438,0.9997
rev_6439,0.9999
rev_6440,0.996
rev_6441,0.8275
rev_6442,0.9993
rev_6443,0.9192
rev_6444,0.0037
rev_6445,0.3528
rev_6446,0.0035
rev_6447,0.0648
rev_6448,0.0268
rev_6449,0.0011
rev_6450,0.0015
rev_6451,0.0227
rev_6452,0.1608
rev_6453,0.0669
rev_6454,0.0602
rev_6455,0.0675
rev_6456,0.3698
rev_6457,0.9924
rev_6458,0.9952
rev_6459,0.8599
rev_6460,0.975
rev_6461,0.9599
rev_6462,0.9841
rev_6463,0.994
rev_6464,0.9642
rev_6465,0.9971
rev_6466,0.9315
rev_6467,1.0
rev_6468,0.9885
rev_6469,0.9987
rev_6470,0.9679
rev_6471,0.0349
rev_6472,0.0027
rev_6473,0.0278
rev_6474,0.0011
rev_6475,0.0247
rev_6476,0.6367
rev_6477,0.0027
rev_6478,0.001
rev_6479,0.0374
rev_6480,0.0001
rev_6481,0.0023
rev_6482,0.0003
rev_6483,0.3347
rev_6484,0.0161
rev_6485,0.7152
rev_6486,0.7902
rev_6487,1.0
rev_6488,0.9977
rev_6489,0.991
rev_6490,0.9996
rev_6491,0.9695
rev_6492,0.929
rev_6493,1.0
rev_6494,0.9999
rev_6495,0.9768
rev_6496,0.4749
rev_6497,0.0986
rev_6498,0.0124
rev_6499,0.1622
rev_6500,0.0043
rev_6501,0.0288
rev_6502,0.0471
rev_6503,0.0009
rev_6504,0.02
rev_6505,0.0332
rev_6506,0.0024
rev_6507,0.9953
rev_6508,0.8752
rev_6509,0.977
rev_6510,0.9961
rev_6511,0.9921
rev_6512,0.978
rev_6513,0.9927
rev_6514,1.0
rev_6515,0.9743
rev_6516,0.9983
rev_6517,0.9999
rev_6518,0.0435
rev_6519,0.0061
rev_6520,0.1896
rev_6521,0.0016
rev_6522,0.0162
rev_6523,0.0628
rev_6524,0.1225
rev_6525,0.0352
rev_6526,0.0111
rev_6527,0.0074
rev_6528,0.0174
rev_6529,0.9895
rev_6530,0.9978
rev_6531,0.9069
rev_6532,0.9962
rev_6533,0.9964
rev_6534,0.9999
rev_6535,0.998
rev_6536,0.9571
rev_6537,0.9385
rev_6538,0.995
rev_6539,0.5204
rev_6540,0.0372
rev_6541,0.0503
rev_6542,0.0238
rev_6543,0.0286
rev_6544,0.384
rev_6545,0.0205
rev_6546,0.1688
rev_6547,0.0052
rev_6548,0.0062
rev_6549,0.091
rev_6550,0.0016
rev_6551,0.993
rev_6552,0.9995
rev_6553,0.9896
rev_6554,0.9525
rev_6555,0.0592
rev_6556,0.9998
rev_6557,0.9707
rev_6558,0.9848
rev_6559,0.9984
rev_6560,0.1353
rev_6561,0.9792
rev_6562,0.9414
rev_6563,0.009
rev_6564,0.0045
rev_6565,0.02
rev_6566,0.0243
rev_6567,0.0019
rev_6568,0.0021
rev_6569,0.0399
rev_6570,0.4684
rev_6571,0.001
rev_6572,0.0018
rev_6573,0.0068
rev_6574,0.0025
rev_6575,0.9916
rev_6576,0.9389
rev_6577,0.9876
rev_6578,0.5607
rev_6579,0.9889
rev_6580,0.99
rev_6581,0.7768
rev_6582,0.9941
rev_6583,0.9501
rev_6584,0.9999
rev_6585,0.9974
rev_6586,0.0303
rev_6587,0.9917
rev_6588,0.0102
rev_6589,0.0016
rev_6590,0.0481
rev_6591,0.1066
rev_6592,0.0388
rev_6593,0.0357
rev_6594,0.0013
rev_6595,0.0279
rev_6596,0.0027
rev_6597,0.9811
rev_6598,0.9771
rev_6599,0.9984
rev_6600,0.9918
rev_6601,1.0
rev_6602,0.9145
rev_6603,0.7749
rev_6604,0.9878
rev_6605,0.9968
rev_6606,0.9995
rev_6607,0.0014
rev_6608,0.1417
rev_6609,0.0101
rev_6610,0.1809
rev_6611,0.0094
rev_6612,0.0725
rev_6613,0.0007
rev_6614,0.0007
rev_6615,0.0535
rev_6616,0.015
rev_6617,0.8024
rev_6618,0.7885
rev_6619,0.9928
rev_6620,0.9368
rev_6621,0.9983
rev_6622,0.9999
rev_6623,0.9955
rev_6624,0.9999
rev_6625,0.9996
rev_6626,0.9208
rev_6627,0.0036
rev_6628,0.0069
rev_6629,0.0045
rev_6630,0.0183
rev_6631,0.0012
rev_6632,0.0281
rev_6633,0.0058
rev_6634,0.0069
rev_6635,0.0016
rev_6636,0.4402
rev_6637,0.9885
rev_6638,1.0
rev_6639,0.3283
rev_6640,0.9988
rev_6641,0.2388
rev_6642,0.9896
rev_6643,0.9748
rev_6644,0.9885
rev_6645,0.9046
rev_6646,0.8523
rev_6647,0.982
rev_6648,0.0455
rev_6649,0.0053
rev_6650,0.0001
rev_6651,0.0408
rev_6652,0.0232
rev_6653,0.0078
rev_6654,0.0214
rev_6655,0.0121
rev_6656,0.0044
rev_6657,0.0272
rev_6658,0.0092
rev_6659,1.0
rev_6660,0.9871
rev_6661,0.9999
rev_6662,0.9624
rev_6663,0.9899
rev_6664,0.9911
rev_6665,0.9997
rev_6666,0.9909
rev_6667,0.9509
rev_6668,0.9783
rev_6669,0.007
rev_6670,0.0004
rev_6671,0.0084
rev_6672,0.0255
rev_6673,0.0036
rev_6674,0.0031
rev_6675,0.021
rev_6676,0.0003
rev_6677,0.0307
rev_6678,0.0275
rev_6679,0.96
rev_6680,0.9994
rev_6681,0.9813
rev_6682,0.9996
rev_6683,0.9989
rev_6684,0.9998
rev_6685,0.9928
rev_6686,0.9974
rev_6687,0.9991
rev_6688,0.9708
rev_6689,0.0758
rev_6690,0.0334
rev_6691,0.0025
rev_6692,0.3449
rev_6693,0.0722
rev_6694,0.0036
rev_6695,0.0027
rev_6696,0.0014
rev_6697,0.011
rev_6698,0.0076
rev_6699,0.994
rev_6700,0.998
rev_6701,0.4764
rev_6702,0.998
rev_6703,0.9991
rev_6704,0.9999
rev_6705,0.8521
rev_6706,0.9718
rev_6707,0.9919
rev_6708,0.026
rev_6709,0.0538
rev_6710,0.0529
rev_6711,0.0004
rev_6712,0.0039
rev_6713,0.0036
rev_6714,0.0012
rev_6715,0.0569
rev_6716,0.2352
rev_6717,0.0102
rev_6718,0.9999
rev_6719,0.9854
rev_6720,0.9521
rev_6721,0.9963
rev_6722,0.9061
rev_6723,0.2364
rev_6724,1.0
rev_6725,0.9753
rev_6726,1.0
rev_6727,0.9944
rev_6728,0.0898
rev_6729,0.0884
rev_6730,0.0065
rev_6731,0.0008
rev_6732,0.13
rev_6733,0.0011
rev_6734,0.2635
rev_6735,0.0057
rev_6736,0.0041
rev_6737,0.0812
rev_6738,0.9775
rev_6739,0.992
rev_6740,0.9971
rev_6741,1.0
rev_6742,0.9999
rev_6743,0.9997
rev_6744,1.0
rev_6745,0.9927
rev_6746,0.9999
rev_6747,0.1965
rev_6748,0.0209
rev_6749,0.0156
rev_6750,0.2027
rev_6751,0.0048
rev_6752,0.0046
rev_6753,0.0391
rev_6754,0.1274
rev_6755,0.0137
rev_6756,0.6869
rev_6757,0.9993
rev_6758,0.9576
rev_6759,0.8715
rev_6760,0.9551
rev_6761,0.9825
rev_6762,0.9765
rev_6763,0.7876
rev_6764,1.0
rev_6765,0.0137
rev_6766,0.0029
rev_6767,0.0286
rev_6768,0.0014
rev_6769,0.009
rev_6770,0.0062
rev_6771,0.0437
rev_6772,0.0005
rev_6773,0.0034
rev_6774,0.9999
rev_6775,0.9919
rev_6776,0.9993
rev_6777,0.9998
rev_6778,0.9961
rev_6779,0.9998
rev_6780,0.9534
rev_6781,0.9962
rev_6782,0.9982
rev_6783,0.0003
rev_6784,0.0645
rev_6785,0.0018
rev_6786,0.2363
rev_6787,0.0
rev_6788,0.0
rev_6789,0.0144
rev_6790,0.0128
rev_6791,0.5162
rev_6792,0.9766
rev_6793,0.9899
rev_6794,0.9996
rev_6795,0.9781
rev_6796,0.8622
rev_6797,0.9904
rev_6798,0.9951
rev_6799,0.7051
rev_6800,0.0064
rev_6801,0.0015
rev_6802,0.0072
rev_6803,0.0029
rev_6804,0.0289
rev_6805,0.0042
rev_6806,0.0012
rev_6807,0.0968
rev_6808,0.9927
rev_6809,0.9838
rev_6810,0.9784
rev_6811,0.9822
rev_6812,0.9973
rev_6813,0.9994
rev_6814,0.9997
rev_6815,0.9858
rev_6816,0.9538
rev_6817,0.0124
rev_6818,0.0039
rev_6819,0.0043
rev_6820,0.6257
rev_6821,0.0155
rev_6822,0.0383
rev_6823,0.0038
rev_6824,0.0239
rev_6825,0.0144
rev_6826,0.9383
rev_6827,0.999
rev_6828,0.964
rev_6829,0.9548
rev_6830,0.9957
rev_6831,0.9999
rev_6832,0.9945
rev_6833,0.9966
rev_6834,0.0119
rev_6835,0.0504
rev_6836,0.0997
rev_6837,0.0003
rev_6838,0.004
rev_6839,0.0106
rev_6840,0.0074
rev_6841,0.0347
rev_6842,0.9831
rev_6843,0.9773
rev_6844,0.9956
rev_6845,0.9998
rev_6846,0.9558
rev_6847,0.9784
rev_6848,0.9995
rev_6849,0.9715
rev_6850,0.751
rev_6851,0.0176
rev_6852,0.0197
rev_6853,0.0015
rev_6854,0.0263
rev_6855,0.0048
rev_6856,0.0031
rev_6857,0.0006
rev_6858,0.1195
rev_6859,0.0022
rev_6860,0.9926
rev_6861,1.0
rev_6862,0.95
rev_6863,0.995
rev_6864,0.9563
rev_6865,0.999
rev_6866,0.9975
rev_6867,0.0444
rev_6868,0.0006
rev_6869,0.0019
rev_6870,0.0008
rev_6871,0.0006
rev_6872,0.0248
rev_6873,0.1876
rev_6874,0.9943
rev_6875,0.897
rev_6876,0.9853
rev_6877,0.9714
rev_6878,0.9999
rev_6879,0.7615
rev_6880,0.823
rev_6881,0.2673
rev_6882,0.0032
rev_6883,0.0688
rev_6884,0.0009
rev_6885,0.0658
rev_6886,0.002
rev_6887,0.0021
rev_6888,0.0293
rev_6889,0.0059
rev_6890,0.9055
rev_6891,0.9895
rev_6892,0.991
rev_6893,1.0
rev_6894,0.9997
rev_6895,0.9872
rev_6896,0.9564
rev_6897,0.0072
rev_6898,0.0153
rev_6899,0.0233
rev_6900,0.0043
rev_6901,0.0035
rev_6902,0.0652
rev_6903,0.0035
rev_6904,0.9902
rev_6905,0.997
rev_6906,0.9994
rev_6907,0.9999
rev_6908,0.9977
rev_6909,0.9981
rev_6910,0.9962
rev_6911,0.9533
rev_6912,0.0079
rev_6913,0.0041
rev_6914,0.006
rev_6915,0.0285
rev_6916,0.0025
rev_6917,0.0006
rev_6918,0.0065
rev_6919,0.004
rev_6920,0.9992
rev_6921,0.9803
rev_6922,0.9936
rev_6923,0.9974
rev_6924,0.9983
rev_6925,0.9992
rev_6926,0.9996
rev_6927,0.1669
rev_6928,0.0026
rev_6929,0.0102
rev_6930,0.0016
rev_6931,0.0023
rev_6932,0.0001
rev_6933,0.0008
rev_6934,0.9565
rev_6935,0.9934
rev_6936,0.9902
rev_6937,0.9992
rev_6938,1.0
rev_6939,0.9983
rev_6940,0.9992
rev_6941,0.089
rev_6942,0.0018
rev_6943,0.0103
rev_6944,0.0558
rev_6945,0.0542
rev_6946,0.0124
rev_6947,0.0004
rev_6948,0.2657
rev_6949,0.9689
rev_6950,0.9994
rev_6951,0.9999
rev_6952,0.9998
rev_6953,0.9984
rev_6954,0.9996
rev_6955,0.0129
rev_6956,0.0019
rev_6957,0.003
rev_6958,0.0154
rev_6959,0.0215
rev_6960,0.0008
rev_6961,0.0006
rev_6962,0.9875
rev_6963,0.9998
rev_6964,0.5016
rev_6965,0.9931
rev_6966,0.9977
rev_6967,0.9725
rev_6968,0.0068
rev_6969,0.0045
rev_6970,0.0012
rev_6971,0.0002
rev_6972,0.0047
rev_6973,0.0025
rev_6974,0.9978
rev_6975,0.9932
rev_6976,0.9998
rev_6977,0.0037
rev_6978,0.9664
rev_6979,1.0
rev_6980,0.9662
rev_6981,0.0168
rev_6982,0.0215
rev_6983,0.0058
rev_6984,0.0607
rev_6985,0.0058
rev_6986,0.0159
rev_6987,0.0032
rev_6988,0.9989
rev_6989,0.9841
rev_6990,0.9993
rev_6991,0.9687
rev_6992,0.9975
rev_6993,0.9937
rev_6994,0.9984
rev_6995,0.0023
rev_6996,0.0012
rev_6997,0.0139
rev_6998,0.002
rev_6999,0.0023
rev_7000,0.0008
rev_7001,0.0082
rev_7002,0.9999
rev_7003,0.9836
rev_7004,0.9997
rev_7005,0.9932
rev_7006,0.9992
rev_7007,0.9948
rev_7008,0.0033
rev_7009,0.154
rev_7010,0.0522
rev_7011,0.0189
rev_7012,0.001
rev_7013,0.0001
rev_7014,0.9754
rev_7015,0.9999
rev_7016,0.9999
rev_7017,0.9719
rev_7018,0.9996
rev_7019,0.9963
rev_7020,0.0005
rev_7021,0.0019
rev_7022,0.0058
rev_7023,0.0013
rev_7024,0.0626
rev_7025,0.0302
rev_7026,0.6961
rev_7027,0.999
rev_7028,0.8994
rev_7029,0.9961
rev_7030,0.9995
rev_7031,0.666
rev_7032,0.0078
rev_7033,0.001
rev_7034,0.0176
rev_7035,0.0483
rev_7036,0.0243
rev_7037,0.1363
rev_7038,0.9922
rev_7039,0.9956
rev_7040,0.9987
rev_7041,0.9999
rev_7042,0.9996
rev_7043,0.9999
rev_7044,0.0024
rev_7045,0.0164
rev_7046,0.012
rev_7047,0.0014
rev_7048,0.0194
rev_7049,0.0001
rev_7050,1.0
rev_7051,0.9382
rev_7052,0.9946
rev_7053,0.9747
rev_7054,0.9988
rev_7055,0.992
rev_7056,0.0322
rev_7057,0.004
rev_7058,0.0121
rev_7059,0.0011
rev_7060,0.0028
rev_7061,0.4458
rev_7062,0.9683
rev_7063,0.9958
rev_7064,0.9972
rev_7065,0.993
rev_7066,0.9998
rev_7067,0.9717
rev_7068,0.007
rev_7069,0.1574
rev_7070,0.0145
rev_7071,0.0029
rev_7072,0.0103
rev_7073,0.0133
rev_7074,0.998
rev_7075,0.9472
rev_7076,0.9972
rev_7077,0.9674
rev_7078,0.9841
rev_7079,0.9996
rev_7080,0.0454
rev_7081,0.0021
rev_7082,0.0328
rev_7083,0.194
rev_7084,0.0013
rev_7085,0.009
rev_7086,0.9918
rev_7087,0.9994
rev_7088,0.9992
rev_7089,0.9933
rev_7090,0.9605
rev_7091,0.9047
rev_7092,0.0019
rev_7093,0.0205
rev_7094,0.0042
rev_7095,0.0038
rev_7096,0.0001
rev_7097,0.0671
rev_7098,0.9789
rev_7099,0.9291
rev_7100,0.9686
rev_7101,0.9954
rev_7102,0.8455
rev_7103,0.0282
rev_7104,0.001
rev_7105,0.0035
rev_7106,0.1294
rev_7107,0.0033
rev_7108,0.9994
rev_7109,0.9965
rev_7110,0.9724
rev_7111,0.9893
rev_7112,0.9943
rev_7113,0.0055
rev_7114,0.0104
rev_7115,0.7584
rev_7116,0.0003
rev_7117,0.0124
rev_7118,0.9982
rev_7119,0.885
rev_7120,0.846
rev_7121,0.8328
rev_7122,0.9529
rev_7123,0.0357
rev_7124,0.0001
rev_7125,0.0165
rev_7126,0.2255
rev_7127,0.5611
rev_7128,0.9999
rev_7129,0.9872
rev_7130,0.9818
rev_7131,0.9998
rev_7132,0.999
rev_7133,0.0609
rev_7134,0.0153
rev_7135,0.0046
rev_7136,0.0077
rev_7137,0.0085
rev_7138,0.8919
rev_7139,0.9968
rev_7140,0.9975
rev_7141,0.9749
rev_7142,0.9976
rev_7143,0.0118
rev_7144,0.1314
rev_7145,0.0147
rev_7146,0.3322
rev_7147,0.0522
rev_7148,0.9851
rev_7149,0.9968
rev_7150,0.9974
rev_7151,0.9298
rev_7152,0.9994
rev_7153,0.0002
rev_7154,0.0173
rev_7155,0.669
rev_7156,0.0016
rev_7157,0.0128
rev_7158,0.9794
rev_7159,0.967
rev_7160,0.975
rev_7161,0.9998
rev_7162,0.9653
rev_7163,0.0897
rev_7164,0.0241
rev_7165,0.0022
rev_7166,0.003
rev_7167,0.0011
rev_7168,0.9997
rev_7169,0.9763
rev_7170,0.9912
rev_7171,0.9996
rev_7172,0.0095
rev_7173,0.0064
rev_7174,0.0173
rev_7175,0.0099
rev_7176,0.9994
rev_7177,1.0
rev_7178,0.9997
rev_7179,0.9967
rev_7180,0.9997
rev_7181,0.0058
rev_7182,0.0271
rev_7183,0.0001
rev_7184,0.0058
rev_7185,0.0189
rev_7186,0.9997
rev_7187,0.9974
rev_7188,0.9999
rev_7189,0.5136
rev_7190,0.9999
rev_7191,0.0109
rev_7192,0.074
rev_7193,0.0047
rev_7194,0.0147
rev_7195,0.0243
rev_7196,0.9978
rev_7197,0.9941
rev_7198,0.9866
rev_7199,0.9632
rev_7200,0.9945
rev_7201,0.0003
rev_7202,0.0011
rev_7203,0.0608
rev_7204,0.0002
rev_7205,0.0299
rev_7206,0.9878
rev_7207,0.9862
rev_7208,0.9996
rev_7209,0.9967
rev_7210,0.0022
rev_7211,0.0445
rev_7212,0.0085
rev_7213,0.0241
rev_7214,0.9982
rev_7215,0.9813
rev_7216,0.9899
rev_7217,0.9641
rev_7218,0.0072
rev_7219,0.0105
rev_7220,0.111
rev_7221,0.0056
rev_7222,0.9996
rev_7223,0.8473
rev_7224,0.9951
rev_7225,0.9997
rev_7226,0.0048
rev_7227,0.0104
rev_7228,0.0001
rev_7229,0.0036
rev_7230,0.9981
rev_7231,0.979
rev_7232,0.989
rev_7233,0.9908
rev_7234,0.0001
rev_7235,0.0378
rev_7236,0.0053
rev_7237,0.0007
rev_7238,0.9079
rev_7239,0.9973
rev_7240,0.9831
rev_7241,1.0
rev_7242,0.0015
rev_7243,0.0002
rev_7244,0.0001
rev_7245,0.0011
rev_7246,0.9998
rev_7247,0.9823
rev_7248,0.9926
rev_7249,0.9965
rev_7250,0.2297
rev_7251,0.018
rev_7252,0.0011
rev_7253,0.0021
rev_7254,0.9558
rev_7255,0.7962
rev_7256,0.9712
rev_7257,0.6587
rev_7258,0.0045
rev_7259,0.0158
rev_7260,0.0015
rev_7261,0.0046
rev_7262,0.9992
rev_7263,0.9813
rev_7264,0.9706
rev_7265,0.514
rev_7266,0.0098
rev_7267,0.0514
rev_7268,0.0222
rev_7269,0.0535
rev_7270,0.9475
rev_7271,0.9847
rev_7272,0.9992
rev_7273,0.9974
rev_7274,0.0001
rev_7275,0.0013
rev_7276,0.0157
rev_7277,0.0008
rev_7278,0.9682
rev_7279,0.9835
rev_7280,0.9984
rev_7281,0.9344
rev_7282,0.0002
rev_7283,0.0325
rev_7284,0.0096
rev_7285,0.001
rev_7286,0.9954
rev_7287,0.9984
rev_7288,0.9995
rev_7289,0.0062
rev_7290,0.0836
rev_7291,0.1436
rev_7292,1.0
rev_7293,0.9495
rev_7294,0.9137
rev_7295,0.9877
rev_7296,0.009
rev_7297,0.002
rev_7298,0.0015
rev_7299,0.0195
rev_7300,0.9981
rev_7301,0.9389
rev_7302,0.9357
rev_7303,0.9971
rev_7304,0.0011
rev_7305,0.0211
rev_7306,0.0299
rev_7307,0.0065
rev_7308,0.9889
rev_7309,0.9997
rev_7310,0.9997
rev_7311,0.9998
rev_7312,0.1188
rev_7313,0.0881
rev_7314,0.019
rev_7315,0.0231
rev_7316,0.7491
rev_7317,0.9959
rev_7318,1.0
rev_7319,0.001
rev_7320,0.0822
rev_7321,0.0065
rev_7322,0.9885
rev_7323,0.9996
rev_7324,0.9976
rev_7325,0.9949
rev_7326,0.0005
rev_7327,0.0032
rev_7328,0.0037
rev_7329,0.0805
rev_7330,1.0
rev_7331,0.9613
rev_7332,0.9966
rev_7333,0.0118
rev_7334,0.0006
rev_7335,0.0001
rev_7336,0.7932
rev_7337,0.995
rev_7338,0.9914
rev_7339,0.9797
rev_7340,0.015
rev_7341,0.001
rev_7342,0.0048
rev_7343,0.2276
rev_7344,0.9994
rev_7345,0.9917
rev_7346,0.9418
rev_7347,0.9999
rev_7348,0.0001
rev_7349,0.019
rev_7350,0.0002
rev_7351,0.0139
rev_7352,0.9554
rev_7353,0.9745
rev_7354,0.5397
rev_7355,0.0034
rev_7356,0.017
rev_7357,0.0007
rev_7358,0.9878
rev_7359,0.9998
rev_7360,0.9987
rev_7361,0.0158
rev_7362,0.0003
rev_7363,0.4986
rev_7364,0.9795
rev_7365,0.934
rev_7366,0.9956
rev_7367,0.0004
rev_7368,0.0075
rev_7369,0.0031
rev_7370,0.9999
rev_7371,0.9999
rev_7372,0.9696
rev_7373,0.0014
rev_7374,0.0147
rev_7375,0.682
rev_7376,0.9913
rev_7377,0.3395
rev_7378,0.9931
rev_7379,0.0002
rev_7380,0.013
rev_7381,0.202
rev_7382,0.9983
rev_7383,0.9943
rev_7384,0.9988
rev_7385,0.0039
rev_7386,0.0004
rev_7387,0.026
rev_7388,0.944
rev_7389,0.9995
rev_7390,0.9996
rev_7391,0.0003
rev_7392,0.0045
rev_7393,0.0205
rev_7394,0.995
rev_7395,0.9946
rev_7396,0.9923
rev_7397,0.0009
rev_7398,0.0001
rev_7399,0.0209
rev_7400,0.9747
rev_7401,0.9958
rev_7402,0.9323
rev_7403,0.112
rev_7404,0.0188
rev_7405,0.0022
rev_7406,0.9987
rev_7407,0.8365
rev_7408,0.9804
rev_7409,0.0009
rev_7410,0.0003
rev_7411,0.0102
rev_7412,0.9963
rev_7413,0.9982
rev_7414,0.9999
rev_7415,0.0081
rev_7416,0.0097
rev_7417,0.003
rev_7418,0.9899
rev_7419,0.9535
rev_7420,0.9986
rev_7421,0.0006
rev_7422,0.0164
rev_7423,0.0057
rev_7424,0.9882
rev_7425,0.9993
rev_7426,0.9762
rev_7427,0.0188
rev_7428,0.0551
rev_7429,0.0009
rev_7430,0.9968
rev_7431,0.9964
rev_7432,0.9997
rev_7433,0.003
rev_7434,0.0029
rev_7435,0.0006
rev_7436,0.9985
rev_7437,0.9803
rev_7438,0.0019
rev_7439,0.0001
rev_7440,1.0
rev_7441,0.9981
rev_7442,0.9604
rev_7443,0.0002
rev_7444,0.0
rev_7445,0.0002
rev_7446,0.99
rev_7447,0.9933
rev_7448,0.998
rev_7449,0.0006
rev_7450,0.0056
rev_7451,0.0066
rev_7452,0.8097
rev_7453,0.9945
rev_7454,0.0003
rev_7455,0.0115
rev_7456,0.998
rev_7457,0.9948
rev_7458,0.839
rev_7459,0.0284
rev_7460,0.0002
rev_7461,0.0097
rev_7462,0.9984
rev_7463,0.9055
rev_7464,0.7305
rev_7465,0.0004
rev_7466,0.0017
rev_7467,0.0141
rev_7468,0.9998
rev_7469,0.9992
rev_7470,0.9996
rev_7471,0.0021
rev_7472,0.0046
rev_7473,0.0203
rev_7474,0.9574
rev_7475,0.9732
rev_7476,0.585
rev_7477,0.0
rev_7478,0.0144
rev_7479,0.0093
rev_7480,0.9705
rev_7481,0.993
rev_7482,0.0041
rev_7483,0.0031
rev_7484,0.977
rev_7485,0.9925
rev_7486,0.0342
rev_7487,0.0006
rev_7488,0.9872
rev_7489,0.9589
rev_7490,0.0001
rev_7491,0.3638
rev_7492,0.9687
rev_7493,0.9771
rev_7494,0.0006
rev_7495,0.0205
rev_7496,0.9979
rev_7497,0.9785
rev_7498,0.0005
rev_7499,0.0002
rev_7500,0.7131
rev_7501,0.9958
rev_7502,0.0017
rev_7503,0.0158
rev_7504,0.9797
rev_7505,1.0
rev_7506,0.0002
rev_7507,0.0027
rev_7508,0.9954
rev_7509,0.9984
rev_7510,0.0011
rev_7511,0.0099
rev_7512,0.987
rev_7513,0.9999
rev_7514,0.0214
rev_7515,0.0013
rev_7516,0.998
rev_7517,0.9034
rev_7518,0.0015
rev_7519,0.0008
rev_7520,0.9939
rev_7521,0.9958
rev_7522,0.0005
rev_7523,0.0003
rev_7524,0.9996
rev_7525,0.9643
rev_7526,0.0001
rev_7527,0.0001
rev_7528,0.9695
rev_7529,0.9826
rev_7530,0.0024
rev_7531,0.0021
rev_7532,0.9665
rev_7533,0.9523
rev_7534,0.0059
rev_7535,0.0008
rev_7536,0.9991
rev_7537,0.1838
rev_7538,0.0179
rev_7539,0.0134
rev_7540,0.9203
rev_7541,0.9993
rev_7542,0.0008
rev_7543,0.0012
rev_7544,0.9789
rev_7545,0.998
rev_7546,0.0004
rev_7547,0.0011
rev_7548,0.92
rev_7549,0.997
rev_7550,0.0009
rev_7551,0.001
rev_7552,0.9971
rev_7553,0.2092
rev_7554,0.006
rev_7555,0.0416
rev_7556,0.989
rev_7557,0.962
rev_7558,0.0001
rev_7559,0.0198
rev_7560,0.9265
rev_7561,0.9998
rev_7562,0.0
rev_7563,0.0005
rev_7564,0.9853
rev_7565,0.9649
rev_7566,0.0058
rev_7567,0.0005
rev_7568,0.999
rev_7569,0.9873
rev_7570,0.0001
rev_7571,0.0004
rev_7572,0.9979
rev_7573,0.971
rev_7574,0.0001
rev_7575,0.0003
rev_7576,0.9978
rev_7577,0.9996
rev_7578,0.0983
rev_7579,0.0036
rev_7580,0.9531
rev_7581,0.8561
rev_7582,0.0002
rev_7583,0.3068
rev_7584,0.9673
rev_7585,0.96
rev_7586,0.0001
rev_7587,0.0003
rev_7588,0.9997
rev_7589,0.9848
rev_7590,0.0016
rev_7591,0.0006
rev_7592,0.9867
rev_7593,0.933
rev_7594,0.0002
rev_7595,0.0
rev_7596,0.9994
rev_7597,0.8763
rev_7598,0.0169
rev_7599,0.0009
rev_7600,1.0
rev_7601,0.9992
rev_7602,0.0
rev_7603,0.0005
rev_7604,0.9961
rev_7605,0.9987
rev_7606,0.0036
rev_7607,0.0114
rev_7608,0.8707
rev_7609,0.987
rev_7610,0.0028
rev_7611,0.0002
rev_7612,0.9978
rev_7613,0.9922
rev_7614,0.0
rev_7615,0.0187
rev_7616,0.9966
rev_7617,0.9965
rev_7618,0.0009
rev_7619,0.0458
rev_7620,0.9664
rev_7621,0.9855
rev_7622,0.0057
rev_7623,0.0
rev_7624,0.7378
rev_7625,0.9734
rev_7626,0.0226
rev_7627,0.0
rev_7628,0.9858
rev_7629,0.9996
rev_7630,0.0037
rev_7631,0.0039
rev_7632,0.9988
rev_7633,0.998
rev_7634,0.0046
rev_7635,0.0001
rev_7636,0.983
rev_7637,0.9838
rev_7638,0.0011
rev_7639,0.0005
rev_7640,0.9869
rev_7641,0.995
rev_7642,0.0001
rev_7643,0.0215
rev_7644,0.9532
rev_7645,0.9979
rev_7646,0.0167
rev_7647,0.0
rev_7648,0.9998
rev_7649,0.7406
rev_7650,0.0276
rev_7651,0.0
rev_7652,0.9981
rev_7653,0.9814
rev_7654,0.0411
rev_7655,0.0001
rev_7656,0.8533
rev_7657,0.9999
rev_7658,0.0001
rev_7659,0.0001
rev_7660,0.9987
rev_7661,0.9976
rev_7662,0.0007
rev_7663,0.0005
rev_7664,0.9996
rev_7665,0.881
rev_7666,0.0004
rev_7667,0.0016
rev_7668,0.9978
rev_7669,0.0072
rev_7670,0.9989
rev_7671,0.9964
rev_7672,0.0121
rev_7673,0.0008
rev_7674,0.9809
rev_7675,0.9998
rev_7676,0.002
rev_7677,0.0004
rev_7678,0.9982
rev_7679,0.907
rev_7680,0.0054
rev_7681,0.0019
rev_7682,0.9757
rev_7683,0.6172
rev_7684,0.0001
rev_7685,0.0001
rev_7686,0.9979
rev_7687,0.9937
rev_7688,0.0081
rev_7689,0.0001
rev_7690,0.9753
rev_7691,0.0155
rev_7692,0.9976
rev_7693,0.0036
rev_7694,0.9998
rev_7695,0.9084
rev_7696,0.0015
rev_7697,0.0004
rev_7698,0.999
rev_7699,0.0
rev_7700,0.9021
rev_7701,0.0015
rev_7702,0.9991
rev_7703,0.0007
rev_7704,0.9982
rev_7705,0.0013
rev_7706,0.9998
rev_7707,0.2396
rev_7708,0.9981
rev_7709,0.0001
rev_7710,0.9999
rev_7711,0.0001
rev_7712,0.6731
rev_7713,0.0001
rev_7714,0.9921
rev_7715,0.028
rev_7716,0.9702
rev_7717,0.0058
rev_7718,0.9985
rev_7719,0.9946
rev_7720,0.0129
rev_7721,0.0015
rev_7722,0.9961
rev_7723,0.0
rev_7724,0.8607
rev_7725,0.0297
rev_7726,0.9998
rev_7727,0.0001
rev_7728,0.9999
rev_7729,0.0017
rev_7730,0.9974
rev_7731,0.0
rev_7732,0.9957
rev_7733,0.0085
rev_7734,0.9996
rev_7735,0.0
rev_7736,0.9808
rev_7737,0.0002
rev_7738,0.9979
rev_7739,0.0007
rev_7740,0.7666
rev_7741,0.0
rev_7742,0.9996
rev_7743,0.0
rev_7744,0.9977
rev_7745,0.001
rev_7746,0.9996
rev_7747,0.0013
rev_7748,0.9988
rev_7749,0.0002
rev_7750,1.0
rev_7751,0.0
rev_7752,0.4727
rev_7753,0.0004
rev_7754,1.0
rev_7755,0.0004
rev_7756,0.9596
rev_7757,0.0014
rev_7758,0.8972
rev_7759,0.0001
rev_7760,0.9997
rev_7761,0.0001
rev_7762,1.0
rev_7763,0.0657
rev_7764,0.973
rev_7765,0.0005
rev_7766,0.9929
rev_7767,0.0004
rev_7768,0.9446
rev_7769,0.0004
rev_7770,0.9183
rev_7771,0.0001
rev_7772,0.9979
rev_7773,0.0121
rev_7774,0.9976
rev_7775,0.0039
rev_7776,0.9941
rev_7777,0.0023
rev_7778,0.9999
rev_7779,0.0
rev_7780,0.9999
rev_7781,0.0
rev_7782,0.9887
rev_7783,0.0002
rev_7784,0.9995
rev_7785,0.0243
rev_7786,1.0
rev_7787,0.0005
rev_7788,0.9755
rev_7789,0.0003
rev_7790,0.9802
rev_7791,0.001
rev_7792,0.9924
rev_7793,0.0012
rev_7794,0.9975
rev_7795,0.0015
rev_7796,0.9895
rev_7797,0.0015
rev_7798,0.5527
rev_7799,0.0004
rev_7800,1.0
rev_7801,0.0
rev_7802,0.998
rev_7803,0.0004
rev_7804,0.9992
rev_7805,0.0017
rev_7806,0.9649
rev_7807,0.0013
rev_7808,0.9996
rev_7809,0.0001
rev_7810,0.9957
rev_7811,0.0005
rev_7812,0.9826
rev_7813,0.0
rev_7814,0.9998
rev_7815,0.0
rev_7816,0.9918
rev_7817,0.0
rev_7818,0.9059
rev_7819,0.0404
rev_7820,0.6823
rev_7821,0.0003
rev_7822,0.9996
rev_7823,0.0098
rev_7824,0.9915
rev_7825,0.0001
rev_7826,0.9999
rev_7827,0.0006
rev_7828,0.9996
rev_7829,0.0001
rev_7830,0.9495
rev_7831,0.0008
rev_7832,0.9958
rev_7833,0.0983
rev_7834,0.9994
rev_7835,0.0013
rev_7836,0.9993
rev_7837,0.0001
rev_7838,0.9995
rev_7839,0.0002
rev_7840,0.8057
rev_7841,0.0004
rev_7842,0.9986
rev_7843,0.0821
rev_7844,0.9999
rev_7845,0.0462
rev_7846,0.9902
rev_7847,0.0002
rev_7848,0.9985
rev_7849,0.0002
rev_7850,0.9958
rev_7851,0.001
rev_7852,0.9996
rev_7853,0.0025
rev_7854,1.0
rev_7855,0.0002
rev_7856,0.9999
rev_7857,0.0
rev_7858,1.0
rev_7859,0.001
rev_7860,0.9998
rev_7861,0.0002
rev_7862,0.9988
rev_7863,0.0009
rev_7864,0.9967
rev_7865,0.0005
rev_7866,0.9995
rev_7867,0.0011
rev_7868,0.9864
rev_7869,0.0001
rev_7870,0.9793
rev_7871,0.0001
rev_7872,0.956
rev_7873,0.0
rev_7874,0.9975
rev_7875,0.0012
rev_7876,1.0
rev_7877,0.0
rev_7878,0.9982
rev_7879,0.0003
rev_7880,0.9992
rev_7881,0.0001
rev_7882,0.9956
rev_7883,0.0007
rev_7884,0.9942
rev_7885,0.0002
rev_7886,0.9998
rev_7887,0.0002
rev_7888,0.9999
rev_7889,0.0132
rev_7890,1.0
rev_7891,0.0
rev_7892,1.0
rev_7893,0.0016
rev_7894,0.9999
rev_7895,0.0049
rev_7896,0.9998
rev_7897,0.0011
rev_7898,0.9989
rev_7899,0.0002
rev_7900,0.9959
rev_7901,0.0132
rev_7902,0.9999
rev_7903,0.0001
rev_7904,0.9861
rev_7905,0.0011
rev_7906,0.9997
rev_7907,0.0001
rev_7908,0.9995
rev_7909,0.0
rev_7910,1.0
rev_7911,0.0
rev_7912,0.9998
rev_7913,0.0081
rev_7914,0.9963
rev_7915,0.0002
rev_7916,0.9996
rev_7917,0.0002
rev_7918,0.9985
rev_7919,0.0003
rev_7920,0.9999
rev_7921,0.0007
rev_7922,0.9978
rev_7923,0.0098
rev_7924,0.9998
rev_7925,0.0
rev_7926,0.9947
rev_7927,0.0004
rev_7928,0.999
rev_7929,0.0001
rev_7930,0.9989
rev_7931,0.0003
rev_7932,0.9795
rev_7933,0.0004
rev_7934,0.9575
rev_7935,0.0001
rev_7936,0.9824
rev_7937,0.0036
rev_7938,0.9999
rev_7939,0.0001
rev_7940,0.9973
rev_7941,0.005
rev_7942,0.9992
rev_7943,0.0001
rev_7944,0.9989
rev_7945,0.0001
rev_7946,0.9994
rev_7947,0.0
rev_7948,0.9995
rev_7949,0.0002
rev_7950,0.9998
rev_7951,0.001
rev_7952,0.9994
rev_7953,0.0
rev_7954,0.9996
rev_7955,0.0001
rev_7956,0.9997
rev_7957,0.0006
rev_7958,0.9997
rev_7959,0.0005
rev_7960,0.9994
rev_7961,0.0002
rev_7962,0.9975
rev_7963,0.0006
rev_7964,0.9983
rev_7965,0.0
rev_7966,0.9999
rev_7967,0.0011
rev_7968,0.9854
rev_7969,0.0
rev_7970,0.9983
rev_7971,0.0024
rev_7972,0.9998
rev_7973,0.0006
rev_7974,0.9987
rev_7975,0.0012
rev_7976,0.9999
rev_7977,0.0003
rev_7978,0.998
rev_7979,0.0
rev_7980,0.9983
rev_7981,0.0059
rev_7982,0.9859
rev_7983,0.0043
rev_7984,0.9987
rev_7985,0.001
rev_7986,0.9645
rev_7987,0.0001
rev_7988,0.9998
rev_7989,0.0002
rev_7990,0.9822
rev_7991,0.0022
rev_7992,0.9988
rev_7993,0.0003
rev_7994,0.9999
rev_7995,0.0129
rev_7996,0.9901
rev_7997,0.0005
rev_7998,0.9995
rev_7999,0.017
rev_8000,0.0657
rev_8001,0.7443
rev_8002,0.9987
rev_8003,0.9607
rev_8004,0.9976
rev_8005,0.998
rev_8006,0.9741
rev_8007,0.2198
rev_8008,0.9985
rev_8009,0.8148
rev_8010,0.0426
rev_8011,0.9989
rev_8012,0.8857
rev_8013,0.9572
rev_8014,0.9743
rev_8015,0.9956
rev_8016,0.9886
rev_8017,0.6969
rev_8018,0.9675
rev_8019,0.9986
rev_8020,0.9732
rev_8021,0.9088
rev_8022,0.937
rev_8023,0.5704
rev_8024,0.6168
rev_8025,0.9764
rev_8026,0.997
rev_8027,0.999
rev_8028,0.9392
rev_8029,0.6578
rev_8030,0.7802
rev_8031,0.9949
rev_8032,0.9944
rev_8033,0.9877
rev_8034,0.9038
rev_8035,0.8957
rev_8036,0.9846
rev_8037,0.7853
rev_8038,0.7063
rev_8039,0.9499
rev_8040,0.9707
rev_8041,0.2531
rev_8042,0.1142
rev_8043,0.4389
rev_8044,0.0461
rev_8045,0.0924
rev_8046,0.0858
rev_8047,0.015
rev_8048,0.2792
rev_8049,0.0242
rev_8050,0.5474
rev_8051,0.4106
rev_8052,0.3221
rev_8053,0.3736
rev_8054,0.0807
rev_8055,0.0028
rev_8056,0.007
rev_8057,0.6925
rev_8058,0.0037
rev_8059,0.1485
rev_8060,0.0678
rev_8061,0.2087
rev_8062,0.0542
rev_8063,0.0189
rev_8064,0.0703
rev_8065,0.1686
rev_8066,0.7948
rev_8067,0.553
rev_8068,0.1461
rev_8069,0.7039
rev_8070,0.0314
rev_8071,0.0679
rev_8072,0.1186
rev_8073,0.0179
rev_8074,0.1716
rev_8075,0.6941
rev_8076,0.1008
rev_8077,0.3325
rev_8078,0.4712
rev_8079,0.5497
rev_8080,0.649
rev_8081,0.4735
rev_8082,0.9642
rev_8083,0.9948
rev_8084,0.9692
rev_8085,0.9979
rev_8086,0.9804
rev_8087,0.9536
rev_8088,0.8002
rev_8089,0.9956
rev_8090,0.5493
rev_8091,0.9669
rev_8092,0.9984
rev_8093,0.9995
rev_8094,0.5688
rev_8095,0.9684
rev_8096,0.929
rev_8097,0.2383
rev_8098,0.9984
rev_8099,0.9897
rev_8100,0.9911
rev_8101,0.8936
rev_8102,0.9659
rev_8103,0.8436
rev_8104,0.0318
rev_8105,0.3196
rev_8106,0.9933
rev_8107,0.9996
rev_8108,0.685
rev_8109,0.2933
rev_8110,0.9922
rev_8111,0.967
rev_8112,0.907
rev_8113,0.9958
rev_8114,0.9081
rev_8115,0.9974
rev_8116,0.9962
rev_8117,0.9965
rev_8118,0.9993
rev_8119,0.9983
rev_8120,0.0586
rev_8121,0.4294
rev_8122,0.7202
rev_8123,0.0497
rev_8124,0.933
rev_8125,0.8178
rev_8126,0.473
rev_8127,0.0226
rev_8128,0.2187
rev_8129,0.0988
rev_8130,0.0105
rev_8131,0.0865
rev_8132,0.0558
rev_8133,0.5398
rev_8134,0.0054
rev_8135,0.2963
rev_8136,0.1488
rev_8137,0.0572
rev_8138,0.4686
rev_8139,0.0623
rev_8140,0.575
rev_8141,0.0523
rev_8142,0.807
rev_8143,0.2239
rev_8144,0.0368
rev_8145,0.4753
rev_8146,0.3812
rev_8147,0.096
rev_8148,0.2146
rev_8149,0.4291
rev_8150,0.1863
rev_8151,0.2487
rev_8152,0.1568
rev_8153,0.7301
rev_8154,0.2925
rev_8155,0.1144
rev_8156,0.0422
rev_8157,0.0875
rev_8158,0.8371
rev_8159,0.9992
rev_8160,0.9432
rev_8161,0.9962
rev_8162,0.9921
rev_8163,0.9968
rev_8164,0.8273
rev_8165,0.9985
rev_8166,0.9984
rev_8167,0.9179
rev_8168,0.9487
rev_8169,0.9996
rev_8170,0.776
rev_8171,0.9977
rev_8172,0.9656
rev_8173,0.9999
rev_8174,0.3443
rev_8175,0.9992
rev_8176,0.9762
rev_8177,0.845
rev_8178,0.988
rev_8179,0.8262
rev_8180,0.9881
rev_8181,0.9632
rev_8182,0.3064
rev_8183,0.9973
rev_8184,0.7468
rev_8185,0.8205
rev_8186,0.9979
rev_8187,0.9995
rev_8188,0.4431
rev_8189,0.7491
rev_8190,0.9969
rev_8191,0.7585
rev_8192,0.9982
rev_8193,0.0135
rev_8194,0.0671
rev_8195,0.029
rev_8196,0.6459
rev_8197,0.0152
rev_8198,0.1811
rev_8199,0.009
rev_8200,0.0614
rev_8201,0.189
rev_8202,0.0015
rev_8203,0.8321
rev_8204,0.092
rev_8205,0.2686
rev_8206,0.3652
rev_8207,0.012
rev_8208,0.0983
rev_8209,0.4887
rev_8210,0.4673
rev_8211,0.0936
rev_8212,0.1703
rev_8213,0.2968
rev_8214,0.0754
rev_8215,0.4376
rev_8216,0.0074
rev_8217,0.0564
rev_8218,0.2645
rev_8219,0.0036
rev_8220,0.1363
rev_8221,0.0102
rev_8222,0.0392
rev_8223,0.0071
rev_8224,0.457
rev_8225,0.1786
rev_8226,0.6357
rev_8227,0.0239
rev_8228,0.9949
rev_8229,0.9833
rev_8230,0.7657
rev_8231,0.9551
rev_8232,0.0383
rev_8233,0.997
rev_8234,0.9895
rev_8235,0.138
rev_8236,0.804
rev_8237,0.9997
rev_8238,0.9973
rev_8239,0.9901
rev_8240,0.9999
rev_8241,0.9656
rev_8242,0.8004
rev_8243,0.9992
rev_8244,0.9989
rev_8245,0.8664
rev_8246,0.8
rev_8247,0.9992
rev_8248,0.9825
rev_8249,0.8706
rev_8250,0.9857
rev_8251,0.9856
rev_8252,0.9839
rev_8253,0.673
rev_8254,0.9547
rev_8255,0.9891
rev_8256,0.9769
rev_8257,0.9024
rev_8258,0.9914
rev_8259,0.9994
rev_8260,0.9986
rev_8261,0.9994
rev_8262,0.0771
rev_8263,0.1087
rev_8264,0.9312
rev_8265,0.1021
rev_8266,0.5951
rev_8267,0.2321
rev_8268,0.0023
rev_8269,0.3083
rev_8270,0.6304
rev_8271,0.0118
rev_8272,0.5989
rev_8273,0.3596
rev_8274,0.0082
rev_8275,0.2745
rev_8276,0.0181
rev_8277,0.1257
rev_8278,0.7641
rev_8279,0.4314
rev_8280,0.7202
rev_8281,0.0106
rev_8282,0.009
rev_8283,0.0268
rev_8284,0.3197
rev_8285,0.0094
rev_8286,0.0144
rev_8287,0.015
rev_8288,0.0164
rev_8289,0.0019
rev_8290,0.1099
rev_8291,0.0454
rev_8292,0.0318
rev_8293,0.4224
rev_8294,0.4807
rev_8295,0.0133
rev_8296,0.9497
rev_8297,0.9567
rev_8298,0.958
rev_8299,0.9946
rev_8300,0.9932
rev_8301,0.9992
rev_8302,0.9515
rev_8303,0.3335
rev_8304,0.9989
rev_8305,0.6519
rev_8306,0.9998
rev_8307,0.5185
rev_8308,0.992
rev_8309,0.971
rev_8310,0.9905
rev_8311,0.9067
rev_8312,0.8707
rev_8313,0.2398
rev_8314,0.9953
rev_8315,0.0912
rev_8316,0.6447
rev_8317,0.9962
rev_8318,0.9893
rev_8319,0.9904
rev_8320,0.9686
rev_8321,0.9642
rev_8322,0.9971
rev_8323,0.1018
rev_8324,0.8718
rev_8325,0.7226
rev_8326,0.3892
rev_8327,0.9939
rev_8328,0.0713
rev_8329,0.1271
rev_8330,0.0019
rev_8331,0.0109
rev_8332,0.2384
rev_8333,0.658
rev_8334,0.056
rev_8335,0.3492
rev_8336,0.0769
rev_8337,0.3447
rev_8338,0.7756
rev_8339,0.0317
rev_8340,0.2841
rev_8341,0.1045
rev_8342,0.0232
rev_8343,0.1559
rev_8344,0.1385
rev_8345,0.0012
rev_8346,0.214
rev_8347,0.3619
rev_8348,0.003
rev_8349,0.5069
rev_8350,0.5233
rev_8351,0.0795
rev_8352,0.03
rev_8353,0.1334
rev_8354,0.0093
rev_8355,0.0378
rev_8356,0.1616
rev_8357,0.167
rev_8358,0.0349
rev_8359,0.6924
rev_8360,0.8753
rev_8361,0.3032
rev_8362,0.1993
rev_8363,0.7018
rev_8364,0.9955
rev_8365,0.9967
rev_8366,0.9918
rev_8367,0.9907
rev_8368,0.9994
rev_8369,0.9525
rev_8370,0.9999
rev_8371,0.9766
rev_8372,0.9835
rev_8373,0.9999
rev_8374,0.9947
rev_8375,0.0882
rev_8376,0.9757
rev_8377,0.999
rev_8378,0.5868
rev_8379,0.9928
rev_8380,1.0
rev_8381,0.844
rev_8382,0.9985
rev_8383,0.9935
rev_8384,0.9867
rev_8385,0.9725
rev_8386,0.9996
rev_8387,0.9684
rev_8388,0.9242
rev_8389,0.6791
rev_8390,0.0171
rev_8391,0.0359
rev_8392,0.0931
rev_8393,0.0493
rev_8394,0.4929
rev_8395,0.4859
rev_8396,0.766
rev_8397,0.6415
rev_8398,0.0211
rev_8399,0.0038
rev_8400,0.0799
rev_8401,0.3676
rev_8402,0.0607
rev_8403,0.0519
rev_8404,0.0212
rev_8405,0.0067
rev_8406,0.6698
rev_8407,0.2852
rev_8408,0.0118
rev_8409,0.122
rev_8410,0.0362
rev_8411,0.4567
rev_8412,0.0205
rev_8413,0.6725
rev_8414,0.1109
rev_8415,0.1011
rev_8416,0.0015
rev_8417,0.0022
rev_8418,0.5405
rev_8419,0.0499
rev_8420,0.5528
rev_8421,0.982
rev_8422,0.9886
rev_8423,0.5294
rev_8424,0.964
rev_8425,0.8842
rev_8426,0.9998
rev_8427,0.797
rev_8428,0.9954
rev_8429,0.9967
rev_8430,0.9228
rev_8431,0.9997
rev_8432,0.8915
rev_8433,0.9993
rev_8434,0.9407
rev_8435,0.8907
rev_8436,0.8866
rev_8437,0.9996
rev_8438,0.9844
rev_8439,0.4827
rev_8440,0.6916
rev_8441,0.4673
rev_8442,0.9076
rev_8443,0.9993
rev_8444,0.9917
rev_8445,0.7539
rev_8446,1.0
rev_8447,0.9934
rev_8448,0.9013
rev_8449,0.8755
rev_8450,0.287
rev_8451,0.4678
rev_8452,0.0036
rev_8453,0.2619
rev_8454,0.5442
rev_8455,0.3218
rev_8456,0.002
rev_8457,0.0134
rev_8458,0.0592
rev_8459,0.0554
rev_8460,0.1071
rev_8461,0.8063
rev_8462,0.0913
rev_8463,0.1525
rev_8464,0.2007
rev_8465,0.0273
rev_8466,0.4176
rev_8467,0.0053
rev_8468,0.3432
rev_8469,0.0069
rev_8470,0.0258
rev_8471,0.0095
rev_8472,0.0183
rev_8473,0.2111
rev_8474,0.1307
rev_8475,0.2272
rev_8476,0.0315
rev_8477,0.1112
rev_8478,0.0017
rev_8479,0.6859
rev_8480,0.9957
rev_8481,0.9164
rev_8482,0.5071
rev_8483,0.9985
rev_8484,0.3585
rev_8485,0.4898
rev_8486,0.9923
rev_8487,0.8465
rev_8488,0.9745
rev_8489,0.9994
rev_8490,0.7361
rev_8491,0.9028
rev_8492,0.5818
rev_8493,0.9957
rev_8494,0.9758
rev_8495,0.7713
rev_8496,0.9813
rev_8497,0.9934
rev_8498,0.4382
rev_8499,0.4262
rev_8500,0.987
rev_8501,0.7806
rev_8502,0.9743
rev_8503,0.9864
rev_8504,0.9142
rev_8505,0.9808
rev_8506,0.9923
rev_8507,0.9998
rev_8508,0.109
rev_8509,0.2573
rev_8510,0.1006
rev_8511,0.099
rev_8512,0.1939
rev_8513,0.5669
rev_8514,0.0018
rev_8515,0.005
rev_8516,0.0386
rev_8517,0.0396
rev_8518,0.7997
rev_8519,0.0529
rev_8520,0.006
rev_8521,0.0233
rev_8522,0.0938
rev_8523,0.2487
rev_8524,0.5829
rev_8525,0.0335
rev_8526,0.0328
rev_8527,0.0335
rev_8528,0.0041
rev_8529,0.0094
rev_8530,0.0353
rev_8531,0.2476
rev_8532,0.1043
rev_8533,0.0162
rev_8534,0.1372
rev_8535,0.0224
rev_8536,0.1878
rev_8537,0.9556
rev_8538,0.8867
rev_8539,0.8364
rev_8540,0.9908
rev_8541,0.8651
rev_8542,0.9992
rev_8543,0.6248
rev_8544,0.7963
rev_8545,0.9994
rev_8546,0.9899
rev_8547,0.9889
rev_8548,0.8934
rev_8549,0.8814
rev_8550,0.9831
rev_8551,0.9988
rev_8552,0.9985
rev_8553,0.9922
rev_8554,0.8801
rev_8555,0.995
rev_8556,0.3864
rev_8557,0.9864
rev_8558,0.1708
rev_8559,0.9928
rev_8560,0.7542
rev_8561,0.8883
rev_8562,0.4342
rev_8563,0.0289
rev_8564,0.4768
rev_8565,0.003
rev_8566,0.4316
rev_8567,0.344
rev_8568,0.0117
rev_8569,0.0141
rev_8570,0.0021
rev_8571,0.1348
rev_8572,0.0649
rev_8573,0.1934
rev_8574,0.0021
rev_8575,0.26
rev_8576,0.0233
rev_8577,0.3475
rev_8578,0.735
rev_8579,0.1135
rev_8580,0.6764
rev_8581,0.0069
rev_8582,0.0386
rev_8583,0.0904
rev_8584,0.6612
rev_8585,0.0568
rev_8586,0.0112
rev_8587,0.0003
rev_8588,0.0177
rev_8589,0.0354
rev_8590,0.9968
rev_8591,0.8004
rev_8592,0.9297
rev_8593,0.9862
rev_8594,0.9988
rev_8595,0.9973
rev_8596,0.9587
rev_8597,0.9718
rev_8598,0.1066
rev_8599,0.8293
rev_8600,0.975
rev_8601,0.487
rev_8602,0.9078
rev_8603,0.5819
rev_8604,0.8437
rev_8605,0.9977
rev_8606,0.9957
rev_8607,0.9959
rev_8608,0.2749
rev_8609,0.7435
rev_8610,0.9453
rev_8611,0.0321
rev_8612,0.9717
rev_8613,0.9661
rev_8614,0.7184
rev_8615,0.9613
rev_8616,0.9604
rev_8617,0.9986
rev_8618,0.3489
rev_8619,0.0677
rev_8620,0.7698
rev_8621,0.0559
rev_8622,0.4055
rev_8623,0.0069
rev_8624,0.0007
rev_8625,0.147
rev_8626,0.8016
rev_8627,0.0354
rev_8628,0.0084
rev_8629,0.5694
rev_8630,0.131
rev_8631,0.1773
rev_8632,0.0577
rev_8633,0.2968
rev_8634,0.0915
rev_8635,0.0169
rev_8636,0.0116
rev_8637,0.3759
rev_8638,0.015
rev_8639,0.0246
rev_8640,0.6425
rev_8641,0.8575
rev_8642,0.0031
rev_8643,0.1355
rev_8644,0.0122
rev_8645,0.1131
rev_8646,0.2944
rev_8647,0.3835
rev_8648,0.6288
rev_8649,0.7276
rev_8650,0.9929
rev_8651,0.9791
rev_8652,0.9882
rev_8653,0.9965
rev_8654,0.8289
rev_8655,0.9711
rev_8656,0.4153
rev_8657,0.6909
rev_8658,0.9997
rev_8659,0.4304
rev_8660,0.9953
rev_8661,0.9068
rev_8662,0.9983
rev_8663,0.5845
rev_8664,0.0973
rev_8665,0.9862
rev_8666,0.7991
rev_8667,0.7439
rev_8668,0.7506
rev_8669,0.9843
rev_8670,0.8937
rev_8671,0.9293
rev_8672,0.9781
rev_8673,0.9941
rev_8674,0.9431
rev_8675,0.909
rev_8676,0.977
rev_8677,0.9687
rev_8678,0.0312
rev_8679,0.9929
rev_8680,0.6539
rev_8681,0.8198
rev_8682,0.2585
rev_8683,0.9923
rev_8684,0.9304
rev_8685,0.2943
rev_8686,0.9525
rev_8687,0.7751
rev_8688,0.0231
rev_8689,0.2675
rev_8690,0.2308
rev_8691,0.7445
rev_8692,0.0314
rev_8693,0.214
rev_8694,0.0178
rev_8695,0.0555
rev_8696,0.4219
rev_8697,0.1309
rev_8698,0.842
rev_8699,0.0183
rev_8700,0.0021
rev_8701,0.0094
rev_8702,0.5909
rev_8703,0.1735
rev_8704,0.0549
rev_8705,0.1526
rev_8706,0.0929
rev_8707,0.0011
rev_8708,0.1383
rev_8709,0.2134
rev_8710,0.2015
rev_8711,0.3582
rev_8712,0.0368
rev_8713,0.0035
rev_8714,0.2161
rev_8715,0.8282
rev_8716,0.144
rev_8717,0.0021
rev_8718,0.0271
rev_8719,0.3678
rev_8720,0.0401
rev_8721,0.0065
rev_8722,0.0413
rev_8723,0.0404
rev_8724,0.2811
rev_8725,0.2615
rev_8726,0.2598
rev_8727,0.335
rev_8728,0.0052
rev_8729,0.0351
rev_8730,0.9899
rev_8731,0.9899
rev_8732,0.9926
rev_8733,0.9952
rev_8734,0.7036
rev_8735,0.9834
rev_8736,0.2495
rev_8737,0.9868
rev_8738,0.5913
rev_8739,0.7304
rev_8740,0.2156
rev_8741,0.9489
rev_8742,0.7866
rev_8743,0.1884
rev_8744,0.9994
rev_8745,0.7995
rev_8746,0.9136
rev_8747,0.9983
rev_8748,0.9981
rev_8749,0.8592
rev_8750,0.9683
rev_8751,0.7629
rev_8752,0.9916
rev_8753,0.996
rev_8754,0.9938
rev_8755,0.9713
rev_8756,0.9922
rev_8757,0.7302
rev_8758,0.9643
rev_8759,0.9634
rev_8760,0.9773
rev_8761,1.0
rev_8762,0.7703
rev_8763,0.8744
rev_8764,0.9972
rev_8765,0.7624
rev_8766,0.9177
rev_8767,0.6777
rev_8768,0.736
rev_8769,0.9987
rev_8770,0.4366
rev_8771,0.5592
rev_8772,0.966
rev_8773,0.0114
rev_8774,0.1099
rev_8775,0.0071
rev_8776,0.0696
rev_8777,0.1136
rev_8778,0.4647
rev_8779,0.2481
rev_8780,0.2327
rev_8781,0.0508
rev_8782,0.0142
rev_8783,0.0027
rev_8784,0.0203
rev_8785,0.1851
rev_8786,0.1702
rev_8787,0.006
rev_8788,0.0197
rev_8789,0.0449
rev_8790,0.4374
rev_8791,0.0196
rev_8792,0.031
rev_8793,0.5649
rev_8794,0.0415
rev_8795,0.1873
rev_8796,0.0354
rev_8797,0.009
rev_8798,0.0083
rev_8799,0.0519
rev_8800,0.5359
rev_8801,0.7287
rev_8802,0.2929
rev_8803,0.0104
rev_8804,0.2213
rev_8805,0.0222
rev_8806,0.093
rev_8807,0.0468
rev_8808,0.0041
rev_8809,0.0408
rev_8810,0.9579
rev_8811,0.6961
rev_8812,0.8775
rev_8813,0.9931
rev_8814,0.8295
rev_8815,0.4537
rev_8816,0.6473
rev_8817,0.9151
rev_8818,0.7876
rev_8819,0.9394
rev_8820,0.9828
rev_8821,0.8166
rev_8822,0.9771
rev_8823,0.8952
rev_8824,0.9967
rev_8825,0.9891
rev_8826,0.9982
rev_8827,0.7055
rev_8828,0.2145
rev_8829,0.9823
rev_8830,0.9598
rev_8831,0.947
rev_8832,0.6252
rev_8833,0.1642
rev_8834,0.9805
rev_8835,0.6309
rev_8836,0.9976
rev_8837,0.9683
rev_8838,0.9934
rev_8839,0.9685
rev_8840,0.9911
rev_8841,0.5043
rev_8842,0.9973
rev_8843,0.9721
rev_8844,0.3402
rev_8845,0.9463
rev_8846,0.9937
rev_8847,0.9922
rev_8848,0.8903
rev_8849,0.8758
rev_8850,0.0006
rev_8851,0.1274
rev_8852,0.003
rev_8853,0.3015
rev_8854,0.0498
rev_8855,0.0108
rev_8856,0.0842
rev_8857,0.0541
rev_8858,0.0887
rev_8859,0.4092
rev_8860,0.0245
rev_8861,0.0688
rev_8862,0.5769
rev_8863,0.0185
rev_8864,0.0255
rev_8865,0.0444
rev_8866,0.985
rev_8867,0.2589
rev_8868,0.0224
rev_8869,0.4879
rev_8870,0.0941
rev_8871,0.0172
rev_8872,0.075
rev_8873,0.0589
rev_8874,0.0669
rev_8875,0.3991
rev_8876,0.0061
rev_8877,0.2173
rev_8878,0.012
rev_8879,0.0395
rev_8880,0.0121
rev_8881,0.3492
rev_8882,0.0812
rev_8883,0.2401
rev_8884,0.0026
rev_8885,0.315
rev_8886,0.0224
rev_8887,0.7161
rev_8888,0.8018
rev_8889,0.9947
rev_8890,0.9786
rev_8891,0.9983
rev_8892,0.9972
rev_8893,0.9499
rev_8894,0.9898
rev_8895,0.9928
rev_8896,0.7633
rev_8897,0.9955
rev_8898,0.6583
rev_8899,0.9797
rev_8900,0.9944
rev_8901,0.9113
rev_8902,0.9985
rev_8903,0.8423
rev_8904,0.9621
rev_8905,0.9256
rev_8906,0.9821
rev_8907,0.824
rev_8908,0.9777
rev_8909,0.9982
rev_8910,0.138
rev_8911,0.6124
rev_8912,0.9128
rev_8913,0.4677
rev_8914,0.9888
rev_8915,0.9921
rev_8916,0.9973
rev_8917,0.953
rev_8918,0.9987
rev_8919,0.9939
rev_8920,0.6783
rev_8921,0.6729
rev_8922,0.8393
rev_8923,0.6718
rev_8924,0.2433
rev_8925,0.0067
rev_8926,0.0565
rev_8927,0.0055
rev_8928,0.0158
rev_8929,0.0309
rev_8930,0.0125
rev_8931,0.0312
rev_8932,0.0024
rev_8933,0.0922
rev_8934,0.0084
rev_8935,0.002
rev_8936,0.0034
rev_8937,0.5172
rev_8938,0.0378
rev_8939,0.2983
rev_8940,0.0062
rev_8941,0.1588
rev_8942,0.3389
rev_8943,0.0461
rev_8944,0.0124
rev_8945,0.2409
rev_8946,0.032
rev_8947,0.6288
rev_8948,0.0997
rev_8949,0.0188
rev_8950,0.2517
rev_8951,0.0081
rev_8952,0.0591
rev_8953,0.0047
rev_8954,0.0451
rev_8955,0.4407
rev_8956,0.3325
rev_8957,0.0307
rev_8958,0.984
rev_8959,0.0162
rev_8960,0.9598
rev_8961,0.993
rev_8962,0.963
rev_8963,0.9993
rev_8964,0.9561
rev_8965,0.8673
rev_8966,0.9819
rev_8967,0.9933
rev_8968,0.9922
rev_8969,0.9958
rev_8970,0.4481
rev_8971,0.9885
rev_8972,0.9906
rev_8973,0.8333
rev_8974,0.994
rev_8975,0.2938
rev_8976,0.9521
rev_8977,0.6656
rev_8978,0.9942
rev_8979,0.9989
rev_8980,0.9934
rev_8981,0.9591
rev_8982,0.9771
rev_8983,0.9865
rev_8984,0.599
rev_8985,0.8617
rev_8986,0.9893
rev_8987,0.8856
rev_8988,0.9995
rev_8989,0.9981
rev_8990,0.9773
rev_8991,0.9999
rev_8992,0.9997
rev_8993,0.7816
rev_8994,0.9987
rev_8995,0.5974
rev_8996,0.1245
rev_8997,0.5139
rev_8998,0.0166
rev_8999,0.017
rev_9000,0.0869
rev_9001,0.1309
rev_9002,0.0008
rev_9003,0.0914
rev_9004,0.0757
rev_9005,0.002
rev_9006,0.2416
rev_9007,0.0457
rev_9008,0.0023
rev_9009,0.2424
rev_9010,0.0124
rev_9011,0.1637
rev_9012,0.0266
rev_9013,0.454
rev_9014,0.0421
rev_9015,0.2207
rev_9016,0.0259
rev_9017,0.0205
rev_9018,0.0498
rev_9019,0.0125
rev_9020,0.0317
rev_9021,0.123
rev_9022,0.0796
rev_9023,0.5575
rev_9024,0.133
rev_9025,0.0252
rev_9026,0.0437
rev_9027,0.1044
rev_9028,0.0399
rev_9029,0.3424
rev_9030,0.8228
rev_9031,0.981
rev_9032,0.9988
rev_9033,0.9934
rev_9034,0.9938
rev_9035,0.9957
rev_9036,0.9868
rev_9037,0.8934
rev_9038,0.8199
rev_9039,0.9985
rev_9040,0.9604
rev_9041,0.984
rev_9042,0.9962
rev_9043,0.9898
rev_9044,0.9855
rev_9045,0.1918
rev_9046,0.9958
rev_9047,0.9444
rev_9048,0.9991
rev_9049,0.8114
rev_9050,0.9131
rev_9051,0.9833
rev_9052,0.9976
rev_9053,0.943
rev_9054,0.9772
rev_9055,0.8289
rev_9056,0.999
rev_9057,0.6234
rev_9058,0.9956
rev_9059,0.9785
rev_9060,0.8154
rev_9061,0.3163
rev_9062,0.7992
rev_9063,0.5094
rev_9064,0.0299
rev_9065,0.0289
rev_9066,0.1565
rev_9067,0.0083
rev_9068,0.5018
rev_9069,0.036
rev_9070,0.0086
rev_9071,0.0064
rev_9072,0.0033
rev_9073,0.5378
rev_9074,0.0028
rev_9075,0.4993
rev_9076,0.0268
rev_9077,0.0132
rev_9078,0.0204
rev_9079,0.0315
rev_9080,0.7795
rev_9081,0.237
rev_9082,0.0543
rev_9083,0.1245
rev_9084,0.0105
rev_9085,0.0499
rev_9086,0.0026
rev_9087,0.0874
rev_9088,0.7063
rev_9089,0.3374
rev_9090,0.333
rev_9091,0.2762
rev_9092,0.0243
rev_9093,0.0752
rev_9094,0.062
rev_9095,0.1751
rev_9096,0.9599
rev_9097,0.999
rev_9098,0.8276
rev_9099,0.9892
rev_9100,0.8875
rev_9101,0.8545
rev_9102,0.8815
rev_9103,0.7737
rev_9104,0.9896
rev_9105,0.9771
rev_9106,0.5552
rev_9107,0.9993
rev_9108,0.9557
rev_9109,0.9812
rev_9110,0.9998
rev_9111,0.9243
rev_9112,0.9997
rev_9113,0.9191
rev_9114,0.9179
rev_9115,0.9532
rev_9116,0.7912
rev_9117,0.9994
rev_9118,0.9982
rev_9119,0.9999
rev_9120,0.9698
rev_9121,0.7067
rev_9122,0.9803
rev_9123,0.6574
rev_9124,0.723
rev_9125,0.9618
rev_9126,0.8895
rev_9127,0.0059
rev_9128,0.0914
rev_9129,0.0304
rev_9130,0.0323
rev_9131,0.0127
rev_9132,0.1121
rev_9133,0.0732
rev_9134,0.6189
rev_9135,0.3805
rev_9136,0.0366
rev_9137,0.021
rev_9138,0.7324
rev_9139,0.3182
rev_9140,0.0362
rev_9141,0.0992
rev_9142,0.0431
rev_9143,0.0074
rev_9144,0.1192
rev_9145,0.0008
rev_9146,0.1333
rev_9147,0.0527
rev_9148,0.3247
rev_9149,0.6459
rev_9150,0.0055
rev_9151,0.0019
rev_9152,0.0168
rev_9153,0.0137
rev_9154,0.0283
rev_9155,0.1568
rev_9156,0.3004
rev_9157,0.031
rev_9158,0.9999
rev_9159,0.9164
rev_9160,0.9992
rev_9161,0.9962
rev_9162,0.9956
rev_9163,0.3187
rev_9164,0.9993
rev_9165,1.0
rev_9166,0.9964
rev_9167,0.9962
rev_9168,0.9938
rev_9169,0.9703
rev_9170,0.8929
rev_9171,0.9912
rev_9172,0.9477
rev_9173,0.9943
rev_9174,0.6053
rev_9175,0.9925
rev_9176,0.026
rev_9177,0.3155
rev_9178,0.9995
rev_9179,0.6526
rev_9180,0.9801
rev_9181,0.9941
rev_9182,0.945
rev_9183,0.994
rev_9184,0.7021
rev_9185,0.998
rev_9186,0.9996
rev_9187,0.7467
rev_9188,0.0296
rev_9189,0.3849
rev_9190,0.3105
rev_9191,0.3823
rev_9192,0.0219
rev_9193,0.0262
rev_9194,0.1944
rev_9195,0.5706
rev_9196,0.6586
rev_9197,0.008
rev_9198,0.1801
rev_9199,0.0092
rev_9200,0.0308
rev_9201,0.0101
rev_9202,0.7309
rev_9203,0.0383
rev_9204,0.0137
rev_9205,0.0241
rev_9206,0.2058
rev_9207,0.0017
rev_9208,0.001
rev_9209,0.017
rev_9210,0.1467
rev_9211,0.2948
rev_9212,0.0182
rev_9213,0.0105
rev_9214,0.037
rev_9215,0.1895
rev_9216,0.9984
rev_9217,0.7615
rev_9218,0.9984
rev_9219,1.0
rev_9220,0.9973
rev_9221,0.9961
rev_9222,0.7422
rev_9223,0.9604
rev_9224,0.9671
rev_9225,0.9994
rev_9226,0.9478
rev_9227,0.9997
rev_9228,0.9977
rev_9229,0.9961
rev_9230,0.9909
rev_9231,0.9572
rev_9232,0.8926
rev_9233,0.8765
rev_9234,0.9998
rev_9235,0.9832
rev_9236,0.999
rev_9237,0.9702
rev_9238,0.966
rev_9239,0.9487
rev_9240,0.9715
rev_9241,0.9507
rev_9242,0.9997
rev_9243,0.2228
rev_9244,0.2525
rev_9245,0.0171
rev_9246,0.013
rev_9247,0.0258
rev_9248,0.0133
rev_9249,0.0142
rev_9250,0.0061
rev_9251,0.0571
rev_9252,0.0029
rev_9253,0.0262
rev_9254,0.2356
rev_9255,0.0188
rev_9256,0.1733
rev_9257,0.006
rev_9258,0.0204
rev_9259,0.0013
rev_9260,0.033
rev_9261,0.4836
rev_9262,0.1758
rev_9263,0.0202
rev_9264,0.0061
rev_9265,0.0711
rev_9266,0.5112
rev_9267,0.0639
rev_9268,0.8254
rev_9269,0.2219
rev_9270,0.8781
rev_9271,0.9817
rev_9272,0.9999
rev_9273,0.9974
rev_9274,0.9975
rev_9275,0.9467
rev_9276,0.9996
rev_9277,0.9748
rev_9278,0.7325
rev_9279,0.8056
rev_9280,0.7537
rev_9281,0.8957
rev_9282,0.9833
rev_9283,0.6788
rev_9284,0.9944
rev_9285,0.9959
rev_9286,0.9883
rev_9287,0.9875
rev_9288,0.9408
rev_9289,0.9987
rev_9290,0.9738
rev_9291,0.9989
rev_9292,0.9957
rev_9293,0.9434
rev_9294,0.9938
rev_9295,0.6869
rev_9296,0.9667
rev_9297,0.0586
rev_9298,0.0631
rev_9299,0.1173
rev_9300,0.0042
rev_9301,0.0049
rev_9302,0.1072
rev_9303,0.3092
rev_9304,0.3952
rev_9305,0.015
rev_9306,0.171
rev_9307,0.0143
rev_9308,0.2364
rev_9309,0.0086
rev_9310,0.0047
rev_9311,0.6868
rev_9312,0.1746
rev_9313,0.0079
rev_9314,0.5091
rev_9315,0.003
rev_9316,0.004
rev_9317,0.0056
rev_9318,0.011
rev_9319,0.0222
rev_9320,0.6131
rev_9321,0.014
rev_9322,0.0009
rev_9323,0.0044
rev_9324,0.981
rev_9325,0.9969
rev_9326,0.9763
rev_9327,0.9256
rev_9328,0.9698
rev_9329,0.999
rev_9330,0.9928
rev_9331,0.8533
rev_9332,0.8533
rev_9333,0.9907
rev_9334,0.7873
rev_9335,0.9799
rev_9336,0.9919
rev_9337,0.9776
rev_9338,0.9059
rev_9339,0.9992
rev_9340,0.9974
rev_9341,0.9985
rev_9342,0.7871
rev_9343,0.9996
rev_9344,0.9972
rev_9345,0.7928
rev_9346,0.9435
rev_9347,0.8276
rev_9348,0.9925
rev_9349,0.0516
rev_9350,0.0131
rev_9351,0.0528
rev_9352,0.0019
rev_9353,0.0118
rev_9354,0.1946
rev_9355,0.0035
rev_9356,0.0309
rev_9357,0.0265
rev_9358,0.0057
rev_9359,0.1174
rev_9360,0.0829
rev_9361,0.0337
rev_9362,0.411
rev_9363,0.0037
rev_9364,0.0103
rev_9365,0.0648
rev_9366,0.1132
rev_9367,0.0015
rev_9368,0.1194
rev_9369,0.0052
rev_9370,0.022
rev_9371,0.0667
rev_9372,0.0009
rev_9373,0.0359
rev_9374,0.9864
rev_9375,0.9917
rev_9376,0.6833
rev_9377,0.9986
rev_9378,0.0011
rev_9379,0.9999
rev_9380,0.9928
rev_9381,0.9979
rev_9382,0.9998
rev_9383,0.9857
rev_9384,0.9998
rev_9385,0.9902
rev_9386,0.9756
rev_9387,0.9999
rev_9388,0.7351
rev_9389,0.9805
rev_9390,0.1308
rev_9391,0.9983
rev_9392,0.8956
rev_9393,0.9893
rev_9394,0.9996
rev_9395,0.9622
rev_9396,0.9995
rev_9397,0.997
rev_9398,0.8112
rev_9399,0.052
rev_9400,0.5964
rev_9401,0.0021
rev_9402,0.6074
rev_9403,0.0566
rev_9404,0.0175
rev_9405,0.0374
rev_9406,0.1535
rev_9407,0.3088
rev_9408,0.631
rev_9409,0.2818
rev_9410,0.0214
rev_9411,0.4924
rev_9412,0.1948
rev_9413,0.0031
rev_9414,0.0017
rev_9415,0.0358
rev_9416,0.2698
rev_9417,0.0005
rev_9418,0.6238
rev_9419,0.0074
rev_9420,0.1373
rev_9421,0.2762
rev_9422,0.1784
rev_9423,0.0012
rev_9424,0.8782
rev_9425,0.996
rev_9426,0.9708
rev_9427,0.9946
rev_9428,0.9998
rev_9429,0.9917
rev_9430,0.9875
rev_9431,0.8453
rev_9432,0.8857
rev_9433,0.9999
rev_9434,0.9792
rev_9435,0.9976
rev_9436,0.9923
rev_9437,0.9951
rev_9438,0.9891
rev_9439,0.8698
rev_9440,0.9996
rev_9441,0.9865
rev_9442,0.9968
rev_9443,0.9998
rev_9444,0.9998
rev_9445,0.9979
rev_9446,0.5623
rev_9447,0.0028
rev_9448,0.0038
rev_9449,0.4593
rev_9450,0.1719
rev_9451,0.016
rev_9452,0.3233
rev_9453,0.4503
rev_9454,0.375
rev_9455,0.0217
rev_9456,0.5383
rev_9457,0.2704
rev_9458,0.047
rev_9459,0.6077
rev_9460,0.023
rev_9461,0.0063
rev_9462,0.0154
rev_9463,0.3568
rev_9464,0.077
rev_9465,0.6881
rev_9466,0.1247
rev_9467,0.002
rev_9468,0.018
rev_9469,0.0112
rev_9470,0.6316
rev_9471,0.9813
rev_9472,0.9978
rev_9473,0.9996
rev_9474,0.9965
rev_9475,0.4784
rev_9476,0.8607
rev_9477,0.6965
rev_9478,0.8849
rev_9479,0.9872
rev_9480,0.9905
rev_9481,0.995
rev_9482,0.9424
rev_9483,0.9977
rev_9484,1.0
rev_9485,0.9913
rev_9486,0.9989
rev_9487,0.9996
rev_9488,0.9976
rev_9489,0.7277
rev_9490,0.9999
rev_9491,0.9909
rev_9492,0.8938
rev_9493,0.7674
rev_9494,0.0033
rev_9495,0.0381
rev_9496,0.1245
rev_9497,0.1665
rev_9498,0.0893
rev_9499,0.1275
rev_9500,0.0034
rev_9501,0.0007
rev_9502,0.0139
rev_9503,0.015
rev_9504,0.0175
rev_9505,0.0245
rev_9506,0.0661
rev_9507,0.0319
rev_9508,0.2383
rev_9509,0.7389
rev_9510,0.1285
rev_9511,0.0237
rev_9512,0.0531
rev_9513,0.0034
rev_9514,0.0116
rev_9515,0.0034
rev_9516,0.9333
rev_9517,0.8221
rev_9518,0.9983
rev_9519,0.9979
rev_9520,0.9998
rev_9521,0.9922
rev_9522,0.9988
rev_9523,0.9966
rev_9524,0.9982
rev_9525,0.8344
rev_9526,0.9555
rev_9527,0.9704
rev_9528,0.9941
rev_9529,0.8279
rev_9530,0.9694
rev_9531,0.9793
rev_9532,0.8081
rev_9533,0.9043
rev_9534,0.999
rev_9535,0.9994
rev_9536,0.9992
rev_9537,0.9975
rev_9538,0.0581
rev_9539,0.0084
rev_9540,0.6707
rev_9541,0.5212
rev_9542,0.1773
rev_9543,0.3555
rev_9544,0.4266
rev_9545,0.0294
rev_9546,0.0308
rev_9547,0.3411
rev_9548,0.0492
rev_9549,0.0655
rev_9550,0.0053
rev_9551,0.0215
rev_9552,0.5665
rev_9553,0.0281
rev_9554,0.1775
rev_9555,0.0117
rev_9556,0.4208
rev_9557,0.0121
rev_9558,0.0045
rev_9559,0.0111
rev_9560,0.9931
rev_9561,1.0
rev_9562,0.9855
rev_9563,0.9997
rev_9564,1.0
rev_9565,0.998
rev_9566,0.9999
rev_9567,0.9612
rev_9568,0.8364
rev_9569,0.7048
rev_9570,0.3957
rev_9571,0.9992
rev_9572,0.9259
rev_9573,0.9725
rev_9574,0.9701
rev_9575,0.991
rev_9576,1.0
rev_9577,0.9966
rev_9578,0.8985
rev_9579,0.6317
rev_9580,0.997
rev_9581,0.9829
rev_9582,0.0058
rev_9583,0.2524
rev_9584,0.9488
rev_9585,0.03
rev_9586,0.1018
rev_9587,0.1181
rev_9588,0.0048
rev_9589,0.0009
rev_9590,0.0057
rev_9591,0.3421
rev_9592,0.2514
rev_9593,0.1509
rev_9594,0.0031
rev_9595,0.0259
rev_9596,0.5434
rev_9597,0.1447
rev_9598,0.5016
rev_9599,0.4574
rev_9600,0.2479
rev_9601,0.0233
rev_9602,0.0126
rev_9603,0.0037
rev_9604,0.9978
rev_9605,0.8391
rev_9606,0.9998
rev_9607,0.9386
rev_9608,0.9998
rev_9609,0.6422
rev_9610,0.981
rev_9611,0.9984
rev_9612,0.9994
rev_9613,0.9799
rev_9614,0.9994
rev_9615,0.2728
rev_9616,0.9988
rev_9617,0.7755
rev_9618,0.9601
rev_9619,0.4728
rev_9620,0.9658
rev_9621,0.9556
rev_9622,0.9994
rev_9623,0.9861
rev_9624,0.9976
rev_9625,0.0583
rev_9626,0.0009
rev_9627,0.0095
rev_9628,0.0117
rev_9629,0.0032
rev_9630,0.6818
rev_9631,0.0419
rev_9632,0.32
rev_9633,0.0181
rev_9634,0.0194
rev_9635,0.0443
rev_9636,0.0015
rev_9637,0.0535
rev_9638,0.0008
rev_9639,0.0944
rev_9640,0.0344
rev_9641,0.7815
rev_9642,0.0132
rev_9643,0.0778
rev_9644,0.0091
rev_9645,0.1044
rev_9646,0.9927
rev_9647,0.9552
rev_9648,0.9996
rev_9649,0.65
rev_9650,0.9574
rev_9651,1.0
rev_9652,0.8736
rev_9653,0.9906
rev_9654,0.9917
rev_9655,0.9979
rev_9656,0.9887
rev_9657,0.9291
rev_9658,0.9221
rev_9659,0.9986
rev_9660,0.888
rev_9661,0.9942
rev_9662,0.9758
rev_9663,0.529
rev_9664,0.9717
rev_9665,0.9721
rev_9666,0.0161
rev_9667,0.0017
rev_9668,0.3134
rev_9669,0.0041
rev_9670,0.2032
rev_9671,0.2557
rev_9672,0.0027
rev_9673,0.0476
rev_9674,0.0045
rev_9675,0.1718
rev_9676,0.4947
rev_9677,0.673
rev_9678,0.0335
rev_9679,0.2168
rev_9680,0.0344
rev_9681,0.2112
rev_9682,0.1807
rev_9683,0.1698
rev_9684,0.0226
rev_9685,0.5755
rev_9686,0.996
rev_9687,0.9999
rev_9688,0.8953
rev_9689,0.9998
rev_9690,0.9988
rev_9691,0.9799
rev_9692,0.9999
rev_9693,0.9975
rev_9694,0.9842
rev_9695,0.6094
rev_9696,0.9935
rev_9697,0.9919
rev_9698,0.8824
rev_9699,0.9997
rev_9700,0.9293
rev_9701,0.9956
rev_9702,0.9968
rev_9703,0.9953
rev_9704,0.9991
rev_9705,0.0507
rev_9706,0.2028
rev_9707,0.0117
rev_9708,0.008
rev_9709,0.009
rev_9710,0.0514
rev_9711,0.1328
rev_9712,0.135
rev_9713,0.0057
rev_9714,0.0423
rev_9715,0.1752
rev_9716,0.0025
rev_9717,0.0338
rev_9718,0.0169
rev_9719,0.1551
rev_9720,0.3867
rev_9721,0.049
rev_9722,0.0192
rev_9723,0.0427
rev_9724,0.983
rev_9725,0.9998
rev_9726,0.5434
rev_9727,0.9904
rev_9728,0.6976
rev_9729,0.9497
rev_9730,0.9882
rev_9731,0.9852
rev_9732,0.9988
rev_9733,1.0
rev_9734,0.8064
rev_9735,0.9547
rev_9736,0.9764
rev_9737,0.9995
rev_9738,1.0
rev_9739,0.9999
rev_9740,0.9944
rev_9741,0.9997
rev_9742,0.7892
rev_9743,0.4818
rev_9744,0.9225
rev_9745,0.0147
rev_9746,0.2205
rev_9747,0.0012
rev_9748,0.4461
rev_9749,0.0333
rev_9750,0.1071
rev_9751,0.0073
rev_9752,0.0325
rev_9753,0.1391
rev_9754,0.1663
rev_9755,0.1847
rev_9756,0.023
rev_9757,0.0038
rev_9758,0.004
rev_9759,0.0273
rev_9760,0.0722
rev_9761,0.0338
rev_9762,0.9783
rev_9763,0.9995
rev_9764,0.9989
rev_9765,0.9992
rev_9766,0.9989
rev_9767,0.5781
rev_9768,0.9962
rev_9769,0.999
rev_9770,0.9842
rev_9771,0.9943
rev_9772,0.9259
rev_9773,0.9994
rev_9774,0.9994
rev_9775,0.9861
rev_9776,0.9205
rev_9777,0.999
rev_9778,0.8499
rev_9779,0.999
rev_9780,0.8811
rev_9781,0.0402
rev_9782,0.037
rev_9783,0.0167
rev_9784,0.0184
rev_9785,0.5241
rev_9786,0.3939
rev_9787,0.0193
rev_9788,0.2801
rev_9789,0.0612
rev_9790,0.0441
rev_9791,0.5675
rev_9792,0.0047
rev_9793,0.0468
rev_9794,0.0493
rev_9795,0.0008
rev_9796,0.0456
rev_9797,0.0266
rev_9798,0.2067
rev_9799,0.0004
rev_9800,0.9968
rev_9801,0.699
rev_9802,0.939
rev_9803,0.9953
rev_9804,0.6647
rev_9805,0.9998
rev_9806,0.9965
rev_9807,0.9996
rev_9808,0.9946
rev_9809,0.9037
rev_9810,0.9621
rev_9811,0.998
rev_9812,0.7966
rev_9813,0.8803
rev_9814,0.9981
rev_9815,0.9177
rev_9816,0.9996
rev_9817,0.9836
rev_9818,0.0138
rev_9819,0.0127
rev_9820,0.0534
rev_9821,0.2041
rev_9822,0.0142
rev_9823,0.1573
rev_9824,0.2301
rev_9825,0.3091
rev_9826,0.0832
rev_9827,0.0098
rev_9828,0.004
rev_9829,0.0037
rev_9830,0.2503
rev_9831,0.0024
rev_9832,0.0083
rev_9833,0.0076
rev_9834,0.0032
rev_9835,0.8496
rev_9836,0.9849
rev_9837,0.955
rev_9838,0.9885
rev_9839,0.6911
rev_9840,0.8637
rev_9841,0.9708
rev_9842,0.9988
rev_9843,0.9936
rev_9844,0.9882
rev_9845,1.0
rev_9846,0.9101
rev_9847,0.9991
rev_9848,0.9667
rev_9849,1.0
rev_9850,0.9449
rev_9851,0.5535
rev_9852,0.7168
rev_9853,0.0249
rev_9854,0.0109
rev_9855,0.0558
rev_9856,0.1955
rev_9857,0.1325
rev_9858,0.0037
rev_9859,0.0148
rev_9860,0.0807
rev_9861,0.2641
rev_9862,0.0044
rev_9863,0.4856
rev_9864,0.0411
rev_9865,0.0049
rev_9866,0.1917
rev_9867,0.0048
rev_9868,0.0079
rev_9869,0.0005
rev_9870,0.999
rev_9871,0.9969
rev_9872,0.97
rev_9873,0.9693
rev_9874,0.9991
rev_9875,0.9996
rev_9876,0.8113
rev_9877,0.9996
rev_9878,0.9998
rev_9879,0.9291
rev_9880,0.9988
rev_9881,0.9932
rev_9882,0.9518
rev_9883,0.9756
rev_9884,0.9987
rev_9885,0.9527
rev_9886,0.9992
rev_9887,0.041
rev_9888,0.6457
rev_9889,0.0447
rev_9890,0.0288
rev_9891,0.0105
rev_9892,0.0007
rev_9893,0.0008
rev_9894,0.2236
rev_9895,0.028
rev_9896,0.0283
rev_9897,0.0087
rev_9898,0.0098
rev_9899,0.0001
rev_9900,0.412
rev_9901,0.0223
rev_9902,0.0015
rev_9903,0.1719
rev_9904,0.9902
rev_9905,0.7203
rev_9906,1.0
rev_9907,0.9753
rev_9908,0.9816
rev_9909,0.9778
rev_9910,0.9863
rev_9911,0.9998
rev_9912,0.9977
rev_9913,0.9801
rev_9914,0.9993
rev_9915,0.9934
rev_9916,0.8716
rev_9917,0.9778
rev_9918,0.9436
rev_9919,0.9496
rev_9920,0.8652
rev_9921,0.0917
rev_9922,0.4539
rev_9923,0.0108
rev_9924,0.0179
rev_9925,0.0046
rev_9926,0.0297
rev_9927,0.1384
rev_9928,0.0798
rev_9929,0.1865
rev_9930,0.1088
rev_9931,0.001
rev_9932,0.0533
rev_9933,0.0021
rev_9934,0.3103
rev_9935,0.0165
rev_9936,0.0078
rev_9937,0.0048
rev_9938,0.9688
rev_9939,0.9705
rev_9940,0.9701
rev_9941,0.9996
rev_9942,0.9983
rev_9943,0.9486
rev_9944,0.3836
rev_9945,0.9699
rev_9946,0.9939
rev_9947,0.9977
rev_9948,0.9981
rev_9949,0.9965
rev_9950,0.9962
rev_9951,0.9368
rev_9952,0.9963
rev_9953,0.9927
rev_9954,0.9999
rev_9955,0.1192
rev_9956,0.0008
rev_9957,0.2452
rev_9958,0.0491
rev_9959,0.003
rev_9960,0.0005
rev_9961,0.0123
rev_9962,0.0205
rev_9963,0.1122
rev_9964,0.5944
rev_9965,0.0412
rev_9966,0.0036
rev_9967,0.2397
rev_9968,0.0696
rev_9969,0.0032
rev_9970,0.3473
rev_9971,0.486
rev_9972,0.9677
rev_9973,0.564
rev_9974,0.9938
rev_9975,1.0
rev_9976,0.999
rev_9977,0.988
rev_9978,0.9527
rev_9979,0.9077
rev_9980,0.9995
rev_9981,0.9985
rev_9982,0.9989
rev_9983,0.8223
rev_9984,0.812
rev_9985,0.9898
rev_9986,0.9212
rev_9987,0.035
rev_9988,0.0157
rev_9989,0.0077
rev_9990,0.0037
rev_9991,0.0558
rev_9992,0.2301
rev_9993,0.4237
rev_9994,0.2368
rev_9995,0.0048
rev_9996,0.0136
rev_9997,0.4262
rev_9998,0.0056
rev_9999,0.057
rev_10000,0.0983
rev_10001,0.2679
rev_10002,0.9986
rev_10003,0.9905
rev_10004,0.9613
rev_10005,0.9997
rev_10006,0.9659
rev_10007,0.9999
rev_10008,0.9982
rev_10009,0.9845
rev_10010,0.9774
rev_10011,0.9997
rev_10012,0.7697
rev_10013,0.9833
rev_10014,1.0
rev_10015,0.9688
rev_10016,1.0
rev_10017,0.0575
rev_10018,0.0016
rev_10019,0.0138
rev_10020,0.0117
rev_10021,0.0108
rev_10022,0.0839
rev_10023,0.0101
rev_10024,0.1697
rev_10025,0.0042
rev_10026,0.0013
rev_10027,0.0394
rev_10028,0.0017
rev_10029,0.0393
rev_10030,0.0888
rev_10031,0.049
rev_10032,0.9861
rev_10033,0.9623
rev_10034,1.0
rev_10035,0.9994
rev_10036,0.9528
rev_10037,0.9956
rev_10038,0.892
rev_10039,0.8509
rev_10040,0.9993
rev_10041,0.9966
rev_10042,0.9984
rev_10043,0.9995
rev_10044,0.9613
rev_10045,0.9761
rev_10046,0.8907
rev_10047,0.2318
rev_10048,0.0027
rev_10049,0.0047
rev_10050,0.5556
rev_10051,0.0507
rev_10052,0.0257
rev_10053,0.0481
rev_10054,0.0022
rev_10055,0.0085
rev_10056,0.0162
rev_10057,0.0047
rev_10058,0.0267
rev_10059,0.018
rev_10060,0.0056
rev_10061,0.0016
rev_10062,0.9946
rev_10063,0.9974
rev_10064,1.0
rev_10065,0.0776
rev_10066,0.8918
rev_10067,0.9924
rev_10068,0.9006
rev_10069,0.6258
rev_10070,0.5882
rev_10071,0.9672
rev_10072,0.9781
rev_10073,0.7388
rev_10074,0.6791
rev_10075,0.9998
rev_10076,0.9951
rev_10077,0.0092
rev_10078,0.1491
rev_10079,0.2135
rev_10080,0.0403
rev_10081,0.4223
rev_10082,0.0012
rev_10083,0.0138
rev_10084,0.0185
rev_10085,0.0019
rev_10086,0.0336
rev_10087,0.1127
rev_10088,0.0505
rev_10089,0.0003
rev_10090,0.0107
rev_10091,0.0
rev_10092,0.9981
rev_10093,0.9684
rev_10094,0.9882
rev_10095,0.9655
rev_10096,0.9998
rev_10097,0.9195
rev_10098,0.9752
rev_10099,0.9997
rev_10100,0.7774
rev_10101,0.9998
rev_10102,0.9729
rev_10103,0.997
rev_10104,0.9991
rev_10105,0.9998
rev_10106,0.1026
rev_10107,0.0048
rev_10108,0.2485
rev_10109,0.0924
rev_10110,0.1149
rev_10111,0.479
rev_10112,0.394
rev_10113,0.009
rev_10114,0.0044
rev_10115,0.0128
rev_10116,0.0077
rev_10117,0.1676
rev_10118,0.0019
rev_10119,0.0361
rev_10120,0.9981
rev_10121,0.7258
rev_10122,0.9997
rev_10123,0.9616
rev_10124,0.9999
rev_10125,0.9998
rev_10126,0.9942
rev_10127,0.9919
rev_10128,0.936
rev_10129,0.9794
rev_10130,0.9965
rev_10131,0.9783
rev_10132,0.9999
rev_10133,0.9862
rev_10134,0.1069
rev_10135,0.0039
rev_10136,0.046
rev_10137,0.0093
rev_10138,0.0573
rev_10139,0.0082
rev_10140,0.8747
rev_10141,0.0111
rev_10142,0.1618
rev_10143,0.0003
rev_10144,0.0253
rev_10145,0.0035
rev_10146,0.207
rev_10147,0.0662
rev_10148,0.936
rev_10149,0.8146
rev_10150,0.9992
rev_10151,0.9886
rev_10152,0.9675
rev_10153,0.9985
rev_10154,0.9996
rev_10155,0.9997
rev_10156,0.9988
rev_10157,0.9967
rev_10158,0.7755
rev_10159,0.9996
rev_10160,0.9999
rev_10161,0.9998
rev_10162,0.1975
rev_10163,0.7332
rev_10164,0.0026
rev_10165,0.0014
rev_10166,0.0129
rev_10167,0.0004
rev_10168,0.0003
rev_10169,0.1498
rev_10170,0.0212
rev_10171,0.002
rev_10172,0.3512
rev_10173,0.0364
rev_10174,0.0004
rev_10175,0.0036
rev_10176,0.9998
rev_10177,0.9991
rev_10178,0.9926
rev_10179,0.9918
rev_10180,0.9991
rev_10181,0.9891
rev_10182,0.4875
rev_10183,0.988
rev_10184,0.987
rev_10185,0.9993
rev_10186,0.9717
rev_10187,0.9985
rev_10188,0.9992
rev_10189,0.0132
rev_10190,0.0638
rev_10191,0.0091
rev_10192,0.0273
rev_10193,0.0058
rev_10194,0.04
rev_10195,0.1006
rev_10196,0.0432
rev_10197,0.2002
rev_10198,0.0044
rev_10199,0.0038
rev_10200,0.0196
rev_10201,0.0796
rev_10202,0.9927
rev_10203,0.9996
rev_10204,0.9935
rev_10205,0.9999
rev_10206,0.8009
rev_10207,0.9539
rev_10208,0.9998
rev_10209,0.9367
rev_10210,0.9989
rev_10211,0.8669
rev_10212,0.8631
rev_10213,0.9893
rev_10214,0.9579
rev_10215,0.0037
rev_10216,0.0498
rev_10217,0.0332
rev_10218,0.1021
rev_10219,0.0094
rev_10220,0.0901
rev_10221,0.04
rev_10222,0.0803
rev_10223,0.3316
rev_10224,0.0006
rev_10225,0.0068
rev_10226,0.0438
rev_10227,0.0112
rev_10228,0.9919
rev_10229,0.9939
rev_10230,0.998
rev_10231,0.9658
rev_10232,0.9705
rev_10233,0.9142
rev_10234,0.9996
rev_10235,0.9998
rev_10236,0.9922
rev_10237,0.8565
rev_10238,0.9424
rev_10239,0.9771
rev_10240,0.4232
rev_10241,0.0121
rev_10242,0.0796
rev_10243,0.0758
rev_10244,0.0005
rev_10245,0.0036
rev_10246,0.0007
rev_10247,0.0128
rev_10248,0.0163
rev_10249,0.0012
rev_10250,0.0131
rev_10251,0.0964
rev_10252,0.9924
rev_10253,0.9947
rev_10254,0.6877
rev_10255,0.9927
rev_10256,0.9931
rev_10257,0.9828
rev_10258,0.9997
rev_10259,0.9987
rev_10260,0.9791
rev_10261,0.987
rev_10262,0.9999
rev_10263,1.0
rev_10264,0.022
rev_10265,0.0528
rev_10266,0.0119
rev_10267,0.0011
rev_10268,0.0012
rev_10269,0.0504
rev_10270,0.1879
rev_10271,0.0018
rev_10272,0.0016
rev_10273,0.001
rev_10274,0.2159
rev_10275,0.0419
rev_10276,0.9634
rev_10277,0.9989
rev_10278,0.9702
rev_10279,0.9218
rev_10280,0.9996
rev_10281,0.9884
rev_10282,0.9981
rev_10283,0.9878
rev_10284,0.9684
rev_10285,0.9973
rev_10286,0.9994
rev_10287,0.9423
rev_10288,0.0748
rev_10289,0.0832
rev_10290,0.0236
rev_10291,0.0035
rev_10292,0.1037
rev_10293,0.0028
rev_10294,0.0026
rev_10295,0.0156
rev_10296,0.0521
rev_10297,0.0235
rev_10298,0.0002
rev_10299,0.122
rev_10300,0.9861
rev_10301,0.946
rev_10302,0.9681
rev_10303,0.9958
rev_10304,0.9517
rev_10305,0.9997
rev_10306,0.9993
rev_10307,0.9989
rev_10308,0.9925
rev_10309,0.9809
rev_10310,0.8795
rev_10311,0.986
rev_10312,0.0043
rev_10313,0.2952
rev_10314,0.003
rev_10315,0.0008
rev_10316,0.0104
rev_10317,0.0001
rev_10318,0.007
rev_10319,0.005
rev_10320,0.013
rev_10321,0.0001
rev_10322,0.0269
rev_10323,0.0027
rev_10324,0.9976
rev_10325,0.9834
rev_10326,0.9995
rev_10327,0.9974
rev_10328,0.9997
rev_10329,0.9985
rev_10330,0.9869
rev_10331,0.9999
rev_10332,0.9999
rev_10333,0.9992
rev_10334,0.9958
rev_10335,0.9932
rev_10336,0.0047
rev_10337,0.0035
rev_10338,0.0018
rev_10339,0.0093
rev_10340,0.0055
rev_10341,0.0088
rev_10342,0.0003
rev_10343,0.0621
rev_10344,0.0032
rev_10345,0.081
rev_10346,0.0298
rev_10347,0.0092
rev_10348,0.0796
rev_10349,0.6129
rev_10350,0.9995
rev_10351,0.9977
rev_10352,0.9987
rev_10353,0.992
rev_10354,0.5819
rev_10355,0.9952
rev_10356,0.9803
rev_10357,0.9983
rev_10358,0.9812
rev_10359,0.0092
rev_10360,0.3407
rev_10361,0.2345
rev_10362,0.145
rev_10363,0.136
rev_10364,0.0693
rev_10365,0.2553
rev_10366,0.0755
rev_10367,0.0085
rev_10368,0.0058
rev_10369,0.0016
rev_10370,0.9961
rev_10371,0.9868
rev_10372,0.9993
rev_10373,0.9753
rev_10374,0.6508
rev_10375,0.4838
rev_10376,0.9999
rev_10377,0.9995
rev_10378,0.9983
rev_10379,0.9916
rev_10380,0.953
rev_10381,0.0069
rev_10382,0.0013
rev_10383,0.009
rev_10384,0.0093
rev_10385,0.0019
rev_10386,0.0302
rev_10387,0.011
rev_10388,0.0027
rev_10389,0.0001
rev_10390,0.0886
rev_10391,0.1597
rev_10392,0.9507
rev_10393,0.8904
rev_10394,0.9968
rev_10395,0.9993
rev_10396,0.9981
rev_10397,0.997
rev_10398,0.9995
rev_10399,0.9059
rev_10400,0.998
rev_10401,0.9655
rev_10402,0.9996
rev_10403,0.0064
rev_10404,0.0359
rev_10405,0.0067
rev_10406,0.2203
rev_10407,0.0016
rev_10408,0.1795
rev_10409,0.0014
rev_10410,0.0336
rev_10411,0.0477
rev_10412,0.047
rev_10413,0.0454
rev_10414,0.6888
rev_10415,0.9999
rev_10416,0.9964
rev_10417,0.9971
rev_10418,0.9954
rev_10419,0.6229
rev_10420,0.9879
rev_10421,0.9986
rev_10422,0.9994
rev_10423,1.0
rev_10424,0.044
rev_10425,0.0781
rev_10426,0.0072
rev_10427,0.1745
rev_10428,0.0005
rev_10429,0.0517
rev_10430,0.0043
rev_10431,0.0006
rev_10432,0.0004
rev_10433,0.0308
rev_10434,0.1176
rev_10435,0.996
rev_10436,1.0
rev_10437,0.9962
rev_10438,0.9742
rev_10439,0.9689
rev_10440,0.787
rev_10441,0.8494
rev_10442,0.9744
rev_10443,0.9993
rev_10444,0.3735
rev_10445,0.0066
rev_10446,0.1054
rev_10447,0.0076
rev_10448,0.0023
rev_10449,0.0278
rev_10450,0.0807
rev_10451,0.0416
rev_10452,0.0906
rev_10453,0.0027
rev_10454,0.9731
rev_10455,0.9925
rev_10456,0.8238
rev_10457,0.9908
rev_10458,0.9466
rev_10459,0.9876
rev_10460,0.9944
rev_10461,0.7137
rev_10462,0.9956
rev_10463,0.9975
rev_10464,0.1367
rev_10465,0.2552
rev_10466,0.0367
rev_10467,0.0002
rev_10468,0.0407
rev_10469,0.0179
rev_10470,0.0777
rev_10471,0.0063
rev_10472,0.0866
rev_10473,0.0432
rev_10474,0.9432
rev_10475,0.9993
rev_10476,0.9998
rev_10477,0.9793
rev_10478,0.9991
rev_10479,0.9964
rev_10480,0.9998
rev_10481,0.5702
rev_10482,0.9833
rev_10483,0.7771
rev_10484,0.0003
rev_10485,0.0941
rev_10486,0.0
rev_10487,0.0527
rev_10488,0.4541
rev_10489,0.0002
rev_10490,0.0044
rev_10491,0.0035
rev_10492,0.0037
rev_10493,0.3924
rev_10494,0.9978
rev_10495,0.9986
rev_10496,0.9267
rev_10497,0.9998
rev_10498,0.9879
rev_10499,0.9983
rev_10500,0.984
rev_10501,0.4999
rev_10502,0.9943
rev_10503,0.9982
rev_10504,0.0358
rev_10505,0.0021
rev_10506,0.0412
rev_10507,0.0242
rev_10508,0.0008
rev_10509,0.0035
rev_10510,0.0008
rev_10511,0.2344
rev_10512,0.0048
rev_10513,0.0072
rev_10514,0.9736
rev_10515,0.9912
rev_10516,0.7517
rev_10517,0.8278
rev_10518,0.9881
rev_10519,0.9962
rev_10520,0.9986
rev_10521,0.9878
rev_10522,0.9717
rev_10523,0.9946
rev_10524,0.089
rev_10525,0.5248
rev_10526,0.0026
rev_10527,0.0001
rev_10528,0.0013
rev_10529,0.3502
rev_10530,0.0013
rev_10531,0.1912
rev_10532,0.0166
rev_10533,0.0131
rev_10534,0.9993
rev_10535,0.9993
rev_10536,0.9802
rev_10537,0.9844
rev_10538,0.9766
rev_10539,0.9978
rev_10540,0.9636
rev_10541,0.9997
rev_10542,0.9223
rev_10543,0.0097
rev_10544,0.0911
rev_10545,0.0215
rev_10546,0.0467
rev_10547,0.036
rev_10548,0.005
rev_10549,0.0216
rev_10550,0.0176
rev_10551,0.001
rev_10552,0.8908
rev_10553,0.9998
rev_10554,0.9951
rev_10555,0.9975
rev_10556,0.9645
rev_10557,0.8885
rev_10558,0.9926
rev_10559,0.8548
rev_10560,0.8452
rev_10561,0.0034
rev_10562,0.0092
rev_10563,0.0845
rev_10564,0.0433
rev_10565,0.0438
rev_10566,0.0002
rev_10567,0.0362
rev_10568,0.0278
rev_10569,0.0055
rev_10570,0.963
rev_10571,0.9908
rev_10572,0.5519
rev_10573,0.6828
rev_10574,0.9964
rev_10575,0.9988
rev_10576,0.9685
rev_10577,0.8254
rev_10578,0.8801
rev_10579,0.0033
rev_10580,0.0107
rev_10581,0.0599
rev_10582,0.0063
rev_10583,0.0102
rev_10584,0.0117
rev_10585,0.03
rev_10586,0.0003
rev_10587,0.0031
rev_10588,0.9948
rev_10589,0.6003
rev_10590,0.9999
rev_10591,0.9987
rev_10592,0.9983
rev_10593,0.9917
rev_10594,0.9852
rev_10595,0.8998
rev_10596,0.9997
rev_10597,0.0117
rev_10598,0.007
rev_10599,0.0153
rev_10600,0.0017
rev_10601,0.0023
rev_10602,0.0495
rev_10603,0.0627
rev_10604,0.1368
rev_10605,0.0082
rev_10606,0.9997
rev_10607,0.9986
rev_10608,0.9656
rev_10609,0.9927
rev_10610,0.9996
rev_10611,0.9999
rev_10612,0.9559
rev_10613,0.9948
rev_10614,0.6703
rev_10615,0.0058
rev_10616,0.0126
rev_10617,0.0346
rev_10618,0.0293
rev_10619,0.0035
rev_10620,0.8301
rev_10621,0.006
rev_10622,0.0144
rev_10623,0.0992
rev_10624,0.9977
rev_10625,0.9973
rev_10626,0.9906
rev_10627,1.0
rev_10628,0.9486
rev_10629,0.9844
rev_10630,0.9108
rev_10631,0.625
rev_10632,0.9966
rev_10633,0.0085
rev_10634,0.0164
rev_10635,0.2079
rev_10636,0.0017
rev_10637,0.0325
rev_10638,0.0014
rev_10639,0.021
rev_10640,0.1021
rev_10641,0.0464
rev_10642,0.9696
rev_10643,0.9202
rev_10644,0.3582
rev_10645,0.8451
rev_10646,0.9979
rev_10647,0.9866
rev_10648,0.9715
rev_10649,0.9965
rev_10650,1.0
rev_10651,0.0019
rev_10652,0.0384
rev_10653,0.0015
rev_10654,0.1686
rev_10655,0.0099
rev_10656,0.0266
rev_10657,0.016
rev_10658,0.0003
rev_10659,0.0205
rev_10660,0.9976
rev_10661,0.9858
rev_10662,0.6755
rev_10663,0.9995
rev_10664,0.9988
rev_10665,0.9866
rev_10666,0.9776
rev_10667,0.9902
rev_10668,0.0022
rev_10669,0.0158
rev_10670,0.0501
rev_10671,0.002
rev_10672,0.0298
rev_10673,0.0109
rev_10674,0.0142
rev_10675,0.002
rev_10676,0.9988
rev_10677,0.9809
rev_10678,0.6374
rev_10679,0.9462
rev_10680,0.9995
rev_10681,0.9677
rev_10682,0.7409
rev_10683,0.893
rev_10684,0.0084
rev_10685,0.2766
rev_10686,0.0023
rev_10687,0.0007
rev_10688,0.0101
rev_10689,0.0005
rev_10690,0.0111
rev_10691,0.0002
rev_10692,0.9972
rev_10693,0.6375
rev_10694,0.9994
rev_10695,0.9987
rev_10696,0.9759
rev_10697,0.7284
rev_10698,0.9955
rev_10699,0.9974
rev_10700,0.0252
rev_10701,0.044
rev_10702,0.0009
rev_10703,0.0166
rev_10704,0.0011
rev_10705,0.0396
rev_10706,0.1431
rev_10707,0.1096
rev_10708,0.1039
rev_10709,0.9845
rev_10710,0.9849
rev_10711,0.9845
rev_10712,0.4639
rev_10713,0.9998
rev_10714,0.9888
rev_10715,0.9611
rev_10716,0.0082
rev_10717,0.003
rev_10718,0.5197
rev_10719,0.0007
rev_10720,0.0027
rev_10721,0.0002
rev_10722,0.1115
rev_10723,0.0156
rev_10724,0.9999
rev_10725,0.8666
rev_10726,0.9665
rev_10727,0.9948
rev_10728,0.997
rev_10729,0.9916
rev_10730,0.8911
rev_10731,0.0099
rev_10732,0.4768
rev_10733,0.0316
rev_10734,0.0007
rev_10735,0.0013
rev_10736,0.1398
rev_10737,0.1887
rev_10738,0.8757
rev_10739,0.5252
rev_10740,0.9828
rev_10741,0.3238
rev_10742,0.9794
rev_10743,0.9975
rev_10744,0.9913
rev_10745,0.0083
rev_10746,0.0008
rev_10747,0.0171
rev_10748,0.0018
rev_10749,0.0023
rev_10750,0.0263
rev_10751,0.0009
rev_10752,0.9925
rev_10753,0.7931
rev_10754,0.9994
rev_10755,0.8506
rev_10756,0.9941
rev_10757,0.9138
rev_10758,0.9997
rev_10759,0.0039
rev_10760,0.0
rev_10761,0.0109
rev_10762,0.0229
rev_10763,0.0013
rev_10764,0.2145
rev_10765,0.1435
rev_10766,0.9495
rev_10767,0.9974
rev_10768,0.9485
rev_10769,0.9889
rev_10770,0.999
rev_10771,0.9915
rev_10772,0.995
rev_10773,0.0051
rev_10774,0.0025
rev_10775,0.0005
rev_10776,0.0163
rev_10777,0.0568
rev_10778,0.3164
rev_10779,0.0015
rev_10780,0.9998
rev_10781,0.8137
rev_10782,0.8279
rev_10783,0.7217
rev_10784,0.9931
rev_10785,0.9971
rev_10786,0.8694
rev_10787,0.091
rev_10788,0.0114
rev_10789,0.0127
rev_10790,0.0201
rev_10791,0.0199
rev_10792,0.0016
rev_10793,0.278
rev_10794,0.9988
rev_10795,0.8948
rev_10796,0.794
rev_10797,0.9874
rev_10798,0.9585
rev_10799,0.8178
rev_10800,0.9933
rev_10801,0.0011
rev_10802,0.0006
rev_10803,0.0084
rev_10804,0.0321
rev_10805,0.0413
rev_10806,0.0007
rev_10807,0.0032
rev_10808,0.7986
rev_10809,0.7597
rev_10810,0.8269
rev_10811,0.9999
rev_10812,0.9996
rev_10813,0.9823
rev_10814,0.7693
rev_10815,0.011
rev_10816,0.0963
rev_10817,0.0391
rev_10818,0.2376
rev_10819,0.0042
rev_10820,0.0027
rev_10821,0.1611
rev_10822,0.956
rev_10823,0.9857
rev_10824,0.8851
rev_10825,0.7557
rev_10826,0.9891
rev_10827,0.4353
rev_10828,0.9936
rev_10829,0.0649
rev_10830,0.1546
rev_10831,0.0115
rev_10832,0.0215
rev_10833,0.0009
rev_10834,0.0005
rev_10835,0.0969
rev_10836,0.9768
rev_10837,0.8852
rev_10838,0.9889
rev_10839,0.859
rev_10840,0.9673
rev_10841,0.9994
rev_10842,0.9589
rev_10843,0.9075
rev_10844,0.0108
rev_10845,0.0465
rev_10846,0.0048
rev_10847,0.0305
rev_10848,0.374
rev_10849,0.4712
rev_10850,0.991
rev_10851,0.8794
rev_10852,0.9588
rev_10853,0.9543
rev_10854,0.8646
rev_10855,0.8275
rev_10856,0.8776
rev_10857,0.0284
rev_10858,0.0827
rev_10859,0.0063
rev_10860,0.0049
rev_10861,0.0158
rev_10862,0.0004
rev_10863,0.0006
rev_10864,0.8733
rev_10865,0.9683
rev_10866,0.9997
rev_10867,0.8516
rev_10868,0.9997
rev_10869,0.9998
rev_10870,0.1809
rev_10871,0.0207
rev_10872,0.0018
rev_10873,0.0005
rev_10874,0.0201
rev_10875,0.0023
rev_10876,0.9998
rev_10877,0.8469
rev_10878,0.978
rev_10879,0.9997
rev_10880,0.9944
rev_10881,0.98
rev_10882,0.9965
rev_10883,0.1558
rev_10884,0.0708
rev_10885,0.3026
rev_10886,0.0003
rev_10887,0.0027
rev_10888,0.0052
rev_10889,0.0111
rev_10890,0.8057
rev_10891,0.9706
rev_10892,0.9996
rev_10893,0.9976
rev_10894,0.9871
rev_10895,0.7984
rev_10896,0.0895
rev_10897,0.0002
rev_10898,0.0018
rev_10899,0.0117
rev_10900,0.0074
rev_10901,0.0213
rev_10902,0.9998
rev_10903,0.9708
rev_10904,0.9995
rev_10905,0.9487
rev_10906,0.9913
rev_10907,0.9854
rev_10908,0.0013
rev_10909,0.0024
rev_10910,0.0789
rev_10911,0.0019
rev_10912,0.0066
rev_10913,0.0037
rev_10914,0.9828
rev_10915,0.9901
rev_10916,0.9623
rev_10917,0.9988
rev_10918,0.9432
rev_10919,0.9996
rev_10920,0.0003
rev_10921,0.0032
rev_10922,0.1847
rev_10923,0.0006
rev_10924,0.0003
rev_10925,0.6737
rev_10926,0.7762
rev_10927,0.9201
rev_10928,0.9964
rev_10929,0.9418
rev_10930,0.9997
rev_10931,0.7357
rev_10932,0.0413
rev_10933,0.0779
rev_10934,0.0047
rev_10935,0.0185
rev_10936,0.0009
rev_10937,0.0002
rev_10938,0.3331
rev_10939,0.9941
rev_10940,0.9157
rev_10941,0.9276
rev_10942,0.8758
rev_10943,0.962
rev_10944,0.0036
rev_10945,0.0078
rev_10946,0.004
rev_10947,0.0082
rev_10948,0.0051
rev_10949,0.0302
rev_10950,0.8331
rev_10951,0.9939
rev_10952,0.9964
rev_10953,0.9968
rev_10954,0.8304
rev_10955,0.9776
rev_10956,0.0004
rev_10957,0.0029
rev_10958,0.0137
rev_10959,0.07
rev_10960,0.001
rev_10961,0.0018
rev_10962,0.9955
rev_10963,0.9729
rev_10964,0.9848
rev_10965,0.9291
rev_10966,0.9977
rev_10967,0.9928
rev_10968,0.0093
rev_10969,0.0009
rev_10970,0.0001
rev_10971,0.0537
rev_10972,0.0116
rev_10973,0.0065
rev_10974,0.6483
rev_10975,0.9138
rev_10976,0.9899
rev_10977,0.9965
rev_10978,0.5219
rev_10979,0.9982
rev_10980,0.0927
rev_10981,0.0038
rev_10982,0.0037
rev_10983,0.0007
rev_10984,0.0324
rev_10985,0.0237
rev_10986,0.9688
rev_10987,0.9944
rev_10988,0.9926
rev_10989,0.9953
rev_10990,0.9404
rev_10991,0.0008
rev_10992,0.0743
rev_10993,0.0004
rev_10994,0.0164
rev_10995,0.0017
rev_10996,0.0095
rev_10997,0.0239
rev_10998,1.0
rev_10999,0.9993
rev_11000,0.6667
rev_11001,0.9998
rev_11002,0.82
rev_11003,0.9246
rev_11004,0.0078
rev_11005,0.0086
rev_11006,0.1237
rev_11007,0.0002
rev_11008,0.0007
rev_11009,0.0362
rev_11010,0.9831
rev_11011,0.9736
rev_11012,0.9926
rev_11013,0.7326
rev_11014,0.9797
rev_11015,0.021
rev_11016,0.1392
rev_11017,0.0165
rev_11018,0.3074
rev_11019,0.0023
rev_11020,0.9918
rev_11021,0.9068
rev_11022,0.9965
rev_11023,0.9309
rev_11024,0.8962
rev_11025,0.022
rev_11026,0.0161
rev_11027,0.008
rev_11028,0.0005
rev_11029,0.0019
rev_11030,0.9178
rev_11031,0.992
rev_11032,0.9999
rev_11033,0.9207
rev_11034,0.9998
rev_11035,0.8334
rev_11036,0.0042
rev_11037,0.0047
rev_11038,0.0403
rev_11039,0.015
rev_11040,0.9937
rev_11041,0.9914
rev_11042,0.9966
rev_11043,0.8961
rev_11044,0.9185
rev_11045,0.3045
rev_11046,0.0051
rev_11047,0.0007
rev_11048,0.0173
rev_11049,0.0036
rev_11050,0.9919
rev_11051,0.978
rev_11052,0.854
rev_11053,0.9667
rev_11054,0.9505
rev_11055,0.0829
rev_11056,0.0019
rev_11057,0.0014
rev_11058,0.0018
rev_11059,0.0051
rev_11060,0.3958
rev_11061,0.9999
rev_11062,0.9971
rev_11063,0.9978
rev_11064,0.9855
rev_11065,0.0048
rev_11066,0.0007
rev_11067,0.3499
rev_11068,0.0578
rev_11069,0.0503
rev_11070,0.9396
rev_11071,0.9915
rev_11072,0.9949
rev_11073,0.9566
rev_11074,0.9695
rev_11075,0.0029
rev_11076,0.0156
rev_11077,0.061
rev_11078,0.0268
rev_11079,0.0138
rev_11080,0.7773
rev_11081,0.9693
rev_11082,0.9997
rev_11083,0.9748
rev_11084,0.7514
rev_11085,0.0063
rev_11086,0.0018
rev_11087,0.0047
rev_11088,0.0048
rev_11089,0.0034
rev_11090,0.9975
rev_11091,0.9922
rev_11092,0.9988
rev_11093,0.8525
rev_11094,0.5034
rev_11095,0.0015
rev_11096,0.0226
rev_11097,0.0029
rev_11098,0.0241
rev_11099,0.0506
rev_11100,0.8516
rev_11101,0.9808
rev_11102,0.9957
rev_11103,0.9277
rev_11104,0.7635
rev_11105,0.0895
rev_11106,0.007
rev_11107,0.0009
rev_11108,0.0041
rev_11109,0.0089
rev_11110,0.9981
rev_11111,0.9691
rev_11112,0.9996
rev_11113,0.9874
rev_11114,0.9979
rev_11115,0.3142
rev_11116,0.0015
rev_11117,0.0006
rev_11118,0.0039
rev_11119,0.0
rev_11120,1.0
rev_11121,0.61
rev_11122,0.9608
rev_11123,0.9514
rev_11124,0.9923
rev_11125,0.023
rev_11126,0.0015
rev_11127,0.0002
rev_11128,0.001
rev_11129,0.1011
rev_11130,0.9148
rev_11131,0.8538
rev_11132,0.9655
rev_11133,0.9918
rev_11134,0.034
rev_11135,0.0031
rev_11136,0.0027
rev_11137,0.0067
rev_11138,0.7536
rev_11139,0.9993
rev_11140,0.864
rev_11141,0.9883
rev_11142,0.0
rev_11143,0.0106
rev_11144,0.0026
rev_11145,0.0071
rev_11146,0.8958
rev_11147,0.7311
rev_11148,0.997
rev_11149,0.9292
rev_11150,0.0012
rev_11151,0.0
rev_11152,0.0001
rev_11153,0.0
rev_11154,0.7579
rev_11155,0.9893
rev_11156,0.9857
rev_11157,0.9928
rev_11158,0.8989
rev_11159,0.1397
rev_11160,0.0143
rev_11161,0.301
rev_11162,0.0428
rev_11163,0.0067
rev_11164,0.9997
rev_11165,0.9988
rev_11166,0.9965
rev_11167,0.9791
rev_11168,0.0001
rev_11169,0.0004
rev_11170,0.0182
rev_11171,0.0007
rev_11172,0.9934
rev_11173,0.9821
rev_11174,0.8418
rev_11175,0.98
rev_11176,0.006
rev_11177,0.0024
rev_11178,0.0394
rev_11179,0.0027
rev_11180,0.9992
rev_11181,0.9991
rev_11182,0.9473
rev_11183,0.9999
rev_11184,0.0135
rev_11185,0.0001
rev_11186,0.0004
rev_11187,0.0047
rev_11188,0.9311
rev_11189,0.9993
rev_11190,1.0
rev_11191,0.9882
rev_11192,0.9999
rev_11193,0.0013
rev_11194,0.0035
rev_11195,0.0333
rev_11196,0.0035
rev_11197,0.0003
rev_11198,0.9834
rev_11199,0.9893
rev_11200,0.9996
rev_11201,0.9919
rev_11202,0.0095
rev_11203,0.0312
rev_11204,0.012
rev_11205,0.0003
rev_11206,0.9759
rev_11207,0.9983
rev_11208,0.999
rev_11209,0.9187
rev_11210,0.0002
rev_11211,0.1696
rev_11212,0.0005
rev_11213,0.0004
rev_11214,0.9752
rev_11215,0.9635
rev_11216,0.8993
rev_11217,0.9873
rev_11218,0.0039
rev_11219,0.0041
rev_11220,0.0012
rev_11221,0.0017
rev_11222,0.9888
rev_11223,0.9786
rev_11224,0.9996
rev_11225,0.9924
rev_11226,0.0001
rev_11227,0.0036
rev_11228,0.029
rev_11229,0.0015
rev_11230,1.0
rev_11231,0.9878
rev_11232,0.9999
rev_11233,0.6095
rev_11234,0.0005
rev_11235,0.0005
rev_11236,0.0434
rev_11237,0.0004
rev_11238,0.9997
rev_11239,0.948
rev_11240,0.543
rev_11241,0.9848
rev_11242,0.0009
rev_11243,0.0021
rev_11244,0.0015
rev_11245,0.0196
rev_11246,0.9996
rev_11247,0.9348
rev_11248,0.9936
rev_11249,0.9127
rev_11250,0.0085
rev_11251,0.0007
rev_11252,0.0084
rev_11253,0.0123
rev_11254,0.9913
rev_11255,0.997
rev_11256,0.6476
rev_11257,0.9866
rev_11258,0.0085
rev_11259,0.0683
rev_11260,0.0961
rev_11261,0.0001
rev_11262,0.9698
rev_11263,0.9993
rev_11264,0.9987
rev_11265,0.9295
rev_11266,0.0
rev_11267,0.0004
rev_11268,0.0053
rev_11269,0.0006
rev_11270,0.9992
rev_11271,0.9621
rev_11272,0.9827
rev_11273,0.0001
rev_11274,0.0003
rev_11275,0.0226
rev_11276,0.9917
rev_11277,0.975
rev_11278,0.9948
rev_11279,0.999
rev_11280,0.0009
rev_11281,0.0035
rev_11282,0.0015
rev_11283,0.0047
rev_11284,0.9985
rev_11285,0.999
rev_11286,0.9265
rev_11287,0.9658
rev_11288,0.0356
rev_11289,0.0772
rev_11290,0.0158
rev_11291,0.0134
rev_11292,0.9906
rev_11293,0.9015
rev_11294,0.9936
rev_11295,0.9843
rev_11296,0.004
rev_11297,0.0023
rev_11298,0.0009
rev_11299,0.0075
rev_11300,0.8428
rev_11301,0.992
rev_11302,0.8656
rev_11303,0.7789
rev_11304,0.0097
rev_11305,0.0334
rev_11306,0.0
rev_11307,0.0066
rev_11308,0.9568
rev_11309,0.9968
rev_11310,0.9069
rev_11311,0.978
rev_11312,0.0018
rev_11313,0.002
rev_11314,0.0009
rev_11315,0.0016
rev_11316,0.9996
rev_11317,0.9039
rev_11318,0.9893
rev_11319,0.0017
rev_11320,0.0047
rev_11321,0.0019
rev_11322,0.9876
rev_11323,0.999
rev_11324,0.9614
rev_11325,0.0014
rev_11326,0.0
rev_11327,0.0538
rev_11328,0.9998
rev_11329,0.9643
rev_11330,0.9998
rev_11331,0.0003
rev_11332,0.0504
rev_11333,0.0098
rev_11334,0.9935
rev_11335,0.9996
rev_11336,0.9958
rev_11337,0.0052
rev_11338,0.0005
rev_11339,0.0003
rev_11340,0.9974
rev_11341,0.9696
rev_11342,0.9636
rev_11343,0.0006
rev_11344,0.0002
rev_11345,0.0016
rev_11346,0.9871
rev_11347,0.9993
rev_11348,0.9915
rev_11349,0.0045
rev_11350,0.0073
rev_11351,0.0193
rev_11352,0.6105
rev_11353,0.9796
rev_11354,0.9567
rev_11355,0.0465
rev_11356,0.0078
rev_11357,0.0429
rev_11358,0.9992
rev_11359,0.9843
rev_11360,0.983
rev_11361,0.0271
rev_11362,0.0359
rev_11363,0.0283
rev_11364,0.8112
rev_11365,0.9901
rev_11366,0.9971
rev_11367,0.003
rev_11368,0.0007
rev_11369,0.0027
rev_11370,0.9866
rev_11371,1.0
rev_11372,0.9987
rev_11373,0.0008
rev_11374,0.0002
rev_11375,0.0022
rev_11376,0.8622
rev_11377,0.9915
rev_11378,0.9813
rev_11379,0.0027
rev_11380,0.001
rev_11381,0.0002
rev_11382,0.9718
rev_11383,0.9616
rev_11384,0.9976
rev_11385,0.0001
rev_11386,0.0034
rev_11387,0.0005
rev_11388,0.9886
rev_11389,0.8505
rev_11390,0.9981
rev_11391,0.0039
rev_11392,0.0008
rev_11393,0.0035
rev_11394,0.9893
rev_11395,0.93
rev_11396,0.9862
rev_11397,0.1354
rev_11398,0.0406
rev_11399,0.0055
rev_11400,0.7526
rev_11401,0.9787
rev_11402,0.9441
rev_11403,0.0013
rev_11404,0.0005
rev_11405,0.0024
rev_11406,0.9995
rev_11407,0.9451
rev_11408,0.9671
rev_11409,0.0
rev_11410,0.0006
rev_11411,0.0139
rev_11412,0.9646
rev_11413,0.9114
rev_11414,0.9984
rev_11415,0.0065
rev_11416,0.0003
rev_11417,0.0064
rev_11418,0.9949
rev_11419,0.527
rev_11420,0.9952
rev_11421,0.0012
rev_11422,0.0002
rev_11423,0.0009
rev_11424,0.9994
rev_11425,0.9987
rev_11426,0.9814
rev_11427,0.0005
rev_11428,0.0002
rev_11429,0.0096
rev_11430,0.9986
rev_11431,0.8707
rev_11432,0.992
rev_11433,0.0012
rev_11434,0.0021
rev_11435,0.112
rev_11436,0.9939
rev_11437,0.9964
rev_11438,0.9999
rev_11439,0.0008
rev_11440,0.002
rev_11441,0.0018
rev_11442,0.958
rev_11443,0.9668
rev_11444,0.9853
rev_11445,0.0002
rev_11446,0.0001
rev_11447,0.0
rev_11448,0.9983
rev_11449,0.9992
rev_11450,0.3518
rev_11451,0.0015
rev_11452,0.0009
rev_11453,0.016
rev_11454,0.9778
rev_11455,0.9928
rev_11456,0.9874
rev_11457,0.0043
rev_11458,0.0003
rev_11459,0.0256
rev_11460,0.9904
rev_11461,0.9983
rev_11462,0.68
rev_11463,0.0295
rev_11464,0.1685
rev_11465,0.001
rev_11466,0.9961
rev_11467,0.9969
rev_11468,0.9352
rev_11469,0.0003
rev_11470,0.007
rev_11471,0.0069
rev_11472,0.992
rev_11473,0.9999
rev_11474,0.9987
rev_11475,0.0009
rev_11476,0.0008
rev_11477,0.0097
rev_11478,0.9607
rev_11479,0.9228
rev_11480,0.402
rev_11481,0.0
rev_11482,0.0032
rev_11483,0.0005
rev_11484,0.9958
rev_11485,0.9601
rev_11486,0.001
rev_11487,0.0013
rev_11488,0.9807
rev_11489,0.997
rev_11490,0.077
rev_11491,0.0002
rev_11492,0.9991
rev_11493,0.9998
rev_11494,0.0001
rev_11495,0.0093
rev_11496,0.9928
rev_11497,0.9999
rev_11498,0.0018
rev_11499,0.0096
rev_11500,0.9943
rev_11501,0.9967
rev_11502,0.0
rev_11503,0.001
rev_11504,0.9863
rev_11505,0.9848
rev_11506,0.9383
rev_11507,0.0007
rev_11508,0.0004
rev_11509,0.0004
rev_11510,0.9932
rev_11511,0.998
rev_11512,0.041
rev_11513,0.0041
rev_11514,0.7673
rev_11515,0.9987
rev_11516,0.0022
rev_11517,0.0001
rev_11518,0.8033
rev_11519,0.996
rev_11520,0.0006
rev_11521,0.011
rev_11522,0.7605
rev_11523,0.9764
rev_11524,0.001
rev_11525,0.0005
rev_11526,0.8507
rev_11527,0.9827
rev_11528,0.0045
rev_11529,0.0035
rev_11530,0.9999
rev_11531,0.9494
rev_11532,0.9967
rev_11533,0.0139
rev_11534,0.0029
rev_11535,0.009
rev_11536,0.9802
rev_11537,0.9949
rev_11538,0.0007
rev_11539,0.0432
rev_11540,0.9894
rev_11541,0.9817
rev_11542,0.0396
rev_11543,0.0012
rev_11544,0.9278
rev_11545,0.9994
rev_11546,0.002
rev_11547,0.0116
rev_11548,0.8799
rev_11549,0.9541
rev_11550,0.0065
rev_11551,0.0121
rev_11552,0.728
rev_11553,0.9997
rev_11554,0.0589
rev_11555,0.0001
rev_11556,0.9631
rev_11557,0.974
rev_11558,0.0012
rev_11559,0.0029
rev_11560,0.9309
rev_11561,0.9821
rev_11562,0.0007
rev_11563,0.0006
rev_11564,0.9859
rev_11565,0.9997
rev_11566,0.0008
rev_11567,0.5173
rev_11568,0.9827
rev_11569,0.9999
rev_11570,0.0004
rev_11571,0.0091
rev_11572,1.0
rev_11573,0.995
rev_11574,0.0159
rev_11575,0.0016
rev_11576,0.9395
rev_11577,0.9868
rev_11578,0.0008
rev_11579,0.0006
rev_11580,0.98
rev_11581,1.0
rev_11582,0.0355
rev_11583,0.0006
rev_11584,0.9511
rev_11585,0.814
rev_11586,0.0011
rev_11587,0.0001
rev_11588,0.999
rev_11589,0.877
rev_11590,0.0028
rev_11591,0.0004
rev_11592,0.7745
rev_11593,0.9888
rev_11594,0.0067
rev_11595,0.0001
rev_11596,0.947
rev_11597,0.9982
rev_11598,0.0192
rev_11599,0.0002
rev_11600,0.9935
rev_11601,0.9995
rev_11602,0.0001
rev_11603,0.0007
rev_11604,0.9945
rev_11605,0.4206
rev_11606,0.01
rev_11607,0.0062
rev_11608,0.9828
rev_11609,0.9772
rev_11610,0.0007
rev_11611,0.0045
rev_11612,0.9952
rev_11613,0.9988
rev_11614,0.0301
rev_11615,0.2711
rev_11616,0.0711
rev_11617,0.9823
rev_11618,0.0012
rev_11619,0.0001
rev_11620,0.7408
rev_11621,0.9941
rev_11622,0.0029
rev_11623,0.0843
rev_11624,0.9862
rev_11625,0.983
rev_11626,0.0353
rev_11627,0.0005
rev_11628,0.9993
rev_11629,0.9825
rev_11630,0.0017
rev_11631,0.0005
rev_11632,0.9927
rev_11633,0.3892
rev_11634,0.0007
rev_11635,0.0003
rev_11636,0.975
rev_11637,0.9622
rev_11638,0.0001
rev_11639,0.0007
rev_11640,0.9964
rev_11641,0.9836
rev_11642,0.0001
rev_11643,0.0008
rev_11644,0.9868
rev_11645,0.9635
rev_11646,0.0348
rev_11647,0.0003
rev_11648,0.9938
rev_11649,0.9073
rev_11650,0.0001
rev_11651,0.0001
rev_11652,0.999
rev_11653,0.9958
rev_11654,0.3382
rev_11655,0.0019
rev_11656,0.9012
rev_11657,0.9998
rev_11658,0.0002
rev_11659,0.004
rev_11660,0.9756
rev_11661,0.9975
rev_11662,0.0033
rev_11663,0.0005
rev_11664,0.7386
rev_11665,0.9726
rev_11666,0.0008
rev_11667,0.032
rev_11668,0.7622
rev_11669,0.9933
rev_11670,0.0007
rev_11671,0.0612
rev_11672,0.9707
rev_11673,0.9986
rev_11674,0.0021
rev_11675,0.0065
rev_11676,0.9999
rev_11677,0.9995
rev_11678,0.0002
rev_11679,0.0043
rev_11680,0.9951
rev_11681,0.9755
rev_11682,0.0147
rev_11683,0.0006
rev_11684,0.9822
rev_11685,0.9873
rev_11686,0.0341
rev_11687,0.001
rev_11688,0.9472
rev_11689,0.0001
rev_11690,0.9978
rev_11691,0.9406
rev_11692,0.0263
rev_11693,0.0052
rev_11694,0.8273
rev_11695,0.9963
rev_11696,0.0102
rev_11697,0.0002
rev_11698,0.9978
rev_11699,0.9993
rev_11700,0.0001
rev_11701,0.0002
rev_11702,0.9994
rev_11703,0.9998
rev_11704,0.0019
rev_11705,0.0028
rev_11706,0.9783
rev_11707,0.9799
rev_11708,0.0007
rev_11709,0.015
rev_11710,0.9908
rev_11711,0.8772
rev_11712,0.0023
rev_11713,0.0002
rev_11714,0.9933
rev_11715,0.9931
rev_11716,0.0077
rev_11717,0.0073
rev_11718,0.9245
rev_11719,0.9671
rev_11720,0.0063
rev_11721,0.0002
rev_11722,0.9975
rev_11723,0.9844
rev_11724,0.0004
rev_11725,0.0002
rev_11726,0.9948
rev_11727,0.9034
rev_11728,0.0003
rev_11729,0.0099
rev_11730,0.9739
rev_11731,0.999
rev_11732,0.0158
rev_11733,0.0015
rev_11734,0.9997
rev_11735,0.9524
rev_11736,0.0024
rev_11737,0.0094
rev_11738,0.999
rev_11739,0.0111
rev_11740,0.9826
rev_11741,0.1888
rev_11742,0.9936
rev_11743,0.0005
rev_11744,0.9904
rev_11745,0.9544
rev_11746,0.0064
rev_11747,0.0008
rev_11748,0.9999
rev_11749,0.0001
rev_11750,0.9647
rev_11751,0.9933
rev_11752,0.008
rev_11753,0.0
rev_11754,0.9954
rev_11755,0.0002
rev_11756,0.9946
rev_11757,0.1339
rev_11758,0.9984
rev_11759,0.1569
rev_11760,0.999
rev_11761,0.0178
rev_11762,0.9995
rev_11763,0.008
rev_11764,0.933
rev_11765,0.0013
rev_11766,0.9894
rev_11767,0.0117
rev_11768,0.9182
rev_11769,0.9692
rev_11770,0.0114
rev_11771,0.0001
rev_11772,0.9129
rev_11773,0.0008
rev_11774,0.9976
rev_11775,0.0001
rev_11776,0.9989
rev_11777,0.0
rev_11778,0.9979
rev_11779,0.0018
rev_11780,0.9999
rev_11781,0.0001
rev_11782,0.9957
rev_11783,0.0013
rev_11784,0.9987
rev_11785,0.0
rev_11786,0.9665
rev_11787,0.0012
rev_11788,0.8431
rev_11789,0.0002
rev_11790,0.9916
rev_11791,0.0001
rev_11792,0.9968
rev_11793,0.0007
rev_11794,0.9948
rev_11795,0.0001
rev_11796,0.9924
rev_11797,0.0011
rev_11798,0.9954
rev_11799,0.0035
rev_11800,0.9933
rev_11801,0.0002
rev_11802,0.997
rev_11803,0.003
rev_11804,0.9812
rev_11805,0.0035
rev_11806,0.9577
rev_11807,0.0003
rev_11808,0.9965
rev_11809,0.0041
rev_11810,0.9987
rev_11811,0.0042
rev_11812,0.9987
rev_11813,0.0002
rev_11814,0.999
rev_11815,0.0033
rev_11816,0.9982
rev_11817,0.0024
rev_11818,0.9997
rev_11819,0.0
rev_11820,0.9968
rev_11821,0.0018
rev_11822,0.9999
rev_11823,0.0068
rev_11824,0.9474
rev_11825,0.0003
rev_11826,0.9999
rev_11827,0.0057
rev_11828,0.998
rev_11829,0.0055
rev_11830,0.9916
rev_11831,0.0215
rev_11832,0.8354
rev_11833,0.0035
rev_11834,0.6649
rev_11835,0.0001
rev_11836,0.9987
rev_11837,0.0001
rev_11838,0.994
rev_11839,0.0007
rev_11840,0.995
rev_11841,0.0006
rev_11842,0.9931
rev_11843,0.0
rev_11844,0.9925
rev_11845,0.0008
rev_11846,0.6656
rev_11847,0.0
rev_11848,0.9998
rev_11849,0.0012
rev_11850,0.9938
rev_11851,0.0069
rev_11852,0.9978
rev_11853,0.0001
rev_11854,0.9971
rev_11855,0.0312
rev_11856,0.9994
rev_11857,0.0009
rev_11858,1.0
rev_11859,0.0061
rev_11860,0.9957
rev_11861,0.0001
rev_11862,0.9923
rev_11863,0.0001
rev_11864,0.9923
rev_11865,0.0047
rev_11866,0.9985
rev_11867,0.0002
rev_11868,0.9459
rev_11869,0.0
rev_11870,0.9583
rev_11871,0.0004
rev_11872,0.9168
rev_11873,0.0008
rev_11874,0.9993
rev_11875,0.002
rev_11876,0.9778
rev_11877,0.0003
rev_11878,0.9985
rev_11879,0.0009
rev_11880,0.9997
rev_11881,0.0195
rev_11882,0.9992
rev_11883,0.0001
rev_11884,0.8671
rev_11885,0.0007
rev_11886,0.9949
rev_11887,0.0002
rev_11888,0.7637
rev_11889,0.0074
rev_11890,0.7253
rev_11891,0.0002
rev_11892,0.9999
rev_11893,0.0319
rev_11894,0.9967
rev_11895,0.0001
rev_11896,0.9865
rev_11897,0.001
rev_11898,0.9994
rev_11899,0.0042
rev_11900,0.9951
rev_11901,0.0004
rev_11902,0.9999
rev_11903,0.0005
rev_11904,0.9988
rev_11905,0.0018
rev_11906,0.9979
rev_11907,0.0003
rev_11908,0.7577
rev_11909,0.0013
rev_11910,0.9418
rev_11911,0.0002
rev_11912,0.9998
rev_11913,0.0026
rev_11914,0.9757
rev_11915,0.002
rev_11916,0.9964
rev_11917,0.0008
rev_11918,0.9995
rev_11919,0.0139
rev_11920,0.9391
rev_11921,0.0
rev_11922,0.9856
rev_11923,0.0003
rev_11924,0.9105
rev_11925,0.0002
rev_11926,0.9777
rev_11927,0.0002
rev_11928,0.9941
rev_11929,0.0001
rev_11930,0.9807
rev_11931,0.0049
rev_11932,0.9725
rev_11933,0.0365
rev_11934,1.0
rev_11935,0.0167
rev_11936,0.9964
rev_11937,0.0009
rev_11938,0.9999
rev_11939,0.001
rev_11940,0.9958
rev_11941,0.0072
rev_11942,0.9991
rev_11943,0.0001
rev_11944,0.9998
rev_11945,0.0001
rev_11946,0.9998
rev_11947,0.0017
rev_11948,0.9919
rev_11949,0.0077
rev_11950,0.9958
rev_11951,0.0014
rev_11952,0.9973
rev_11953,0.0018
rev_11954,0.9673
rev_11955,0.0002
rev_11956,0.9648
rev_11957,0.0001
rev_11958,0.9949
rev_11959,0.0005
rev_11960,0.9862
rev_11961,0.001
rev_11962,0.9586
rev_11963,0.0005
rev_11964,0.9944
rev_11965,0.0083
rev_11966,0.9978
rev_11967,0.0005
rev_11968,0.999
rev_11969,0.0044
rev_11970,0.9994
rev_11971,0.0028
rev_11972,0.9986
rev_11973,0.0001
rev_11974,0.9999
rev_11975,0.0001
rev_11976,0.9994
rev_11977,0.0047
rev_11978,0.9997
rev_11979,0.0008
rev_11980,0.9921
rev_11981,0.0
rev_11982,0.9545
rev_11983,0.0005
rev_11984,0.7441
rev_11985,0.0001
rev_11986,0.9989
rev_11987,0.0158
rev_11988,0.8665
rev_11989,0.999
rev_11990,0.9852
rev_11991,0.9968
rev_11992,0.852
rev_11993,0.9806
rev_11994,0.9844
rev_11995,0.981
rev_11996,0.9526
rev_11997,0.766
rev_11998,0.9969
rev_11999,0.9997
rev_12000,0.8824
rev_12001,0.9782
rev_12002,0.9607
rev_12003,0.977
rev_12004,0.9316
rev_12005,0.9863
rev_12006,0.9935
rev_12007,0.9931
rev_12008,0.9905
rev_12009,0.9911
rev_12010,0.1656
rev_12011,0.8126
rev_12012,0.9873
rev_12013,0.9998
rev_12014,0.4263
rev_12015,0.9265
rev_12016,0.9586
rev_12017,0.7668
rev_12018,0.9727
rev_12019,0.9936
rev_12020,0.8296
rev_12021,0.756
rev_12022,0.9865
rev_12023,0.9195
rev_12024,0.8037
rev_12025,0.9813
rev_12026,0.7872
rev_12027,0.463
rev_12028,0.1149
rev_12029,0.5244
rev_12030,0.8951
rev_12031,0.2138
rev_12032,0.1597
rev_12033,0.3239
rev_12034,0.1579
rev_12035,0.4391
rev_12036,0.6999
rev_12037,0.2741
rev_12038,0.0346
rev_12039,0.1764
rev_12040,0.0236
rev_12041,0.6231
rev_12042,0.1045
rev_12043,0.4607
rev_12044,0.0812
rev_12045,0.0312
rev_12046,0.0165
rev_12047,0.1134
rev_12048,0.0896
rev_12049,0.1704
rev_12050,0.0663
rev_12051,0.9634
rev_12052,0.8101
rev_12053,0.0414
rev_12054,0.0211
rev_12055,0.9127
rev_12056,0.0689
rev_12057,0.6618
rev_12058,0.0828
rev_12059,0.9985
rev_12060,0.3475
rev_12061,0.3959
rev_12062,0.305
rev_12063,0.0039
rev_12064,0.0048
rev_12065,0.4242
rev_12066,0.9966
rev_12067,0.9344
rev_12068,0.9624
rev_12069,0.8882
rev_12070,0.7001
rev_12071,0.986
rev_12072,0.6671
rev_12073,0.9853
rev_12074,0.9794
rev_12075,0.8861
rev_12076,0.9594
rev_12077,0.9988
rev_12078,0.3082
rev_12079,0.9933
rev_12080,0.9995
rev_12081,0.3794
rev_12082,0.6451
rev_12083,0.9715
rev_12084,0.9985
rev_12085,0.9514
rev_12086,0.9925
rev_12087,0.9862
rev_12088,0.9463
rev_12089,0.9408
rev_12090,0.9981
rev_12091,0.9778
rev_12092,0.8956
rev_12093,0.9931
rev_12094,0.8775
rev_12095,0.6338
rev_12096,0.9941
rev_12097,0.7015
rev_12098,0.9854
rev_12099,0.9974
rev_12100,0.7514
rev_12101,0.4192
rev_12102,0.884
rev_12103,0.0536
rev_12104,0.3511
rev_12105,0.0355
rev_12106,0.7644
rev_12107,0.1068
rev_12108,0.0519
rev_12109,0.404
rev_12110,0.0256
rev_12111,0.1406
rev_12112,0.0206
rev_12113,0.4055
rev_12114,0.3986
rev_12115,0.0724
rev_12116,0.0957
rev_12117,0.1425
rev_12118,0.2331
rev_12119,0.8215
rev_12120,0.0178
rev_12121,0.2986
rev_12122,0.0323
rev_12123,0.0543
rev_12124,0.0341
rev_12125,0.4407
rev_12126,0.7557
rev_12127,0.3389
rev_12128,0.26
rev_12129,0.3933
rev_12130,0.3763
rev_12131,0.4706
rev_12132,0.5439
rev_12133,0.5953
rev_12134,0.0339
rev_12135,0.6575
rev_12136,0.1231
rev_12137,0.1162
rev_12138,0.0304
rev_12139,0.836
rev_12140,0.439
rev_12141,0.9884
rev_12142,0.9467
rev_12143,0.9932
rev_12144,0.5329
rev_12145,0.8166
rev_12146,0.9997
rev_12147,0.9055
rev_12148,0.969
rev_12149,0.6209
rev_12150,0.4885
rev_12151,0.9988
rev_12152,0.444
rev_12153,0.9695
rev_12154,0.927
rev_12155,0.9725
rev_12156,0.9505
rev_12157,0.9026
rev_12158,0.8269
rev_12159,0.2365
rev_12160,0.9911
rev_12161,0.7439
rev_12162,0.1714
rev_12163,0.8116
rev_12164,0.9733
rev_12165,0.9995
rev_12166,0.9994
rev_12167,0.9665
rev_12168,0.9931
rev_12169,0.9699
rev_12170,0.9974
rev_12171,0.9979
rev_12172,0.9879
rev_12173,0.9866
rev_12174,0.0812
rev_12175,0.1868
rev_12176,0.3947
rev_12177,0.0593
rev_12178,0.7524
rev_12179,0.6979
rev_12180,0.1322
rev_12181,0.4035
rev_12182,0.7083
rev_12183,0.2013
rev_12184,0.1983
rev_12185,0.3104
rev_12186,0.112
rev_12187,0.2002
rev_12188,0.9713
rev_12189,0.0643
rev_12190,0.4336
rev_12191,0.4945
rev_12192,0.5922
rev_12193,0.9654
rev_12194,0.0244
rev_12195,0.303
rev_12196,0.0372
rev_12197,0.0044
rev_12198,0.4352
rev_12199,0.0198
rev_12200,0.0719
rev_12201,0.7135
rev_12202,0.0134
rev_12203,0.4189
rev_12204,0.019
rev_12205,0.0266
rev_12206,0.2149
rev_12207,0.4999
rev_12208,0.9222
rev_12209,0.8266
rev_12210,0.9973
rev_12211,0.9998
rev_12212,0.718
rev_12213,0.9878
rev_12214,0.9753
rev_12215,0.9812
rev_12216,0.7558
rev_12217,0.997
rev_12218,0.9986
rev_12219,0.9738
rev_12220,0.9634
rev_12221,0.9768
rev_12222,0.9851
rev_12223,0.9889
rev_12224,0.6194
rev_12225,0.5954
rev_12226,0.543
rev_12227,0.9975
rev_12228,0.9399
rev_12229,0.9952
rev_12230,0.9984
rev_12231,0.1436
rev_12232,0.9761
rev_12233,0.999
rev_12234,0.9487
rev_12235,0.2462
rev_12236,0.9592
rev_12237,0.7265
rev_12238,0.9985
rev_12239,0.8925
rev_12240,0.0231
rev_12241,0.0617
rev_12242,0.8109
rev_12243,0.065
rev_12244,0.8536
rev_12245,0.3703
rev_12246,0.0777
rev_12247,0.082
rev_12248,0.6192
rev_12249,0.0123
rev_12250,0.841
rev_12251,0.401
rev_12252,0.0344
rev_12253,0.422
rev_12254,0.328
rev_12255,0.155
rev_12256,0.0496
rev_12257,0.1015
rev_12258,0.0001
rev_12259,0.1668
rev_12260,0.0136
rev_12261,0.0735
rev_12262,0.0098
rev_12263,0.575
rev_12264,0.0149
rev_12265,0.6385
rev_12266,0.0035
rev_12267,0.4234
rev_12268,0.2933
rev_12269,0.3754
rev_12270,0.0082
rev_12271,0.1655
rev_12272,0.4967
rev_12273,0.5274
rev_12274,0.8114
rev_12275,0.9923
rev_12276,0.9997
rev_12277,0.8959
rev_12278,0.9575
rev_12279,0.4245
rev_12280,0.9988
rev_12281,0.9576
rev_12282,0.5791
rev_12283,0.9428
rev_12284,0.9978
rev_12285,0.9735
rev_12286,0.9914
rev_12287,0.8185
rev_12288,0.9967
rev_12289,0.9918
rev_12290,0.9757
rev_12291,0.3961
rev_12292,0.9991
rev_12293,0.9985
rev_12294,0.8223
rev_12295,0.9979
rev_12296,0.6452
rev_12297,0.9999
rev_12298,0.9801
rev_12299,0.9874
rev_12300,0.7649
rev_12301,0.9967
rev_12302,0.4923
rev_12303,0.9971
rev_12304,0.0015
rev_12305,0.8138
rev_12306,0.0152
rev_12307,0.5032
rev_12308,0.73
rev_12309,0.6066
rev_12310,0.1465
rev_12311,0.1142
rev_12312,0.0211
rev_12313,0.0193
rev_12314,0.0549
rev_12315,0.0019
rev_12316,0.0308
rev_12317,0.0006
rev_12318,0.7785
rev_12319,0.044
rev_12320,0.0062
rev_12321,0.0456
rev_12322,0.1332
rev_12323,0.0072
rev_12324,0.7008
rev_12325,0.7306
rev_12326,0.9603
rev_12327,0.2006
rev_12328,0.9933
rev_12329,0.3227
rev_12330,0.1009
rev_12331,0.0212
rev_12332,0.9677
rev_12333,1.0
rev_12334,0.9956
rev_12335,0.9056
rev_12336,0.3172
rev_12337,0.1977
rev_12338,0.9901
rev_12339,0.9967
rev_12340,0.5484
rev_12341,0.9856
rev_12342,0.7826
rev_12343,0.9608
rev_12344,0.5269
rev_12345,0.8019
rev_12346,0.7933
rev_12347,0.8589
rev_12348,0.9972
rev_12349,0.9994
rev_12350,0.9931
rev_12351,0.8324
rev_12352,0.9839
rev_12353,0.5355
rev_12354,0.9047
rev_12355,0.8132
rev_12356,0.7002
rev_12357,0.9004
rev_12358,0.5611
rev_12359,0.8092
rev_12360,0.1756
rev_12361,0.1412
rev_12362,0.9311
rev_12363,0.2299
rev_12364,0.1156
rev_12365,0.8378
rev_12366,0.4385
rev_12367,0.0146
rev_12368,0.429
rev_12369,0.0144
rev_12370,0.0397
rev_12371,0.3683
rev_12372,0.106
rev_12373,0.3127
rev_12374,0.4858
rev_12375,0.5062
rev_12376,0.0477
rev_12377,0.9381
rev_12378,0.0884
rev_12379,0.1461
rev_12380,0.0652
rev_12381,0.199
rev_12382,0.0104
rev_12383,0.0035
rev_12384,0.0147
rev_12385,0.0266
rev_12386,0.346
rev_12387,0.3388
rev_12388,0.8972
rev_12389,0.3806
rev_12390,0.9972
rev_12391,0.6976
rev_12392,0.9578
rev_12393,0.9574
rev_12394,0.7816
rev_12395,0.6467
rev_12396,0.9991
rev_12397,0.8227
rev_12398,0.2597
rev_12399,0.393
rev_12400,0.9887
rev_12401,0.6606
rev_12402,0.9351
rev_12403,0.6328
rev_12404,0.854
rev_12405,0.6834
rev_12406,0.7968
rev_12407,0.4432
rev_12408,0.9299
rev_12409,0.926
rev_12410,0.007
rev_12411,0.9799
rev_12412,0.8671
rev_12413,0.8204
rev_12414,0.0675
rev_12415,0.327
rev_12416,0.0893
rev_12417,0.2661
rev_12418,0.5592
rev_12419,0.2314
rev_12420,0.5719
rev_12421,0.2557
rev_12422,0.0094
rev_12423,0.2861
rev_12424,0.0091
rev_12425,0.3532
rev_12426,0.2226
rev_12427,0.5672
rev_12428,0.0793
rev_12429,0.2765
rev_12430,0.6233
rev_12431,0.4405
rev_12432,0.649
rev_12433,0.0314
rev_12434,0.3139
rev_12435,0.5371
rev_12436,0.1772
rev_12437,0.3148
rev_12438,0.9937
rev_12439,0.9959
rev_12440,0.9458
rev_12441,0.9046
rev_12442,0.7128
rev_12443,0.893
rev_12444,0.8405
rev_12445,0.8379
rev_12446,0.9975
rev_12447,0.9981
rev_12448,0.5857
rev_12449,0.682
rev_12450,0.9978
rev_12451,0.998
rev_12452,0.9601
rev_12453,0.9991
rev_12454,0.9879
rev_12455,0.9518
rev_12456,0.991
rev_12457,0.9911
rev_12458,0.9698
rev_12459,0.9987
rev_12460,0.9976
rev_12461,0.9987
rev_12462,0.5034
rev_12463,0.0204
rev_12464,0.04
rev_12465,0.7535
rev_12466,0.0072
rev_12467,0.0474
rev_12468,0.0582
rev_12469,0.285
rev_12470,0.2916
rev_12471,0.0088
rev_12472,0.8917
rev_12473,0.6846
rev_12474,0.0836
rev_12475,0.3852
rev_12476,0.1622
rev_12477,0.5653
rev_12478,0.2584
rev_12479,0.1177
rev_12480,0.8931
rev_12481,0.6682
rev_12482,0.3787
rev_12483,0.8535
rev_12484,0.1631
rev_12485,0.0349
rev_12486,0.1405
rev_12487,0.0354
rev_12488,0.8881
rev_12489,0.9298
rev_12490,0.8343
rev_12491,0.8938
rev_12492,0.9932
rev_12493,0.9951
rev_12494,0.7768
rev_12495,0.8905
rev_12496,0.3485
rev_12497,0.9969
rev_12498,0.8795
rev_12499,0.8489
rev_12500,0.9994
rev_12501,0.1886
rev_12502,0.7268
rev_12503,0.8151
rev_12504,0.5841
rev_12505,0.8213
rev_12506,0.9319
rev_12507,0.8872
rev_12508,0.9758
rev_12509,0.9901
rev_12510,0.3083
rev_12511,0.9992
rev_12512,0.0628
rev_12513,0.052
rev_12514,0.6739
rev_12515,0.9507
rev_12516,0.1464
rev_12517,0.0551
rev_12518,0.0032
rev_12519,0.2273
rev_12520,0.0324
rev_12521,0.9942
rev_12522,0.2418
rev_12523,0.0398
rev_12524,0.0078
rev_12525,0.3675
rev_12526,0.0318
rev_12527,0.1277
rev_12528,0.0855
rev_12529,0.0111
rev_12530,0.9311
rev_12531,0.2008
rev_12532,0.0007
rev_12533,0.0081
rev_12534,0.0246
rev_12535,0.0996
rev_12536,0.23
rev_12537,0.9971
rev_12538,0.5557
rev_12539,0.9241
rev_12540,0.9911
rev_12541,0.877
rev_12542,0.9112
rev_12543,0.9898
rev_12544,0.6672
rev_12545,0.9948
rev_12546,0.9996
rev_12547,0.9171
rev_12548,0.9203
rev_12549,0.0283
rev_12550,0.8285
rev_12551,0.8468
rev_12552,0.7768
rev_12553,0.3648
rev_12554,0.6984
rev_12555,0.91
rev_12556,0.8373
rev_12557,0.9313
rev_12558,0.084
rev_12559,0.533
rev_12560,0.0005
rev_12561,0.7201
rev_12562,0.0522
rev_12563,0.1053
rev_12564,0.4906
rev_12565,0.6322
rev_12566,0.154
rev_12567,0.1118
rev_12568,0.0101
rev_12569,0.5119
rev_12570,0.3181
rev_12571,0.0914
rev_12572,0.0053
rev_12573,0.0183
rev_12574,0.0246
rev_12575,0.372
rev_12576,0.2041
rev_12577,0.0176
rev_12578,0.6083
rev_12579,0.013
rev_12580,0.0031
rev_12581,0.8709
rev_12582,0.9761
rev_12583,0.7915
rev_12584,0.9907
rev_12585,0.8172
rev_12586,0.9819
rev_12587,0.9995
rev_12588,0.923
rev_12589,0.8714
rev_12590,0.9974
rev_12591,0.1991
rev_12592,0.9301
rev_12593,0.8143
rev_12594,0.9367
rev_12595,0.9604
rev_12596,0.9181
rev_12597,0.6378
rev_12598,0.9613
rev_12599,0.9956
rev_12600,0.9938
rev_12601,0.9979
rev_12602,0.9967
rev_12603,0.9844
rev_12604,0.5545
rev_12605,0.8831
rev_12606,1.0
rev_12607,0.9915
rev_12608,0.9656
rev_12609,1.0
rev_12610,0.9912
rev_12611,1.0
rev_12612,0.97
rev_12613,0.9307
rev_12614,0.9671
rev_12615,0.9059
rev_12616,0.3852
rev_12617,0.7955
rev_12618,0.9981
rev_12619,0.9878
rev_12620,0.9386
rev_12621,0.9895
rev_12622,0.595
rev_12623,0.2314
rev_12624,0.2912
rev_12625,0.0204
rev_12626,0.6505
rev_12627,0.0508
rev_12628,0.1549
rev_12629,0.0146
rev_12630,0.2169
rev_12631,0.0266
rev_12632,0.0622
rev_12633,0.0535
rev_12634,0.2962
rev_12635,0.8449
rev_12636,0.11
rev_12637,0.242
rev_12638,0.0578
rev_12639,0.0729
rev_12640,0.0143
rev_12641,0.2177
rev_12642,0.1303
rev_12643,0.2083
rev_12644,0.102
rev_12645,0.2657
rev_12646,0.0459
rev_12647,0.0615
rev_12648,0.993
rev_12649,0.1936
rev_12650,0.6138
rev_12651,0.0975
rev_12652,0.5557
rev_12653,0.7081
rev_12654,0.1643
rev_12655,0.1704
rev_12656,0.1638
rev_12657,0.0208
rev_12658,0.0896
rev_12659,0.0062
rev_12660,0.5063
rev_12661,0.5178
rev_12662,0.6962
rev_12663,0.9987
rev_12664,0.9987
rev_12665,0.9986
rev_12666,0.9837
rev_12667,0.8871
rev_12668,0.92
rev_12669,0.9935
rev_12670,0.9987
rev_12671,0.9814
rev_12672,0.9292
rev_12673,0.9996
rev_12674,0.9007
rev_12675,0.9885
rev_12676,0.9995
rev_12677,0.9981
rev_12678,0.9071
rev_12679,0.6091
rev_12680,0.9985
rev_12681,0.6638
rev_12682,0.4436
rev_12683,0.5376
rev_12684,0.0891
rev_12685,0.9635
rev_12686,0.9886
rev_12687,0.9918
rev_12688,0.984
rev_12689,0.7831
rev_12690,0.9997
rev_12691,0.9761
rev_12692,0.9995
rev_12693,0.9912
rev_12694,0.9475
rev_12695,0.9266
rev_12696,0.9796
rev_12697,0.9999
rev_12698,0.2703
rev_12699,0.7063
rev_12700,0.9982
rev_12701,0.3992
rev_12702,0.9108
rev_12703,0.9634
rev_12704,0.1727
rev_12705,0.726
rev_12706,0.9527
rev_12707,0.968
rev_12708,0.8524
rev_12709,0.037
rev_12710,0.091
rev_12711,0.0851
rev_12712,0.0639
rev_12713,0.0226
rev_12714,0.2151
rev_12715,0.0018
rev_12716,0.0263
rev_12717,0.1401
rev_12718,0.0026
rev_12719,0.0254
rev_12720,0.2767
rev_12721,0.0401
rev_12722,0.5397
rev_12723,0.724
rev_12724,0.0444
rev_12725,0.1522
rev_12726,0.0082
rev_12727,0.0393
rev_12728,0.3041
rev_12729,0.1956
rev_12730,0.8724
rev_12731,0.9284
rev_12732,0.9383
rev_12733,0.0798
rev_12734,0.04
rev_12735,0.2828
rev_12736,0.0347
rev_12737,0.4215
rev_12738,0.0528
rev_12739,0.5253
rev_12740,0.7756
rev_12741,0.0125
rev_12742,0.003
rev_12743,0.1329
rev_12744,0.1292
rev_12745,0.0021
rev_12746,0.5381
rev_12747,0.1998
rev_12748,0.0329
rev_12749,0.1988
rev_12750,0.1012
rev_12751,0.0452
rev_12752,0.245
rev_12753,0.9864
rev_12754,0.9983
rev_12755,0.9658
rev_12756,0.9952
rev_12757,0.8665
rev_12758,0.9997
rev_12759,0.7874
rev_12760,0.6431
rev_12761,0.7776
rev_12762,0.9309
rev_12763,0.8198
rev_12764,0.9979
rev_12765,0.9588
rev_12766,0.9983
rev_12767,0.4358
rev_12768,0.9195
rev_12769,0.1436
rev_12770,0.9981
rev_12771,0.9984
rev_12772,0.9942
rev_12773,0.296
rev_12774,0.9133
rev_12775,0.1219
rev_12776,0.9174
rev_12777,0.9905
rev_12778,0.5495
rev_12779,0.9253
rev_12780,0.9992
rev_12781,0.9447
rev_12782,0.9864
rev_12783,0.9887
rev_12784,0.9363
rev_12785,0.9886
rev_12786,0.9925
rev_12787,0.9966
rev_12788,0.9208
rev_12789,0.9919
rev_12790,0.9997
rev_12791,0.3957
rev_12792,0.9984
rev_12793,0.9883
rev_12794,0.9798
rev_12795,0.1237
rev_12796,0.1308
rev_12797,0.09
rev_12798,0.1338
rev_12799,0.0577
rev_12800,0.2469
rev_12801,0.0019
rev_12802,0.1198
rev_12803,0.0591
rev_12804,0.0281
rev_12805,0.5949
rev_12806,0.635
rev_12807,0.0821
rev_12808,0.0457
rev_12809,0.0688
rev_12810,0.144
rev_12811,0.0019
rev_12812,0.0043
rev_12813,0.1053
rev_12814,0.3133
rev_12815,0.505
rev_12816,0.3132
rev_12817,0.6945
rev_12818,0.5539
rev_12819,0.0351
rev_12820,0.4189
rev_12821,0.0711
rev_12822,0.002
rev_12823,0.0825
rev_12824,0.9613
rev_12825,0.0512
rev_12826,0.2559
rev_12827,0.2628
rev_12828,0.8699
rev_12829,0.0584
rev_12830,0.0017
rev_12831,0.3251
rev_12832,0.1179
rev_12833,0.1679
rev_12834,0.0297
rev_12835,0.573
rev_12836,0.0061
rev_12837,0.8157
rev_12838,0.9979
rev_12839,0.5317
rev_12840,0.9724
rev_12841,0.9843
rev_12842,0.9333
rev_12843,0.9048
rev_12844,0.8504
rev_12845,0.9918
rev_12846,0.7775
rev_12847,0.9373
rev_12848,0.8782
rev_12849,0.7408
rev_12850,0.819
rev_12851,0.985
rev_12852,0.8329
rev_12853,0.8429
rev_12854,0.9984
rev_12855,0.7987
rev_12856,0.9867
rev_12857,0.1486
rev_12858,0.9998
rev_12859,0.9701
rev_12860,0.9991
rev_12861,0.9933
rev_12862,0.9993
rev_12863,0.9988
rev_12864,0.7248
rev_12865,0.9999
rev_12866,0.5563
rev_12867,0.9937
rev_12868,0.8646
rev_12869,0.998
rev_12870,0.5561
rev_12871,0.9994
rev_12872,0.9462
rev_12873,0.14
rev_12874,0.9151
rev_12875,0.9518
rev_12876,0.2572
rev_12877,0.0094
rev_12878,0.0026
rev_12879,0.1263
rev_12880,0.0018
rev_12881,0.0814
rev_12882,0.232
rev_12883,0.5463
rev_12884,0.017
rev_12885,0.0158
rev_12886,0.0825
rev_12887,0.4071
rev_12888,0.0367
rev_12889,0.0771
rev_12890,0.0022
rev_12891,0.5347
rev_12892,0.4249
rev_12893,0.0789
rev_12894,0.1031
rev_12895,0.2504
rev_12896,0.103
rev_12897,0.5229
rev_12898,0.7225
rev_12899,0.0079
rev_12900,0.0249
rev_12901,0.1269
rev_12902,0.3303
rev_12903,0.0792
rev_12904,0.0409
rev_12905,0.0964
rev_12906,0.0202
rev_12907,0.0158
rev_12908,0.6953
rev_12909,0.1827
rev_12910,0.0081
rev_12911,0.0592
rev_12912,0.0095
rev_12913,0.9551
rev_12914,0.1823
rev_12915,0.9944
rev_12916,0.6748
rev_12917,0.9119
rev_12918,0.9859
rev_12919,0.9511
rev_12920,0.671
rev_12921,0.9828
rev_12922,0.3706
rev_12923,0.9991
rev_12924,0.9991
rev_12925,0.9706
rev_12926,0.9432
rev_12927,0.9441
rev_12928,0.9805
rev_12929,0.903
rev_12930,0.9963
rev_12931,0.9999
rev_12932,0.9996
rev_12933,0.896
rev_12934,0.9997
rev_12935,0.9957
rev_12936,0.9748
rev_12937,0.7685
rev_12938,0.8489
rev_12939,0.9633
rev_12940,0.9775
rev_12941,0.4881
rev_12942,0.9995
rev_12943,0.2242
rev_12944,0.9998
rev_12945,0.9993
rev_12946,0.981
rev_12947,0.6578
rev_12948,0.9991
rev_12949,0.0116
rev_12950,0.7858
rev_12951,0.3733
rev_12952,0.786
rev_12953,0.146
rev_12954,0.2215
rev_12955,0.0166
rev_12956,0.5681
rev_12957,0.0075
rev_12958,0.0171
rev_12959,0.0575
rev_12960,0.1069
rev_12961,0.1569
rev_12962,0.0749
rev_12963,0.9209
rev_12964,0.0169
rev_12965,0.0896
rev_12966,0.1233
rev_12967,0.0882
rev_12968,0.0164
rev_12969,0.0032
rev_12970,0.0181
rev_12971,0.0316
rev_12972,0.615
rev_12973,0.6474
rev_12974,0.3543
rev_12975,0.1439
rev_12976,0.2576
rev_12977,0.0133
rev_12978,0.33
rev_12979,0.2425
rev_12980,0.0809
rev_12981,0.0144
rev_12982,0.5724
rev_12983,0.9789
rev_12984,0.6765
rev_12985,0.8836
rev_12986,0.995
rev_12987,0.9992
rev_12988,0.8831
rev_12989,0.9897
rev_12990,0.2396
rev_12991,0.9069
rev_12992,0.954
rev_12993,0.9324
rev_12994,0.9816
rev_12995,0.9648
rev_12996,0.977
rev_12997,0.9818
rev_12998,0.9991
rev_12999,0.7788
rev_13000,0.8924
rev_13001,0.9373
rev_13002,0.9969
rev_13003,0.9928
rev_13004,0.9992
rev_13005,0.8009
rev_13006,0.9694
rev_13007,0.9843
rev_13008,0.9238
rev_13009,0.973
rev_13010,0.9997
rev_13011,0.9979
rev_13012,0.9286
rev_13013,0.999
rev_13014,0.9998
rev_13015,0.8863
rev_13016,0.0068
rev_13017,0.0036
rev_13018,0.4665
rev_13019,0.0049
rev_13020,0.0627
rev_13021,0.7426
rev_13022,0.1001
rev_13023,0.0105
rev_13024,0.6989
rev_13025,0.0023
rev_13026,0.1663
rev_13027,0.0407
rev_13028,0.0026
rev_13029,0.0021
rev_13030,0.008
rev_13031,0.0067
rev_13032,0.1594
rev_13033,0.897
rev_13034,0.0798
rev_13035,0.2166
rev_13036,0.5357
rev_13037,0.6608
rev_13038,0.4537
rev_13039,0.1308
rev_13040,0.3383
rev_13041,0.3445
rev_13042,0.0241
rev_13043,0.0712
rev_13044,0.1587
rev_13045,0.0305
rev_13046,0.0028
rev_13047,0.1358
rev_13048,0.24
rev_13049,0.9727
rev_13050,0.9996
rev_13051,0.9698
rev_13052,0.7437
rev_13053,0.9956
rev_13054,0.0762
rev_13055,0.9932
rev_13056,0.9581
rev_13057,0.9852
rev_13058,0.8667
rev_13059,0.9837
rev_13060,0.9975
rev_13061,0.9159
rev_13062,0.4187
rev_13063,0.992
rev_13064,0.9746
rev_13065,0.763
rev_13066,0.9621
rev_13067,0.9412
rev_13068,0.6013
rev_13069,0.9824
rev_13070,0.9997
rev_13071,0.9997
rev_13072,0.9976
rev_13073,0.9766
rev_13074,0.9975
rev_13075,0.7516
rev_13076,0.9934
rev_13077,0.9876
rev_13078,0.9921
rev_13079,0.2924
rev_13080,0.0106
rev_13081,0.0172
rev_13082,0.7144
rev_13083,0.1293
rev_13084,0.8446
rev_13085,0.0504
rev_13086,0.0024
rev_13087,0.1091
rev_13088,0.1374
rev_13089,0.1041
rev_13090,0.2742
rev_13091,0.0474
rev_13092,0.016
rev_13093,0.0228
rev_13094,0.02
rev_13095,0.0448
rev_13096,0.0648
rev_13097,0.4071
rev_13098,0.1899
rev_13099,0.5156
rev_13100,0.0996
rev_13101,0.7886
rev_13102,0.4726
rev_13103,0.06
rev_13104,0.0102
rev_13105,0.2707
rev_13106,0.0901
rev_13107,0.0464
rev_13108,0.3375
rev_13109,1.0
rev_13110,0.9983
rev_13111,0.3663
rev_13112,0.9975
rev_13113,0.8056
rev_13114,0.9983
rev_13115,0.9989
rev_13116,0.9997
rev_13117,0.6128
rev_13118,0.8633
rev_13119,0.998
rev_13120,0.9998
rev_13121,0.9667
rev_13122,0.9976
rev_13123,0.9544
rev_13124,0.871
rev_13125,0.7889
rev_13126,0.9812
rev_13127,0.9877
rev_13128,0.9879
rev_13129,0.8049
rev_13130,0.9758
rev_13131,0.9366
rev_13132,0.9908
rev_13133,0.9267
rev_13134,0.9243
rev_13135,0.9912
rev_13136,0.0001
rev_13137,0.005
rev_13138,0.1344
rev_13139,0.0075
rev_13140,0.0146
rev_13141,0.0064
rev_13142,0.3764
rev_13143,0.0855
rev_13144,0.9712
rev_13145,0.0386
rev_13146,0.1504
rev_13147,0.2349
rev_13148,0.941
rev_13149,0.0928
rev_13150,0.1609
rev_13151,0.0355
rev_13152,0.003
rev_13153,0.2944
rev_13154,0.1714
rev_13155,0.0318
rev_13156,0.0042
rev_13157,0.7461
rev_13158,0.9406
rev_13159,0.4841
rev_13160,0.525
rev_13161,0.0597
rev_13162,0.0091
rev_13163,0.9893
rev_13164,0.9814
rev_13165,0.9153
rev_13166,0.996
rev_13167,0.9767
rev_13168,0.9983
rev_13169,0.968
rev_13170,0.9842
rev_13171,0.9842
rev_13172,0.9851
rev_13173,0.998
rev_13174,0.5358
rev_13175,0.9991
rev_13176,0.9938
rev_13177,0.9983
rev_13178,0.8107
rev_13179,0.9994
rev_13180,0.9103
rev_13181,0.9966
rev_13182,0.939
rev_13183,0.961
rev_13184,0.9448
rev_13185,0.5559
rev_13186,0.9954
rev_13187,0.6101
rev_13188,0.1001
rev_13189,0.022
rev_13190,0.0216
rev_13191,0.3798
rev_13192,0.211
rev_13193,0.0767
rev_13194,0.8655
rev_13195,0.5576
rev_13196,0.1197
rev_13197,0.0037
rev_13198,0.2795
rev_13199,0.3176
rev_13200,0.0392
rev_13201,0.1112
rev_13202,0.665
rev_13203,0.0996
rev_13204,0.025
rev_13205,0.9077
rev_13206,0.1774
rev_13207,0.1746
rev_13208,0.0298
rev_13209,0.0544
rev_13210,0.0094
rev_13211,0.0337
rev_13212,0.2761
rev_13213,0.996
rev_13214,0.8607
rev_13215,0.995
rev_13216,0.9505
rev_13217,0.993
rev_13218,0.9611
rev_13219,0.9591
rev_13220,0.9732
rev_13221,0.405
rev_13222,0.7789
rev_13223,0.2691
rev_13224,0.9919
rev_13225,0.9961
rev_13226,0.9886
rev_13227,0.9985
rev_13228,0.9942
rev_13229,0.9598
rev_13230,0.9999
rev_13231,0.9795
rev_13232,0.9949
rev_13233,0.984
rev_13234,0.8107
rev_13235,0.9982
rev_13236,0.9721
rev_13237,0.999
rev_13238,0.0224
rev_13239,0.3142
rev_13240,0.3986
rev_13241,0.07
rev_13242,0.0064
rev_13243,0.1993
rev_13244,0.2485
rev_13245,0.0389
rev_13246,0.0222
rev_13247,0.4965
rev_13248,0.0367
rev_13249,0.0566
rev_13250,0.0072
rev_13251,0.0662
rev_13252,0.0094
rev_13253,0.7631
rev_13254,0.0118
rev_13255,0.0251
rev_13256,0.2515
rev_13257,0.0221
rev_13258,0.065
rev_13259,0.0635
rev_13260,0.2881
rev_13261,0.1755
rev_13262,0.2338
rev_13263,0.9742
rev_13264,0.8596
rev_13265,0.9713
rev_13266,0.9993
rev_13267,0.895
rev_13268,0.9995
rev_13269,0.9775
rev_13270,0.9924
rev_13271,0.9999
rev_13272,0.8147
rev_13273,0.9449
rev_13274,0.4973
rev_13275,0.9796
rev_13276,0.9988
rev_13277,0.9973
rev_13278,0.997
rev_13279,0.9963
rev_13280,0.9557
rev_13281,0.7943
rev_13282,0.7708
rev_13283,0.9516
rev_13284,0.9967
rev_13285,0.0701
rev_13286,0.2609
rev_13287,0.0614
rev_13288,0.0116
rev_13289,0.0597
rev_13290,0.0919
rev_13291,0.0036
rev_13292,0.2536
rev_13293,0.0203
rev_13294,0.017
rev_13295,0.5334
rev_13296,0.05
rev_13297,0.2949
rev_13298,0.3085
rev_13299,0.0367
rev_13300,0.1296
rev_13301,0.0498
rev_13302,0.0138
rev_13303,0.8105
rev_13304,0.1155
rev_13305,0.5561
rev_13306,0.0014
rev_13307,0.9866
rev_13308,0.3776
rev_13309,0.9809
rev_13310,0.6528
rev_13311,0.6152
rev_13312,0.9983
rev_13313,0.9997
rev_13314,0.8083
rev_13315,1.0
rev_13316,0.9996
rev_13317,0.9999
rev_13318,0.9841
rev_13319,0.9983
rev_13320,0.9953
rev_13321,0.9986
rev_13322,0.9971
rev_13323,0.9984
rev_13324,0.9913
rev_13325,0.9948
rev_13326,0.9958
rev_13327,0.9819
rev_13328,0.995
rev_13329,0.0206
rev_13330,0.0026
rev_13331,0.0017
rev_13332,0.1121
rev_13333,0.7415
rev_13334,0.719
rev_13335,0.1684
rev_13336,0.019
rev_13337,0.0127
rev_13338,0.0086
rev_13339,0.0031
rev_13340,0.6238
rev_13341,0.0829
rev_13342,0.2366
rev_13343,0.6724
rev_13344,0.0293
rev_13345,0.0029
rev_13346,0.2571
rev_13347,0.0127
rev_13348,0.0225
rev_13349,0.0229
rev_13350,0.9975
rev_13351,0.9942
rev_13352,0.9778
rev_13353,0.8689
rev_13354,0.7797
rev_13355,0.9999
rev_13356,0.9998
rev_13357,0.9997
rev_13358,0.9785
rev_13359,0.9584
rev_13360,0.97
rev_13361,0.9969
rev_13362,0.8871
rev_13363,0.9973
rev_13364,0.9864
rev_13365,0.9361
rev_13366,0.9774
rev_13367,0.9854
rev_13368,0.6151
rev_13369,0.9988
rev_13370,0.997
rev_13371,0.3752
rev_13372,0.0299
rev_13373,0.0793
rev_13374,0.8545
rev_13375,0.6733
rev_13376,0.9146
rev_13377,0.194
rev_13378,0.6551
rev_13379,0.003
rev_13380,0.2029
rev_13381,0.5416
rev_13382,0.0004
rev_13383,0.0256
rev_13384,0.0242
rev_13385,0.0366
rev_13386,0.0002
rev_13387,0.1685
rev_13388,0.0271
rev_13389,0.0378
rev_13390,0.0119
rev_13391,0.9651
rev_13392,0.9812
rev_13393,0.9863
rev_13394,0.9983
rev_13395,0.9992
rev_13396,0.9997
rev_13397,0.9991
rev_13398,0.9854
rev_13399,0.6508
rev_13400,0.9986
rev_13401,0.9647
rev_13402,0.9664
rev_13403,0.9998
rev_13404,0.9996
rev_13405,0.9808
rev_13406,1.0
rev_13407,0.998
rev_13408,0.9986
rev_13409,0.9999
rev_13410,0.8954
rev_13411,0.0218
rev_13412,0.0419
rev_13413,0.6682
rev_13414,0.0024
rev_13415,0.09
rev_13416,0.2954
rev_13417,0.0381
rev_13418,0.076
rev_13419,0.0025
rev_13420,0.0333
rev_13421,0.125
rev_13422,0.3991
rev_13423,0.0061
rev_13424,0.114
rev_13425,0.1295
rev_13426,0.0231
rev_13427,0.0647
rev_13428,0.4245
rev_13429,0.0602
rev_13430,0.0841
rev_13431,0.9995
rev_13432,0.5135
rev_13433,0.4651
rev_13434,0.5018
rev_13435,0.9929
rev_13436,0.9481
rev_13437,0.9999
rev_13438,0.9952
rev_13439,0.9996
rev_13440,0.9991
rev_13441,0.8277
rev_13442,0.9935
rev_13443,0.9997
rev_13444,0.9812
rev_13445,0.9972
rev_13446,0.9417
rev_13447,0.9488
rev_13448,0.9907
rev_13449,0.3656
rev_13450,0.4798
rev_13451,0.1667
rev_13452,0.0242
rev_13453,0.1691
rev_13454,0.0468
rev_13455,0.5543
rev_13456,0.0902
rev_13457,0.065
rev_13458,0.127
rev_13459,0.0871
rev_13460,0.2971
rev_13461,0.0819
rev_13462,0.1256
rev_13463,0.0085
rev_13464,0.0171
rev_13465,0.1694
rev_13466,0.0211
rev_13467,0.9967
rev_13468,0.9405
rev_13469,0.6128
rev_13470,0.4258
rev_13471,0.998
rev_13472,0.961
rev_13473,0.9948
rev_13474,0.9937
rev_13475,0.9992
rev_13476,0.9506
rev_13477,0.9862
rev_13478,0.5636
rev_13479,0.9651
rev_13480,0.9999
rev_13481,0.9394
rev_13482,0.9449
rev_13483,0.9239
rev_13484,0.9917
rev_13485,0.4312
rev_13486,0.0681
rev_13487,0.1359
rev_13488,0.4329
rev_13489,0.1937
rev_13490,0.0105
rev_13491,0.1703
rev_13492,0.0163
rev_13493,0.5275
rev_13494,0.0276
rev_13495,0.0165
rev_13496,0.3607
rev_13497,0.5011
rev_13498,0.0194
rev_13499,0.2225
rev_13500,0.0233
rev_13501,0.0157
rev_13502,0.1089
rev_13503,0.983
rev_13504,0.9888
rev_13505,0.9984
rev_13506,0.6988
rev_13507,0.9989
rev_13508,0.9999
rev_13509,0.9896
rev_13510,0.7657
rev_13511,0.989
rev_13512,0.9968
rev_13513,0.981
rev_13514,0.9996
rev_13515,1.0
rev_13516,0.9955
rev_13517,0.3286
rev_13518,0.9896
rev_13519,0.5888
rev_13520,0.9939
rev_13521,0.0798
rev_13522,0.0712
rev_13523,0.3088
rev_13524,0.0321
rev_13525,0.0119
rev_13526,0.0371
rev_13527,0.1718
rev_13528,0.0372
rev_13529,0.1739
rev_13530,0.3371
rev_13531,0.7172
rev_13532,0.016
rev_13533,0.0531
rev_13534,0.113
rev_13535,0.1735
rev_13536,0.2465
rev_13537,0.1699
rev_13538,0.0276
rev_13539,0.9884
rev_13540,1.0
rev_13541,0.9969
rev_13542,0.4765
rev_13543,0.8723
rev_13544,0.9989
rev_13545,0.9999
rev_13546,0.9744
rev_13547,0.9912
rev_13548,0.8928
rev_13549,0.9932
rev_13550,0.9973
rev_13551,0.9971
rev_13552,0.9889
rev_13553,0.9908
rev_13554,0.9659
rev_13555,0.2781
rev_13556,0.0811
rev_13557,0.1067
rev_13558,0.0111
rev_13559,0.0173
rev_13560,0.0024
rev_13561,0.2715
rev_13562,0.0061
rev_13563,0.0543
rev_13564,0.5318
rev_13565,0.7582
rev_13566,0.0608
rev_13567,0.0511
rev_13568,0.0084
rev_13569,0.0186
rev_13570,0.0244
rev_13571,0.8738
rev_13572,0.9996
rev_13573,0.9383
rev_13574,0.737
rev_13575,0.9998
rev_13576,0.9992
rev_13577,0.9983
rev_13578,0.9925
rev_13579,0.9946
rev_13580,0.9867
rev_13581,0.9995
rev_13582,0.9576
rev_13583,0.9983
rev_13584,0.9999
rev_13585,0.9644
rev_13586,0.934
rev_13587,0.0247
rev_13588,0.0696
rev_13589,0.1745
rev_13590,0.2002
rev_13591,0.0497
rev_13592,0.0362
rev_13593,0.1835
rev_13594,0.0098
rev_13595,0.0939
rev_13596,0.0086
rev_13597,0.0218
rev_13598,0.0246
rev_13599,0.0868
rev_13600,0.046
rev_13601,0.0059
rev_13602,0.1926
rev_13603,0.9757
rev_13604,0.9988
rev_13605,0.9769
rev_13606,0.9993
rev_13607,0.994
rev_13608,0.7473
rev_13609,0.968
rev_13610,0.9684
rev_13611,1.0
rev_13612,0.9995
rev_13613,0.9967
rev_13614,0.9927
rev_13615,0.9491
rev_13616,0.9988
rev_13617,0.9797
rev_13618,0.0042
rev_13619,0.7613
rev_13620,0.4256
rev_13621,0.0916
rev_13622,0.0149
rev_13623,0.0837
rev_13624,0.57
rev_13625,0.0311
rev_13626,0.0085
rev_13627,0.0064
rev_13628,0.0078
rev_13629,0.0696
rev_13630,0.0015
rev_13631,0.4871
rev_13632,0.0168
rev_13633,0.9998
rev_13634,0.9998
rev_13635,0.9998
rev_13636,0.9917
rev_13637,0.9983
rev_13638,0.9948
rev_13639,0.9412
rev_13640,0.999
rev_13641,0.9929
rev_13642,0.7729
rev_13643,0.9995
rev_13644,0.9997
rev_13645,0.9997
rev_13646,0.9754
rev_13647,0.9999
rev_13648,0.1816
rev_13649,0.4367
rev_13650,0.0202
rev_13651,0.0011
rev_13652,0.0437
rev_13653,0.3802
rev_13654,0.0882
rev_13655,0.0828
rev_13656,0.3045
rev_13657,0.0514
rev_13658,0.0058
rev_13659,0.2014
rev_13660,0.0106
rev_13661,0.1038
rev_13662,0.0491
rev_13663,1.0
rev_13664,0.9889
rev_13665,0.9996
rev_13666,0.9073
rev_13667,0.5833
rev_13668,0.9997
rev_13669,0.9908
rev_13670,0.996
rev_13671,0.999
rev_13672,0.967
rev_13673,0.9999
rev_13674,0.996
rev_13675,0.8638
rev_13676,0.9931
rev_13677,0.0612
rev_13678,0.1829
rev_13679,0.054
rev_13680,0.0272
rev_13681,0.0021
rev_13682,0.0456
rev_13683,0.0837
rev_13684,0.0156
rev_13685,0.0334
rev_13686,0.0022
rev_13687,0.0837
rev_13688,0.009
rev_13689,0.0089
rev_13690,0.0183
rev_13691,0.958
rev_13692,0.5218
rev_13693,0.7252
rev_13694,0.9999
rev_13695,0.9432
rev_13696,0.0783
rev_13697,0.9993
rev_13698,0.9998
rev_13699,0.9959
rev_13700,0.9647
rev_13701,0.9969
rev_13702,0.9999
rev_13703,0.9921
rev_13704,0.9999
rev_13705,0.0189
rev_13706,0.0269
rev_13707,0.0063
rev_13708,0.0335
rev_13709,0.042
rev_13710,0.027
rev_13711,0.0102
rev_13712,0.4449
rev_13713,0.8668
rev_13714,0.0077
rev_13715,0.0554
rev_13716,0.054
rev_13717,0.0557
rev_13718,0.008
rev_13719,0.9942
rev_13720,0.7129
rev_13721,0.9999
rev_13722,0.9985
rev_13723,0.9996
rev_13724,0.9071
rev_13725,0.9971
rev_13726,0.9404
rev_13727,0.9697
rev_13728,0.9204
rev_13729,0.9938
rev_13730,0.7991
rev_13731,0.9928
rev_13732,0.0038
rev_13733,0.0002
rev_13734,0.1869
rev_13735,0.1286
rev_13736,0.0075
rev_13737,0.6846
rev_13738,0.002
rev_13739,0.0003
rev_13740,0.062
rev_13741,0.0134
rev_13742,0.203
rev_13743,0.3921
rev_13744,0.0059
rev_13745,0.9968
rev_13746,0.9438
rev_13747,0.996
rev_13748,0.9911
rev_13749,0.9956
rev_13750,0.9965
rev_13751,0.9162
rev_13752,0.9498
rev_13753,0.9989
rev_13754,0.8657
rev_13755,0.9718
rev_13756,0.9999
rev_13757,0.9882
rev_13758,0.0006
rev_13759,0.0077
rev_13760,0.0764
rev_13761,0.0376
rev_13762,0.0039
rev_13763,0.1522
rev_13764,0.0145
rev_13765,0.2926
rev_13766,0.0497
rev_13767,0.1665
rev_13768,0.2816
rev_13769,0.0004
rev_13770,0.0196
rev_13771,0.9992
rev_13772,0.9997
rev_13773,0.9993
rev_13774,0.9934
rev_13775,0.9994
rev_13776,0.9743
rev_13777,0.9993
rev_13778,0.9993
rev_13779,0.9948
rev_13780,0.9515
rev_13781,0.5493
rev_13782,0.9997
rev_13783,0.0201
rev_13784,0.0126
rev_13785,0.0175
rev_13786,0.1325
rev_13787,0.2728
rev_13788,0.8127
rev_13789,0.1938
rev_13790,0.0045
rev_13791,0.122
rev_13792,0.0126
rev_13793,0.0465
rev_13794,0.0007
rev_13795,1.0
rev_13796,0.0672
rev_13797,0.9999
rev_13798,1.0
rev_13799,0.9845
rev_13800,0.9988
rev_13801,0.9546
rev_13802,0.9954
rev_13803,0.9608
rev_13804,1.0
rev_13805,0.9996
rev_13806,0.9832
rev_13807,0.9695
rev_13808,0.3301
rev_13809,0.0009
rev_13810,0.0082
rev_13811,0.4071
rev_13812,0.0245
rev_13813,0.1556
rev_13814,0.0021
rev_13815,0.0027
rev_13816,0.0002
rev_13817,0.0568
rev_13818,0.0081
rev_13819,0.0194
rev_13820,0.0008
rev_13821,0.9881
rev_13822,0.9998
rev_13823,0.8781
rev_13824,0.9589
rev_13825,0.9693
rev_13826,0.9777
rev_13827,0.9983
rev_13828,0.9996
rev_13829,0.9999
rev_13830,0.9984
rev_13831,0.9989
rev_13832,0.4729
rev_13833,0.022
rev_13834,0.0121
rev_13835,0.0089
rev_13836,0.0018
rev_13837,0.0176
rev_13838,0.0936
rev_13839,0.0007
rev_13840,0.0168
rev_13841,0.1463
rev_13842,0.1165
rev_13843,0.0336
rev_13844,0.0088
rev_13845,0.9158
rev_13846,0.9956
rev_13847,1.0
rev_13848,0.9998
rev_13849,0.9267
rev_13850,0.9991
rev_13851,0.9831
rev_13852,0.9864
rev_13853,0.9998
rev_13854,0.9376
rev_13855,0.9993
rev_13856,0.1511
rev_13857,0.0349
rev_13858,0.0035
rev_13859,0.0019
rev_13860,0.1177
rev_13861,0.007
rev_13862,0.0046
rev_13863,0.2913
rev_13864,0.1775
rev_13865,0.1846
rev_13866,0.006
rev_13867,0.9075
rev_13868,0.9124
rev_13869,0.9968
rev_13870,0.9778
rev_13871,0.9557
rev_13872,0.9495
rev_13873,0.9209
rev_13874,0.9982
rev_13875,0.9087
rev_13876,0.3227
rev_13877,0.9994
rev_13878,0.2559
rev_13879,0.3744
rev_13880,0.0015
rev_13881,0.347
rev_13882,0.0493
rev_13883,0.5466
rev_13884,0.0082
rev_13885,0.012
rev_13886,0.0113
rev_13887,0.0228
rev_13888,0.2102
rev_13889,0.917
rev_13890,0.9842
rev_13891,0.8166
rev_13892,0.9975
rev_13893,0.9326
rev_13894,0.9994
rev_13895,0.9916
rev_13896,0.996
rev_13897,0.9998
rev_13898,0.9988
rev_13899,0.9997
rev_13900,0.0965
rev_13901,0.0976
rev_13902,0.5607
rev_13903,0.0036
rev_13904,0.0889
rev_13905,0.4693
rev_13906,0.1759
rev_13907,0.577
rev_13908,0.3975
rev_13909,0.2363
rev_13910,0.4364
rev_13911,0.998
rev_13912,0.9989
rev_13913,0.9958
rev_13914,0.9936
rev_13915,0.9788
rev_13916,0.9011
rev_13917,1.0
rev_13918,0.9951
rev_13919,0.9928
rev_13920,0.5053
rev_13921,0.9452
rev_13922,0.5796
rev_13923,0.0192
rev_13924,0.0094
rev_13925,0.0391
rev_13926,0.0145
rev_13927,0.017
rev_13928,0.0348
rev_13929,0.2492
rev_13930,0.1282
rev_13931,0.7862
rev_13932,0.0416
rev_13933,0.977
rev_13934,0.9981
rev_13935,0.9993
rev_13936,0.998
rev_13937,0.9944
rev_13938,0.9908
rev_13939,0.9841
rev_13940,0.9997
rev_13941,0.9989
rev_13942,1.0
rev_13943,0.999
rev_13944,0.0158
rev_13945,0.0001
rev_13946,0.0085
rev_13947,0.0126
rev_13948,0.0331
rev_13949,0.0122
rev_13950,0.0018
rev_13951,0.0243
rev_13952,0.0575
rev_13953,0.416
rev_13954,0.8691
rev_13955,0.7979
rev_13956,0.9621
rev_13957,0.6437
rev_13958,0.9821
rev_13959,0.9902
rev_13960,1.0
rev_13961,0.9997
rev_13962,0.9807
rev_13963,0.9986
rev_13964,0.6726
rev_13965,0.0056
rev_13966,0.0127
rev_13967,0.0157
rev_13968,0.3227
rev_13969,0.0146
rev_13970,0.0016
rev_13971,0.3026
rev_13972,0.0202
rev_13973,0.0084
rev_13974,0.0029
rev_13975,1.0
rev_13976,0.9997
rev_13977,0.9998
rev_13978,0.9998
rev_13979,0.9988
rev_13980,0.999
rev_13981,0.2801
rev_13982,0.9877
rev_13983,0.9981
rev_13984,0.1532
rev_13985,0.4248
rev_13986,0.0287
rev_13987,0.0118
rev_13988,0.0743
rev_13989,0.0199
rev_13990,0.3194
rev_13991,0.081
rev_13992,0.1074
rev_13993,0.937
rev_13994,0.9667
rev_13995,0.9981
rev_13996,0.4958
rev_13997,0.99
rev_13998,0.8674
rev_13999,0.9988
rev_14000,0.9991
rev_14001,0.9983
rev_14002,0.0233
rev_14003,0.0035
rev_14004,0.1196
rev_14005,0.0484
rev_14006,0.0558
rev_14007,0.0052
rev_14008,0.3196
rev_14009,0.018
rev_14010,0.0005
rev_14011,0.9884
rev_14012,0.9981
rev_14013,0.9887
rev_14014,0.9999
rev_14015,0.9996
rev_14016,0.9967
rev_14017,0.9992
rev_14018,0.9991
rev_14019,0.6961
rev_14020,0.2858
rev_14021,0.0725
rev_14022,0.0827
rev_14023,0.0047
rev_14024,0.0176
rev_14025,0.0033
rev_14026,0.0295
rev_14027,0.0019
rev_14028,0.0218
rev_14029,0.9339
rev_14030,1.0
rev_14031,0.7902
rev_14032,0.9993
rev_14033,0.9998
rev_14034,0.9975
rev_14035,0.8996
rev_14036,0.9956
rev_14037,0.5463
rev_14038,0.0566
rev_14039,0.005
rev_14040,0.0313
rev_14041,0.0005
rev_14042,0.2405
rev_14043,0.0195
rev_14044,0.7748
rev_14045,0.0571
rev_14046,0.0037
rev_14047,1.0
rev_14048,0.9775
rev_14049,1.0
rev_14050,0.9963
rev_14051,0.9996
rev_14052,1.0
rev_14053,1.0
rev_14054,0.9938
rev_14055,0.0139
rev_14056,0.3689
rev_14057,0.0269
rev_14058,0.045
rev_14059,0.0014
rev_14060,0.0029
rev_14061,0.0038
rev_14062,0.0012
rev_14063,0.5353
rev_14064,0.9976
rev_14065,0.9983
rev_14066,0.9993
rev_14067,0.9902
rev_14068,0.9893
rev_14069,0.9993
rev_14070,0.9921
rev_14071,0.0138
rev_14072,0.0793
rev_14073,0.1766
rev_14074,0.332
rev_14075,0.0036
rev_14076,0.1283
rev_14077,0.0014
rev_14078,0.02
rev_14079,0.9829
rev_14080,0.6959
rev_14081,0.9997
rev_14082,0.9992
rev_14083,0.3307
rev_14084,0.7513
rev_14085,0.9923
rev_14086,0.9908
rev_14087,0.998
rev_14088,0.3955
rev_14089,0.0145
rev_14090,0.0025
rev_14091,0.033
rev_14092,0.0264
rev_14093,0.0175
rev_14094,0.0753
rev_14095,0.0651
rev_14096,0.0099
rev_14097,0.7354
rev_14098,0.9571
rev_14099,0.9971
rev_14100,0.9999
rev_14101,0.9997
rev_14102,0.9477
rev_14103,0.9211
rev_14104,0.9979
rev_14105,0.0089
rev_14106,0.0997
rev_14107,0.0001
rev_14108,0.0013
rev_14109,0.0026
rev_14110,0.1375
rev_14111,0.0402
rev_14112,0.0025
rev_14113,0.9897
rev_14114,0.9675
rev_14115,0.999
rev_14116,0.7024
rev_14117,0.9268
rev_14118,0.0545
rev_14119,0.9928
rev_14120,0.8155
rev_14121,0.0052
rev_14122,0.1471
rev_14123,0.0131
rev_14124,0.0308
rev_14125,0.0357
rev_14126,0.6135
rev_14127,0.0479
rev_14128,0.074
rev_14129,0.9984
rev_14130,0.9817
rev_14131,0.9986
rev_14132,0.9873
rev_14133,0.9771
rev_14134,0.9679
rev_14135,0.9973
rev_14136,0.0469
rev_14137,0.0018
rev_14138,0.3659
rev_14139,0.0207
rev_14140,0.2617
rev_14141,0.0086
rev_14142,0.0223
rev_14143,0.9957
rev_14144,0.9976
rev_14145,0.9843
rev_14146,0.9988
rev_14147,0.9827
rev_14148,0.9975
rev_14149,0.9994
rev_14150,0.006
rev_14151,0.0008
rev_14152,0.0346
rev_14153,0.0417
rev_14154,0.0246
rev_14155,0.0332
rev_14156,0.0895
rev_14157,0.9999
rev_14158,0.8987
rev_14159,0.9839
rev_14160,0.9785
rev_14161,0.9994
rev_14162,0.9983
rev_14163,0.9926
rev_14164,0.9996
rev_14165,0.0015
rev_14166,0.0064
rev_14167,0.0124
rev_14168,0.5321
rev_14169,0.0604
rev_14170,0.0024
rev_14171,0.042
rev_14172,0.3041
rev_14173,0.9984
rev_14174,1.0
rev_14175,0.9655
rev_14176,0.9889
rev_14177,0.9999
rev_14178,0.9982
rev_14179,0.9985
rev_14180,0.0206
rev_14181,0.0127
rev_14182,0.4914
rev_14183,0.0027
rev_14184,0.002
rev_14185,0.1283
rev_14186,0.5994
rev_14187,0.8371
rev_14188,1.0
rev_14189,0.9993
rev_14190,0.9998
rev_14191,0.9836
rev_14192,1.0
rev_14193,0.6809
rev_14194,0.0004
rev_14195,0.0001
rev_14196,0.0645
rev_14197,0.0909
rev_14198,0.0017
rev_14199,0.0163
rev_14200,0.0207
rev_14201,0.9988
rev_14202,0.9354
rev_14203,1.0
rev_14204,0.9999
rev_14205,0.994
rev_14206,0.9828
rev_14207,0.9825
rev_14208,0.0003
rev_14209,0.8347
rev_14210,0.0284
rev_14211,0.0393
rev_14212,0.005
rev_14213,0.0047
rev_14214,0.014
rev_14215,0.9992
rev_14216,0.9636
rev_14217,0.9991
rev_14218,0.9947
rev_14219,0.9999
rev_14220,0.9977
rev_14221,0.7154
rev_14222,0.0051
rev_14223,0.003
rev_14224,0.2015
rev_14225,0.0046
rev_14226,0.0074
rev_14227,0.2497
rev_14228,0.0003
rev_14229,0.999
rev_14230,0.9781
rev_14231,0.9894
rev_14232,0.9999
rev_14233,0.998
rev_14234,0.9984
rev_14235,0.0474
rev_14236,0.0111
rev_14237,0.0205
rev_14238,0.0408
rev_14239,0.5284
rev_14240,0.0161
rev_14241,0.9457
rev_14242,0.9881
rev_14243,0.999
rev_14244,0.9693
rev_14245,0.9941
rev_14246,0.9999
rev_14247,0.9994
rev_14248,0.0001
rev_14249,0.3736
rev_14250,0.0671
rev_14251,0.0445
rev_14252,0.0024
rev_14253,0.0187
rev_14254,0.0137
rev_14255,0.995
rev_14256,0.9608
rev_14257,0.999
rev_14258,0.3446
rev_14259,0.64
rev_14260,0.9989
rev_14261,0.9992
rev_14262,0.2758
rev_14263,0.025
rev_14264,0.0427
rev_14265,0.0257
rev_14266,0.0032
rev_14267,0.0062
rev_14268,0.0593
rev_14269,1.0
rev_14270,0.9818
rev_14271,1.0
rev_14272,0.9983
rev_14273,0.9998
rev_14274,0.9898
rev_14275,0.0439
rev_14276,0.3751
rev_14277,0.038
rev_14278,0.0004
rev_14279,0.5187
rev_14280,0.0171
rev_14281,0.9987
rev_14282,0.9979
rev_14283,0.9969
rev_14284,0.9218
rev_14285,0.7671
rev_14286,0.9934
rev_14287,0.0183
rev_14288,0.0101
rev_14289,0.0068
rev_14290,0.0087
rev_14291,0.3621
rev_14292,0.347
rev_14293,0.9991
rev_14294,0.9625
rev_14295,0.9998
rev_14296,0.9989
rev_14297,0.9222
rev_14298,0.942
rev_14299,0.0199
rev_14300,0.0699
rev_14301,0.0071
rev_14302,0.0005
rev_14303,0.0106
rev_14304,0.0038
rev_14305,0.9408
rev_14306,0.9443
rev_14307,0.9996
rev_14308,0.9784
rev_14309,0.9969
rev_14310,0.9871
rev_14311,0.0142
rev_14312,0.009
rev_14313,0.0391
rev_14314,0.0879
rev_14315,0.0211
rev_14316,0.0016
rev_14317,0.9973
rev_14318,0.9983
rev_14319,0.9965
rev_14320,1.0
rev_14321,0.4504
rev_14322,0.9997
rev_14323,0.0011
rev_14324,0.0045
rev_14325,0.0525
rev_14326,0.1108
rev_14327,0.0144
rev_14328,0.0139
rev_14329,0.9909
rev_14330,0.9625
rev_14331,0.9987
rev_14332,0.9476
rev_14333,0.9989
rev_14334,0.9983
rev_14335,0.0359
rev_14336,0.0141
rev_14337,0.0029
rev_14338,0.0749
rev_14339,0.1208
rev_14340,0.0606
rev_14341,1.0
rev_14342,0.9999
rev_14343,0.9908
rev_14344,0.9991
rev_14345,0.999
rev_14346,0.9977
rev_14347,0.0217
rev_14348,0.0295
rev_14349,0.0486
rev_14350,0.0078
rev_14351,0.1034
rev_14352,0.0023
rev_14353,1.0
rev_14354,0.9999
rev_14355,0.9999
rev_14356,0.9028
rev_14357,0.9995
rev_14358,0.7707
rev_14359,0.0138
rev_14360,0.0034
rev_14361,0.0098
rev_14362,0.0002
rev_14363,0.0286
rev_14364,0.4206
rev_14365,0.9996
rev_14366,0.9838
rev_14367,1.0
rev_14368,0.9998
rev_14369,0.9933
rev_14370,0.9959
rev_14371,0.0404
rev_14372,0.2811
rev_14373,0.0054
rev_14374,0.0435
rev_14375,0.0845
rev_14376,0.0012
rev_14377,0.8848
rev_14378,0.9984
rev_14379,0.9998
rev_14380,0.9953
rev_14381,0.9999
rev_14382,0.0046
rev_14383,0.0203
rev_14384,0.0065
rev_14385,0.275
rev_14386,0.0007
rev_14387,1.0
rev_14388,1.0
rev_14389,0.9996
rev_14390,0.9925
rev_14391,0.9971
rev_14392,0.9984
rev_14393,0.2345
rev_14394,0.0001
rev_14395,0.0514
rev_14396,0.0487
rev_14397,0.0548
rev_14398,0.0039
rev_14399,0.9997
rev_14400,0.9596
rev_14401,0.9999
rev_14402,0.9979
rev_14403,0.9987
rev_14404,0.0247
rev_14405,0.006
rev_14406,0.0042
rev_14407,0.0262
rev_14408,0.1306
rev_14409,0.9992
rev_14410,0.9803
rev_14411,0.9884
rev_14412,0.9962
rev_14413,0.9999
rev_14414,0.0024
rev_14415,0.063
rev_14416,0.1381
rev_14417,0.0017
rev_14418,0.0011
rev_14419,0.998
rev_14420,0.9987
rev_14421,0.9995
rev_14422,0.9989
rev_14423,0.9897
rev_14424,0.9993
rev_14425,0.0183
rev_14426,0.0728
rev_14427,0.0003
rev_14428,0.0559
rev_14429,0.0143
rev_14430,0.3134
rev_14431,0.6992
rev_14432,0.9985
rev_14433,0.9999
rev_14434,0.9958
rev_14435,0.9964
rev_14436,0.1129
rev_14437,0.0007
rev_14438,0.0157
rev_14439,0.031
rev_14440,0.0145
rev_14441,0.9986
rev_14442,0.965
rev_14443,0.9249
rev_14444,0.9999
rev_14445,0.9998
rev_14446,0.0418
rev_14447,0.0016
rev_14448,0.0621
rev_14449,0.028
rev_14450,0.0025
rev_14451,0.9961
rev_14452,0.9996
rev_14453,0.9999
rev_14454,0.9974
rev_14455,0.9979
rev_14456,0.007
rev_14457,0.0005
rev_14458,0.0121
rev_14459,0.0309
rev_14460,0.0164
rev_14461,0.9995
rev_14462,0.9998
rev_14463,0.7248
rev_14464,0.9998
rev_14465,0.5024
rev_14466,0.0061
rev_14467,0.0764
rev_14468,0.0035
rev_14469,0.0246
rev_14470,0.0166
rev_14471,0.9064
rev_14472,0.9948
rev_14473,0.9996
rev_14474,0.999
rev_14475,0.9899
rev_14476,0.0004
rev_14477,0.0778
rev_14478,0.0001
rev_14479,0.024
rev_14480,0.0621
rev_14481,0.9999
rev_14482,0.999
rev_14483,0.763
rev_14484,0.9865
rev_14485,0.9875
rev_14486,0.0098
rev_14487,0.0119
rev_14488,0.0051
rev_14489,0.0858
rev_14490,0.002
rev_14491,0.9762
rev_14492,0.9906
rev_14493,0.9977
rev_14494,0.995
rev_14495,1.0
rev_14496,0.0361
rev_14497,0.0066
rev_14498,0.0319
rev_14499,0.0076
rev_14500,0.0235
rev_14501,0.9481
rev_14502,0.9998
rev_14503,0.9521
rev_14504,0.9999
rev_14505,0.0002
rev_14506,0.0438
rev_14507,0.0066
rev_14508,0.0085
rev_14509,0.9999
rev_14510,0.9987
rev_14511,0.9996
rev_14512,0.9985
rev_14513,0.0436
rev_14514,0.0091
rev_14515,0.0047
rev_14516,0.0061
rev_14517,0.9378
rev_14518,0.9957
rev_14519,0.9944
rev_14520,0.9652
rev_14521,0.1306
rev_14522,0.0033
rev_14523,0.0004
rev_14524,0.0066
rev_14525,1.0
rev_14526,0.9995
rev_14527,0.9935
rev_14528,0.9562
rev_14529,0.0406
rev_14530,0.0105
rev_14531,0.0775
rev_14532,0.0917
rev_14533,1.0
rev_14534,0.9967
rev_14535,0.9503
rev_14536,0.5893
rev_14537,0.9996
rev_14538,0.0297
rev_14539,0.0037
rev_14540,0.0039
rev_14541,0.0098
rev_14542,0.0169
rev_14543,0.6807
rev_14544,0.994
rev_14545,0.9787
rev_14546,0.6516
rev_14547,0.9924
rev_14548,0.0321
rev_14549,0.0074
rev_14550,0.0182
rev_14551,0.8147
rev_14552,0.0076
rev_14553,0.999
rev_14554,0.9923
rev_14555,0.994
rev_14556,0.9939
rev_14557,0.0035
rev_14558,0.0473
rev_14559,0.1013
rev_14560,0.0195
rev_14561,0.9923
rev_14562,0.9367
rev_14563,0.2386
rev_14564,0.722
rev_14565,0.0029
rev_14566,0.0012
rev_14567,0.065
rev_14568,0.2823
rev_14569,0.9882
rev_14570,1.0
rev_14571,0.6752
rev_14572,0.9892
rev_14573,0.0002
rev_14574,0.0974
rev_14575,0.0202
rev_14576,0.0025
rev_14577,0.9855
rev_14578,0.9985
rev_14579,0.4146
rev_14580,0.8077
rev_14581,0.0625
rev_14582,0.0441
rev_14583,0.031
rev_14584,0.0085
rev_14585,0.9853
rev_14586,0.9994
rev_14587,0.8191
rev_14588,0.9999
rev_14589,0.6682
rev_14590,0.1043
rev_14591,0.0034
rev_14592,0.472
rev_14593,1.0
rev_14594,0.9947
rev_14595,0.9967
rev_14596,0.8144
rev_14597,0.1938
rev_14598,0.0002
rev_14599,0.0955
rev_14600,0.1005
rev_14601,0.9815
rev_14602,0.983
rev_14603,0.9988
rev_14604,0.6317
rev_14605,0.0005
rev_14606,0.3163
rev_14607,0.0511
rev_14608,0.0007
rev_14609,0.9998
rev_14610,0.9971
rev_14611,0.9998
rev_14612,0.674
rev_14613,0.0005
rev_14614,0.0586
rev_14615,0.0085
rev_14616,0.0831
rev_14617,0.7558
rev_14618,0.8166
rev_14619,0.9992
rev_14620,0.9786
rev_14621,0.0006
rev_14622,0.0683
rev_14623,0.0697
rev_14624,0.0577
rev_14625,0.9979
rev_14626,0.9993
rev_14627,0.9999
rev_14628,0.9863
rev_14629,0.0842
rev_14630,0.0112
rev_14631,0.3414
rev_14632,0.0326
rev_14633,0.9924
rev_14634,0.9945
rev_14635,0.9993
rev_14636,0.9856
rev_14637,0.3547
rev_14638,0.0205
rev_14639,0.003
rev_14640,0.0207
rev_14641,0.6178
rev_14642,0.1075
rev_14643,0.7327
rev_14644,0.9999
rev_14645,0.9868
rev_14646,0.9991
rev_14647,0.0007
rev_14648,0.0125
rev_14649,0.0009
rev_14650,0.1748
rev_14651,0.8898
rev_14652,0.9976
rev_14653,0.9994
rev_14654,0.9665
rev_14655,0.0111
rev_14656,0.0909
rev_14657,0.0785
rev_14658,0.0103
rev_14659,0.9966
rev_14660,0.9995
rev_14661,0.9977
rev_14662,0.9995
rev_14663,0.0089
rev_14664,0.0003
rev_14665,0.0166
rev_14666,0.1843
rev_14667,0.883
rev_14668,0.9978
rev_14669,0.9657
rev_14670,0.9539
rev_14671,0.0006
rev_14672,0.548
rev_14673,0.0203
rev_14674,0.0013
rev_14675,0.9992
rev_14676,0.9999
rev_14677,0.9999
rev_14678,0.9605
rev_14679,0.0089
rev_14680,0.0208
rev_14681,0.0291
rev_14682,0.0002
rev_14683,0.997
rev_14684,0.9996
rev_14685,0.9997
rev_14686,0.9923
rev_14687,0.0004
rev_14688,0.0032
rev_14689,0.0676
rev_14690,0.0118
rev_14691,0.9999
rev_14692,0.9395
rev_14693,0.9926
rev_14694,0.9977
rev_14695,0.0008
rev_14696,0.0098
rev_14697,0.0025
rev_14698,0.0408
rev_14699,0.9899
rev_14700,0.9994
rev_14701,0.9077
rev_14702,0.8246
rev_14703,0.0029
rev_14704,0.0012
rev_14705,0.0125
rev_14706,0.1418
rev_14707,0.5273
rev_14708,0.8575
rev_14709,0.9318
rev_14710,0.9717
rev_14711,0.0315
rev_14712,0.0017
rev_14713,0.0005
rev_14714,0.0003
rev_14715,0.9968
rev_14716,0.9998
rev_14717,0.9768
rev_14718,0.0646
rev_14719,0.0131
rev_14720,0.0251
rev_14721,0.8844
rev_14722,0.9999
rev_14723,0.6543
rev_14724,0.9971
rev_14725,0.246
rev_14726,0.1126
rev_14727,0.0006
rev_14728,0.0001
rev_14729,0.9934
rev_14730,1.0
rev_14731,0.9994
rev_14732,0.9998
rev_14733,0.0062
rev_14734,0.0003
rev_14735,0.0065
rev_14736,0.0018
rev_14737,0.9305
rev_14738,0.9971
rev_14739,0.9179
rev_14740,0.0058
rev_14741,0.0531
rev_14742,0.0034
rev_14743,0.628
rev_14744,0.9866
rev_14745,0.9734
rev_14746,0.0011
rev_14747,0.005
rev_14748,0.0121
rev_14749,0.9755
rev_14750,0.9981
rev_14751,0.9798
rev_14752,0.3343
rev_14753,0.0025
rev_14754,0.0024
rev_14755,0.9897
rev_14756,0.9807
rev_14757,0.9999
rev_14758,0.9785
rev_14759,0.0403
rev_14760,0.0467
rev_14761,0.007
rev_14762,0.0496
rev_14763,0.7304
rev_14764,0.9997
rev_14765,0.9613
rev_14766,0.0234
rev_14767,0.0006
rev_14768,0.0
rev_14769,0.5617
rev_14770,0.9929
rev_14771,0.9984
rev_14772,0.013
rev_14773,0.224
rev_14774,0.0006
rev_14775,0.9999
rev_14776,0.9945
rev_14777,0.998
rev_14778,0.0361
rev_14779,0.0005
rev_14780,0.0012
rev_14781,0.9814
rev_14782,0.8724
rev_14783,0.9995
rev_14784,0.022
rev_14785,0.0001
rev_14786,0.0001
rev_14787,0.9572
rev_14788,0.4806
rev_14789,0.9997
rev_14790,0.354
rev_14791,0.0003
rev_14792,0.009
rev_14793,0.0017
rev_14794,0.0031
rev_14795,0.9998
rev_14796,0.9995
rev_14797,0.9957
rev_14798,0.002
rev_14799,0.0016
rev_14800,0.0046
rev_14801,0.4107
rev_14802,0.6995
rev_14803,0.9994
rev_14804,0.2421
rev_14805,0.0137
rev_14806,0.0061
rev_14807,0.9299
rev_14808,0.997
rev_14809,0.9997
rev_14810,0.9999
rev_14811,0.002
rev_14812,0.2033
rev_14813,0.0
rev_14814,0.0026
rev_14815,0.9837
rev_14816,0.9714
rev_14817,0.9758
rev_14818,0.0005
rev_14819,0.0086
rev_14820,0.0045
rev_14821,0.994
rev_14822,0.9774
rev_14823,0.9875
rev_14824,0.005
rev_14825,0.0208
rev_14826,0.0037
rev_14827,0.9992
rev_14828,0.9994
rev_14829,1.0
rev_14830,0.0014
rev_14831,0.0796
rev_14832,0.0938
rev_14833,0.9963
rev_14834,0.9944
rev_14835,0.9966
rev_14836,0.0
rev_14837,0.0151
rev_14838,0.0024
rev_14839,0.9999
rev_14840,0.9993
rev_14841,0.9947
rev_14842,0.0095
rev_14843,0.001
rev_14844,0.0071
rev_14845,0.9998
rev_14846,0.1981
rev_14847,0.9998
rev_14848,0.0024
rev_14849,0.0521
rev_14850,0.0487
rev_14851,0.9987
rev_14852,0.9553
rev_14853,0.9987
rev_14854,0.0063
rev_14855,0.0
rev_14856,0.016
rev_14857,0.9975
rev_14858,0.9861
rev_14859,0.9994
rev_14860,0.0
rev_14861,0.0008
rev_14862,0.007
rev_14863,0.96
rev_14864,0.9999
rev_14865,0.9792
rev_14866,0.0267
rev_14867,0.0004
rev_14868,0.0011
rev_14869,0.7613
rev_14870,0.9996
rev_14871,0.9965
rev_14872,0.0244
rev_14873,0.0319
rev_14874,0.0009
rev_14875,0.9767
rev_14876,0.9774
rev_14877,0.1029
rev_14878,0.0003
rev_14879,0.9813
rev_14880,0.9994
rev_14881,1.0
rev_14882,0.0012
rev_14883,0.1494
rev_14884,0.0001
rev_14885,0.8142
rev_14886,0.8466
rev_14887,0.9983
rev_14888,0.0004
rev_14889,0.0502
rev_14890,0.1379
rev_14891,1.0
rev_14892,0.9985
rev_14893,0.9982
rev_14894,0.0007
rev_14895,0.0001
rev_14896,0.0301
rev_14897,0.9786
rev_14898,0.9734
rev_14899,0.9997
rev_14900,0.1485
rev_14901,0.0005
rev_14902,0.0068
rev_14903,0.9978
rev_14904,0.9566
rev_14905,0.6559
rev_14906,0.0001
rev_14907,0.0007
rev_14908,0.0
rev_14909,0.9807
rev_14910,0.6362
rev_14911,0.7608
rev_14912,0.0009
rev_14913,0.0035
rev_14914,0.0252
rev_14915,0.9998
rev_14916,0.9075
rev_14917,0.9992
rev_14918,0.0005
rev_14919,0.0024
rev_14920,0.0028
rev_14921,0.9993
rev_14922,0.999
rev_14923,0.9416
rev_14924,0.0058
rev_14925,0.0076
rev_14926,0.0008
rev_14927,0.9842
rev_14928,0.9998
rev_14929,0.9036
rev_14930,0.0229
rev_14931,0.0001
rev_14932,0.0002
rev_14933,0.9965
rev_14934,0.9681
rev_14935,0.9888
rev_14936,0.1425
rev_14937,0.0039
rev_14938,0.0012
rev_14939,0.9994
rev_14940,0.9927
rev_14941,0.9931
rev_14942,0.0006
rev_14943,0.0003
rev_14944,0.0046
rev_14945,0.9975
rev_14946,0.9739
rev_14947,0.9941
rev_14948,0.0001
rev_14949,0.0335
rev_14950,0.0018
rev_14951,0.4793
rev_14952,0.9923
rev_14953,0.9989
rev_14954,0.0215
rev_14955,0.0001
rev_14956,0.0027
rev_14957,0.9121
rev_14958,0.9984
rev_14959,0.9977
rev_14960,0.1456
rev_14961,0.0003
rev_14962,0.0018
rev_14963,0.6765
rev_14964,0.994
rev_14965,0.1018
rev_14966,0.0001
rev_14967,0.9879
rev_14968,0.9978
rev_14969,0.9932
rev_14970,0.0057
rev_14971,0.0041
rev_14972,0.0
rev_14973,0.9888
rev_14974,0.9973
rev_14975,0.999
rev_14976,0.0038
rev_14977,0.0014
rev_14978,0.0022
rev_14979,0.93
rev_14980,0.8998
rev_14981,0.9437
rev_14982,0.0002
rev_14983,0.0121
rev_14984,0.0003
rev_14985,0.9577
rev_14986,0.9987
rev_14987,0.0025
rev_14988,0.0671
rev_14989,0.9996
rev_14990,0.9963
rev_14991,0.982
rev_14992,0.3072
rev_14993,0.0054
rev_14994,0.0468
rev_14995,0.9984
rev_14996,0.9994
rev_14997,0.9418
rev_14998,0.0525
rev_14999,0.002
rev_15000,0.0004
rev_15001,0.9985
rev_15002,0.972
rev_15003,0.9724
rev_15004,0.0062
rev_15005,0.0001
rev_15006,0.0129
rev_15007,0.9964
rev_15008,0.9794
rev_15009,0.0023
rev_15010,0.0016
rev_15011,0.999
rev_15012,0.9995
rev_15013,0.0864
rev_15014,0.0057
rev_15015,0.9995
rev_15016,0.9984
rev_15017,0.9943
rev_15018,0.0022
rev_15019,0.0031
rev_15020,0.0365
rev_15021,0.9946
rev_15022,0.975
rev_15023,0.4126
rev_15024,0.004
rev_15025,0.006
rev_15026,0.0354
rev_15027,0.9977
rev_15028,0.989
rev_15029,0.0448
rev_15030,0.0004
rev_15031,0.5103
rev_15032,0.9643
rev_15033,0.9887
rev_15034,0.0001
rev_15035,0.0658
rev_15036,0.021
rev_15037,0.9994
rev_15038,0.9967
rev_15039,0.0004
rev_15040,0.0079
rev_15041,0.9959
rev_15042,0.9757
rev_15043,0.0047
rev_15044,0.0114
rev_15045,0.9992
rev_15046,0.9967
rev_15047,0.0021
rev_15048,0.0
rev_15049,0.9544
rev_15050,1.0
rev_15051,0.0033
rev_15052,0.0318
rev_15053,1.0
rev_15054,0.9566
rev_15055,0.0
rev_15056,0.0949
rev_15057,0.9967
rev_15058,0.9984
rev_15059,0.998
rev_15060,0.0011
rev_15061,0.0001
rev_15062,0.0005
rev_15063,0.9205
rev_15064,1.0
rev_15065,0.0006
rev_15066,0.0302
rev_15067,0.9986
rev_15068,1.0
rev_15069,0.6498
rev_15070,0.0007
rev_15071,0.9992
rev_15072,0.9816
rev_15073,0.0146
rev_15074,0.0646
rev_15075,0.9989
rev_15076,0.3802
rev_15077,0.0001
rev_15078,0.0045
rev_15079,0.824
rev_15080,0.9989
rev_15081,0.0003
rev_15082,0.0006
rev_15083,0.9994
rev_15084,0.9963
rev_15085,0.025
rev_15086,0.0003
rev_15087,0.9986
rev_15088,0.9915
rev_15089,0.0
rev_15090,0.0776
rev_15091,0.9992
rev_15092,0.9942
rev_15093,0.0006
rev_15094,0.0044
rev_15095,0.9997
rev_15096,0.9574
rev_15097,0.0003
rev_15098,0.0004
rev_15099,0.9983
rev_15100,0.9983
rev_15101,0.0019
rev_15102,0.0008
rev_15103,0.9973
rev_15104,0.9589
rev_15105,0.012
rev_15106,0.0427
rev_15107,0.9981
rev_15108,0.9842
rev_15109,0.0119
rev_15110,0.0134
rev_15111,0.9999
rev_15112,0.9999
rev_15113,0.6551
rev_15114,0.0001
rev_15115,0.9868
rev_15116,0.9999
rev_15117,0.0036
rev_15118,0.0028
rev_15119,0.9992
rev_15120,0.9517
rev_15121,0.0024
rev_15122,0.0137
rev_15123,0.9996
rev_15124,0.8825
rev_15125,0.0115
rev_15126,0.0005
rev_15127,0.9225
rev_15128,0.9948
rev_15129,0.0116
rev_15130,0.0003
rev_15131,0.9833
rev_15132,0.998
rev_15133,0.0113
rev_15134,0.0005
rev_15135,0.6236
rev_15136,0.9307
rev_15137,0.0003
rev_15138,0.0113
rev_15139,0.9993
rev_15140,1.0
rev_15141,0.0006
rev_15142,0.0005
rev_15143,0.9999
rev_15144,1.0
rev_15145,0.0049
rev_15146,0.0001
rev_15147,0.9999
rev_15148,0.9986
rev_15149,0.0006
rev_15150,0.0054
rev_15151,0.8121
rev_15152,0.9993
rev_15153,0.007
rev_15154,0.0
rev_15155,1.0
rev_15156,0.9999
rev_15157,0.0007
rev_15158,0.0009
rev_15159,0.9557
rev_15160,0.999
rev_15161,0.0004
rev_15162,0.022
rev_15163,0.9961
rev_15164,0.9164
rev_15165,0.0016
rev_15166,0.0017
rev_15167,0.9965
rev_15168,0.9713
rev_15169,0.0069
rev_15170,0.0326
rev_15171,0.9998
rev_15172,0.9998
rev_15173,0.0038
rev_15174,0.0019
rev_15175,0.9986
rev_15176,0.9776
rev_15177,0.0005
rev_15178,0.0026
rev_15179,0.998
rev_15180,0.996
rev_15181,0.0071
rev_15182,0.0
rev_15183,0.9916
rev_15184,0.9925
rev_15185,0.0003
rev_15186,0.0012
rev_15187,0.9887
rev_15188,0.9969
rev_15189,0.0005
rev_15190,0.0007
rev_15191,0.9867
rev_15192,0.9952
rev_15193,0.0002
rev_15194,0.0007
rev_15195,0.9984
rev_15196,0.9388
rev_15197,0.0003
rev_15198,0.0014
rev_15199,0.9957
rev_15200,0.9658
rev_15201,0.0245
rev_15202,0.0
rev_15203,0.9401
rev_15204,1.0
rev_15205,0.0
rev_15206,0.0
rev_15207,0.8826
rev_15208,0.4607
rev_15209,0.0015
rev_15210,0.0011
rev_15211,0.989
rev_15212,0.9984
rev_15213,0.0003
rev_15214,0.0037
rev_15215,0.9991
rev_15216,0.9993
rev_15217,0.0034
rev_15218,0.001
rev_15219,0.9984
rev_15220,0.9842
rev_15221,0.0966
rev_15222,0.0001
rev_15223,0.8592
rev_15224,0.9994
rev_15225,0.1583
rev_15226,0.0039
rev_15227,0.9958
rev_15228,0.9902
rev_15229,0.0071
rev_15230,0.0001
rev_15231,0.8573
rev_15232,0.9735
rev_15233,0.0007
rev_15234,0.4197
rev_15235,0.9991
rev_15236,0.8931
rev_15237,0.0087
rev_15238,0.0007
rev_15239,0.9998
rev_15240,0.9984
rev_15241,0.0011
rev_15242,0.0001
rev_15243,0.9999
rev_15244,0.9998
rev_15245,0.0
rev_15246,0.0027
rev_15247,0.9576
rev_15248,0.999
rev_15249,0.0011
rev_15250,0.0008
rev_15251,0.8653
rev_15252,0.9893
rev_15253,0.0002
rev_15254,0.0006
rev_15255,0.9949
rev_15256,0.7515
rev_15257,0.0
rev_15258,0.0146
rev_15259,0.7369
rev_15260,0.9993
rev_15261,0.0002
rev_15262,0.0001
rev_15263,0.9036
rev_15264,0.9752
rev_15265,0.021
rev_15266,0.0006
rev_15267,0.9991
rev_15268,0.9966
rev_15269,0.0082
rev_15270,0.0069
rev_15271,0.9998
rev_15272,0.9999
rev_15273,0.0003
rev_15274,0.0487
rev_15275,0.9994
rev_15276,0.0001
rev_15277,0.9998
rev_15278,0.9841
rev_15279,0.0083
rev_15280,0.001
rev_15281,0.983
rev_15282,1.0
rev_15283,0.0002
rev_15284,0.0006
rev_15285,0.9942
rev_15286,0.0382
rev_15287,0.9996
rev_15288,0.3024
rev_15289,0.0088
rev_15290,0.0001
rev_15291,0.9697
rev_15292,0.9906
rev_15293,0.0006
rev_15294,0.0012
rev_15295,0.9995
rev_15296,0.9845
rev_15297,0.0006
rev_15298,0.0003
rev_15299,0.9994
rev_15300,0.9984
rev_15301,0.0083
rev_15302,0.0001
rev_15303,0.9939
rev_15304,0.9983
rev_15305,0.0029
rev_15306,0.0001
rev_15307,0.9984
rev_15308,0.9202
rev_15309,0.0032
rev_15310,0.0001
rev_15311,0.4743
rev_15312,0.9992
rev_15313,0.0001
rev_15314,0.0
rev_15315,0.957
rev_15316,0.0131
rev_15317,0.9932
rev_15318,0.982
rev_15319,0.0512
rev_15320,0.0008
rev_15321,0.9998
rev_15322,0.9986
rev_15323,0.0001
rev_15324,0.0197
rev_15325,0.9752
rev_15326,0.9991
rev_15327,0.0004
rev_15328,0.0002
rev_15329,0.9976
rev_15330,0.9985
rev_15331,0.0007
rev_15332,0.0001
rev_15333,0.9985
rev_15334,0.9999
rev_15335,0.0215
rev_15336,0.0004
rev_15337,0.998
rev_15338,0.4703
rev_15339,0.0005
rev_15340,0.0001
rev_15341,0.9978
rev_15342,0.9997
rev_15343,0.0053
rev_15344,0.0
rev_15345,0.9606
rev_15346,0.9998
rev_15347,0.0004
rev_15348,0.0
rev_15349,0.9998
rev_15350,0.9994
rev_15351,0.0002
rev_15352,0.0002
rev_15353,0.9999
rev_15354,0.9749
rev_15355,0.0
rev_15356,0.006
rev_15357,0.2308
rev_15358,0.0012
rev_15359,0.9999
rev_15360,0.4637
rev_15361,0.0001
rev_15362,0.0124
rev_15363,0.9901
rev_15364,0.0002
rev_15365,0.9975
rev_15366,0.0
rev_15367,0.9993
rev_15368,0.0006
rev_15369,0.9998
rev_15370,0.9981
rev_15371,0.0021
rev_15372,0.0024
rev_15373,0.9959
rev_15374,0.9981
rev_15375,0.0007
rev_15376,0.0002
rev_15377,0.9939
rev_15378,0.0013
rev_15379,0.999
rev_15380,1.0
rev_15381,0.0092
rev_15382,0.0001
rev_15383,0.9973
rev_15384,0.0004
rev_15385,0.793
rev_15386,0.9997
rev_15387,0.0006
rev_15388,0.0002
rev_15389,0.998
rev_15390,0.0003
rev_15391,0.9702
rev_15392,0.0011
rev_15393,0.9646
rev_15394,0.9995
rev_15395,0.0007
rev_15396,0.0055
rev_15397,0.6814
rev_15398,0.0042
rev_15399,0.9999
rev_15400,0.9842
rev_15401,0.0006
rev_15402,0.0374
rev_15403,0.9925
rev_15404,0.0023
rev_15405,0.8538
rev_15406,0.8373
rev_15407,0.0062
rev_15408,0.0001
rev_15409,0.3804
rev_15410,0.995
rev_15411,0.0008
rev_15412,0.0027
rev_15413,1.0
rev_15414,0.0
rev_15415,0.9998
rev_15416,0.0013
rev_15417,0.9994
rev_15418,0.0036
rev_15419,0.8996
rev_15420,0.0009
rev_15421,0.9998
rev_15422,0.9663
rev_15423,0.0009
rev_15424,0.0001
rev_15425,0.999
rev_15426,0.0001
rev_15427,0.9871
rev_15428,0.0
rev_15429,0.9989
rev_15430,0.0005
rev_15431,0.9998
rev_15432,0.0006
rev_15433,0.9968
rev_15434,0.0025
rev_15435,0.9982
rev_15436,0.9999
rev_15437,0.0001
rev_15438,0.0095
rev_15439,0.9931
rev_15440,0.9998
rev_15441,0.0041
rev_15442,0.0004
rev_15443,0.999
rev_15444,0.0006
rev_15445,0.9808
rev_15446,0.9999
rev_15447,0.0025
rev_15448,0.0033
rev_15449,0.989
rev_15450,0.0121
rev_15451,0.9966
rev_15452,0.001
rev_15453,1.0
rev_15454,0.001
rev_15455,0.9992
rev_15456,0.0006
rev_15457,0.9824
rev_15458,0.0035
rev_15459,0.9999
rev_15460,0.0002
rev_15461,0.9986
rev_15462,0.0024
rev_15463,0.1214
rev_15464,0.0006
rev_15465,0.7764
rev_15466,0.0006
rev_15467,0.9998
rev_15468,0.0
rev_15469,0.9215
rev_15470,0.0014
rev_15471,1.0
rev_15472,0.0001
rev_15473,1.0
rev_15474,0.9968
rev_15475,0.0034
rev_15476,0.0032
rev_15477,0.9999
rev_15478,0.0019
rev_15479,0.9959
rev_15480,0.0005
rev_15481,0.8316
rev_15482,0.0022
rev_15483,0.9944
rev_15484,0.0001
rev_15485,0.9996
rev_15486,0.0015
rev_15487,0.6819
rev_15488,0.0011
rev_15489,1.0
rev_15490,0.0002
rev_15491,0.9321
rev_15492,0.0005
rev_15493,0.9819
rev_15494,0.0
rev_15495,0.9997
rev_15496,0.0051
rev_15497,0.9921
rev_15498,0.0
rev_15499,0.8384
rev_15500,0.0
rev_15501,0.9791
rev_15502,0.0011
rev_15503,0.9997
rev_15504,0.0038
rev_15505,1.0
rev_15506,0.0001
rev_15507,0.9819
rev_15508,0.003
rev_15509,0.9998
rev_15510,0.0
rev_15511,0.9992
rev_15512,0.0033
rev_15513,0.9983
rev_15514,0.0
rev_15515,0.9993
rev_15516,0.0005
rev_15517,0.9496
rev_15518,0.0015
rev_15519,1.0
rev_15520,0.0496
rev_15521,0.9374
rev_15522,0.0004
rev_15523,0.9999
rev_15524,0.0
rev_15525,0.9993
rev_15526,0.0
rev_15527,0.9828
rev_15528,0.0154
rev_15529,0.9523
rev_15530,0.0024
rev_15531,0.991
rev_15532,0.0025
rev_15533,0.9867
rev_15534,0.0267
rev_15535,0.9641
rev_15536,0.0
rev_15537,1.0
rev_15538,0.0005
rev_15539,1.0
rev_15540,0.0
rev_15541,0.2055
rev_15542,0.0
rev_15543,0.9903
rev_15544,0.0
rev_15545,0.9998
rev_15546,0.0007
rev_15547,0.9964
rev_15548,0.0331
rev_15549,0.9648
rev_15550,0.0007
rev_15551,0.9986
rev_15552,0.0033
rev_15553,0.9466
rev_15554,0.0003
rev_15555,0.9999
rev_15556,0.0
rev_15557,0.9776
rev_15558,0.0013
rev_15559,0.9993
rev_15560,0.0001
rev_15561,0.9539
rev_15562,0.0
rev_15563,0.5778
rev_15564,0.0
rev_15565,1.0
rev_15566,0.0012
rev_15567,0.8985
rev_15568,0.0004
rev_15569,0.9995
rev_15570,0.0002
rev_15571,0.1196
rev_15572,0.0
rev_15573,0.9951
rev_15574,0.0
rev_15575,0.9974
rev_15576,1.0
rev_15577,0.9951
rev_15578,0.7951
rev_15579,0.6651
rev_15580,0.9994
rev_15581,0.876
rev_15582,0.4335
rev_15583,0.9997
rev_15584,0.9959
rev_15585,0.2992
rev_15586,0.9812
rev_15587,0.9959
rev_15588,0.9597
rev_15589,0.4962
rev_15590,0.9999
rev_15591,0.9418
rev_15592,0.967
rev_15593,0.9952
rev_15594,0.9965
rev_15595,0.9642
rev_15596,0.9983
rev_15597,0.9914
rev_15598,0.999
rev_15599,0.4356
rev_15600,0.9972
rev_15601,0.9909
rev_15602,0.9976
rev_15603,0.9944
rev_15604,0.9579
rev_15605,0.9993
rev_15606,0.9293
rev_15607,0.9082
rev_15608,0.9961
rev_15609,0.9129
rev_15610,0.8489
rev_15611,0.291
rev_15612,0.8903
rev_15613,0.996
rev_15614,0.6509
rev_15615,0.6069
rev_15616,0.9973
rev_15617,0.9355
rev_15618,0.9954
rev_15619,0.9708
rev_15620,0.9151
rev_15621,0.9742
rev_15622,0.9948
rev_15623,0.514
rev_15624,0.0769
rev_15625,0.0342
rev_15626,0.2438
rev_15627,0.1064
rev_15628,0.0055
rev_15629,0.4592
rev_15630,0.0298
rev_15631,0.1317
rev_15632,0.0828
rev_15633,0.0295
rev_15634,0.2576
rev_15635,0.2887
rev_15636,0.6169
rev_15637,0.0329
rev_15638,0.2982
rev_15639,0.0279
rev_15640,0.0429
rev_15641,0.582
rev_15642,0.0162
rev_15643,0.0041
rev_15644,0.495
rev_15645,0.4056
rev_15646,0.7556
rev_15647,0.1614
rev_15648,0.0304
rev_15649,0.2782
rev_15650,0.1176
rev_15651,0.0723
rev_15652,0.0062
rev_15653,0.0894
rev_15654,0.1103
rev_15655,0.0236
rev_15656,0.5786
rev_15657,0.4686
rev_15658,0.0239
rev_15659,0.1029
rev_15660,0.0437
rev_15661,0.3102
rev_15662,0.9172
rev_15663,0.0073
rev_15664,0.1125
rev_15665,0.0318
rev_15666,0.3866
rev_15667,0.371
rev_15668,0.2755
rev_15669,0.2716
rev_15670,0.3376
rev_15671,0.9909
rev_15672,0.9681
rev_15673,0.6808
rev_15674,0.9781
rev_15675,0.9977
rev_15676,0.8687
rev_15677,0.9992
rev_15678,0.9963
rev_15679,0.8315
rev_15680,0.9923
rev_15681,0.9976
rev_15682,0.9358
rev_15683,0.9227
rev_15684,0.9961
rev_15685,0.9991
rev_15686,0.9905
rev_15687,0.9997
rev_15688,0.8589
rev_15689,0.4614
rev_15690,0.9425
rev_15691,0.878
rev_15692,0.9995
rev_15693,0.6852
rev_15694,0.3889
rev_15695,0.999
rev_15696,0.995
rev_15697,0.8437
rev_15698,0.9995
rev_15699,0.8865
rev_15700,0.9998
rev_15701,0.9657
rev_15702,0.5255
rev_15703,0.9366
rev_15704,0.8411
rev_15705,0.9998
rev_15706,0.9993
rev_15707,0.8329
rev_15708,0.9685
rev_15709,0.8182
rev_15710,0.999
rev_15711,0.9967
rev_15712,0.0669
rev_15713,0.9877
rev_15714,0.9999
rev_15715,0.1377
rev_15716,0.9985
rev_15717,0.9907
rev_15718,0.5306
rev_15719,0.1771
rev_15720,0.0027
rev_15721,0.019
rev_15722,0.3497
rev_15723,0.1089
rev_15724,0.0211
rev_15725,0.0233
rev_15726,0.0166
rev_15727,0.0086
rev_15728,0.0504
rev_15729,0.0225
rev_15730,0.067
rev_15731,0.0567
rev_15732,0.4314
rev_15733,0.0121
rev_15734,0.2155
rev_15735,0.0743
rev_15736,0.5047
rev_15737,0.2145
rev_15738,0.1527
rev_15739,0.1241
rev_15740,0.024
rev_15741,0.3428
rev_15742,0.268
rev_15743,0.0114
rev_15744,0.2621
rev_15745,0.0753
rev_15746,0.1401
rev_15747,0.0572
rev_15748,0.0014
rev_15749,0.1794
rev_15750,0.9194
rev_15751,0.1622
rev_15752,0.0524
rev_15753,0.5095
rev_15754,0.0996
rev_15755,0.9653
rev_15756,0.3103
rev_15757,0.1219
rev_15758,0.0261
rev_15759,0.5234
rev_15760,0.0239
rev_15761,0.1725
rev_15762,0.0282
rev_15763,0.1392
rev_15764,0.0784
rev_15765,0.7639
rev_15766,0.9884
rev_15767,0.5606
rev_15768,0.8068
rev_15769,0.998
rev_15770,0.9985
rev_15771,0.9987
rev_15772,0.9639
rev_15773,0.9944
rev_15774,0.3756
rev_15775,0.7535
rev_15776,0.9781
rev_15777,0.5537
rev_15778,0.9609
rev_15779,0.9828
rev_15780,0.9993
rev_15781,0.8811
rev_15782,0.834
rev_15783,0.1824
rev_15784,0.9984
rev_15785,0.999
rev_15786,0.7866
rev_15787,0.995
rev_15788,0.9935
rev_15789,0.5675
rev_15790,0.9748
rev_15791,0.5325
rev_15792,0.9859
rev_15793,0.9999
rev_15794,0.9987
rev_15795,0.998
rev_15796,0.9919
rev_15797,0.995
rev_15798,0.6523
rev_15799,0.998
rev_15800,0.9747
rev_15801,0.9997
rev_15802,0.7533
rev_15803,0.864
rev_15804,0.9771
rev_15805,0.9432
rev_15806,0.9696
rev_15807,0.8946
rev_15808,0.9999
rev_15809,0.0515
rev_15810,0.1154
rev_15811,0.1134
rev_15812,0.7945
rev_15813,0.625
rev_15814,0.0498
rev_15815,0.0832
rev_15816,0.0171
rev_15817,0.7717
rev_15818,0.7722
rev_15819,0.0084
rev_15820,0.0335
rev_15821,0.124
rev_15822,0.3097
rev_15823,0.0534
rev_15824,0.0835
rev_15825,0.2184
rev_15826,0.0765
rev_15827,0.2506
rev_15828,0.7381
rev_15829,0.0671
rev_15830,0.6779
rev_15831,0.0785
rev_15832,0.014
rev_15833,0.5611
rev_15834,0.0031
rev_15835,0.1087
rev_15836,0.033
rev_15837,0.0118
rev_15838,0.1536
rev_15839,0.1567
rev_15840,0.1256
rev_15841,0.0732
rev_15842,0.0245
rev_15843,0.2304
rev_15844,0.0905
rev_15845,0.5855
rev_15846,0.0324
rev_15847,0.3571
rev_15848,0.0963
rev_15849,0.1773
rev_15850,0.0091
rev_15851,0.0594
rev_15852,0.0828
rev_15853,0.9548
rev_15854,0.9536
rev_15855,0.9998
rev_15856,0.9998
rev_15857,0.9844
rev_15858,0.5146
rev_15859,0.9877
rev_15860,0.8838
rev_15861,0.998
rev_15862,0.995
rev_15863,0.9999
rev_15864,0.6102
rev_15865,0.9999
rev_15866,0.9985
rev_15867,0.5821
rev_15868,0.7586
rev_15869,0.9834
rev_15870,0.5613
rev_15871,0.9964
rev_15872,0.9964
rev_15873,0.9989
rev_15874,0.9993
rev_15875,0.9968
rev_15876,0.9988
rev_15877,0.8631
rev_15878,0.952
rev_15879,0.0205
rev_15880,0.9854
rev_15881,0.8884
rev_15882,0.9986
rev_15883,0.9998
rev_15884,0.9999
rev_15885,1.0
rev_15886,1.0
rev_15887,0.9554
rev_15888,0.885
rev_15889,1.0
rev_15890,0.8916
rev_15891,0.9479
rev_15892,0.9824
rev_15893,0.9992
rev_15894,0.0143
rev_15895,0.158
rev_15896,0.018
rev_15897,0.0017
rev_15898,0.1171
rev_15899,0.4694
rev_15900,0.332
rev_15901,0.0428
rev_15902,0.5496
rev_15903,0.097
rev_15904,0.1701
rev_15905,0.9223
rev_15906,0.0321
rev_15907,0.0967
rev_15908,0.0805
rev_15909,0.0294
rev_15910,0.7749
rev_15911,0.2761
rev_15912,0.0533
rev_15913,0.8527
rev_15914,0.2641
rev_15915,0.2507
rev_15916,0.1752
rev_15917,0.095
rev_15918,0.0626
rev_15919,0.5156
rev_15920,0.0983
rev_15921,0.0065
rev_15922,0.036
rev_15923,0.4294
rev_15924,0.122
rev_15925,0.0913
rev_15926,0.7499
rev_15927,0.0783
rev_15928,0.0276
rev_15929,0.1963
rev_15930,0.0872
rev_15931,0.4376
rev_15932,0.0189
rev_15933,0.7617
rev_15934,0.7102
rev_15935,0.9675
rev_15936,0.9954
rev_15937,0.741
rev_15938,0.9719
rev_15939,0.9972
rev_15940,0.0935
rev_15941,0.0142
rev_15942,0.9817
rev_15943,0.8979
rev_15944,0.9969
rev_15945,0.8817
rev_15946,0.4387
rev_15947,0.9778
rev_15948,0.3404
rev_15949,0.9883
rev_15950,0.9985
rev_15951,0.9927
rev_15952,0.0995
rev_15953,0.2075
rev_15954,0.9925
rev_15955,0.113
rev_15956,0.9998
rev_15957,0.6483
rev_15958,0.8319
rev_15959,0.9907
rev_15960,0.9888
rev_15961,0.9995
rev_15962,0.9473
rev_15963,0.9989
rev_15964,0.9997
rev_15965,0.7207
rev_15966,0.3875
rev_15967,0.4779
rev_15968,0.9954
rev_15969,0.9853
rev_15970,0.9783
rev_15971,0.9984
rev_15972,0.653
rev_15973,0.0405
rev_15974,0.4561
rev_15975,0.0388
rev_15976,0.8122
rev_15977,0.03
rev_15978,0.4833
rev_15979,0.4427
rev_15980,0.1238
rev_15981,0.0228
rev_15982,0.2955
rev_15983,0.5924
rev_15984,0.3784
rev_15985,0.1858
rev_15986,0.223
rev_15987,0.425
rev_15988,0.1003
rev_15989,0.0145
rev_15990,0.1911
rev_15991,0.2925
rev_15992,0.9379
rev_15993,0.069
rev_15994,0.0265
rev_15995,0.0235
rev_15996,0.037
rev_15997,0.0623
rev_15998,0.6191
rev_15999,0.3073
rev_16000,0.39
rev_16001,0.1136
rev_16002,0.5729
rev_16003,0.11
rev_16004,0.0017
rev_16005,0.0322
rev_16006,0.1379
rev_16007,0.1078
rev_16008,0.0306
rev_16009,0.1996
rev_16010,0.0848
rev_16011,0.9982
rev_16012,0.9909
rev_16013,0.9998
rev_16014,0.6514
rev_16015,0.8727
rev_16016,0.9998
rev_16017,0.2547
rev_16018,0.9895
rev_16019,0.9982
rev_16020,0.9998
rev_16021,0.8669
rev_16022,0.9379
rev_16023,0.919
rev_16024,0.9756
rev_16025,0.3379
rev_16026,0.9594
rev_16027,0.9929
rev_16028,0.6757
rev_16029,0.9979
rev_16030,0.9999
rev_16031,0.9196
rev_16032,0.6485
rev_16033,0.9915
rev_16034,0.9973
rev_16035,0.997
rev_16036,0.9833
rev_16037,0.9483
rev_16038,0.9563
rev_16039,0.9276
rev_16040,0.2275
rev_16041,0.9994
rev_16042,0.9997
rev_16043,0.9524
rev_16044,0.9997
rev_16045,0.9032
rev_16046,0.9745
rev_16047,0.9658
rev_16048,0.1848
rev_16049,0.0408
rev_16050,0.02
rev_16051,0.0019
rev_16052,0.0774
rev_16053,0.197
rev_16054,0.1884
rev_16055,0.2574
rev_16056,0.0443
rev_16057,0.1852
rev_16058,0.3146
rev_16059,0.0905
rev_16060,0.0012
rev_16061,0.0155
rev_16062,0.1782
rev_16063,0.3029
rev_16064,0.0101
rev_16065,0.1352
rev_16066,0.0035
rev_16067,0.5066
rev_16068,0.0281
rev_16069,0.0598
rev_16070,0.0305
rev_16071,0.0355
rev_16072,0.2999
rev_16073,0.0453
rev_16074,0.2792
rev_16075,0.9079
rev_16076,0.014
rev_16077,0.1347
rev_16078,0.178
rev_16079,0.1146
rev_16080,0.0191
rev_16081,0.1124
rev_16082,0.7121
rev_16083,0.1824
rev_16084,0.0436
rev_16085,0.9992
rev_16086,0.9993
rev_16087,0.9475
rev_16088,0.9998
rev_16089,0.7049
rev_16090,0.9948
rev_16091,0.9916
rev_16092,0.1644
rev_16093,0.8372
rev_16094,0.9656
rev_16095,0.9919
rev_16096,0.998
rev_16097,1.0
rev_16098,0.4939
rev_16099,0.5971
rev_16100,0.9812
rev_16101,0.9948
rev_16102,0.9632
rev_16103,0.0271
rev_16104,0.9867
rev_16105,0.7819
rev_16106,0.9949
rev_16107,0.9897
rev_16108,0.9991
rev_16109,0.8871
rev_16110,0.9963
rev_16111,0.9788
rev_16112,0.9998
rev_16113,0.9941
rev_16114,0.7766
rev_16115,0.9037
rev_16116,0.5153
rev_16117,0.6932
rev_16118,0.9966
rev_16119,0.2117
rev_16120,0.0632
rev_16121,0.0296
rev_16122,0.0636
rev_16123,0.1023
rev_16124,0.5379
rev_16125,0.13
rev_16126,0.205
rev_16127,0.0297
rev_16128,0.5572
rev_16129,0.0759
rev_16130,0.1226
rev_16131,0.6964
rev_16132,0.0381
rev_16133,0.1596
rev_16134,0.459
rev_16135,0.6966
rev_16136,0.0263
rev_16137,0.1228
rev_16138,0.1482
rev_16139,0.5885
rev_16140,0.0522
rev_16141,0.0706
rev_16142,0.0076
rev_16143,0.0466
rev_16144,0.5015
rev_16145,0.1516
rev_16146,0.1811
rev_16147,0.0203
rev_16148,0.0684
rev_16149,0.076
rev_16150,0.0013
rev_16151,0.003
rev_16152,0.0231
rev_16153,0.9999
rev_16154,0.9117
rev_16155,0.0808
rev_16156,0.946
rev_16157,0.8497
rev_16158,0.994
rev_16159,0.6176
rev_16160,0.9807
rev_16161,0.7266
rev_16162,0.9999
rev_16163,0.9867
rev_16164,1.0
rev_16165,0.4461
rev_16166,0.9883
rev_16167,0.2383
rev_16168,0.9999
rev_16169,0.6451
rev_16170,0.9146
rev_16171,0.1359
rev_16172,0.9328
rev_16173,0.9991
rev_16174,0.0803
rev_16175,0.8516
rev_16176,0.9987
rev_16177,1.0
rev_16178,0.9792
rev_16179,0.9968
rev_16180,0.8085
rev_16181,0.9688
rev_16182,0.9825
rev_16183,0.9888
rev_16184,0.9999
rev_16185,0.5817
rev_16186,0.9996
rev_16187,0.0061
rev_16188,0.4542
rev_16189,0.2689
rev_16190,0.375
rev_16191,0.0159
rev_16192,0.0607
rev_16193,0.0614
rev_16194,0.0443
rev_16195,0.0539
rev_16196,0.0314
rev_16197,0.1134
rev_16198,0.9969
rev_16199,0.0575
rev_16200,0.0286
rev_16201,0.6753
rev_16202,0.0208
rev_16203,0.0313
rev_16204,0.0482
rev_16205,0.0502
rev_16206,0.1205
rev_16207,0.2111
rev_16208,0.0392
rev_16209,0.0665
rev_16210,0.015
rev_16211,0.3015
rev_16212,0.0584
rev_16213,0.0067
rev_16214,0.3463
rev_16215,0.4007
rev_16216,0.1732
rev_16217,0.6326
rev_16218,0.034
rev_16219,0.0436
rev_16220,0.256
rev_16221,0.9426
rev_16222,0.9731
rev_16223,0.9499
rev_16224,0.995
rev_16225,0.0892
rev_16226,0.9945
rev_16227,0.2443
rev_16228,0.9513
rev_16229,0.9957
rev_16230,0.9291
rev_16231,0.996
rev_16232,0.8313
rev_16233,0.9113
rev_16234,0.9877
rev_16235,0.9221
rev_16236,0.984
rev_16237,0.8719
rev_16238,0.9824
rev_16239,0.7122
rev_16240,0.9997
rev_16241,0.0657
rev_16242,0.9965
rev_16243,0.5508
rev_16244,0.3138
rev_16245,0.4392
rev_16246,0.9997
rev_16247,0.761
rev_16248,0.8518
rev_16249,0.9982
rev_16250,0.9638
rev_16251,0.1694
rev_16252,0.9975
rev_16253,0.0154
rev_16254,0.9675
rev_16255,0.0389
rev_16256,0.1458
rev_16257,0.0369
rev_16258,0.1223
rev_16259,0.0733
rev_16260,0.1931
rev_16261,0.0418
rev_16262,0.5755
rev_16263,0.0294
rev_16264,0.2532
rev_16265,0.1884
rev_16266,0.5413
rev_16267,0.0143
rev_16268,0.0075
rev_16269,0.5952
rev_16270,0.5493
rev_16271,0.0179
rev_16272,0.0841
rev_16273,0.0175
rev_16274,0.0322
rev_16275,0.1217
rev_16276,0.3277
rev_16277,0.2291
rev_16278,0.1877
rev_16279,0.7209
rev_16280,0.0011
rev_16281,0.0076
rev_16282,0.0884
rev_16283,0.0384
rev_16284,0.0314
rev_16285,0.8127
rev_16286,0.9941
rev_16287,0.9535
rev_16288,0.9988
rev_16289,0.9986
rev_16290,0.0831
rev_16291,0.118
rev_16292,0.4538
rev_16293,0.9999
rev_16294,0.9935
rev_16295,0.9988
rev_16296,0.5101
rev_16297,0.9255
rev_16298,0.2064
rev_16299,0.2006
rev_16300,0.9949
rev_16301,0.9977
rev_16302,0.9977
rev_16303,0.9751
rev_16304,0.9657
rev_16305,0.9917
rev_16306,0.0091
rev_16307,0.65
rev_16308,0.9999
rev_16309,0.8806
rev_16310,0.9148
rev_16311,0.9532
rev_16312,0.7166
rev_16313,0.9254
rev_16314,0.9983
rev_16315,0.9638
rev_16316,0.0335
rev_16317,0.0049
rev_16318,0.0404
rev_16319,0.0272
rev_16320,0.0865
rev_16321,0.105
rev_16322,0.6973
rev_16323,0.0071
rev_16324,0.0249
rev_16325,0.3896
rev_16326,0.0073
rev_16327,0.6298
rev_16328,0.5284
rev_16329,0.0097
rev_16330,0.175
rev_16331,0.0861
rev_16332,0.104
rev_16333,0.162
rev_16334,0.254
rev_16335,0.1783
rev_16336,0.2586
rev_16337,0.2085
rev_16338,0.0321
rev_16339,0.3523
rev_16340,0.3224
rev_16341,0.0912
rev_16342,0.0668
rev_16343,0.0172
rev_16344,0.0141
rev_16345,0.4636
rev_16346,0.3554
rev_16347,0.9528
rev_16348,0.9989
rev_16349,0.9111
rev_16350,0.8931
rev_16351,0.9923
rev_16352,0.9655
rev_16353,0.9766
rev_16354,0.9995
rev_16355,0.4862
rev_16356,0.9997
rev_16357,0.5714
rev_16358,0.2421
rev_16359,0.9967
rev_16360,0.3454
rev_16361,0.6965
rev_16362,0.9989
rev_16363,0.9315
rev_16364,0.8959
rev_16365,0.9879
rev_16366,0.9999
rev_16367,0.9652
rev_16368,0.9989
rev_16369,0.9986
rev_16370,0.9969
rev_16371,0.9552
rev_16372,0.0572
rev_16373,0.9276
rev_16374,0.9988
rev_16375,0.9982
rev_16376,0.9994
rev_16377,0.9687
rev_16378,0.947
rev_16379,0.9872
rev_16380,0.4263
rev_16381,1.0
rev_16382,0.2237
rev_16383,0.3214
rev_16384,0.1741
rev_16385,0.8454
rev_16386,0.0005
rev_16387,0.0208
rev_16388,0.0854
rev_16389,0.009
rev_16390,0.1017
rev_16391,0.2026
rev_16392,0.0169
rev_16393,0.3202
rev_16394,0.0105
rev_16395,0.0788
rev_16396,0.0618
rev_16397,0.047
rev_16398,0.0028
rev_16399,0.3106
rev_16400,0.0294
rev_16401,0.0072
rev_16402,0.0567
rev_16403,0.0864
rev_16404,0.0313
rev_16405,0.0205
rev_16406,0.0135
rev_16407,0.0164
rev_16408,0.0489
rev_16409,0.1218
rev_16410,0.0152
rev_16411,0.0873
rev_16412,0.132
rev_16413,0.0579
rev_16414,0.0619
rev_16415,0.0779
rev_16416,0.1207
rev_16417,0.124
rev_16418,0.0022
rev_16419,0.6241
rev_16420,0.8488
rev_16421,0.9989
rev_16422,0.8954
rev_16423,1.0
rev_16424,0.2979
rev_16425,0.9987
rev_16426,0.9102
rev_16427,0.894
rev_16428,0.9975
rev_16429,0.9993
rev_16430,0.6103
rev_16431,0.4317
rev_16432,0.9988
rev_16433,0.9996
rev_16434,0.4805
rev_16435,0.9989
rev_16436,0.942
rev_16437,0.9997
rev_16438,0.9854
rev_16439,0.8584
rev_16440,1.0
rev_16441,0.9795
rev_16442,0.9901
rev_16443,0.9508
rev_16444,0.9538
rev_16445,0.9989
rev_16446,0.0967
rev_16447,0.9878
rev_16448,0.9979
rev_16449,0.934
rev_16450,0.6086
rev_16451,0.8763
rev_16452,0.9875
rev_16453,0.9984
rev_16454,0.9807
rev_16455,0.9981
rev_16456,0.9999
rev_16457,0.9898
rev_16458,0.0045
rev_16459,0.0089
rev_16460,0.032
rev_16461,0.4059
rev_16462,0.1644
rev_16463,0.0706
rev_16464,0.9746
rev_16465,0.2521
rev_16466,0.0067
rev_16467,0.0072
rev_16468,0.011
rev_16469,0.1808
rev_16470,0.1446
rev_16471,0.2742
rev_16472,0.0022
rev_16473,0.0433
rev_16474,0.0733
rev_16475,0.0086
rev_16476,0.1716
rev_16477,0.2261
rev_16478,0.004
rev_16479,0.1606
rev_16480,0.0405
rev_16481,0.0625
rev_16482,0.1914
rev_16483,0.0533
rev_16484,0.0416
rev_16485,0.0093
rev_16486,0.3409
rev_16487,0.201
rev_16488,0.0553
rev_16489,0.0531
rev_16490,0.3802
rev_16491,0.0297
rev_16492,0.0633
rev_16493,0.0893
rev_16494,0.0185
rev_16495,0.0405
rev_16496,0.1352
rev_16497,0.7054
rev_16498,0.7318
rev_16499,0.9931
rev_16500,0.9973
rev_16501,0.6995
rev_16502,0.9243
rev_16503,0.9484
rev_16504,1.0
rev_16505,0.9984
rev_16506,0.9852
rev_16507,0.9878
rev_16508,0.861
rev_16509,1.0
rev_16510,0.9999
rev_16511,0.9946
rev_16512,0.9834
rev_16513,0.9359
rev_16514,0.826
rev_16515,0.9779
rev_16516,0.9892
rev_16517,0.9983
rev_16518,0.9947
rev_16519,0.9594
rev_16520,0.9699
rev_16521,0.9253
rev_16522,0.9927
rev_16523,0.9955
rev_16524,0.9477
rev_16525,0.9995
rev_16526,0.9515
rev_16527,0.9271
rev_16528,0.9025
rev_16529,0.9882
rev_16530,0.9753
rev_16531,0.694
rev_16532,0.9985
rev_16533,0.9476
rev_16534,0.9993
rev_16535,0.1243
rev_16536,0.0332
rev_16537,0.87
rev_16538,0.0045
rev_16539,0.0505
rev_16540,0.9477
rev_16541,0.0825
rev_16542,0.0824
rev_16543,0.0849
rev_16544,0.0008
rev_16545,0.6355
rev_16546,0.0017
rev_16547,0.0199
rev_16548,0.1329
rev_16549,0.2279
rev_16550,0.6818
rev_16551,0.0026
rev_16552,0.0741
rev_16553,0.0589
rev_16554,0.3595
rev_16555,0.5428
rev_16556,0.0086
rev_16557,0.0179
rev_16558,0.0041
rev_16559,0.0822
rev_16560,0.0365
rev_16561,0.1494
rev_16562,0.2191
rev_16563,0.045
rev_16564,0.0051
rev_16565,0.0162
rev_16566,0.0764
rev_16567,0.0774
rev_16568,0.2248
rev_16569,0.0455
rev_16570,0.1437
rev_16571,0.0122
rev_16572,0.5763
rev_16573,0.8669
rev_16574,0.9847
rev_16575,0.9953
rev_16576,0.935
rev_16577,0.9753
rev_16578,0.7261
rev_16579,0.9989
rev_16580,0.9999
rev_16581,0.9687
rev_16582,0.9958
rev_16583,0.977
rev_16584,0.8359
rev_16585,0.9464
rev_16586,0.9744
rev_16587,0.6352
rev_16588,0.5437
rev_16589,0.9982
rev_16590,0.9986
rev_16591,0.9998
rev_16592,0.9974
rev_16593,0.993
rev_16594,0.7314
rev_16595,0.9729
rev_16596,0.9773
rev_16597,0.9669
rev_16598,0.9789
rev_16599,0.0882
rev_16600,0.9877
rev_16601,0.9086
rev_16602,0.6791
rev_16603,0.7982
rev_16604,0.7439
rev_16605,0.9973
rev_16606,0.9933
rev_16607,0.9781
rev_16608,0.0753
rev_16609,0.2914
rev_16610,0.3549
rev_16611,0.0385
rev_16612,0.0054
rev_16613,0.0238
rev_16614,0.0688
rev_16615,0.1374
rev_16616,0.0276
rev_16617,0.0572
rev_16618,0.0669
rev_16619,0.027
rev_16620,0.1203
rev_16621,0.0034
rev_16622,0.0651
rev_16623,0.0231
rev_16624,0.6993
rev_16625,0.0421
rev_16626,0.0003
rev_16627,0.0155
rev_16628,0.1482
rev_16629,0.0702
rev_16630,0.1399
rev_16631,0.096
rev_16632,0.0004
rev_16633,0.7824
rev_16634,0.0701
rev_16635,0.0038
rev_16636,0.0032
rev_16637,0.1017
rev_16638,0.0236
rev_16639,0.0442
rev_16640,0.0191
rev_16641,0.7088
rev_16642,0.0274
rev_16643,0.9963
rev_16644,0.9831
rev_16645,0.9989
rev_16646,0.9992
rev_16647,0.923
rev_16648,0.9672
rev_16649,1.0
rev_16650,0.9998
rev_16651,0.9951
rev_16652,1.0
rev_16653,0.9752
rev_16654,0.9892
rev_16655,0.8791
rev_16656,0.9992
rev_16657,0.5733
rev_16658,0.3338
rev_16659,0.9998
rev_16660,0.995
rev_16661,0.9176
rev_16662,0.9956
rev_16663,0.9882
rev_16664,0.9709
rev_16665,0.9999
rev_16666,0.9924
rev_16667,0.994
rev_16668,0.9732
rev_16669,0.9652
rev_16670,0.9668
rev_16671,0.9996
rev_16672,0.8077
rev_16673,0.9987
rev_16674,0.3193
rev_16675,0.54
rev_16676,0.0042
rev_16677,0.0316
rev_16678,0.2066
rev_16679,0.0171
rev_16680,0.2158
rev_16681,0.0256
rev_16682,0.0096
rev_16683,0.0413
rev_16684,0.5571
rev_16685,0.0936
rev_16686,0.0127
rev_16687,0.0058
rev_16688,0.0435
rev_16689,0.3239
rev_16690,0.0381
rev_16691,0.0809
rev_16692,0.1002
rev_16693,0.9972
rev_16694,0.1507
rev_16695,0.0132
rev_16696,0.0067
rev_16697,0.0038
rev_16698,0.0052
rev_16699,0.0472
rev_16700,0.0167
rev_16701,0.0615
rev_16702,0.0346
rev_16703,0.0225
rev_16704,0.0039
rev_16705,0.0013
rev_16706,0.0279
rev_16707,0.0208
rev_16708,0.229
rev_16709,0.9938
rev_16710,0.9821
rev_16711,0.9999
rev_16712,0.9772
rev_16713,0.9934
rev_16714,0.9888
rev_16715,0.9928
rev_16716,1.0
rev_16717,0.9992
rev_16718,0.9843
rev_16719,0.9991
rev_16720,0.9907
rev_16721,0.9991
rev_16722,0.8003
rev_16723,0.9954
rev_16724,0.9951
rev_16725,0.9949
rev_16726,0.8407
rev_16727,0.5729
rev_16728,0.9868
rev_16729,0.9886
rev_16730,0.999
rev_16731,0.595
rev_16732,0.7672
rev_16733,0.9882
rev_16734,0.9998
rev_16735,0.9783
rev_16736,0.9991
rev_16737,0.7582
rev_16738,0.9482
rev_16739,0.9957
rev_16740,0.9684
rev_16741,0.1481
rev_16742,0.018
rev_16743,0.0221
rev_16744,0.0029
rev_16745,0.1671
rev_16746,0.0099
rev_16747,0.0135
rev_16748,0.0146
rev_16749,0.3415
rev_16750,0.0197
rev_16751,0.5214
rev_16752,0.0201
rev_16753,0.0401
rev_16754,0.1039
rev_16755,0.0374
rev_16756,0.4633
rev_16757,0.011
rev_16758,0.0247
rev_16759,0.0054
rev_16760,0.0885
rev_16761,0.5013
rev_16762,0.0093
rev_16763,0.0036
rev_16764,0.0014
rev_16765,0.0105
rev_16766,0.0011
rev_16767,0.4564
rev_16768,0.003
rev_16769,0.1948
rev_16770,0.4255
rev_16771,0.9716
rev_16772,0.4235
rev_16773,0.6299
rev_16774,0.9996
rev_16775,0.0228
rev_16776,0.4013
rev_16777,0.9965
rev_16778,0.9897
rev_16779,0.9999
rev_16780,0.2614
rev_16781,0.9325
rev_16782,0.9958
rev_16783,0.9722
rev_16784,0.9924
rev_16785,0.9002
rev_16786,0.6779
rev_16787,0.9233
rev_16788,0.9998
rev_16789,0.9769
rev_16790,0.991
rev_16791,0.9872
rev_16792,0.9998
rev_16793,0.9104
rev_16794,0.8993
rev_16795,0.997
rev_16796,0.3917
rev_16797,0.9796
rev_16798,0.9974
rev_16799,0.4916
rev_16800,0.9446
rev_16801,0.9794
rev_16802,0.9992
rev_16803,0.9943
rev_16804,0.0149
rev_16805,0.206
rev_16806,0.6321
rev_16807,0.2046
rev_16808,0.1061
rev_16809,0.1409
rev_16810,0.2173
rev_16811,0.0021
rev_16812,0.0855
rev_16813,0.0119
rev_16814,0.0019
rev_16815,0.2721
rev_16816,0.4888
rev_16817,0.2609
rev_16818,0.0223
rev_16819,0.0331
rev_16820,0.0022
rev_16821,0.0014
rev_16822,0.1025
rev_16823,0.0229
rev_16824,0.8839
rev_16825,0.77
rev_16826,0.8608
rev_16827,0.0565
rev_16828,0.2306
rev_16829,0.0596
rev_16830,0.0436
rev_16831,0.0702
rev_16832,0.0186
rev_16833,0.015
rev_16834,0.0033
rev_16835,0.4463
rev_16836,0.0211
rev_16837,0.9902
rev_16838,0.974
rev_16839,0.9954
rev_16840,0.869
rev_16841,0.9806
rev_16842,0.5334
rev_16843,0.9929
rev_16844,0.9983
rev_16845,0.7732
rev_16846,0.9113
rev_16847,0.9877
rev_16848,0.8643
rev_16849,0.9997
rev_16850,0.9999
rev_16851,0.9853
rev_16852,0.9617
rev_16853,0.8734
rev_16854,0.954
rev_16855,0.9996
rev_16856,0.6132
rev_16857,0.9968
rev_16858,0.6382
rev_16859,0.9812
rev_16860,0.8281
rev_16861,0.9819
rev_16862,0.931
rev_16863,0.9872
rev_16864,0.996
rev_16865,0.494
rev_16866,0.001
rev_16867,0.3648
rev_16868,0.1537
rev_16869,0.2581
rev_16870,0.1236
rev_16871,0.1056
rev_16872,0.0178
rev_16873,0.0005
rev_16874,0.0272
rev_16875,0.167
rev_16876,0.2451
rev_16877,0.3979
rev_16878,0.1338
rev_16879,0.0028
rev_16880,0.0062
rev_16881,0.0097
rev_16882,0.003
rev_16883,0.222
rev_16884,0.0361
rev_16885,0.0185
rev_16886,0.1321
rev_16887,0.1779
rev_16888,0.0079
rev_16889,0.1211
rev_16890,0.9817
rev_16891,0.1729
rev_16892,0.031
rev_16893,0.8346
rev_16894,0.9975
rev_16895,0.9999
rev_16896,0.9338
rev_16897,0.9996
rev_16898,0.9131
rev_16899,0.973
rev_16900,0.9726
rev_16901,0.995
rev_16902,0.5311
rev_16903,0.7649
rev_16904,0.9997
rev_16905,0.9914
rev_16906,0.9814
rev_16907,0.9668
rev_16908,0.9609
rev_16909,0.0634
rev_16910,0.9951
rev_16911,0.9833
rev_16912,0.9296
rev_16913,0.9994
rev_16914,0.9671
rev_16915,0.9961
rev_16916,0.9999
rev_16917,0.8205
rev_16918,0.9917
rev_16919,0.9864
rev_16920,0.04
rev_16921,0.1708
rev_16922,0.001
rev_16923,0.0839
rev_16924,0.0039
rev_16925,0.0062
rev_16926,0.005
rev_16927,0.0653
rev_16928,0.5539
rev_16929,0.4325
rev_16930,0.1834
rev_16931,0.0114
rev_16932,0.0006
rev_16933,0.2553
rev_16934,0.1286
rev_16935,0.0448
rev_16936,0.0039
rev_16937,0.0262
rev_16938,0.6494
rev_16939,0.7795
rev_16940,0.0977
rev_16941,0.1281
rev_16942,0.1165
rev_16943,0.032
rev_16944,0.0137
rev_16945,0.0033
rev_16946,0.0137
rev_16947,0.4569
rev_16948,0.9586
rev_16949,0.9976
rev_16950,0.9199
rev_16951,0.9967
rev_16952,0.9993
rev_16953,0.954
rev_16954,0.9774
rev_16955,0.9981
rev_16956,0.9994
rev_16957,0.9951
rev_16958,0.9404
rev_16959,0.9994
rev_16960,0.9999
rev_16961,0.9989
rev_16962,0.997
rev_16963,0.9372
rev_16964,0.8709
rev_16965,0.9145
rev_16966,0.9793
rev_16967,0.9928
rev_16968,0.979
rev_16969,0.8794
rev_16970,0.9992
rev_16971,0.9955
rev_16972,0.9933
rev_16973,0.039
rev_16974,0.0448
rev_16975,0.2023
rev_16976,0.0018
rev_16977,0.0177
rev_16978,0.0127
rev_16979,0.0286
rev_16980,0.0236
rev_16981,0.1434
rev_16982,0.4786
rev_16983,0.0345
rev_16984,0.0089
rev_16985,0.5556
rev_16986,0.0002
rev_16987,0.0711
rev_16988,0.0106
rev_16989,0.3225
rev_16990,0.0652
rev_16991,0.6483
rev_16992,0.5693
rev_16993,0.019
rev_16994,0.2632
rev_16995,0.0859
rev_16996,0.0012
rev_16997,0.045
rev_16998,0.0146
rev_16999,0.9533
rev_17000,0.9766
rev_17001,0.9973
rev_17002,0.9967
rev_17003,0.9996
rev_17004,0.9623
rev_17005,0.7058
rev_17006,0.9995
rev_17007,0.9916
rev_17008,0.6907
rev_17009,0.9994
rev_17010,0.9999
rev_17011,0.9945
rev_17012,0.8984
rev_17013,1.0
rev_17014,0.9915
rev_17015,0.97
rev_17016,0.8343
rev_17017,0.9999
rev_17018,0.9998
rev_17019,0.9982
rev_17020,0.9878
rev_17021,0.997
rev_17022,0.8933
rev_17023,0.9998
rev_17024,0.0608
rev_17025,0.0917
rev_17026,0.0061
rev_17027,0.052
rev_17028,0.0184
rev_17029,0.1239
rev_17030,0.0509
rev_17031,0.026
rev_17032,0.0168
rev_17033,0.0024
rev_17034,0.0326
rev_17035,0.0442
rev_17036,0.0238
rev_17037,0.0655
rev_17038,0.2686
rev_17039,0.3195
rev_17040,0.0448
rev_17041,0.2252
rev_17042,0.0593
rev_17043,0.0024
rev_17044,0.0403
rev_17045,0.0051
rev_17046,0.3473
rev_17047,0.844
rev_17048,0.0019
rev_17049,0.946
rev_17050,0.9749
rev_17051,0.9987
rev_17052,0.9999
rev_17053,0.9927
rev_17054,0.9976
rev_17055,0.9994
rev_17056,0.9995
rev_17057,0.9881
rev_17058,0.9442
rev_17059,0.999
rev_17060,0.9969
rev_17061,0.2521
rev_17062,0.9719
rev_17063,0.7645
rev_17064,0.9955
rev_17065,0.9939
rev_17066,0.9949
rev_17067,0.9925
rev_17068,0.9983
rev_17069,0.9992
rev_17070,0.7
rev_17071,0.9992
rev_17072,0.9996
rev_17073,0.021
rev_17074,0.1303
rev_17075,0.0105
rev_17076,0.0024
rev_17077,0.3404
rev_17078,0.8334
rev_17079,0.0053
rev_17080,0.4464
rev_17081,0.0211
rev_17082,0.0462
rev_17083,0.0197
rev_17084,0.3388
rev_17085,0.0137
rev_17086,0.1519
rev_17087,0.0263
rev_17088,0.0034
rev_17089,0.4545
rev_17090,0.1036
rev_17091,0.1731
rev_17092,0.3603
rev_17093,0.0175
rev_17094,0.0003
rev_17095,0.0316
rev_17096,0.0571
rev_17097,0.99
rev_17098,0.9999
rev_17099,0.7981
rev_17100,0.7971
rev_17101,0.999
rev_17102,0.9993
rev_17103,0.9942
rev_17104,0.9655
rev_17105,0.9991
rev_17106,0.9917
rev_17107,1.0
rev_17108,0.9742
rev_17109,0.9997
rev_17110,0.9147
rev_17111,0.9973
rev_17112,0.9999
rev_17113,0.9974
rev_17114,0.9958
rev_17115,0.9997
rev_17116,0.9917
rev_17117,0.9965
rev_17118,0.9738
rev_17119,0.9742
rev_17120,0.182
rev_17121,0.1087
rev_17122,0.0289
rev_17123,0.0639
rev_17124,0.7641
rev_17125,0.1096
rev_17126,0.0168
rev_17127,0.0034
rev_17128,0.0005
rev_17129,0.001
rev_17130,0.0815
rev_17131,0.0005
rev_17132,0.1275
rev_17133,0.0154
rev_17134,0.0027
rev_17135,0.0011
rev_17136,0.0099
rev_17137,0.0044
rev_17138,0.0391
rev_17139,0.006
rev_17140,0.0754
rev_17141,0.5249
rev_17142,0.3471
rev_17143,0.9995
rev_17144,0.9957
rev_17145,0.9997
rev_17146,0.9967
rev_17147,0.9963
rev_17148,0.7694
rev_17149,0.9916
rev_17150,0.9955
rev_17151,0.9997
rev_17152,0.9998
rev_17153,0.9944
rev_17154,0.9998
rev_17155,0.9979
rev_17156,0.877
rev_17157,0.9972
rev_17158,0.4885
rev_17159,0.9889
rev_17160,0.9997
rev_17161,0.3738
rev_17162,0.996
rev_17163,0.999
rev_17164,0.6661
rev_17165,0.9948
rev_17166,0.1031
rev_17167,0.032
rev_17168,0.0511
rev_17169,0.0454
rev_17170,0.1139
rev_17171,0.6652
rev_17172,0.0019
rev_17173,0.266
rev_17174,0.2704
rev_17175,0.1665
rev_17176,0.1443
rev_17177,0.4304
rev_17178,0.0282
rev_17179,0.0134
rev_17180,0.0401
rev_17181,0.0062
rev_17182,0.0077
rev_17183,0.0995
rev_17184,0.4245
rev_17185,0.01
rev_17186,0.0227
rev_17187,0.307
rev_17188,0.4757
rev_17189,0.9612
rev_17190,0.7824
rev_17191,0.9184
rev_17192,0.987
rev_17193,0.9808
rev_17194,0.9967
rev_17195,0.9998
rev_17196,0.9999
rev_17197,0.9995
rev_17198,0.9974
rev_17199,0.9995
rev_17200,0.9826
rev_17201,0.9872
rev_17202,0.9932
rev_17203,0.9995
rev_17204,0.57
rev_17205,0.9382
rev_17206,0.9969
rev_17207,0.9983
rev_17208,0.9818
rev_17209,0.999
rev_17210,0.0092
rev_17211,0.0044
rev_17212,0.0143
rev_17213,0.0019
rev_17214,0.0801
rev_17215,0.0189
rev_17216,0.0168
rev_17217,0.1597
rev_17218,0.0164
rev_17219,0.273
rev_17220,0.0016
rev_17221,0.9513
rev_17222,0.0792
rev_17223,0.0005
rev_17224,0.0079
rev_17225,0.1247
rev_17226,0.2505
rev_17227,0.0918
rev_17228,0.0122
rev_17229,0.0122
rev_17230,0.0498
rev_17231,0.9954
rev_17232,0.9993
rev_17233,0.9962
rev_17234,0.9109
rev_17235,0.9987
rev_17236,0.9998
rev_17237,0.9914
rev_17238,0.9942
rev_17239,0.9782
rev_17240,0.9143
rev_17241,0.9982
rev_17242,0.9887
rev_17243,0.8089
rev_17244,0.9373
rev_17245,0.9851
rev_17246,0.9922
rev_17247,0.7929
rev_17248,0.987
rev_17249,0.9985
rev_17250,0.85
rev_17251,0.964
rev_17252,0.9639
rev_17253,0.004
rev_17254,0.4709
rev_17255,0.0003
rev_17256,0.0233
rev_17257,0.0607
rev_17258,0.0127
rev_17259,0.0475
rev_17260,0.0465
rev_17261,0.4717
rev_17262,0.1843
rev_17263,0.8354
rev_17264,0.1247
rev_17265,0.1992
rev_17266,0.0022
rev_17267,0.0371
rev_17268,0.0135
rev_17269,0.2037
rev_17270,0.0588
rev_17271,0.0562
rev_17272,0.0165
rev_17273,0.0025
rev_17274,0.2287
rev_17275,0.9988
rev_17276,0.9999
rev_17277,0.9928
rev_17278,0.9987
rev_17279,0.9749
rev_17280,0.9939
rev_17281,0.9988
rev_17282,0.9998
rev_17283,0.9973
rev_17284,0.8542
rev_17285,0.9998
rev_17286,0.9996
rev_17287,0.9912
rev_17288,0.9968
rev_17289,0.9768
rev_17290,0.9997
rev_17291,0.9988
rev_17292,0.9983
rev_17293,0.9913
rev_17294,0.9992
rev_17295,0.0118
rev_17296,0.1648
rev_17297,0.0047
rev_17298,0.0032
rev_17299,0.0296
rev_17300,0.0366
rev_17301,0.0575
rev_17302,0.0029
rev_17303,0.0008
rev_17304,0.279
rev_17305,0.0117
rev_17306,0.1377
rev_17307,0.0007
rev_17308,0.0453
rev_17309,0.0126
rev_17310,0.1403
rev_17311,0.685
rev_17312,0.0743
rev_17313,0.0114
rev_17314,0.0012
rev_17315,0.9902
rev_17316,0.6144
rev_17317,0.9995
rev_17318,0.9999
rev_17319,0.9381
rev_17320,0.9822
rev_17321,0.8053
rev_17322,0.9991
rev_17323,0.8753
rev_17324,0.8848
rev_17325,0.9996
rev_17326,0.8858
rev_17327,0.9997
rev_17328,0.9998
rev_17329,0.9286
rev_17330,0.9998
rev_17331,0.9954
rev_17332,0.7594
rev_17333,0.9966
rev_17334,0.1265
rev_17335,0.0304
rev_17336,0.3208
rev_17337,0.0543
rev_17338,0.0163
rev_17339,0.2716
rev_17340,0.0112
rev_17341,0.0164
rev_17342,0.6277
rev_17343,0.0431
rev_17344,0.0576
rev_17345,0.0111
rev_17346,0.0044
rev_17347,0.3219
rev_17348,0.2456
rev_17349,0.0021
rev_17350,0.1402
rev_17351,0.021
rev_17352,0.0414
rev_17353,0.9752
rev_17354,0.9915
rev_17355,0.9993
rev_17356,0.9419
rev_17357,0.9974
rev_17358,0.9898
rev_17359,0.9973
rev_17360,0.9995
rev_17361,0.9896
rev_17362,0.5974
rev_17363,0.9901
rev_17364,0.999
rev_17365,0.9991
rev_17366,0.9953
rev_17367,0.9762
rev_17368,0.9998
rev_17369,0.9997
rev_17370,0.8967
rev_17371,0.9984
rev_17372,0.0766
rev_17373,0.0653
rev_17374,0.2501
rev_17375,0.1204
rev_17376,0.0679
rev_17377,0.024
rev_17378,0.0014
rev_17379,0.0039
rev_17380,0.0206
rev_17381,0.0141
rev_17382,0.014
rev_17383,0.0258
rev_17384,0.0031
rev_17385,0.0576
rev_17386,0.0115
rev_17387,0.0391
rev_17388,0.3237
rev_17389,0.0777
rev_17390,0.0799
rev_17391,0.9851
rev_17392,0.9805
rev_17393,0.9432
rev_17394,0.9991
rev_17395,0.9404
rev_17396,0.9992
rev_17397,0.999
rev_17398,0.9998
rev_17399,0.9984
rev_17400,0.9862
rev_17401,0.983
rev_17402,0.9843
rev_17403,0.9212
rev_17404,0.9905
rev_17405,0.9885
rev_17406,0.9563
rev_17407,0.9993
rev_17408,0.9906
rev_17409,0.0711
rev_17410,0.3704
rev_17411,0.0004
rev_17412,0.0034
rev_17413,0.0021
rev_17414,0.1043
rev_17415,0.0238
rev_17416,0.0092
rev_17417,0.0156
rev_17418,0.0156
rev_17419,0.0292
rev_17420,0.0838
rev_17421,0.0021
rev_17422,0.0043
rev_17423,0.0633
rev_17424,0.0453
rev_17425,0.0099
rev_17426,0.1113
rev_17427,0.9987
rev_17428,0.9998
rev_17429,0.8956
rev_17430,0.9974
rev_17431,0.9995
rev_17432,0.9996
rev_17433,0.9941
rev_17434,0.9076
rev_17435,0.9485
rev_17436,0.9015
rev_17437,0.5683
rev_17438,1.0
rev_17439,0.9993
rev_17440,0.9993
rev_17441,0.9963
rev_17442,0.9265
rev_17443,0.9983
rev_17444,0.9995
rev_17445,0.0725
rev_17446,0.5264
rev_17447,0.2328
rev_17448,0.0109
rev_17449,0.059
rev_17450,0.0022
rev_17451,0.4003
rev_17452,0.3765
rev_17453,0.0782
rev_17454,0.2922
rev_17455,0.0043
rev_17456,0.0225
rev_17457,0.2228
rev_17458,0.0091
rev_17459,0.1591
rev_17460,0.0024
rev_17461,0.9257
rev_17462,0.0084
rev_17463,0.9532
rev_17464,0.9899
rev_17465,0.9999
rev_17466,0.7432
rev_17467,0.989
rev_17468,0.9798
rev_17469,0.9973
rev_17470,0.9987
rev_17471,0.8783
rev_17472,0.9799
rev_17473,0.6567
rev_17474,0.9999
rev_17475,0.9991
rev_17476,0.9491
rev_17477,0.8659
rev_17478,0.9967
rev_17479,0.9848
rev_17480,0.0034
rev_17481,0.0123
rev_17482,0.0162
rev_17483,0.0265
rev_17484,0.0035
rev_17485,0.2511
rev_17486,0.0785
rev_17487,0.0007
rev_17488,0.0018
rev_17489,0.0773
rev_17490,0.0021
rev_17491,0.0049
rev_17492,0.0487
rev_17493,0.0052
rev_17494,0.0214
rev_17495,0.0836
rev_17496,0.0078
rev_17497,0.9999
rev_17498,0.9998
rev_17499,1.0
rev_17500,0.9999
rev_17501,0.9995
rev_17502,0.9454
rev_17503,0.9816
rev_17504,0.8446
rev_17505,0.9808
rev_17506,0.9905
rev_17507,0.9756
rev_17508,0.9983
rev_17509,0.9928
rev_17510,0.993
rev_17511,0.8763
rev_17512,0.946
rev_17513,0.9762
rev_17514,0.005
rev_17515,0.0088
rev_17516,0.0042
rev_17517,0.0384
rev_17518,0.002
rev_17519,0.0042
rev_17520,0.0369
rev_17521,0.0001
rev_17522,0.0039
rev_17523,0.0074
rev_17524,0.1835
rev_17525,0.3353
rev_17526,0.4245
rev_17527,0.0018
rev_17528,0.4223
rev_17529,0.1097
rev_17530,0.004
rev_17531,0.9984
rev_17532,0.965
rev_17533,0.9992
rev_17534,0.9956
rev_17535,0.9995
rev_17536,0.999
rev_17537,0.9881
rev_17538,0.9965
rev_17539,0.9954
rev_17540,0.8228
rev_17541,0.9239
rev_17542,0.9655
rev_17543,0.997
rev_17544,0.9568
rev_17545,0.9903
rev_17546,0.9998
rev_17547,0.9999
rev_17548,0.0236
rev_17549,0.0392
rev_17550,0.2393
rev_17551,0.0013
rev_17552,0.8095
rev_17553,0.0087
rev_17554,0.0055
rev_17555,0.0849
rev_17556,0.317
rev_17557,0.0098
rev_17558,0.0021
rev_17559,0.0485
rev_17560,0.1094
rev_17561,0.0089
rev_17562,0.1623
rev_17563,0.0012
rev_17564,0.006
rev_17565,0.9301
rev_17566,0.9987
rev_17567,0.9994
rev_17568,0.961
rev_17569,1.0
rev_17570,0.984
rev_17571,0.9168
rev_17572,0.9968
rev_17573,0.693
rev_17574,0.9715
rev_17575,0.9999
rev_17576,0.9644
rev_17577,0.9434
rev_17578,0.9757
rev_17579,0.8252
rev_17580,0.2001
rev_17581,0.0301
rev_17582,0.0352
rev_17583,0.0075
rev_17584,0.0338
rev_17585,0.3172
rev_17586,0.0486
rev_17587,0.001
rev_17588,0.0105
rev_17589,0.0131
rev_17590,0.0586
rev_17591,0.0073
rev_17592,0.0014
rev_17593,0.2951
rev_17594,0.0034
rev_17595,0.9996
rev_17596,0.9803
rev_17597,0.9736
rev_17598,0.9924
rev_17599,0.9998
rev_17600,0.9742
rev_17601,0.9999
rev_17602,0.9999
rev_17603,0.9486
rev_17604,0.985
rev_17605,0.9979
rev_17606,0.9977
rev_17607,0.9944
rev_17608,0.9984
rev_17609,0.9994
rev_17610,0.0874
rev_17611,0.0378
rev_17612,0.2388
rev_17613,0.0569
rev_17614,0.0382
rev_17615,0.0141
rev_17616,0.3038
rev_17617,0.0355
rev_17618,0.014
rev_17619,0.012
rev_17620,0.0128
rev_17621,0.1325
rev_17622,0.0488
rev_17623,0.0004
rev_17624,0.008
rev_17625,0.7296
rev_17626,0.9939
rev_17627,1.0
rev_17628,0.9999
rev_17629,0.9256
rev_17630,0.9865
rev_17631,0.9276
rev_17632,0.9457
rev_17633,0.9932
rev_17634,0.9962
rev_17635,0.9533
rev_17636,0.962
rev_17637,0.8132
rev_17638,0.9791
rev_17639,0.9936
rev_17640,0.0178
rev_17641,0.0322
rev_17642,0.1058
rev_17643,0.0451
rev_17644,0.016
rev_17645,0.0448
rev_17646,0.0059
rev_17647,0.1388
rev_17648,0.0017
rev_17649,0.0333
rev_17650,0.0186
rev_17651,0.1606
rev_17652,0.2606
rev_17653,0.0043
rev_17654,0.5322
rev_17655,0.8427
rev_17656,0.9959
rev_17657,0.9857
rev_17658,0.9963
rev_17659,0.9995
rev_17660,0.988
rev_17661,0.9999
rev_17662,0.9998
rev_17663,0.9996
rev_17664,0.9991
rev_17665,0.9611
rev_17666,0.9728
rev_17667,0.9632
rev_17668,0.9993
rev_17669,0.01
rev_17670,0.0148
rev_17671,0.0021
rev_17672,0.062
rev_17673,0.1113
rev_17674,0.0312
rev_17675,0.0552
rev_17676,0.0278
rev_17677,0.0004
rev_17678,0.1048
rev_17679,0.0153
rev_17680,0.4119
rev_17681,0.0045
rev_17682,0.7295
rev_17683,0.9861
rev_17684,0.7547
rev_17685,0.9853
rev_17686,0.9838
rev_17687,0.9977
rev_17688,0.9994
rev_17689,0.9927
rev_17690,0.9712
rev_17691,0.9771
rev_17692,0.9759
rev_17693,0.978
rev_17694,1.0
rev_17695,0.9961
rev_17696,0.2328
rev_17697,0.0065
rev_17698,0.0018
rev_17699,0.1206
rev_17700,0.0001
rev_17701,0.0082
rev_17702,0.0331
rev_17703,0.0098
rev_17704,0.0988
rev_17705,0.0006
rev_17706,0.0167
rev_17707,0.3113
rev_17708,0.0311
rev_17709,0.9999
rev_17710,0.998
rev_17711,0.9998
rev_17712,0.9853
rev_17713,0.9996
rev_17714,0.9402
rev_17715,0.9986
rev_17716,0.9989
rev_17717,0.9939
rev_17718,0.9987
rev_17719,0.9411
rev_17720,0.985
rev_17721,1.0
rev_17722,0.9933
rev_17723,0.2249
rev_17724,0.2043
rev_17725,0.4094
rev_17726,0.0758
rev_17727,0.0187
rev_17728,0.0029
rev_17729,0.0404
rev_17730,0.0601
rev_17731,0.1704
rev_17732,0.0065
rev_17733,0.0772
rev_17734,0.0601
rev_17735,0.0105
rev_17736,0.0047
rev_17737,0.9936
rev_17738,0.9966
rev_17739,0.9968
rev_17740,0.9989
rev_17741,0.9942
rev_17742,0.9942
rev_17743,0.999
rev_17744,1.0
rev_17745,0.9914
rev_17746,0.9984
rev_17747,0.9977
rev_17748,0.9945
rev_17749,0.9798
rev_17750,0.9802
rev_17751,0.0013
rev_17752,0.0057
rev_17753,0.0025
rev_17754,0.0069
rev_17755,0.4029
rev_17756,0.0085
rev_17757,0.0643
rev_17758,0.0038
rev_17759,0.0346
rev_17760,0.1612
rev_17761,0.1001
rev_17762,0.1423
rev_17763,0.0158
rev_17764,0.0504
rev_17765,0.7745
rev_17766,0.9982
rev_17767,0.991
rev_17768,0.9992
rev_17769,0.978
rev_17770,0.9927
rev_17771,0.9962
rev_17772,0.8724
rev_17773,0.999
rev_17774,0.9503
rev_17775,0.9851
rev_17776,0.9917
rev_17777,0.0
rev_17778,0.004
rev_17779,0.0211
rev_17780,0.0184
rev_17781,0.0235
rev_17782,0.5299
rev_17783,0.0018
rev_17784,0.0143
rev_17785,0.0008
rev_17786,0.1501
rev_17787,0.0082
rev_17788,0.0038
rev_17789,0.998
rev_17790,0.9827
rev_17791,0.9996
rev_17792,0.9218
rev_17793,0.9994
rev_17794,0.9957
rev_17795,0.9951
rev_17796,0.9997
rev_17797,0.7453
rev_17798,1.0
rev_17799,0.9996
rev_17800,0.9991
rev_17801,0.9924
rev_17802,0.0007
rev_17803,0.2514
rev_17804,0.0167
rev_17805,0.0059
rev_17806,0.0169
rev_17807,0.0075
rev_17808,0.0333
rev_17809,0.0019
rev_17810,0.0439
rev_17811,0.0159
rev_17812,0.0138
rev_17813,0.0721
rev_17814,0.0023
rev_17815,0.9995
rev_17816,0.9995
rev_17817,0.998
rev_17818,0.9939
rev_17819,0.8991
rev_17820,0.8922
rev_17821,0.7826
rev_17822,0.9378
rev_17823,0.9991
rev_17824,1.0
rev_17825,0.9089
rev_17826,1.0
rev_17827,0.999
rev_17828,0.0618
rev_17829,0.1278
rev_17830,0.0017
rev_17831,0.3698
rev_17832,0.0005
rev_17833,0.0017
rev_17834,0.2326
rev_17835,0.0041
rev_17836,0.0093
rev_17837,0.0469
rev_17838,0.0055
rev_17839,0.0007
rev_17840,0.3219
rev_17841,0.9858
rev_17842,0.5769
rev_17843,0.8695
rev_17844,0.9991
rev_17845,0.9997
rev_17846,0.9991
rev_17847,0.901
rev_17848,0.5576
rev_17849,0.8843
rev_17850,0.9659
rev_17851,0.9946
rev_17852,0.995
rev_17853,0.9982
rev_17854,0.0095
rev_17855,0.0287
rev_17856,0.0509
rev_17857,0.2573
rev_17858,0.0103
rev_17859,0.0033
rev_17860,0.0537
rev_17861,0.0002
rev_17862,0.0077
rev_17863,0.0324
rev_17864,0.0014
rev_17865,0.0214
rev_17866,0.5959
rev_17867,0.9991
rev_17868,0.9991
rev_17869,1.0
rev_17870,0.9553
rev_17871,0.9862
rev_17872,0.9988
rev_17873,0.9998
rev_17874,0.2939
rev_17875,0.9997
rev_17876,0.9926
rev_17877,0.9999
rev_17878,0.9847
rev_17879,0.4386
rev_17880,0.2641
rev_17881,0.0821
rev_17882,0.015
rev_17883,0.0177
rev_17884,0.5291
rev_17885,0.0003
rev_17886,0.0013
rev_17887,0.034
rev_17888,0.069
rev_17889,0.0328
rev_17890,0.0749
rev_17891,0.0052
rev_17892,0.0278
rev_17893,0.8234
rev_17894,0.9998
rev_17895,0.96
rev_17896,0.9923
rev_17897,0.9832
rev_17898,0.9985
rev_17899,0.5995
rev_17900,0.9885
rev_17901,0.9231
rev_17902,0.9967
rev_17903,0.9988
rev_17904,0.9996
rev_17905,0.0894
rev_17906,0.0245
rev_17907,0.0042
rev_17908,0.0023
rev_17909,0.0034
rev_17910,0.0004
rev_17911,0.0075
rev_17912,0.0123
rev_17913,0.0021
rev_17914,0.0009
rev_17915,0.0034
rev_17916,0.1505
rev_17917,0.9996
rev_17918,0.9832
rev_17919,0.9988
rev_17920,0.9995
rev_17921,0.6759
rev_17922,0.9677
rev_17923,0.999
rev_17924,0.9619
rev_17925,0.9962
rev_17926,0.9997
rev_17927,0.9996
rev_17928,0.8665
rev_17929,0.1217
rev_17930,0.4423
rev_17931,0.0102
rev_17932,0.0011
rev_17933,0.0057
rev_17934,0.0062
rev_17935,0.015
rev_17936,0.2494
rev_17937,0.0823
rev_17938,0.0007
rev_17939,0.0976
rev_17940,0.0006
rev_17941,0.9024
rev_17942,0.9125
rev_17943,0.9949
rev_17944,0.9967
rev_17945,0.9997
rev_17946,0.9956
rev_17947,1.0
rev_17948,0.9901
rev_17949,1.0
rev_17950,0.9998
rev_17951,0.6022
rev_17952,0.9991
rev_17953,0.0055
rev_17954,0.0022
rev_17955,0.0228
rev_17956,0.0001
rev_17957,0.0638
rev_17958,0.2646
rev_17959,0.0229
rev_17960,0.0084
rev_17961,0.084
rev_17962,0.0187
rev_17963,0.0025
rev_17964,0.0077
rev_17965,0.9991
rev_17966,0.9683
rev_17967,0.9781
rev_17968,0.9991
rev_17969,0.6457
rev_17970,0.9985
rev_17971,0.9934
rev_17972,0.9996
rev_17973,0.9957
rev_17974,0.9956
rev_17975,0.8699
rev_17976,0.0076
rev_17977,0.4529
rev_17978,0.0129
rev_17979,0.0358
rev_17980,0.078
rev_17981,0.0389
rev_17982,0.3333
rev_17983,0.1167
rev_17984,0.067
rev_17985,0.6634
rev_17986,0.0058
rev_17987,0.8892
rev_17988,0.9337
rev_17989,1.0
rev_17990,0.9202
rev_17991,0.966
rev_17992,0.9876
rev_17993,0.9887
rev_17994,0.9992
rev_17995,1.0
rev_17996,0.9887
rev_17997,0.5097
rev_17998,0.0008
rev_17999,0.011
rev_18000,0.1458
rev_18001,0.0286
rev_18002,0.0148
rev_18003,0.0349
rev_18004,0.0949
rev_18005,0.0305
rev_18006,0.0324
rev_18007,0.0002
rev_18008,0.0015
rev_18009,0.9996
rev_18010,0.9015
rev_18011,0.9773
rev_18012,0.407
rev_18013,0.9322
rev_18014,1.0
rev_18015,0.9994
rev_18016,0.9988
rev_18017,0.9981
rev_18018,0.897
rev_18019,0.0143
rev_18020,0.0043
rev_18021,0.2792
rev_18022,0.0041
rev_18023,0.1343
rev_18024,0.0193
rev_18025,0.0029
rev_18026,0.0623
rev_18027,0.0245
rev_18028,0.0162
rev_18029,0.9943
rev_18030,0.9959
rev_18031,0.9998
rev_18032,0.9856
rev_18033,0.6499
rev_18034,0.9999
rev_18035,0.9964
rev_18036,0.9972
rev_18037,0.9942
rev_18038,0.9995
rev_18039,0.9886
rev_18040,0.0073
rev_18041,0.0006
rev_18042,0.0982
rev_18043,0.1155
rev_18044,0.0909
rev_18045,0.0013
rev_18046,0.0447
rev_18047,0.0054
rev_18048,0.0991
rev_18049,0.1604
rev_18050,0.2697
rev_18051,0.9988
rev_18052,0.9005
rev_18053,0.9968
rev_18054,0.9976
rev_18055,0.9929
rev_18056,0.9967
rev_18057,0.9976
rev_18058,0.999
rev_18059,0.8621
rev_18060,0.9166
rev_18061,0.9982
rev_18062,0.0059
rev_18063,0.0343
rev_18064,0.3153
rev_18065,0.1267
rev_18066,0.0013
rev_18067,0.0094
rev_18068,0.0206
rev_18069,0.011
rev_18070,0.0511
rev_18071,0.0003
rev_18072,0.0017
rev_18073,0.9999
rev_18074,0.9936
rev_18075,0.9998
rev_18076,0.9993
rev_18077,0.999
rev_18078,0.9999
rev_18079,0.9958
rev_18080,0.7301
rev_18081,0.9735
rev_18082,0.6716
rev_18083,0.0085
rev_18084,0.0589
rev_18085,0.2944
rev_18086,0.0057
rev_18087,0.0141
rev_18088,0.0042
rev_18089,0.116
rev_18090,0.0296
rev_18091,0.0623
rev_18092,0.0177
rev_18093,0.9989
rev_18094,0.921
rev_18095,0.9688
rev_18096,0.9763
rev_18097,0.9999
rev_18098,0.9977
rev_18099,0.9886
rev_18100,0.9422
rev_18101,0.9987
rev_18102,1.0
rev_18103,0.0018
rev_18104,0.0003
rev_18105,0.0012
rev_18106,0.0186
rev_18107,0.0295
rev_18108,0.0492
rev_18109,0.0076
rev_18110,0.0002
rev_18111,0.1691
rev_18112,0.0059
rev_18113,0.9866
rev_18114,0.9521
rev_18115,0.9382
rev_18116,0.9935
rev_18117,0.9998
rev_18118,0.9988
rev_18119,1.0
rev_18120,0.6905
rev_18121,0.9853
rev_18122,0.0903
rev_18123,0.0801
rev_18124,0.0019
rev_18125,0.0155
rev_18126,0.1366
rev_18127,0.0008
rev_18128,0.2976
rev_18129,0.0566
rev_18130,0.1356
rev_18131,0.9979
rev_18132,0.9999
rev_18133,0.9988
rev_18134,0.9586
rev_18135,0.9943
rev_18136,0.9944
rev_18137,0.9776
rev_18138,0.9999
rev_18139,0.9992
rev_18140,0.0087
rev_18141,0.0058
rev_18142,0.0198
rev_18143,0.0455
rev_18144,0.0081
rev_18145,0.0224
rev_18146,0.0021
rev_18147,0.0499
rev_18148,0.0001
rev_18149,0.9985
rev_18150,0.9985
rev_18151,0.9993
rev_18152,0.9986
rev_18153,0.989
rev_18154,0.9945
rev_18155,0.998
rev_18156,0.967
rev_18157,0.9981
rev_18158,0.0921
rev_18159,0.056
rev_18160,0.0001
rev_18161,0.0268
rev_18162,0.53
rev_18163,0.4646
rev_18164,0.0063
rev_18165,0.0529
rev_18166,0.0077
rev_18167,0.9759
rev_18168,0.9681
rev_18169,0.9971
rev_18170,0.9923
rev_18171,0.9887
rev_18172,0.9959
rev_18173,0.9886
rev_18174,0.9975
rev_18175,0.0089
rev_18176,0.0781
rev_18177,0.0095
rev_18178,0.0056
rev_18179,0.2721
rev_18180,0.0
rev_18181,0.0089
rev_18182,0.0012
rev_18183,0.9673
rev_18184,0.9988
rev_18185,0.9952
rev_18186,0.9966
rev_18187,0.9906
rev_18188,0.9984
rev_18189,0.9939
rev_18190,0.9958
rev_18191,0.0748
rev_18192,0.0036
rev_18193,0.0351
rev_18194,0.0072
rev_18195,0.5311
rev_18196,0.0173
rev_18197,0.0488
rev_18198,0.1993
rev_18199,0.9774
rev_18200,0.9924
rev_18201,0.9596
rev_18202,0.9995
rev_18203,0.9999
rev_18204,0.9987
rev_18205,0.9999
rev_18206,0.9831
rev_18207,0.0015
rev_18208,0.0022
rev_18209,0.022
rev_18210,0.1263
rev_18211,0.0146
rev_18212,0.0144
rev_18213,0.017
rev_18214,0.052
rev_18215,0.9995
rev_18216,0.9991
rev_18217,0.9298
rev_18218,0.9794
rev_18219,0.9629
rev_18220,0.9046
rev_18221,0.9991
rev_18222,0.9652
rev_18223,0.0132
rev_18224,0.038
rev_18225,0.2659
rev_18226,0.0001
rev_18227,0.0188
rev_18228,0.01
rev_18229,0.0145
rev_18230,0.0974
rev_18231,0.999
rev_18232,0.9988
rev_18233,0.9993
rev_18234,0.998
rev_18235,0.9976
rev_18236,0.948
rev_18237,0.7891
rev_18238,0.9964
rev_18239,0.0058
rev_18240,0.0005
rev_18241,0.3429
rev_18242,0.0617
rev_18243,0.0017
rev_18244,0.0049
rev_18245,0.009
rev_18246,0.0014
rev_18247,0.9999
rev_18248,0.9739
rev_18249,0.9963
rev_18250,0.9885
rev_18251,0.999
rev_18252,0.9799
rev_18253,0.9987
rev_18254,0.5489
rev_18255,0.0108
rev_18256,0.0228
rev_18257,0.0006
rev_18258,0.0908
rev_18259,0.0002
rev_18260,0.0236
rev_18261,0.001
rev_18262,0.0285
rev_18263,0.9978
rev_18264,0.9999
rev_18265,0.7596
rev_18266,0.7394
rev_18267,0.9494
rev_18268,0.9549
rev_18269,0.9893
rev_18270,0.0002
rev_18271,0.0024
rev_18272,0.0009
rev_18273,0.0095
rev_18274,0.0019
rev_18275,0.0083
rev_18276,0.5848
rev_18277,0.6001
rev_18278,0.9964
rev_18279,0.9982
rev_18280,0.9993
rev_18281,0.9995
rev_18282,0.9989
rev_18283,0.8999
rev_18284,0.0116
rev_18285,0.001
rev_18286,0.1212
rev_18287,0.1305
rev_18288,0.0022
rev_18289,0.003
rev_18290,0.2161
rev_18291,0.9964
rev_18292,0.997
rev_18293,0.9667
rev_18294,0.7124
rev_18295,0.9942
rev_18296,0.6778
rev_18297,0.6339
rev_18298,0.9995
rev_18299,0.0004
rev_18300,0.0004
rev_18301,0.0164
rev_18302,0.0711
rev_18303,0.0044
rev_18304,0.0286
rev_18305,0.0158
rev_18306,0.0007
rev_18307,0.9993
rev_18308,0.9997
rev_18309,0.993
rev_18310,0.9916
rev_18311,0.9998
rev_18312,0.9999
rev_18313,0.9868
rev_18314,0.9899
rev_18315,0.0101
rev_18316,0.0401
rev_18317,0.0035
rev_18318,0.0072
rev_18319,0.0013
rev_18320,0.1385
rev_18321,0.0013
rev_18322,0.0052
rev_18323,0.9591
rev_18324,0.9988
rev_18325,0.9445
rev_18326,0.9693
rev_18327,0.9999
rev_18328,0.9941
rev_18329,0.9985
rev_18330,0.153
rev_18331,0.0462
rev_18332,0.0572
rev_18333,0.0006
rev_18334,0.0028
rev_18335,0.0029
rev_18336,0.0141
rev_18337,0.9999
rev_18338,0.9981
rev_18339,0.4778
rev_18340,0.9952
rev_18341,0.9231
rev_18342,0.9576
rev_18343,1.0
rev_18344,0.0067
rev_18345,0.0057
rev_18346,0.0095
rev_18347,0.0158
rev_18348,0.0168
rev_18349,0.0242
rev_18350,0.0025
rev_18351,0.9918
rev_18352,0.9886
rev_18353,0.998
rev_18354,0.9998
rev_18355,0.9989
rev_18356,0.9993
rev_18357,0.9868
rev_18358,0.1679
rev_18359,0.0083
rev_18360,0.1414
rev_18361,0.0006
rev_18362,0.004
rev_18363,0.1369
rev_18364,0.0076
rev_18365,0.8788
rev_18366,0.9999
rev_18367,0.9983
rev_18368,0.9887
rev_18369,0.9999
rev_18370,0.7869
rev_18371,0.989
rev_18372,0.0353
rev_18373,0.0007
rev_18374,0.005
rev_18375,0.0596
rev_18376,0.005
rev_18377,0.0013
rev_18378,0.0434
rev_18379,0.9983
rev_18380,0.9584
rev_18381,1.0
rev_18382,0.9226
rev_18383,1.0
rev_18384,0.9985
rev_18385,0.9915
rev_18386,0.0192
rev_18387,0.0338
rev_18388,0.0058
rev_18389,0.0171
rev_18390,0.0004
rev_18391,0.0001
rev_18392,0.0003
rev_18393,0.5336
rev_18394,0.9998
rev_18395,0.9998
rev_18396,0.9998
rev_18397,0.9956
rev_18398,0.998
rev_18399,0.0007
rev_18400,0.0149
rev_18401,0.0024
rev_18402,0.0024
rev_18403,0.0102
rev_18404,0.0001
rev_18405,0.9999
rev_18406,0.9595
rev_18407,0.9992
rev_18408,0.9484
rev_18409,0.9997
rev_18410,0.9899
rev_18411,0.9984
rev_18412,0.048
rev_18413,0.0202
rev_18414,0.0016
rev_18415,0.0199
rev_18416,0.0104
rev_18417,0.0034
rev_18418,0.0001
rev_18419,0.9997
rev_18420,0.9985
rev_18421,0.9972
rev_18422,0.9825
rev_18423,0.8672
rev_18424,0.9189
rev_18425,0.0607
rev_18426,0.0013
rev_18427,0.0111
rev_18428,0.0003
rev_18429,0.0527
rev_18430,0.0528
rev_18431,0.9995
rev_18432,0.9143
rev_18433,0.9447
rev_18434,0.9642
rev_18435,0.9418
rev_18436,0.9951
rev_18437,0.0007
rev_18438,0.187
rev_18439,0.0022
rev_18440,0.0704
rev_18441,0.1362
rev_18442,0.0424
rev_18443,0.9751
rev_18444,0.997
rev_18445,0.9934
rev_18446,0.9955
rev_18447,0.9328
rev_18448,0.9976
rev_18449,0.0031
rev_18450,0.0001
rev_18451,0.0043
rev_18452,0.0035
rev_18453,0.0081
rev_18454,0.0042
rev_18455,0.8618
rev_18456,0.4491
rev_18457,0.9997
rev_18458,0.9832
rev_18459,0.9876
rev_18460,0.9782
rev_18461,0.0007
rev_18462,0.0016
rev_18463,0.0513
rev_18464,0.0404
rev_18465,0.0084
rev_18466,0.0029
rev_18467,0.9876
rev_18468,0.9726
rev_18469,0.9998
rev_18470,0.9805
rev_18471,0.8836
rev_18472,0.4664
rev_18473,0.0029
rev_18474,0.1687
rev_18475,0.0125
rev_18476,0.0009
rev_18477,0.9958
rev_18478,0.994
rev_18479,0.9917
rev_18480,0.7508
rev_18481,1.0
rev_18482,0.9827
rev_18483,0.0728
rev_18484,0.0023
rev_18485,0.0012
rev_18486,0.0038
rev_18487,0.0035
rev_18488,0.0022
rev_18489,0.9548
rev_18490,0.8059
rev_18491,0.9867
rev_18492,0.7657
rev_18493,0.9995
rev_18494,0.0149
rev_18495,0.0005
rev_18496,0.3222
rev_18497,0.0162
rev_18498,0.0022
rev_18499,0.1533
rev_18500,0.9999
rev_18501,0.9991
rev_18502,0.9993
rev_18503,0.9987
rev_18504,0.7793
rev_18505,0.0004
rev_18506,0.132
rev_18507,0.3541
rev_18508,0.0047
rev_18509,0.0052
rev_18510,0.003
rev_18511,0.9997
rev_18512,0.9998
rev_18513,0.9968
rev_18514,0.9999
rev_18515,0.934
rev_18516,0.9982
rev_18517,0.0148
rev_18518,0.0665
rev_18519,0.0178
rev_18520,0.0083
rev_18521,0.176
rev_18522,0.0037
rev_18523,0.9876
rev_18524,0.9995
rev_18525,0.9937
rev_18526,0.9935
rev_18527,0.9997
rev_18528,0.9963
rev_18529,0.0273
rev_18530,0.0086
rev_18531,0.0026
rev_18532,0.012
rev_18533,0.0347
rev_18534,0.0002
rev_18535,0.9997
rev_18536,1.0
rev_18537,0.9922
rev_18538,0.9999
rev_18539,0.9719
rev_18540,0.0125
rev_18541,0.0005
rev_18542,0.0013
rev_18543,0.0145
rev_18544,0.0025
rev_18545,0.9954
rev_18546,0.9951
rev_18547,0.9995
rev_18548,0.9998
rev_18549,0.9995
rev_18550,0.0005
rev_18551,0.0092
rev_18552,0.0004
rev_18553,0.0004
rev_18554,0.0036
rev_18555,0.9997
rev_18556,0.9993
rev_18557,0.9995
rev_18558,0.998
rev_18559,0.9963
rev_18560,0.0007
rev_18561,0.0167
rev_18562,0.004
rev_18563,0.0135
rev_18564,0.0277
rev_18565,0.9974
rev_18566,0.9935
rev_18567,0.9894
rev_18568,0.9948
rev_18569,0.0143
rev_18570,0.0008
rev_18571,0.025
rev_18572,0.011
rev_18573,0.9679
rev_18574,0.9934
rev_18575,0.9942
rev_18576,0.9708
rev_18577,0.8963
rev_18578,0.118
rev_18579,0.0214
rev_18580,0.0264
rev_18581,0.0002
rev_18582,0.0128
rev_18583,0.9932
rev_18584,0.9988
rev_18585,0.9991
rev_18586,0.7524
rev_18587,0.992
rev_18588,0.002
rev_18589,0.1674
rev_18590,0.0027
rev_18591,0.0103
rev_18592,0.0617
rev_18593,0.9999
rev_18594,0.998
rev_18595,0.9975
rev_18596,0.8849
rev_18597,0.9998
rev_18598,0.1047
rev_18599,0.0083
rev_18600,0.0059
rev_18601,0.0022
rev_18602,0.0002
rev_18603,0.9957
rev_18604,0.996
rev_18605,0.9981
rev_18606,0.9937
rev_18607,0.0045
rev_18608,0.0014
rev_18609,0.0001
rev_18610,0.0193
rev_18611,0.9966
rev_18612,0.9993
rev_18613,0.9947
rev_18614,0.9725
rev_18615,0.0045
rev_18616,0.0025
rev_18617,0.0009
rev_18618,0.002
rev_18619,0.3157
rev_18620,0.9972
rev_18621,0.9816
rev_18622,0.9993
rev_18623,0.0134
rev_18624,0.0137
rev_18625,0.0153
rev_18626,0.0618
rev_18627,0.9999
rev_18628,0.9994
rev_18629,0.999
rev_18630,0.9992
rev_18631,0.0019
rev_18632,0.0302
rev_18633,0.0001
rev_18634,0.0055
rev_18635,0.9995
rev_18636,0.5828
rev_18637,0.7847
rev_18638,0.9756
rev_18639,0.0021
rev_18640,0.0016
rev_18641,0.0264
rev_18642,0.0153
rev_18643,0.9673
rev_18644,0.9911
rev_18645,0.9939
rev_18646,0.9941
rev_18647,0.0154
rev_18648,0.0354
rev_18649,0.0084
rev_18650,0.0015
rev_18651,0.89
rev_18652,0.973
rev_18653,0.9997
rev_18654,0.9971
rev_18655,0.0108
rev_18656,0.1846
rev_18657,0.0012
rev_18658,0.0019
rev_18659,0.4905
rev_18660,0.9923
rev_18661,0.977
rev_18662,0.9989
rev_18663,0.0107
rev_18664,0.0553
rev_18665,0.0628
rev_18666,0.006
rev_18667,0.9536
rev_18668,0.9965
rev_18669,0.9635
rev_18670,0.2849
rev_18671,0.0002
rev_18672,0.0161
rev_18673,0.098
rev_18674,0.0295
rev_18675,0.9819
rev_18676,0.9994
rev_18677,0.9982
rev_18678,0.9994
rev_18679,0.0004
rev_18680,0.0048
rev_18681,0.0116
rev_18682,0.0008
rev_18683,0.9928
rev_18684,0.9999
rev_18685,0.987
rev_18686,0.8426
rev_18687,0.0047
rev_18688,0.0126
rev_18689,0.0029
rev_18690,0.2064
rev_18691,0.9319
rev_18692,0.8378
rev_18693,0.9663
rev_18694,0.9947
rev_18695,0.0059
rev_18696,0.0055
rev_18697,0.0006
rev_18698,0.0062
rev_18699,0.9629
rev_18700,0.9963
rev_18701,0.9964
rev_18702,0.9916
rev_18703,0.0402
rev_18704,0.002
rev_18705,0.0016
rev_18706,0.0013
rev_18707,0.9997
rev_18708,0.8753
rev_18709,0.9967
rev_18710,0.9999
rev_18711,0.0013
rev_18712,0.0001
rev_18713,0.0003
rev_18714,0.0144
rev_18715,0.6511
rev_18716,1.0
rev_18717,0.9965
rev_18718,0.0005
rev_18719,0.0365
rev_18720,0.0002
rev_18721,0.9957
rev_18722,0.9869
rev_18723,0.5671
rev_18724,0.1079
rev_18725,0.3256
rev_18726,0.023
rev_18727,0.9422
rev_18728,0.9965
rev_18729,0.9993
rev_18730,0.9996
rev_18731,0.0026
rev_18732,0.0006
rev_18733,0.0024
rev_18734,0.0055
rev_18735,0.9999
rev_18736,0.9908
rev_18737,0.9988
rev_18738,0.9999
rev_18739,0.1835
rev_18740,0.0002
rev_18741,0.4347
rev_18742,0.0012
rev_18743,0.9916
rev_18744,0.8342
rev_18745,0.9983
rev_18746,0.9275
rev_18747,0.1696
rev_18748,0.0072
rev_18749,0.2137
rev_18750,0.0218
rev_18751,1.0
rev_18752,0.9957
rev_18753,0.9931
rev_18754,0.94
rev_18755,0.0007
rev_18756,0.011
rev_18757,0.0179
rev_18758,0.0005
rev_18759,0.9977
rev_18760,0.9987
rev_18761,1.0
rev_18762,0.0037
rev_18763,0.0003
rev_18764,0.133
rev_18765,0.9993
rev_18766,0.9738
rev_18767,0.9332
rev_18768,0.0067
rev_18769,0.0009
rev_18770,0.0056
rev_18771,0.9925
rev_18772,0.837
rev_18773,0.9782
rev_18774,0.9981
rev_18775,0.0097
rev_18776,0.0022
rev_18777,0.0494
rev_18778,0.0008
rev_18779,0.8584
rev_18780,0.9992
rev_18781,0.9494
rev_18782,0.0154
rev_18783,0.0
rev_18784,0.0018
rev_18785,0.9993
rev_18786,0.9987
rev_18787,0.9992
rev_18788,0.001
rev_18789,0.044
rev_18790,0.0002
rev_18791,1.0
rev_18792,0.9974
rev_18793,0.9996
rev_18794,0.0007
rev_18795,0.0005
rev_18796,0.0042
rev_18797,0.9994
rev_18798,0.9948
rev_18799,0.9809
rev_18800,0.6674
rev_18801,0.0226
rev_18802,0.0011
rev_18803,0.0002
rev_18804,0.0488
rev_18805,0.5053
rev_18806,0.9908
rev_18807,0.8363
rev_18808,0.0185
rev_18809,0.0004
rev_18810,0.0003
rev_18811,0.9992
rev_18812,0.9963
rev_18813,0.9949
rev_18814,0.0011
rev_18815,0.008
rev_18816,0.1337
rev_18817,0.9803
rev_18818,0.9983
rev_18819,0.9994
rev_18820,0.0005
rev_18821,0.0006
rev_18822,0.0239
rev_18823,0.9882
rev_18824,0.9723
rev_18825,0.9954
rev_18826,0.0037
rev_18827,0.0018
rev_18828,0.0003
rev_18829,0.9982
rev_18830,0.997
rev_18831,0.9073
rev_18832,0.022
rev_18833,0.0007
rev_18834,0.0062
rev_18835,0.8638
rev_18836,0.8309
rev_18837,0.9309
rev_18838,0.0006
rev_18839,0.0027
rev_18840,0.0008
rev_18841,0.9937
rev_18842,0.9876
rev_18843,0.997
rev_18844,0.0181
rev_18845,0.0019
rev_18846,0.0005
rev_18847,0.9951
rev_18848,0.9968
rev_18849,0.9997
rev_18850,0.0145
rev_18851,0.0007
rev_18852,0.0008
rev_18853,0.9932
rev_18854,0.9973
rev_18855,0.928
rev_18856,0.0016
rev_18857,0.0034
rev_18858,0.0014
rev_18859,0.9999
rev_18860,0.9799
rev_18861,0.9998
rev_18862,0.0006
rev_18863,0.0004
rev_18864,0.0004
rev_18865,0.9945
rev_18866,0.9759
rev_18867,0.9937
rev_18868,0.0196
rev_18869,0.0014
rev_18870,0.0217
rev_18871,0.9551
rev_18872,0.999
rev_18873,0.9899
rev_18874,0.0088
rev_18875,0.0002
rev_18876,0.005
rev_18877,0.96
rev_18878,0.9834
rev_18879,0.9873
rev_18880,0.0097
rev_18881,0.0022
rev_18882,0.1026
rev_18883,0.9987
rev_18884,0.9962
rev_18885,0.9479
rev_18886,0.0259
rev_18887,0.0012
rev_18888,0.0008
rev_18889,0.8562
rev_18890,0.9988
rev_18891,0.9999
rev_18892,0.0016
rev_18893,0.0008
rev_18894,0.0338
rev_18895,0.9999
rev_18896,0.9938
rev_18897,0.0003
rev_18898,0.0034
rev_18899,0.9989
rev_18900,0.9892
rev_18901,0.956
rev_18902,0.0235
rev_18903,0.0032
rev_18904,0.0314
rev_18905,0.9793
rev_18906,0.9032
rev_18907,0.006
rev_18908,0.0053
rev_18909,0.9893
rev_18910,0.9581
rev_18911,0.9979
rev_18912,0.0013
rev_18913,0.012
rev_18914,0.0008
rev_18915,0.9978
rev_18916,0.922
rev_18917,0.0005
rev_18918,0.0024
rev_18919,0.9999
rev_18920,0.9696
rev_18921,0.0052
rev_18922,0.0123
rev_18923,0.994
rev_18924,0.9995
rev_18925,0.0002
rev_18926,0.006
rev_18927,0.9998
rev_18928,0.9983
rev_18929,0.0137
rev_18930,0.0001
rev_18931,0.5304
rev_18932,1.0
rev_18933,0.0707
rev_18934,0.0006
rev_18935,0.9974
rev_18936,0.9991
rev_18937,0.0002
rev_18938,0.002
rev_18939,0.9984
rev_18940,0.9986
rev_18941,0.0048
rev_18942,0.0149
rev_18943,0.9852
rev_18944,0.9929
rev_18945,0.4678
rev_18946,0.0049
rev_18947,0.962
rev_18948,0.9996
rev_18949,0.0002
rev_18950,0.0002
rev_18951,0.9997
rev_18952,0.9992
rev_18953,0.1282
rev_18954,0.0027
rev_18955,0.9999
rev_18956,0.9997
rev_18957,0.0009
rev_18958,0.0087
rev_18959,0.9984
rev_18960,0.996
rev_18961,0.0003
rev_18962,0.0007
rev_18963,0.9966
rev_18964,0.9972
rev_18965,0.0029
rev_18966,0.2199
rev_18967,0.9721
rev_18968,0.9974
rev_18969,0.0115
rev_18970,0.0001
rev_18971,0.9997
rev_18972,0.9972
rev_18973,0.0004
rev_18974,0.0014
rev_18975,0.9984
rev_18976,0.3646
rev_18977,0.1103
rev_18978,0.115
rev_18979,0.9861
rev_18980,0.9546
rev_18981,0.0002
rev_18982,0.0066
rev_18983,0.9998
rev_18984,0.9997
rev_18985,0.0017
rev_18986,0.0002
rev_18987,0.936
rev_18988,0.999
rev_18989,0.0028
rev_18990,0.0015
rev_18991,0.5086
rev_18992,0.9972
rev_18993,0.0022
rev_18994,0.0007
rev_18995,0.9871
rev_18996,0.9635
rev_18997,0.0018
rev_18998,0.0001
rev_18999,0.9951
rev_19000,0.9993
rev_19001,0.0002
rev_19002,0.0103
rev_19003,0.9998
rev_19004,0.9999
rev_19005,0.0058
rev_19006,0.0032
rev_19007,0.9978
rev_19008,0.9951
rev_19009,0.0
rev_19010,0.0001
rev_19011,0.9997
rev_19012,0.9941
rev_19013,0.0005
rev_19014,0.1454
rev_19015,0.9998
rev_19016,0.9954
rev_19017,0.0204
rev_19018,0.0001
rev_19019,0.9991
rev_19020,0.9978
rev_19021,0.0002
rev_19022,0.0002
rev_19023,0.9991
rev_19024,1.0
rev_19025,0.0006
rev_19026,0.0093
rev_19027,0.9746
rev_19028,0.9631
rev_19029,0.0043
rev_19030,0.0013
rev_19031,0.9955
rev_19032,0.6455
rev_19033,0.0286
rev_19034,0.0298
rev_19035,0.932
rev_19036,0.96
rev_19037,0.0109
rev_19038,0.0019
rev_19039,0.9881
rev_19040,0.945
rev_19041,0.0057
rev_19042,0.0004
rev_19043,0.9957
rev_19044,0.9844
rev_19045,0.0016
rev_19046,0.0008
rev_19047,0.813
rev_19048,0.8559
rev_19049,0.0204
rev_19050,0.0061
rev_19051,0.9977
rev_19052,0.9974
rev_19053,0.007
rev_19054,0.0012
rev_19055,0.9752
rev_19056,0.9785
rev_19057,0.0083
rev_19058,0.2558
rev_19059,0.967
rev_19060,0.9939
rev_19061,0.0003
rev_19062,0.0
rev_19063,0.9958
rev_19064,0.9978
rev_19065,0.0026
rev_19066,0.0015
rev_19067,0.97
rev_19068,0.9913
rev_19069,0.004
rev_19070,0.0022
rev_19071,0.9698
rev_19072,0.0
rev_19073,0.8146
rev_19074,0.9996
rev_19075,0.0001
rev_19076,0.0009
rev_19077,0.9972
rev_19078,0.9989
rev_19079,0.0001
rev_19080,0.0123
rev_19081,0.9968
rev_19082,0.9917
rev_19083,0.001
rev_19084,0.0001
rev_19085,0.9925
rev_19086,0.9996
rev_19087,0.0017
rev_19088,0.0
rev_19089,0.9993
rev_19090,0.9987
rev_19091,0.0005
rev_19092,0.0069
rev_19093,0.9971
rev_19094,0.9978
rev_19095,0.0008
rev_19096,0.002
rev_19097,0.9988
rev_19098,0.9997
rev_19099,0.0039
rev_19100,0.0042
rev_19101,0.9957
rev_19102,0.9954
rev_19103,0.0021
rev_19104,0.0606
rev_19105,0.9945
rev_19106,0.949
rev_19107,0.0076
rev_19108,0.0153
rev_19109,0.9886
rev_19110,0.8853
rev_19111,0.0003
rev_19112,0.0004
rev_19113,0.9742
rev_19114,0.998
rev_19115,0.0
rev_19116,0.01
rev_19117,0.9999
rev_19118,0.1024
rev_19119,0.9961
rev_19120,0.9987
rev_19121,0.0161
rev_19122,0.0013
rev_19123,0.9995
rev_19124,0.0003
rev_19125,0.9997
rev_19126,0.9999
rev_19127,0.0034
rev_19128,0.0022
rev_19129,0.9992
rev_19130,0.0012
rev_19131,0.9905
rev_19132,0.9988
rev_19133,0.0015
rev_19134,0.0094
rev_19135,0.998
rev_19136,0.0029
rev_19137,0.9428
rev_19138,0.0035
rev_19139,0.9997
rev_19140,0.9987
rev_19141,0.0021
rev_19142,0.0045
rev_19143,0.9941
rev_19144,0.004
rev_19145,0.9996
rev_19146,0.001
rev_19147,1.0
rev_19148,0.0003
rev_19149,0.9548
rev_19150,1.0
rev_19151,0.0001
rev_19152,0.0002
rev_19153,0.8607
rev_19154,0.9949
rev_19155,0.0248
rev_19156,0.0087
rev_19157,0.9944
rev_19158,0.9994
rev_19159,0.0015
rev_19160,0.0008
rev_19161,0.9866
rev_19162,0.8706
rev_19163,0.0013
rev_19164,0.0112
rev_19165,0.9979
rev_19166,0.0002
rev_19167,0.9702
rev_19168,0.0
rev_19169,0.9999
rev_19170,0.0028
rev_19171,0.9966
rev_19172,0.0003
rev_19173,0.9961
rev_19174,0.0229
rev_19175,0.9229
rev_19176,0.0003
rev_19177,0.9844
rev_19178,0.0716
rev_19179,0.9637
rev_19180,0.0017
rev_19181,0.9028
rev_19182,0.0001
rev_19183,0.996
rev_19184,0.0146
rev_19185,0.9991
rev_19186,0.0002
rev_19187,0.8843
rev_19188,0.0001
rev_19189,0.9996
rev_19190,0.0
rev_19191,0.9941
rev_19192,0.0
rev_19193,0.9818
rev_19194,0.0007
rev_19195,0.9995
rev_19196,0.0001
rev_19197,0.9989
rev_19198,0.008
rev_19199,0.9958
rev_19200,0.0
rev_19201,0.9464
rev_19202,0.0055
rev_19203,0.8317
rev_19204,0.0
rev_19205,0.6814
rev_19206,0.0
rev_19207,0.8408
rev_19208,0.0002
rev_19209,0.9948
rev_19210,0.001
rev_19211,0.9947
rev_19212,0.0007
rev_19213,0.9996
rev_19214,0.0001
rev_19215,0.9972
rev_19216,0.0462
rev_19217,0.9995
rev_19218,0.0017
rev_19219,0.9676
rev_19220,0.0019
rev_19221,0.9998
rev_19222,0.0014
rev_19223,0.9992
rev_19224,0.0095
rev_19225,0.9984
rev_19226,0.0
rev_19227,0.9864
rev_19228,0.0003
rev_19229,0.9996
rev_19230,0.0007
rev_19231,0.9967
rev_19232,0.0053
rev_19233,0.999
rev_19234,0.0029
rev_19235,0.9921
rev_19236,0.0056
rev_19237,0.9801
rev_19238,0.0078
rev_19239,0.9998
rev_19240,0.0001
rev_19241,0.9691
rev_19242,0.0001
rev_19243,0.9905
rev_19244,0.0
rev_19245,0.9542
rev_19246,0.0697
rev_19247,0.9289
rev_19248,0.0002
rev_19249,0.9998
rev_19250,0.0002
rev_19251,0.9999
rev_19252,0.0003
rev_19253,0.9994
rev_19254,0.0007
rev_19255,0.9997
rev_19256,0.0001
rev_19257,0.9314
rev_19258,0.0
rev_19259,0.9373
rev_19260,0.0096
rev_19261,0.9985
rev_19262,0.0001
rev_19263,0.9953
rev_19264,0.0051
rev_19265,0.9878
rev_19266,0.0001
rev_19267,0.9994
rev_19268,0.0272
rev_19269,0.5059
rev_19270,0.0005
rev_19271,0.9988
rev_19272,0.0002
rev_19273,0.9678
rev_19274,0.0008
rev_19275,0.9832
rev_19276,0.015
rev_19277,0.998
rev_19278,0.0001
rev_19279,1.0
rev_19280,0.0
rev_19281,0.9905
rev_19282,0.0001
rev_19283,0.9988
rev_19284,0.0001
rev_19285,0.9995
rev_19286,0.0007
rev_19287,0.9999
rev_19288,0.0105
rev_19289,0.8906
rev_19290,0.0173
rev_19291,1.0
rev_19292,0.0037
rev_19293,0.9764
rev_19294,0.0002
rev_19295,0.9998
rev_19296,0.001
rev_19297,0.9998
rev_19298,0.0029
rev_19299,0.9995
rev_19300,0.0021
rev_19301,0.9978
rev_19302,0.0009
rev_19303,0.9988
rev_19304,0.0001
rev_19305,0.9984
rev_19306,0.0009
rev_19307,0.9775
rev_19308,0.0003
rev_19309,0.9989
rev_19310,0.0006
rev_19311,0.9992
rev_19312,0.1945
rev_19313,0.9987
rev_19314,0.0007
rev_19315,0.9983
rev_19316,0.0042
rev_19317,0.9732
rev_19318,0.0015
rev_19319,0.9827
rev_19320,0.0003
rev_19321,0.9838
rev_19322,0.001
rev_19323,0.9964
rev_19324,0.0005
rev_19325,0.9993
rev_19326,0.0002
rev_19327,0.9868
rev_19328,0.0012
rev_19329,0.9993
rev_19330,0.0149
rev_19331,0.9871
rev_19332,0.0013
rev_19333,0.998
rev_19334,0.0
rev_19335,0.9978
rev_19336,0.0004
rev_19337,0.9609
rev_19338,0.0003
rev_19339,0.9993
rev_19340,0.0002
rev_19341,0.9963
rev_19342,0.0116
rev_19343,0.9846
rev_19344,0.0001
rev_19345,1.0
rev_19346,0.0002
rev_19347,0.9982
rev_19348,0.0005
rev_19349,0.898
rev_19350,0.0
rev_19351,0.9973
rev_19352,0.001
rev_19353,0.9503
rev_19354,0.0005
rev_19355,0.9996
rev_19356,0.0001
rev_19357,0.9987
rev_19358,0.0008
rev_19359,0.99
rev_19360,0.0003
rev_19361,0.9999
rev_19362,0.0001
rev_19363,0.9993
rev_19364,0.0006
rev_19365,0.9999
rev_19366,0.0008
rev_19367,0.9987
rev_19368,0.0001
rev_19369,0.9995
rev_19370,0.0007
rev_19371,0.9527
rev_19372,0.0199
rev_19373,0.9993
rev_19374,0.0009
rev_19375,0.7755
rev_19376,0.0003
rev_19377,0.9488
rev_19378,0.0002
rev_19379,0.9089
rev_19380,0.0009
rev_19381,1.0
rev_19382,0.0003
rev_19383,0.9998
rev_19384,0.005
rev_19385,0.9986
rev_19386,0.001
rev_19387,0.9966
rev_19388,0.005
rev_19389,0.9845
rev_19390,0.0011
rev_19391,0.9999
rev_19392,0.0003
rev_19393,0.9999
rev_19394,0.0001
rev_19395,1.0
rev_19396,0.0015
rev_19397,0.9991
rev_19398,0.0001
rev_19399,0.9849
rev_19400,0.0
rev_19401,0.9998
rev_19402,0.0001
rev_19403,0.9999
rev_19404,0.0316
rev_19405,0.9994
rev_19406,0.0001
rev_19407,1.0
rev_19408,0.0804
rev_19409,0.9972
rev_19410,0.0005
rev_19411,0.9995
rev_19412,0.0001
rev_19413,0.9964
rev_19414,0.0042
rev_19415,0.9969
rev_19416,0.0002
rev_19417,0.9977
rev_19418,0.0016
rev_19419,0.9995
rev_19420,0.0061
rev_19421,0.9932
rev_19422,0.0001
rev_19423,0.9997
rev_19424,0.0003
rev_19425,0.9997
rev_19426,0.0
rev_19427,0.9819
rev_19428,0.0004
rev_19429,1.0
rev_19430,0.0003
rev_19431,0.98
rev_19432,0.0001
rev_19433,0.1113
rev_19434,0.6793
rev_19435,0.3583
rev_19436,0.9878
rev_19437,0.9961
rev_19438,0.9998
rev_19439,0.9795
rev_19440,0.6682
rev_19441,0.9357
rev_19442,0.9997
rev_19443,0.9997
rev_19444,0.8241
rev_19445,0.9045
rev_19446,0.9399
rev_19447,0.998
rev_19448,0.9513
rev_19449,0.9605
rev_19450,0.5369
rev_19451,0.9947
rev_19452,0.9942
rev_19453,0.9992
rev_19454,1.0
rev_19455,0.9986
rev_19456,0.998
rev_19457,0.9974
rev_19458,0.9973
rev_19459,0.7667
rev_19460,0.9745
rev_19461,0.3008
rev_19462,0.8204
rev_19463,0.9809
rev_19464,0.6768
rev_19465,0.658
rev_19466,0.9998
rev_19467,0.9981
rev_19468,0.851
rev_19469,0.9876
rev_19470,0.7022
rev_19471,0.859
rev_19472,0.9986
rev_19473,0.9513
rev_19474,0.9558
rev_19475,0.9579
rev_19476,0.9507
rev_19477,0.7399
rev_19478,0.991
rev_19479,0.5034
rev_19480,0.0236
rev_19481,0.6747
rev_19482,0.1293
rev_19483,0.0467
rev_19484,0.0339
rev_19485,0.0967
rev_19486,0.5344
rev_19487,0.0352
rev_19488,0.7783
rev_19489,0.5154
rev_19490,0.0862
rev_19491,0.2413
rev_19492,0.5193
rev_19493,0.207
rev_19494,0.0781
rev_19495,0.2515
rev_19496,0.2574
rev_19497,0.7911
rev_19498,0.8353
rev_19499,0.4475
rev_19500,0.6126
rev_19501,0.0296
rev_19502,0.4479
rev_19503,0.0882
rev_19504,0.9572
rev_19505,0.226
rev_19506,0.1147
rev_19507,0.0642
rev_19508,0.7702
rev_19509,0.2321
rev_19510,0.3601
rev_19511,0.058
rev_19512,0.1482
rev_19513,0.2731
rev_19514,0.7342
rev_19515,0.1722
rev_19516,0.0331
rev_19517,0.6875
rev_19518,0.0828
rev_19519,0.3221
rev_19520,0.0312
rev_19521,0.2829
rev_19522,0.4612
rev_19523,0.1032
rev_19524,0.4728
rev_19525,0.0737
rev_19526,0.1085
rev_19527,0.6009
rev_19528,0.9737
rev_19529,0.9505
rev_19530,0.986
rev_19531,0.9854
rev_19532,0.956
rev_19533,0.4527
rev_19534,0.9937
rev_19535,0.9719
rev_19536,0.4996
rev_19537,0.9975
rev_19538,0.5129
rev_19539,0.9983
rev_19540,0.9996
rev_19541,0.9258
rev_19542,0.4302
rev_19543,0.8123
rev_19544,0.9965
rev_19545,0.9978
rev_19546,0.7484
rev_19547,0.9889
rev_19548,0.5634
rev_19549,0.1692
rev_19550,0.6639
rev_19551,0.8144
rev_19552,0.9975
rev_19553,0.994
rev_19554,0.6027
rev_19555,0.9604
rev_19556,0.8151
rev_19557,0.9999
rev_19558,0.9768
rev_19559,0.9682
rev_19560,0.669
rev_19561,0.9966
rev_19562,0.9938
rev_19563,0.9997
rev_19564,0.3379
rev_19565,0.3884
rev_19566,0.9532
rev_19567,0.1847
rev_19568,0.2522
rev_19569,0.5226
rev_19570,0.5787
rev_19571,0.9996
rev_19572,0.9997
rev_19573,0.8097
rev_19574,0.1014
rev_19575,0.0571
rev_19576,0.058
rev_19577,0.0056
rev_19578,0.1111
rev_19579,0.7615
rev_19580,0.0873
rev_19581,0.2727
rev_19582,0.0837
rev_19583,0.0562
rev_19584,0.8529
rev_19585,0.0901
rev_19586,0.1053
rev_19587,0.7824
rev_19588,0.0546
rev_19589,0.0214
rev_19590,0.0229
rev_19591,0.1861
rev_19592,0.2634
rev_19593,0.2344
rev_19594,0.0216
rev_19595,0.17
rev_19596,0.3
rev_19597,0.1087
rev_19598,0.0535
rev_19599,0.1531
rev_19600,0.0085
rev_19601,0.1841
rev_19602,0.1844
rev_19603,0.1097
rev_19604,0.3467
rev_19605,0.706
rev_19606,0.4122
rev_19607,0.654
rev_19608,0.1065
rev_19609,0.4642
rev_19610,0.5349
rev_19611,0.4482
rev_19612,0.2672
rev_19613,0.9708
rev_19614,0.0143
rev_19615,0.1147
rev_19616,0.2076
rev_19617,0.1854
rev_19618,0.1459
rev_19619,0.0085
rev_19620,0.6524
rev_19621,0.9844
rev_19622,0.7985
rev_19623,0.9662
rev_19624,0.998
rev_19625,0.9821
rev_19626,0.9857
rev_19627,0.9997
rev_19628,0.6604
rev_19629,0.9895
rev_19630,0.9986
rev_19631,0.9978
rev_19632,0.7435
rev_19633,0.9953
rev_19634,0.7752
rev_19635,0.9835
rev_19636,0.8086
rev_19637,0.9917
rev_19638,0.956
rev_19639,0.999
rev_19640,0.5405
rev_19641,0.8303
rev_19642,0.9991
rev_19643,0.2133
rev_19644,0.8527
rev_19645,0.8767
rev_19646,0.999
rev_19647,1.0
rev_19648,0.8001
rev_19649,0.9014
rev_19650,0.9999
rev_19651,0.5321
rev_19652,0.9462
rev_19653,0.9994
rev_19654,0.6699
rev_19655,0.996
rev_19656,0.8327
rev_19657,0.7978
rev_19658,0.9908
rev_19659,0.9852
rev_19660,0.9748
rev_19661,0.9645
rev_19662,0.9816
rev_19663,0.996
rev_19664,0.9993
rev_19665,0.142
rev_19666,0.0733
rev_19667,0.2541
rev_19668,0.0471
rev_19669,0.226
rev_19670,0.0923
rev_19671,0.2242
rev_19672,0.2091
rev_19673,0.5747
rev_19674,0.0117
rev_19675,0.1658
rev_19676,0.0529
rev_19677,0.8367
rev_19678,0.2059
rev_19679,0.8628
rev_19680,0.1028
rev_19681,0.0601
rev_19682,0.5777
rev_19683,0.1048
rev_19684,0.0084
rev_19685,0.5382
rev_19686,0.0155
rev_19687,0.7813
rev_19688,0.8126
rev_19689,0.1581
rev_19690,0.2352
rev_19691,0.2221
rev_19692,0.6361
rev_19693,0.114
rev_19694,0.2505
rev_19695,0.0692
rev_19696,0.0867
rev_19697,0.0182
rev_19698,0.434
rev_19699,0.2521
rev_19700,0.0025
rev_19701,0.1472
rev_19702,0.4922
rev_19703,0.6178
rev_19704,0.0716
rev_19705,0.1329
rev_19706,0.0189
rev_19707,0.0037
rev_19708,0.2285
rev_19709,0.0043
rev_19710,0.0087
rev_19711,0.8763
rev_19712,0.9736
rev_19713,0.9992
rev_19714,0.9997
rev_19715,0.8371
rev_19716,0.8497
rev_19717,0.9959
rev_19718,0.9429
rev_19719,0.5325
rev_19720,0.9959
rev_19721,0.8884
rev_19722,0.4592
rev_19723,0.6938
rev_19724,0.7466
rev_19725,0.9974
rev_19726,0.3672
rev_19727,0.7994
rev_19728,0.9994
rev_19729,0.918
rev_19730,0.9988
rev_19731,0.9962
rev_19732,0.666
rev_19733,0.9958
rev_19734,0.9054
rev_19735,0.9998
rev_19736,0.9521
rev_19737,0.9187
rev_19738,0.8875
rev_19739,0.9919
rev_19740,0.9998
rev_19741,0.9923
rev_19742,0.999
rev_19743,0.9996
rev_19744,0.9568
rev_19745,0.9998
rev_19746,0.9941
rev_19747,0.9991
rev_19748,0.995
rev_19749,0.9976
rev_19750,0.995
rev_19751,0.7368
rev_19752,0.9805
rev_19753,0.017
rev_19754,0.9531
rev_19755,0.5823
rev_19756,0.0134
rev_19757,0.5581
rev_19758,0.1369
rev_19759,0.13
rev_19760,0.1348
rev_19761,0.6987
rev_19762,0.1786
rev_19763,0.0316
rev_19764,0.0504
rev_19765,0.0211
rev_19766,0.003
rev_19767,0.1535
rev_19768,0.174
rev_19769,0.6425
rev_19770,0.4816
rev_19771,0.0173
rev_19772,0.9349
rev_19773,0.2845
rev_19774,0.0384
rev_19775,0.2929
rev_19776,0.0172
rev_19777,0.3696
rev_19778,0.98
rev_19779,0.0382
rev_19780,0.0027
rev_19781,0.0298
rev_19782,0.0358
rev_19783,0.9648
rev_19784,0.2001
rev_19785,0.0126
rev_19786,0.0217
rev_19787,0.1191
rev_19788,0.2356
rev_19789,0.4847
rev_19790,0.4645
rev_19791,0.3119
rev_19792,0.1867
rev_19793,0.6871
rev_19794,0.0747
rev_19795,0.4417
rev_19796,0.8982
rev_19797,0.9986
rev_19798,0.9996
rev_19799,0.9954
rev_19800,0.4611
rev_19801,0.6734
rev_19802,0.4933
rev_19803,0.9608
rev_19804,0.6154
rev_19805,0.4378
rev_19806,0.9992
rev_19807,0.8821
rev_19808,0.3614
rev_19809,0.8724
rev_19810,0.955
rev_19811,0.9992
rev_19812,0.9986
rev_19813,0.9268
rev_19814,0.9762
rev_19815,0.9967
rev_19816,0.6747
rev_19817,0.8021
rev_19818,0.9865
rev_19819,0.9721
rev_19820,0.9903
rev_19821,0.9516
rev_19822,0.0784
rev_19823,0.5833
rev_19824,0.4111
rev_19825,0.9807
rev_19826,0.9995
rev_19827,0.7734
rev_19828,0.5419
rev_19829,0.8162
rev_19830,0.9897
rev_19831,0.9707
rev_19832,0.9415
rev_19833,0.986
rev_19834,0.3289
rev_19835,0.1848
rev_19836,0.0364
rev_19837,0.8811
rev_19838,0.1723
rev_19839,0.0201
rev_19840,0.4885
rev_19841,0.1172
rev_19842,0.0399
rev_19843,0.0095
rev_19844,0.1498
rev_19845,0.0624
rev_19846,0.2108
rev_19847,0.534
rev_19848,0.0271
rev_19849,0.3368
rev_19850,0.2346
rev_19851,0.0069
rev_19852,0.1935
rev_19853,0.3326
rev_19854,0.4604
rev_19855,0.0517
rev_19856,0.2968
rev_19857,0.1347
rev_19858,0.5198
rev_19859,0.4279
rev_19860,0.2516
rev_19861,0.1468
rev_19862,0.0699
rev_19863,0.0036
rev_19864,0.0165
rev_19865,0.0973
rev_19866,0.0275
rev_19867,0.039
rev_19868,0.184
rev_19869,0.022
rev_19870,0.0168
rev_19871,0.2152
rev_19872,0.0033
rev_19873,0.6629
rev_19874,0.8104
rev_19875,0.9744
rev_19876,0.8484
rev_19877,0.7562
rev_19878,0.9985
rev_19879,0.7093
rev_19880,0.2438
rev_19881,0.9978
rev_19882,0.9983
rev_19883,0.8187
rev_19884,0.9982
rev_19885,0.6746
rev_19886,0.0116
rev_19887,0.9856
rev_19888,0.9481
rev_19889,0.7958
rev_19890,0.9951
rev_19891,0.3745
rev_19892,0.9959
rev_19893,0.9555
rev_19894,0.6183
rev_19895,0.9878
rev_19896,0.9112
rev_19897,0.7776
rev_19898,0.1204
rev_19899,0.529
rev_19900,0.9973
rev_19901,0.9971
rev_19902,0.9935
rev_19903,0.9876
rev_19904,0.9924
rev_19905,0.9877
rev_19906,0.6749
rev_19907,0.9928
rev_19908,0.9278
rev_19909,0.9834
rev_19910,0.9353
rev_19911,0.3387
rev_19912,0.9827
rev_19913,0.4696
rev_19914,0.1308
rev_19915,0.0991
rev_19916,0.013
rev_19917,0.5138
rev_19918,0.1206
rev_19919,0.0188
rev_19920,0.476
rev_19921,0.068
rev_19922,0.0323
rev_19923,0.0504
rev_19924,0.833
rev_19925,0.1262
rev_19926,0.0535
rev_19927,0.0362
rev_19928,0.4968
rev_19929,0.1301
rev_19930,0.0729
rev_19931,0.0348
rev_19932,0.0753
rev_19933,0.0381
rev_19934,0.1414
rev_19935,0.0068
rev_19936,0.2722
rev_19937,0.4726
rev_19938,0.2899
rev_19939,0.4635
rev_19940,0.3478
rev_19941,0.2931
rev_19942,0.9674
rev_19943,0.0346
rev_19944,0.7853
rev_19945,0.0061
rev_19946,0.0796
rev_19947,0.925
rev_19948,0.072
rev_19949,0.3724
rev_19950,0.1182
rev_19951,0.7049
rev_19952,0.9972
rev_19953,0.9992
rev_19954,0.0771
rev_19955,0.5842
rev_19956,0.997
rev_19957,0.7652
rev_19958,0.8666
rev_19959,0.9769
rev_19960,0.9026
rev_19961,0.9991
rev_19962,0.9973
rev_19963,0.9775
rev_19964,0.1561
rev_19965,0.7999
rev_19966,0.9995
rev_19967,0.9752
rev_19968,0.9879
rev_19969,0.9807
rev_19970,0.8696
rev_19971,0.6515
rev_19972,0.9991
rev_19973,0.926
rev_19974,0.9993
rev_19975,0.7876
rev_19976,0.9055
rev_19977,0.9664
rev_19978,0.9948
rev_19979,0.8258
rev_19980,0.9642
rev_19981,0.7518
rev_19982,0.9773
rev_19983,0.9589
rev_19984,0.6557
rev_19985,0.9895
rev_19986,0.9135
rev_19987,0.9873
rev_19988,0.931
rev_19989,0.0169
rev_19990,0.027
rev_19991,0.0322
rev_19992,0.0619
rev_19993,0.0977
rev_19994,0.4731
rev_19995,0.0538
rev_19996,0.2037
rev_19997,0.0464
rev_19998,0.0166
rev_19999,0.0036
rev_20000,0.4549
rev_20001,0.0676
rev_20002,0.0081
rev_20003,0.7269
rev_20004,0.075
rev_20005,0.2251
rev_20006,0.4123
rev_20007,0.5578
rev_20008,0.1866
rev_20009,0.0075
rev_20010,0.3248
rev_20011,0.4403
rev_20012,0.0043
rev_20013,0.4948
rev_20014,0.0336
rev_20015,0.4275
rev_20016,0.1762
rev_20017,0.2378
rev_20018,0.0254
rev_20019,0.164
rev_20020,0.0891
rev_20021,0.8049
rev_20022,0.0143
rev_20023,0.0333
rev_20024,0.9851
rev_20025,0.9902
rev_20026,0.0432
rev_20027,0.4448
rev_20028,0.9427
rev_20029,0.7036
rev_20030,0.9998
rev_20031,0.9991
rev_20032,0.9993
rev_20033,0.365
rev_20034,0.6438
rev_20035,0.9905
rev_20036,0.9992
rev_20037,0.6753
rev_20038,0.8194
rev_20039,0.9999
rev_20040,0.9127
rev_20041,0.6269
rev_20042,0.9998
rev_20043,0.9581
rev_20044,0.9987
rev_20045,0.9791
rev_20046,0.976
rev_20047,0.9909
rev_20048,0.8746
rev_20049,0.9996
rev_20050,0.8791
rev_20051,0.9983
rev_20052,0.9491
rev_20053,0.9069
rev_20054,0.9925
rev_20055,0.0514
rev_20056,0.1904
rev_20057,0.7451
rev_20058,0.9911
rev_20059,0.9233
rev_20060,0.006
rev_20061,0.0374
rev_20062,0.0689
rev_20063,0.0317
rev_20064,0.0067
rev_20065,0.2052
rev_20066,0.0038
rev_20067,0.0375
rev_20068,0.0269
rev_20069,0.0298
rev_20070,0.0686
rev_20071,0.1652
rev_20072,0.6404
rev_20073,0.1155
rev_20074,0.4967
rev_20075,0.4348
rev_20076,0.1915
rev_20077,0.2368
rev_20078,0.0135
rev_20079,0.0543
rev_20080,0.0107
rev_20081,0.1615
rev_20082,0.0403
rev_20083,0.0147
rev_20084,0.9603
rev_20085,0.0032
rev_20086,0.2401
rev_20087,0.0732
rev_20088,0.3072
rev_20089,0.0803
rev_20090,0.1878
rev_20091,0.0464
rev_20092,0.7203
rev_20093,0.0573
rev_20094,0.0025
rev_20095,0.0721
rev_20096,0.9998
rev_20097,0.9918
rev_20098,0.6479
rev_20099,0.9904
rev_20100,0.9004
rev_20101,0.9324
rev_20102,0.7849
rev_20103,0.875
rev_20104,0.8812
rev_20105,0.8313
rev_20106,0.1661
rev_20107,0.9719
rev_20108,0.7952
rev_20109,0.9289
rev_20110,0.4567
rev_20111,0.7224
rev_20112,0.8217
rev_20113,0.997
rev_20114,0.9443
rev_20115,0.5568
rev_20116,0.8667
rev_20117,0.9754
rev_20118,0.9748
rev_20119,0.9915
rev_20120,0.8278
rev_20121,0.9974
rev_20122,0.9645
rev_20123,0.996
rev_20124,0.5031
rev_20125,0.6978
rev_20126,0.7759
rev_20127,0.9171
rev_20128,0.774
rev_20129,0.1381
rev_20130,0.9785
rev_20131,0.0017
rev_20132,0.4907
rev_20133,0.2165
rev_20134,0.0373
rev_20135,0.0178
rev_20136,0.083
rev_20137,0.3453
rev_20138,0.0021
rev_20139,0.3143
rev_20140,0.9384
rev_20141,0.1999
rev_20142,0.3439
rev_20143,0.2302
rev_20144,0.0364
rev_20145,0.1374
rev_20146,0.1495
rev_20147,0.6407
rev_20148,0.0263
rev_20149,0.0551
rev_20150,0.8419
rev_20151,0.0034
rev_20152,0.2206
rev_20153,0.1319
rev_20154,0.2896
rev_20155,0.1218
rev_20156,0.0045
rev_20157,0.0429
rev_20158,0.2387
rev_20159,0.017
rev_20160,0.0235
rev_20161,0.2779
rev_20162,0.1578
rev_20163,0.0077
rev_20164,0.0105
rev_20165,0.4455
rev_20166,1.0
rev_20167,0.5396
rev_20168,0.9906
rev_20169,0.8463
rev_20170,0.7353
rev_20171,0.9517
rev_20172,0.9163
rev_20173,0.9883
rev_20174,0.8739
rev_20175,0.35
rev_20176,0.9886
rev_20177,0.9993
rev_20178,0.7193
rev_20179,0.1011
rev_20180,0.8874
rev_20181,0.886
rev_20182,0.9928
rev_20183,0.9661
rev_20184,0.8257
rev_20185,0.9639
rev_20186,0.9929
rev_20187,0.7004
rev_20188,0.997
rev_20189,0.4057
rev_20190,0.4485
rev_20191,0.9208
rev_20192,0.9667
rev_20193,0.9999
rev_20194,0.9911
rev_20195,0.9978
rev_20196,0.9998
rev_20197,0.9829
rev_20198,0.9995
rev_20199,0.1004
rev_20200,0.0494
rev_20201,0.1376
rev_20202,0.7659
rev_20203,0.3611
rev_20204,0.0461
rev_20205,0.0646
rev_20206,0.0139
rev_20207,0.0121
rev_20208,0.3375
rev_20209,0.0151
rev_20210,0.0397
rev_20211,0.0025
rev_20212,0.1157
rev_20213,0.6038
rev_20214,0.0401
rev_20215,0.0061
rev_20216,0.0037
rev_20217,0.1863
rev_20218,0.027
rev_20219,0.1947
rev_20220,0.0557
rev_20221,0.0111
rev_20222,0.6782
rev_20223,0.0269
rev_20224,0.009
rev_20225,0.0899
rev_20226,0.091
rev_20227,0.0429
rev_20228,0.0246
rev_20229,0.302
rev_20230,0.2138
rev_20231,0.0803
rev_20232,0.0371
rev_20233,0.9076
rev_20234,0.8751
rev_20235,0.9997
rev_20236,0.5799
rev_20237,0.9
rev_20238,0.9406
rev_20239,0.5772
rev_20240,0.7976
rev_20241,0.9833
rev_20242,0.9675
rev_20243,0.7926
rev_20244,0.9628
rev_20245,0.9693
rev_20246,0.9068
rev_20247,0.6816
rev_20248,0.8253
rev_20249,0.9853
rev_20250,0.2043
rev_20251,0.6348
rev_20252,0.9017
rev_20253,0.9789
rev_20254,0.9897
rev_20255,0.9402
rev_20256,0.9887
rev_20257,0.7065
rev_20258,0.9989
rev_20259,0.9989
rev_20260,0.999
rev_20261,0.9454
rev_20262,1.0
rev_20263,0.9219
rev_20264,0.9999
rev_20265,0.9976
rev_20266,0.1719
rev_20267,0.9982
rev_20268,0.9965
rev_20269,0.9976
rev_20270,0.9959
rev_20271,0.088
rev_20272,0.7123
rev_20273,0.0192
rev_20274,0.0338
rev_20275,0.0465
rev_20276,0.0414
rev_20277,0.1827
rev_20278,0.0145
rev_20279,0.5602
rev_20280,0.007
rev_20281,0.0334
rev_20282,0.0473
rev_20283,0.4314
rev_20284,0.4536
rev_20285,0.5392
rev_20286,0.7962
rev_20287,0.1172
rev_20288,0.0501
rev_20289,0.1401
rev_20290,0.1817
rev_20291,0.0179
rev_20292,0.3714
rev_20293,0.384
rev_20294,0.0409
rev_20295,0.3645
rev_20296,0.1499
rev_20297,0.0293
rev_20298,0.0283
rev_20299,0.1035
rev_20300,0.0444
rev_20301,0.0176
rev_20302,0.2382
rev_20303,0.6874
rev_20304,0.0106
rev_20305,0.0286
rev_20306,0.0113
rev_20307,0.0055
rev_20308,0.0065
rev_20309,0.0024
rev_20310,0.0013
rev_20311,0.6749
rev_20312,0.8824
rev_20313,0.9189
rev_20314,0.9629
rev_20315,0.9983
rev_20316,0.9689
rev_20317,0.4729
rev_20318,0.9972
rev_20319,0.9085
rev_20320,0.8941
rev_20321,0.8927
rev_20322,0.9995
rev_20323,0.9965
rev_20324,0.9938
rev_20325,0.4364
rev_20326,0.7678
rev_20327,1.0
rev_20328,0.963
rev_20329,0.8672
rev_20330,0.9323
rev_20331,0.7573
rev_20332,0.0174
rev_20333,0.9997
rev_20334,0.7454
rev_20335,0.9915
rev_20336,0.9986
rev_20337,0.7521
rev_20338,0.9435
rev_20339,0.6682
rev_20340,0.8839
rev_20341,0.9998
rev_20342,0.633
rev_20343,0.7615
rev_20344,0.4757
rev_20345,0.809
rev_20346,0.9653
rev_20347,0.4989
rev_20348,0.9991
rev_20349,0.239
rev_20350,0.9872
rev_20351,0.8754
rev_20352,0.9871
rev_20353,0.9688
rev_20354,0.0041
rev_20355,0.0301
rev_20356,0.1521
rev_20357,0.0057
rev_20358,0.0146
rev_20359,0.2357
rev_20360,0.1868
rev_20361,0.3744
rev_20362,0.0066
rev_20363,0.0167
rev_20364,0.0903
rev_20365,0.0917
rev_20366,0.3403
rev_20367,0.212
rev_20368,0.0116
rev_20369,0.3203
rev_20370,0.0256
rev_20371,0.0089
rev_20372,0.25
rev_20373,0.0245
rev_20374,0.0007
rev_20375,0.004
rev_20376,0.4541
rev_20377,0.0339
rev_20378,0.1062
rev_20379,0.3313
rev_20380,0.0198
rev_20381,0.5725
rev_20382,0.0638
rev_20383,0.2821
rev_20384,0.1226
rev_20385,0.4617
rev_20386,0.0902
rev_20387,0.1179
rev_20388,0.1792
rev_20389,0.1576
rev_20390,0.0019
rev_20391,0.0981
rev_20392,0.0248
rev_20393,0.2124
rev_20394,0.3148
rev_20395,0.0928
rev_20396,0.7649
rev_20397,0.6671
rev_20398,0.7134
rev_20399,0.9993
rev_20400,0.8644
rev_20401,0.7198
rev_20402,0.901
rev_20403,0.9794
rev_20404,0.8899
rev_20405,0.9663
rev_20406,0.9044
rev_20407,0.979
rev_20408,0.9957
rev_20409,0.9745
rev_20410,0.3638
rev_20411,0.9956
rev_20412,0.992
rev_20413,0.9524
rev_20414,0.6926
rev_20415,0.9901
rev_20416,0.976
rev_20417,0.6885
rev_20418,0.9955
rev_20419,0.9442
rev_20420,0.0866
rev_20421,0.9007
rev_20422,0.9991
rev_20423,0.9579
rev_20424,0.992
rev_20425,0.7517
rev_20426,0.5721
rev_20427,0.961
rev_20428,0.9992
rev_20429,0.8198
rev_20430,0.9301
rev_20431,0.4136
rev_20432,0.9948
rev_20433,0.9585
rev_20434,0.9998
rev_20435,0.8873
rev_20436,0.9398
rev_20437,0.9471
rev_20438,0.0208
rev_20439,0.0349
rev_20440,0.0248
rev_20441,0.0182
rev_20442,0.5761
rev_20443,0.6219
rev_20444,0.0018
rev_20445,0.6054
rev_20446,0.0035
rev_20447,0.1743
rev_20448,0.021
rev_20449,0.8198
rev_20450,0.0072
rev_20451,0.0455
rev_20452,0.3731
rev_20453,0.1676
rev_20454,0.0775
rev_20455,0.1479
rev_20456,0.2174
rev_20457,0.0139
rev_20458,0.0033
rev_20459,0.035
rev_20460,0.0269
rev_20461,0.6252
rev_20462,0.0275
rev_20463,0.0277
rev_20464,0.7504
rev_20465,0.0137
rev_20466,0.0706
rev_20467,0.0208
rev_20468,0.0143
rev_20469,0.3972
rev_20470,0.3737
rev_20471,0.0984
rev_20472,0.0191
rev_20473,0.017
rev_20474,0.2584
rev_20475,0.1526
rev_20476,0.0542
rev_20477,0.0041
rev_20478,0.018
rev_20479,0.9987
rev_20480,0.904
rev_20481,0.6327
rev_20482,0.759
rev_20483,0.705
rev_20484,0.9248
rev_20485,0.9762
rev_20486,0.9999
rev_20487,0.8234
rev_20488,0.9801
rev_20489,0.6437
rev_20490,0.9463
rev_20491,0.9648
rev_20492,0.986
rev_20493,0.9277
rev_20494,0.7817
rev_20495,0.6308
rev_20496,0.6648
rev_20497,0.5269
rev_20498,0.9991
rev_20499,0.9966
rev_20500,0.8984
rev_20501,0.9827
rev_20502,0.2907
rev_20503,0.9997
rev_20504,0.7897
rev_20505,0.7354
rev_20506,0.929
rev_20507,0.9553
rev_20508,0.7929
rev_20509,0.9994
rev_20510,0.5199
rev_20511,0.6513
rev_20512,0.9935
rev_20513,0.9026
rev_20514,0.9949
rev_20515,0.9984
rev_20516,0.9936
rev_20517,0.0593
rev_20518,0.0329
rev_20519,0.0321
rev_20520,0.0089
rev_20521,0.1405
rev_20522,0.0573
rev_20523,0.0775
rev_20524,0.0281
rev_20525,0.0813
rev_20526,0.0069
rev_20527,0.0059
rev_20528,0.3567
rev_20529,0.0147
rev_20530,0.3049
rev_20531,0.2602
rev_20532,0.8518
rev_20533,0.6759
rev_20534,0.1115
rev_20535,0.9803
rev_20536,0.0959
rev_20537,0.1045
rev_20538,0.0497
rev_20539,0.6327
rev_20540,0.0208
rev_20541,0.1134
rev_20542,0.0189
rev_20543,0.0491
rev_20544,0.1092
rev_20545,0.0813
rev_20546,0.4165
rev_20547,0.0036
rev_20548,0.0395
rev_20549,0.013
rev_20550,0.0471
rev_20551,0.0833
rev_20552,0.0284
rev_20553,0.0034
rev_20554,0.0434
rev_20555,0.999
rev_20556,0.9765
rev_20557,0.9475
rev_20558,0.9996
rev_20559,0.9473
rev_20560,0.6873
rev_20561,0.9808
rev_20562,0.9995
rev_20563,0.9561
rev_20564,0.9971
rev_20565,0.9789
rev_20566,0.1751
rev_20567,0.5718
rev_20568,0.8138
rev_20569,0.9935
rev_20570,0.8506
rev_20571,0.9965
rev_20572,0.9822
rev_20573,0.996
rev_20574,0.99
rev_20575,0.9713
rev_20576,0.981
rev_20577,0.8018
rev_20578,0.9725
rev_20579,0.9996
rev_20580,0.7374
rev_20581,0.8694
rev_20582,0.966
rev_20583,0.9755
rev_20584,0.9917
rev_20585,0.9873
rev_20586,0.9741
rev_20587,0.8436
rev_20588,0.8088
rev_20589,0.9458
rev_20590,0.9942
rev_20591,0.1321
rev_20592,0.1299
rev_20593,0.0165
rev_20594,0.749
rev_20595,0.001
rev_20596,0.0196
rev_20597,0.0039
rev_20598,0.2118
rev_20599,0.0075
rev_20600,0.0684
rev_20601,0.4647
rev_20602,0.0123
rev_20603,0.0056
rev_20604,0.2632
rev_20605,0.001
rev_20606,0.1041
rev_20607,0.0511
rev_20608,0.6304
rev_20609,0.2264
rev_20610,0.1623
rev_20611,0.0006
rev_20612,0.001
rev_20613,0.0036
rev_20614,0.007
rev_20615,0.0802
rev_20616,0.015
rev_20617,0.2092
rev_20618,0.0056
rev_20619,0.0954
rev_20620,0.8076
rev_20621,0.0569
rev_20622,0.0248
rev_20623,0.6194
rev_20624,0.0095
rev_20625,0.4089
rev_20626,0.0455
rev_20627,0.9967
rev_20628,0.8066
rev_20629,0.9897
rev_20630,0.868
rev_20631,0.9938
rev_20632,0.9417
rev_20633,0.9884
rev_20634,0.9956
rev_20635,0.9991
rev_20636,0.9996
rev_20637,0.9594
rev_20638,0.9759
rev_20639,0.9952
rev_20640,0.9987
rev_20641,0.9993
rev_20642,0.9993
rev_20643,0.9889
rev_20644,0.9922
rev_20645,0.9997
rev_20646,0.8956
rev_20647,0.9936
rev_20648,0.9996
rev_20649,0.9409
rev_20650,0.3486
rev_20651,0.7353
rev_20652,0.5267
rev_20653,0.8169
rev_20654,0.9701
rev_20655,0.9971
rev_20656,0.9981
rev_20657,0.9601
rev_20658,0.9881
rev_20659,0.5842
rev_20660,0.9988
rev_20661,0.8686
rev_20662,0.0009
rev_20663,0.0173
rev_20664,0.0905
rev_20665,0.0008
rev_20666,0.1651
rev_20667,0.0168
rev_20668,0.095
rev_20669,0.0304
rev_20670,0.0132
rev_20671,0.0668
rev_20672,0.0768
rev_20673,0.046
rev_20674,0.0043
rev_20675,0.0289
rev_20676,0.0324
rev_20677,0.0106
rev_20678,0.0342
rev_20679,0.0378
rev_20680,0.0777
rev_20681,0.2776
rev_20682,0.0518
rev_20683,0.0204
rev_20684,0.173
rev_20685,0.4973
rev_20686,0.0139
rev_20687,0.7296
rev_20688,0.2664
rev_20689,0.4908
rev_20690,0.0078
rev_20691,0.0209
rev_20692,0.0219
rev_20693,0.0307
rev_20694,0.0955
rev_20695,0.3979
rev_20696,0.0951
rev_20697,0.9976
rev_20698,0.997
rev_20699,0.9932
rev_20700,0.8752
rev_20701,0.9961
rev_20702,0.9732
rev_20703,0.9197
rev_20704,0.8202
rev_20705,0.7959
rev_20706,0.9985
rev_20707,0.7078
rev_20708,0.9997
rev_20709,0.9008
rev_20710,0.8936
rev_20711,0.9507
rev_20712,0.5765
rev_20713,1.0
rev_20714,0.9993
rev_20715,0.9949
rev_20716,0.6431
rev_20717,0.8965
rev_20718,0.9933
rev_20719,0.9397
rev_20720,0.9996
rev_20721,0.9448
rev_20722,0.4264
rev_20723,0.9297
rev_20724,0.9913
rev_20725,0.9962
rev_20726,0.148
rev_20727,0.9692
rev_20728,0.9988
rev_20729,0.9959
rev_20730,0.985
rev_20731,0.1411
rev_20732,0.0499
rev_20733,0.0569
rev_20734,0.0445
rev_20735,0.0796
rev_20736,0.0047
rev_20737,0.0879
rev_20738,0.0053
rev_20739,0.4244
rev_20740,0.3776
rev_20741,0.0044
rev_20742,0.6074
rev_20743,0.0546
rev_20744,0.055
rev_20745,0.3419
rev_20746,0.0082
rev_20747,0.0967
rev_20748,0.418
rev_20749,0.0454
rev_20750,0.7062
rev_20751,0.281
rev_20752,0.0032
rev_20753,0.0114
rev_20754,0.054
rev_20755,0.0362
rev_20756,0.6742
rev_20757,0.004
rev_20758,0.0072
rev_20759,0.1918
rev_20760,0.4159
rev_20761,0.1346
rev_20762,0.0376
rev_20763,0.0345
rev_20764,0.3726
rev_20765,0.9985
rev_20766,0.9969
rev_20767,0.9933
rev_20768,0.6666
rev_20769,0.9982
rev_20770,0.9788
rev_20771,0.8674
rev_20772,0.7742
rev_20773,0.988
rev_20774,0.4815
rev_20775,0.7595
rev_20776,0.9818
rev_20777,0.9641
rev_20778,0.9997
rev_20779,0.9336
rev_20780,0.9999
rev_20781,0.7771
rev_20782,0.9995
rev_20783,0.9855
rev_20784,0.9999
rev_20785,0.4401
rev_20786,0.9936
rev_20787,1.0
rev_20788,0.9999
rev_20789,0.6484
rev_20790,0.7623
rev_20791,0.4953
rev_20792,0.1802
rev_20793,0.9692
rev_20794,0.8455
rev_20795,0.8066
rev_20796,0.9986
rev_20797,0.9931
rev_20798,0.0085
rev_20799,0.0028
rev_20800,0.1132
rev_20801,0.0179
rev_20802,0.0055
rev_20803,0.3141
rev_20804,0.0165
rev_20805,0.1325
rev_20806,0.0158
rev_20807,0.0058
rev_20808,0.356
rev_20809,0.5832
rev_20810,0.0176
rev_20811,0.0085
rev_20812,0.01
rev_20813,0.0251
rev_20814,0.0162
rev_20815,0.1587
rev_20816,0.0066
rev_20817,0.1638
rev_20818,0.0186
rev_20819,0.1368
rev_20820,0.0097
rev_20821,0.2275
rev_20822,0.3087
rev_20823,0.0014
rev_20824,0.1963
rev_20825,0.1537
rev_20826,0.0291
rev_20827,0.106
rev_20828,0.0331
rev_20829,0.421
rev_20830,0.0131
rev_20831,0.9914
rev_20832,0.9996
rev_20833,0.8655
rev_20834,0.965
rev_20835,0.9937
rev_20836,0.9996
rev_20837,0.1032
rev_20838,0.9238
rev_20839,0.9814
rev_20840,0.9986
rev_20841,0.9795
rev_20842,0.9998
rev_20843,0.8953
rev_20844,0.9907
rev_20845,0.9771
rev_20846,0.9345
rev_20847,0.9995
rev_20848,0.3469
rev_20849,0.9919
rev_20850,0.9964
rev_20851,0.9985
rev_20852,0.998
rev_20853,0.9978
rev_20854,0.9222
rev_20855,0.9928
rev_20856,0.9952
rev_20857,0.9956
rev_20858,0.8571
rev_20859,0.5735
rev_20860,0.7604
rev_20861,0.7716
rev_20862,0.8476
rev_20863,0.6054
rev_20864,0.3942
rev_20865,0.0047
rev_20866,0.503
rev_20867,0.1733
rev_20868,0.0401
rev_20869,0.0839
rev_20870,0.9634
rev_20871,0.1108
rev_20872,0.1973
rev_20873,0.3199
rev_20874,0.0053
rev_20875,0.0296
rev_20876,0.2475
rev_20877,0.2596
rev_20878,0.1074
rev_20879,0.1213
rev_20880,0.0007
rev_20881,0.1212
rev_20882,0.028
rev_20883,0.0674
rev_20884,0.2372
rev_20885,0.0033
rev_20886,0.0903
rev_20887,0.0913
rev_20888,0.0169
rev_20889,0.0102
rev_20890,0.0103
rev_20891,0.7494
rev_20892,0.9959
rev_20893,0.996
rev_20894,0.9986
rev_20895,0.4692
rev_20896,0.9997
rev_20897,0.9809
rev_20898,0.7752
rev_20899,0.9988
rev_20900,0.9992
rev_20901,0.1731
rev_20902,0.6938
rev_20903,0.9979
rev_20904,1.0
rev_20905,0.997
rev_20906,0.9322
rev_20907,1.0
rev_20908,0.9999
rev_20909,0.9889
rev_20910,0.9999
rev_20911,0.9689
rev_20912,0.9997
rev_20913,0.9795
rev_20914,0.9984
rev_20915,0.9938
rev_20916,0.9751
rev_20917,0.9447
rev_20918,1.0
rev_20919,0.9993
rev_20920,0.9834
rev_20921,0.9987
rev_20922,0.0366
rev_20923,0.0079
rev_20924,0.032
rev_20925,0.1178
rev_20926,0.001
rev_20927,0.0014
rev_20928,0.0826
rev_20929,0.159
rev_20930,0.0988
rev_20931,0.3572
rev_20932,0.0012
rev_20933,0.017
rev_20934,0.1902
rev_20935,0.019
rev_20936,0.1041
rev_20937,0.5865
rev_20938,0.0127
rev_20939,0.3916
rev_20940,0.1014
rev_20941,0.003
rev_20942,0.0039
rev_20943,0.0084
rev_20944,0.0041
rev_20945,0.034
rev_20946,0.2166
rev_20947,0.0299
rev_20948,0.6101
rev_20949,0.2477
rev_20950,0.2533
rev_20951,0.1293
rev_20952,0.1234
rev_20953,0.9994
rev_20954,0.9981
rev_20955,0.9998
rev_20956,0.9726
rev_20957,0.9986
rev_20958,0.9997
rev_20959,0.999
rev_20960,0.2745
rev_20961,0.9717
rev_20962,0.7102
rev_20963,0.9427
rev_20964,0.9008
rev_20965,0.9885
rev_20966,0.9957
rev_20967,0.7992
rev_20968,0.8756
rev_20969,0.9302
rev_20970,0.9823
rev_20971,0.9616
rev_20972,0.9106
rev_20973,0.9943
rev_20974,0.8822
rev_20975,0.9763
rev_20976,0.9746
rev_20977,0.9968
rev_20978,0.9976
rev_20979,0.9921
rev_20980,0.9524
rev_20981,0.9991
rev_20982,0.1372
rev_20983,0.9839
rev_20984,0.0078
rev_20985,0.0448
rev_20986,0.9597
rev_20987,0.0674
rev_20988,0.4651
rev_20989,0.7772
rev_20990,0.0107
rev_20991,0.2808
rev_20992,0.1235
rev_20993,0.0354
rev_20994,0.0031
rev_20995,0.0601
rev_20996,0.0096
rev_20997,0.0181
rev_20998,0.1401
rev_20999,0.0605
rev_21000,0.1087
rev_21001,0.0207
rev_21002,0.1073
rev_21003,0.3575
rev_21004,0.0092
rev_21005,0.2671
rev_21006,0.0542
rev_21007,0.2806
rev_21008,0.1572
rev_21009,0.0004
rev_21010,0.0007
rev_21011,0.0077
rev_21012,0.0184
rev_21013,0.0827
rev_21014,0.074
rev_21015,0.9998
rev_21016,0.9971
rev_21017,0.5403
rev_21018,0.948
rev_21019,0.9976
rev_21020,0.9918
rev_21021,0.9973
rev_21022,0.926
rev_21023,0.9941
rev_21024,0.9519
rev_21025,0.9994
rev_21026,0.7653
rev_21027,0.7892
rev_21028,0.997
rev_21029,0.9947
rev_21030,0.862
rev_21031,0.9641
rev_21032,0.9825
rev_21033,0.9666
rev_21034,0.9652
rev_21035,0.7674
rev_21036,0.9974
rev_21037,0.9915
rev_21038,0.993
rev_21039,0.9998
rev_21040,0.9964
rev_21041,0.8701
rev_21042,0.8193
rev_21043,0.0959
rev_21044,0.2285
rev_21045,0.189
rev_21046,0.0869
rev_21047,0.3258
rev_21048,0.0471
rev_21049,0.0265
rev_21050,0.0031
rev_21051,0.0089
rev_21052,0.2106
rev_21053,0.0002
rev_21054,0.0717
rev_21055,0.0167
rev_21056,0.0632
rev_21057,0.0314
rev_21058,0.006
rev_21059,0.021
rev_21060,0.0078
rev_21061,0.0106
rev_21062,0.0995
rev_21063,0.2478
rev_21064,0.4224
rev_21065,0.005
rev_21066,0.1019
rev_21067,0.3572
rev_21068,0.1181
rev_21069,0.9605
rev_21070,0.773
rev_21071,0.9885
rev_21072,0.9992
rev_21073,0.9864
rev_21074,0.6454
rev_21075,0.9995
rev_21076,0.3841
rev_21077,0.9982
rev_21078,0.5934
rev_21079,0.9995
rev_21080,0.9916
rev_21081,0.9869
rev_21082,0.9954
rev_21083,0.9999
rev_21084,0.9924
rev_21085,0.8704
rev_21086,0.98
rev_21087,0.3119
rev_21088,0.998
rev_21089,0.9996
rev_21090,0.996
rev_21091,0.9656
rev_21092,0.6384
rev_21093,0.9991
rev_21094,0.9965
rev_21095,0.9756
rev_21096,0.994
rev_21097,0.0044
rev_21098,0.1414
rev_21099,0.1178
rev_21100,0.0626
rev_21101,0.0138
rev_21102,0.0073
rev_21103,0.176
rev_21104,0.1195
rev_21105,0.0492
rev_21106,0.0198
rev_21107,0.0027
rev_21108,0.1074
rev_21109,0.0021
rev_21110,0.0335
rev_21111,0.1246
rev_21112,0.3213
rev_21113,0.1397
rev_21114,0.0256
rev_21115,0.0703
rev_21116,0.0254
rev_21117,0.5832
rev_21118,0.5068
rev_21119,0.0064
rev_21120,0.0115
rev_21121,0.0004
rev_21122,0.2066
rev_21123,0.0326
rev_21124,0.0176
rev_21125,0.9746
rev_21126,0.9997
rev_21127,0.9293
rev_21128,0.9962
rev_21129,0.9055
rev_21130,0.9674
rev_21131,0.9893
rev_21132,0.5888
rev_21133,0.6929
rev_21134,0.999
rev_21135,0.9782
rev_21136,1.0
rev_21137,0.9432
rev_21138,0.9861
rev_21139,0.9791
rev_21140,0.9464
rev_21141,0.999
rev_21142,0.9744
rev_21143,0.9966
rev_21144,0.931
rev_21145,0.9998
rev_21146,0.9992
rev_21147,0.9993
rev_21148,0.9843
rev_21149,0.9994
rev_21150,0.9908
rev_21151,1.0
rev_21152,0.007
rev_21153,0.1101
rev_21154,0.0018
rev_21155,0.2331
rev_21156,0.0411
rev_21157,0.0077
rev_21158,0.0102
rev_21159,0.1349
rev_21160,0.0019
rev_21161,0.0623
rev_21162,0.0081
rev_21163,0.0478
rev_21164,0.4565
rev_21165,0.0257
rev_21166,0.0252
rev_21167,0.1853
rev_21168,0.1526
rev_21169,0.0061
rev_21170,0.0062
rev_21171,0.3285
rev_21172,0.8661
rev_21173,0.2753
rev_21174,0.0158
rev_21175,0.0048
rev_21176,0.0127
rev_21177,0.1125
rev_21178,0.0224
rev_21179,0.9998
rev_21180,0.9309
rev_21181,0.9844
rev_21182,0.9998
rev_21183,0.8259
rev_21184,0.6749
rev_21185,0.988
rev_21186,0.3329
rev_21187,0.9834
rev_21188,0.9926
rev_21189,0.7389
rev_21190,0.9889
rev_21191,0.9397
rev_21192,0.914
rev_21193,0.9989
rev_21194,0.9956
rev_21195,0.9922
rev_21196,1.0
rev_21197,0.9979
rev_21198,0.9804
rev_21199,0.9969
rev_21200,0.8677
rev_21201,1.0
rev_21202,0.9977
rev_21203,0.1958
rev_21204,0.0938
rev_21205,0.0534
rev_21206,0.7668
rev_21207,0.0034
rev_21208,0.0007
rev_21209,0.0335
rev_21210,0.1753
rev_21211,0.0055
rev_21212,0.078
rev_21213,0.6042
rev_21214,0.1763
rev_21215,0.0406
rev_21216,0.0644
rev_21217,0.03
rev_21218,0.3014
rev_21219,0.0171
rev_21220,0.0467
rev_21221,0.523
rev_21222,0.0215
rev_21223,0.0
rev_21224,0.0184
rev_21225,0.0317
rev_21226,0.0022
rev_21227,0.0621
rev_21228,0.0138
rev_21229,0.9401
rev_21230,0.9131
rev_21231,0.913
rev_21232,1.0
rev_21233,0.6174
rev_21234,0.9405
rev_21235,0.9994
rev_21236,0.9996
rev_21237,0.9534
rev_21238,0.865
rev_21239,0.7042
rev_21240,0.9905
rev_21241,0.9977
rev_21242,0.9938
rev_21243,0.9997
rev_21244,0.7878
rev_21245,0.9916
rev_21246,0.9863
rev_21247,0.9876
rev_21248,0.9989
rev_21249,0.9959
rev_21250,0.9475
rev_21251,0.9914
rev_21252,0.4189
rev_21253,1.0
rev_21254,0.9931
rev_21255,0.4183
rev_21256,0.0205
rev_21257,0.0036
rev_21258,0.0089
rev_21259,0.0007
rev_21260,0.0053
rev_21261,0.6512
rev_21262,0.0452
rev_21263,0.1346
rev_21264,0.5006
rev_21265,0.0086
rev_21266,0.084
rev_21267,0.002
rev_21268,0.1534
rev_21269,0.086
rev_21270,0.0365
rev_21271,0.0004
rev_21272,0.0267
rev_21273,0.0169
rev_21274,0.1166
rev_21275,0.1864
rev_21276,0.0425
rev_21277,0.386
rev_21278,0.203
rev_21279,0.0045
rev_21280,0.0441
rev_21281,0.833
rev_21282,0.2198
rev_21283,0.9463
rev_21284,0.9937
rev_21285,0.9829
rev_21286,0.9942
rev_21287,0.998
rev_21288,0.7935
rev_21289,0.9966
rev_21290,0.9998
rev_21291,0.9989
rev_21292,0.9979
rev_21293,0.9978
rev_21294,0.8552
rev_21295,0.9999
rev_21296,0.9961
rev_21297,1.0
rev_21298,0.9983
rev_21299,0.7748
rev_21300,0.6289
rev_21301,0.9958
rev_21302,0.9605
rev_21303,0.9993
rev_21304,0.8362
rev_21305,0.068
rev_21306,0.0122
rev_21307,0.014
rev_21308,0.0016
rev_21309,0.9294
rev_21310,0.0049
rev_21311,0.0022
rev_21312,0.2242
rev_21313,0.2964
rev_21314,0.0009
rev_21315,0.0259
rev_21316,0.0403
rev_21317,0.12
rev_21318,0.1055
rev_21319,0.2779
rev_21320,0.0509
rev_21321,0.0153
rev_21322,0.2032
rev_21323,0.0031
rev_21324,0.0113
rev_21325,0.002
rev_21326,0.1485
rev_21327,0.0495
rev_21328,0.0478
rev_21329,0.9984
rev_21330,0.9992
rev_21331,0.9901
rev_21332,0.9996
rev_21333,0.9866
rev_21334,0.7694
rev_21335,0.9997
rev_21336,0.5747
rev_21337,0.9591
rev_21338,0.9771
rev_21339,0.9999
rev_21340,0.9993
rev_21341,0.9939
rev_21342,0.9999
rev_21343,0.9966
rev_21344,0.9991
rev_21345,0.791
rev_21346,0.9923
rev_21347,0.9946
rev_21348,0.728
rev_21349,0.9972
rev_21350,0.9996
rev_21351,0.0027
rev_21352,0.2417
rev_21353,0.0834
rev_21354,0.0486
rev_21355,0.0044
rev_21356,0.0093
rev_21357,0.097
rev_21358,0.0166
rev_21359,0.7287
rev_21360,0.1174
rev_21361,0.0305
rev_21362,0.1372
rev_21363,0.0144
rev_21364,0.0364
rev_21365,0.0657
rev_21366,0.0015
rev_21367,0.7044
rev_21368,0.006
rev_21369,0.0236
rev_21370,0.0682
rev_21371,0.0666
rev_21372,0.4098
rev_21373,0.9971
rev_21374,0.9212
rev_21375,0.9951
rev_21376,0.9928
rev_21377,0.9992
rev_21378,0.9316
rev_21379,0.7011
rev_21380,0.9495
rev_21381,0.9731
rev_21382,0.999
rev_21383,0.9986
rev_21384,0.9783
rev_21385,0.9889
rev_21386,0.9735
rev_21387,0.9945
rev_21388,0.9358
rev_21389,0.9991
rev_21390,0.9988
rev_21391,0.7613
rev_21392,0.9999
rev_21393,0.8621
rev_21394,0.9914
rev_21395,0.9248
rev_21396,0.0071
rev_21397,0.0579
rev_21398,0.2349
rev_21399,0.0327
rev_21400,0.6557
rev_21401,0.0324
rev_21402,0.6033
rev_21403,0.856
rev_21404,0.0082
rev_21405,0.0044
rev_21406,0.3432
rev_21407,0.0224
rev_21408,0.0802
rev_21409,0.1233
rev_21410,0.018
rev_21411,0.0013
rev_21412,0.1392
rev_21413,0.0548
rev_21414,0.4794
rev_21415,0.2957
rev_21416,0.0335
rev_21417,0.0076
rev_21418,0.0382
rev_21419,0.9977
rev_21420,0.9894
rev_21421,0.9984
rev_21422,0.9936
rev_21423,0.9665
rev_21424,0.9049
rev_21425,0.9996
rev_21426,0.8264
rev_21427,0.9335
rev_21428,0.9512
rev_21429,0.9991
rev_21430,0.7203
rev_21431,0.9225
rev_21432,0.9636
rev_21433,0.9999
rev_21434,0.969
rev_21435,0.9986
rev_21436,0.985
rev_21437,0.9918
rev_21438,0.9997
rev_21439,0.9949
rev_21440,0.0216
rev_21441,0.2108
rev_21442,0.1869
rev_21443,0.0178
rev_21444,0.0497
rev_21445,0.0041
rev_21446,0.0022
rev_21447,0.1277
rev_21448,0.0554
rev_21449,0.0963
rev_21450,0.0127
rev_21451,0.0488
rev_21452,0.0014
rev_21453,0.0776
rev_21454,0.0006
rev_21455,0.0137
rev_21456,0.003
rev_21457,0.0005
rev_21458,0.0058
rev_21459,0.274
rev_21460,0.0329
rev_21461,0.9904
rev_21462,0.7872
rev_21463,0.9999
rev_21464,0.9815
rev_21465,0.9943
rev_21466,0.7254
rev_21467,0.3471
rev_21468,0.9998
rev_21469,0.8766
rev_21470,0.9975
rev_21471,0.8584
rev_21472,0.9628
rev_21473,0.9987
rev_21474,0.8976
rev_21475,0.9986
rev_21476,0.9992
rev_21477,0.9847
rev_21478,0.9968
rev_21479,0.8615
rev_21480,0.9958
rev_21481,0.9944
rev_21482,0.1194
rev_21483,0.056
rev_21484,0.0118
rev_21485,0.0744
rev_21486,0.0766
rev_21487,0.0026
rev_21488,0.0401
rev_21489,0.0017
rev_21490,0.5947
rev_21491,0.0277
rev_21492,0.0625
rev_21493,0.0075
rev_21494,0.026
rev_21495,0.0328
rev_21496,0.0253
rev_21497,0.5021
rev_21498,0.0843
rev_21499,0.148
rev_21500,0.0263
rev_21501,0.0023
rev_21502,0.0028
rev_21503,0.9994
rev_21504,0.9892
rev_21505,0.9655
rev_21506,1.0
rev_21507,0.9832
rev_21508,0.9243
rev_21509,0.9964
rev_21510,0.9981
rev_21511,0.8441
rev_21512,0.9907
rev_21513,0.0692
rev_21514,0.9999
rev_21515,0.9399
rev_21516,0.9994
rev_21517,0.9794
rev_21518,0.9293
rev_21519,0.9997
rev_21520,0.5453
rev_21521,0.8419
rev_21522,0.9955
rev_21523,0.9934
rev_21524,0.9955
rev_21525,0.9995
rev_21526,0.0824
rev_21527,0.0131
rev_21528,0.0229
rev_21529,0.5728
rev_21530,0.1472
rev_21531,0.2307
rev_21532,0.132
rev_21533,0.0075
rev_21534,0.4422
rev_21535,0.0545
rev_21536,0.1253
rev_21537,0.0324
rev_21538,0.0505
rev_21539,0.4703
rev_21540,0.0059
rev_21541,0.1178
rev_21542,0.5221
rev_21543,0.003
rev_21544,0.1882
rev_21545,0.0284
rev_21546,0.4704
rev_21547,0.0035
rev_21548,0.2729
rev_21549,0.974
rev_21550,0.9448
rev_21551,0.8378
rev_21552,0.9996
rev_21553,0.9103
rev_21554,0.9926
rev_21555,0.9955
rev_21556,0.9972
rev_21557,0.9614
rev_21558,0.9403
rev_21559,0.9843
rev_21560,0.9929
rev_21561,0.9633
rev_21562,0.9976
rev_21563,0.8684
rev_21564,0.8012
rev_21565,0.661
rev_21566,0.8773
rev_21567,0.9912
rev_21568,0.9994
rev_21569,0.0588
rev_21570,0.1849
rev_21571,0.5801
rev_21572,0.0186
rev_21573,0.0096
rev_21574,0.0016
rev_21575,0.1199
rev_21576,0.0011
rev_21577,0.0006
rev_21578,0.159
rev_21579,0.8547
rev_21580,0.0008
rev_21581,0.6435
rev_21582,0.204
rev_21583,0.0628
rev_21584,0.0083
rev_21585,0.0225
rev_21586,0.0076
rev_21587,0.0341
rev_21588,0.0533
rev_21589,0.9974
rev_21590,0.9672
rev_21591,0.994
rev_21592,0.9982
rev_21593,0.9998
rev_21594,0.9956
rev_21595,0.9818
rev_21596,1.0
rev_21597,0.9999
rev_21598,0.9935
rev_21599,0.7871
rev_21600,0.7103
rev_21601,0.8287
rev_21602,0.9628
rev_21603,0.9928
rev_21604,0.9688
rev_21605,0.9998
rev_21606,0.9477
rev_21607,0.6459
rev_21608,0.2264
rev_21609,0.0138
rev_21610,0.0119
rev_21611,0.4115
rev_21612,0.0124
rev_21613,0.0125
rev_21614,0.0689
rev_21615,0.0217
rev_21616,0.0082
rev_21617,0.0648
rev_21618,0.003
rev_21619,0.0975
rev_21620,0.0377
rev_21621,0.0027
rev_21622,0.0265
rev_21623,0.6448
rev_21624,0.0042
rev_21625,0.5455
rev_21626,0.0025
rev_21627,0.9466
rev_21628,1.0
rev_21629,0.9955
rev_21630,0.8578
rev_21631,0.9997
rev_21632,0.999
rev_21633,0.9933
rev_21634,0.9338
rev_21635,0.5679
rev_21636,0.9833
rev_21637,0.8772
rev_21638,0.9984
rev_21639,0.833
rev_21640,0.97
rev_21641,0.8632
rev_21642,0.8756
rev_21643,0.9988
rev_21644,0.9972
rev_21645,0.9507
rev_21646,0.9384
rev_21647,0.138
rev_21648,0.0003
rev_21649,0.1275
rev_21650,0.0081
rev_21651,0.1989
rev_21652,0.0124
rev_21653,0.0053
rev_21654,0.0068
rev_21655,0.0297
rev_21656,0.0118
rev_21657,0.0007
rev_21658,0.0848
rev_21659,0.2289
rev_21660,0.814
rev_21661,0.0031
rev_21662,0.0082
rev_21663,0.0043
rev_21664,0.0135
rev_21665,0.7097
rev_21666,0.0145
rev_21667,0.9865
rev_21668,0.9689
rev_21669,0.9984
rev_21670,0.9976
rev_21671,0.9998
rev_21672,1.0
rev_21673,0.9943
rev_21674,0.8742
rev_21675,0.9532
rev_21676,1.0
rev_21677,0.6993
rev_21678,0.8817
rev_21679,0.9517
rev_21680,0.9886
rev_21681,0.1197
rev_21682,0.8846
rev_21683,0.8942
rev_21684,0.9986
rev_21685,0.8662
rev_21686,0.0018
rev_21687,0.0026
rev_21688,0.1268
rev_21689,0.0028
rev_21690,0.0121
rev_21691,0.0881
rev_21692,0.0588
rev_21693,0.0018
rev_21694,0.0013
rev_21695,0.0498
rev_21696,0.035
rev_21697,0.0068
rev_21698,0.0974
rev_21699,0.1921
rev_21700,0.0417
rev_21701,0.2691
rev_21702,0.879
rev_21703,0.0026
rev_21704,0.0039
rev_21705,0.9997
rev_21706,0.9992
rev_21707,0.9882
rev_21708,0.9961
rev_21709,0.8275
rev_21710,0.9743
rev_21711,0.5278
rev_21712,0.9998
rev_21713,0.7893
rev_21714,0.7716
rev_21715,0.9966
rev_21716,0.9985
rev_21717,0.9806
rev_21718,0.9985
rev_21719,0.9493
rev_21720,0.9929
rev_21721,1.0
rev_21722,0.9984
rev_21723,0.4426
rev_21724,0.0021
rev_21725,0.0015
rev_21726,0.4153
rev_21727,0.0059
rev_21728,0.1845
rev_21729,0.0011
rev_21730,0.0918
rev_21731,0.2025
rev_21732,0.1266
rev_21733,0.0019
rev_21734,0.1023
rev_21735,0.0001
rev_21736,0.0019
rev_21737,0.0035
rev_21738,0.0032
rev_21739,0.0776
rev_21740,0.1004
rev_21741,0.9963
rev_21742,0.9999
rev_21743,0.7425
rev_21744,0.9994
rev_21745,0.9933
rev_21746,0.9994
rev_21747,0.9997
rev_21748,0.7461
rev_21749,0.9977
rev_21750,0.9966
rev_21751,0.9802
rev_21752,0.9959
rev_21753,0.9995
rev_21754,0.9184
rev_21755,0.9788
rev_21756,0.9762
rev_21757,0.8554
rev_21758,0.6158
rev_21759,0.0011
rev_21760,0.0063
rev_21761,0.0651
rev_21762,0.0031
rev_21763,0.085
rev_21764,0.5861
rev_21765,0.1971
rev_21766,0.0588
rev_21767,0.0062
rev_21768,0.025
rev_21769,0.0344
rev_21770,0.0527
rev_21771,0.033
rev_21772,0.1365
rev_21773,0.4354
rev_21774,0.0098
rev_21775,0.9946
rev_21776,0.9989
rev_21777,0.7716
rev_21778,0.4887
rev_21779,0.9942
rev_21780,0.5446
rev_21781,0.9865
rev_21782,0.9495
rev_21783,0.8798
rev_21784,0.9992
rev_21785,0.996
rev_21786,0.9895
rev_21787,0.9996
rev_21788,1.0
rev_21789,0.9922
rev_21790,0.9749
rev_21791,0.9973
rev_21792,0.0009
rev_21793,0.0377
rev_21794,0.0142
rev_21795,0.0271
rev_21796,0.0001
rev_21797,0.1605
rev_21798,0.0679
rev_21799,0.0173
rev_21800,0.0123
rev_21801,0.0012
rev_21802,0.2284
rev_21803,0.0177
rev_21804,0.425
rev_21805,0.0052
rev_21806,0.0037
rev_21807,0.0088
rev_21808,0.0159
rev_21809,0.9866
rev_21810,0.9649
rev_21811,1.0
rev_21812,0.7505
rev_21813,0.9891
rev_21814,0.9999
rev_21815,0.972
rev_21816,0.9922
rev_21817,0.9941
rev_21818,0.9955
rev_21819,0.9434
rev_21820,0.989
rev_21821,0.9933
rev_21822,0.9998
rev_21823,0.9949
rev_21824,0.9992
rev_21825,0.0578
rev_21826,0.1292
rev_21827,0.006
rev_21828,0.0281
rev_21829,0.0045
rev_21830,0.0266
rev_21831,0.0788
rev_21832,0.0237
rev_21833,0.0269
rev_21834,0.2587
rev_21835,0.0048
rev_21836,0.0779
rev_21837,0.0205
rev_21838,0.0014
rev_21839,0.0008
rev_21840,0.0469
rev_21841,0.9998
rev_21842,0.9946
rev_21843,0.9935
rev_21844,0.9485
rev_21845,0.9964
rev_21846,0.9996
rev_21847,0.9973
rev_21848,0.9993
rev_21849,0.9991
rev_21850,0.9493
rev_21851,0.9925
rev_21852,0.9862
rev_21853,0.9423
rev_21854,0.9984
rev_21855,0.9364
rev_21856,0.9957
rev_21857,0.053
rev_21858,0.0002
rev_21859,0.002
rev_21860,0.0801
rev_21861,0.0004
rev_21862,0.0005
rev_21863,0.001
rev_21864,0.0145
rev_21865,0.0147
rev_21866,0.0282
rev_21867,0.2415
rev_21868,0.0087
rev_21869,0.0313
rev_21870,0.0012
rev_21871,0.0781
rev_21872,0.0019
rev_21873,0.9997
rev_21874,0.9935
rev_21875,0.9995
rev_21876,0.9138
rev_21877,0.9999
rev_21878,0.942
rev_21879,0.9992
rev_21880,0.9991
rev_21881,0.5111
rev_21882,0.5857
rev_21883,0.9701
rev_21884,0.9971
rev_21885,0.9953
rev_21886,1.0
rev_21887,0.9994
rev_21888,0.0095
rev_21889,0.0325
rev_21890,0.0042
rev_21891,0.1728
rev_21892,0.162
rev_21893,0.0015
rev_21894,0.0526
rev_21895,0.1463
rev_21896,0.4874
rev_21897,0.1154
rev_21898,0.0008
rev_21899,0.0371
rev_21900,0.0083
rev_21901,0.0085
rev_21902,0.2043
rev_21903,0.1588
rev_21904,0.9999
rev_21905,0.9997
rev_21906,0.9904
rev_21907,0.9984
rev_21908,0.9953
rev_21909,0.5605
rev_21910,0.9997
rev_21911,0.9993
rev_21912,0.951
rev_21913,0.9979
rev_21914,0.9846
rev_21915,0.6829
rev_21916,0.8973
rev_21917,1.0
rev_21918,0.9989
rev_21919,0.9998
rev_21920,0.0012
rev_21921,0.0286
rev_21922,0.406
rev_21923,0.0375
rev_21924,0.012
rev_21925,0.0249
rev_21926,0.0499
rev_21927,0.0101
rev_21928,0.0069
rev_21929,0.1784
rev_21930,0.0405
rev_21931,0.0584
rev_21932,0.0681
rev_21933,0.0104
rev_21934,0.0364
rev_21935,0.0141
rev_21936,0.304
rev_21937,0.9997
rev_21938,0.9998
rev_21939,0.9769
rev_21940,0.9821
rev_21941,0.9832
rev_21942,0.9231
rev_21943,0.9996
rev_21944,0.982
rev_21945,0.992
rev_21946,0.9992
rev_21947,0.9961
rev_21948,0.9559
rev_21949,0.9994
rev_21950,0.9998
rev_21951,0.998
rev_21952,0.0348
rev_21953,0.015
rev_21954,0.0004
rev_21955,0.0732
rev_21956,0.0043
rev_21957,0.1028
rev_21958,0.7817
rev_21959,0.0351
rev_21960,0.0006
rev_21961,0.0377
rev_21962,0.0444
rev_21963,0.0093
rev_21964,0.0013
rev_21965,0.6409
rev_21966,0.0062
rev_21967,0.9326
rev_21968,0.8796
rev_21969,0.8767
rev_21970,0.9963
rev_21971,0.9984
rev_21972,1.0
rev_21973,0.9954
rev_21974,0.9999
rev_21975,0.9578
rev_21976,0.9996
rev_21977,0.996
rev_21978,0.9948
rev_21979,0.9271
rev_21980,0.9886
rev_21981,0.0007
rev_21982,0.0105
rev_21983,0.1053
rev_21984,0.0012
rev_21985,0.0116
rev_21986,0.0004
rev_21987,0.0377
rev_21988,0.0997
rev_21989,0.0237
rev_21990,0.0081
rev_21991,0.0025
rev_21992,0.0264
rev_21993,0.0082
rev_21994,0.0023
rev_21995,0.7088
rev_21996,0.9987
rev_21997,0.706
rev_21998,0.9734
rev_21999,0.9987
rev_22000,0.9803
rev_22001,0.9969
rev_22002,0.6785
rev_22003,0.9276
rev_22004,0.9823
rev_22005,0.7942
rev_22006,0.98
rev_22007,0.8685
rev_22008,0.9495
rev_22009,0.0228
rev_22010,0.0692
rev_22011,0.0103
rev_22012,0.0107
rev_22013,0.217
rev_22014,0.0157
rev_22015,0.6647
rev_22016,0.0436
rev_22017,0.0041
rev_22018,0.0011
rev_22019,0.4042
rev_22020,0.1267
rev_22021,0.0508
rev_22022,0.4378
rev_22023,0.999
rev_22024,0.999
rev_22025,0.9874
rev_22026,0.9897
rev_22027,0.9981
rev_22028,0.935
rev_22029,0.9783
rev_22030,0.9412
rev_22031,0.9907
rev_22032,0.9999
rev_22033,0.9998
rev_22034,0.6012
rev_22035,0.9997
rev_22036,0.0463
rev_22037,0.0014
rev_22038,0.0054
rev_22039,0.1918
rev_22040,0.0054
rev_22041,0.0649
rev_22042,0.0545
rev_22043,0.0226
rev_22044,0.0285
rev_22045,0.0002
rev_22046,0.0139
rev_22047,0.1183
rev_22048,0.0584
rev_22049,0.9997
rev_22050,0.9999
rev_22051,0.696
rev_22052,0.9972
rev_22053,0.9824
rev_22054,0.9938
rev_22055,0.9245
rev_22056,0.9788
rev_22057,0.9952
rev_22058,0.9795
rev_22059,0.9996
rev_22060,0.9952
rev_22061,0.9746
rev_22062,0.989
rev_22063,0.0133
rev_22064,0.0036
rev_22065,0.1017
rev_22066,0.0172
rev_22067,0.0004
rev_22068,0.0133
rev_22069,0.1148
rev_22070,0.004
rev_22071,0.5025
rev_22072,0.0687
rev_22073,0.0026
rev_22074,0.0109
rev_22075,0.0087
rev_22076,0.0248
rev_22077,0.9914
rev_22078,0.9959
rev_22079,0.956
rev_22080,0.8877
rev_22081,0.9987
rev_22082,0.9996
rev_22083,0.9057
rev_22084,0.9353
rev_22085,0.9916
rev_22086,0.9949
rev_22087,0.9987
rev_22088,0.9977
rev_22089,1.0
rev_22090,0.0176
rev_22091,0.3364
rev_22092,0.1798
rev_22093,0.0055
rev_22094,0.0138
rev_22095,0.0004
rev_22096,0.5631
rev_22097,0.0016
rev_22098,0.4804
rev_22099,0.5448
rev_22100,0.0032
rev_22101,0.1336
rev_22102,0.0006
rev_22103,0.9823
rev_22104,0.9993
rev_22105,0.9992
rev_22106,0.8649
rev_22107,0.9981
rev_22108,0.9999
rev_22109,0.9968
rev_22110,0.9004
rev_22111,0.9971
rev_22112,0.997
rev_22113,0.5405
rev_22114,0.9479
rev_22115,0.9994
rev_22116,0.9326
rev_22117,0.4315
rev_22118,0.0001
rev_22119,0.0075
rev_22120,0.3027
rev_22121,0.0056
rev_22122,0.0005
rev_22123,0.0749
rev_22124,0.0166
rev_22125,0.4422
rev_22126,0.0024
rev_22127,0.1601
rev_22128,0.02
rev_22129,0.3662
rev_22130,0.0007
rev_22131,0.995
rev_22132,0.9818
rev_22133,0.9965
rev_22134,0.9238
rev_22135,0.9977
rev_22136,0.9876
rev_22137,0.9849
rev_22138,0.9205
rev_22139,0.9862
rev_22140,0.9996
rev_22141,0.9812
rev_22142,0.9567
rev_22143,0.9981
rev_22144,0.0017
rev_22145,0.003
rev_22146,0.001
rev_22147,0.0636
rev_22148,0.0463
rev_22149,0.008
rev_22150,0.0114
rev_22151,0.0162
rev_22152,0.0023
rev_22153,0.0125
rev_22154,0.0107
rev_22155,0.051
rev_22156,0.006
rev_22157,0.9678
rev_22158,0.9998
rev_22159,0.9825
rev_22160,0.9961
rev_22161,0.9973
rev_22162,0.9779
rev_22163,0.8394
rev_22164,0.954
rev_22165,0.9824
rev_22166,0.9555
rev_22167,0.9423
rev_22168,0.7315
rev_22169,0.9999
rev_22170,0.0061
rev_22171,0.1108
rev_22172,0.0122
rev_22173,0.0124
rev_22174,0.0004
rev_22175,0.2927
rev_22176,0.0173
rev_22177,0.0096
rev_22178,0.0616
rev_22179,0.0137
rev_22180,0.0044
rev_22181,0.0676
rev_22182,0.0269
rev_22183,0.9869
rev_22184,0.9593
rev_22185,0.998
rev_22186,0.9999
rev_22187,0.8724
rev_22188,0.9902
rev_22189,0.9729
rev_22190,0.9989
rev_22191,0.9981
rev_22192,0.8894
rev_22193,0.9995
rev_22194,0.9995
rev_22195,0.0317
rev_22196,0.014
rev_22197,0.0027
rev_22198,0.1741
rev_22199,0.0121
rev_22200,0.076
rev_22201,0.0203
rev_22202,0.0001
rev_22203,0.0057
rev_22204,0.1317
rev_22205,0.0034
rev_22206,0.0692
rev_22207,0.9984
rev_22208,0.9813
rev_22209,0.9998
rev_22210,0.6427
rev_22211,0.9997
rev_22212,0.1148
rev_22213,0.9941
rev_22214,0.9991
rev_22215,0.9399
rev_22216,0.8291
rev_22217,0.8424
rev_22218,0.7058
rev_22219,0.0117
rev_22220,0.0039
rev_22221,0.0004
rev_22222,0.0018
rev_22223,0.0119
rev_22224,0.127
rev_22225,0.0001
rev_22226,0.0181
rev_22227,0.5383
rev_22228,0.0486
rev_22229,0.0094
rev_22230,0.1725
rev_22231,0.9584
rev_22232,0.9972
rev_22233,0.9957
rev_22234,0.9868
rev_22235,0.9775
rev_22236,0.9966
rev_22237,0.9981
rev_22238,1.0
rev_22239,0.9988
rev_22240,0.958
rev_22241,0.9576
rev_22242,0.9897
rev_22243,0.3725
rev_22244,0.7578
rev_22245,0.039
rev_22246,0.0151
rev_22247,0.0002
rev_22248,0.4134
rev_22249,0.0105
rev_22250,0.0579
rev_22251,0.0304
rev_22252,0.0087
rev_22253,0.001
rev_22254,0.006
rev_22255,0.9956
rev_22256,0.8861
rev_22257,0.9886
rev_22258,0.9878
rev_22259,0.9723
rev_22260,0.9984
rev_22261,0.9997
rev_22262,0.993
rev_22263,0.989
rev_22264,0.9998
rev_22265,0.9892
rev_22266,0.0059
rev_22267,0.0047
rev_22268,0.0312
rev_22269,0.005
rev_22270,0.2073
rev_22271,0.0477
rev_22272,0.0007
rev_22273,0.0022
rev_22274,0.0112
rev_22275,0.0059
rev_22276,0.005
rev_22277,0.998
rev_22278,0.9736
rev_22279,0.9999
rev_22280,0.9505
rev_22281,0.9492
rev_22282,0.9845
rev_22283,0.996
rev_22284,0.9834
rev_22285,0.9963
rev_22286,0.4005
rev_22287,0.9977
rev_22288,0.9979
rev_22289,0.0021
rev_22290,0.0098
rev_22291,0.0063
rev_22292,0.0178
rev_22293,0.0016
rev_22294,0.1073
rev_22295,0.0028
rev_22296,0.0205
rev_22297,0.0025
rev_22298,0.0029
rev_22299,0.0226
rev_22300,0.984
rev_22301,0.8059
rev_22302,0.9925
rev_22303,0.999
rev_22304,0.9958
rev_22305,0.9988
rev_22306,1.0
rev_22307,0.9985
rev_22308,0.9973
rev_22309,0.9507
rev_22310,0.0243
rev_22311,0.0007
rev_22312,0.0031
rev_22313,0.0024
rev_22314,0.0688
rev_22315,0.0367
rev_22316,0.0019
rev_22317,0.0488
rev_22318,0.0
rev_22319,0.0051
rev_22320,0.9991
rev_22321,0.9828
rev_22322,0.6975
rev_22323,0.9947
rev_22324,0.9974
rev_22325,0.9912
rev_22326,0.9645
rev_22327,0.9984
rev_22328,0.9833
rev_22329,0.9535
rev_22330,0.0617
rev_22331,0.0349
rev_22332,0.0776
rev_22333,0.1093
rev_22334,0.0001
rev_22335,0.0001
rev_22336,0.0092
rev_22337,0.06
rev_22338,0.0564
rev_22339,0.0051
rev_22340,0.9733
rev_22341,0.9949
rev_22342,0.9999
rev_22343,0.9813
rev_22344,0.999
rev_22345,0.9996
rev_22346,0.9993
rev_22347,0.9828
rev_22348,0.9998
rev_22349,0.9202
rev_22350,0.1038
rev_22351,0.1917
rev_22352,0.0757
rev_22353,0.0259
rev_22354,0.3866
rev_22355,0.0073
rev_22356,0.0895
rev_22357,0.0008
rev_22358,0.093
rev_22359,0.0577
rev_22360,0.9998
rev_22361,0.9933
rev_22362,0.9738
rev_22363,0.9781
rev_22364,0.9812
rev_22365,0.9273
rev_22366,0.9989
rev_22367,0.8629
rev_22368,0.9872
rev_22369,0.9616
rev_22370,0.1201
rev_22371,0.2475
rev_22372,0.0005
rev_22373,0.0159
rev_22374,0.0069
rev_22375,0.023
rev_22376,0.0029
rev_22377,0.0001
rev_22378,0.0203
rev_22379,0.0009
rev_22380,0.9989
rev_22381,0.9972
rev_22382,0.9995
rev_22383,0.9851
rev_22384,0.9644
rev_22385,0.9996
rev_22386,0.9745
rev_22387,0.9972
rev_22388,0.9713
rev_22389,0.9791
rev_22390,0.1726
rev_22391,0.1039
rev_22392,0.0177
rev_22393,0.1424
rev_22394,0.0097
rev_22395,0.0218
rev_22396,0.1917
rev_22397,0.0006
rev_22398,0.0092
rev_22399,0.1496
rev_22400,0.9982
rev_22401,0.9806
rev_22402,0.9973
rev_22403,0.9965
rev_22404,0.899
rev_22405,0.9959
rev_22406,0.9989
rev_22407,0.9946
rev_22408,0.9996
rev_22409,0.9997
rev_22410,0.9977
rev_22411,0.0004
rev_22412,0.3795
rev_22413,0.0074
rev_22414,0.0128
rev_22415,0.0006
rev_22416,0.003
rev_22417,0.0068
rev_22418,0.218
rev_22419,0.3384
rev_22420,0.0027
rev_22421,0.0038
rev_22422,0.9994
rev_22423,0.9988
rev_22424,0.9964
rev_22425,0.965
rev_22426,0.5525
rev_22427,0.9958
rev_22428,0.998
rev_22429,0.983
rev_22430,0.7774
rev_22431,0.0009
rev_22432,0.026
rev_22433,0.0144
rev_22434,0.0405
rev_22435,0.0003
rev_22436,0.0803
rev_22437,0.006
rev_22438,0.025
rev_22439,0.155
rev_22440,0.9836
rev_22441,0.9953
rev_22442,0.9965
rev_22443,0.9957
rev_22444,0.9671
rev_22445,0.9992
rev_22446,0.9933
rev_22447,0.9983
rev_22448,0.8892
rev_22449,0.0442
rev_22450,0.0008
rev_22451,0.0054
rev_22452,0.0008
rev_22453,0.0002
rev_22454,0.2644
rev_22455,0.0009
rev_22456,0.0031
rev_22457,0.0031
rev_22458,0.9941
rev_22459,0.6426
rev_22460,0.9579
rev_22461,0.957
rev_22462,0.8361
rev_22463,0.9944
rev_22464,0.2596
rev_22465,0.9707
rev_22466,0.999
rev_22467,0.9992
rev_22468,0.0058
rev_22469,0.0372
rev_22470,0.016
rev_22471,0.043
rev_22472,0.0013
rev_22473,0.0176
rev_22474,0.0
rev_22475,0.0535
rev_22476,0.1676
rev_22477,0.0451
rev_22478,0.9988
rev_22479,0.9968
rev_22480,0.9931
rev_22481,1.0
rev_22482,0.9983
rev_22483,0.9933
rev_22484,0.9902
rev_22485,0.995
rev_22486,0.167
rev_22487,0.0021
rev_22488,0.0452
rev_22489,0.0007
rev_22490,0.0301
rev_22491,0.0427
rev_22492,0.0014
rev_22493,0.0003
rev_22494,0.0544
rev_22495,0.0022
rev_22496,0.5249
rev_22497,0.9853
rev_22498,0.9761
rev_22499,0.7994
rev_22500,0.9988
rev_22501,0.9305
rev_22502,0.9976
rev_22503,0.9998
rev_22504,0.0147
rev_22505,0.0287
rev_22506,0.0017
rev_22507,0.0022
rev_22508,0.0635
rev_22509,0.0034
rev_22510,0.0015
rev_22511,0.0206
rev_22512,0.9051
rev_22513,0.9834
rev_22514,0.9971
rev_22515,0.956
rev_22516,0.997
rev_22517,0.9908
rev_22518,0.9972
rev_22519,0.0082
rev_22520,0.0006
rev_22521,0.003
rev_22522,0.1554
rev_22523,0.0075
rev_22524,0.0019
rev_22525,0.0131
rev_22526,0.6832
rev_22527,0.8965
rev_22528,0.9954
rev_22529,0.9881
rev_22530,0.9737
rev_22531,0.9987
rev_22532,0.9777
rev_22533,0.9999
rev_22534,0.5336
rev_22535,0.0075
rev_22536,0.0093
rev_22537,0.0732
rev_22538,0.0052
rev_22539,0.0885
rev_22540,0.0404
rev_22541,0.0141
rev_22542,0.0047
rev_22543,0.711
rev_22544,0.9963
rev_22545,0.9886
rev_22546,0.9926
rev_22547,0.9119
rev_22548,0.9917
rev_22549,0.9943
rev_22550,0.9728
rev_22551,0.8876
rev_22552,0.8267
rev_22553,0.1294
rev_22554,0.019
rev_22555,0.0005
rev_22556,0.0137
rev_22557,0.1248
rev_22558,0.1085
rev_22559,0.0672
rev_22560,0.003
rev_22561,0.0889
rev_22562,0.9883
rev_22563,0.9938
rev_22564,0.999
rev_22565,0.9997
rev_22566,0.9993
rev_22567,0.8404
rev_22568,0.9999
rev_22569,0.9999
rev_22570,0.9995
rev_22571,0.0042
rev_22572,0.0018
rev_22573,0.0003
rev_22574,0.0048
rev_22575,0.0154
rev_22576,0.0062
rev_22577,0.9891
rev_22578,0.0185
rev_22579,0.001
rev_22580,0.7955
rev_22581,0.5743
rev_22582,0.9944
rev_22583,0.8961
rev_22584,0.9947
rev_22585,0.9806
rev_22586,0.9849
rev_22587,0.9535
rev_22588,0.0137
rev_22589,0.002
rev_22590,0.0011
rev_22591,0.2167
rev_22592,0.0016
rev_22593,0.0008
rev_22594,0.0864
rev_22595,0.0101
rev_22596,0.9608
rev_22597,0.9999
rev_22598,0.9927
rev_22599,0.9614
rev_22600,0.9234
rev_22601,0.9993
rev_22602,0.9992
rev_22603,0.9996
rev_22604,0.0137
rev_22605,0.0071
rev_22606,0.0435
rev_22607,0.0572
rev_22608,0.0015
rev_22609,0.0012
rev_22610,0.0001
rev_22611,0.0073
rev_22612,0.9998
rev_22613,0.9985
rev_22614,0.9917
rev_22615,0.9978
rev_22616,0.9914
rev_22617,0.9699
rev_22618,0.9999
rev_22619,0.9999
rev_22620,0.0255
rev_22621,0.0009
rev_22622,0.0243
rev_22623,0.0001
rev_22624,0.0133
rev_22625,0.2146
rev_22626,0.1221
rev_22627,0.0071
rev_22628,0.9998
rev_22629,0.9931
rev_22630,0.9997
rev_22631,0.9993
rev_22632,0.9999
rev_22633,0.998
rev_22634,0.9926
rev_22635,0.9829
rev_22636,0.0025
rev_22637,0.0019
rev_22638,0.632
rev_22639,0.0002
rev_22640,0.0001
rev_22641,0.0086
rev_22642,0.0017
rev_22643,0.0013
rev_22644,0.9774
rev_22645,0.9862
rev_22646,0.9865
rev_22647,0.9976
rev_22648,0.9943
rev_22649,0.9954
rev_22650,0.9998
rev_22651,0.0211
rev_22652,0.0006
rev_22653,0.0038
rev_22654,0.0008
rev_22655,0.0497
rev_22656,0.006
rev_22657,0.0159
rev_22658,0.9992
rev_22659,0.9995
rev_22660,0.9975
rev_22661,0.9961
rev_22662,0.9994
rev_22663,0.9594
rev_22664,0.8842
rev_22665,0.6113
rev_22666,0.0001
rev_22667,0.3368
rev_22668,0.0008
rev_22669,0.0021
rev_22670,0.0006
rev_22671,0.0001
rev_22672,0.7634
rev_22673,0.9522
rev_22674,0.8147
rev_22675,0.8905
rev_22676,0.9728
rev_22677,0.9845
rev_22678,0.0038
rev_22679,0.0017
rev_22680,0.0134
rev_22681,0.0007
rev_22682,0.0247
rev_22683,0.0058
rev_22684,0.9678
rev_22685,0.9833
rev_22686,0.8978
rev_22687,0.9996
rev_22688,0.9924
rev_22689,0.9998
rev_22690,0.9863
rev_22691,0.0018
rev_22692,0.0058
rev_22693,0.0196
rev_22694,0.0172
rev_22695,0.0055
rev_22696,0.0478
rev_22697,0.0016
rev_22698,0.9311
rev_22699,0.8296
rev_22700,0.9902
rev_22701,0.9938
rev_22702,0.9667
rev_22703,0.9926
rev_22704,0.0006
rev_22705,0.0049
rev_22706,0.0072
rev_22707,0.0123
rev_22708,0.1091
rev_22709,0.0008
rev_22710,0.9928
rev_22711,0.9979
rev_22712,0.703
rev_22713,0.9964
rev_22714,0.997
rev_22715,0.9993
rev_22716,0.9889
rev_22717,0.0031
rev_22718,0.0097
rev_22719,0.0052
rev_22720,0.0083
rev_22721,0.0006
rev_22722,0.001
rev_22723,0.1615
rev_22724,0.9982
rev_22725,0.9794
rev_22726,0.9994
rev_22727,0.8388
rev_22728,0.8491
rev_22729,0.9979
rev_22730,0.001
rev_22731,0.0007
rev_22732,0.0043
rev_22733,0.0072
rev_22734,0.0164
rev_22735,0.0926
rev_22736,0.9804
rev_22737,0.9887
rev_22738,0.9991
rev_22739,0.9928
rev_22740,0.9965
rev_22741,0.9972
rev_22742,0.0009
rev_22743,0.0009
rev_22744,0.002
rev_22745,0.1026
rev_22746,0.0147
rev_22747,0.0025
rev_22748,0.9981
rev_22749,0.9923
rev_22750,0.998
rev_22751,0.9856
rev_22752,0.9708
rev_22753,0.9985
rev_22754,0.0229
rev_22755,0.063
rev_22756,0.0002
rev_22757,0.0287
rev_22758,0.01
rev_22759,0.0784
rev_22760,0.779
rev_22761,0.9801
rev_22762,0.9973
rev_22763,0.9603
rev_22764,0.9924
rev_22765,0.9999
rev_22766,0.1207
rev_22767,0.8949
rev_22768,0.0001
rev_22769,0.0003
rev_22770,0.0005
rev_22771,0.0026
rev_22772,0.9995
rev_22773,0.9943
rev_22774,0.9959
rev_22775,0.8451
rev_22776,0.9971
rev_22777,0.988
rev_22778,0.0185
rev_22779,0.3121
rev_22780,0.0716
rev_22781,0.0018
rev_22782,0.011
rev_22783,0.0985
rev_22784,0.9994
rev_22785,0.995
rev_22786,0.9995
rev_22787,0.9696
rev_22788,0.9976
rev_22789,0.7579
rev_22790,0.0032
rev_22791,0.002
rev_22792,0.0007
rev_22793,0.0179
rev_22794,0.004
rev_22795,0.0448
rev_22796,0.9994
rev_22797,0.99
rev_22798,0.9994
rev_22799,0.9959
rev_22800,0.971
rev_22801,0.9859
rev_22802,0.5267
rev_22803,0.0031
rev_22804,0.0063
rev_22805,0.0002
rev_22806,0.0037
rev_22807,0.0028
rev_22808,0.989
rev_22809,0.9996
rev_22810,0.9919
rev_22811,0.9907
rev_22812,0.9995
rev_22813,0.002
rev_22814,0.0203
rev_22815,0.0246
rev_22816,0.0722
rev_22817,0.0023
rev_22818,0.9994
rev_22819,0.9243
rev_22820,0.9916
rev_22821,0.9991
rev_22822,0.9816
rev_22823,0.9683
rev_22824,0.02
rev_22825,0.0009
rev_22826,0.0014
rev_22827,0.0164
rev_22828,0.0709
rev_22829,0.0873
rev_22830,0.9982
rev_22831,0.7009
rev_22832,0.9984
rev_22833,0.9941
rev_22834,0.8047
rev_22835,0.0056
rev_22836,0.0002
rev_22837,0.002
rev_22838,0.0017
rev_22839,0.0152
rev_22840,0.9786
rev_22841,0.9229
rev_22842,0.9829
rev_22843,0.9403
rev_22844,0.994
rev_22845,0.9744
rev_22846,0.0044
rev_22847,0.054
rev_22848,0.1706
rev_22849,0.0009
rev_22850,0.0006
rev_22851,0.0007
rev_22852,0.9863
rev_22853,0.9778
rev_22854,0.9484
rev_22855,0.9037
rev_22856,0.9811
rev_22857,0.9963
rev_22858,0.0329
rev_22859,0.0022
rev_22860,0.0838
rev_22861,0.0002
rev_22862,0.0004
rev_22863,0.1684
rev_22864,0.9557
rev_22865,0.993
rev_22866,0.9965
rev_22867,0.9991
rev_22868,0.8755
rev_22869,0.003
rev_22870,0.0013
rev_22871,0.002
rev_22872,0.0032
rev_22873,0.0123
rev_22874,0.9998
rev_22875,0.9996
rev_22876,0.761
rev_22877,0.3765
rev_22878,0.806
rev_22879,0.0263
rev_22880,0.0026
rev_22881,0.0283
rev_22882,1.0
rev_22883,0.996
rev_22884,0.9682
rev_22885,0.9876
rev_22886,0.9792
rev_22887,0.0258
rev_22888,0.0065
rev_22889,0.0003
rev_22890,0.0477
rev_22891,0.0006
rev_22892,0.9971
rev_22893,0.9962
rev_22894,0.6868
rev_22895,0.9848
rev_22896,0.0003
rev_22897,0.0095
rev_22898,0.001
rev_22899,0.0004
rev_22900,0.9707
rev_22901,0.9956
rev_22902,0.9989
rev_22903,0.9999
rev_22904,0.0084
rev_22905,0.0035
rev_22906,0.0116
rev_22907,0.0036
rev_22908,0.9888
rev_22909,0.9986
rev_22910,0.9947
rev_22911,0.9676
rev_22912,0.0047
rev_22913,0.0007
rev_22914,0.0801
rev_22915,0.01
rev_22916,0.9999
rev_22917,0.8111
rev_22918,0.9871
rev_22919,0.9558
rev_22920,0.689
rev_22921,0.0005
rev_22922,0.0048
rev_22923,0.0008
rev_22924,0.0071
rev_22925,0.008
rev_22926,0.8808
rev_22927,0.3564
rev_22928,0.9995
rev_22929,0.9995
rev_22930,0.0052
rev_22931,0.0057
rev_22932,0.0201
rev_22933,0.0015
rev_22934,0.9999
rev_22935,0.9946
rev_22936,0.9995
rev_22937,0.9791
rev_22938,0.8849
rev_22939,0.0167
rev_22940,0.0413
rev_22941,0.0071
rev_22942,0.0013
rev_22943,0.1449
rev_22944,0.9595
rev_22945,0.7579
rev_22946,0.9996
rev_22947,0.9997
rev_22948,0.8645
rev_22949,0.0045
rev_22950,0.0095
rev_22951,0.0012
rev_22952,0.0014
rev_22953,0.0004
rev_22954,0.9997
rev_22955,0.9274
rev_22956,0.9905
rev_22957,0.9987
rev_22958,0.0005
rev_22959,0.001
rev_22960,0.0023
rev_22961,0.011
rev_22962,0.9714
rev_22963,0.9897
rev_22964,0.9354
rev_22965,0.9992
rev_22966,0.0176
rev_22967,0.0917
rev_22968,0.0002
rev_22969,0.0912
rev_22970,0.9893
rev_22971,0.9951
rev_22972,0.9757
rev_22973,0.9969
rev_22974,0.0106
rev_22975,0.0288
rev_22976,0.0003
rev_22977,0.0047
rev_22978,0.9994
rev_22979,0.8316
rev_22980,0.9793
rev_22981,0.5761
rev_22982,0.0472
rev_22983,0.0059
rev_22984,0.0002
rev_22985,0.0331
rev_22986,0.9986
rev_22987,0.9817
rev_22988,0.9742
rev_22989,0.9349
rev_22990,0.0031
rev_22991,0.0005
rev_22992,0.0001
rev_22993,0.0799
rev_22994,0.8378
rev_22995,0.9575
rev_22996,0.9963
rev_22997,0.9995
rev_22998,0.009
rev_22999,0.011
rev_23000,0.0079
rev_23001,0.0012
rev_23002,0.9967
rev_23003,0.9969
rev_23004,0.9442
rev_23005,0.9972
rev_23006,0.1653
rev_23007,0.0002
rev_23008,0.0018
rev_23009,0.0003
rev_23010,0.9993
rev_23011,0.9977
rev_23012,0.939
rev_23013,0.953
rev_23014,0.0064
rev_23015,0.0232
rev_23016,0.0003
rev_23017,0.0215
rev_23018,0.9986
rev_23019,0.9916
rev_23020,0.9761
rev_23021,0.8038
rev_23022,0.0367
rev_23023,0.0012
rev_23024,0.0008
rev_23025,0.0001
rev_23026,0.9288
rev_23027,0.9998
rev_23028,0.9801
rev_23029,0.9978
rev_23030,0.0154
rev_23031,0.019
rev_23032,0.0044
rev_23033,0.0563
rev_23034,0.9811
rev_23035,0.9511
rev_23036,0.9936
rev_23037,0.9999
rev_23038,0.0183
rev_23039,0.0121
rev_23040,0.0009
rev_23041,0.0038
rev_23042,0.975
rev_23043,0.9993
rev_23044,0.9997
rev_23045,0.1266
rev_23046,0.0037
rev_23047,0.0012
rev_23048,0.982
rev_23049,0.998
rev_23050,0.9983
rev_23051,0.0302
rev_23052,0.0001
rev_23053,0.0086
rev_23054,0.9984
rev_23055,0.9042
rev_23056,0.9921
rev_23057,0.9982
rev_23058,0.0106
rev_23059,0.0027
rev_23060,0.0266
rev_23061,0.0058
rev_23062,0.7793
rev_23063,0.9962
rev_23064,0.9845
rev_23065,0.988
rev_23066,0.0112
rev_23067,0.0516
rev_23068,0.0721
rev_23069,0.1831
rev_23070,0.9951
rev_23071,0.9994
rev_23072,0.9947
rev_23073,0.024
rev_23074,0.0
rev_23075,0.0543
rev_23076,0.9905
rev_23077,0.9997
rev_23078,0.9182
rev_23079,0.0012
rev_23080,0.1926
rev_23081,0.0008
rev_23082,0.9992
rev_23083,0.9908
rev_23084,0.9981
rev_23085,0.2942
rev_23086,0.0016
rev_23087,0.0004
rev_23088,0.8139
rev_23089,0.8996
rev_23090,0.7589
rev_23091,0.0003
rev_23092,0.0015
rev_23093,0.0431
rev_23094,0.9969
rev_23095,0.9978
rev_23096,0.982
rev_23097,0.0003
rev_23098,0.0089
rev_23099,0.0085
rev_23100,0.803
rev_23101,0.9835
rev_23102,0.9994
rev_23103,0.0956
rev_23104,0.0076
rev_23105,0.0021
rev_23106,0.999
rev_23107,0.873
rev_23108,0.9831
rev_23109,0.0003
rev_23110,0.0028
rev_23111,0.0014
rev_23112,0.9346
rev_23113,0.766
rev_23114,0.9903
rev_23115,0.0012
rev_23116,0.0073
rev_23117,0.0014
rev_23118,0.9894
rev_23119,0.9981
rev_23120,0.9992
rev_23121,0.0049
rev_23122,0.0087
rev_23123,0.0072
rev_23124,0.9685
rev_23125,0.9657
rev_23126,0.999
rev_23127,0.0019
rev_23128,0.0016
rev_23129,0.0033
rev_23130,0.9986
rev_23131,0.6318
rev_23132,0.9963
rev_23133,0.0019
rev_23134,0.0002
rev_23135,0.0035
rev_23136,0.937
rev_23137,0.9761
rev_23138,0.9242
rev_23139,0.0027
rev_23140,0.3523
rev_23141,0.0103
rev_23142,0.982
rev_23143,0.9651
rev_23144,0.9866
rev_23145,0.0012
rev_23146,0.0001
rev_23147,0.001
rev_23148,0.9331
rev_23149,0.9993
rev_23150,0.9995
rev_23151,0.0005
rev_23152,0.0016
rev_23153,0.0003
rev_23154,0.9551
rev_23155,0.9942
rev_23156,0.9764
rev_23157,0.002
rev_23158,0.0251
rev_23159,0.0392
rev_23160,0.9977
rev_23161,0.9477
rev_23162,0.5926
rev_23163,0.002
rev_23164,0.0011
rev_23165,0.0007
rev_23166,0.997
rev_23167,0.9995
rev_23168,0.7371
rev_23169,0.0051
rev_23170,0.0073
rev_23171,0.0017
rev_23172,0.9989
rev_23173,0.9031
rev_23174,0.9941
rev_23175,0.2242
rev_23176,0.0
rev_23177,0.0248
rev_23178,0.9839
rev_23179,0.995
rev_23180,0.1808
rev_23181,0.0406
rev_23182,0.9949
rev_23183,0.9759
rev_23184,0.0014
rev_23185,0.0905
rev_23186,0.9079
rev_23187,0.829
rev_23188,0.8542
rev_23189,0.0045
rev_23190,0.0055
rev_23191,0.0018
rev_23192,0.8971
rev_23193,0.9022
rev_23194,0.0281
rev_23195,0.0087
rev_23196,0.9903
rev_23197,0.9632
rev_23198,0.0222
rev_23199,0.0272
rev_23200,0.9744
rev_23201,0.9998
rev_23202,0.0016
rev_23203,0.0025
rev_23204,0.9888
rev_23205,0.9972
rev_23206,0.9969
rev_23207,0.0983
rev_23208,0.0685
rev_23209,0.0005
rev_23210,0.9985
rev_23211,0.9909
rev_23212,0.0001
rev_23213,0.0003
rev_23214,0.937
rev_23215,0.9994
rev_23216,0.022
rev_23217,0.0036
rev_23218,0.926
rev_23219,0.9587
rev_23220,0.0084
rev_23221,0.0014
rev_23222,0.9953
rev_23223,0.9614
rev_23224,0.0025
rev_23225,0.2133
rev_23226,0.996
rev_23227,0.9999
rev_23228,0.0001
rev_23229,0.0035
rev_23230,0.5144
rev_23231,0.9906
rev_23232,0.0014
rev_23233,0.0005
rev_23234,0.9982
rev_23235,0.9865
rev_23236,0.0021
rev_23237,0.0064
rev_23238,0.9996
rev_23239,0.9527
rev_23240,0.0011
rev_23241,0.0003
rev_23242,0.9554
rev_23243,0.9991
rev_23244,0.0014
rev_23245,0.0009
rev_23246,0.9609
rev_23247,0.9972
rev_23248,0.0901
rev_23249,0.009
rev_23250,0.9985
rev_23251,0.9996
rev_23252,0.0015
rev_23253,0.0001
rev_23254,0.9995
rev_23255,0.9999
rev_23256,0.0108
rev_23257,0.0098
rev_23258,0.8834
rev_23259,0.9856
rev_23260,0.0204
rev_23261,0.1714
rev_23262,0.9236
rev_23263,0.9323
rev_23264,0.0009
rev_23265,0.0048
rev_23266,0.9861
rev_23267,0.9678
rev_23268,0.0173
rev_23269,0.0019
rev_23270,0.9522
rev_23271,0.5084
rev_23272,0.0001
rev_23273,0.0001
rev_23274,0.9872
rev_23275,0.7567
rev_23276,0.0002
rev_23277,0.0031
rev_23278,0.9978
rev_23279,0.9026
rev_23280,0.0002
rev_23281,0.0193
rev_23282,0.9899
rev_23283,0.9683
rev_23284,0.0001
rev_23285,0.0013
rev_23286,0.991
rev_23287,0.9143
rev_23288,0.0041
rev_23289,0.0009
rev_23290,0.9991
rev_23291,1.0
rev_23292,0.0513
rev_23293,0.1427
rev_23294,0.9827
rev_23295,0.9924
rev_23296,0.0016
rev_23297,0.1112
rev_23298,0.7797
rev_23299,0.998
rev_23300,0.0002
rev_23301,0.0014
rev_23302,0.9988
rev_23303,0.8126
rev_23304,0.0009
rev_23305,0.1375
rev_23306,0.9989
rev_23307,0.0005
rev_23308,0.9974
rev_23309,0.9994
rev_23310,0.0217
rev_23311,0.0165
rev_23312,0.9491
rev_23313,0.9911
rev_23314,0.0003
rev_23315,0.1357
rev_23316,0.9673
rev_23317,1.0
rev_23318,0.0004
rev_23319,0.0601
rev_23320,0.9999
rev_23321,0.9998
rev_23322,0.0231
rev_23323,0.0
rev_23324,0.985
rev_23325,0.9726
rev_23326,0.0001
rev_23327,0.0024
rev_23328,0.5347
rev_23329,0.9998
rev_23330,0.0012
rev_23331,0.0087
rev_23332,0.9876
rev_23333,1.0
rev_23334,0.0
rev_23335,0.0013
rev_23336,0.9996
rev_23337,0.0027
rev_23338,0.9969
rev_23339,0.9972
rev_23340,0.002
rev_23341,0.0003
rev_23342,0.9972
rev_23343,0.9777
rev_23344,0.012
rev_23345,0.0001
rev_23346,0.9532
rev_23347,0.9895
rev_23348,0.0025
rev_23349,0.0102
rev_23350,0.9857
rev_23351,0.0006
rev_23352,0.9615
rev_23353,0.0002
rev_23354,0.9701
rev_23355,0.0
rev_23356,0.9998
rev_23357,0.9762
rev_23358,0.0004
rev_23359,0.0001
rev_23360,0.9799
rev_23361,0.9967
rev_23362,0.0002
rev_23363,0.0022
rev_23364,0.9698
rev_23365,0.8285
rev_23366,0.0005
rev_23367,0.0815
rev_23368,0.9955
rev_23369,0.0018
rev_23370,0.9998
rev_23371,0.0023
rev_23372,0.9893
rev_23373,0.0
rev_23374,0.9971
rev_23375,0.0028
rev_23376,0.6658
rev_23377,0.9901
rev_23378,0.002
rev_23379,0.0196
rev_23380,0.9884
rev_23381,0.0058
rev_23382,0.7951
rev_23383,0.0001
rev_23384,0.9772
rev_23385,0.0013
rev_23386,0.9998
rev_23387,0.0002
rev_23388,0.9638
rev_23389,0.0002
rev_23390,0.9998
rev_23391,0.9985
rev_23392,0.1453
rev_23393,0.003
rev_23394,0.9797
rev_23395,0.0328
rev_23396,0.9967
rev_23397,0.9985
rev_23398,0.0025
rev_23399,0.0077
rev_23400,0.9898
rev_23401,0.0009
rev_23402,0.9995
rev_23403,0.0425
rev_23404,0.9134
rev_23405,0.0002
rev_23406,0.9944
rev_23407,0.0033
rev_23408,0.9341
rev_23409,0.0002
rev_23410,0.9923
rev_23411,0.9364
rev_23412,0.0004
rev_23413,0.0002
rev_23414,0.9858
rev_23415,0.0001
rev_23416,0.9938
rev_23417,0.0014
rev_23418,0.887
rev_23419,0.0142
rev_23420,0.9294
rev_23421,0.0001
rev_23422,0.9996
rev_23423,0.0027
rev_23424,0.9985
rev_23425,0.0023
rev_23426,0.6795
rev_23427,0.001
rev_23428,0.9963
rev_23429,0.0002
rev_23430,0.9932
rev_23431,0.0
rev_23432,0.9248
rev_23433,0.0001
rev_23434,0.9863
rev_23435,0.0026
rev_23436,0.9996
rev_23437,0.0006
rev_23438,0.9948
rev_23439,0.0002
rev_23440,0.6968
rev_23441,0.0023
rev_23442,0.9995
rev_23443,0.0014
rev_23444,0.7463
rev_23445,0.0
rev_23446,0.9985
rev_23447,0.0017
rev_23448,0.6467
rev_23449,0.0018
rev_23450,0.9573
rev_23451,0.0003
rev_23452,0.9899
rev_23453,0.0
rev_23454,0.9877
rev_23455,0.0008
rev_23456,0.9999
rev_23457,0.0018
rev_23458,0.916
rev_23459,0.0007
rev_23460,0.9736
rev_23461,0.0207
rev_23462,0.996
rev_23463,0.0033
rev_23464,0.9971
rev_23465,0.0022
rev_23466,0.9998
rev_23467,0.0007
rev_23468,0.9902
rev_23469,0.0008
rev_23470,0.995
rev_23471,0.0091
rev_23472,0.9993
rev_23473,0.0039
rev_23474,0.9954
rev_23475,0.0186
rev_23476,0.9245
rev_23477,0.0015
rev_23478,0.9991
rev_23479,0.0816
rev_23480,0.9999
rev_23481,0.0008
rev_23482,0.9951
rev_23483,0.0013
rev_23484,0.9999
rev_23485,0.0002
rev_23486,0.7768
rev_23487,0.0009
rev_23488,0.8163
rev_23489,0.0035
rev_23490,0.7417
rev_23491,0.1034
rev_23492,0.9992
rev_23493,0.0001
rev_23494,0.9977
rev_23495,0.0006
rev_23496,0.902
rev_23497,0.0002
rev_23498,0.993
rev_23499,0.0
rev_23500,0.9993
rev_23501,0.0013
rev_23502,0.9816
rev_23503,0.0
rev_23504,0.9887
rev_23505,0.007
rev_23506,0.9957
rev_23507,0.0014
rev_23508,0.9961
rev_23509,0.0003
rev_23510,0.9742
rev_23511,0.0004
rev_23512,0.997
rev_23513,0.0128
rev_23514,0.8156
rev_23515,0.0008
rev_23516,0.9983
rev_23517,0.0004
rev_23518,0.9988
rev_23519,0.0002
rev_23520,0.986
rev_23521,0.0019
rev_23522,0.7793
rev_23523,0.0053
rev_23524,0.9939
rev_23525,0.0205
rev_23526,0.989
rev_23527,0.0
rev_23528,0.9955
rev_23529,0.0
rev_23530,0.9864
rev_23531,0.0002
rev_23532,0.861
rev_23533,0.0006
rev_23534,0.9969
rev_23535,0.0349
rev_23536,0.9203
rev_23537,0.0
rev_23538,0.9998
rev_23539,0.0004
rev_23540,0.9828
rev_23541,0.0011
rev_23542,0.9959
rev_23543,0.0014
rev_23544,0.9687
rev_23545,0.0007
rev_23546,0.9538
rev_23547,0.0026
rev_23548,0.9878
rev_23549,0.0002
rev_23550,0.9997
rev_23551,0.0001
rev_23552,0.9943
rev_23553,0.0004
rev_23554,0.9993
rev_23555,0.0045
rev_23556,0.1439
rev_23557,0.0058
rev_23558,0.993
rev_23559,0.0026
rev_23560,0.9967
rev_23561,0.0015
rev_23562,0.9721
rev_23563,0.0001
rev_23564,0.9994
rev_23565,0.0057
rev_23566,0.9965
rev_23567,0.0009
rev_23568,1.0
rev_23569,0.0
rev_23570,0.9877
rev_23571,0.001
rev_23572,0.9976
rev_23573,0.0157
rev_23574,1.0
rev_23575,0.0003
rev_23576,0.9975
rev_23577,0.0
rev_23578,0.9999
rev_23579,0.0003
rev_23580,0.9861
rev_23581,0.0002
rev_23582,0.9934
rev_23583,0.0002
rev_23584,0.9822
rev_23585,0.0002
rev_23586,0.959
rev_23587,0.0581
rev_23588,0.9819
rev_23589,0.0
rev_23590,0.9973
rev_23591,0.0099
rev_23592,0.9918
rev_23593,0.0008
rev_23594,0.9969
rev_23595,0.0023
rev_23596,0.9711
rev_23597,0.0009
rev_23598,0.9748
rev_23599,0.0137
rev_23600,0.9991
rev_23601,0.0002
rev_23602,0.9957
rev_23603,0.0223
rev_23604,0.7323
rev_23605,0.0002
rev_23606,0.9991
rev_23607,0.0031
rev_23608,0.9979
rev_23609,0.0
rev_23610,0.7821
rev_23611,0.0001
rev_23612,0.9946
rev_23613,0.0036
rev_23614,0.9959
rev_23615,0.0
rev_23616,0.999
rev_23617,0.0
rev_23618,0.933
rev_23619,0.0002
rev_23620,0.9927
rev_23621,0.0
rev_23622,0.6701
rev_23623,0.0003
rev_23624,0.9908
rev_23625,0.0002
rev_23626,0.9526
rev_23627,0.0043
rev_23628,0.9994
rev_23629,0.0321
rev_23630,0.9998
rev_23631,0.0
rev_23632,0.9985
rev_23633,0.0009
rev_23634,0.9865
rev_23635,0.0001
rev_23636,0.9964
rev_23637,0.0004
rev_23638,0.9992
rev_23639,0.0013
rev_23640,0.9999
rev_23641,0.0001
rev_23642,0.9986
rev_23643,0.0003
rev_23644,0.9999
rev_23645,0.0001
rev_23646,0.9998
rev_23647,0.0017
rev_23648,0.9997
rev_23649,0.0
rev_23650,0.9916
rev_23651,0.0011
rev_23652,0.8669
rev_23653,0.0001
rev_23654,0.9968
rev_23655,0.0331
rev_23656,0.9991
rev_23657,0.0
rev_23658,0.9994
rev_23659,0.0
rev_23660,0.9973
rev_23661,0.0028
rev_23662,0.9726
rev_23663,0.0009
rev_23664,0.9994
rev_23665,0.0001
rev_23666,0.9967
rev_23667,0.0
rev_23668,0.9923
rev_23669,0.0014
rev_23670,0.9973
rev_23671,0.0009
rev_23672,0.9986
rev_23673,0.0001
rev_23674,0.9994
rev_23675,0.0002
rev_23676,0.9949
rev_23677,0.0002
rev_23678,0.9961
rev_23679,0.0008
rev_23680,0.8066
rev_23681,0.0001
rev_23682,0.995
rev_23683,0.027
rev_23684,0.8556
rev_23685,0.9893
rev_23686,0.995
rev_23687,0.7607
rev_23688,0.9921
rev_23689,0.9954
rev_23690,0.9343
rev_23691,0.626
rev_23692,0.9271
rev_23693,0.9532
rev_23694,0.999
rev_23695,0.9924
rev_23696,0.4246
rev_23697,0.9934
rev_23698,0.9988
rev_23699,0.0178
rev_23700,0.0061
rev_23701,0.0043
rev_23702,0.0633
rev_23703,0.0879
rev_23704,0.1635
rev_23705,0.0563
rev_23706,0.1878
rev_23707,0.0379
rev_23708,0.3155
rev_23709,0.7228
rev_23710,0.1298
rev_23711,0.0222
rev_23712,0.2248
rev_23713,0.5321
rev_23714,0.9487
rev_23715,0.9945
rev_23716,0.9972
rev_23717,0.4973
rev_23718,0.6785
rev_23719,0.9175
rev_23720,0.9999
rev_23721,0.9912
rev_23722,0.7376
rev_23723,0.9926
rev_23724,1.0
rev_23725,0.9907
rev_23726,0.9517
rev_23727,0.0743
rev_23728,0.7937
rev_23729,0.25
rev_23730,0.1571
rev_23731,0.8188
rev_23732,0.2772
rev_23733,0.058
rev_23734,0.0486
rev_23735,0.0566
rev_23736,0.0926
rev_23737,0.3431
rev_23738,0.3619
rev_23739,0.0968
rev_23740,0.9999
rev_23741,0.5213
rev_23742,0.7631
rev_23743,0.9997
rev_23744,0.9998
rev_23745,0.1514
rev_23746,0.9996
rev_23747,0.8194
rev_23748,1.0
rev_23749,0.9447
rev_23750,0.9999
rev_23751,0.9847
rev_23752,0.9129
rev_23753,0.4913
rev_23754,0.0709
rev_23755,0.3099
rev_23756,0.0067
rev_23757,0.6921
rev_23758,0.3967
rev_23759,0.1007
rev_23760,0.4188
rev_23761,0.1061
rev_23762,0.2793
rev_23763,0.1224
rev_23764,0.1154
rev_23765,0.1799
rev_23766,0.9778
rev_23767,0.9854
rev_23768,0.6904
rev_23769,0.9829
rev_23770,0.5746
rev_23771,0.9825
rev_23772,0.684
rev_23773,0.9311
rev_23774,0.9998
rev_23775,0.9956
rev_23776,0.8813
rev_23777,0.9985
rev_23778,0.9913
rev_23779,0.8824
rev_23780,0.7794
rev_23781,0.2963
rev_23782,0.0124
rev_23783,0.6986
rev_23784,0.0195
rev_23785,0.0211
rev_23786,0.2706
rev_23787,0.084
rev_23788,0.0125
rev_23789,0.1142
rev_23790,0.2585
rev_23791,0.1281
rev_23792,0.9916
rev_23793,0.9754
rev_23794,0.9913
rev_23795,0.9885
rev_23796,0.29
rev_23797,0.1846
rev_23798,0.9943
rev_23799,0.9248
rev_23800,0.5334
rev_23801,0.9746
rev_23802,0.9944
rev_23803,0.9994
rev_23804,0.1299
rev_23805,0.0375
rev_23806,0.1076
rev_23807,0.0174
rev_23808,0.8785
rev_23809,0.0068
rev_23810,0.0147
rev_23811,0.7229
rev_23812,0.0365
rev_23813,0.01
rev_23814,0.852
rev_23815,0.0956
rev_23816,0.3716
rev_23817,0.0782
rev_23818,0.9918
rev_23819,0.9693
rev_23820,0.9021
rev_23821,0.9804
rev_23822,0.873
rev_23823,0.9828
rev_23824,0.8108
rev_23825,0.5017
rev_23826,0.7677
rev_23827,0.9968
rev_23828,0.7743
rev_23829,0.9842
rev_23830,0.0682
rev_23831,0.3149
rev_23832,0.1368
rev_23833,0.3702
rev_23834,0.4992
rev_23835,0.0568
rev_23836,0.863
rev_23837,0.0123
rev_23838,0.0756
rev_23839,0.2116
rev_23840,0.0189
rev_23841,0.0056
rev_23842,0.9939
rev_23843,0.981
rev_23844,0.4394
rev_23845,0.9838
rev_23846,0.9876
rev_23847,0.9974
rev_23848,0.7305
rev_23849,0.1362
rev_23850,0.5195
rev_23851,0.9977
rev_23852,0.8438
rev_23853,0.0683
rev_23854,0.0362
rev_23855,0.0395
rev_23856,0.0289
rev_23857,0.301
rev_23858,0.0131
rev_23859,0.0043
rev_23860,0.3798
rev_23861,0.6576
rev_23862,0.0185
rev_23863,0.4421
rev_23864,0.9861
rev_23865,0.9939
rev_23866,0.7056
rev_23867,0.9863
rev_23868,0.4546
rev_23869,0.9983
rev_23870,0.6833
rev_23871,0.4479
rev_23872,0.2095
rev_23873,0.9792
rev_23874,0.6762
rev_23875,0.4602
rev_23876,0.18
rev_23877,0.3174
rev_23878,0.1761
rev_23879,0.1152
rev_23880,0.0427
rev_23881,0.0257
rev_23882,0.1535
rev_23883,0.9628
rev_23884,0.0768
rev_23885,0.4809
rev_23886,0.9996
rev_23887,0.7712
rev_23888,0.3687
rev_23889,0.9942
rev_23890,0.9851
rev_23891,0.5557
rev_23892,0.7882
rev_23893,0.9687
rev_23894,0.9736
rev_23895,0.9592
rev_23896,0.9885
rev_23897,0.6895
rev_23898,0.2743
rev_23899,0.1834
rev_23900,0.0009
rev_23901,0.0327
rev_23902,0.2677
rev_23903,0.5361
rev_23904,0.2571
rev_23905,0.1445
rev_23906,0.0529
rev_23907,0.0221
rev_23908,0.4877
rev_23909,1.0
rev_23910,0.9492
rev_23911,0.8931
rev_23912,0.9928
rev_23913,0.9638
rev_23914,0.9433
rev_23915,0.0241
rev_23916,0.9354
rev_23917,0.4993
rev_23918,0.8922
rev_23919,0.9946
rev_23920,0.9976
rev_23921,0.7607
rev_23922,0.4976
rev_23923,0.0033
rev_23924,0.2271
rev_23925,0.4331
rev_23926,0.3227
rev_23927,0.0361
rev_23928,0.0043
rev_23929,0.2882
rev_23930,0.4334
rev_23931,0.0411
rev_23932,0.0289
rev_23933,0.58
rev_23934,0.1142
rev_23935,0.3879
rev_23936,0.9711
rev_23937,0.6562
rev_23938,0.9659
rev_23939,0.9897
rev_23940,0.9327
rev_23941,0.988
rev_23942,0.8866
rev_23943,0.9275
rev_23944,0.3087
rev_23945,0.8189
rev_23946,0.971
rev_23947,0.4564
rev_23948,0.9873
rev_23949,0.0921
rev_23950,0.9985
rev_23951,0.9933
rev_23952,0.8605
rev_23953,0.9996
rev_23954,0.8912
rev_23955,0.9136
rev_23956,0.5295
rev_23957,0.9726
rev_23958,0.9913
rev_23959,0.9179
rev_23960,0.8343
rev_23961,0.9495
rev_23962,0.9752
rev_23963,0.9994
rev_23964,0.6166
rev_23965,0.9896
rev_23966,0.1763
rev_23967,0.9157
rev_23968,0.999
rev_23969,0.9725
rev_23970,0.9918
rev_23971,0.8594
rev_23972,0.7765
rev_23973,0.9826
rev_23974,0.9342
rev_23975,0.8589
rev_23976,0.9986
rev_23977,0.991
rev_23978,0.998
rev_23979,0.6903
rev_23980,0.9855
rev_23981,0.9692
rev_23982,0.9559
rev_23983,0.2015
rev_23984,0.0905
rev_23985,0.5529
rev_23986,0.069
rev_23987,0.7696
rev_23988,0.0707
rev_23989,0.007
rev_23990,0.9543
rev_23991,0.014
rev_23992,0.0071
rev_23993,0.6846
rev_23994,0.0372
rev_23995,0.4986
rev_23996,0.579
rev_23997,0.0016
rev_23998,0.0505
rev_23999,0.2499
rev_24000,0.0416
rev_24001,0.0815
rev_24002,0.0846
rev_24003,0.0911
rev_24004,0.2097
rev_24005,0.3283
rev_24006,0.0901
rev_24007,0.0868
rev_24008,0.0035
rev_24009,0.0047
rev_24010,0.4045
rev_24011,0.0312
rev_24012,0.1519
rev_24013,0.4613
rev_24014,0.0336
rev_24015,0.0538
rev_24016,0.064
rev_24017,0.1716
rev_24018,0.7414
rev_24019,0.0013
rev_24020,0.0498
rev_24021,0.6393
rev_24022,0.1795
rev_24023,0.0104
rev_24024,0.0074
rev_24025,0.5448
rev_24026,0.9905
rev_24027,0.0029
rev_24028,0.054
rev_24029,0.0066
rev_24030,0.9736
rev_24031,0.9854
rev_24032,0.999
rev_24033,0.9503
rev_24034,0.9975
rev_24035,0.1691
rev_24036,0.8209
rev_24037,0.5989
rev_24038,0.3313
rev_24039,0.0976
rev_24040,0.6784
rev_24041,0.9978
rev_24042,0.9864
rev_24043,0.5553
rev_24044,0.8983
rev_24045,0.9624
rev_24046,0.9989
rev_24047,0.989
rev_24048,0.9213
rev_24049,0.9192
rev_24050,0.7459
rev_24051,0.9761
rev_24052,0.8828
rev_24053,0.9847
rev_24054,0.999
rev_24055,0.9798
rev_24056,0.462
rev_24057,0.6578
rev_24058,0.9317
rev_24059,0.996
rev_24060,0.923
rev_24061,0.7513
rev_24062,0.9989
rev_24063,0.9646
rev_24064,0.9693
rev_24065,0.9773
rev_24066,0.9185
rev_24067,0.903
rev_24068,0.3299
rev_24069,0.9957
rev_24070,0.9964
rev_24071,0.9668
rev_24072,0.9897
rev_24073,0.9916
rev_24074,0.7725
rev_24075,0.8769
rev_24076,0.9619
rev_24077,0.4255
rev_24078,0.9975
rev_24079,0.4731
rev_24080,0.0179
rev_24081,0.1131
rev_24082,0.109
rev_24083,0.0521
rev_24084,0.1122
rev_24085,0.0407
rev_24086,0.1376
rev_24087,0.3423
rev_24088,0.4688
rev_24089,0.4876
rev_24090,0.1544
rev_24091,0.0549
rev_24092,0.3156
rev_24093,0.4964
rev_24094,0.0248
rev_24095,0.0701
rev_24096,0.0459
rev_24097,0.053
rev_24098,0.0142
rev_24099,0.6107
rev_24100,0.1396
rev_24101,0.6209
rev_24102,0.0638
rev_24103,0.0147
rev_24104,0.7002
rev_24105,0.4917
rev_24106,0.2157
rev_24107,0.0349
rev_24108,0.9251
rev_24109,0.259
rev_24110,0.6431
rev_24111,0.9572
rev_24112,0.0608
rev_24113,0.2508
rev_24114,0.1875
rev_24115,0.3207
rev_24116,0.0239
rev_24117,0.1591
rev_24118,0.6469
rev_24119,0.1986
rev_24120,0.7932
rev_24121,0.1203
rev_24122,0.1685
rev_24123,0.13
rev_24124,0.0035
rev_24125,0.9139
rev_24126,0.5325
rev_24127,0.0037
rev_24128,0.0847
rev_24129,0.0939
rev_24130,0.9992
rev_24131,0.7539
rev_24132,0.7729
rev_24133,0.9021
rev_24134,0.9507
rev_24135,0.1355
rev_24136,0.7814
rev_24137,1.0
rev_24138,0.8787
rev_24139,0.9899
rev_24140,0.3549
rev_24141,0.9971
rev_24142,0.9975
rev_24143,0.9832
rev_24144,0.9815
rev_24145,0.9556
rev_24146,0.9976
rev_24147,0.7861
rev_24148,0.9623
rev_24149,0.996
rev_24150,0.9989
rev_24151,0.9849
rev_24152,0.9812
rev_24153,0.8033
rev_24154,0.9565
rev_24155,0.4701
rev_24156,0.9991
rev_24157,0.9975
rev_24158,0.2837
rev_24159,0.9635
rev_24160,0.9848
rev_24161,0.9789
rev_24162,0.8847
rev_24163,0.6223
rev_24164,0.8785
rev_24165,0.9997
rev_24166,0.639
rev_24167,0.917
rev_24168,0.8412
rev_24169,0.9956
rev_24170,0.999
rev_24171,0.9996
rev_24172,0.9984
rev_24173,0.9589
rev_24174,0.8865
rev_24175,0.9116
rev_24176,1.0
rev_24177,0.7977
rev_24178,0.6027
rev_24179,0.9912
rev_24180,0.8838
rev_24181,0.9646
rev_24182,0.9973
rev_24183,0.0024
rev_24184,0.5269
rev_24185,0.9783
rev_24186,0.1014
rev_24187,0.3824
rev_24188,0.0607
rev_24189,0.0877
rev_24190,0.0393
rev_24191,0.3138
rev_24192,0.0597
rev_24193,0.5153
rev_24194,0.7841
rev_24195,0.194
rev_24196,0.0195
rev_24197,0.0888
rev_24198,0.1982
rev_24199,0.0095
rev_24200,0.8391
rev_24201,0.0052
rev_24202,0.1802
rev_24203,0.686
rev_24204,0.0103
rev_24205,0.1764
rev_24206,0.0512
rev_24207,0.3015
rev_24208,0.0195
rev_24209,0.2755
rev_24210,0.1272
rev_24211,0.016
rev_24212,0.1949
rev_24213,0.0313
rev_24214,0.016
rev_24215,0.0805
rev_24216,0.2805
rev_24217,0.0565
rev_24218,0.0011
rev_24219,0.0078
rev_24220,0.0267
rev_24221,0.2905
rev_24222,0.0187
rev_24223,0.7837
rev_24224,0.0997
rev_24225,0.6892
rev_24226,0.935
rev_24227,0.2128
rev_24228,0.8652
rev_24229,0.0122
rev_24230,0.9764
rev_24231,0.6205
rev_24232,0.4478
rev_24233,0.8027
rev_24234,0.0039
rev_24235,0.6554
rev_24236,0.6715
rev_24237,0.9954
rev_24238,0.8621
rev_24239,0.9618
rev_24240,0.9539
rev_24241,0.9209
rev_24242,0.9869
rev_24243,0.172
rev_24244,0.9486
rev_24245,0.8269
rev_24246,0.9918
rev_24247,0.9971
rev_24248,0.9975
rev_24249,0.0462
rev_24250,0.9483
rev_24251,0.8908
rev_24252,0.8129
rev_24253,0.5775
rev_24254,0.8294
rev_24255,0.9963
rev_24256,0.998
rev_24257,0.9709
rev_24258,0.8841
rev_24259,0.6814
rev_24260,0.7695
rev_24261,0.5755
rev_24262,0.9821
rev_24263,0.9749
rev_24264,0.9763
rev_24265,0.9995
rev_24266,0.9508
rev_24267,0.9929
rev_24268,0.8996
rev_24269,0.9903
rev_24270,0.8297
rev_24271,0.9915
rev_24272,0.9954
rev_24273,0.9772
rev_24274,0.9973
rev_24275,0.9992
rev_24276,0.9961
rev_24277,0.7183
rev_24278,0.9273
rev_24279,0.9675
rev_24280,0.3359
rev_24281,0.9754
rev_24282,0.9985
rev_24283,0.9984
rev_24284,0.9955
rev_24285,0.1369
rev_24286,0.8376
rev_24287,0.7966
rev_24288,0.1037
rev_24289,0.0692
rev_24290,0.6118
rev_24291,0.2816
rev_24292,0.3677
rev_24293,0.3674
rev_24294,0.8143
rev_24295,0.0371
rev_24296,0.0337
rev_24297,0.1256
rev_24298,0.2494
rev_24299,0.9718
rev_24300,0.8753
rev_24301,0.0294
rev_24302,0.1275
rev_24303,0.201
rev_24304,0.8231
rev_24305,0.0088
rev_24306,0.9718
rev_24307,0.0665
rev_24308,0.1813
rev_24309,0.8435
rev_24310,0.0011
rev_24311,0.028
rev_24312,0.0523
rev_24313,0.5596
rev_24314,0.0022
rev_24315,0.0068
rev_24316,0.0185
rev_24317,0.8989
rev_24318,0.0365
rev_24319,0.0387
rev_24320,0.0025
rev_24321,0.7244
rev_24322,0.0945
rev_24323,0.2559
rev_24324,0.0088
rev_24325,0.155
rev_24326,0.1815
rev_24327,0.0703
rev_24328,0.3136
rev_24329,0.0131
rev_24330,0.0062
rev_24331,0.0544
rev_24332,0.1148
rev_24333,0.0111
rev_24334,0.986
rev_24335,0.999
rev_24336,0.9788
rev_24337,0.9736
rev_24338,0.8983
rev_24339,0.9989
rev_24340,0.8388
rev_24341,0.9811
rev_24342,0.9983
rev_24343,0.8146
rev_24344,0.8186
rev_24345,0.9715
rev_24346,0.9853
rev_24347,0.9952
rev_24348,0.9813
rev_24349,0.8981
rev_24350,0.2149
rev_24351,0.9565
rev_24352,0.9833
rev_24353,0.9746
rev_24354,0.9996
rev_24355,0.9848
rev_24356,0.9487
rev_24357,0.7527
rev_24358,0.9952
rev_24359,0.9945
rev_24360,0.9717
rev_24361,0.9812
rev_24362,0.9996
rev_24363,0.8569
rev_24364,0.9954
rev_24365,0.9994
rev_24366,0.9997
rev_24367,0.8849
rev_24368,0.9979
rev_24369,0.5347
rev_24370,0.9966
rev_24371,0.3364
rev_24372,0.8976
rev_24373,0.9838
rev_24374,0.7846
rev_24375,0.9883
rev_24376,0.9987
rev_24377,0.9505
rev_24378,0.9579
rev_24379,0.9956
rev_24380,0.9227
rev_24381,0.9998
rev_24382,0.1282
rev_24383,0.0307
rev_24384,0.356
rev_24385,0.0587
rev_24386,0.0584
rev_24387,0.6472
rev_24388,0.3661
rev_24389,0.6593
rev_24390,0.013
rev_24391,0.0023
rev_24392,0.0232
rev_24393,0.1404
rev_24394,0.5705
rev_24395,0.1924
rev_24396,0.0704
rev_24397,0.025
rev_24398,0.2957
rev_24399,0.0542
rev_24400,0.3337
rev_24401,0.065
rev_24402,0.0907
rev_24403,0.0483
rev_24404,0.1337
rev_24405,0.0526
rev_24406,0.6831
rev_24407,0.0096
rev_24408,0.008
rev_24409,0.0561
rev_24410,0.0159
rev_24411,0.0105
rev_24412,0.7751
rev_24413,0.0038
rev_24414,0.0621
rev_24415,0.116
rev_24416,0.0346
rev_24417,0.0028
rev_24418,0.0132
rev_24419,0.0113
rev_24420,0.0368
rev_24421,0.0056
rev_24422,0.3887
rev_24423,0.0058
rev_24424,0.0869
rev_24425,0.2271
rev_24426,0.2034
rev_24427,0.0316
rev_24428,0.0086
rev_24429,0.1373
rev_24430,0.5379
rev_24431,0.802
rev_24432,0.9837
rev_24433,0.9996
rev_24434,0.9346
rev_24435,0.927
rev_24436,0.564
rev_24437,0.9927
rev_24438,0.9998
rev_24439,0.1231
rev_24440,0.7051
rev_24441,0.9315
rev_24442,0.9853
rev_24443,0.9982
rev_24444,0.9975
rev_24445,0.9987
rev_24446,0.4001
rev_24447,0.9824
rev_24448,0.9723
rev_24449,0.9986
rev_24450,0.9981
rev_24451,0.8983
rev_24452,0.9059
rev_24453,0.9982
rev_24454,0.9721
rev_24455,0.9899
rev_24456,0.9738
rev_24457,0.9992
rev_24458,0.9945
rev_24459,0.9972
rev_24460,0.9824
rev_24461,0.8386
rev_24462,0.2663
rev_24463,0.9709
rev_24464,0.9992
rev_24465,0.859
rev_24466,0.1768
rev_24467,0.7495
rev_24468,0.9833
rev_24469,0.9921
rev_24470,0.9928
rev_24471,0.9886
rev_24472,0.9911
rev_24473,0.1007
rev_24474,0.0561
rev_24475,0.2723
rev_24476,0.9699
rev_24477,0.0096
rev_24478,0.1761
rev_24479,0.305
rev_24480,0.2806
rev_24481,0.0499
rev_24482,0.1258
rev_24483,0.002
rev_24484,0.0461
rev_24485,0.9666
rev_24486,0.0277
rev_24487,0.911
rev_24488,0.024
rev_24489,0.0744
rev_24490,0.0026
rev_24491,0.1209
rev_24492,0.093
rev_24493,0.1879
rev_24494,0.7957
rev_24495,0.0029
rev_24496,0.0108
rev_24497,0.0994
rev_24498,0.0194
rev_24499,0.0097
rev_24500,0.3023
rev_24501,0.2944
rev_24502,0.192
rev_24503,0.5011
rev_24504,0.1418
rev_24505,0.0123
rev_24506,0.3638
rev_24507,0.7009
rev_24508,0.0874
rev_24509,0.1341
rev_24510,0.3424
rev_24511,0.2668
rev_24512,0.1237
rev_24513,0.013
rev_24514,0.0035
rev_24515,0.0126
rev_24516,0.9232
rev_24517,0.422
rev_24518,0.8116
rev_24519,0.9894
rev_24520,0.9897
rev_24521,0.8731
rev_24522,0.9955
rev_24523,0.9637
rev_24524,0.6369
rev_24525,0.9986
rev_24526,0.9482
rev_24527,0.9265
rev_24528,0.9616
rev_24529,0.997
rev_24530,0.8447
rev_24531,0.9695
rev_24532,0.9997
rev_24533,0.9687
rev_24534,0.8314
rev_24535,0.9348
rev_24536,0.9841
rev_24537,0.9029
rev_24538,0.9844
rev_24539,0.9938
rev_24540,0.9978
rev_24541,0.8881
rev_24542,0.9985
rev_24543,0.8638
rev_24544,0.951
rev_24545,0.9222
rev_24546,0.8247
rev_24547,0.9861
rev_24548,0.6124
rev_24549,0.4165
rev_24550,0.9974
rev_24551,0.6578
rev_24552,0.9956
rev_24553,0.6483
rev_24554,0.9493
rev_24555,0.9716
rev_24556,0.9953
rev_24557,0.0113
rev_24558,0.2076
rev_24559,0.3296
rev_24560,0.0612
rev_24561,0.486
rev_24562,0.0205
rev_24563,0.5546
rev_24564,0.12
rev_24565,0.1884
rev_24566,0.5061
rev_24567,0.4029
rev_24568,0.1002
rev_24569,0.0309
rev_24570,0.1909
rev_24571,0.0674
rev_24572,0.1351
rev_24573,0.4045
rev_24574,0.1228
rev_24575,0.0681
rev_24576,0.2896
rev_24577,0.1332
rev_24578,0.2933
rev_24579,0.0432
rev_24580,0.001
rev_24581,0.3181
rev_24582,0.0196
rev_24583,0.4989
rev_24584,0.2103
rev_24585,0.0368
rev_24586,0.0029
rev_24587,0.0249
rev_24588,0.6652
rev_24589,0.0492
rev_24590,0.0041
rev_24591,0.0288
rev_24592,0.0592
rev_24593,0.3199
rev_24594,0.3925
rev_24595,0.0505
rev_24596,0.1865
rev_24597,0.5685
rev_24598,0.9806
rev_24599,0.99
rev_24600,0.8701
rev_24601,0.9516
rev_24602,0.9928
rev_24603,0.4631
rev_24604,0.276
rev_24605,0.999
rev_24606,0.7325
rev_24607,0.9969
rev_24608,0.9348
rev_24609,0.4849
rev_24610,0.9739
rev_24611,0.0664
rev_24612,0.9993
rev_24613,0.9963
rev_24614,0.998
rev_24615,0.9985
rev_24616,0.6901
rev_24617,0.9956
rev_24618,0.9886
rev_24619,0.9978
rev_24620,0.8347
rev_24621,0.8584
rev_24622,0.9993
rev_24623,0.4033
rev_24624,0.1394
rev_24625,0.9998
rev_24626,0.9832
rev_24627,0.9936
rev_24628,0.9997
rev_24629,0.9037
rev_24630,0.9954
rev_24631,0.9994
rev_24632,0.9978
rev_24633,1.0
rev_24634,0.9887
rev_24635,0.993
rev_24636,0.5915
rev_24637,0.395
rev_24638,0.2539
rev_24639,0.3108
rev_24640,0.7898
rev_24641,0.0446
rev_24642,0.7799
rev_24643,0.6944
rev_24644,0.2885
rev_24645,0.088
rev_24646,0.0008
rev_24647,0.9174
rev_24648,0.3683
rev_24649,0.451
rev_24650,0.3975
rev_24651,0.1362
rev_24652,0.0058
rev_24653,0.0609
rev_24654,0.554
rev_24655,0.7174
rev_24656,0.0197
rev_24657,0.0128
rev_24658,0.0007
rev_24659,0.0335
rev_24660,0.0642
rev_24661,0.0474
rev_24662,0.0191
rev_24663,0.9763
rev_24664,0.0179
rev_24665,0.1302
rev_24666,0.7231
rev_24667,0.2204
rev_24668,0.0083
rev_24669,0.7493
rev_24670,0.0732
rev_24671,0.1581
rev_24672,0.6323
rev_24673,0.0124
rev_24674,0.9929
rev_24675,0.9201
rev_24676,0.9981
rev_24677,0.9982
rev_24678,0.7856
rev_24679,0.9992
rev_24680,0.96
rev_24681,0.9987
rev_24682,0.8374
rev_24683,0.9603
rev_24684,0.9992
rev_24685,0.9895
rev_24686,0.999
rev_24687,0.794
rev_24688,0.9995
rev_24689,0.9925
rev_24690,0.7784
rev_24691,0.999
rev_24692,0.9872
rev_24693,0.9926
rev_24694,0.9998
rev_24695,0.9255
rev_24696,0.9387
rev_24697,0.9947
rev_24698,0.994
rev_24699,0.9948
rev_24700,0.9724
rev_24701,0.7678
rev_24702,0.9737
rev_24703,0.9404
rev_24704,0.9993
rev_24705,0.9989
rev_24706,0.9638
rev_24707,0.9954
rev_24708,0.998
rev_24709,0.995
rev_24710,0.0197
rev_24711,0.2041
rev_24712,0.0327
rev_24713,0.5816
rev_24714,0.8414
rev_24715,0.1471
rev_24716,0.0226
rev_24717,0.0683
rev_24718,0.0083
rev_24719,0.0137
rev_24720,0.0657
rev_24721,0.015
rev_24722,0.0902
rev_24723,0.0132
rev_24724,0.2288
rev_24725,0.3047
rev_24726,0.1441
rev_24727,0.001
rev_24728,0.0408
rev_24729,0.3566
rev_24730,0.0001
rev_24731,0.0366
rev_24732,0.088
rev_24733,0.048
rev_24734,0.0063
rev_24735,0.0119
rev_24736,0.0403
rev_24737,0.3974
rev_24738,0.114
rev_24739,0.035
rev_24740,0.2148
rev_24741,0.5022
rev_24742,0.001
rev_24743,0.1204
rev_24744,0.0355
rev_24745,0.0064
rev_24746,0.8224
rev_24747,0.9998
rev_24748,0.9954
rev_24749,0.9366
rev_24750,0.9962
rev_24751,0.8074
rev_24752,0.9988
rev_24753,0.9454
rev_24754,0.8483
rev_24755,0.9208
rev_24756,0.9876
rev_24757,0.9998
rev_24758,0.9937
rev_24759,0.9999
rev_24760,0.9954
rev_24761,0.9813
rev_24762,0.7947
rev_24763,0.9543
rev_24764,0.9821
rev_24765,0.9993
rev_24766,0.7859
rev_24767,0.9836
rev_24768,0.9964
rev_24769,0.9108
rev_24770,0.9213
rev_24771,0.9918
rev_24772,0.9862
rev_24773,0.7392
rev_24774,0.9912
rev_24775,0.3536
rev_24776,0.998
rev_24777,0.9105
rev_24778,0.996
rev_24779,0.049
rev_24780,0.0054
rev_24781,0.3296
rev_24782,0.1325
rev_24783,0.0107
rev_24784,0.0031
rev_24785,0.1556
rev_24786,0.088
rev_24787,0.0078
rev_24788,0.3634
rev_24789,0.2395
rev_24790,0.0026
rev_24791,0.0632
rev_24792,0.0385
rev_24793,0.0538
rev_24794,0.0186
rev_24795,0.1184
rev_24796,0.3688
rev_24797,0.0256
rev_24798,0.1162
rev_24799,0.1697
rev_24800,0.6486
rev_24801,0.0286
rev_24802,0.2221
rev_24803,0.0529
rev_24804,0.0338
rev_24805,0.0318
rev_24806,0.0072
rev_24807,0.1002
rev_24808,0.2351
rev_24809,0.6626
rev_24810,0.4889
rev_24811,0.0019
rev_24812,0.9841
rev_24813,0.3437
rev_24814,0.9987
rev_24815,0.9489
rev_24816,0.9949
rev_24817,0.4267
rev_24818,0.9477
rev_24819,0.9974
rev_24820,0.9995
rev_24821,0.999
rev_24822,0.9955
rev_24823,0.9971
rev_24824,0.8999
rev_24825,0.9982
rev_24826,0.9925
rev_24827,0.9566
rev_24828,0.9748
rev_24829,0.8267
rev_24830,0.9991
rev_24831,0.9957
rev_24832,0.9949
rev_24833,0.9981
rev_24834,0.9248
rev_24835,0.9873
rev_24836,0.9661
rev_24837,0.9718
rev_24838,0.9881
rev_24839,0.9966
rev_24840,0.9994
rev_24841,0.9989
rev_24842,0.9815
rev_24843,0.0027
rev_24844,0.0133
rev_24845,0.6459
rev_24846,0.2944
rev_24847,0.1116
rev_24848,0.0327
rev_24849,0.1734
rev_24850,0.1496
rev_24851,0.5041
rev_24852,0.2234
rev_24853,0.0144
rev_24854,0.8632
rev_24855,0.0123
rev_24856,0.2949
rev_24857,0.004
rev_24858,0.0164
rev_24859,0.0152
rev_24860,0.0835
rev_24861,0.2851
rev_24862,0.6986
rev_24863,0.0421
rev_24864,0.0781
rev_24865,0.0961
rev_24866,0.0605
rev_24867,0.1596
rev_24868,0.0267
rev_24869,0.6996
rev_24870,0.0047
rev_24871,0.1633
rev_24872,0.3742
rev_24873,0.1353
rev_24874,0.6596
rev_24875,0.9975
rev_24876,0.9729
rev_24877,0.9905
rev_24878,0.594
rev_24879,0.9989
rev_24880,0.6534
rev_24881,0.8978
rev_24882,0.862
rev_24883,0.9682
rev_24884,1.0
rev_24885,0.9818
rev_24886,0.2659
rev_24887,0.9962
rev_24888,0.9238
rev_24889,0.8704
rev_24890,0.9991
rev_24891,0.9991
rev_24892,0.9407
rev_24893,0.9722
rev_24894,0.9999
rev_24895,0.9972
rev_24896,0.9981
rev_24897,0.7595
rev_24898,0.9988
rev_24899,0.9896
rev_24900,0.8385
rev_24901,0.4869
rev_24902,0.9558
rev_24903,0.997
rev_24904,0.9974
rev_24905,0.9939
rev_24906,0.003
rev_24907,0.0191
rev_24908,0.0531
rev_24909,0.0996
rev_24910,0.8357
rev_24911,0.0442
rev_24912,0.0032
rev_24913,0.1638
rev_24914,0.0154
rev_24915,0.0254
rev_24916,0.0207
rev_24917,0.7348
rev_24918,0.044
rev_24919,0.0227
rev_24920,0.1579
rev_24921,0.9295
rev_24922,0.0176
rev_24923,0.0325
rev_24924,0.069
rev_24925,0.5037
rev_24926,0.7765
rev_24927,0.5635
rev_24928,0.0881
rev_24929,0.0172
rev_24930,0.8405
rev_24931,0.0995
rev_24932,0.0501
rev_24933,0.1208
rev_24934,0.0645
rev_24935,0.1141
rev_24936,0.0975
rev_24937,0.0004
rev_24938,0.9966
rev_24939,0.9994
rev_24940,0.2751
rev_24941,0.9962
rev_24942,0.3042
rev_24943,0.9954
rev_24944,0.9543
rev_24945,0.6871
rev_24946,0.9998
rev_24947,0.9916
rev_24948,0.9997
rev_24949,0.9993
rev_24950,0.9833
rev_24951,0.2917
rev_24952,0.9937
rev_24953,0.9832
rev_24954,0.769
rev_24955,0.9988
rev_24956,0.9958
rev_24957,0.9887
rev_24958,0.2037
rev_24959,0.9999
rev_24960,0.9844
rev_24961,0.9968
rev_24962,0.8689
rev_24963,0.9996
rev_24964,0.9108
rev_24965,0.9739
rev_24966,0.9978
rev_24967,0.8816
rev_24968,0.9951
rev_24969,0.0918
rev_24970,0.2715
rev_24971,0.0028
rev_24972,0.0038
rev_24973,0.088
rev_24974,0.7542
rev_24975,0.1099
rev_24976,0.9661
rev_24977,0.0072
rev_24978,0.1091
rev_24979,0.1441
rev_24980,0.063
rev_24981,0.0439
rev_24982,0.1774
rev_24983,0.6859
rev_24984,0.0009
rev_24985,0.473
rev_24986,0.0648
rev_24987,0.0151
rev_24988,0.0277
rev_24989,0.0673
rev_24990,0.2791
rev_24991,0.0555
rev_24992,0.0381
rev_24993,0.0013
rev_24994,0.2426
rev_24995,0.4291
rev_24996,0.2828
rev_24997,0.1832
rev_24998,0.011
rev_24999,0.4154
rev_25000,0.941
rev_25001,0.9979
rev_25002,0.1656
rev_25003,0.9995
rev_25004,0.9818
rev_25005,0.9995
rev_25006,0.9998
rev_25007,0.9982
rev_25008,0.9974
rev_25009,0.9976
rev_25010,0.9952
rev_25011,0.8983
rev_25012,0.8934
rev_25013,0.9997
rev_25014,0.9905
rev_25015,0.5801
rev_25016,0.9843
rev_25017,0.9982
rev_25018,0.9955
rev_25019,0.9998
rev_25020,0.9688
rev_25021,0.9272
rev_25022,0.9648
rev_25023,0.9991
rev_25024,0.8378
rev_25025,0.6736
rev_25026,0.9984
rev_25027,0.9862
rev_25028,0.9922
rev_25029,0.5132
rev_25030,0.2576
rev_25031,0.0072
rev_25032,0.0403
rev_25033,0.2566
rev_25034,0.3274
rev_25035,0.0399
rev_25036,0.076
rev_25037,0.0295
rev_25038,0.0474
rev_25039,0.0764
rev_25040,0.0489
rev_25041,0.694
rev_25042,0.0795
rev_25043,0.0361
rev_25044,0.0011
rev_25045,0.2267
rev_25046,0.0244
rev_25047,0.1265
rev_25048,0.046
rev_25049,0.2072
rev_25050,0.2053
rev_25051,0.9352
rev_25052,0.0328
rev_25053,0.0751
rev_25054,0.0696
rev_25055,0.7959
rev_25056,0.7855
rev_25057,0.1411
rev_25058,0.9624
rev_25059,0.9677
rev_25060,0.3117
rev_25061,0.9337
rev_25062,0.9937
rev_25063,0.9997
rev_25064,0.8792
rev_25065,0.9999
rev_25066,0.9993
rev_25067,0.9969
rev_25068,0.9612
rev_25069,0.7358
rev_25070,0.9977
rev_25071,0.8799
rev_25072,0.9994
rev_25073,0.9464
rev_25074,0.9945
rev_25075,0.9987
rev_25076,0.9924
rev_25077,0.6426
rev_25078,0.9715
rev_25079,0.9952
rev_25080,0.9562
rev_25081,0.9714
rev_25082,0.9985
rev_25083,0.9929
rev_25084,0.9595
rev_25085,0.9791
rev_25086,0.9885
rev_25087,0.0469
rev_25088,0.0017
rev_25089,0.0909
rev_25090,0.0193
rev_25091,0.0425
rev_25092,0.0049
rev_25093,0.0347
rev_25094,0.0044
rev_25095,0.0744
rev_25096,0.7704
rev_25097,0.298
rev_25098,0.0312
rev_25099,0.2452
rev_25100,0.8158
rev_25101,0.0195
rev_25102,0.0498
rev_25103,0.7012
rev_25104,0.0037
rev_25105,0.3443
rev_25106,0.3284
rev_25107,0.2464
rev_25108,0.0018
rev_25109,0.0025
rev_25110,0.0478
rev_25111,0.0076
rev_25112,0.0057
rev_25113,0.2408
rev_25114,0.0806
rev_25115,0.0376
rev_25116,0.9688
rev_25117,0.9992
rev_25118,0.9945
rev_25119,0.9755
rev_25120,0.9948
rev_25121,0.9961
rev_25122,0.9995
rev_25123,0.1509
rev_25124,0.9967
rev_25125,0.999
rev_25126,0.9973
rev_25127,0.9967
rev_25128,0.9998
rev_25129,0.9556
rev_25130,0.9984
rev_25131,0.9999
rev_25132,0.9956
rev_25133,0.5684
rev_25134,0.7725
rev_25135,0.9997
rev_25136,0.9711
rev_25137,0.6169
rev_25138,0.9895
rev_25139,0.9988
rev_25140,0.9425
rev_25141,0.9987
rev_25142,0.7889
rev_25143,0.9995
rev_25144,0.1946
rev_25145,0.1481
rev_25146,0.0023
rev_25147,0.8945
rev_25148,0.2689
rev_25149,0.1281
rev_25150,0.0857
rev_25151,0.0869
rev_25152,0.0038
rev_25153,0.1125
rev_25154,0.6706
rev_25155,0.0153
rev_25156,0.0297
rev_25157,0.3011
rev_25158,0.0851
rev_25159,0.0015
rev_25160,0.1525
rev_25161,0.0265
rev_25162,0.0121
rev_25163,0.0506
rev_25164,0.0785
rev_25165,0.0539
rev_25166,0.6862
rev_25167,0.0684
rev_25168,0.1395
rev_25169,0.0219
rev_25170,0.0793
rev_25171,0.0464
rev_25172,0.9962
rev_25173,0.999
rev_25174,0.9937
rev_25175,0.9378
rev_25176,0.9943
rev_25177,0.3638
rev_25178,0.9111
rev_25179,0.9916
rev_25180,0.9925
rev_25181,0.9667
rev_25182,0.9516
rev_25183,0.988
rev_25184,0.9931
rev_25185,0.9206
rev_25186,0.9948
rev_25187,0.9915
rev_25188,0.5397
rev_25189,0.9933
rev_25190,0.8072
rev_25191,0.9632
rev_25192,0.9914
rev_25193,0.9908
rev_25194,0.9939
rev_25195,0.9977
rev_25196,0.9982
rev_25197,0.0056
rev_25198,0.0595
rev_25199,0.0078
rev_25200,0.0052
rev_25201,0.0942
rev_25202,0.6543
rev_25203,0.0223
rev_25204,0.0874
rev_25205,0.2517
rev_25206,0.3221
rev_25207,0.4081
rev_25208,0.0114
rev_25209,0.3979
rev_25210,0.0251
rev_25211,0.0278
rev_25212,0.2224
rev_25213,0.3256
rev_25214,0.0001
rev_25215,0.0124
rev_25216,0.0377
rev_25217,0.8679
rev_25218,0.0018
rev_25219,0.6298
rev_25220,0.0177
rev_25221,0.0354
rev_25222,0.9997
rev_25223,0.9867
rev_25224,0.8862
rev_25225,0.9994
rev_25226,0.9777
rev_25227,0.998
rev_25228,0.3013
rev_25229,0.9999
rev_25230,0.7496
rev_25231,0.9994
rev_25232,0.99
rev_25233,0.9929
rev_25234,0.9982
rev_25235,0.9991
rev_25236,0.9985
rev_25237,0.9998
rev_25238,0.9995
rev_25239,0.9965
rev_25240,0.9972
rev_25241,0.9994
rev_25242,0.9839
rev_25243,0.3256
rev_25244,0.9639
rev_25245,0.9647
rev_25246,0.831
rev_25247,0.9339
rev_25248,0.6258
rev_25249,0.4225
rev_25250,0.0074
rev_25251,0.4059
rev_25252,0.0694
rev_25253,0.0023
rev_25254,0.1232
rev_25255,0.0807
rev_25256,0.2675
rev_25257,0.0042
rev_25258,0.8061
rev_25259,0.0099
rev_25260,0.0018
rev_25261,0.3507
rev_25262,0.3736
rev_25263,0.0043
rev_25264,0.1206
rev_25265,0.016
rev_25266,0.9605
rev_25267,0.5488
rev_25268,0.3112
rev_25269,0.7652
rev_25270,0.0492
rev_25271,0.0154
rev_25272,0.0475
rev_25273,0.0087
rev_25274,0.6417
rev_25275,0.998
rev_25276,0.9984
rev_25277,0.9141
rev_25278,0.9971
rev_25279,0.9478
rev_25280,0.8427
rev_25281,0.9967
rev_25282,0.8485
rev_25283,0.7087
rev_25284,0.9993
rev_25285,0.9912
rev_25286,0.9895
rev_25287,0.9633
rev_25288,0.9897
rev_25289,0.9993
rev_25290,0.9951
rev_25291,0.9971
rev_25292,0.9876
rev_25293,0.9816
rev_25294,1.0
rev_25295,0.9948
rev_25296,0.893
rev_25297,0.9989
rev_25298,0.941
rev_25299,0.9545
rev_25300,0.0321
rev_25301,0.1067
rev_25302,0.0486
rev_25303,0.0028
rev_25304,0.0032
rev_25305,0.0706
rev_25306,0.3036
rev_25307,0.04
rev_25308,0.0226
rev_25309,0.1249
rev_25310,0.5663
rev_25311,0.0101
rev_25312,0.0723
rev_25313,0.0286
rev_25314,0.1003
rev_25315,0.0056
rev_25316,0.0272
rev_25317,0.0082
rev_25318,0.3312
rev_25319,0.151
rev_25320,0.2659
rev_25321,0.0569
rev_25322,0.7448
rev_25323,0.0266
rev_25324,0.9991
rev_25325,0.3547
rev_25326,0.7822
rev_25327,0.7617
rev_25328,0.9985
rev_25329,0.9988
rev_25330,0.9233
rev_25331,0.99
rev_25332,0.9995
rev_25333,0.9986
rev_25334,0.9909
rev_25335,0.8311
rev_25336,0.9795
rev_25337,0.9999
rev_25338,0.9937
rev_25339,0.1546
rev_25340,0.9882
rev_25341,0.9936
rev_25342,1.0
rev_25343,0.9994
rev_25344,0.9987
rev_25345,0.9975
rev_25346,0.8966
rev_25347,0.0363
rev_25348,0.0131
rev_25349,0.1246
rev_25350,0.7935
rev_25351,0.0638
rev_25352,0.0154
rev_25353,0.3092
rev_25354,0.5926
rev_25355,0.1279
rev_25356,0.1085
rev_25357,0.7348
rev_25358,0.0377
rev_25359,0.0451
rev_25360,0.7103
rev_25361,0.0029
rev_25362,0.0106
rev_25363,0.0128
rev_25364,0.1576
rev_25365,0.0114
rev_25366,0.1863
rev_25367,0.0175
rev_25368,0.0082
rev_25369,0.2199
rev_25370,0.9997
rev_25371,0.9389
rev_25372,0.9574
rev_25373,0.5166
rev_25374,0.9998
rev_25375,0.9699
rev_25376,0.9983
rev_25377,0.8557
rev_25378,0.9788
rev_25379,0.984
rev_25380,0.9877
rev_25381,0.7943
rev_25382,0.9921
rev_25383,0.9991
rev_25384,0.9996
rev_25385,0.9811
rev_25386,0.8542
rev_25387,0.9995
rev_25388,0.9991
rev_25389,0.9973
rev_25390,0.2767
rev_25391,0.4044
rev_25392,0.9829
rev_25393,0.1527
rev_25394,0.4258
rev_25395,0.028
rev_25396,0.0141
rev_25397,0.0321
rev_25398,0.1017
rev_25399,0.6623
rev_25400,0.9563
rev_25401,0.006
rev_25402,0.2261
rev_25403,0.0256
rev_25404,0.008
rev_25405,0.0696
rev_25406,0.0579
rev_25407,0.002
rev_25408,0.078
rev_25409,0.0076
rev_25410,0.068
rev_25411,0.0033
rev_25412,0.1382
rev_25413,0.0006
rev_25414,0.002
rev_25415,0.0574
rev_25416,0.9549
rev_25417,0.9984
rev_25418,0.9961
rev_25419,0.994
rev_25420,0.9939
rev_25421,0.9982
rev_25422,0.9992
rev_25423,0.9743
rev_25424,0.9734
rev_25425,0.8491
rev_25426,0.5448
rev_25427,0.9996
rev_25428,0.7414
rev_25429,0.9973
rev_25430,0.9705
rev_25431,0.9996
rev_25432,0.9978
rev_25433,0.9994
rev_25434,0.9986
rev_25435,0.982
rev_25436,0.9992
rev_25437,0.6176
rev_25438,0.0085
rev_25439,0.0067
rev_25440,0.0584
rev_25441,0.0011
rev_25442,0.0219
rev_25443,0.34
rev_25444,0.3986
rev_25445,0.0041
rev_25446,0.0922
rev_25447,0.0167
rev_25448,0.1152
rev_25449,0.1089
rev_25450,0.0221
rev_25451,0.0195
rev_25452,0.1158
rev_25453,0.0734
rev_25454,0.1009
rev_25455,0.7047
rev_25456,0.1181
rev_25457,0.0024
rev_25458,0.1398
rev_25459,0.0246
rev_25460,0.6549
rev_25461,0.62
rev_25462,0.0058
rev_25463,0.9807
rev_25464,0.9977
rev_25465,0.9947
rev_25466,0.774
rev_25467,0.9608
rev_25468,0.9921
rev_25469,0.8786
rev_25470,0.9995
rev_25471,0.9997
rev_25472,0.9999
rev_25473,0.9976
rev_25474,0.9987
rev_25475,0.999
rev_25476,0.9964
rev_25477,0.9813
rev_25478,0.9921
rev_25479,0.9744
rev_25480,0.7707
rev_25481,0.9949
rev_25482,0.9317
rev_25483,0.0275
rev_25484,0.0189
rev_25485,0.0002
rev_25486,0.2603
rev_25487,0.0451
rev_25488,0.0326
rev_25489,0.0174
rev_25490,0.0404
rev_25491,0.6007
rev_25492,0.1765
rev_25493,0.0051
rev_25494,0.0149
rev_25495,0.097
rev_25496,0.0021
rev_25497,0.0998
rev_25498,0.0892
rev_25499,0.0816
rev_25500,0.0599
rev_25501,0.1179
rev_25502,0.0179
rev_25503,0.011
rev_25504,0.0107
rev_25505,0.2868
rev_25506,0.9919
rev_25507,0.9659
rev_25508,0.9976
rev_25509,0.9999
rev_25510,0.9376
rev_25511,0.9997
rev_25512,0.9765
rev_25513,0.9147
rev_25514,0.9993
rev_25515,0.9785
rev_25516,0.9999
rev_25517,0.9986
rev_25518,0.9727
rev_25519,0.9888
rev_25520,0.9993
rev_25521,0.9069
rev_25522,0.9037
rev_25523,0.9696
rev_25524,0.9266
rev_25525,0.987
rev_25526,0.9997
rev_25527,0.9895
rev_25528,0.2251
rev_25529,0.133
rev_25530,0.1429
rev_25531,0.5526
rev_25532,0.0028
rev_25533,0.5022
rev_25534,0.0395
rev_25535,0.0176
rev_25536,0.0589
rev_25537,0.0012
rev_25538,0.0128
rev_25539,0.0174
rev_25540,0.3624
rev_25541,0.9887
rev_25542,0.0639
rev_25543,0.05
rev_25544,0.2348
rev_25545,0.1584
rev_25546,0.3331
rev_25547,0.039
rev_25548,0.0055
rev_25549,0.0041
rev_25550,0.9976
rev_25551,0.9993
rev_25552,0.8899
rev_25553,0.9894
rev_25554,0.9979
rev_25555,0.9909
rev_25556,0.819
rev_25557,0.8276
rev_25558,0.997
rev_25559,0.9979
rev_25560,0.9873
rev_25561,0.9907
rev_25562,0.9757
rev_25563,0.4458
rev_25564,0.9991
rev_25565,0.9967
rev_25566,0.9972
rev_25567,0.9996
rev_25568,0.9782
rev_25569,0.9993
rev_25570,0.9878
rev_25571,0.0004
rev_25572,0.1979
rev_25573,0.0268
rev_25574,0.6142
rev_25575,0.2864
rev_25576,0.1251
rev_25577,0.0608
rev_25578,0.7559
rev_25579,0.0439
rev_25580,0.0466
rev_25581,0.0009
rev_25582,0.1694
rev_25583,0.0049
rev_25584,0.1133
rev_25585,0.0068
rev_25586,0.1111
rev_25587,0.0024
rev_25588,0.1623
rev_25589,0.2556
rev_25590,0.0227
rev_25591,0.2344
rev_25592,0.9938
rev_25593,0.8466
rev_25594,0.8759
rev_25595,0.4157
rev_25596,0.9213
rev_25597,0.9779
rev_25598,0.9996
rev_25599,0.9934
rev_25600,0.9135
rev_25601,0.9725
rev_25602,0.9989
rev_25603,0.9999
rev_25604,0.9883
rev_25605,0.9961
rev_25606,0.9995
rev_25607,0.9982
rev_25608,0.9987
rev_25609,0.9861
rev_25610,0.9822
rev_25611,0.9974
rev_25612,1.0
rev_25613,0.9997
rev_25614,0.0207
rev_25615,0.1685
rev_25616,0.0162
rev_25617,0.0683
rev_25618,0.132
rev_25619,0.002
rev_25620,0.0071
rev_25621,0.6253
rev_25622,0.0314
rev_25623,0.0157
rev_25624,0.835
rev_25625,0.0145
rev_25626,0.0195
rev_25627,0.1315
rev_25628,0.2612
rev_25629,0.2663
rev_25630,0.1849
rev_25631,0.2944
rev_25632,0.0013
rev_25633,0.3285
rev_25634,0.0115
rev_25635,0.1115
rev_25636,0.9818
rev_25637,0.9988
rev_25638,0.9981
rev_25639,0.9995
rev_25640,0.716
rev_25641,0.5946
rev_25642,0.8535
rev_25643,0.9992
rev_25644,0.9821
rev_25645,0.9712
rev_25646,0.9166
rev_25647,0.9329
rev_25648,0.9971
rev_25649,0.9982
rev_25650,0.9781
rev_25651,0.9988
rev_25652,0.9091
rev_25653,0.9984
rev_25654,0.9872
rev_25655,0.0036
rev_25656,0.0887
rev_25657,0.0287
rev_25658,0.3441
rev_25659,0.0158
rev_25660,0.4168
rev_25661,0.0183
rev_25662,0.0422
rev_25663,0.0694
rev_25664,0.0117
rev_25665,0.0792
rev_25666,0.0493
rev_25667,0.0207
rev_25668,0.3945
rev_25669,0.018
rev_25670,0.5944
rev_25671,0.0115
rev_25672,0.3139
rev_25673,0.1247
rev_25674,0.9318
rev_25675,0.9618
rev_25676,0.9988
rev_25677,0.981
rev_25678,0.9999
rev_25679,0.9996
rev_25680,0.9991
rev_25681,0.8437
rev_25682,0.979
rev_25683,0.9964
rev_25684,0.9967
rev_25685,0.9992
rev_25686,0.771
rev_25687,0.9239
rev_25688,0.9922
rev_25689,0.9984
rev_25690,0.9223
rev_25691,0.9906
rev_25692,0.981
rev_25693,0.036
rev_25694,0.1729
rev_25695,0.4007
rev_25696,0.0931
rev_25697,0.1911
rev_25698,0.5987
rev_25699,0.0247
rev_25700,0.1283
rev_25701,0.0351
rev_25702,0.632
rev_25703,0.0024
rev_25704,0.0395
rev_25705,0.3484
rev_25706,0.132
rev_25707,0.0297
rev_25708,0.0166
rev_25709,0.037
rev_25710,0.0077
rev_25711,0.0133
rev_25712,0.9951
rev_25713,0.7199
rev_25714,0.9955
rev_25715,0.5593
rev_25716,0.7707
rev_25717,0.9996
rev_25718,0.9602
rev_25719,0.9993
rev_25720,0.9939
rev_25721,0.9999
rev_25722,0.9989
rev_25723,0.9973
rev_25724,0.9953
rev_25725,0.9931
rev_25726,0.999
rev_25727,0.8958
rev_25728,0.9945
rev_25729,0.9957
rev_25730,0.9658
rev_25731,0.011
rev_25732,0.0423
rev_25733,0.0097
rev_25734,0.0138
rev_25735,0.1594
rev_25736,0.0125
rev_25737,0.0297
rev_25738,0.007
rev_25739,0.02
rev_25740,0.3578
rev_25741,0.4652
rev_25742,0.0478
rev_25743,0.2065
rev_25744,0.0551
rev_25745,0.0663
rev_25746,0.7835
rev_25747,0.1031
rev_25748,0.0815
rev_25749,0.1055
rev_25750,0.9947
rev_25751,0.999
rev_25752,0.9989
rev_25753,0.9995
rev_25754,0.9992
rev_25755,0.9996
rev_25756,0.9948
rev_25757,0.999
rev_25758,0.9184
rev_25759,0.997
rev_25760,0.9995
rev_25761,0.9905
rev_25762,0.8968
rev_25763,0.9782
rev_25764,0.9778
rev_25765,0.9997
rev_25766,0.9643
rev_25767,0.9912
rev_25768,0.6574
rev_25769,0.0008
rev_25770,0.0173
rev_25771,0.5492
rev_25772,0.0139
rev_25773,0.193
rev_25774,0.0071
rev_25775,0.4709
rev_25776,0.2074
rev_25777,0.0007
rev_25778,0.0155
rev_25779,0.0205
rev_25780,0.0047
rev_25781,0.9318
rev_25782,0.0157
rev_25783,0.0268
rev_25784,0.0291
rev_25785,0.001
rev_25786,0.7122
rev_25787,0.9582
rev_25788,0.8945
rev_25789,0.993
rev_25790,0.9997
rev_25791,0.9904
rev_25792,0.8546
rev_25793,0.9957
rev_25794,0.9972
rev_25795,0.9344
rev_25796,0.8306
rev_25797,0.9975
rev_25798,0.998
rev_25799,0.9582
rev_25800,0.1899
rev_25801,0.9553
rev_25802,0.7853
rev_25803,0.965
rev_25804,0.9553
rev_25805,0.9575
rev_25806,0.0625
rev_25807,0.013
rev_25808,0.2122
rev_25809,0.0051
rev_25810,0.0095
rev_25811,0.182
rev_25812,0.1659
rev_25813,0.0216
rev_25814,0.03
rev_25815,0.6678
rev_25816,0.7013
rev_25817,0.0218
rev_25818,0.0031
rev_25819,0.0173
rev_25820,0.4766
rev_25821,0.0008
rev_25822,0.0089
rev_25823,0.9187
rev_25824,0.9947
rev_25825,0.9911
rev_25826,0.9827
rev_25827,0.9978
rev_25828,0.983
rev_25829,0.4505
rev_25830,0.9772
rev_25831,0.9989
rev_25832,0.9672
rev_25833,0.9844
rev_25834,0.9916
rev_25835,0.8713
rev_25836,0.9994
rev_25837,0.999
rev_25838,0.9996
rev_25839,0.975
rev_25840,0.9992
rev_25841,0.0062
rev_25842,0.0324
rev_25843,0.0702
rev_25844,0.0406
rev_25845,0.0681
rev_25846,0.071
rev_25847,0.0071
rev_25848,0.0191
rev_25849,0.4823
rev_25850,0.6234
rev_25851,0.6737
rev_25852,0.0174
rev_25853,0.0318
rev_25854,0.002
rev_25855,0.001
rev_25856,0.0069
rev_25857,0.0011
rev_25858,0.9957
rev_25859,0.802
rev_25860,0.9687
rev_25861,0.5515
rev_25862,0.9932
rev_25863,0.9935
rev_25864,0.9751
rev_25865,0.9998
rev_25866,0.9901
rev_25867,0.9978
rev_25868,0.9996
rev_25869,0.3446
rev_25870,0.726
rev_25871,0.9971
rev_25872,0.9985
rev_25873,0.9981
rev_25874,0.9982
rev_25875,0.9671
rev_25876,0.0036
rev_25877,0.0269
rev_25878,0.0326
rev_25879,0.0183
rev_25880,0.0086
rev_25881,0.0083
rev_25882,0.0016
rev_25883,0.3543
rev_25884,0.0025
rev_25885,0.312
rev_25886,0.1395
rev_25887,0.0096
rev_25888,0.0033
rev_25889,0.9071
rev_25890,0.1151
rev_25891,0.6159
rev_25892,0.0223
rev_25893,0.1764
rev_25894,0.9972
rev_25895,0.8735
rev_25896,0.5642
rev_25897,0.8378
rev_25898,0.9938
rev_25899,0.3457
rev_25900,0.9837
rev_25901,0.9849
rev_25902,0.9993
rev_25903,0.9998
rev_25904,0.9929
rev_25905,0.9866
rev_25906,0.9995
rev_25907,0.7105
rev_25908,0.9964
rev_25909,0.9894
rev_25910,0.9902
rev_25911,0.9998
rev_25912,0.0071
rev_25913,0.0003
rev_25914,0.9065
rev_25915,0.5474
rev_25916,0.0198
rev_25917,0.097
rev_25918,0.0175
rev_25919,0.0214
rev_25920,0.1552
rev_25921,0.0239
rev_25922,0.0232
rev_25923,0.0579
rev_25924,0.9074
rev_25925,0.0002
rev_25926,0.0031
rev_25927,0.0315
rev_25928,0.1636
rev_25929,0.1621
rev_25930,0.6262
rev_25931,0.9584
rev_25932,0.9937
rev_25933,0.9985
rev_25934,0.997
rev_25935,0.9489
rev_25936,0.9158
rev_25937,0.9398
rev_25938,0.9998
rev_25939,0.9945
rev_25940,0.9993
rev_25941,0.942
rev_25942,0.6664
rev_25943,0.9715
rev_25944,0.9796
rev_25945,0.9969
rev_25946,0.1248
rev_25947,0.5776
rev_25948,0.0352
rev_25949,0.0058
rev_25950,0.0014
rev_25951,0.3357
rev_25952,0.0722
rev_25953,0.0681
rev_25954,0.0671
rev_25955,0.0008
rev_25956,0.0411
rev_25957,0.0392
rev_25958,0.0241
rev_25959,0.099
rev_25960,0.0138
rev_25961,0.971
rev_25962,0.7563
rev_25963,0.994
rev_25964,0.9984
rev_25965,0.993
rev_25966,0.985
rev_25967,0.992
rev_25968,0.9994
rev_25969,0.7766
rev_25970,0.9951
rev_25971,0.9998
rev_25972,0.9378
rev_25973,0.9779
rev_25974,0.9983
rev_25975,0.966
rev_25976,0.9999
rev_25977,0.8808
rev_25978,0.9949
rev_25979,0.1211
rev_25980,0.3243
rev_25981,0.0233
rev_25982,0.1113
rev_25983,0.3883
rev_25984,0.1274
rev_25985,0.0055
rev_25986,0.056
rev_25987,0.192
rev_25988,0.0132
rev_25989,0.8374
rev_25990,0.018
rev_25991,0.3307
rev_25992,0.0088
rev_25993,0.0002
rev_25994,0.0126
rev_25995,0.0537
rev_25996,0.9599
rev_25997,0.9999
rev_25998,0.9997
rev_25999,0.987
rev_26000,0.9832
rev_26001,0.9973
rev_26002,0.9996
rev_26003,0.9996
rev_26004,0.9994
rev_26005,0.9985
rev_26006,0.9765
rev_26007,0.9912
rev_26008,0.995
rev_26009,0.9999
rev_26010,0.9602
rev_26011,0.963
rev_26012,0.0536
rev_26013,0.0037
rev_26014,0.0171
rev_26015,0.0622
rev_26016,0.0022
rev_26017,0.0527
rev_26018,0.0209
rev_26019,0.648
rev_26020,0.0003
rev_26021,0.1512
rev_26022,0.4649
rev_26023,0.0229
rev_26024,0.4696
rev_26025,0.0343
rev_26026,0.7664
rev_26027,0.0323
rev_26028,0.9999
rev_26029,0.9905
rev_26030,0.9992
rev_26031,0.9995
rev_26032,0.9982
rev_26033,0.9924
rev_26034,0.9321
rev_26035,0.9973
rev_26036,0.9841
rev_26037,0.9743
rev_26038,0.9954
rev_26039,0.9991
rev_26040,0.9983
rev_26041,0.9991
rev_26042,0.5989
rev_26043,0.3274
rev_26044,0.0023
rev_26045,0.0766
rev_26046,0.0195
rev_26047,0.0003
rev_26048,0.0118
rev_26049,0.3701
rev_26050,0.0062
rev_26051,0.011
rev_26052,0.0135
rev_26053,0.4669
rev_26054,0.0152
rev_26055,0.0307
rev_26056,0.6861
rev_26057,0.0017
rev_26058,0.2711
rev_26059,0.9994
rev_26060,0.9982
rev_26061,0.9986
rev_26062,0.9686
rev_26063,0.994
rev_26064,0.9995
rev_26065,0.9865
rev_26066,0.9306
rev_26067,0.9977
rev_26068,0.9972
rev_26069,0.748
rev_26070,0.9987
rev_26071,0.9952
rev_26072,0.9999
rev_26073,0.938
rev_26074,0.0077
rev_26075,0.0416
rev_26076,0.0041
rev_26077,0.0154
rev_26078,0.0039
rev_26079,0.179
rev_26080,0.0252
rev_26081,0.0048
rev_26082,0.0989
rev_26083,0.3189
rev_26084,0.0786
rev_26085,0.029
rev_26086,0.0299
rev_26087,0.0111
rev_26088,0.0214
rev_26089,0.0055
rev_26090,0.9167
rev_26091,0.7799
rev_26092,0.9989
rev_26093,0.7334
rev_26094,0.8832
rev_26095,0.9963
rev_26096,0.9988
rev_26097,0.991
rev_26098,0.9998
rev_26099,0.9904
rev_26100,0.9972
rev_26101,0.9957
rev_26102,0.9644
rev_26103,0.9993
rev_26104,0.0036
rev_26105,0.1571
rev_26106,0.0551
rev_26107,0.004
rev_26108,0.7172
rev_26109,0.0019
rev_26110,0.2321
rev_26111,0.0968
rev_26112,0.0045
rev_26113,0.0036
rev_26114,0.0293
rev_26115,0.004
rev_26116,0.001
rev_26117,0.0057
rev_26118,0.7699
rev_26119,0.9997
rev_26120,0.9996
rev_26121,0.9915
rev_26122,0.9929
rev_26123,0.9994
rev_26124,1.0
rev_26125,0.9998
rev_26126,0.8497
rev_26127,0.9999
rev_26128,0.9861
rev_26129,0.9922
rev_26130,0.9965
rev_26131,0.9998
rev_26132,0.9853
rev_26133,0.9174
rev_26134,0.2144
rev_26135,0.0391
rev_26136,0.055
rev_26137,0.0006
rev_26138,0.2454
rev_26139,0.0112
rev_26140,0.0481
rev_26141,0.0036
rev_26142,0.0107
rev_26143,0.0173
rev_26144,0.0125
rev_26145,0.6965
rev_26146,0.0245
rev_26147,0.6675
rev_26148,0.0478
rev_26149,0.0095
rev_26150,0.9986
rev_26151,0.9991
rev_26152,0.9995
rev_26153,0.9991
rev_26154,0.9893
rev_26155,0.9894
rev_26156,0.9979
rev_26157,0.9986
rev_26158,0.9999
rev_26159,0.9997
rev_26160,0.7834
rev_26161,0.9999
rev_26162,0.9991
rev_26163,0.9996
rev_26164,0.0063
rev_26165,0.138
rev_26166,0.0005
rev_26167,0.0001
rev_26168,0.0026
rev_26169,0.0017
rev_26170,0.0181
rev_26171,0.0088
rev_26172,0.0197
rev_26173,0.0029
rev_26174,0.0087
rev_26175,0.0388
rev_26176,0.019
rev_26177,0.6259
rev_26178,0.1586
rev_26179,0.9158
rev_26180,0.7699
rev_26181,0.9916
rev_26182,1.0
rev_26183,0.9987
rev_26184,0.9996
rev_26185,0.7109
rev_26186,1.0
rev_26187,0.9988
rev_26188,0.9401
rev_26189,0.9991
rev_26190,0.5728
rev_26191,0.8897
rev_26192,0.995
rev_26193,0.0245
rev_26194,0.0117
rev_26195,0.0026
rev_26196,0.0008
rev_26197,0.0736
rev_26198,0.0069
rev_26199,0.0147
rev_26200,0.2369
rev_26201,0.0451
rev_26202,0.0547
rev_26203,0.001
rev_26204,0.0021
rev_26205,0.0038
rev_26206,0.0064
rev_26207,0.0133
rev_26208,0.9999
rev_26209,0.9981
rev_26210,0.9987
rev_26211,0.9975
rev_26212,0.9957
rev_26213,0.9998
rev_26214,0.997
rev_26215,0.7426
rev_26216,0.9977
rev_26217,0.9916
rev_26218,0.9913
rev_26219,0.9999
rev_26220,0.9823
rev_26221,0.9992
rev_26222,0.0828
rev_26223,0.0723
rev_26224,0.0038
rev_26225,0.3011
rev_26226,0.0215
rev_26227,0.0061
rev_26228,0.142
rev_26229,0.0168
rev_26230,0.0956
rev_26231,0.0107
rev_26232,0.242
rev_26233,0.0193
rev_26234,0.0089
rev_26235,0.3064
rev_26236,1.0
rev_26237,0.9516
rev_26238,0.9998
rev_26239,0.9607
rev_26240,0.9928
rev_26241,0.9991
rev_26242,0.9997
rev_26243,0.9964
rev_26244,0.9995
rev_26245,0.9802
rev_26246,0.9532
rev_26247,0.9968
rev_26248,0.9767
rev_26249,0.1495
rev_26250,0.0725
rev_26251,0.1773
rev_26252,0.0153
rev_26253,0.0136
rev_26254,0.0048
rev_26255,0.0026
rev_26256,0.1154
rev_26257,0.1116
rev_26258,0.0537
rev_26259,0.0769
rev_26260,0.4977
rev_26261,0.0021
rev_26262,0.9998
rev_26263,0.9308
rev_26264,0.9989
rev_26265,0.9993
rev_26266,0.9954
rev_26267,0.9843
rev_26268,0.9241
rev_26269,0.9873
rev_26270,0.8463
rev_26271,0.9992
rev_26272,0.9162
rev_26273,0.9999
rev_26274,0.9988
rev_26275,0.9989
rev_26276,0.0008
rev_26277,0.1316
rev_26278,0.0446
rev_26279,0.0633
rev_26280,0.0448
rev_26281,0.0575
rev_26282,0.0038
rev_26283,0.003
rev_26284,0.075
rev_26285,0.0164
rev_26286,0.0595
rev_26287,0.0754
rev_26288,0.053
rev_26289,0.0096
rev_26290,0.9988
rev_26291,0.977
rev_26292,0.9819
rev_26293,0.9996
rev_26294,0.4576
rev_26295,0.9389
rev_26296,0.9825
rev_26297,0.927
rev_26298,0.9808
rev_26299,0.9996
rev_26300,0.9832
rev_26301,0.9874
rev_26302,0.9974
rev_26303,0.04
rev_26304,0.0043
rev_26305,0.128
rev_26306,0.0014
rev_26307,0.0002
rev_26308,0.0811
rev_26309,0.7821
rev_26310,0.0134
rev_26311,0.0011
rev_26312,0.0022
rev_26313,0.0073
rev_26314,0.0015
rev_26315,0.5937
rev_26316,0.9901
rev_26317,0.9993
rev_26318,0.9999
rev_26319,1.0
rev_26320,0.9722
rev_26321,0.9852
rev_26322,0.9669
rev_26323,0.9951
rev_26324,1.0
rev_26325,0.9996
rev_26326,0.9972
rev_26327,0.9995
rev_26328,0.998
rev_26329,0.006
rev_26330,0.4708
rev_26331,0.3993
rev_26332,0.0007
rev_26333,0.0019
rev_26334,0.0006
rev_26335,0.1091
rev_26336,0.0007
rev_26337,0.0365
rev_26338,0.5811
rev_26339,0.1245
rev_26340,0.0017
rev_26341,0.007
rev_26342,0.9997
rev_26343,0.9998
rev_26344,0.9995
rev_26345,0.9998
rev_26346,0.9997
rev_26347,0.8972
rev_26348,0.9994
rev_26349,0.9603
rev_26350,0.9995
rev_26351,1.0
rev_26352,0.3888
rev_26353,0.9993
rev_26354,0.0043
rev_26355,0.0111
rev_26356,0.1042
rev_26357,0.0006
rev_26358,0.0168
rev_26359,0.0211
rev_26360,0.5603
rev_26361,0.0109
rev_26362,0.0268
rev_26363,0.0077
rev_26364,0.0039
rev_26365,0.0
rev_26366,0.9988
rev_26367,0.9398
rev_26368,0.972
rev_26369,0.929
rev_26370,0.9918
rev_26371,0.9968
rev_26372,0.9925
rev_26373,0.9997
rev_26374,0.9994
rev_26375,0.968
rev_26376,0.9983
rev_26377,0.9986
rev_26378,0.9979
rev_26379,0.0104
rev_26380,0.0109
rev_26381,0.0125
rev_26382,0.766
rev_26383,0.1369
rev_26384,0.0616
rev_26385,0.1805
rev_26386,0.0103
rev_26387,0.0088
rev_26388,0.0037
rev_26389,0.0302
rev_26390,0.0206
rev_26391,0.0005
rev_26392,1.0
rev_26393,0.9937
rev_26394,0.9992
rev_26395,0.7269
rev_26396,1.0
rev_26397,0.9789
rev_26398,0.991
rev_26399,0.9789
rev_26400,0.9968
rev_26401,1.0
rev_26402,0.9708
rev_26403,0.9431
rev_26404,0.1825
rev_26405,0.1723
rev_26406,0.0026
rev_26407,0.0514
rev_26408,0.0248
rev_26409,0.2066
rev_26410,0.4365
rev_26411,0.6028
rev_26412,0.0247
rev_26413,0.0967
rev_26414,0.0022
rev_26415,0.0256
rev_26416,0.9704
rev_26417,0.9912
rev_26418,0.9991
rev_26419,0.9996
rev_26420,0.926
rev_26421,0.9999
rev_26422,0.9882
rev_26423,1.0
rev_26424,0.9855
rev_26425,0.9888
rev_26426,0.9712
rev_26427,0.1618
rev_26428,0.1522
rev_26429,0.1423
rev_26430,0.4637
rev_26431,0.0221
rev_26432,0.0062
rev_26433,0.0021
rev_26434,0.0011
rev_26435,0.2601
rev_26436,0.0031
rev_26437,0.1012
rev_26438,0.9997
rev_26439,0.9872
rev_26440,0.9966
rev_26441,0.9986
rev_26442,0.987
rev_26443,0.9375
rev_26444,0.998
rev_26445,0.9165
rev_26446,0.9995
rev_26447,0.9929
rev_26448,0.3151
rev_26449,0.0029
rev_26450,0.0114
rev_26451,0.0211
rev_26452,0.0007
rev_26453,0.2447
rev_26454,0.0004
rev_26455,0.0639
rev_26456,0.0951
rev_26457,0.0043
rev_26458,0.0028
rev_26459,0.9032
rev_26460,0.9971
rev_26461,0.95
rev_26462,0.9975
rev_26463,0.6444
rev_26464,0.9976
rev_26465,0.995
rev_26466,0.4697
rev_26467,0.9921
rev_26468,0.9906
rev_26469,0.971
rev_26470,0.5102
rev_26471,0.0156
rev_26472,0.0283
rev_26473,0.0175
rev_26474,0.3542
rev_26475,0.0104
rev_26476,0.0162
rev_26477,0.003
rev_26478,0.0312
rev_26479,0.0144
rev_26480,0.0176
rev_26481,0.0324
rev_26482,0.25
rev_26483,0.9929
rev_26484,0.9862
rev_26485,0.9977
rev_26486,0.9805
rev_26487,0.9864
rev_26488,0.9725
rev_26489,0.9932
rev_26490,0.9992
rev_26491,0.9441
rev_26492,0.9997
rev_26493,0.9997
rev_26494,0.9997
rev_26495,0.0133
rev_26496,0.0357
rev_26497,0.0473
rev_26498,0.1878
rev_26499,0.0017
rev_26500,0.2152
rev_26501,0.0343
rev_26502,0.0073
rev_26503,0.1042
rev_26504,0.0065
rev_26505,0.0097
rev_26506,0.0019
rev_26507,0.9998
rev_26508,0.9879
rev_26509,0.9999
rev_26510,0.9988
rev_26511,0.9794
rev_26512,0.9989
rev_26513,1.0
rev_26514,0.9917
rev_26515,0.9911
rev_26516,0.9926
rev_26517,0.04
rev_26518,0.0038
rev_26519,0.0964
rev_26520,0.0598
rev_26521,0.0015
rev_26522,0.0905
rev_26523,0.01
rev_26524,0.0012
rev_26525,0.0066
rev_26526,0.0365
rev_26527,0.9874
rev_26528,1.0
rev_26529,0.9621
rev_26530,0.9981
rev_26531,0.9997
rev_26532,0.9724
rev_26533,0.9486
rev_26534,0.9978
rev_26535,0.7149
rev_26536,0.9973
rev_26537,0.9985
rev_26538,0.0049
rev_26539,0.0224
rev_26540,0.5096
rev_26541,0.0015
rev_26542,0.056
rev_26543,0.0202
rev_26544,0.0229
rev_26545,0.0191
rev_26546,0.0528
rev_26547,0.0002
rev_26548,0.012
rev_26549,1.0
rev_26550,0.949
rev_26551,0.9724
rev_26552,0.9994
rev_26553,0.9997
rev_26554,0.7797
rev_26555,0.8152
rev_26556,0.9852
rev_26557,0.9926
rev_26558,0.9976
rev_26559,0.998
rev_26560,0.0012
rev_26561,0.0096
rev_26562,0.009
rev_26563,0.0029
rev_26564,0.2614
rev_26565,0.0893
rev_26566,0.0106
rev_26567,0.0002
rev_26568,0.0064
rev_26569,0.033
rev_26570,0.0005
rev_26571,0.997
rev_26572,0.9983
rev_26573,0.9862
rev_26574,0.9974
rev_26575,0.9979
rev_26576,0.9171
rev_26577,0.9997
rev_26578,0.9944
rev_26579,0.9926
rev_26580,0.999
rev_26581,0.0175
rev_26582,0.046
rev_26583,0.0132
rev_26584,0.0383
rev_26585,0.014
rev_26586,0.0015
rev_26587,0.0268
rev_26588,0.0013
rev_26589,0.0737
rev_26590,0.0638
rev_26591,0.9998
rev_26592,0.9825
rev_26593,0.9997
rev_26594,0.8904
rev_26595,0.8762
rev_26596,0.9985
rev_26597,1.0
rev_26598,0.9991
rev_26599,0.999
rev_26600,0.9967
rev_26601,0.0079
rev_26602,0.0159
rev_26603,0.1526
rev_26604,0.0612
rev_26605,0.0001
rev_26606,0.0179
rev_26607,0.0989
rev_26608,0.0417
rev_26609,0.0033
rev_26610,0.497
rev_26611,0.9981
rev_26612,0.9749
rev_26613,0.9977
rev_26614,0.573
rev_26615,0.9998
rev_26616,0.9997
rev_26617,0.9998
rev_26618,0.9963
rev_26619,0.908
rev_26620,0.9985
rev_26621,0.0373
rev_26622,0.049
rev_26623,0.1458
rev_26624,0.0137
rev_26625,0.5907
rev_26626,0.0235
rev_26627,0.0006
rev_26628,0.0011
rev_26629,0.0171
rev_26630,0.0393
rev_26631,0.9983
rev_26632,0.9363
rev_26633,0.9931
rev_26634,0.9999
rev_26635,0.9576
rev_26636,0.9999
rev_26637,0.9582
rev_26638,0.9217
rev_26639,0.9919
rev_26640,0.9987
rev_26641,0.0078
rev_26642,0.0175
rev_26643,0.0129
rev_26644,0.0034
rev_26645,0.0121
rev_26646,0.0083
rev_26647,0.0058
rev_26648,0.0097
rev_26649,0.0074
rev_26650,0.0171
rev_26651,0.997
rev_26652,0.9934
rev_26653,0.9748
rev_26654,0.9996
rev_26655,0.999
rev_26656,0.9994
rev_26657,0.9974
rev_26658,0.9973
rev_26659,0.8206
rev_26660,0.9977
rev_26661,0.0006
rev_26662,0.0227
rev_26663,0.0004
rev_26664,0.0448
rev_26665,0.0254
rev_26666,0.0011
rev_26667,0.0056
rev_26668,0.0001
rev_26669,0.4376
rev_26670,0.027
rev_26671,0.9604
rev_26672,0.9997
rev_26673,0.9999
rev_26674,0.9958
rev_26675,0.9993
rev_26676,0.9964
rev_26677,0.9914
rev_26678,0.9931
rev_26679,0.9966
rev_26680,0.7925
rev_26681,0.0102
rev_26682,0.0219
rev_26683,0.0511
rev_26684,0.6388
rev_26685,0.3715
rev_26686,0.0036
rev_26687,0.0486
rev_26688,0.0857
rev_26689,0.6212
rev_26690,0.143
rev_26691,0.9988
rev_26692,0.1786
rev_26693,0.9991
rev_26694,0.997
rev_26695,0.8818
rev_26696,0.8796
rev_26697,0.9111
rev_26698,0.8404
rev_26699,0.9996
rev_26700,0.0391
rev_26701,0.2745
rev_26702,0.0489
rev_26703,0.0505
rev_26704,0.0569
rev_26705,0.1615
rev_26706,0.0044
rev_26707,0.0208
rev_26708,0.3463
rev_26709,0.998
rev_26710,0.9072
rev_26711,0.9996
rev_26712,0.6919
rev_26713,0.9995
rev_26714,0.7019
rev_26715,0.9986
rev_26716,0.9998
rev_26717,0.9991
rev_26718,0.9989
rev_26719,0.0101
rev_26720,0.0441
rev_26721,0.0032
rev_26722,0.0132
rev_26723,0.0856
rev_26724,0.424
rev_26725,0.8366
rev_26726,0.0004
rev_26727,0.0247
rev_26728,0.0039
rev_26729,0.992
rev_26730,0.9996
rev_26731,0.7888
rev_26732,0.9748
rev_26733,0.9999
rev_26734,0.0816
rev_26735,0.9996
rev_26736,0.9956
rev_26737,0.9994
rev_26738,0.9995
rev_26739,0.0006
rev_26740,0.0618
rev_26741,0.8971
rev_26742,0.0005
rev_26743,0.0665
rev_26744,0.0072
rev_26745,0.0069
rev_26746,0.0079
rev_26747,0.0768
rev_26748,0.0124
rev_26749,0.9998
rev_26750,0.9601
rev_26751,0.9483
rev_26752,0.9981
rev_26753,0.9987
rev_26754,0.987
rev_26755,0.9991
rev_26756,0.9999
rev_26757,0.9931
rev_26758,0.073
rev_26759,0.007
rev_26760,0.0343
rev_26761,0.8872
rev_26762,0.0121
rev_26763,0.0039
rev_26764,0.0335
rev_26765,0.0276
rev_26766,0.0366
rev_26767,0.9993
rev_26768,0.9686
rev_26769,0.9993
rev_26770,0.9208
rev_26771,0.8276
rev_26772,1.0
rev_26773,0.99
rev_26774,0.9997
rev_26775,0.9985
rev_26776,0.0039
rev_26777,0.1171
rev_26778,0.0001
rev_26779,0.1109
rev_26780,0.0016
rev_26781,0.022
rev_26782,0.0055
rev_26783,0.0185
rev_26784,0.0652
rev_26785,0.9998
rev_26786,0.9181
rev_26787,0.9781
rev_26788,0.9968
rev_26789,0.8599
rev_26790,0.9912
rev_26791,0.998
rev_26792,0.9993
rev_26793,0.9994
rev_26794,0.0135
rev_26795,0.1029
rev_26796,0.4595
rev_26797,0.0009
rev_26798,0.0017
rev_26799,0.0174
rev_26800,0.0094
rev_26801,0.0306
rev_26802,0.7406
rev_26803,0.9393
rev_26804,0.9994
rev_26805,0.9471
rev_26806,0.9998
rev_26807,0.9997
rev_26808,0.9986
rev_26809,0.9951
rev_26810,0.9944
rev_26811,0.9652
rev_26812,0.0004
rev_26813,0.0094
rev_26814,0.004
rev_26815,0.0166
rev_26816,0.023
rev_26817,0.0047
rev_26818,0.0065
rev_26819,0.4538
rev_26820,0.0059
rev_26821,0.9852
rev_26822,0.9999
rev_26823,0.9983
rev_26824,0.9094
rev_26825,0.9991
rev_26826,0.9996
rev_26827,1.0
rev_26828,0.8313
rev_26829,0.1028
rev_26830,0.0005
rev_26831,0.0012
rev_26832,0.0248
rev_26833,0.0084
rev_26834,0.0109
rev_26835,0.001
rev_26836,0.0172
rev_26837,0.9267
rev_26838,0.9982
rev_26839,0.9983
rev_26840,0.9999
rev_26841,0.9999
rev_26842,0.9991
rev_26843,0.9995
rev_26844,0.9872
rev_26845,0.9985
rev_26846,0.0563
rev_26847,0.0046
rev_26848,0.5362
rev_26849,0.0346
rev_26850,0.0012
rev_26851,0.0084
rev_26852,0.0293
rev_26853,0.0021
rev_26854,0.0005
rev_26855,0.9747
rev_26856,0.9994
rev_26857,0.9992
rev_26858,0.7682
rev_26859,0.9887
rev_26860,0.9659
rev_26861,0.9969
rev_26862,0.9899
rev_26863,0.9753
rev_26864,0.0112
rev_26865,0.0012
rev_26866,0.0099
rev_26867,0.0423
rev_26868,0.2593
rev_26869,0.0008
rev_26870,0.0014
rev_26871,0.0476
rev_26872,0.0075
rev_26873,0.9968
rev_26874,0.9539
rev_26875,0.9936
rev_26876,0.9996
rev_26877,0.9999
rev_26878,0.9951
rev_26879,0.9997
rev_26880,0.0168
rev_26881,0.0008
rev_26882,0.0056
rev_26883,0.054
rev_26884,0.0039
rev_26885,0.0004
rev_26886,0.0165
rev_26887,0.9977
rev_26888,0.9972
rev_26889,0.9992
rev_26890,0.9968
rev_26891,0.9996
rev_26892,0.0214
rev_26893,0.983
rev_26894,0.998
rev_26895,0.0128
rev_26896,0.9523
rev_26897,0.1199
rev_26898,0.1209
rev_26899,0.0006
rev_26900,0.0506
rev_26901,0.6437
rev_26902,0.0145
rev_26903,0.9995
rev_26904,0.781
rev_26905,0.9963
rev_26906,0.9934
rev_26907,0.959
rev_26908,0.993
rev_26909,0.9992
rev_26910,0.9978
rev_26911,0.0839
rev_26912,0.0123
rev_26913,0.0432
rev_26914,0.7658
rev_26915,0.05
rev_26916,0.0002
rev_26917,0.1454
rev_26918,0.0172
rev_26919,0.9991
rev_26920,0.9996
rev_26921,0.9499
rev_26922,0.9997
rev_26923,0.9979
rev_26924,0.9744
rev_26925,1.0
rev_26926,0.9999
rev_26927,0.0121
rev_26928,0.0008
rev_26929,0.1041
rev_26930,0.0048
rev_26931,0.0002
rev_26932,0.4109
rev_26933,0.0375
rev_26934,0.11
rev_26935,0.9991
rev_26936,0.9958
rev_26937,0.9964
rev_26938,0.9263
rev_26939,0.8018
rev_26940,0.535
rev_26941,1.0
rev_26942,1.0
rev_26943,0.9942
rev_26944,0.0042
rev_26945,0.0143
rev_26946,0.0585
rev_26947,0.0114
rev_26948,0.0
rev_26949,0.0001
rev_26950,0.0002
rev_26951,0.0149
rev_26952,0.0033
rev_26953,0.9085
rev_26954,0.8943
rev_26955,0.9954
rev_26956,0.9552
rev_26957,0.9935
rev_26958,0.9937
rev_26959,0.9997
rev_26960,0.0037
rev_26961,0.3978
rev_26962,0.0038
rev_26963,0.0234
rev_26964,0.0719
rev_26965,0.0381
rev_26966,0.0114
rev_26967,0.9954
rev_26968,0.5847
rev_26969,0.9795
rev_26970,0.9968
rev_26971,0.8207
rev_26972,0.9946
rev_26973,0.9992
rev_26974,0.0103
rev_26975,0.0053
rev_26976,0.5764
rev_26977,0.0112
rev_26978,0.0
rev_26979,0.0037
rev_26980,0.0356
rev_26981,0.9986
rev_26982,0.9999
rev_26983,0.9489
rev_26984,0.9997
rev_26985,0.9754
rev_26986,0.9957
rev_26987,0.9991
rev_26988,0.0019
rev_26989,0.0387
rev_26990,0.0032
rev_26991,0.0001
rev_26992,0.013
rev_26993,0.0063
rev_26994,0.0761
rev_26995,0.9993
rev_26996,1.0
rev_26997,0.793
rev_26998,0.9975
rev_26999,0.9996
rev_27000,0.9984
rev_27001,0.8659
rev_27002,0.0473
rev_27003,0.0005
rev_27004,0.0077
rev_27005,0.0064
rev_27006,0.0268
rev_27007,0.9729
rev_27008,0.0221
rev_27009,0.9993
rev_27010,0.9627
rev_27011,0.9999
rev_27012,0.9996
rev_27013,0.9943
rev_27014,1.0
rev_27015,0.9953
rev_27016,0.4314
rev_27017,0.0021
rev_27018,0.0036
rev_27019,0.0047
rev_27020,0.0036
rev_27021,0.0784
rev_27022,0.0094
rev_27023,0.9998
rev_27024,0.9994
rev_27025,0.937
rev_27026,0.9998
rev_27027,0.998
rev_27028,0.9989
rev_27029,0.9805
rev_27030,0.1281
rev_27031,0.0019
rev_27032,0.0002
rev_27033,0.0004
rev_27034,0.0054
rev_27035,0.0002
rev_27036,0.0077
rev_27037,0.9436
rev_27038,0.9226
rev_27039,0.9544
rev_27040,0.9986
rev_27041,0.9959
rev_27042,0.9777
rev_27043,0.9959
rev_27044,0.0792
rev_27045,0.0033
rev_27046,0.0082
rev_27047,0.0025
rev_27048,0.0138
rev_27049,0.0005
rev_27050,0.0634
rev_27051,0.9992
rev_27052,0.7963
rev_27053,0.995
rev_27054,0.999
rev_27055,0.9995
rev_27056,1.0
rev_27057,0.5665
rev_27058,0.0181
rev_27059,0.0001
rev_27060,0.1895
rev_27061,0.005
rev_27062,0.0037
rev_27063,0.1738
rev_27064,0.0016
rev_27065,0.9939
rev_27066,0.9999
rev_27067,0.9944
rev_27068,0.9951
rev_27069,0.998
rev_27070,0.9982
rev_27071,0.9994
rev_27072,0.0374
rev_27073,0.0104
rev_27074,0.0009
rev_27075,0.0005
rev_27076,0.2656
rev_27077,0.0012
rev_27078,0.0228
rev_27079,0.9979
rev_27080,0.9995
rev_27081,0.9984
rev_27082,0.9844
rev_27083,0.9985
rev_27084,0.9988
rev_27085,0.9938
rev_27086,0.0168
rev_27087,0.0025
rev_27088,0.0631
rev_27089,0.0031
rev_27090,0.0035
rev_27091,0.0396
rev_27092,0.0111
rev_27093,0.9747
rev_27094,0.9889
rev_27095,0.9991
rev_27096,0.9974
rev_27097,0.9975
rev_27098,0.9683
rev_27099,0.0013
rev_27100,0.0006
rev_27101,0.0024
rev_27102,0.0877
rev_27103,0.0029
rev_27104,0.0041
rev_27105,0.9672
rev_27106,0.9987
rev_27107,0.9807
rev_27108,0.9999
rev_27109,0.9994
rev_27110,0.9943
rev_27111,0.9983
rev_27112,0.868
rev_27113,0.0005
rev_27114,0.0103
rev_27115,0.0021
rev_27116,0.0063
rev_27117,0.3968
rev_27118,0.0002
rev_27119,0.999
rev_27120,0.9961
rev_27121,0.9506
rev_27122,0.7988
rev_27123,0.8984
rev_27124,0.7675
rev_27125,0.9942
rev_27126,0.0045
rev_27127,0.0148
rev_27128,0.1459
rev_27129,0.0393
rev_27130,0.0006
rev_27131,0.1124
rev_27132,0.6517
rev_27133,0.9999
rev_27134,0.9983
rev_27135,0.7498
rev_27136,0.9968
rev_27137,0.9862
rev_27138,0.9996
rev_27139,0.9925
rev_27140,0.0015
rev_27141,0.0333
rev_27142,0.0833
rev_27143,0.0011
rev_27144,0.0114
rev_27145,0.0301
rev_27146,0.0065
rev_27147,0.9998
rev_27148,0.9967
rev_27149,0.9492
rev_27150,0.9828
rev_27151,0.7074
rev_27152,0.9427
rev_27153,0.019
rev_27154,0.4853
rev_27155,0.0
rev_27156,0.0066
rev_27157,0.0057
rev_27158,0.0076
rev_27159,1.0
rev_27160,0.9876
rev_27161,0.7626
rev_27162,0.9997
rev_27163,0.999
rev_27164,0.9931
rev_27165,0.9756
rev_27166,0.0348
rev_27167,0.0002
rev_27168,0.0178
rev_27169,0.0433
rev_27170,0.1946
rev_27171,0.0157
rev_27172,0.506
rev_27173,0.9963
rev_27174,0.8959
rev_27175,0.9968
rev_27176,1.0
rev_27177,0.91
rev_27178,0.994
rev_27179,0.0065
rev_27180,0.0083
rev_27181,0.0038
rev_27182,0.001
rev_27183,0.0016
rev_27184,0.0269
rev_27185,0.9818
rev_27186,0.9974
rev_27187,0.994
rev_27188,0.9971
rev_27189,0.9997
rev_27190,0.9999
rev_27191,0.0076
rev_27192,0.0
rev_27193,0.0335
rev_27194,0.0119
rev_27195,0.0441
rev_27196,0.0719
rev_27197,0.9999
rev_27198,0.9994
rev_27199,0.9473
rev_27200,0.9921
rev_27201,0.9992
rev_27202,0.0104
rev_27203,0.5472
rev_27204,0.0741
rev_27205,0.0012
rev_27206,0.0041
rev_27207,0.9919
rev_27208,0.9998
rev_27209,0.9996
rev_27210,0.9971
rev_27211,0.9939
rev_27212,0.9866
rev_27213,0.9995
rev_27214,0.0226
rev_27215,0.0004
rev_27216,0.1018
rev_27217,0.0511
rev_27218,0.0088
rev_27219,0.0026
rev_27220,0.1395
rev_27221,0.9997
rev_27222,0.997
rev_27223,0.9887
rev_27224,0.8066
rev_27225,0.9998
rev_27226,0.0341
rev_27227,0.0662
rev_27228,0.0756
rev_27229,0.0338
rev_27230,0.0012
rev_27231,0.1209
rev_27232,1.0
rev_27233,0.8554
rev_27234,0.9501
rev_27235,0.9669
rev_27236,0.9994
rev_27237,1.0
rev_27238,0.0021
rev_27239,0.009
rev_27240,0.0006
rev_27241,0.0007
rev_27242,0.0107
rev_27243,0.0174
rev_27244,0.9436
rev_27245,0.9995
rev_27246,0.9997
rev_27247,0.9958
rev_27248,0.9994
rev_27249,0.0151
rev_27250,0.0003
rev_27251,0.0036
rev_27252,0.0019
rev_27253,0.0005
rev_27254,0.9989
rev_27255,0.9577
rev_27256,0.9952
rev_27257,0.9988
rev_27258,0.9341
rev_27259,0.9998
rev_27260,0.0006
rev_27261,0.0302
rev_27262,0.0328
rev_27263,0.0002
rev_27264,0.0002
rev_27265,0.0397
rev_27266,0.9968
rev_27267,0.9988
rev_27268,0.9975
rev_27269,1.0
rev_27270,0.6044
rev_27271,0.0279
rev_27272,0.0055
rev_27273,0.013
rev_27274,0.0218
rev_27275,0.0162
rev_27276,0.995
rev_27277,0.9748
rev_27278,0.9999
rev_27279,0.997
rev_27280,0.9998
rev_27281,0.9993
rev_27282,0.0046
rev_27283,0.0256
rev_27284,0.0043
rev_27285,0.1872
rev_27286,0.0011
rev_27287,0.0257
rev_27288,0.9995
rev_27289,0.9999
rev_27290,0.9993
rev_27291,0.9988
rev_27292,0.9102
rev_27293,0.9989
rev_27294,0.0093
rev_27295,0.0036
rev_27296,0.0021
rev_27297,0.0379
rev_27298,0.5427
rev_27299,0.0027
rev_27300,0.997
rev_27301,0.9997
rev_27302,0.6155
rev_27303,0.9993
rev_27304,0.7182
rev_27305,0.0017
rev_27306,0.0028
rev_27307,0.0059
rev_27308,0.0082
rev_27309,0.0007
rev_27310,0.9777
rev_27311,0.9134
rev_27312,0.9995
rev_27313,0.9981
rev_27314,0.9999
rev_27315,0.0045
rev_27316,0.6049
rev_27317,0.0028
rev_27318,0.0223
rev_27319,0.0263
rev_27320,0.9969
rev_27321,0.9996
rev_27322,0.994
rev_27323,0.9981
rev_27324,0.9997
rev_27325,0.0119
rev_27326,0.0325
rev_27327,0.4189
rev_27328,0.0
rev_27329,0.0111
rev_27330,0.9992
rev_27331,0.9962
rev_27332,0.9999
rev_27333,0.9924
rev_27334,0.9997
rev_27335,0.0866
rev_27336,0.0902
rev_27337,0.0402
rev_27338,0.0058
rev_27339,0.0025
rev_27340,0.9945
rev_27341,0.9966
rev_27342,0.8569
rev_27343,0.9984
rev_27344,0.9998
rev_27345,0.0187
rev_27346,0.251
rev_27347,0.0204
rev_27348,0.0005
rev_27349,0.0223
rev_27350,0.9997
rev_27351,0.9997
rev_27352,0.9999
rev_27353,0.9939
rev_27354,1.0
rev_27355,0.3441
rev_27356,0.0129
rev_27357,0.0095
rev_27358,0.004
rev_27359,0.0045
rev_27360,0.9726
rev_27361,0.7959
rev_27362,0.9724
rev_27363,0.9998
rev_27364,0.9997
rev_27365,0.2072
rev_27366,0.0016
rev_27367,0.0002
rev_27368,0.1922
rev_27369,0.0151
rev_27370,0.9923
rev_27371,0.953
rev_27372,0.9995
rev_27373,0.9997
rev_27374,0.9998
rev_27375,0.0012
rev_27376,0.0033
rev_27377,0.0001
rev_27378,0.0281
rev_27379,0.0001
rev_27380,0.3582
rev_27381,0.9994
rev_27382,0.9817
rev_27383,0.9998
rev_27384,0.9999
rev_27385,0.003
rev_27386,0.0003
rev_27387,0.0006
rev_27388,0.009
rev_27389,0.0015
rev_27390,1.0
rev_27391,0.9989
rev_27392,0.9993
rev_27393,0.9999
rev_27394,0.9979
rev_27395,0.0113
rev_27396,0.0003
rev_27397,0.0183
rev_27398,0.0009
rev_27399,0.0009
rev_27400,0.9847
rev_27401,0.9965
rev_27402,0.9998
rev_27403,0.9984
rev_27404,0.9969
rev_27405,0.0188
rev_27406,0.1572
rev_27407,0.0061
rev_27408,0.0008
rev_27409,0.005
rev_27410,0.9918
rev_27411,0.998
rev_27412,0.9834
rev_27413,0.9991
rev_27414,0.6493
rev_27415,0.6689
rev_27416,0.0635
rev_27417,0.0197
rev_27418,0.0186
rev_27419,0.0609
rev_27420,0.8916
rev_27421,0.9912
rev_27422,0.9998
rev_27423,0.9687
rev_27424,0.9995
rev_27425,0.0221
rev_27426,0.8871
rev_27427,0.0024
rev_27428,0.0002
rev_27429,0.093
rev_27430,0.9999
rev_27431,0.9974
rev_27432,0.9992
rev_27433,0.8878
rev_27434,0.9994
rev_27435,0.0646
rev_27436,0.0943
rev_27437,0.001
rev_27438,0.0001
rev_27439,0.0041
rev_27440,0.996
rev_27441,0.9993
rev_27442,0.9676
rev_27443,0.9977
rev_27444,0.9999
rev_27445,0.0008
rev_27446,0.0247
rev_27447,0.001
rev_27448,0.0206
rev_27449,0.002
rev_27450,0.9997
rev_27451,0.9998
rev_27452,0.9957
rev_27453,0.99
rev_27454,0.9991
rev_27455,0.0
rev_27456,0.0321
rev_27457,0.028
rev_27458,0.01
rev_27459,0.0007
rev_27460,0.9972
rev_27461,0.9982
rev_27462,0.9999
rev_27463,0.9999
rev_27464,0.9699
rev_27465,0.0049
rev_27466,0.0009
rev_27467,0.0034
rev_27468,0.0007
rev_27469,0.0088
rev_27470,0.9999
rev_27471,0.9136
rev_27472,0.9994
rev_27473,0.999
rev_27474,0.7239
rev_27475,0.0147
rev_27476,0.0001
rev_27477,0.0164
rev_27478,0.0088
rev_27479,0.0036
rev_27480,0.9987
rev_27481,0.9998
rev_27482,0.9705
rev_27483,0.9997
rev_27484,0.9992
rev_27485,0.0
rev_27486,0.0022
rev_27487,0.4007
rev_27488,0.0028
rev_27489,0.4961
rev_27490,0.9812
rev_27491,0.9999
rev_27492,1.0
rev_27493,0.9978
rev_27494,0.9453
rev_27495,0.0021
rev_27496,0.0017
rev_27497,0.0001
rev_27498,0.0081
rev_27499,0.0011
rev_27500,0.9983
rev_27501,0.9943
rev_27502,0.9999
rev_27503,0.9999
rev_27504,0.0018
rev_27505,0.0134
rev_27506,0.0174
rev_27507,0.437
rev_27508,0.9999
rev_27509,0.9995
rev_27510,0.9975
rev_27511,0.9997
rev_27512,0.0039
rev_27513,0.0022
rev_27514,0.0151
rev_27515,0.0063
rev_27516,0.9975
rev_27517,0.999
rev_27518,0.9988
rev_27519,0.9995
rev_27520,0.9991
rev_27521,0.0
rev_27522,0.0009
rev_27523,0.0816
rev_27524,0.0502
rev_27525,0.1497
rev_27526,0.9996
rev_27527,0.9998
rev_27528,0.9867
rev_27529,0.9675
rev_27530,0.9776
rev_27531,0.0469
rev_27532,0.0031
rev_27533,0.0012
rev_27534,0.0018
rev_27535,0.017
rev_27536,0.9993
rev_27537,0.9953
rev_27538,1.0
rev_27539,0.9983
rev_27540,0.9998
rev_27541,0.001
rev_27542,0.0009
rev_27543,0.0181
rev_27544,0.0019
rev_27545,0.0004
rev_27546,0.9973
rev_27547,1.0
rev_27548,0.9982
rev_27549,0.9991
rev_27550,0.0018
rev_27551,0.0009
rev_27552,0.0079
rev_27553,0.0006
rev_27554,0.9984
rev_27555,0.9998
rev_27556,0.9997
rev_27557,0.9998
rev_27558,0.9998
rev_27559,0.0002
rev_27560,0.0007
rev_27561,0.0024
rev_27562,0.0002
rev_27563,0.117
rev_27564,0.9831
rev_27565,0.9806
rev_27566,0.9119
rev_27567,0.9992
rev_27568,0.004
rev_27569,0.0036
rev_27570,0.0179
rev_27571,0.1145
rev_27572,0.9999
rev_27573,0.945
rev_27574,0.9996
rev_27575,0.9919
rev_27576,0.0223
rev_27577,0.0194
rev_27578,0.0022
rev_27579,0.0047
rev_27580,0.998
rev_27581,0.9993
rev_27582,0.9998
rev_27583,0.9964
rev_27584,0.0054
rev_27585,0.0192
rev_27586,0.0027
rev_27587,0.254
rev_27588,0.9999
rev_27589,0.997
rev_27590,1.0
rev_27591,0.9992
rev_27592,0.0014
rev_27593,0.0103
rev_27594,0.0129
rev_27595,0.0003
rev_27596,0.9999
rev_27597,0.9981
rev_27598,0.9962
rev_27599,0.9948
rev_27600,0.0022
rev_27601,0.0024
rev_27602,0.0015
rev_27603,0.0127
rev_27604,0.9999
rev_27605,0.9999
rev_27606,0.9808
rev_27607,0.9999
rev_27608,0.0
rev_27609,0.0014
rev_27610,0.0002
rev_27611,0.0007
rev_27612,0.7667
rev_27613,0.9988
rev_27614,1.0
rev_27615,0.9992
rev_27616,0.0068
rev_27617,0.0183
rev_27618,0.0003
rev_27619,0.0002
rev_27620,0.9789
rev_27621,0.9992
rev_27622,0.9752
rev_27623,0.9998
rev_27624,0.0049
rev_27625,0.0
rev_27626,0.0035
rev_27627,0.0013
rev_27628,0.9979
rev_27629,0.992
rev_27630,0.9991
rev_27631,0.9997
rev_27632,0.0011
rev_27633,0.0021
rev_27634,0.0478
rev_27635,0.0009
rev_27636,0.9988
rev_27637,0.9993
rev_27638,1.0
rev_27639,0.9997
rev_27640,0.078
rev_27641,0.0114
rev_27642,0.0009
rev_27643,0.0003
rev_27644,0.9977
rev_27645,0.9995
rev_27646,0.9913
rev_27647,0.9993
rev_27648,0.0111
rev_27649,0.0009
rev_27650,0.001
rev_27651,0.0019
rev_27652,0.9989
rev_27653,0.9966
rev_27654,0.9952
rev_27655,0.1725
rev_27656,0.0074
rev_27657,0.0016
rev_27658,0.9982
rev_27659,1.0
rev_27660,0.9985
rev_27661,0.0046
rev_27662,0.0014
rev_27663,0.1673
rev_27664,0.9975
rev_27665,0.9995
rev_27666,0.9976
rev_27667,0.8035
rev_27668,0.051
rev_27669,0.101
rev_27670,0.0008
rev_27671,0.0023
rev_27672,0.9991
rev_27673,0.9995
rev_27674,0.9972
rev_27675,0.0195
rev_27676,0.0332
rev_27677,0.0019
rev_27678,0.9969
rev_27679,0.9599
rev_27680,0.9977
rev_27681,0.0465
rev_27682,0.0002
rev_27683,0.0029
rev_27684,0.9985
rev_27685,0.9994
rev_27686,0.9953
rev_27687,0.0015
rev_27688,0.0028
rev_27689,0.0059
rev_27690,0.9997
rev_27691,0.9982
rev_27692,0.9996
rev_27693,0.9996
rev_27694,0.0024
rev_27695,0.007
rev_27696,0.0039
rev_27697,0.0014
rev_27698,0.996
rev_27699,0.9998
rev_27700,0.9901
rev_27701,0.0012
rev_27702,0.0883
rev_27703,0.0172
rev_27704,0.9997
rev_27705,0.9567
rev_27706,0.9943
rev_27707,0.1138
rev_27708,0.0048
rev_27709,0.0079
rev_27710,0.7428
rev_27711,0.999
rev_27712,0.9999
rev_27713,0.0039
rev_27714,0.0004
rev_27715,0.0006
rev_27716,0.9997
rev_27717,0.8843
rev_27718,0.9998
rev_27719,0.0016
rev_27720,0.0015
rev_27721,0.0014
rev_27722,0.6291
rev_27723,0.9954
rev_27724,0.9999
rev_27725,0.0021
rev_27726,0.0021
rev_27727,0.0182
rev_27728,0.9998
rev_27729,0.9999
rev_27730,0.9964
rev_27731,0.0027
rev_27732,0.2347
rev_27733,0.0148
rev_27734,0.9999
rev_27735,0.9998
rev_27736,0.9446
rev_27737,0.002
rev_27738,0.0013
rev_27739,0.0123
rev_27740,0.9999
rev_27741,0.994
rev_27742,0.9997
rev_27743,0.9508
rev_27744,0.0003
rev_27745,0.0052
rev_27746,0.0004
rev_27747,0.0042
rev_27748,0.9976
rev_27749,0.9965
rev_27750,0.9952
rev_27751,0.0225
rev_27752,0.0001
rev_27753,0.0039
rev_27754,0.9984
rev_27755,0.9764
rev_27756,0.9972
rev_27757,0.0031
rev_27758,0.003
rev_27759,0.0503
rev_27760,0.9999
rev_27761,0.9996
rev_27762,0.9977
rev_27763,0.0347
rev_27764,0.004
rev_27765,0.0905
rev_27766,0.9932
rev_27767,1.0
rev_27768,0.9956
rev_27769,0.005
rev_27770,0.0001
rev_27771,0.0666
rev_27772,0.9959
rev_27773,0.9986
rev_27774,0.9229
rev_27775,0.9958
rev_27776,0.0059
rev_27777,0.0015
rev_27778,0.0029
rev_27779,0.0872
rev_27780,0.9995
rev_27781,0.9959
rev_27782,0.9776
rev_27783,0.0174
rev_27784,0.0001
rev_27785,0.1681
rev_27786,0.999
rev_27787,0.9997
rev_27788,0.9998
rev_27789,0.0001
rev_27790,0.1099
rev_27791,0.0044
rev_27792,0.995
rev_27793,0.9998
rev_27794,0.9999
rev_27795,0.067
rev_27796,0.0046
rev_27797,0.0089
rev_27798,0.9927
rev_27799,0.9963
rev_27800,0.9688
rev_27801,0.0011
rev_27802,0.001
rev_27803,0.0187
rev_27804,0.9889
rev_27805,0.9998
rev_27806,0.9993
rev_27807,0.2988
rev_27808,0.0228
rev_27809,0.0041
rev_27810,0.9951
rev_27811,0.9992
rev_27812,0.9745
rev_27813,0.0518
rev_27814,0.0017
rev_27815,0.0003
rev_27816,0.9082
rev_27817,0.9998
rev_27818,0.9996
rev_27819,0.0351
rev_27820,0.0291
rev_27821,0.0018
rev_27822,0.9837
rev_27823,1.0
rev_27824,0.9608
rev_27825,0.0571
rev_27826,0.0013
rev_27827,0.0014
rev_27828,0.9983
rev_27829,0.9999
rev_27830,0.8646
rev_27831,0.0001
rev_27832,0.0054
rev_27833,0.0523
rev_27834,0.9983
rev_27835,0.9997
rev_27836,0.9644
rev_27837,0.0032
rev_27838,0.0743
rev_27839,0.0039
rev_27840,0.9952
rev_27841,0.9996
rev_27842,0.0432
rev_27843,0.0022
rev_27844,0.9996
rev_27845,0.9996
rev_27846,0.9951
rev_27847,0.0
rev_27848,0.0607
rev_27849,0.002
rev_27850,0.9942
rev_27851,0.999
rev_27852,0.9984
rev_27853,0.0155
rev_27854,0.0028
rev_27855,0.0003
rev_27856,0.9956
rev_27857,0.917
rev_27858,0.0023
rev_27859,0.1258
rev_27860,0.9983
rev_27861,1.0
rev_27862,0.9957
rev_27863,0.0017
rev_27864,0.0108
rev_27865,0.0013
rev_27866,0.9995
rev_27867,0.9997
rev_27868,0.9999
rev_27869,0.0147
rev_27870,0.0026
rev_27871,0.0001
rev_27872,0.9986
rev_27873,0.9644
rev_27874,0.9996
rev_27875,0.0478
rev_27876,0.0036
rev_27877,0.0002
rev_27878,0.9848
rev_27879,0.9969
rev_27880,0.9998
rev_27881,0.1073
rev_27882,0.0019
rev_27883,0.0016
rev_27884,0.9997
rev_27885,0.8883
rev_27886,0.9995
rev_27887,0.0039
rev_27888,0.0244
rev_27889,0.012
rev_27890,0.9999
rev_27891,0.9999
rev_27892,0.9984
rev_27893,0.0135
rev_27894,0.0004
rev_27895,0.0535
rev_27896,0.9893
rev_27897,0.9983
rev_27898,0.9995
rev_27899,0.0907
rev_27900,0.0025
rev_27901,0.0071
rev_27902,0.9998
rev_27903,0.9996
rev_27904,0.0
rev_27905,0.0488
rev_27906,0.9983
rev_27907,0.9986
rev_27908,0.9996
rev_27909,0.0023
rev_27910,0.0
rev_27911,0.0007
rev_27912,0.9998
rev_27913,0.9998
rev_27914,0.9974
rev_27915,0.0069
rev_27916,0.0055
rev_27917,0.0026
rev_27918,0.9984
rev_27919,0.9995
rev_27920,0.9967
rev_27921,0.008
rev_27922,0.0128
rev_27923,0.0015
rev_27924,0.997
rev_27925,0.9999
rev_27926,0.9906
rev_27927,0.0003
rev_27928,0.0153
rev_27929,0.0002
rev_27930,0.9983
rev_27931,0.9991
rev_27932,1.0
rev_27933,0.0179
rev_27934,0.0011
rev_27935,0.0003
rev_27936,0.8992
rev_27937,0.9863
rev_27938,0.9952
rev_27939,0.0022
rev_27940,0.0058
rev_27941,0.0046
rev_27942,0.9971
rev_27943,0.9957
rev_27944,0.9998
rev_27945,0.0025
rev_27946,0.0018
rev_27947,0.0016
rev_27948,0.9998
rev_27949,0.9857
rev_27950,0.0003
rev_27951,0.0008
rev_27952,0.9996
rev_27953,1.0
rev_27954,0.0001
rev_27955,0.0035
rev_27956,0.9991
rev_27957,0.99
rev_27958,0.9995
rev_27959,0.0017
rev_27960,0.0044
rev_27961,0.0225
rev_27962,0.9556
rev_27963,0.9999
rev_27964,0.0003
rev_27965,0.0
rev_27966,0.9987
rev_27967,0.9996
rev_27968,0.0349
rev_27969,0.0005
rev_27970,0.9846
rev_27971,0.9984
rev_27972,0.0091
rev_27973,0.001
rev_27974,0.9974
rev_27975,0.9971
rev_27976,0.0024
rev_27977,0.0002
rev_27978,0.994
rev_27979,0.984
rev_27980,0.0597
rev_27981,0.0013
rev_27982,1.0
rev_27983,0.999
rev_27984,0.2311
rev_27985,0.0182
rev_27986,0.0001
rev_27987,0.0229
rev_27988,0.9992
rev_27989,0.9774
rev_27990,0.0017
rev_27991,0.0433
rev_27992,1.0
rev_27993,0.9549
rev_27994,0.0007
rev_27995,0.0005
rev_27996,0.999
rev_27997,0.9891
rev_27998,0.0532
rev_27999,0.0
rev_28000,0.9996
rev_28001,0.9998
rev_28002,0.0112
rev_28003,0.0246
rev_28004,0.994
rev_28005,0.9917
rev_28006,0.0608
rev_28007,0.0192
rev_28008,0.9996
rev_28009,0.9982
rev_28010,1.0
rev_28011,0.0001
rev_28012,0.0007
rev_28013,0.0
rev_28014,0.9953
rev_28015,0.9994
rev_28016,0.999
rev_28017,0.0005
rev_28018,0.0279
rev_28019,0.0097
rev_28020,0.9998
rev_28021,0.7253
rev_28022,0.0048
rev_28023,0.0011
rev_28024,0.998
rev_28025,0.9992
rev_28026,0.0256
rev_28027,0.0003
rev_28028,0.9583
rev_28029,0.9993
rev_28030,0.0103
rev_28031,0.0003
rev_28032,0.9997
rev_28033,0.9297
rev_28034,0.2804
rev_28035,0.0002
rev_28036,0.9965
rev_28037,0.9986
rev_28038,0.0088
rev_28039,0.0007
rev_28040,0.9989
rev_28041,0.9995
rev_28042,0.0001
rev_28043,0.0033
rev_28044,0.9985
rev_28045,0.9997
rev_28046,0.0005
rev_28047,0.0011
rev_28048,0.9993
rev_28049,0.9992
rev_28050,0.0001
rev_28051,0.0004
rev_28052,0.9984
rev_28053,0.9994
rev_28054,0.0377
rev_28055,0.0042
rev_28056,0.9959
rev_28057,0.9999
rev_28058,0.0004
rev_28059,0.0093
rev_28060,0.9988
rev_28061,0.9992
rev_28062,0.0001
rev_28063,0.0008
rev_28064,0.9912
rev_28065,0.9985
rev_28066,0.0001
rev_28067,0.0089
rev_28068,0.9999
rev_28069,0.9975
rev_28070,0.0101
rev_28071,0.0011
rev_28072,0.9993
rev_28073,0.9997
rev_28074,0.0066
rev_28075,0.0003
rev_28076,0.9998
rev_28077,0.9994
rev_28078,0.0003
rev_28079,0.0028
rev_28080,0.9968
rev_28081,0.9995
rev_28082,0.0013
rev_28083,0.0005
rev_28084,0.9858
rev_28085,0.9988
rev_28086,0.0003
rev_28087,0.0023
rev_28088,0.9971
rev_28089,0.9998
rev_28090,0.0
rev_28091,0.0003
rev_28092,0.9945
rev_28093,0.9972
rev_28094,0.0067
rev_28095,0.001
rev_28096,0.9998
rev_28097,0.9981
rev_28098,0.0012
rev_28099,0.0004
rev_28100,0.9994
rev_28101,0.9999
rev_28102,0.0144
rev_28103,0.0
rev_28104,0.9994
rev_28105,0.9999
rev_28106,0.0057
rev_28107,0.0003
rev_28108,0.9983
rev_28109,0.9988
rev_28110,0.0003
rev_28111,0.0015
rev_28112,0.999
rev_28113,0.2769
rev_28114,0.0048
rev_28115,0.0069
rev_28116,1.0
rev_28117,0.9976
rev_28118,0.0001
rev_28119,0.0032
rev_28120,1.0
rev_28121,0.9999
rev_28122,0.0004
rev_28123,0.0004
rev_28124,1.0
rev_28125,0.9995
rev_28126,0.0
rev_28127,0.0332
rev_28128,0.9996
rev_28129,0.9977
rev_28130,0.0092
rev_28131,0.0007
rev_28132,0.9999
rev_28133,0.9115
rev_28134,0.0047
rev_28135,0.0169
rev_28136,0.9949
rev_28137,0.9999
rev_28138,0.0138
rev_28139,0.0052
rev_28140,0.9987
rev_28141,0.9995
rev_28142,0.0123
rev_28143,0.0332
rev_28144,0.9999
rev_28145,0.9955
rev_28146,0.0005
rev_28147,0.0002
rev_28148,0.9931
rev_28149,0.9982
rev_28150,0.0036
rev_28151,0.0003
rev_28152,0.9999
rev_28153,0.9961
rev_28154,0.1081
rev_28155,0.0223
rev_28156,0.9995
rev_28157,0.989
rev_28158,0.0337
rev_28159,0.0
rev_28160,0.9999
rev_28161,0.9996
rev_28162,0.0001
rev_28163,0.0006
rev_28164,1.0
rev_28165,0.999
rev_28166,0.0001
rev_28167,0.0016
rev_28168,0.9998
rev_28169,0.0535
rev_28170,1.0
rev_28171,0.9999
rev_28172,0.0011
rev_28173,0.0016
rev_28174,1.0
rev_28175,0.9997
rev_28176,0.0003
rev_28177,0.0002
rev_28178,0.9998
rev_28179,0.9999
rev_28180,0.1076
rev_28181,0.0222
rev_28182,0.9994
rev_28183,0.9993
rev_28184,0.001
rev_28185,0.0001
rev_28186,0.999
rev_28187,0.9999
rev_28188,0.0006
rev_28189,0.0008
rev_28190,0.9994
rev_28191,0.9997
rev_28192,0.0
rev_28193,0.0438
rev_28194,0.9999
rev_28195,0.9035
rev_28196,0.0322
rev_28197,0.0102
rev_28198,0.9998
rev_28199,0.9984
rev_28200,0.0002
rev_28201,0.0111
rev_28202,1.0
rev_28203,0.9991
rev_28204,0.0039
rev_28205,0.0015
rev_28206,0.9998
rev_28207,0.9983
rev_28208,0.0022
rev_28209,0.0059
rev_28210,0.9874
rev_28211,0.9966
rev_28212,0.0112
rev_28213,0.0007
rev_28214,0.9999
rev_28215,0.9995
rev_28216,0.0325
rev_28217,0.0015
rev_28218,0.9985
rev_28219,0.1958
rev_28220,0.0007
rev_28221,0.0084
rev_28222,0.9972
rev_28223,0.9995
rev_28224,0.0004
rev_28225,0.001
rev_28226,0.9994
rev_28227,1.0
rev_28228,0.1154
rev_28229,0.0002
rev_28230,1.0
rev_28231,0.0002
rev_28232,0.9999
rev_28233,1.0
rev_28234,0.0001
rev_28235,0.0089
rev_28236,0.9343
rev_28237,0.192
rev_28238,0.0042
rev_28239,0.0004
rev_28240,0.9997
rev_28241,0.0037
rev_28242,0.9988
rev_28243,0.0004
rev_28244,0.9824
rev_28245,0.9955
rev_28246,0.0011
rev_28247,0.0001
rev_28248,0.6624
rev_28249,1.0
rev_28250,0.0016
rev_28251,0.0321
rev_28252,0.9999
rev_28253,0.9978
rev_28254,0.0093
rev_28255,0.0028
rev_28256,0.9986
rev_28257,0.001
rev_28258,1.0
rev_28259,0.9983
rev_28260,0.0128
rev_28261,0.0184
rev_28262,0.9999
rev_28263,0.0033
rev_28264,0.9999
rev_28265,0.9982
rev_28266,0.0045
rev_28267,0.0016
rev_28268,0.9858
rev_28269,0.0001
rev_28270,0.9999
rev_28271,0.9575
rev_28272,0.0006
rev_28273,0.0012
rev_28274,0.999
rev_28275,0.0003
rev_28276,0.9994
rev_28277,0.0001
rev_28278,0.9994
rev_28279,0.9991
rev_28280,0.0002
rev_28281,0.0013
rev_28282,0.9995
rev_28283,0.0013
rev_28284,0.9857
rev_28285,0.9955
rev_28286,0.0002
rev_28287,0.0009
rev_28288,0.9998
rev_28289,0.0088
rev_28290,0.9996
rev_28291,0.9998
rev_28292,0.0007
rev_28293,0.0142
rev_28294,1.0
rev_28295,0.9743
rev_28296,0.0
rev_28297,0.0445
rev_28298,1.0
rev_28299,0.001
rev_28300,0.999
rev_28301,0.9962
rev_28302,0.0021
rev_28303,0.0115
rev_28304,0.9995
rev_28305,0.9998
rev_28306,0.0013
rev_28307,0.0001
rev_28308,0.9996
rev_28309,0.9994
rev_28310,0.0
rev_28311,0.0
rev_28312,0.9999
rev_28313,0.0004
rev_28314,1.0
rev_28315,0.789
rev_28316,0.0007
rev_28317,0.0041
rev_28318,0.9999
rev_28319,0.0494
rev_28320,1.0
rev_28321,0.0002
rev_28322,0.29
rev_28323,0.0001
rev_28324,0.9994
rev_28325,0.9991
rev_28326,0.0008
rev_28327,0.0
rev_28328,0.9986
rev_28329,0.0002
rev_28330,0.9996
rev_28331,0.0001
rev_28332,0.9118
rev_28333,0.0
rev_28334,0.9998
rev_28335,1.0
rev_28336,0.0005
rev_28337,0.0069
rev_28338,0.9996
rev_28339,0.0001
rev_28340,0.9975
rev_28341,0.0087
rev_28342,0.9998
rev_28343,0.8905
rev_28344,0.0
rev_28345,0.0001
rev_28346,0.9998
rev_28347,0.0001
rev_28348,1.0
rev_28349,1.0
rev_28350,0.0002
rev_28351,0.0039
rev_28352,0.9998
rev_28353,0.0004
rev_28354,0.9964
rev_28355,1.0
rev_28356,0.001
rev_28357,0.0004
rev_28358,0.9952
rev_28359,0.0122
rev_28360,0.9993
rev_28361,0.0
rev_28362,0.9994
rev_28363,0.0015
rev_28364,0.9991
rev_28365,0.0001
rev_28366,0.9969
rev_28367,0.0
rev_28368,0.9999
rev_28369,0.0115
rev_28370,1.0
rev_28371,0.0005
rev_28372,1.0
rev_28373,0.0037
rev_28374,1.0
rev_28375,0.0027
rev_28376,0.9912
rev_28377,0.0068
rev_28378,0.9996
rev_28379,0.0008
rev_28380,0.9999
rev_28381,0.6514
rev_28382,0.0066
rev_28383,0.002
rev_28384,0.993
rev_28385,0.0007
rev_28386,0.9998
rev_28387,0.0148
rev_28388,0.9999
rev_28389,0.9928
rev_28390,0.0003
rev_28391,0.0036
rev_28392,0.8636
rev_28393,0.0028
rev_28394,0.9968
rev_28395,0.0003
rev_28396,0.9995
rev_28397,0.0005
rev_28398,0.9848
rev_28399,0.0001
rev_28400,1.0
rev_28401,0.0002
rev_28402,0.9999
rev_28403,0.0017
rev_28404,1.0
rev_28405,0.0038
rev_28406,0.9997
rev_28407,0.0289
rev_28408,0.994
rev_28409,0.0012
rev_28410,0.9998
rev_28411,0.0026
rev_28412,0.5898
rev_28413,0.9933
rev_28414,0.9729
rev_28415,0.7382
rev_28416,0.8863
rev_28417,0.971
rev_28418,0.8629
rev_28419,0.9941
rev_28420,0.9413
rev_28421,0.9989
rev_28422,0.9933
rev_28423,0.9431
rev_28424,0.9679
rev_28425,0.6938
rev_28426,0.67
rev_28427,0.9239
rev_28428,0.6361
rev_28429,0.9757
rev_28430,0.6829
rev_28431,0.9998
rev_28432,0.7718
rev_28433,0.9867
rev_28434,0.5423
rev_28435,0.5905
rev_28436,0.2154
rev_28437,0.892
rev_28438,0.2823
rev_28439,0.1271
rev_28440,0.0298
rev_28441,0.0477
rev_28442,0.1102
rev_28443,0.1404
rev_28444,0.1211
rev_28445,0.197
rev_28446,0.3803
rev_28447,0.2072
rev_28448,0.4392
rev_28449,0.0096
rev_28450,0.7732
rev_28451,0.1234
rev_28452,0.0122
rev_28453,0.1461
rev_28454,0.1417
rev_28455,0.1491
rev_28456,0.1265
rev_28457,0.0974
rev_28458,0.2424
rev_28459,0.3347
rev_28460,0.9782
rev_28461,0.9565
rev_28462,0.9641
rev_28463,0.3628
rev_28464,0.9989
rev_28465,1.0
rev_28466,0.9826
rev_28467,0.4553
rev_28468,0.8205
rev_28469,0.4296
rev_28470,0.9085
rev_28471,0.7547
rev_28472,0.9673
rev_28473,0.7046
rev_28474,0.9866
rev_28475,0.7023
rev_28476,0.2439
rev_28477,0.9929
rev_28478,0.6208
rev_28479,0.8893
rev_28480,0.9947
rev_28481,0.9986
rev_28482,0.955
rev_28483,0.9783
rev_28484,0.7102
rev_28485,0.6247
rev_28486,0.2392
rev_28487,0.0248
rev_28488,0.4547
rev_28489,0.0479
rev_28490,0.0981
rev_28491,0.1927
rev_28492,0.0433
rev_28493,0.064
rev_28494,0.1191
rev_28495,0.1534
rev_28496,0.0174
rev_28497,0.0204
rev_28498,0.2697
rev_28499,0.0652
rev_28500,0.1596
rev_28501,0.1099
rev_28502,0.4605
rev_28503,0.276
rev_28504,0.0389
rev_28505,0.1076
rev_28506,0.1649
rev_28507,0.0556
rev_28508,0.9979
rev_28509,0.5152
rev_28510,0.9503
rev_28511,0.9992
rev_28512,0.9998
rev_28513,0.9904
rev_28514,0.9994
rev_28515,0.2878
rev_28516,0.2938
rev_28517,0.9064
rev_28518,0.9988
rev_28519,0.8348
rev_28520,0.9502
rev_28521,0.9738
rev_28522,0.7572
rev_28523,0.3723
rev_28524,0.7165
rev_28525,0.9243
rev_28526,0.9988
rev_28527,0.9997
rev_28528,0.8861
rev_28529,0.9819
rev_28530,0.359
rev_28531,0.87
rev_28532,0.0321
rev_28533,0.4505
rev_28534,0.3056
rev_28535,0.5069
rev_28536,0.5057
rev_28537,0.028
rev_28538,0.1078
rev_28539,0.1647
rev_28540,0.4872
rev_28541,0.026
rev_28542,0.2922
rev_28543,0.0256
rev_28544,0.4218
rev_28545,0.4534
rev_28546,0.6194
rev_28547,0.1807
rev_28548,0.0046
rev_28549,0.1631
rev_28550,0.015
rev_28551,0.5043
rev_28552,0.9998
rev_28553,0.8241
rev_28554,0.9993
rev_28555,0.7796
rev_28556,0.6254
rev_28557,0.1552
rev_28558,0.7494
rev_28559,0.8279
rev_28560,0.98
rev_28561,0.7053
rev_28562,0.9582
rev_28563,0.9153
rev_28564,0.9992
rev_28565,0.699
rev_28566,0.9708
rev_28567,0.1933
rev_28568,0.4448
rev_28569,0.9249
rev_28570,0.4397
rev_28571,0.9983
rev_28572,0.999
rev_28573,0.5006
rev_28574,0.2422
rev_28575,0.2033
rev_28576,0.9267
rev_28577,0.1205
rev_28578,0.3112
rev_28579,0.307
rev_28580,0.0516
rev_28581,0.117
rev_28582,0.029
rev_28583,0.0362
rev_28584,0.0464
rev_28585,0.0606
rev_28586,0.0585
rev_28587,0.283
rev_28588,0.3268
rev_28589,0.0284
rev_28590,0.7347
rev_28591,0.28
rev_28592,0.0528
rev_28593,0.2111
rev_28594,0.0993
rev_28595,0.9148
rev_28596,0.9401
rev_28597,0.5554
rev_28598,0.4775
rev_28599,0.997
rev_28600,0.6726
rev_28601,0.9968
rev_28602,0.9885
rev_28603,0.9115
rev_28604,0.9307
rev_28605,0.3604
rev_28606,0.9922
rev_28607,0.998
rev_28608,0.997
rev_28609,0.7777
rev_28610,0.9867
rev_28611,0.9496
rev_28612,0.9977
rev_28613,0.9893
rev_28614,0.2612
rev_28615,0.0219
rev_28616,0.1754
rev_28617,0.1859
rev_28618,0.2774
rev_28619,0.0399
rev_28620,0.2535
rev_28621,0.2762
rev_28622,0.0128
rev_28623,0.8608
rev_28624,0.2258
rev_28625,0.2773
rev_28626,0.9541
rev_28627,0.0257
rev_28628,0.0333
rev_28629,0.928
rev_28630,0.0868
rev_28631,0.012
rev_28632,0.4725
rev_28633,0.1884
rev_28634,0.9753
rev_28635,0.6918
rev_28636,0.9778
rev_28637,0.9963
rev_28638,0.9821
rev_28639,0.9993
rev_28640,0.6129
rev_28641,0.7968
rev_28642,0.4103
rev_28643,0.9979
rev_28644,0.709
rev_28645,0.9873
rev_28646,0.6554
rev_28647,0.9192
rev_28648,0.7491
rev_28649,0.9718
rev_28650,0.998
rev_28651,0.9995
rev_28652,0.0317
rev_28653,0.9961
rev_28654,0.1537
rev_28655,0.0964
rev_28656,0.0288
rev_28657,0.0287
rev_28658,0.7633
rev_28659,0.0077
rev_28660,0.3166
rev_28661,0.3073
rev_28662,0.2857
rev_28663,0.0077
rev_28664,0.0749
rev_28665,0.3739
rev_28666,0.6528
rev_28667,0.0425
rev_28668,0.0158
rev_28669,0.7696
rev_28670,0.4443
rev_28671,0.2898
rev_28672,0.0276
rev_28673,0.062
rev_28674,0.9284
rev_28675,0.9994
rev_28676,0.9593
rev_28677,0.9991
rev_28678,0.9981
rev_28679,0.3804
rev_28680,0.8408
rev_28681,0.1975
rev_28682,0.6766
rev_28683,0.9719
rev_28684,0.0885
rev_28685,0.0144
rev_28686,0.0954
rev_28687,0.9375
rev_28688,0.9585
rev_28689,0.9998
rev_28690,0.9719
rev_28691,0.9866
rev_28692,0.9981
rev_28693,0.1581
rev_28694,0.1835
rev_28695,0.8352
rev_28696,0.4678
rev_28697,0.003
rev_28698,0.0565
rev_28699,0.3299
rev_28700,0.5349
rev_28701,0.5562
rev_28702,0.0144
rev_28703,0.8605
rev_28704,0.3276
rev_28705,0.0042
rev_28706,0.1518
rev_28707,0.0197
rev_28708,0.1831
rev_28709,0.1318
rev_28710,0.2072
rev_28711,0.1726
rev_28712,0.722
rev_28713,0.7977
rev_28714,0.9669
rev_28715,0.9903
rev_28716,0.9027
rev_28717,0.9922
rev_28718,0.9654
rev_28719,0.9325
rev_28720,0.9765
rev_28721,0.9959
rev_28722,0.9916
rev_28723,0.9841
rev_28724,0.9732
rev_28725,0.678
rev_28726,0.9808
rev_28727,0.2769
rev_28728,0.4661
rev_28729,0.9471
rev_28730,0.178
rev_28731,0.0136
rev_28732,0.4918
rev_28733,0.2077
rev_28734,0.1819
rev_28735,0.7406
rev_28736,0.0016
rev_28737,0.0284
rev_28738,0.5721
rev_28739,0.0973
rev_28740,0.8773
rev_28741,0.5734
rev_28742,0.0079
rev_28743,0.2121
rev_28744,0.0609
rev_28745,0.9254
rev_28746,0.0765
rev_28747,0.008
rev_28748,0.4177
rev_28749,0.9959
rev_28750,0.9373
rev_28751,0.9997
rev_28752,0.9441
rev_28753,0.9915
rev_28754,0.9664
rev_28755,0.996
rev_28756,0.9298
rev_28757,0.9165
rev_28758,0.9848
rev_28759,0.9252
rev_28760,0.9987
rev_28761,0.9306
rev_28762,0.6624
rev_28763,0.6278
rev_28764,0.9975
rev_28765,0.9905
rev_28766,0.0372
rev_28767,0.1007
rev_28768,0.0458
rev_28769,0.4956
rev_28770,0.1039
rev_28771,0.1639
rev_28772,0.9673
rev_28773,0.0072
rev_28774,0.1964
rev_28775,0.9275
rev_28776,0.6247
rev_28777,0.002
rev_28778,0.4242
rev_28779,0.1432
rev_28780,0.0655
rev_28781,0.1364
rev_28782,0.0326
rev_28783,0.6791
rev_28784,0.3166
rev_28785,0.9832
rev_28786,0.8733
rev_28787,0.9672
rev_28788,0.987
rev_28789,0.3139
rev_28790,0.8557
rev_28791,0.9986
rev_28792,0.9223
rev_28793,0.9413
rev_28794,0.893
rev_28795,0.9539
rev_28796,0.4165
rev_28797,0.9797
rev_28798,0.9998
rev_28799,0.9395
rev_28800,0.8913
rev_28801,0.9525
rev_28802,0.8272
rev_28803,0.0738
rev_28804,0.1024
rev_28805,0.0658
rev_28806,0.4277
rev_28807,0.2689
rev_28808,0.1472
rev_28809,0.5025
rev_28810,0.0275
rev_28811,0.0482
rev_28812,0.1198
rev_28813,0.0425
rev_28814,0.0263
rev_28815,0.5946
rev_28816,0.4276
rev_28817,0.5214
rev_28818,0.1189
rev_28819,0.916
rev_28820,0.0642
rev_28821,0.0795
rev_28822,0.9938
rev_28823,0.9999
rev_28824,0.9818
rev_28825,0.5242
rev_28826,0.6803
rev_28827,0.9993
rev_28828,0.5891
rev_28829,0.1159
rev_28830,0.9926
rev_28831,0.9909
rev_28832,0.1796
rev_28833,0.9862
rev_28834,0.9735
rev_28835,0.9879
rev_28836,0.3843
rev_28837,0.9179
rev_28838,0.8704
rev_28839,0.9974
rev_28840,0.6693
rev_28841,0.9381
rev_28842,0.3051
rev_28843,0.9961
rev_28844,0.5681
rev_28845,0.9114
rev_28846,0.4222
rev_28847,0.9773
rev_28848,0.9989
rev_28849,0.4479
rev_28850,0.1716
rev_28851,0.7442
rev_28852,0.9976
rev_28853,0.7448
rev_28854,0.9847
rev_28855,0.9139
rev_28856,0.9995
rev_28857,0.6731
rev_28858,0.9808
rev_28859,0.4629
rev_28860,0.8271
rev_28861,0.9579
rev_28862,0.9652
rev_28863,0.9994
rev_28864,0.8722
rev_28865,0.9999
rev_28866,0.9568
rev_28867,0.9995
rev_28868,0.8874
rev_28869,0.8179
rev_28870,0.8678
rev_28871,0.9906
rev_28872,0.9833
rev_28873,0.6672
rev_28874,0.0817
rev_28875,0.31
rev_28876,0.0728
rev_28877,0.0306
rev_28878,0.0505
rev_28879,0.0307
rev_28880,0.0284
rev_28881,0.1216
rev_28882,0.0116
rev_28883,0.2171
rev_28884,0.1034
rev_28885,0.5141
rev_28886,0.764
rev_28887,0.0769
rev_28888,0.0461
rev_28889,0.0615
rev_28890,0.0298
rev_28891,0.2428
rev_28892,0.0368
rev_28893,0.0922
rev_28894,0.0055
rev_28895,0.066
rev_28896,0.1448
rev_28897,0.0051
rev_28898,0.0059
rev_28899,0.0017
rev_28900,0.0194
rev_28901,0.0079
rev_28902,0.0144
rev_28903,0.0749
rev_28904,0.2182
rev_28905,0.1191
rev_28906,0.0158
rev_28907,0.0049
rev_28908,0.1207
rev_28909,0.079
rev_28910,0.9965
rev_28911,0.2353
rev_28912,0.1747
rev_28913,0.3529
rev_28914,0.012
rev_28915,0.5542
rev_28916,0.0301
rev_28917,0.1636
rev_28918,0.6727
rev_28919,0.384
rev_28920,0.0555
rev_28921,0.6253
rev_28922,0.0337
rev_28923,0.0671
rev_28924,0.0176
rev_28925,0.0261
rev_28926,0.9759
rev_28927,0.2723
rev_28928,0.0284
rev_28929,0.8938
rev_28930,0.9725
rev_28931,0.7627
rev_28932,0.9841
rev_28933,0.8852
rev_28934,0.8387
rev_28935,0.9998
rev_28936,0.9998
rev_28937,0.9736
rev_28938,0.994
rev_28939,0.9993
rev_28940,0.8128
rev_28941,0.9907
rev_28942,0.9993
rev_28943,0.6596
rev_28944,0.9036
rev_28945,0.6772
rev_28946,0.9642
rev_28947,0.9437
rev_28948,0.4446
rev_28949,0.9985
rev_28950,0.9991
rev_28951,0.9996
rev_28952,0.9991
rev_28953,0.9895
rev_28954,0.9803
rev_28955,0.9913
rev_28956,0.3193
rev_28957,0.9991
rev_28958,0.9141
rev_28959,0.9705
rev_28960,0.496
rev_28961,0.4345
rev_28962,0.9988
rev_28963,0.9999
rev_28964,0.9095
rev_28965,0.9988
rev_28966,0.1293
rev_28967,0.6464
rev_28968,0.8499
rev_28969,0.9884
rev_28970,0.9015
rev_28971,0.989
rev_28972,0.3162
rev_28973,0.9973
rev_28974,0.8087
rev_28975,0.5569
rev_28976,0.7868
rev_28977,0.9669
rev_28978,0.9798
rev_28979,0.8785
rev_28980,0.7072
rev_28981,0.9948
rev_28982,0.0029
rev_28983,0.4394
rev_28984,0.1778
rev_28985,0.0005
rev_28986,0.11
rev_28987,0.0216
rev_28988,0.5104
rev_28989,0.0107
rev_28990,0.3855
rev_28991,0.6097
rev_28992,0.0172
rev_28993,0.0434
rev_28994,0.8186
rev_28995,0.0754
rev_28996,0.738
rev_28997,0.0898
rev_28998,0.2303
rev_28999,0.218
rev_29000,0.116
rev_29001,0.0539
rev_29002,0.3112
rev_29003,0.5845
rev_29004,0.1466
rev_29005,0.4793
rev_29006,0.7511
rev_29007,0.0064
rev_29008,0.1118
rev_29009,0.0976
rev_29010,0.0114
rev_29011,0.0851
rev_29012,0.0071
rev_29013,0.0736
rev_29014,0.8792
rev_29015,0.4196
rev_29016,0.0736
rev_29017,0.3566
rev_29018,0.0009
rev_29019,0.2987
rev_29020,0.0085
rev_29021,0.2026
rev_29022,0.0302
rev_29023,0.2489
rev_29024,0.8696
rev_29025,0.3745
rev_29026,0.6567
rev_29027,0.2134
rev_29028,0.0559
rev_29029,0.0603
rev_29030,0.2752
rev_29031,0.4018
rev_29032,0.2447
rev_29033,0.0072
rev_29034,0.3416
rev_29035,0.1226
rev_29036,0.2651
rev_29037,0.7008
rev_29038,0.6817
rev_29039,0.8487
rev_29040,0.99
rev_29041,0.9923
rev_29042,0.9991
rev_29043,0.9928
rev_29044,0.5213
rev_29045,0.3057
rev_29046,0.6417
rev_29047,0.6277
rev_29048,0.6315
rev_29049,0.9918
rev_29050,0.9973
rev_29051,0.4633
rev_29052,0.9826
rev_29053,0.9735
rev_29054,0.9998
rev_29055,0.9626
rev_29056,0.9865
rev_29057,0.9081
rev_29058,0.4239
rev_29059,0.9896
rev_29060,0.9811
rev_29061,0.7861
rev_29062,0.9596
rev_29063,0.8695
rev_29064,0.9714
rev_29065,0.9386
rev_29066,0.9286
rev_29067,0.9993
rev_29068,0.9764
rev_29069,0.9995
rev_29070,0.9996
rev_29071,0.6001
rev_29072,0.9993
rev_29073,0.7946
rev_29074,1.0
rev_29075,0.8866
rev_29076,0.9888
rev_29077,0.9995
rev_29078,0.9462
rev_29079,0.6545
rev_29080,0.964
rev_29081,0.9972
rev_29082,0.9343
rev_29083,0.9962
rev_29084,0.5919
rev_29085,0.9989
rev_29086,0.7787
rev_29087,0.7299
rev_29088,0.959
rev_29089,0.3723
rev_29090,0.8674
rev_29091,0.9721
rev_29092,0.084
rev_29093,0.0035
rev_29094,0.2723
rev_29095,0.0653
rev_29096,0.1847
rev_29097,0.1146
rev_29098,0.1025
rev_29099,0.0149
rev_29100,0.0175
rev_29101,0.1401
rev_29102,0.2558
rev_29103,0.8656
rev_29104,0.078
rev_29105,0.1892
rev_29106,0.2249
rev_29107,0.016
rev_29108,0.3703
rev_29109,0.117
rev_29110,0.1164
rev_29111,0.7488
rev_29112,0.0154
rev_29113,0.0364
rev_29114,0.1509
rev_29115,0.8897
rev_29116,0.0177
rev_29117,0.0068
rev_29118,0.181
rev_29119,0.0171
rev_29120,0.979
rev_29121,0.7814
rev_29122,0.2808
rev_29123,0.2426
rev_29124,0.2187
rev_29125,0.0783
rev_29126,0.193
rev_29127,0.9251
rev_29128,0.1693
rev_29129,0.8456
rev_29130,0.6088
rev_29131,0.0028
rev_29132,0.0757
rev_29133,0.6387
rev_29134,0.0203
rev_29135,0.0597
rev_29136,0.1218
rev_29137,0.4912
rev_29138,0.0378
rev_29139,0.0215
rev_29140,0.477
rev_29141,0.0225
rev_29142,0.0444
rev_29143,0.3553
rev_29144,0.9127
rev_29145,0.8521
rev_29146,0.9986
rev_29147,0.8449
rev_29148,0.7057
rev_29149,0.9645
rev_29150,0.9464
rev_29151,0.7495
rev_29152,0.994
rev_29153,0.9981
rev_29154,0.9904
rev_29155,0.9702
rev_29156,0.8733
rev_29157,0.9999
rev_29158,0.9958
rev_29159,0.9982
rev_29160,0.9768
rev_29161,0.7859
rev_29162,0.9933
rev_29163,0.587
rev_29164,0.9192
rev_29165,0.9865
rev_29166,0.4924
rev_29167,0.9028
rev_29168,0.1616
rev_29169,0.9888
rev_29170,0.9897
rev_29171,0.3682
rev_29172,0.9958
rev_29173,0.646
rev_29174,0.998
rev_29175,0.9978
rev_29176,0.8734
rev_29177,0.6416
rev_29178,0.4138
rev_29179,0.9887
rev_29180,0.9682
rev_29181,0.9999
rev_29182,0.4007
rev_29183,0.9856
rev_29184,0.9893
rev_29185,0.9568
rev_29186,0.9835
rev_29187,0.9702
rev_29188,0.716
rev_29189,0.9985
rev_29190,0.8466
rev_29191,0.9983
rev_29192,0.9995
rev_29193,0.9877
rev_29194,0.9976
rev_29195,0.0997
rev_29196,0.0027
rev_29197,0.0673
rev_29198,0.4159
rev_29199,0.2852
rev_29200,0.033
rev_29201,0.2369
rev_29202,0.0046
rev_29203,0.8159
rev_29204,0.0142
rev_29205,0.0328
rev_29206,0.5677
rev_29207,0.0059
rev_29208,0.0352
rev_29209,0.2781
rev_29210,0.847
rev_29211,0.1724
rev_29212,0.0169
rev_29213,0.0045
rev_29214,0.026
rev_29215,0.4051
rev_29216,0.1521
rev_29217,0.1533
rev_29218,0.1627
rev_29219,0.0298
rev_29220,0.0527
rev_29221,0.153
rev_29222,0.0678
rev_29223,0.0419
rev_29224,0.3017
rev_29225,0.1316
rev_29226,0.0079
rev_29227,0.0279
rev_29228,0.0297
rev_29229,0.4627
rev_29230,0.7684
rev_29231,0.4766
rev_29232,0.5521
rev_29233,0.0208
rev_29234,0.0813
rev_29235,0.021
rev_29236,0.0263
rev_29237,0.4851
rev_29238,0.0318
rev_29239,0.1058
rev_29240,0.0728
rev_29241,0.0691
rev_29242,0.1427
rev_29243,0.2959
rev_29244,0.0079
rev_29245,0.2646
rev_29246,0.726
rev_29247,0.9965
rev_29248,0.9994
rev_29249,0.9478
rev_29250,0.9618
rev_29251,0.9716
rev_29252,0.6823
rev_29253,0.7083
rev_29254,0.8197
rev_29255,0.9096
rev_29256,0.9625
rev_29257,0.0385
rev_29258,0.645
rev_29259,0.8489
rev_29260,0.9984
rev_29261,0.9866
rev_29262,0.8798
rev_29263,0.9656
rev_29264,0.9915
rev_29265,0.9241
rev_29266,0.9716
rev_29267,0.9801
rev_29268,0.9959
rev_29269,0.9358
rev_29270,0.9778
rev_29271,0.9399
rev_29272,0.3542
rev_29273,0.9927
rev_29274,0.8931
rev_29275,0.9418
rev_29276,0.9586
rev_29277,0.9544
rev_29278,0.5369
rev_29279,0.5972
rev_29280,0.8161
rev_29281,0.9997
rev_29282,0.6775
rev_29283,0.9815
rev_29284,0.9835
rev_29285,0.6089
rev_29286,0.9924
rev_29287,0.9899
rev_29288,0.9918
rev_29289,0.9458
rev_29290,0.257
rev_29291,0.7998
rev_29292,0.0324
rev_29293,0.029
rev_29294,0.0088
rev_29295,0.1115
rev_29296,0.06
rev_29297,0.0278
rev_29298,0.5687
rev_29299,0.0264
rev_29300,0.0895
rev_29301,0.0263
rev_29302,0.0943
rev_29303,0.2347
rev_29304,0.0891
rev_29305,0.0162
rev_29306,0.0182
rev_29307,0.0211
rev_29308,0.0686
rev_29309,0.0836
rev_29310,0.0248
rev_29311,0.007
rev_29312,0.029
rev_29313,0.222
rev_29314,0.0304
rev_29315,0.0047
rev_29316,0.4393
rev_29317,0.8089
rev_29318,0.077
rev_29319,0.1462
rev_29320,0.0833
rev_29321,0.8212
rev_29322,0.0853
rev_29323,0.6191
rev_29324,0.1029
rev_29325,0.0061
rev_29326,0.6473
rev_29327,0.5367
rev_29328,0.7392
rev_29329,0.0475
rev_29330,0.002
rev_29331,0.0331
rev_29332,0.3484
rev_29333,0.1747
rev_29334,0.091
rev_29335,0.9968
rev_29336,0.9765
rev_29337,0.9308
rev_29338,0.9874
rev_29339,0.7445
rev_29340,0.6077
rev_29341,0.8446
rev_29342,0.9925
rev_29343,0.999
rev_29344,0.9998
rev_29345,0.9891
rev_29346,0.9955
rev_29347,0.9045
rev_29348,0.9007
rev_29349,0.9806
rev_29350,0.9997
rev_29351,0.1979
rev_29352,0.9897
rev_29353,0.8698
rev_29354,0.9994
rev_29355,0.8774
rev_29356,0.9839
rev_29357,0.9988
rev_29358,0.7256
rev_29359,0.9929
rev_29360,0.7496
rev_29361,0.9756
rev_29362,0.9907
rev_29363,0.4933
rev_29364,0.2797
rev_29365,0.9795
rev_29366,0.5392
rev_29367,0.15
rev_29368,0.9992
rev_29369,0.9118
rev_29370,0.9753
rev_29371,0.5723
rev_29372,0.9977
rev_29373,0.9733
rev_29374,0.9991
rev_29375,0.9801
rev_29376,0.1695
rev_29377,0.0327
rev_29378,0.0424
rev_29379,0.1043
rev_29380,0.6784
rev_29381,0.1812
rev_29382,0.0459
rev_29383,0.0763
rev_29384,0.0027
rev_29385,0.1419
rev_29386,0.2497
rev_29387,0.0191
rev_29388,0.6756
rev_29389,0.1584
rev_29390,0.054
rev_29391,0.1863
rev_29392,0.1743
rev_29393,0.0047
rev_29394,0.9319
rev_29395,0.6453
rev_29396,0.0589
rev_29397,0.0169
rev_29398,0.5646
rev_29399,0.519
rev_29400,0.0064
rev_29401,0.1095
rev_29402,0.1873
rev_29403,0.0172
rev_29404,0.0285
rev_29405,0.0233
rev_29406,0.0317
rev_29407,0.1008
rev_29408,0.5331
rev_29409,0.052
rev_29410,0.0294
rev_29411,0.0944
rev_29412,0.0323
rev_29413,0.2829
rev_29414,0.0144
rev_29415,0.1172
rev_29416,0.0655
rev_29417,0.931
rev_29418,0.7796
rev_29419,0.6671
rev_29420,0.7575
rev_29421,0.934
rev_29422,0.9986
rev_29423,0.9996
rev_29424,0.7442
rev_29425,0.9942
rev_29426,0.8627
rev_29427,0.6812
rev_29428,0.9943
rev_29429,0.9528
rev_29430,0.9961
rev_29431,0.9082
rev_29432,0.3667
rev_29433,0.8859
rev_29434,0.9988
rev_29435,0.8333
rev_29436,0.9457
rev_29437,0.9545
rev_29438,0.8021
rev_29439,0.9364
rev_29440,0.9446
rev_29441,0.7737
rev_29442,0.8962
rev_29443,0.9979
rev_29444,0.8023
rev_29445,0.9995
rev_29446,0.9997
rev_29447,0.8638
rev_29448,0.6876
rev_29449,0.5985
rev_29450,0.9929
rev_29451,0.8347
rev_29452,0.9761
rev_29453,0.8907
rev_29454,0.8814
rev_29455,0.9943
rev_29456,0.0418
rev_29457,0.0138
rev_29458,0.1387
rev_29459,0.2111
rev_29460,0.024
rev_29461,0.3937
rev_29462,0.7917
rev_29463,0.1862
rev_29464,0.0102
rev_29465,0.0133
rev_29466,0.0229
rev_29467,0.426
rev_29468,0.1081
rev_29469,0.0165
rev_29470,0.0152
rev_29471,0.0135
rev_29472,0.87
rev_29473,0.278
rev_29474,0.3762
rev_29475,0.5476
rev_29476,0.1092
rev_29477,0.7571
rev_29478,0.0252
rev_29479,0.0755
rev_29480,0.5738
rev_29481,0.0685
rev_29482,0.0255
rev_29483,0.0591
rev_29484,0.0334
rev_29485,0.5604
rev_29486,0.1267
rev_29487,0.0088
rev_29488,0.0026
rev_29489,0.0863
rev_29490,0.16
rev_29491,0.2458
rev_29492,0.3483
rev_29493,0.1021
rev_29494,0.0924
rev_29495,0.5659
rev_29496,0.9911
rev_29497,0.9994
rev_29498,0.9568
rev_29499,0.7944
rev_29500,0.9802
rev_29501,0.999
rev_29502,0.9961
rev_29503,0.9233
rev_29504,0.9806
rev_29505,0.9925
rev_29506,0.9929
rev_29507,0.9885
rev_29508,0.9897
rev_29509,0.985
rev_29510,0.9777
rev_29511,0.9633
rev_29512,0.947
rev_29513,0.9997
rev_29514,0.9999
rev_29515,0.9666
rev_29516,0.8329
rev_29517,0.9999
rev_29518,0.8442
rev_29519,0.9477
rev_29520,0.9991
rev_29521,0.9718
rev_29522,0.942
rev_29523,0.4162
rev_29524,0.9995
rev_29525,0.8976
rev_29526,0.94
rev_29527,0.6416
rev_29528,0.9999
rev_29529,0.9962
rev_29530,0.0042
rev_29531,0.0536
rev_29532,0.0007
rev_29533,0.2482
rev_29534,0.0034
rev_29535,0.3147
rev_29536,0.0516
rev_29537,0.4081
rev_29538,0.1738
rev_29539,0.0756
rev_29540,0.3274
rev_29541,0.0303
rev_29542,0.2267
rev_29543,0.0814
rev_29544,0.7247
rev_29545,0.034
rev_29546,0.0134
rev_29547,0.0281
rev_29548,0.3851
rev_29549,0.0315
rev_29550,0.0142
rev_29551,0.043
rev_29552,0.7704
rev_29553,0.8516
rev_29554,0.8341
rev_29555,0.098
rev_29556,0.1487
rev_29557,0.7613
rev_29558,0.5332
rev_29559,0.2677
rev_29560,0.1757
rev_29561,0.0379
rev_29562,0.159
rev_29563,0.102
rev_29564,0.0964
rev_29565,0.9674
rev_29566,0.7655
rev_29567,0.9987
rev_29568,0.9995
rev_29569,0.9951
rev_29570,0.9958
rev_29571,0.8147
rev_29572,0.973
rev_29573,0.9773
rev_29574,0.9998
rev_29575,0.5854
rev_29576,0.9659
rev_29577,1.0
rev_29578,0.9994
rev_29579,0.992
rev_29580,0.3569
rev_29581,0.9922
rev_29582,0.812
rev_29583,0.9975
rev_29584,0.835
rev_29585,0.9584
rev_29586,0.9765
rev_29587,0.9991
rev_29588,0.967
rev_29589,0.8632
rev_29590,0.9823
rev_29591,0.763
rev_29592,0.9997
rev_29593,0.9154
rev_29594,0.9988
rev_29595,0.8405
rev_29596,0.9728
rev_29597,0.0889
rev_29598,0.0815
rev_29599,0.3249
rev_29600,0.1389
rev_29601,0.1438
rev_29602,0.6805
rev_29603,0.0034
rev_29604,0.0583
rev_29605,0.111
rev_29606,0.1588
rev_29607,0.8098
rev_29608,0.5219
rev_29609,0.2342
rev_29610,0.0011
rev_29611,0.1638
rev_29612,0.1952
rev_29613,0.0363
rev_29614,0.0191
rev_29615,0.0191
rev_29616,0.0704
rev_29617,0.2245
rev_29618,0.0296
rev_29619,0.1725
rev_29620,0.2908
rev_29621,0.8842
rev_29622,0.0018
rev_29623,0.1785
rev_29624,0.9021
rev_29625,0.2174
rev_29626,0.2918
rev_29627,0.0593
rev_29628,0.0117
rev_29629,0.962
rev_29630,0.868
rev_29631,0.7263
rev_29632,0.9968
rev_29633,0.7903
rev_29634,0.9995
rev_29635,0.999
rev_29636,0.9966
rev_29637,0.9731
rev_29638,0.9874
rev_29639,0.9995
rev_29640,0.9875
rev_29641,0.6284
rev_29642,0.9742
rev_29643,0.9867
rev_29644,0.9196
rev_29645,0.9247
rev_29646,0.0466
rev_29647,0.9753
rev_29648,0.9986
rev_29649,0.9992
rev_29650,0.9984
rev_29651,0.8289
rev_29652,0.9515
rev_29653,0.9998
rev_29654,0.9955
rev_29655,0.972
rev_29656,0.9839
rev_29657,0.9464
rev_29658,0.4862
rev_29659,0.0639
rev_29660,0.0522
rev_29661,0.0538
rev_29662,0.8154
rev_29663,0.0299
rev_29664,0.0181
rev_29665,0.0067
rev_29666,0.0174
rev_29667,0.692
rev_29668,0.8422
rev_29669,0.7669
rev_29670,0.0233
rev_29671,0.3849
rev_29672,0.005
rev_29673,0.0209
rev_29674,0.2769
rev_29675,0.0091
rev_29676,0.0259
rev_29677,0.037
rev_29678,0.2843
rev_29679,0.0453
rev_29680,0.0405
rev_29681,0.0438
rev_29682,0.006
rev_29683,0.0606
rev_29684,0.018
rev_29685,0.0614
rev_29686,0.6329
rev_29687,0.0785
rev_29688,0.0316
rev_29689,0.9995
rev_29690,0.9657
rev_29691,0.9893
rev_29692,0.8954
rev_29693,0.9961
rev_29694,0.9386
rev_29695,1.0
rev_29696,0.9952
rev_29697,0.9988
rev_29698,0.9975
rev_29699,0.994
rev_29700,0.9693
rev_29701,0.9204
rev_29702,0.9919
rev_29703,0.9985
rev_29704,0.9754
rev_29705,1.0
rev_29706,0.9598
rev_29707,0.9987
rev_29708,0.9899
rev_29709,0.9716
rev_29710,0.8244
rev_29711,0.9982
rev_29712,0.6938
rev_29713,0.9885
rev_29714,0.9994
rev_29715,0.2145
rev_29716,0.9951
rev_29717,0.9847
rev_29718,0.998
rev_29719,0.428
rev_29720,0.4727
rev_29721,0.0425
rev_29722,0.0279
rev_29723,0.1378
rev_29724,0.6376
rev_29725,0.0007
rev_29726,0.8411
rev_29727,0.0933
rev_29728,0.0017
rev_29729,0.1487
rev_29730,0.4058
rev_29731,0.2289
rev_29732,0.0401
rev_29733,0.2421
rev_29734,0.037
rev_29735,0.028
rev_29736,0.116
rev_29737,0.6945
rev_29738,0.8789
rev_29739,0.0024
rev_29740,0.1779
rev_29741,0.0627
rev_29742,0.0166
rev_29743,0.0
rev_29744,0.8991
rev_29745,0.0781
rev_29746,0.0374
rev_29747,0.0163
rev_29748,0.3896
rev_29749,0.9688
rev_29750,0.9999
rev_29751,0.9804
rev_29752,0.9872
rev_29753,0.9997
rev_29754,0.9981
rev_29755,0.9961
rev_29756,0.9986
rev_29757,0.9389
rev_29758,0.9298
rev_29759,0.9982
rev_29760,0.9077
rev_29761,0.9996
rev_29762,0.999
rev_29763,0.9997
rev_29764,0.9894
rev_29765,0.9823
rev_29766,0.9884
rev_29767,0.9997
rev_29768,0.9701
rev_29769,0.9955
rev_29770,0.9996
rev_29771,0.9634
rev_29772,0.9815
rev_29773,0.537
rev_29774,0.9399
rev_29775,0.9974
rev_29776,0.2342
rev_29777,0.0641
rev_29778,0.0015
rev_29779,0.2362
rev_29780,0.0602
rev_29781,0.0742
rev_29782,0.1486
rev_29783,0.6733
rev_29784,0.0293
rev_29785,0.1486
rev_29786,0.3641
rev_29787,0.435
rev_29788,0.2916
rev_29789,0.009
rev_29790,0.0638
rev_29791,0.6615
rev_29792,0.8226
rev_29793,0.013
rev_29794,0.2669
rev_29795,0.0224
rev_29796,0.1848
rev_29797,0.1547
rev_29798,0.0143
rev_29799,0.0341
rev_29800,0.2888
rev_29801,0.2827
rev_29802,0.0154
rev_29803,0.981
rev_29804,0.9242
rev_29805,0.9999
rev_29806,0.9962
rev_29807,0.9901
rev_29808,0.9936
rev_29809,0.9892
rev_29810,0.984
rev_29811,0.9893
rev_29812,0.3301
rev_29813,0.9971
rev_29814,0.9579
rev_29815,0.998
rev_29816,0.9593
rev_29817,0.9453
rev_29818,0.9996
rev_29819,0.8514
rev_29820,0.9988
rev_29821,0.9915
rev_29822,0.9776
rev_29823,0.4051
rev_29824,0.9984
rev_29825,0.9912
rev_29826,0.979
rev_29827,0.3521
rev_29828,0.4369
rev_29829,0.994
rev_29830,0.7553
rev_29831,0.1221
rev_29832,0.2067
rev_29833,0.0163
rev_29834,0.1246
rev_29835,0.5602
rev_29836,0.1276
rev_29837,0.0024
rev_29838,0.3018
rev_29839,0.0631
rev_29840,0.1508
rev_29841,0.1222
rev_29842,0.0051
rev_29843,0.3981
rev_29844,0.2691
rev_29845,0.0011
rev_29846,0.0031
rev_29847,0.2485
rev_29848,0.03
rev_29849,0.3295
rev_29850,0.0542
rev_29851,0.4562
rev_29852,0.0033
rev_29853,0.0198
rev_29854,0.1779
rev_29855,0.0014
rev_29856,0.5237
rev_29857,0.9742
rev_29858,0.9913
rev_29859,0.9995
rev_29860,0.9844
rev_29861,0.6475
rev_29862,0.9746
rev_29863,0.9995
rev_29864,0.885
rev_29865,0.9865
rev_29866,0.8339
rev_29867,0.7423
rev_29868,0.9972
rev_29869,0.9983
rev_29870,0.9996
rev_29871,0.9567
rev_29872,0.9933
rev_29873,0.9986
rev_29874,0.9663
rev_29875,0.9735
rev_29876,0.9797
rev_29877,0.9973
rev_29878,0.9967
rev_29879,0.4925
rev_29880,0.9994
rev_29881,0.0139
rev_29882,0.1141
rev_29883,0.0089
rev_29884,0.3437
rev_29885,0.0752
rev_29886,0.0077
rev_29887,0.4508
rev_29888,0.7509
rev_29889,0.4307
rev_29890,0.1183
rev_29891,0.0748
rev_29892,0.0171
rev_29893,0.0078
rev_29894,0.0055
rev_29895,0.6046
rev_29896,0.0002
rev_29897,0.5736
rev_29898,0.0216
rev_29899,0.2962
rev_29900,0.0192
rev_29901,0.7981
rev_29902,0.0522
rev_29903,0.0571
rev_29904,0.0956
rev_29905,0.5242
rev_29906,0.9839
rev_29907,0.9966
rev_29908,0.9933
rev_29909,0.9856
rev_29910,0.9999
rev_29911,0.9976
rev_29912,0.9991
rev_29913,0.9963
rev_29914,0.9851
rev_29915,0.9864
rev_29916,0.4667
rev_29917,0.8488
rev_29918,0.9973
rev_29919,0.9558
rev_29920,0.1605
rev_29921,0.9977
rev_29922,0.9266
rev_29923,0.9987
rev_29924,0.989
rev_29925,0.9962
rev_29926,0.9984
rev_29927,0.9953
rev_29928,0.8724
rev_29929,0.0397
rev_29930,0.7363
rev_29931,0.3524
rev_29932,0.0514
rev_29933,0.094
rev_29934,0.0605
rev_29935,0.5719
rev_29936,0.0344
rev_29937,0.0043
rev_29938,0.0606
rev_29939,0.0327
rev_29940,0.1152
rev_29941,0.0182
rev_29942,0.2847
rev_29943,0.1831
rev_29944,0.329
rev_29945,0.0065
rev_29946,0.2866
rev_29947,0.0778
rev_29948,0.0012
rev_29949,0.064
rev_29950,0.0558
rev_29951,0.041
rev_29952,0.0627
rev_29953,0.9966
rev_29954,0.9446
rev_29955,0.9898
rev_29956,0.9998
rev_29957,0.9949
rev_29958,0.9992
rev_29959,0.9999
rev_29960,0.9876
rev_29961,0.9168
rev_29962,0.9993
rev_29963,0.9598
rev_29964,0.9999
rev_29965,0.7932
rev_29966,0.9532
rev_29967,0.964
rev_29968,0.6862
rev_29969,0.9791
rev_29970,0.9951
rev_29971,0.9989
rev_29972,0.9272
rev_29973,0.7724
rev_29974,0.9997
rev_29975,0.6565
rev_29976,0.0005
rev_29977,0.8498
rev_29978,0.0324
rev_29979,0.1878
rev_29980,0.0042
rev_29981,0.2379
rev_29982,0.1789
rev_29983,0.1656
rev_29984,0.002
rev_29985,0.2203
rev_29986,0.8813
rev_29987,0.237
rev_29988,0.1007
rev_29989,0.0253
rev_29990,0.0732
rev_29991,0.0895
rev_29992,0.0681
rev_29993,0.2956
rev_29994,0.0028
rev_29995,0.1301
rev_29996,0.1207
rev_29997,0.0043
rev_29998,0.0165
rev_29999,0.6431
rev_30000,0.9999
rev_30001,0.8882
rev_30002,0.9751
rev_30003,0.9999
rev_30004,0.906
rev_30005,0.992
rev_30006,0.9984
rev_30007,0.9849
rev_30008,0.9412
rev_30009,0.9978
rev_30010,0.9658
rev_30011,0.972
rev_30012,0.9961
rev_30013,0.9873
rev_30014,0.9969
rev_30015,0.9986
rev_30016,0.9986
rev_30017,0.6715
rev_30018,1.0
rev_30019,0.3383
rev_30020,0.0924
rev_30021,0.3144
rev_30022,0.0725
rev_30023,0.5616
rev_30024,0.0353
rev_30025,0.3406
rev_30026,0.9907
rev_30027,0.2758
rev_30028,0.0411
rev_30029,0.0403
rev_30030,0.1864
rev_30031,0.6885
rev_30032,0.1309
rev_30033,0.0043
rev_30034,0.266
rev_30035,0.0106
rev_30036,0.0523
rev_30037,0.0374
rev_30038,0.1839
rev_30039,0.0322
rev_30040,0.0265
rev_30041,0.9137
rev_30042,0.9967
rev_30043,0.9325
rev_30044,0.9847
rev_30045,0.9438
rev_30046,0.9718
rev_30047,0.9985
rev_30048,0.9063
rev_30049,0.9954
rev_30050,0.999
rev_30051,0.9994
rev_30052,0.8794
rev_30053,0.9987
rev_30054,0.996
rev_30055,0.9669
rev_30056,0.9893
rev_30057,0.9935
rev_30058,0.9965
rev_30059,0.9922
rev_30060,0.9907
rev_30061,0.9996
rev_30062,0.0044
rev_30063,0.0312
rev_30064,0.1897
rev_30065,0.0033
rev_30066,0.1788
rev_30067,0.5124
rev_30068,0.0369
rev_30069,0.1123
rev_30070,0.0198
rev_30071,0.7997
rev_30072,0.2153
rev_30073,0.0846
rev_30074,0.0409
rev_30075,0.704
rev_30076,0.3395
rev_30077,0.0072
rev_30078,0.0087
rev_30079,0.1409
rev_30080,0.2232
rev_30081,0.0176
rev_30082,0.0264
rev_30083,1.0
rev_30084,0.9795
rev_30085,0.6639
rev_30086,1.0
rev_30087,0.9962
rev_30088,0.1886
rev_30089,0.9574
rev_30090,0.9969
rev_30091,0.9997
rev_30092,0.9737
rev_30093,0.9984
rev_30094,0.9834
rev_30095,0.9999
rev_30096,0.9311
rev_30097,0.9983
rev_30098,0.9975
rev_30099,0.9998
rev_30100,0.9997
rev_30101,0.8961
rev_30102,0.9813
rev_30103,0.6046
rev_30104,0.0647
rev_30105,0.0406
rev_30106,0.3632
rev_30107,0.0479
rev_30108,0.0093
rev_30109,0.0072
rev_30110,0.076
rev_30111,0.0445
rev_30112,0.4181
rev_30113,0.0101
rev_30114,0.1663
rev_30115,0.0047
rev_30116,0.0543
rev_30117,0.0043
rev_30118,0.0152
rev_30119,0.1226
rev_30120,0.0636
rev_30121,0.0546
rev_30122,0.3116
rev_30123,0.0118
rev_30124,0.1161
rev_30125,1.0
rev_30126,0.995
rev_30127,0.9827
rev_30128,0.9888
rev_30129,0.4426
rev_30130,0.9871
rev_30131,0.5448
rev_30132,1.0
rev_30133,0.9609
rev_30134,0.9884
rev_30135,0.9611
rev_30136,0.9997
rev_30137,0.9953
rev_30138,0.9998
rev_30139,0.9889
rev_30140,0.8767
rev_30141,0.951
rev_30142,0.9925
rev_30143,0.8629
rev_30144,0.8992
rev_30145,0.0829
rev_30146,0.0052
rev_30147,0.0519
rev_30148,0.1329
rev_30149,0.0523
rev_30150,0.0362
rev_30151,0.0464
rev_30152,0.0455
rev_30153,0.3819
rev_30154,0.008
rev_30155,0.301
rev_30156,0.0257
rev_30157,0.0146
rev_30158,0.0138
rev_30159,0.1018
rev_30160,0.0224
rev_30161,0.4431
rev_30162,0.3949
rev_30163,0.0747
rev_30164,0.0227
rev_30165,0.9966
rev_30166,0.9986
rev_30167,0.9997
rev_30168,0.9997
rev_30169,0.9996
rev_30170,0.9329
rev_30171,0.9389
rev_30172,0.9863
rev_30173,0.9993
rev_30174,0.9979
rev_30175,0.9734
rev_30176,0.9648
rev_30177,0.8516
rev_30178,0.9963
rev_30179,0.9883
rev_30180,0.9904
rev_30181,0.9977
rev_30182,0.998
rev_30183,0.6641
rev_30184,0.006
rev_30185,0.0245
rev_30186,0.0091
rev_30187,0.0224
rev_30188,0.0412
rev_30189,0.021
rev_30190,0.0014
rev_30191,0.0029
rev_30192,0.2253
rev_30193,0.7842
rev_30194,0.0134
rev_30195,0.0266
rev_30196,0.0019
rev_30197,0.2845
rev_30198,0.0739
rev_30199,0.1176
rev_30200,0.0037
rev_30201,0.0161
rev_30202,0.5429
rev_30203,0.9957
rev_30204,0.9997
rev_30205,0.9998
rev_30206,0.7671
rev_30207,0.9963
rev_30208,0.9941
rev_30209,0.8314
rev_30210,0.9992
rev_30211,0.9895
rev_30212,0.9923
rev_30213,0.9993
rev_30214,0.9968
rev_30215,0.9633
rev_30216,0.9414
rev_30217,0.9938
rev_30218,0.783
rev_30219,0.9985
rev_30220,0.9105
rev_30221,0.9969
rev_30222,0.0117
rev_30223,0.1585
rev_30224,0.0635
rev_30225,0.0474
rev_30226,0.1192
rev_30227,0.0545
rev_30228,0.0036
rev_30229,0.0024
rev_30230,0.0171
rev_30231,0.1195
rev_30232,0.1005
rev_30233,0.4677
rev_30234,0.0095
rev_30235,0.0148
rev_30236,0.0343
rev_30237,0.1275
rev_30238,0.0239
rev_30239,0.0235
rev_30240,0.1973
rev_30241,0.5193
rev_30242,0.8488
rev_30243,0.9997
rev_30244,0.9692
rev_30245,0.9843
rev_30246,0.9983
rev_30247,0.9996
rev_30248,0.9838
rev_30249,0.9274
rev_30250,0.9999
rev_30251,0.9772
rev_30252,0.8691
rev_30253,0.4978
rev_30254,0.9998
rev_30255,0.9974
rev_30256,0.9144
rev_30257,0.8999
rev_30258,0.8801
rev_30259,0.1067
rev_30260,0.4785
rev_30261,0.0055
rev_30262,0.5127
rev_30263,0.1908
rev_30264,0.07
rev_30265,0.0023
rev_30266,0.0152
rev_30267,0.0313
rev_30268,0.3876
rev_30269,0.4726
rev_30270,0.513
rev_30271,0.0816
rev_30272,0.0021
rev_30273,0.033
rev_30274,0.066
rev_30275,0.0206
rev_30276,0.0003
rev_30277,0.9998
rev_30278,0.9993
rev_30279,0.9927
rev_30280,0.9863
rev_30281,0.9849
rev_30282,0.9994
rev_30283,0.9711
rev_30284,0.8044
rev_30285,0.9971
rev_30286,0.9883
rev_30287,0.9727
rev_30288,0.7104
rev_30289,0.141
rev_30290,0.9927
rev_30291,0.9999
rev_30292,0.9937
rev_30293,1.0
rev_30294,0.5036
rev_30295,0.0015
rev_30296,0.2372
rev_30297,0.0561
rev_30298,0.6075
rev_30299,0.0065
rev_30300,0.0023
rev_30301,0.0033
rev_30302,0.0408
rev_30303,0.0267
rev_30304,0.1209
rev_30305,0.4989
rev_30306,0.0531
rev_30307,0.025
rev_30308,0.1447
rev_30309,0.0052
rev_30310,0.036
rev_30311,0.9998
rev_30312,0.9546
rev_30313,0.9991
rev_30314,0.1665
rev_30315,0.9952
rev_30316,0.7721
rev_30317,0.9998
rev_30318,0.5468
rev_30319,0.9999
rev_30320,0.9477
rev_30321,0.718
rev_30322,0.9721
rev_30323,0.9899
rev_30324,0.9986
rev_30325,0.9524
rev_30326,0.9999
rev_30327,0.9869
rev_30328,0.0004
rev_30329,0.0053
rev_30330,0.0848
rev_30331,0.0047
rev_30332,0.8623
rev_30333,0.0112
rev_30334,0.0704
rev_30335,0.0881
rev_30336,0.0214
rev_30337,0.3162
rev_30338,0.0471
rev_30339,0.0999
rev_30340,0.0787
rev_30341,0.0633
rev_30342,0.2239
rev_30343,0.0386
rev_30344,0.482
rev_30345,0.9958
rev_30346,0.9996
rev_30347,0.9104
rev_30348,0.9822
rev_30349,0.8754
rev_30350,0.9868
rev_30351,0.9713
rev_30352,0.9993
rev_30353,0.9935
rev_30354,0.9947
rev_30355,0.9996
rev_30356,0.9917
rev_30357,0.7768
rev_30358,0.9968
rev_30359,0.9658
rev_30360,0.9748
rev_30361,0.9957
rev_30362,0.0044
rev_30363,0.293
rev_30364,0.315
rev_30365,0.1347
rev_30366,0.0068
rev_30367,0.1261
rev_30368,0.0078
rev_30369,0.4543
rev_30370,0.0316
rev_30371,0.005
rev_30372,0.3803
rev_30373,0.0338
rev_30374,0.0518
rev_30375,0.061
rev_30376,0.0521
rev_30377,0.0348
rev_30378,0.0295
rev_30379,0.9983
rev_30380,0.9999
rev_30381,1.0
rev_30382,0.9947
rev_30383,0.9741
rev_30384,0.9431
rev_30385,0.9999
rev_30386,0.9794
rev_30387,0.5521
rev_30388,0.9528
rev_30389,0.9961
rev_30390,0.9975
rev_30391,0.9891
rev_30392,0.9539
rev_30393,0.9999
rev_30394,0.1401
rev_30395,0.8937
rev_30396,0.0035
rev_30397,0.0025
rev_30398,0.0012
rev_30399,0.0214
rev_30400,0.0599
rev_30401,0.0488
rev_30402,0.0027
rev_30403,0.5011
rev_30404,0.3183
rev_30405,0.1116
rev_30406,0.1439
rev_30407,0.2751
rev_30408,0.1
rev_30409,0.0033
rev_30410,0.0037
rev_30411,0.0024
rev_30412,0.1543
rev_30413,0.9841
rev_30414,0.9541
rev_30415,0.9962
rev_30416,0.9655
rev_30417,0.9637
rev_30418,1.0
rev_30419,0.9912
rev_30420,0.9871
rev_30421,0.9817
rev_30422,0.9999
rev_30423,0.9941
rev_30424,1.0
rev_30425,0.9995
rev_30426,0.9816
rev_30427,0.9816
rev_30428,0.9988
rev_30429,0.0208
rev_30430,0.4812
rev_30431,0.0264
rev_30432,0.2772
rev_30433,0.0691
rev_30434,0.4511
rev_30435,0.0063
rev_30436,0.0208
rev_30437,0.7806
rev_30438,0.0831
rev_30439,0.0036
rev_30440,0.0007
rev_30441,0.0149
rev_30442,0.0219
rev_30443,0.6218
rev_30444,0.0067
rev_30445,0.9977
rev_30446,1.0
rev_30447,0.9773
rev_30448,1.0
rev_30449,0.9942
rev_30450,0.9068
rev_30451,0.9992
rev_30452,0.9931
rev_30453,0.9574
rev_30454,0.9991
rev_30455,0.9998
rev_30456,0.9988
rev_30457,0.9987
rev_30458,0.9711
rev_30459,0.642
rev_30460,0.0281
rev_30461,0.6554
rev_30462,0.0029
rev_30463,0.0217
rev_30464,0.6145
rev_30465,0.4129
rev_30466,0.132
rev_30467,0.0584
rev_30468,0.1344
rev_30469,0.0041
rev_30470,0.1321
rev_30471,0.0171
rev_30472,0.0186
rev_30473,0.0613
rev_30474,0.0214
rev_30475,1.0
rev_30476,0.9987
rev_30477,0.9998
rev_30478,0.8416
rev_30479,0.995
rev_30480,0.9772
rev_30481,0.9924
rev_30482,0.9991
rev_30483,0.8639
rev_30484,0.9907
rev_30485,0.9982
rev_30486,0.9865
rev_30487,0.976
rev_30488,0.9994
rev_30489,0.9684
rev_30490,0.0953
rev_30491,0.0179
rev_30492,0.001
rev_30493,0.0431
rev_30494,0.0028
rev_30495,0.9588
rev_30496,0.6236
rev_30497,0.0245
rev_30498,0.0006
rev_30499,0.004
rev_30500,0.06
rev_30501,0.0877
rev_30502,0.1516
rev_30503,0.0356
rev_30504,0.0085
rev_30505,0.9758
rev_30506,0.9992
rev_30507,0.4648
rev_30508,0.8989
rev_30509,0.9899
rev_30510,0.998
rev_30511,0.9349
rev_30512,0.8852
rev_30513,0.9799
rev_30514,0.9991
rev_30515,0.9996
rev_30516,0.9989
rev_30517,0.5808
rev_30518,0.9997
rev_30519,0.0282
rev_30520,0.0246
rev_30521,0.1781
rev_30522,0.0038
rev_30523,0.0069
rev_30524,0.009
rev_30525,0.0006
rev_30526,0.0015
rev_30527,0.4983
rev_30528,0.0033
rev_30529,0.1124
rev_30530,0.0867
rev_30531,0.1448
rev_30532,0.9144
rev_30533,0.9333
rev_30534,0.9717
rev_30535,0.9832
rev_30536,0.9529
rev_30537,0.9806
rev_30538,0.9299
rev_30539,0.7432
rev_30540,0.9975
rev_30541,0.9982
rev_30542,0.6279
rev_30543,0.8246
rev_30544,0.8842
rev_30545,1.0
rev_30546,0.9649
rev_30547,0.0564
rev_30548,0.2452
rev_30549,0.0739
rev_30550,0.001
rev_30551,0.6968
rev_30552,0.1593
rev_30553,0.1163
rev_30554,0.3343
rev_30555,0.0004
rev_30556,0.3414
rev_30557,0.0018
rev_30558,0.3902
rev_30559,0.0253
rev_30560,0.0215
rev_30561,0.996
rev_30562,0.5961
rev_30563,0.9955
rev_30564,0.9765
rev_30565,0.9907
rev_30566,0.9911
rev_30567,0.9673
rev_30568,0.9657
rev_30569,0.9766
rev_30570,0.9911
rev_30571,0.9877
rev_30572,0.9447
rev_30573,0.9642
rev_30574,0.7985
rev_30575,0.3805
rev_30576,0.7628
rev_30577,0.4448
rev_30578,0.0243
rev_30579,0.0712
rev_30580,0.8073
rev_30581,0.0022
rev_30582,0.0024
rev_30583,0.0135
rev_30584,0.6088
rev_30585,0.0088
rev_30586,0.0108
rev_30587,0.121
rev_30588,0.0054
rev_30589,0.9852
rev_30590,0.9687
rev_30591,0.9844
rev_30592,0.828
rev_30593,0.9942
rev_30594,0.9975
rev_30595,0.9216
rev_30596,0.9511
rev_30597,0.9964
rev_30598,0.964
rev_30599,0.9787
rev_30600,0.9998
rev_30601,0.9855
rev_30602,0.9751
rev_30603,0.0198
rev_30604,0.3437
rev_30605,0.007
rev_30606,0.0768
rev_30607,0.1407
rev_30608,0.0014
rev_30609,0.009
rev_30610,0.5013
rev_30611,0.0061
rev_30612,0.1737
rev_30613,0.0326
rev_30614,0.012
rev_30615,0.008
rev_30616,0.0118
rev_30617,0.9988
rev_30618,0.981
rev_30619,0.858
rev_30620,0.9989
rev_30621,0.9997
rev_30622,0.9949
rev_30623,0.8225
rev_30624,0.98
rev_30625,0.9908
rev_30626,0.9429
rev_30627,0.9998
rev_30628,0.791
rev_30629,0.9997
rev_30630,0.0009
rev_30631,0.0196
rev_30632,0.0063
rev_30633,0.0341
rev_30634,0.0568
rev_30635,0.0078
rev_30636,0.2742
rev_30637,0.0042
rev_30638,0.0318
rev_30639,0.3116
rev_30640,0.0207
rev_30641,0.5934
rev_30642,0.0153
rev_30643,0.9986
rev_30644,0.9712
rev_30645,0.9453
rev_30646,0.995
rev_30647,0.999
rev_30648,0.7153
rev_30649,0.9901
rev_30650,0.8979
rev_30651,0.8981
rev_30652,0.6962
rev_30653,0.9937
rev_30654,0.9253
rev_30655,0.9711
rev_30656,0.0007
rev_30657,0.386
rev_30658,0.0054
rev_30659,0.1895
rev_30660,0.8246
rev_30661,0.1172
rev_30662,0.007
rev_30663,0.0429
rev_30664,0.0707
rev_30665,0.0066
rev_30666,0.0668
rev_30667,0.0348
rev_30668,0.1469
rev_30669,0.9932
rev_30670,0.8647
rev_30671,0.9998
rev_30672,0.9976
rev_30673,0.9986
rev_30674,0.9998
rev_30675,0.9995
rev_30676,0.9797
rev_30677,0.7903
rev_30678,0.9994
rev_30679,0.998
rev_30680,0.9997
rev_30681,0.9999
rev_30682,0.0071
rev_30683,0.8661
rev_30684,0.0006
rev_30685,0.342
rev_30686,0.0518
rev_30687,0.1854
rev_30688,0.237
rev_30689,0.087
rev_30690,0.0033
rev_30691,0.0911
rev_30692,0.0386
rev_30693,0.1495
rev_30694,0.0184
rev_30695,0.9943
rev_30696,0.9016
rev_30697,0.9999
rev_30698,0.9985
rev_30699,0.9982
rev_30700,0.9961
rev_30701,0.9971
rev_30702,0.999
rev_30703,0.7975
rev_30704,0.9999
rev_30705,0.9986
rev_30706,0.971
rev_30707,0.0023
rev_30708,0.0744
rev_30709,0.0023
rev_30710,0.0147
rev_30711,0.0739
rev_30712,0.0461
rev_30713,0.013
rev_30714,0.0013
rev_30715,0.0057
rev_30716,0.2037
rev_30717,0.0303
rev_30718,0.0135
rev_30719,0.9893
rev_30720,0.9996
rev_30721,0.9735
rev_30722,0.9996
rev_30723,0.9914
rev_30724,0.9955
rev_30725,0.9999
rev_30726,0.6997
rev_30727,0.8179
rev_30728,0.8753
rev_30729,0.7813
rev_30730,0.179
rev_30731,0.0151
rev_30732,0.0401
rev_30733,0.4595
rev_30734,0.0073
rev_30735,0.0086
rev_30736,0.0018
rev_30737,0.007
rev_30738,0.0144
rev_30739,0.0069
rev_30740,0.344
rev_30741,1.0
rev_30742,0.9975
rev_30743,0.8803
rev_30744,0.988
rev_30745,0.9986
rev_30746,0.9804
rev_30747,0.9836
rev_30748,0.9991
rev_30749,0.9898
rev_30750,0.7245
rev_30751,0.604
rev_30752,0.9967
rev_30753,0.007
rev_30754,0.8139
rev_30755,0.1084
rev_30756,0.3439
rev_30757,0.0097
rev_30758,0.0041
rev_30759,0.0033
rev_30760,0.6415
rev_30761,0.1143
rev_30762,0.004
rev_30763,0.1978
rev_30764,0.0044
rev_30765,0.9986
rev_30766,0.9997
rev_30767,0.3052
rev_30768,0.9774
rev_30769,0.9994
rev_30770,0.973
rev_30771,0.9716
rev_30772,0.7582
rev_30773,0.9998
rev_30774,0.9962
rev_30775,0.9503
rev_30776,0.9996
rev_30777,0.008
rev_30778,0.0642
rev_30779,0.1455
rev_30780,0.0747
rev_30781,0.0812
rev_30782,0.3943
rev_30783,0.0052
rev_30784,0.0927
rev_30785,0.018
rev_30786,0.0285
rev_30787,0.004
rev_30788,0.2494
rev_30789,0.9981
rev_30790,0.9995
rev_30791,0.9861
rev_30792,0.9739
rev_30793,0.9594
rev_30794,0.9974
rev_30795,0.3508
rev_30796,0.9959
rev_30797,0.9994
rev_30798,0.8708
rev_30799,0.9921
rev_30800,0.0579
rev_30801,0.0017
rev_30802,0.0811
rev_30803,0.0374
rev_30804,0.0007
rev_30805,0.1122
rev_30806,0.3808
rev_30807,0.5899
rev_30808,0.0023
rev_30809,0.192
rev_30810,0.2429
rev_30811,0.9968
rev_30812,0.9714
rev_30813,0.9997
rev_30814,0.7775
rev_30815,0.9308
rev_30816,0.8826
rev_30817,0.9171
rev_30818,0.9751
rev_30819,0.9952
rev_30820,0.9699
rev_30821,0.5925
rev_30822,0.0453
rev_30823,0.1233
rev_30824,0.0133
rev_30825,0.0391
rev_30826,0.3349
rev_30827,0.0365
rev_30828,0.012
rev_30829,0.0555
rev_30830,0.5138
rev_30831,0.0894
rev_30832,0.0651
rev_30833,0.9996
rev_30834,0.9362
rev_30835,0.8792
rev_30836,0.997
rev_30837,0.9947
rev_30838,0.8483
rev_30839,0.9782
rev_30840,0.6721
rev_30841,0.9951
rev_30842,0.9989
rev_30843,0.9229
rev_30844,0.0666
rev_30845,0.0009
rev_30846,0.0001
rev_30847,0.512
rev_30848,0.223
rev_30849,0.0276
rev_30850,0.0705
rev_30851,0.0591
rev_30852,0.0925
rev_30853,0.0035
rev_30854,0.0258
rev_30855,1.0
rev_30856,0.9808
rev_30857,0.997
rev_30858,0.9941
rev_30859,0.9565
rev_30860,0.9715
rev_30861,0.9997
rev_30862,0.9918
rev_30863,0.9989
rev_30864,0.9998
rev_30865,0.0005
rev_30866,0.0028
rev_30867,0.0011
rev_30868,0.0418
rev_30869,0.2524
rev_30870,0.0042
rev_30871,0.012
rev_30872,0.9777
rev_30873,0.0167
rev_30874,0.0021
rev_30875,0.9984
rev_30876,0.9764
rev_30877,0.9977
rev_30878,0.9995
rev_30879,0.9987
rev_30880,0.9721
rev_30881,0.9916
rev_30882,0.999
rev_30883,0.9391
rev_30884,0.9534
rev_30885,0.0038
rev_30886,0.2592
rev_30887,0.0003
rev_30888,0.0055
rev_30889,0.0151
rev_30890,0.0928
rev_30891,0.0019
rev_30892,0.0235
rev_30893,0.1323
rev_30894,0.0006
rev_30895,0.9979
rev_30896,0.913
rev_30897,0.9995
rev_30898,0.999
rev_30899,0.9661
rev_30900,0.9914
rev_30901,0.7685
rev_30902,0.9986
rev_30903,0.9203
rev_30904,0.9996
rev_30905,0.0093
rev_30906,0.0005
rev_30907,0.0676
rev_30908,0.0046
rev_30909,0.0006
rev_30910,0.0243
rev_30911,0.0052
rev_30912,0.2204
rev_30913,0.0761
rev_30914,0.3783
rev_30915,0.9942
rev_30916,0.9928
rev_30917,0.9943
rev_30918,0.9995
rev_30919,0.9997
rev_30920,0.9959
rev_30921,0.9978
rev_30922,0.9398
rev_30923,0.9993
rev_30924,0.9999
rev_30925,0.0825
rev_30926,0.0098
rev_30927,0.0212
rev_30928,0.006
rev_30929,0.0366
rev_30930,0.1414
rev_30931,0.047
rev_30932,0.004
rev_30933,0.0192
rev_30934,0.0152
rev_30935,0.4908
rev_30936,0.9879
rev_30937,0.9974
rev_30938,1.0
rev_30939,0.9321
rev_30940,0.9993
rev_30941,0.9326
rev_30942,0.9999
rev_30943,0.9776
rev_30944,0.9878
rev_30945,0.0017
rev_30946,0.0025
rev_30947,0.0752
rev_30948,0.0003
rev_30949,0.0287
rev_30950,0.1752
rev_30951,0.0011
rev_30952,0.1499
rev_30953,0.0234
rev_30954,0.0482
rev_30955,0.9696
rev_30956,0.983
rev_30957,0.9679
rev_30958,0.9942
rev_30959,0.9961
rev_30960,0.9923
rev_30961,0.9937
rev_30962,0.8664
rev_30963,0.4399
rev_30964,0.1198
rev_30965,0.1991
rev_30966,0.0332
rev_30967,0.005
rev_30968,0.0008
rev_30969,0.0459
rev_30970,0.0209
rev_30971,0.1286
rev_30972,0.2235
rev_30973,0.9873
rev_30974,0.5095
rev_30975,0.9882
rev_30976,0.7884
rev_30977,0.9962
rev_30978,0.8676
rev_30979,0.9953
rev_30980,0.9994
rev_30981,0.9886
rev_30982,0.8958
rev_30983,0.1702
rev_30984,0.0246
rev_30985,0.0102
rev_30986,0.1126
rev_30987,0.0017
rev_30988,0.2081
rev_30989,0.1237
rev_30990,0.032
rev_30991,0.0014
rev_30992,0.1412
rev_30993,0.9893
rev_30994,0.9964
rev_30995,0.9617
rev_30996,0.9555
rev_30997,0.9944
rev_30998,0.8872
rev_30999,0.8538
rev_31000,0.9947
rev_31001,0.9947
rev_31002,0.175
rev_31003,0.3278
rev_31004,0.2154
rev_31005,0.1914
rev_31006,0.0019
rev_31007,0.0567
rev_31008,0.0119
rev_31009,0.7555
rev_31010,0.0031
rev_31011,0.9659
rev_31012,0.9969
rev_31013,0.9921
rev_31014,0.9353
rev_31015,0.988
rev_31016,0.9871
rev_31017,0.9328
rev_31018,0.9833
rev_31019,0.9779
rev_31020,0.0034
rev_31021,0.6701
rev_31022,0.0031
rev_31023,0.0173
rev_31024,0.0322
rev_31025,0.4963
rev_31026,0.1739
rev_31027,0.0015
rev_31028,0.0616
rev_31029,0.9996
rev_31030,0.0533
rev_31031,0.8207
rev_31032,0.8465
rev_31033,0.995
rev_31034,0.9997
rev_31035,0.9944
rev_31036,0.9926
rev_31037,0.9992
rev_31038,0.0016
rev_31039,0.056
rev_31040,0.6085
rev_31041,0.1616
rev_31042,0.0008
rev_31043,0.0009
rev_31044,0.2809
rev_31045,0.1647
rev_31046,0.0004
rev_31047,0.8877
rev_31048,0.6666
rev_31049,0.998
rev_31050,0.8631
rev_31051,0.9995
rev_31052,0.9948
rev_31053,0.973
rev_31054,0.997
rev_31055,0.9622
rev_31056,0.2595
rev_31057,0.1485
rev_31058,0.0138
rev_31059,0.0046
rev_31060,0.2541
rev_31061,0.0042
rev_31062,0.025
rev_31063,0.0697
rev_31064,0.1103
rev_31065,0.9263
rev_31066,0.9961
rev_31067,0.9939
rev_31068,0.9997
rev_31069,0.9967
rev_31070,0.9564
rev_31071,0.9884
rev_31072,0.9663
rev_31073,0.0031
rev_31074,0.2183
rev_31075,0.0061
rev_31076,0.1561
rev_31077,0.0223
rev_31078,0.0566
rev_31079,0.0257
rev_31080,0.4382
rev_31081,0.9276
rev_31082,0.9978
rev_31083,0.3115
rev_31084,0.814
rev_31085,0.9997
rev_31086,0.9969
rev_31087,0.9916
rev_31088,0.9996
rev_31089,0.9855
rev_31090,0.0525
rev_31091,0.1116
rev_31092,0.0035
rev_31093,0.1473
rev_31094,0.072
rev_31095,0.0653
rev_31096,0.1875
rev_31097,0.0282
rev_31098,0.0294
rev_31099,0.9937
rev_31100,0.9987
rev_31101,0.9846
rev_31102,0.9681
rev_31103,0.9951
rev_31104,0.9999
rev_31105,0.6956
rev_31106,0.9967
rev_31107,0.9948
rev_31108,0.4112
rev_31109,0.8179
rev_31110,0.0014
rev_31111,0.0088
rev_31112,0.0795
rev_31113,0.0431
rev_31114,0.1454
rev_31115,0.0065
rev_31116,0.0014
rev_31117,0.9907
rev_31118,0.9991
rev_31119,0.7204
rev_31120,0.9993
rev_31121,0.9457
rev_31122,0.9998
rev_31123,0.9984
rev_31124,0.9887
rev_31125,0.0022
rev_31126,0.3034
rev_31127,0.0167
rev_31128,0.2684
rev_31129,0.5023
rev_31130,0.0001
rev_31131,0.012
rev_31132,0.0088
rev_31133,0.9985
rev_31134,0.9986
rev_31135,0.9674
rev_31136,0.9984
rev_31137,0.995
rev_31138,0.9657
rev_31139,0.9789
rev_31140,0.9976
rev_31141,0.3417
rev_31142,0.212
rev_31143,0.0026
rev_31144,0.0003
rev_31145,0.5436
rev_31146,0.0059
rev_31147,0.039
rev_31148,0.007
rev_31149,0.9909
rev_31150,0.9995
rev_31151,0.884
rev_31152,0.9757
rev_31153,0.9991
rev_31154,0.9963
rev_31155,0.9359
rev_31156,1.0
rev_31157,0.0224
rev_31158,0.0012
rev_31159,0.0219
rev_31160,0.0048
rev_31161,0.0116
rev_31162,0.0383
rev_31163,0.0279
rev_31164,0.1482
rev_31165,0.9246
rev_31166,0.9974
rev_31167,0.9914
rev_31168,0.9577
rev_31169,0.8684
rev_31170,0.827
rev_31171,0.9988
rev_31172,0.998
rev_31173,0.0046
rev_31174,0.0699
rev_31175,0.0017
rev_31176,0.1733
rev_31177,0.0023
rev_31178,0.1284
rev_31179,0.1017
rev_31180,0.0028
rev_31181,0.9994
rev_31182,0.9988
rev_31183,0.9998
rev_31184,0.9775
rev_31185,0.9999
rev_31186,0.9985
rev_31187,0.9719
rev_31188,0.9945
rev_31189,0.0232
rev_31190,0.0713
rev_31191,0.0117
rev_31192,0.0489
rev_31193,0.0086
rev_31194,0.0179
rev_31195,0.0011
rev_31196,0.2038
rev_31197,0.9925
rev_31198,0.7312
rev_31199,0.6409
rev_31200,0.8986
rev_31201,0.9966
rev_31202,0.9635
rev_31203,0.9955
rev_31204,0.9896
rev_31205,0.002
rev_31206,0.0005
rev_31207,0.0037
rev_31208,0.0001
rev_31209,0.0051
rev_31210,0.0012
rev_31211,0.0115
rev_31212,0.1885
rev_31213,0.9987
rev_31214,0.9243
rev_31215,0.9903
rev_31216,0.9986
rev_31217,0.9988
rev_31218,0.9983
rev_31219,0.9013
rev_31220,0.9999
rev_31221,0.0058
rev_31222,0.0351
rev_31223,0.0025
rev_31224,0.0104
rev_31225,0.0006
rev_31226,0.0165
rev_31227,0.0323
rev_31228,0.0129
rev_31229,0.3257
rev_31230,0.9803
rev_31231,0.9668
rev_31232,0.9108
rev_31233,0.9869
rev_31234,0.9663
rev_31235,0.999
rev_31236,0.0001
rev_31237,0.0654
rev_31238,0.0586
rev_31239,0.0077
rev_31240,0.0124
rev_31241,0.276
rev_31242,0.2576
rev_31243,0.9837
rev_31244,0.8699
rev_31245,0.9983
rev_31246,0.7387
rev_31247,0.9695
rev_31248,0.9906
rev_31249,0.991
rev_31250,0.0028
rev_31251,0.0582
rev_31252,0.0215
rev_31253,0.1404
rev_31254,0.0032
rev_31255,0.0037
rev_31256,0.0
rev_31257,0.9898
rev_31258,0.8272
rev_31259,1.0
rev_31260,0.9999
rev_31261,1.0
rev_31262,0.9874
rev_31263,0.9993
rev_31264,0.0016
rev_31265,0.0776
rev_31266,0.0061
rev_31267,0.0189
rev_31268,0.0011
rev_31269,0.0008
rev_31270,0.0107
rev_31271,0.994
rev_31272,0.9976
rev_31273,0.9962
rev_31274,0.8013
rev_31275,0.9915
rev_31276,0.9938
rev_31277,0.9078
rev_31278,0.4041
rev_31279,0.0093
rev_31280,0.0177
rev_31281,0.001
rev_31282,0.0032
rev_31283,0.0634
rev_31284,0.0285
rev_31285,0.9997
rev_31286,0.9998
rev_31287,0.9998
rev_31288,0.9877
rev_31289,0.9999
rev_31290,0.9969
rev_31291,0.9999
rev_31292,0.0145
rev_31293,0.0017
rev_31294,0.0153
rev_31295,0.0205
rev_31296,0.001
rev_31297,0.0011
rev_31298,0.0052
rev_31299,0.9839
rev_31300,0.9646
rev_31301,0.9999
rev_31302,0.9404
rev_31303,0.9975
rev_31304,0.9925
rev_31305,0.9963
rev_31306,0.021
rev_31307,0.0003
rev_31308,0.0033
rev_31309,0.0413
rev_31310,0.1189
rev_31311,0.0243
rev_31312,0.0526
rev_31313,0.8559
rev_31314,1.0
rev_31315,0.9988
rev_31316,0.8003
rev_31317,0.9958
rev_31318,0.8274
rev_31319,0.9981
rev_31320,0.0154
rev_31321,0.0002
rev_31322,0.522
rev_31323,0.0069
rev_31324,0.1647
rev_31325,0.0025
rev_31326,0.0502
rev_31327,0.5892
rev_31328,0.682
rev_31329,0.9817
rev_31330,0.9945
rev_31331,0.9005
rev_31332,0.9929
rev_31333,0.9544
rev_31334,0.0473
rev_31335,0.0002
rev_31336,0.0005
rev_31337,0.0863
rev_31338,0.0086
rev_31339,0.0024
rev_31340,0.0224
rev_31341,0.9772
rev_31342,0.9906
rev_31343,0.0684
rev_31344,0.102
rev_31345,0.8868
rev_31346,0.984
rev_31347,0.8868
rev_31348,0.0001
rev_31349,0.001
rev_31350,0.0001
rev_31351,0.0005
rev_31352,0.0003
rev_31353,0.0013
rev_31354,0.0188
rev_31355,0.9878
rev_31356,0.9498
rev_31357,0.9917
rev_31358,0.9962
rev_31359,0.9995
rev_31360,0.9809
rev_31361,0.9805
rev_31362,0.0319
rev_31363,0.0084
rev_31364,0.002
rev_31365,0.0002
rev_31366,0.2974
rev_31367,0.0053
rev_31368,0.0005
rev_31369,0.9857
rev_31370,0.9998
rev_31371,0.9944
rev_31372,0.9994
rev_31373,0.9382
rev_31374,0.9487
rev_31375,0.056
rev_31376,0.0147
rev_31377,0.0008
rev_31378,0.0016
rev_31379,0.0193
rev_31380,0.0011
rev_31381,0.9949
rev_31382,0.9994
rev_31383,0.988
rev_31384,0.5462
rev_31385,0.8921
rev_31386,0.9862
rev_31387,0.1181
rev_31388,0.0038
rev_31389,0.0031
rev_31390,0.0036
rev_31391,0.0012
rev_31392,0.0636
rev_31393,0.6275
rev_31394,0.8692
rev_31395,0.7959
rev_31396,0.9986
rev_31397,0.9926
rev_31398,0.9998
rev_31399,0.0001
rev_31400,0.0157
rev_31401,0.008
rev_31402,0.0334
rev_31403,0.0041
rev_31404,0.001
rev_31405,0.9986
rev_31406,0.9872
rev_31407,0.9997
rev_31408,0.9976
rev_31409,0.9994
rev_31410,0.9972
rev_31411,0.0027
rev_31412,0.0003
rev_31413,0.0048
rev_31414,0.0247
rev_31415,0.02
rev_31416,0.0049
rev_31417,0.9712
rev_31418,0.432
rev_31419,0.9977
rev_31420,0.9909
rev_31421,0.9988
rev_31422,0.9839
rev_31423,0.0306
rev_31424,0.0122
rev_31425,0.0023
rev_31426,0.0023
rev_31427,0.0119
rev_31428,0.002
rev_31429,0.8897
rev_31430,0.9952
rev_31431,0.9948
rev_31432,0.9923
rev_31433,0.9996
rev_31434,0.9997
rev_31435,0.0088
rev_31436,0.0042
rev_31437,0.0141
rev_31438,0.0919
rev_31439,0.0061
rev_31440,0.0026
rev_31441,0.9858
rev_31442,0.9598
rev_31443,0.9981
rev_31444,0.9916
rev_31445,0.9747
rev_31446,0.988
rev_31447,0.1892
rev_31448,0.0013
rev_31449,0.0484
rev_31450,0.0055
rev_31451,0.0031
rev_31452,0.0001
rev_31453,0.9716
rev_31454,0.9698
rev_31455,0.9942
rev_31456,0.9898
rev_31457,0.9927
rev_31458,0.9944
rev_31459,0.0535
rev_31460,0.0011
rev_31461,0.0007
rev_31462,0.0004
rev_31463,0.0089
rev_31464,0.0808
rev_31465,0.9989
rev_31466,0.9983
rev_31467,0.9942
rev_31468,0.9997
rev_31469,0.9987
rev_31470,0.0016
rev_31471,0.0106
rev_31472,0.0302
rev_31473,0.0967
rev_31474,0.0034
rev_31475,0.86
rev_31476,0.9752
rev_31477,0.9966
rev_31478,0.9901
rev_31479,0.9998
rev_31480,0.9998
rev_31481,0.0021
rev_31482,0.016
rev_31483,0.0261
rev_31484,0.001
rev_31485,0.0008
rev_31486,0.0216
rev_31487,0.9995
rev_31488,0.9996
rev_31489,0.7875
rev_31490,0.9993
rev_31491,0.9985
rev_31492,0.9327
rev_31493,0.0173
rev_31494,0.0872
rev_31495,0.0037
rev_31496,0.0848
rev_31497,0.0541
rev_31498,0.0039
rev_31499,0.878
rev_31500,0.6011
rev_31501,0.9971
rev_31502,0.9997
rev_31503,0.9999
rev_31504,0.9999
rev_31505,0.0071
rev_31506,0.0029
rev_31507,0.0004
rev_31508,0.0005
rev_31509,0.0263
rev_31510,0.0513
rev_31511,0.9868
rev_31512,0.8599
rev_31513,0.9995
rev_31514,0.9953
rev_31515,1.0
rev_31516,0.0002
rev_31517,0.001
rev_31518,0.1289
rev_31519,0.0006
rev_31520,0.0336
rev_31521,0.8959
rev_31522,0.8261
rev_31523,0.9846
rev_31524,0.9852
rev_31525,0.962
rev_31526,0.7385
rev_31527,0.0012
rev_31528,0.2717
rev_31529,0.4545
rev_31530,0.0159
rev_31531,0.046
rev_31532,0.0349
rev_31533,0.976
rev_31534,0.9948
rev_31535,0.9995
rev_31536,0.9934
rev_31537,0.9905
rev_31538,0.0488
rev_31539,0.0042
rev_31540,0.0078
rev_31541,0.1203
rev_31542,0.0002
rev_31543,0.9994
rev_31544,0.9922
rev_31545,0.9616
rev_31546,0.9858
rev_31547,0.9883
rev_31548,0.0899
rev_31549,0.0308
rev_31550,0.0023
rev_31551,0.0029
rev_31552,0.0083
rev_31553,0.8776
rev_31554,0.9989
rev_31555,0.9938
rev_31556,0.9271
rev_31557,0.9347
rev_31558,0.0204
rev_31559,0.0004
rev_31560,0.0002
rev_31561,0.0013
rev_31562,0.2969
rev_31563,0.9869
rev_31564,0.9996
rev_31565,0.9998
rev_31566,0.9861
rev_31567,0.999
rev_31568,0.0379
rev_31569,0.0339
rev_31570,0.0367
rev_31571,0.0014
rev_31572,0.0053
rev_31573,0.9735
rev_31574,0.9999
rev_31575,0.9977
rev_31576,0.9923
rev_31577,0.9994
rev_31578,0.0014
rev_31579,0.0015
rev_31580,0.0013
rev_31581,0.0017
rev_31582,0.001
rev_31583,0.9978
rev_31584,0.9989
rev_31585,0.99
rev_31586,0.9985
rev_31587,0.8806
rev_31588,0.0031
rev_31589,0.0348
rev_31590,0.0081
rev_31591,0.0003
rev_31592,0.0103
rev_31593,0.6152
rev_31594,0.8555
rev_31595,0.9996
rev_31596,0.9999
rev_31597,0.9969
rev_31598,0.0016
rev_31599,0.0001
rev_31600,0.0329
rev_31601,0.0184
rev_31602,0.0593
rev_31603,0.7127
rev_31604,0.9991
rev_31605,0.9991
rev_31606,0.9939
rev_31607,0.9956
rev_31608,0.0006
rev_31609,0.024
rev_31610,0.003
rev_31611,0.0656
rev_31612,0.002
rev_31613,0.9712
rev_31614,0.8361
rev_31615,0.9487
rev_31616,0.9999
rev_31617,0.9876
rev_31618,0.0218
rev_31619,0.0063
rev_31620,0.0021
rev_31621,0.0
rev_31622,0.0001
rev_31623,0.9923
rev_31624,0.9998
rev_31625,0.6648
rev_31626,0.9813
rev_31627,0.999
rev_31628,0.0236
rev_31629,0.0882
rev_31630,0.0007
rev_31631,0.2125
rev_31632,0.06
rev_31633,0.9874
rev_31634,0.9464
rev_31635,0.9994
rev_31636,0.9949
rev_31637,0.852
rev_31638,0.012
rev_31639,0.0016
rev_31640,0.1109
rev_31641,0.0129
rev_31642,0.0066
rev_31643,0.961
rev_31644,0.991
rev_31645,0.9981
rev_31646,0.9965
rev_31647,0.9906
rev_31648,0.6153
rev_31649,0.0005
rev_31650,0.0023
rev_31651,0.0267
rev_31652,0.0003
rev_31653,0.8335
rev_31654,0.9901
rev_31655,0.9903
rev_31656,0.9848
rev_31657,0.5857
rev_31658,0.0003
rev_31659,0.0002
rev_31660,0.0244
rev_31661,0.0022
rev_31662,0.945
rev_31663,0.9859
rev_31664,0.9932
rev_31665,0.993
rev_31666,0.9526
rev_31667,0.9963
rev_31668,0.0027
rev_31669,0.0114
rev_31670,0.0008
rev_31671,0.0007
rev_31672,0.0025
rev_31673,0.997
rev_31674,0.9868
rev_31675,0.9992
rev_31676,0.9989
rev_31677,0.9967
rev_31678,0.0411
rev_31679,0.0003
rev_31680,0.4404
rev_31681,0.0024
rev_31682,0.0001
rev_31683,0.9976
rev_31684,0.9939
rev_31685,0.9357
rev_31686,0.9832
rev_31687,0.0017
rev_31688,0.0076
rev_31689,0.0107
rev_31690,0.0415
rev_31691,0.9954
rev_31692,0.9996
rev_31693,0.9944
rev_31694,0.9648
rev_31695,0.9705
rev_31696,0.0077
rev_31697,0.0074
rev_31698,0.0719
rev_31699,0.648
rev_31700,0.0011
rev_31701,0.9899
rev_31702,0.9874
rev_31703,0.9996
rev_31704,0.9999
rev_31705,0.9989
rev_31706,0.0215
rev_31707,0.0008
rev_31708,0.0688
rev_31709,0.0162
rev_31710,0.0939
rev_31711,0.9755
rev_31712,0.8364
rev_31713,0.9961
rev_31714,0.9716
rev_31715,0.0005
rev_31716,0.0311
rev_31717,0.0082
rev_31718,0.0004
rev_31719,0.9771
rev_31720,0.9997
rev_31721,0.9535
rev_31722,0.9287
rev_31723,0.9992
rev_31724,0.0002
rev_31725,0.039
rev_31726,0.0004
rev_31727,0.013
rev_31728,0.0039
rev_31729,0.9923
rev_31730,0.9854
rev_31731,0.9984
rev_31732,0.9939
rev_31733,0.0078
rev_31734,0.0082
rev_31735,0.0174
rev_31736,0.1776
rev_31737,0.9997
rev_31738,0.9803
rev_31739,0.9884
rev_31740,0.9995
rev_31741,0.0258
rev_31742,0.0009
rev_31743,0.003
rev_31744,0.0003
rev_31745,0.9935
rev_31746,0.9921
rev_31747,0.9911
rev_31748,0.8389
rev_31749,0.0478
rev_31750,0.0109
rev_31751,0.0252
rev_31752,0.184
rev_31753,0.9809
rev_31754,0.9889
rev_31755,0.9985
rev_31756,0.9939
rev_31757,0.0074
rev_31758,0.0806
rev_31759,0.052
rev_31760,0.0018
rev_31761,0.9986
rev_31762,0.9985
rev_31763,0.967
rev_31764,0.9997
rev_31765,0.0064
rev_31766,0.0182
rev_31767,0.001
rev_31768,0.0048
rev_31769,0.9772
rev_31770,0.9993
rev_31771,0.9999
rev_31772,0.9739
rev_31773,0.0007
rev_31774,0.009
rev_31775,0.0139
rev_31776,0.0002
rev_31777,0.9935
rev_31778,0.9875
rev_31779,0.9998
rev_31780,0.8931
rev_31781,0.0002
rev_31782,0.0117
rev_31783,0.0077
rev_31784,0.0197
rev_31785,0.9957
rev_31786,0.996
rev_31787,0.9978
rev_31788,0.9981
rev_31789,0.0168
rev_31790,0.1571
rev_31791,0.0055
rev_31792,0.0137
rev_31793,0.997
rev_31794,0.9956
rev_31795,0.9983
rev_31796,0.1427
rev_31797,0.0028
rev_31798,0.0719
rev_31799,0.0008
rev_31800,0.0142
rev_31801,0.999
rev_31802,0.2314
rev_31803,0.9974
rev_31804,0.8869
rev_31805,0.0006
rev_31806,0.0001
rev_31807,0.0246
rev_31808,0.0478
rev_31809,0.9929
rev_31810,0.9887
rev_31811,0.8687
rev_31812,0.9918
rev_31813,0.0335
rev_31814,0.0003
rev_31815,0.0082
rev_31816,0.0033
rev_31817,0.9984
rev_31818,0.9835
rev_31819,0.827
rev_31820,0.9976
rev_31821,0.115
rev_31822,0.0309
rev_31823,0.0011
rev_31824,0.0092
rev_31825,0.9966
rev_31826,0.9967
rev_31827,0.8894
rev_31828,0.9454
rev_31829,0.0026
rev_31830,0.0431
rev_31831,0.0296
rev_31832,0.1242
rev_31833,0.9998
rev_31834,0.995
rev_31835,0.7741
rev_31836,0.9987
rev_31837,0.0047
rev_31838,0.0071
rev_31839,0.0012
rev_31840,0.0004
rev_31841,0.8858
rev_31842,0.8818
rev_31843,0.995
rev_31844,0.8553
rev_31845,0.0017
rev_31846,0.0013
rev_31847,0.0142
rev_31848,0.0015
rev_31849,1.0
rev_31850,0.86
rev_31851,0.667
rev_31852,0.9992
rev_31853,0.0092
rev_31854,0.0198
rev_31855,0.0057
rev_31856,0.0056
rev_31857,0.9993
rev_31858,0.9366
rev_31859,0.9978
rev_31860,0.9946
rev_31861,0.0005
rev_31862,0.0051
rev_31863,0.0016
rev_31864,0.0033
rev_31865,0.9565
rev_31866,0.9999
rev_31867,0.9676
rev_31868,0.982
rev_31869,0.0034
rev_31870,0.0133
rev_31871,0.0153
rev_31872,0.2923
rev_31873,0.9996
rev_31874,0.9992
rev_31875,0.9997
rev_31876,0.9023
rev_31877,0.0034
rev_31878,0.0117
rev_31879,0.0458
rev_31880,0.0282
rev_31881,0.9961
rev_31882,0.9908
rev_31883,0.9737
rev_31884,0.9992
rev_31885,0.0102
rev_31886,0.0012
rev_31887,0.0344
rev_31888,0.0017
rev_31889,0.9944
rev_31890,0.9997
rev_31891,0.9982
rev_31892,0.986
rev_31893,0.0004
rev_31894,0.0092
rev_31895,0.1569
rev_31896,0.0
rev_31897,0.9918
rev_31898,0.9086
rev_31899,0.9948
rev_31900,0.9984
rev_31901,0.0071
rev_31902,0.0061
rev_31903,0.0217
rev_31904,0.009
rev_31905,0.2731
rev_31906,0.9978
rev_31907,0.8873
rev_31908,0.9986
rev_31909,0.0117
rev_31910,0.0004
rev_31911,0.089
rev_31912,0.0001
rev_31913,0.9975
rev_31914,0.5379
rev_31915,0.9883
rev_31916,0.9981
rev_31917,0.2293
rev_31918,0.0019
rev_31919,0.0004
rev_31920,0.0014
rev_31921,0.9956
rev_31922,0.9895
rev_31923,0.9913
rev_31924,0.7762
rev_31925,0.0016
rev_31926,0.005
rev_31927,0.0003
rev_31928,0.0
rev_31929,0.9943
rev_31930,0.9623
rev_31931,0.9992
rev_31932,0.0054
rev_31933,0.0
rev_31934,0.0204
rev_31935,0.9969
rev_31936,0.4005
rev_31937,0.7398
rev_31938,0.0897
rev_31939,0.001
rev_31940,0.0004
rev_31941,0.9825
rev_31942,0.8972
rev_31943,0.9775
rev_31944,0.0122
rev_31945,0.0005
rev_31946,0.4025
rev_31947,1.0
rev_31948,0.9967
rev_31949,0.8711
rev_31950,0.1423
rev_31951,0.0395
rev_31952,0.0
rev_31953,0.9744
rev_31954,0.9926
rev_31955,0.9849
rev_31956,0.0002
rev_31957,0.0037
rev_31958,0.0006
rev_31959,0.9154
rev_31960,0.8952
rev_31961,0.724
rev_31962,0.0003
rev_31963,0.0004
rev_31964,0.0132
rev_31965,0.998
rev_31966,0.9962
rev_31967,1.0
rev_31968,0.0227
rev_31969,0.0001
rev_31970,0.0004
rev_31971,0.9902
rev_31972,0.8561
rev_31973,0.7535
rev_31974,0.0041
rev_31975,0.0019
rev_31976,0.0029
rev_31977,0.9826
rev_31978,0.981
rev_31979,0.9802
rev_31980,0.0083
rev_31981,0.005
rev_31982,0.0083
rev_31983,0.9986
rev_31984,0.9985
rev_31985,0.9862
rev_31986,0.0017
rev_31987,0.0072
rev_31988,0.0037
rev_31989,0.9932
rev_31990,0.9954
rev_31991,0.9249
rev_31992,0.0002
rev_31993,0.0365
rev_31994,0.0005
rev_31995,0.9972
rev_31996,0.9872
rev_31997,0.998
rev_31998,0.001
rev_31999,0.0024
rev_32000,0.0039
rev_32001,0.9983
rev_32002,0.9988
rev_32003,0.9963
rev_32004,0.0
rev_32005,0.0013
rev_32006,0.0004
rev_32007,0.9672
rev_32008,0.9986
rev_32009,0.9882
rev_32010,0.0003
rev_32011,0.0004
rev_32012,0.0017
rev_32013,0.9833
rev_32014,0.9961
rev_32015,0.9842
rev_32016,0.0021
rev_32017,0.0037
rev_32018,0.0007
rev_32019,0.9816
rev_32020,0.9682
rev_32021,0.9993
rev_32022,0.019
rev_32023,0.0001
rev_32024,0.0002
rev_32025,0.9746
rev_32026,0.9964
rev_32027,0.9993
rev_32028,0.0001
rev_32029,0.0134
rev_32030,0.0001
rev_32031,0.9994
rev_32032,0.8307
rev_32033,0.9998
rev_32034,0.012
rev_32035,0.001
rev_32036,0.0005
rev_32037,0.9996
rev_32038,0.9236
rev_32039,0.9972
rev_32040,0.0055
rev_32041,0.0007
rev_32042,0.0002
rev_32043,0.9925
rev_32044,0.9958
rev_32045,0.9965
rev_32046,0.0066
rev_32047,0.0002
rev_32048,0.1536
rev_32049,0.9984
rev_32050,0.9978
rev_32051,0.7208
rev_32052,0.0369
rev_32053,0.0011
rev_32054,0.0855
rev_32055,0.995
rev_32056,0.9992
rev_32057,0.9977
rev_32058,0.0303
rev_32059,0.0004
rev_32060,0.0053
rev_32061,0.8301
rev_32062,0.9952
rev_32063,0.9772
rev_32064,0.043
rev_32065,0.0021
rev_32066,0.0056
rev_32067,0.9938
rev_32068,0.9866
rev_32069,0.9982
rev_32070,0.0314
rev_32071,0.0275
rev_32072,0.0069
rev_32073,0.9962
rev_32074,0.9681
rev_32075,0.9945
rev_32076,0.0006
rev_32077,0.0006
rev_32078,0.006
rev_32079,0.9995
rev_32080,0.9841
rev_32081,0.9839
rev_32082,0.1307
rev_32083,0.0002
rev_32084,0.0004
rev_32085,0.9993
rev_32086,0.9882
rev_32087,0.3115
rev_32088,0.2228
rev_32089,0.0002
rev_32090,0.0004
rev_32091,0.9885
rev_32092,0.7664
rev_32093,0.9965
rev_32094,0.0004
rev_32095,0.0015
rev_32096,0.0004
rev_32097,0.9997
rev_32098,0.9998
rev_32099,0.9959
rev_32100,0.0013
rev_32101,0.0063
rev_32102,0.0011
rev_32103,0.9567
rev_32104,0.9997
rev_32105,0.7348
rev_32106,0.001
rev_32107,0.0008
rev_32108,0.0024
rev_32109,0.9977
rev_32110,0.9336
rev_32111,0.9976
rev_32112,0.0006
rev_32113,0.0001
rev_32114,0.0292
rev_32115,0.9821
rev_32116,0.9644
rev_32117,0.9994
rev_32118,0.0001
rev_32119,0.082
rev_32120,0.0521
rev_32121,0.9894
rev_32122,0.8284
rev_32123,0.9253
rev_32124,0.0323
rev_32125,0.0311
rev_32126,0.0
rev_32127,0.9261
rev_32128,0.9993
rev_32129,0.9794
rev_32130,0.0001
rev_32131,0.0008
rev_32132,0.0002
rev_32133,0.9504
rev_32134,0.9993
rev_32135,0.6551
rev_32136,0.0151
rev_32137,0.0001
rev_32138,0.0017
rev_32139,0.7446
rev_32140,0.9998
rev_32141,0.9996
rev_32142,0.0005
rev_32143,0.0059
rev_32144,0.0009
rev_32145,0.9374
rev_32146,0.9996
rev_32147,0.9841
rev_32148,0.0014
rev_32149,0.0018
rev_32150,0.0006
rev_32151,0.9972
rev_32152,0.994
rev_32153,0.9962
rev_32154,0.0008
rev_32155,0.0132
rev_32156,0.0004
rev_32157,0.9764
rev_32158,0.9982
rev_32159,0.4032
rev_32160,0.0085
rev_32161,0.025
rev_32162,0.0123
rev_32163,0.9017
rev_32164,0.9995
rev_32165,0.9672
rev_32166,0.0
rev_32167,0.0001
rev_32168,0.0066
rev_32169,0.9302
rev_32170,0.9993
rev_32171,0.9999
rev_32172,0.0029
rev_32173,0.0037
rev_32174,0.0061
rev_32175,0.9904
rev_32176,0.9608
rev_32177,0.9935
rev_32178,0.0002
rev_32179,0.0014
rev_32180,0.0053
rev_32181,0.9956
rev_32182,0.9761
rev_32183,0.9999
rev_32184,0.021
rev_32185,0.0008
rev_32186,0.0035
rev_32187,0.9999
rev_32188,1.0
rev_32189,0.9883
rev_32190,0.0023
rev_32191,0.1206
rev_32192,0.0004
rev_32193,0.9947
rev_32194,0.9979
rev_32195,0.9984
rev_32196,0.0002
rev_32197,0.0006
rev_32198,0.0003
rev_32199,0.907
rev_32200,0.985
rev_32201,0.9997
rev_32202,0.0097
rev_32203,0.0003
rev_32204,0.0018
rev_32205,0.9989
rev_32206,0.9996
rev_32207,0.9044
rev_32208,0.0109
rev_32209,0.0345
rev_32210,0.0002
rev_32211,0.9945
rev_32212,0.9734
rev_32213,0.9996
rev_32214,0.0005
rev_32215,0.0
rev_32216,0.0007
rev_32217,0.9963
rev_32218,0.9999
rev_32219,0.0023
rev_32220,0.0145
rev_32221,0.8762
rev_32222,0.989
rev_32223,0.996
rev_32224,0.0094
rev_32225,0.0002
rev_32226,0.0002
rev_32227,0.9995
rev_32228,0.9011
rev_32229,0.8943
rev_32230,0.001
rev_32231,0.0112
rev_32232,0.002
rev_32233,0.9874
rev_32234,0.9994
rev_32235,0.9372
rev_32236,0.0003
rev_32237,0.0018
rev_32238,0.0043
rev_32239,0.9292
rev_32240,0.1457
rev_32241,0.9997
rev_32242,0.0006
rev_32243,0.0016
rev_32244,0.0064
rev_32245,0.9667
rev_32246,0.9992
rev_32247,0.136
rev_32248,0.0023
rev_32249,0.9751
rev_32250,0.9998
rev_32251,0.9997
rev_32252,0.0002
rev_32253,0.0028
rev_32254,0.0049
rev_32255,0.9769
rev_32256,0.928
rev_32257,0.0043
rev_32258,0.0022
rev_32259,0.9999
rev_32260,0.9242
rev_32261,0.195
rev_32262,0.0001
rev_32263,0.9958
rev_32264,0.9899
rev_32265,0.999
rev_32266,0.002
rev_32267,0.0062
rev_32268,0.0002
rev_32269,0.9945
rev_32270,0.9819
rev_32271,0.0001
rev_32272,0.0148
rev_32273,0.9534
rev_32274,0.9954
rev_32275,0.0288
rev_32276,0.0003
rev_32277,0.9999
rev_32278,0.9963
rev_32279,0.0022
rev_32280,0.165
rev_32281,0.9966
rev_32282,0.7942
rev_32283,0.0002
rev_32284,0.0
rev_32285,0.9867
rev_32286,0.999
rev_32287,0.0064
rev_32288,0.0101
rev_32289,0.9962
rev_32290,0.9929
rev_32291,0.0001
rev_32292,0.0005
rev_32293,0.9965
rev_32294,1.0
rev_32295,0.9971
rev_32296,0.0135
rev_32297,0.1565
rev_32298,0.0535
rev_32299,0.999
rev_32300,0.9929
rev_32301,0.0006
rev_32302,0.0007
rev_32303,0.9986
rev_32304,0.9989
rev_32305,0.0044
rev_32306,0.004
rev_32307,0.9884
rev_32308,0.9959
rev_32309,0.0002
rev_32310,0.001
rev_32311,0.8368
rev_32312,0.775
rev_32313,0.6557
rev_32314,0.0002
rev_32315,0.0003
rev_32316,0.1398
rev_32317,0.0629
rev_32318,0.9842
rev_32319,0.0005
rev_32320,0.0029
rev_32321,0.9499
rev_32322,0.9735
rev_32323,0.0137
rev_32324,0.0162
rev_32325,0.9498
rev_32326,0.9875
rev_32327,0.0049
rev_32328,0.0013
rev_32329,0.9861
rev_32330,0.9983
rev_32331,0.0002
rev_32332,0.0007
rev_32333,0.9944
rev_32334,0.9998
rev_32335,0.0092
rev_32336,0.0013
rev_32337,0.9941
rev_32338,1.0
rev_32339,0.0002
rev_32340,0.0001
rev_32341,0.902
rev_32342,0.6831
rev_32343,0.0026
rev_32344,0.0015
rev_32345,0.983
rev_32346,0.9994
rev_32347,0.0073
rev_32348,0.0053
rev_32349,0.9815
rev_32350,0.998
rev_32351,0.0001
rev_32352,0.0446
rev_32353,0.9994
rev_32354,0.8815
rev_32355,0.007
rev_32356,0.0466
rev_32357,0.9965
rev_32358,0.8375
rev_32359,0.0001
rev_32360,0.0008
rev_32361,0.9719
rev_32362,0.9984
rev_32363,0.0012
rev_32364,0.0061
rev_32365,0.9983
rev_32366,0.8781
rev_32367,0.0002
rev_32368,0.0025
rev_32369,0.9987
rev_32370,0.9927
rev_32371,0.0003
rev_32372,0.0001
rev_32373,0.7448
rev_32374,0.2098
rev_32375,0.0005
rev_32376,0.0316
rev_32377,0.9721
rev_32378,0.9969
rev_32379,0.0006
rev_32380,0.0056
rev_32381,0.9999
rev_32382,0.9664
rev_32383,0.0045
rev_32384,0.0005
rev_32385,0.7852
rev_32386,0.9907
rev_32387,0.001
rev_32388,0.0255
rev_32389,0.9976
rev_32390,0.8524
rev_32391,0.0003
rev_32392,0.0004
rev_32393,0.9823
rev_32394,0.9991
rev_32395,0.002
rev_32396,0.0001
rev_32397,0.9996
rev_32398,0.9999
rev_32399,0.0001
rev_32400,0.0027
rev_32401,0.9272
rev_32402,0.9876
rev_32403,0.0003
rev_32404,0.0022
rev_32405,0.9502
rev_32406,0.9992
rev_32407,0.0182
rev_32408,0.0025
rev_32409,0.966
rev_32410,0.961
rev_32411,0.0152
rev_32412,0.0004
rev_32413,0.9997
rev_32414,0.999
rev_32415,0.0001
rev_32416,0.0002
rev_32417,0.9933
rev_32418,0.9998
rev_32419,0.0002
rev_32420,0.0155
rev_32421,0.9999
rev_32422,0.9999
rev_32423,0.005
rev_32424,0.1999
rev_32425,0.3132
rev_32426,0.9996
rev_32427,0.0001
rev_32428,0.0
rev_32429,1.0
rev_32430,0.9778
rev_32431,0.0068
rev_32432,0.0026
rev_32433,0.9956
rev_32434,0.9799
rev_32435,0.0001
rev_32436,0.001
rev_32437,1.0
rev_32438,0.9947
rev_32439,0.0014
rev_32440,0.0001
rev_32441,0.999
rev_32442,0.9886
rev_32443,0.0005
rev_32444,0.0053
rev_32445,1.0
rev_32446,0.9165
rev_32447,0.0003
rev_32448,0.0009
rev_32449,0.5135
rev_32450,0.9989
rev_32451,0.1017
rev_32452,0.0054
rev_32453,0.9987
rev_32454,0.9896
rev_32455,0.0019
rev_32456,0.0006
rev_32457,0.9999
rev_32458,0.9987
rev_32459,0.0
rev_32460,0.0001
rev_32461,0.9961
rev_32462,0.1529
rev_32463,0.0
rev_32464,0.0023
rev_32465,0.9983
rev_32466,0.9966
rev_32467,0.0005
rev_32468,0.0019
rev_32469,0.7332
rev_32470,0.9887
rev_32471,0.0
rev_32472,0.0034
rev_32473,0.9834
rev_32474,0.9989
rev_32475,0.0006
rev_32476,0.0012
rev_32477,0.9912
rev_32478,0.9749
rev_32479,0.0009
rev_32480,0.0017
rev_32481,0.9992
rev_32482,0.9933
rev_32483,0.0031
rev_32484,0.0031
rev_32485,0.9999
rev_32486,0.9989
rev_32487,0.0004
rev_32488,0.0008
rev_32489,0.9674
rev_32490,0.9809
rev_32491,0.0001
rev_32492,0.0001
rev_32493,0.8567
rev_32494,0.9928
rev_32495,0.0001
rev_32496,0.0112
rev_32497,0.9194
rev_32498,0.8821
rev_32499,0.0
rev_32500,0.0003
rev_32501,0.9878
rev_32502,0.6404
rev_32503,0.0013
rev_32504,0.0007
rev_32505,0.9666
rev_32506,0.9985
rev_32507,0.0046
rev_32508,0.0001
rev_32509,0.996
rev_32510,0.9618
rev_32511,0.0005
rev_32512,0.0001
rev_32513,0.9995
rev_32514,0.7646
rev_32515,0.0
rev_32516,0.0
rev_32517,0.9998
rev_32518,0.9996
rev_32519,0.0004
rev_32520,0.0002
rev_32521,0.9987
rev_32522,0.9997
rev_32523,0.0001
rev_32524,0.0009
rev_32525,0.7949
rev_32526,0.9989
rev_32527,0.0014
rev_32528,0.0001
rev_32529,0.9951
rev_32530,0.9432
rev_32531,0.0
rev_32532,0.0012
rev_32533,0.9991
rev_32534,0.9993
rev_32535,0.0033
rev_32536,0.0002
rev_32537,0.9934
rev_32538,0.6334
rev_32539,0.0003
rev_32540,0.0013
rev_32541,0.815
rev_32542,0.9998
rev_32543,0.0235
rev_32544,0.0038
rev_32545,0.9581
rev_32546,0.9995
rev_32547,0.0001
rev_32548,0.0002
rev_32549,0.9973
rev_32550,0.9018
rev_32551,0.0003
rev_32552,0.0018
rev_32553,0.8765
rev_32554,0.9992
rev_32555,0.0135
rev_32556,0.0001
rev_32557,1.0
rev_32558,0.9996
rev_32559,0.0087
rev_32560,0.0002
rev_32561,0.9863
rev_32562,0.8108
rev_32563,0.0306
rev_32564,0.0003
rev_32565,0.9479
rev_32566,0.9847
rev_32567,0.002
rev_32568,0.0412
rev_32569,0.9834
rev_32570,0.8818
rev_32571,0.0002
rev_32572,0.001
rev_32573,0.9986
rev_32574,0.9701
rev_32575,0.0038
rev_32576,0.0044
rev_32577,0.9999
rev_32578,0.9986
rev_32579,0.0001
rev_32580,0.0002
rev_32581,0.9984
rev_32582,0.9992
rev_32583,0.0
rev_32584,0.0066
rev_32585,0.9997
rev_32586,0.9993
rev_32587,0.0003
rev_32588,0.001
rev_32589,0.9905
rev_32590,0.9952
rev_32591,0.0063
rev_32592,0.0
rev_32593,0.4453
rev_32594,0.7871
rev_32595,0.0006
rev_32596,0.0022
rev_32597,0.9717
rev_32598,0.9955
rev_32599,0.0005
rev_32600,0.0
rev_32601,0.9439
rev_32602,0.953
rev_32603,0.0461
rev_32604,0.0056
rev_32605,0.9993
rev_32606,1.0
rev_32607,0.0076
rev_32608,0.0002
rev_32609,0.9996
rev_32610,0.9967
rev_32611,0.0011
rev_32612,0.0001
rev_32613,0.6462
rev_32614,0.9628
rev_32615,0.0001
rev_32616,0.0016
rev_32617,0.9971
rev_32618,0.9923
rev_32619,0.0015
rev_32620,0.0004
rev_32621,0.998
rev_32622,0.9992
rev_32623,0.0002
rev_32624,0.0015
rev_32625,0.9924
rev_32626,0.9932
rev_32627,0.0196
rev_32628,0.0001
rev_32629,0.9908
rev_32630,0.998
rev_32631,0.0009
rev_32632,0.001
rev_32633,0.9923
rev_32634,1.0
rev_32635,0.0002
rev_32636,0.0036
rev_32637,0.9999
rev_32638,0.9858
rev_32639,0.0
rev_32640,0.0015
rev_32641,0.9999
rev_32642,0.9988
rev_32643,0.0073
rev_32644,0.0006
rev_32645,0.9246
rev_32646,0.9865
rev_32647,0.0041
rev_32648,0.0013
rev_32649,0.9829
rev_32650,0.999
rev_32651,0.0001
rev_32652,0.0001
rev_32653,0.9432
rev_32654,0.9989
rev_32655,0.0098
rev_32656,0.0012
rev_32657,0.9833
rev_32658,0.9986
rev_32659,0.0148
rev_32660,0.0001
rev_32661,0.9933
rev_32662,0.9977
rev_32663,0.0001
rev_32664,0.0024
rev_32665,0.9963
rev_32666,0.0002
rev_32667,0.9923
rev_32668,0.977
rev_32669,0.0005
rev_32670,0.0003
rev_32671,1.0
rev_32672,0.6821
rev_32673,0.0
rev_32674,0.0032
rev_32675,1.0
rev_32676,0.9594
rev_32677,0.0017
rev_32678,0.0001
rev_32679,0.6335
rev_32680,0.312
rev_32681,0.0073
rev_32682,0.0028
rev_32683,0.9983
rev_32684,0.9504
rev_32685,0.0026
rev_32686,0.0002
rev_32687,0.993
rev_32688,0.0005
rev_32689,0.9999
rev_32690,0.0004
rev_32691,0.9984
rev_32692,0.9359
rev_32693,0.0027
rev_32694,0.0011
rev_32695,0.9988
rev_32696,0.0
rev_32697,0.9825
rev_32698,0.9984
rev_32699,0.0003
rev_32700,0.0
rev_32701,0.9736
rev_32702,0.9984
rev_32703,0.0053
rev_32704,0.0003
rev_32705,0.9447
rev_32706,0.9997
rev_32707,0.0006
rev_32708,0.0094
rev_32709,0.9974
rev_32710,0.0004
rev_32711,0.9854
rev_32712,0.999
rev_32713,0.0001
rev_32714,0.0
rev_32715,0.9979
rev_32716,0.9817
rev_32717,0.0005
rev_32718,0.0
rev_32719,0.9898
rev_32720,0.9997
rev_32721,0.015
rev_32722,0.0034
rev_32723,0.9902
rev_32724,0.9454
rev_32725,0.0
rev_32726,0.0016
rev_32727,0.9871
rev_32728,0.9769
rev_32729,0.0012
rev_32730,0.0022
rev_32731,0.8224
rev_32732,0.0
rev_32733,0.8642
rev_32734,1.0
rev_32735,0.0005
rev_32736,0.0009
rev_32737,0.9991
rev_32738,0.0006
rev_32739,0.9973
rev_32740,0.0
rev_32741,0.9988
rev_32742,0.0001
rev_32743,0.7486
rev_32744,0.0003
rev_32745,0.9996
rev_32746,0.0
rev_32747,0.9937
rev_32748,0.0
rev_32749,0.8367
rev_32750,0.9998
rev_32751,0.0032
rev_32752,0.0
rev_32753,0.9974
rev_32754,0.9642
rev_32755,0.0019
rev_32756,0.0007
rev_32757,0.9946
rev_32758,0.0005
rev_32759,0.9992
rev_32760,0.0012
rev_32761,0.294
rev_32762,0.9974
rev_32763,0.0001
rev_32764,0.0052
rev_32765,0.9999
rev_32766,0.0001
rev_32767,0.3894
rev_32768,0.0
rev_32769,0.4619
rev_32770,0.0042
rev_32771,0.9988
rev_32772,0.0
rev_32773,0.9999
rev_32774,0.0
rev_32775,0.9991
rev_32776,0.0
rev_32777,0.5618
rev_32778,0.0164
rev_32779,0.999
rev_32780,0.0029
rev_32781,0.9837
rev_32782,0.9995
rev_32783,0.9001
rev_32784,0.9013
rev_32785,0.9356
rev_32786,0.6793
rev_32787,0.996
rev_32788,0.7954
rev_32789,0.8641
rev_32790,0.4164
rev_32791,0.3995
rev_32792,0.7849
rev_32793,0.9697
rev_32794,0.9922
rev_32795,0.9975
rev_32796,0.9984
rev_32797,0.9995
rev_32798,0.9921
rev_32799,0.9712
rev_32800,0.8582
rev_32801,0.6486
rev_32802,0.952
rev_32803,0.9996
rev_32804,0.9858
rev_32805,0.7457
rev_32806,0.3515
rev_32807,0.1812
rev_32808,0.9959
rev_32809,0.9812
rev_32810,0.9872
rev_32811,0.0592
rev_32812,0.7869
rev_32813,0.6388
rev_32814,0.8746
rev_32815,0.9987
rev_32816,0.9996
rev_32817,0.9998
rev_32818,0.8407
rev_32819,0.9996
rev_32820,0.9996
rev_32821,0.9996
rev_32822,0.7455
rev_32823,0.4591
rev_32824,0.6226
rev_32825,0.8404
rev_32826,0.9867
rev_32827,0.7007
rev_32828,0.6565
rev_32829,0.9882
rev_32830,0.9938
rev_32831,0.5547
rev_32832,0.8293
rev_32833,0.9905
rev_32834,0.5164
rev_32835,0.2791
rev_32836,0.2108
rev_32837,0.7602
rev_32838,0.3119
rev_32839,0.0968
rev_32840,0.3788
rev_32841,0.1748
rev_32842,0.018
rev_32843,0.0227
rev_32844,0.2176
rev_32845,0.5048
rev_32846,0.054
rev_32847,0.484
rev_32848,0.006
rev_32849,0.1129
rev_32850,0.576
rev_32851,0.0053
rev_32852,0.2439
rev_32853,0.1907
rev_32854,0.2604
rev_32855,0.5437
rev_32856,0.8532
rev_32857,0.1221
rev_32858,0.0538
rev_32859,0.0087
rev_32860,0.2291
rev_32861,0.4902
rev_32862,0.0515
rev_32863,0.2396
rev_32864,0.7117
rev_32865,0.0488
rev_32866,0.0257
rev_32867,0.2041
rev_32868,0.0587
rev_32869,0.2676
rev_32870,0.0722
rev_32871,0.6517
rev_32872,0.0582
rev_32873,0.1333
rev_32874,0.6367
rev_32875,0.0096
rev_32876,0.1426
rev_32877,0.0802
rev_32878,0.5739
rev_32879,0.0477
rev_32880,0.0079
rev_32881,0.428
rev_32882,0.0322
rev_32883,0.0149
rev_32884,0.036
rev_32885,0.2052
rev_32886,0.3204
rev_32887,0.9968
rev_32888,0.3505
rev_32889,0.964
rev_32890,0.7479
rev_32891,0.5558
rev_32892,0.9998
rev_32893,0.9974
rev_32894,0.7952
rev_32895,0.9309
rev_32896,0.998
rev_32897,0.9804
rev_32898,0.9306
rev_32899,0.9923
rev_32900,0.9989
rev_32901,0.9933
rev_32902,0.9008
rev_32903,0.9986
rev_32904,0.9913
rev_32905,0.9656
rev_32906,0.8577
rev_32907,0.9526
rev_32908,0.9623
rev_32909,0.9881
rev_32910,0.9958
rev_32911,0.984
rev_32912,0.7616
rev_32913,0.9997
rev_32914,0.9706
rev_32915,0.9523
rev_32916,0.9632
rev_32917,0.9622
rev_32918,0.9824
rev_32919,0.7782
rev_32920,0.7474
rev_32921,0.8983
rev_32922,0.7348
rev_32923,0.8989
rev_32924,0.983
rev_32925,0.4237
rev_32926,0.9999
rev_32927,0.8781
rev_32928,0.7067
rev_32929,0.9988
rev_32930,0.9894
rev_32931,0.6816
rev_32932,0.9422
rev_32933,0.8548
rev_32934,0.9699
rev_32935,0.0206
rev_32936,0.3221
rev_32937,0.6404
rev_32938,0.0122
rev_32939,0.0012
rev_32940,0.13
rev_32941,0.0575
rev_32942,0.2793
rev_32943,0.1227
rev_32944,0.0738
rev_32945,0.0117
rev_32946,0.0214
rev_32947,0.0919
rev_32948,0.3773
rev_32949,0.315
rev_32950,0.0032
rev_32951,0.455
rev_32952,0.4721
rev_32953,0.8821
rev_32954,0.0351
rev_32955,0.1521
rev_32956,0.0152
rev_32957,0.1145
rev_32958,0.1267
rev_32959,0.1987
rev_32960,0.5708
rev_32961,0.0806
rev_32962,0.0009
rev_32963,0.0166
rev_32964,0.3454
rev_32965,0.1331
rev_32966,0.1053
rev_32967,0.0752
rev_32968,0.4012
rev_32969,0.0287
rev_32970,0.0198
rev_32971,0.2531
rev_32972,0.3006
rev_32973,0.0501
rev_32974,0.712
rev_32975,0.0633
rev_32976,0.0863
rev_32977,0.1155
rev_32978,0.1609
rev_32979,0.0649
rev_32980,0.1494
rev_32981,0.0247
rev_32982,0.2912
rev_32983,0.9981
rev_32984,0.791
rev_32985,0.8489
rev_32986,0.9993
rev_32987,0.9954
rev_32988,0.2017
rev_32989,0.9388
rev_32990,0.9781
rev_32991,0.9983
rev_32992,0.7903
rev_32993,0.9923
rev_32994,0.9976
rev_32995,0.986
rev_32996,0.3969
rev_32997,0.972
rev_32998,0.9618
rev_32999,0.9865
rev_33000,0.1751
rev_33001,0.9908
rev_33002,0.8509
rev_33003,0.9918
rev_33004,0.9479
rev_33005,0.8608
rev_33006,0.4549
rev_33007,0.999
rev_33008,0.9726
rev_33009,0.0729
rev_33010,0.9996
rev_33011,0.9954
rev_33012,0.992
rev_33013,0.2357
rev_33014,0.997
rev_33015,0.4257
rev_33016,0.7906
rev_33017,0.9851
rev_33018,0.9948
rev_33019,0.0713
rev_33020,0.9529
rev_33021,0.6596
rev_33022,0.9904
rev_33023,0.9386
rev_33024,0.9702
rev_33025,0.2291
rev_33026,0.9645
rev_33027,0.9961
rev_33028,0.9431
rev_33029,0.1235
rev_33030,0.3786
rev_33031,0.0365
rev_33032,0.2911
rev_33033,0.0543
rev_33034,0.1157
rev_33035,0.002
rev_33036,0.1877
rev_33037,0.2889
rev_33038,0.0377
rev_33039,0.0233
rev_33040,0.0497
rev_33041,0.3323
rev_33042,0.0055
rev_33043,0.1194
rev_33044,0.0457
rev_33045,0.3011
rev_33046,0.0316
rev_33047,0.3162
rev_33048,0.1603
rev_33049,0.167
rev_33050,0.0434
rev_33051,0.2039
rev_33052,0.174
rev_33053,0.0321
rev_33054,0.4246
rev_33055,0.0092
rev_33056,0.1738
rev_33057,0.125
rev_33058,0.2003
rev_33059,0.3092
rev_33060,0.8628
rev_33061,0.1583
rev_33062,0.0558
rev_33063,0.0638
rev_33064,0.2369
rev_33065,0.9266
rev_33066,0.057
rev_33067,0.3506
rev_33068,0.0172
rev_33069,0.0116
rev_33070,0.0788
rev_33071,0.3073
rev_33072,0.3682
rev_33073,0.7022
rev_33074,0.3773
rev_33075,0.0529
rev_33076,0.3677
rev_33077,0.9967
rev_33078,0.9996
rev_33079,0.9883
rev_33080,0.703
rev_33081,0.0503
rev_33082,0.6064
rev_33083,0.9953
rev_33084,0.579
rev_33085,0.8455
rev_33086,0.9106
rev_33087,0.8296
rev_33088,0.8747
rev_33089,0.9993
rev_33090,0.0595
rev_33091,0.8162
rev_33092,0.9729
rev_33093,0.6429
rev_33094,0.8734
rev_33095,0.6624
rev_33096,0.9895
rev_33097,0.2229
rev_33098,0.8907
rev_33099,0.9174
rev_33100,0.6867
rev_33101,0.901
rev_33102,0.9524
rev_33103,0.9985
rev_33104,0.4528
rev_33105,0.9247
rev_33106,0.995
rev_33107,0.5718
rev_33108,0.9965
rev_33109,0.985
rev_33110,0.9808
rev_33111,1.0
rev_33112,0.9927
rev_33113,0.9043
rev_33114,0.9973
rev_33115,0.9903
rev_33116,0.9974
rev_33117,0.4139
rev_33118,0.0422
rev_33119,0.1074
rev_33120,0.5999
rev_33121,0.9789
rev_33122,0.0998
rev_33123,0.1295
rev_33124,0.0205
rev_33125,0.0966
rev_33126,0.3697
rev_33127,0.2061
rev_33128,0.0056
rev_33129,0.0489
rev_33130,0.0131
rev_33131,0.3014
rev_33132,0.075
rev_33133,0.1971
rev_33134,0.0465
rev_33135,0.3311
rev_33136,0.0238
rev_33137,0.0517
rev_33138,0.1844
rev_33139,0.0052
rev_33140,0.1909
rev_33141,0.0475
rev_33142,0.2071
rev_33143,0.0301
rev_33144,0.1038
rev_33145,0.0019
rev_33146,0.0321
rev_33147,0.1692
rev_33148,0.1704
rev_33149,0.1766
rev_33150,0.3581
rev_33151,0.01
rev_33152,0.0045
rev_33153,0.0475
rev_33154,0.154
rev_33155,0.0991
rev_33156,0.0899
rev_33157,0.1013
rev_33158,0.0896
rev_33159,0.6498
rev_33160,0.7167
rev_33161,0.8841
rev_33162,0.4457
rev_33163,0.8974
rev_33164,0.4778
rev_33165,0.8909
rev_33166,0.9658
rev_33167,0.5724
rev_33168,0.962
rev_33169,0.7163
rev_33170,0.9996
rev_33171,0.9986
rev_33172,0.8541
rev_33173,0.8255
rev_33174,0.8853
rev_33175,0.9962
rev_33176,0.0341
rev_33177,0.9966
rev_33178,0.9797
rev_33179,0.9961
rev_33180,1.0
rev_33181,0.2774
rev_33182,0.9646
rev_33183,0.9847
rev_33184,0.8678
rev_33185,0.7895
rev_33186,0.6819
rev_33187,0.6726
rev_33188,0.7156
rev_33189,0.9824
rev_33190,0.8421
rev_33191,0.9933
rev_33192,0.9124
rev_33193,0.7636
rev_33194,0.3035
rev_33195,0.9279
rev_33196,0.692
rev_33197,0.7391
rev_33198,0.7273
rev_33199,0.9661
rev_33200,0.1476
rev_33201,0.006
rev_33202,0.2528
rev_33203,0.1459
rev_33204,0.0739
rev_33205,0.2521
rev_33206,0.0606
rev_33207,0.3494
rev_33208,0.0388
rev_33209,0.036
rev_33210,0.5231
rev_33211,0.376
rev_33212,0.0018
rev_33213,0.9247
rev_33214,0.4862
rev_33215,0.0278
rev_33216,0.5214
rev_33217,0.0131
rev_33218,0.423
rev_33219,0.0495
rev_33220,0.0072
rev_33221,0.0034
rev_33222,0.3115
rev_33223,0.1804
rev_33224,0.0371
rev_33225,0.8497
rev_33226,0.0934
rev_33227,0.0243
rev_33228,0.6807
rev_33229,0.5733
rev_33230,0.0531
rev_33231,0.0013
rev_33232,0.2715
rev_33233,0.0368
rev_33234,0.8968
rev_33235,0.0332
rev_33236,0.889
rev_33237,0.7674
rev_33238,0.0048
rev_33239,0.7928
rev_33240,0.4997
rev_33241,0.118
rev_33242,0.998
rev_33243,0.8728
rev_33244,0.9957
rev_33245,0.9438
rev_33246,0.7358
rev_33247,0.9995
rev_33248,0.9971
rev_33249,0.9935
rev_33250,0.7256
rev_33251,1.0
rev_33252,0.8774
rev_33253,0.9903
rev_33254,0.9331
rev_33255,0.6822
rev_33256,0.0869
rev_33257,0.7887
rev_33258,0.9126
rev_33259,0.9347
rev_33260,0.9033
rev_33261,0.7036
rev_33262,0.9994
rev_33263,0.963
rev_33264,0.9722
rev_33265,0.696
rev_33266,0.7893
rev_33267,0.9801
rev_33268,0.9154
rev_33269,0.9966
rev_33270,0.9994
rev_33271,0.9745
rev_33272,0.8123
rev_33273,0.3584
rev_33274,0.9916
rev_33275,0.9225
rev_33276,0.9889
rev_33277,0.7421
rev_33278,0.9176
rev_33279,0.0269
rev_33280,0.2577
rev_33281,0.6288
rev_33282,0.0404
rev_33283,0.1476
rev_33284,0.061
rev_33285,0.0018
rev_33286,0.0071
rev_33287,0.0054
rev_33288,0.03
rev_33289,0.0449
rev_33290,0.1074
rev_33291,0.0014
rev_33292,0.0022
rev_33293,0.0255
rev_33294,0.3506
rev_33295,0.0177
rev_33296,0.0289
rev_33297,0.2196
rev_33298,0.114
rev_33299,0.2225
rev_33300,0.0624
rev_33301,0.1229
rev_33302,0.8587
rev_33303,0.0741
rev_33304,0.082
rev_33305,0.2223
rev_33306,0.0209
rev_33307,0.0953
rev_33308,0.019
rev_33309,0.0063
rev_33310,0.3935
rev_33311,0.6745
rev_33312,0.2042
rev_33313,0.0407
rev_33314,0.0064
rev_33315,0.0392
rev_33316,0.441
rev_33317,0.9435
rev_33318,0.9007
rev_33319,0.999
rev_33320,0.8399
rev_33321,0.9474
rev_33322,0.9914
rev_33323,0.9992
rev_33324,0.9618
rev_33325,0.5978
rev_33326,0.1872
rev_33327,0.9996
rev_33328,0.9902
rev_33329,0.9892
rev_33330,0.9805
rev_33331,0.9318
rev_33332,0.8806
rev_33333,0.9829
rev_33334,0.907
rev_33335,0.9749
rev_33336,0.3228
rev_33337,0.9614
rev_33338,0.9987
rev_33339,0.9974
rev_33340,0.9975
rev_33341,0.0516
rev_33342,0.8129
rev_33343,0.7897
rev_33344,0.2964
rev_33345,0.992
rev_33346,0.9893
rev_33347,0.9828
rev_33348,0.5568
rev_33349,0.009
rev_33350,0.9871
rev_33351,0.7911
rev_33352,0.0005
rev_33353,0.1958
rev_33354,0.1425
rev_33355,0.2288
rev_33356,0.1269
rev_33357,0.3968
rev_33358,0.0981
rev_33359,0.0269
rev_33360,0.1057
rev_33361,0.0289
rev_33362,0.5958
rev_33363,0.3345
rev_33364,0.5604
rev_33365,0.0981
rev_33366,0.0027
rev_33367,0.0598
rev_33368,0.0519
rev_33369,0.1003
rev_33370,0.0033
rev_33371,0.1021
rev_33372,0.7554
rev_33373,0.8541
rev_33374,0.0393
rev_33375,0.0198
rev_33376,0.0152
rev_33377,0.2219
rev_33378,0.1737
rev_33379,0.8242
rev_33380,0.0614
rev_33381,0.0657
rev_33382,0.0097
rev_33383,0.0199
rev_33384,0.0704
rev_33385,0.0217
rev_33386,0.2307
rev_33387,0.4247
rev_33388,0.9954
rev_33389,0.5891
rev_33390,0.9638
rev_33391,0.9011
rev_33392,0.9996
rev_33393,0.9901
rev_33394,0.9996
rev_33395,1.0
rev_33396,0.6812
rev_33397,0.9972
rev_33398,0.8057
rev_33399,0.531
rev_33400,0.9854
rev_33401,0.9041
rev_33402,0.9942
rev_33403,0.9823
rev_33404,0.9996
rev_33405,0.98
rev_33406,0.9986
rev_33407,0.9951
rev_33408,0.9997
rev_33409,0.8876
rev_33410,0.9724
rev_33411,0.9973
rev_33412,0.7664
rev_33413,0.9013
rev_33414,0.996
rev_33415,0.7783
rev_33416,0.9902
rev_33417,0.9445
rev_33418,0.7091
rev_33419,0.0975
rev_33420,0.4794
rev_33421,0.4268
rev_33422,0.3698
rev_33423,0.1806
rev_33424,0.0078
rev_33425,0.2591
rev_33426,0.1456
rev_33427,0.0566
rev_33428,0.1479
rev_33429,0.0587
rev_33430,0.2078
rev_33431,0.1278
rev_33432,0.1724
rev_33433,0.5617
rev_33434,0.1559
rev_33435,0.1885
rev_33436,0.544
rev_33437,0.0508
rev_33438,0.0498
rev_33439,0.2582
rev_33440,0.2972
rev_33441,0.0102
rev_33442,0.1007
rev_33443,0.0367
rev_33444,0.3009
rev_33445,0.0087
rev_33446,0.148
rev_33447,0.4395
rev_33448,0.0349
rev_33449,0.1957
rev_33450,0.4557
rev_33451,0.6223
rev_33452,0.1911
rev_33453,0.993
rev_33454,0.437
rev_33455,0.9967
rev_33456,0.3207
rev_33457,0.8108
rev_33458,0.7872
rev_33459,0.3869
rev_33460,0.9917
rev_33461,0.3055
rev_33462,0.8923
rev_33463,0.9082
rev_33464,0.997
rev_33465,0.9943
rev_33466,0.9959
rev_33467,0.3725
rev_33468,0.9308
rev_33469,0.9992
rev_33470,0.6472
rev_33471,0.2368
rev_33472,0.9754
rev_33473,0.9996
rev_33474,0.9397
rev_33475,0.9402
rev_33476,0.9842
rev_33477,0.5701
rev_33478,0.9856
rev_33479,0.8141
rev_33480,0.9992
rev_33481,0.1716
rev_33482,0.8173
rev_33483,0.9772
rev_33484,0.5938
rev_33485,0.9991
rev_33486,0.0719
rev_33487,0.2362
rev_33488,0.1722
rev_33489,0.175
rev_33490,0.0189
rev_33491,0.5867
rev_33492,0.053
rev_33493,0.1116
rev_33494,0.008
rev_33495,0.0604
rev_33496,0.0043
rev_33497,0.0017
rev_33498,0.177
rev_33499,0.0577
rev_33500,0.0974
rev_33501,0.2904
rev_33502,0.6147
rev_33503,0.1371
rev_33504,0.0128
rev_33505,0.0369
rev_33506,0.0184
rev_33507,0.1073
rev_33508,0.0185
rev_33509,0.0238
rev_33510,0.1702
rev_33511,0.7418
rev_33512,0.0235
rev_33513,0.0113
rev_33514,0.0392
rev_33515,0.3741
rev_33516,0.0059
rev_33517,0.1959
rev_33518,0.122
rev_33519,0.8702
rev_33520,0.9994
rev_33521,0.7365
rev_33522,0.6978
rev_33523,0.9993
rev_33524,0.5861
rev_33525,0.7544
rev_33526,0.9982
rev_33527,0.9986
rev_33528,0.9818
rev_33529,0.9816
rev_33530,0.9959
rev_33531,0.998
rev_33532,0.9723
rev_33533,0.997
rev_33534,0.8331
rev_33535,0.9174
rev_33536,0.976
rev_33537,0.9994
rev_33538,0.8563
rev_33539,0.7637
rev_33540,0.7585
rev_33541,0.9955
rev_33542,0.9958
rev_33543,0.9429
rev_33544,0.362
rev_33545,0.8117
rev_33546,0.0592
rev_33547,0.6129
rev_33548,0.433
rev_33549,0.1867
rev_33550,0.0816
rev_33551,0.9219
rev_33552,0.0639
rev_33553,0.4258
rev_33554,0.1388
rev_33555,0.0412
rev_33556,0.0731
rev_33557,0.1434
rev_33558,0.0859
rev_33559,0.0138
rev_33560,0.089
rev_33561,0.6438
rev_33562,0.0031
rev_33563,0.0081
rev_33564,0.7338
rev_33565,0.0161
rev_33566,0.0217
rev_33567,0.0297
rev_33568,0.0132
rev_33569,0.3102
rev_33570,0.0948
rev_33571,0.0642
rev_33572,0.8993
rev_33573,0.2622
rev_33574,0.4265
rev_33575,0.0044
rev_33576,0.3622
rev_33577,0.0016
rev_33578,0.031
rev_33579,0.9997
rev_33580,0.9519
rev_33581,0.9484
rev_33582,0.9879
rev_33583,0.9107
rev_33584,0.9732
rev_33585,0.5511
rev_33586,0.9066
rev_33587,0.4719
rev_33588,0.4058
rev_33589,0.5916
rev_33590,0.964
rev_33591,0.1474
rev_33592,0.6701
rev_33593,0.5361
rev_33594,0.8681
rev_33595,0.997
rev_33596,0.9419
rev_33597,0.8036
rev_33598,0.0191
rev_33599,0.8635
rev_33600,0.7951
rev_33601,0.7719
rev_33602,0.9827
rev_33603,0.588
rev_33604,0.7151
rev_33605,0.5931
rev_33606,0.9215
rev_33607,0.9879
rev_33608,0.9965
rev_33609,0.9716
rev_33610,0.9961
rev_33611,0.9785
rev_33612,0.9768
rev_33613,0.9763
rev_33614,0.8084
rev_33615,0.9878
rev_33616,0.9873
rev_33617,0.5692
rev_33618,0.999
rev_33619,0.9997
rev_33620,0.9925
rev_33621,0.0703
rev_33622,0.0243
rev_33623,0.0781
rev_33624,0.0142
rev_33625,0.1105
rev_33626,0.3885
rev_33627,0.163
rev_33628,0.0728
rev_33629,0.1131
rev_33630,0.3074
rev_33631,0.2611
rev_33632,0.0644
rev_33633,0.0194
rev_33634,0.2776
rev_33635,0.3651
rev_33636,0.2258
rev_33637,0.0481
rev_33638,0.0073
rev_33639,0.0959
rev_33640,0.7564
rev_33641,0.0082
rev_33642,0.0238
rev_33643,0.0385
rev_33644,0.017
rev_33645,0.033
rev_33646,0.0976
rev_33647,0.0248
rev_33648,0.5978
rev_33649,0.4603
rev_33650,0.9993
rev_33651,0.0314
rev_33652,0.1003
rev_33653,0.0548
rev_33654,0.0803
rev_33655,0.2903
rev_33656,0.0103
rev_33657,0.1233
rev_33658,0.0445
rev_33659,0.0507
rev_33660,0.017
rev_33661,0.1179
rev_33662,0.0587
rev_33663,0.0758
rev_33664,0.9617
rev_33665,0.9816
rev_33666,0.9988
rev_33667,0.6962
rev_33668,0.8722
rev_33669,0.9872
rev_33670,0.2951
rev_33671,0.9754
rev_33672,0.933
rev_33673,0.8363
rev_33674,0.6831
rev_33675,0.9912
rev_33676,0.7098
rev_33677,0.9872
rev_33678,0.9984
rev_33679,0.9879
rev_33680,0.9927
rev_33681,0.3674
rev_33682,0.9967
rev_33683,0.989
rev_33684,0.8468
rev_33685,0.5411
rev_33686,0.5098
rev_33687,0.9975
rev_33688,0.9995
rev_33689,0.8673
rev_33690,0.8841
rev_33691,0.9591
rev_33692,0.997
rev_33693,0.9619
rev_33694,0.8679
rev_33695,0.8759
rev_33696,0.9901
rev_33697,0.9861
rev_33698,0.9886
rev_33699,0.9973
rev_33700,0.8603
rev_33701,0.2969
rev_33702,0.9784
rev_33703,0.4908
rev_33704,0.9914
rev_33705,0.5386
rev_33706,0.9919
rev_33707,0.0014
rev_33708,0.0024
rev_33709,0.2893
rev_33710,0.405
rev_33711,0.0611
rev_33712,0.0191
rev_33713,0.0571
rev_33714,0.4804
rev_33715,0.0715
rev_33716,0.0235
rev_33717,0.3493
rev_33718,0.0323
rev_33719,0.0364
rev_33720,0.0393
rev_33721,0.0772
rev_33722,0.6056
rev_33723,0.0105
rev_33724,0.2632
rev_33725,0.0017
rev_33726,0.1393
rev_33727,0.0051
rev_33728,0.0692
rev_33729,0.0258
rev_33730,0.2469
rev_33731,0.1405
rev_33732,0.0649
rev_33733,0.7106
rev_33734,0.0609
rev_33735,0.2237
rev_33736,0.0643
rev_33737,0.011
rev_33738,0.4444
rev_33739,0.1499
rev_33740,0.0027
rev_33741,0.725
rev_33742,0.0874
rev_33743,0.3543
rev_33744,0.0065
rev_33745,0.3339
rev_33746,0.0538
rev_33747,0.1979
rev_33748,0.073
rev_33749,0.0867
rev_33750,0.7915
rev_33751,0.9995
rev_33752,0.7666
rev_33753,0.9878
rev_33754,0.8783
rev_33755,0.9637
rev_33756,0.8793
rev_33757,0.8463
rev_33758,0.9352
rev_33759,0.8968
rev_33760,0.696
rev_33761,0.6789
rev_33762,0.8866
rev_33763,0.9949
rev_33764,0.6755
rev_33765,0.9986
rev_33766,0.9799
rev_33767,0.9958
rev_33768,0.7895
rev_33769,0.8814
rev_33770,0.9858
rev_33771,0.4971
rev_33772,0.7691
rev_33773,0.9094
rev_33774,0.9318
rev_33775,0.1495
rev_33776,0.6922
rev_33777,0.6802
rev_33778,0.506
rev_33779,0.7741
rev_33780,0.9871
rev_33781,0.9901
rev_33782,0.9871
rev_33783,0.9316
rev_33784,0.6201
rev_33785,0.8944
rev_33786,0.9801
rev_33787,0.9006
rev_33788,0.8685
rev_33789,0.4313
rev_33790,0.9861
rev_33791,0.02
rev_33792,0.172
rev_33793,0.1362
rev_33794,0.2751
rev_33795,0.1304
rev_33796,0.2917
rev_33797,0.1219
rev_33798,0.3822
rev_33799,0.0717
rev_33800,0.0996
rev_33801,0.0654
rev_33802,0.1392
rev_33803,0.0004
rev_33804,0.5349
rev_33805,0.184
rev_33806,0.7038
rev_33807,0.4993
rev_33808,0.2841
rev_33809,0.0188
rev_33810,0.1132
rev_33811,0.1837
rev_33812,0.0656
rev_33813,0.0147
rev_33814,0.0325
rev_33815,0.0099
rev_33816,0.0658
rev_33817,0.0667
rev_33818,0.5601
rev_33819,0.0965
rev_33820,0.0025
rev_33821,0.1367
rev_33822,0.0805
rev_33823,0.0958
rev_33824,0.0036
rev_33825,0.104
rev_33826,0.0946
rev_33827,0.0754
rev_33828,0.3594
rev_33829,0.0233
rev_33830,0.1942
rev_33831,0.5937
rev_33832,0.9764
rev_33833,0.9994
rev_33834,0.9969
rev_33835,0.9961
rev_33836,0.9997
rev_33837,0.3027
rev_33838,0.9658
rev_33839,0.6728
rev_33840,0.9863
rev_33841,0.8516
rev_33842,0.3015
rev_33843,0.913
rev_33844,0.9188
rev_33845,0.9775
rev_33846,0.9575
rev_33847,0.9911
rev_33848,0.9777
rev_33849,0.7388
rev_33850,0.8273
rev_33851,0.5727
rev_33852,0.9374
rev_33853,0.3664
rev_33854,0.8882
rev_33855,0.9147
rev_33856,0.3938
rev_33857,0.9989
rev_33858,0.958
rev_33859,0.9595
rev_33860,0.9186
rev_33861,0.9826
rev_33862,0.388
rev_33863,0.8687
rev_33864,0.9989
rev_33865,0.9367
rev_33866,0.9832
rev_33867,0.9313
rev_33868,0.926
rev_33869,0.9565
rev_33870,0.0224
rev_33871,0.55
rev_33872,0.2184
rev_33873,0.8987
rev_33874,0.6117
rev_33875,0.1674
rev_33876,0.9133
rev_33877,0.1122
rev_33878,0.0332
rev_33879,0.2127
rev_33880,0.1334
rev_33881,0.4149
rev_33882,0.0006
rev_33883,0.4549
rev_33884,0.0593
rev_33885,0.0048
rev_33886,0.0228
rev_33887,0.025
rev_33888,0.3085
rev_33889,0.2703
rev_33890,0.0325
rev_33891,0.0265
rev_33892,0.0246
rev_33893,0.1816
rev_33894,0.0034
rev_33895,0.3053
rev_33896,0.1278
rev_33897,0.3758
rev_33898,0.0238
rev_33899,0.0937
rev_33900,0.096
rev_33901,0.0208
rev_33902,0.8598
rev_33903,0.0913
rev_33904,0.025
rev_33905,0.0422
rev_33906,0.0229
rev_33907,0.6514
rev_33908,0.9986
rev_33909,0.5778
rev_33910,0.9887
rev_33911,0.9833
rev_33912,0.9773
rev_33913,0.9973
rev_33914,0.7552
rev_33915,0.6804
rev_33916,0.9903
rev_33917,0.9994
rev_33918,0.6674
rev_33919,0.9689
rev_33920,0.5569
rev_33921,0.6749
rev_33922,0.921
rev_33923,0.391
rev_33924,0.9984
rev_33925,0.9613
rev_33926,0.9954
rev_33927,0.9971
rev_33928,0.9956
rev_33929,0.9996
rev_33930,0.8087
rev_33931,0.9964
rev_33932,0.4173
rev_33933,0.9984
rev_33934,0.9962
rev_33935,0.9632
rev_33936,0.8388
rev_33937,0.9822
rev_33938,0.7764
rev_33939,0.9993
rev_33940,0.9969
rev_33941,0.9992
rev_33942,0.6417
rev_33943,0.8523
rev_33944,0.3329
rev_33945,0.1955
rev_33946,0.0086
rev_33947,0.1675
rev_33948,0.0719
rev_33949,0.3664
rev_33950,0.0123
rev_33951,0.0546
rev_33952,0.3598
rev_33953,0.245
rev_33954,0.1114
rev_33955,0.0026
rev_33956,0.0175
rev_33957,0.5848
rev_33958,0.32
rev_33959,0.1061
rev_33960,0.0307
rev_33961,0.0281
rev_33962,0.0135
rev_33963,0.2136
rev_33964,0.1523
rev_33965,0.0706
rev_33966,0.017
rev_33967,0.0164
rev_33968,0.3743
rev_33969,0.062
rev_33970,0.2519
rev_33971,0.1123
rev_33972,0.7724
rev_33973,0.0328
rev_33974,0.0139
rev_33975,0.0229
rev_33976,0.8696
rev_33977,0.0089
rev_33978,0.0002
rev_33979,0.3212
rev_33980,0.4388
rev_33981,0.9968
rev_33982,0.7516
rev_33983,0.9995
rev_33984,0.9966
rev_33985,0.9797
rev_33986,0.9638
rev_33987,0.9935
rev_33988,0.9593
rev_33989,0.8275
rev_33990,0.9992
rev_33991,0.5436
rev_33992,0.9998
rev_33993,0.972
rev_33994,0.9968
rev_33995,0.21
rev_33996,0.9995
rev_33997,0.9474
rev_33998,0.8793
rev_33999,0.9903
rev_34000,0.9998
rev_34001,0.9592
rev_34002,0.9974
rev_34003,0.9986
rev_34004,0.9778
rev_34005,0.9997
rev_34006,0.9675
rev_34007,0.7114
rev_34008,0.9357
rev_34009,0.9417
rev_34010,0.9963
rev_34011,0.9536
rev_34012,1.0
rev_34013,0.1013
rev_34014,0.0061
rev_34015,0.0441
rev_34016,0.0009
rev_34017,0.1473
rev_34018,0.3437
rev_34019,0.2656
rev_34020,0.0035
rev_34021,0.0194
rev_34022,0.0306
rev_34023,0.0499
rev_34024,0.5849
rev_34025,0.3882
rev_34026,0.1139
rev_34027,0.0439
rev_34028,0.0627
rev_34029,0.4245
rev_34030,0.1777
rev_34031,0.0034
rev_34032,0.876
rev_34033,0.0081
rev_34034,0.2163
rev_34035,0.0192
rev_34036,0.1059
rev_34037,0.034
rev_34038,0.1439
rev_34039,0.0109
rev_34040,0.1896
rev_34041,0.0073
rev_34042,0.005
rev_34043,0.2697
rev_34044,0.3726
rev_34045,0.0755
rev_34046,0.9842
rev_34047,0.9961
rev_34048,0.2079
rev_34049,0.984
rev_34050,0.661
rev_34051,0.9997
rev_34052,0.8748
rev_34053,0.9861
rev_34054,0.4749
rev_34055,0.9778
rev_34056,0.9519
rev_34057,0.9989
rev_34058,0.9785
rev_34059,0.8806
rev_34060,0.0695
rev_34061,0.9934
rev_34062,0.9813
rev_34063,0.0717
rev_34064,0.9607
rev_34065,0.9556
rev_34066,0.9988
rev_34067,0.9888
rev_34068,0.5733
rev_34069,0.9904
rev_34070,0.9875
rev_34071,0.9996
rev_34072,0.2172
rev_34073,0.9904
rev_34074,0.9051
rev_34075,0.9456
rev_34076,0.9993
rev_34077,0.9994
rev_34078,0.0632
rev_34079,0.7071
rev_34080,0.2036
rev_34081,0.0727
rev_34082,0.0435
rev_34083,0.0288
rev_34084,0.0422
rev_34085,0.3576
rev_34086,0.1022
rev_34087,0.2927
rev_34088,0.0124
rev_34089,0.0284
rev_34090,0.0072
rev_34091,0.0023
rev_34092,0.2525
rev_34093,0.0345
rev_34094,0.0159
rev_34095,0.0119
rev_34096,0.0063
rev_34097,0.0099
rev_34098,0.01
rev_34099,0.014
rev_34100,0.0309
rev_34101,0.0222
rev_34102,0.0159
rev_34103,0.3189
rev_34104,0.5769
rev_34105,0.5422
rev_34106,0.7255
rev_34107,0.0967
rev_34108,0.0084
rev_34109,0.0016
rev_34110,0.7264
rev_34111,0.9144
rev_34112,0.8891
rev_34113,0.5728
rev_34114,0.9859
rev_34115,0.9991
rev_34116,0.9992
rev_34117,0.8704
rev_34118,0.9914
rev_34119,0.9924
rev_34120,0.7801
rev_34121,0.9525
rev_34122,0.9982
rev_34123,0.9131
rev_34124,0.9438
rev_34125,0.8473
rev_34126,0.869
rev_34127,0.9994
rev_34128,0.9953
rev_34129,0.8139
rev_34130,0.6557
rev_34131,0.9909
rev_34132,0.9835
rev_34133,0.9896
rev_34134,0.9741
rev_34135,0.928
rev_34136,0.4622
rev_34137,0.9994
rev_34138,0.8622
rev_34139,0.4941
rev_34140,0.9968
rev_34141,0.0426
rev_34142,0.0371
rev_34143,0.1224
rev_34144,0.0947
rev_34145,0.1002
rev_34146,0.9289
rev_34147,0.0531
rev_34148,0.0688
rev_34149,0.0047
rev_34150,0.0204
rev_34151,0.0125
rev_34152,0.4563
rev_34153,0.5757
rev_34154,0.0101
rev_34155,0.0038
rev_34156,0.0927
rev_34157,0.025
rev_34158,0.0161
rev_34159,0.0113
rev_34160,0.0023
rev_34161,0.0037
rev_34162,0.0121
rev_34163,0.0791
rev_34164,0.0097
rev_34165,0.002
rev_34166,0.0627
rev_34167,0.0433
rev_34168,0.0065
rev_34169,0.0149
rev_34170,0.0656
rev_34171,0.1987
rev_34172,0.9999
rev_34173,0.9314
rev_34174,0.9987
rev_34175,0.9378
rev_34176,0.9981
rev_34177,0.9877
rev_34178,0.9964
rev_34179,0.8642
rev_34180,0.9998
rev_34181,0.9998
rev_34182,0.9999
rev_34183,0.8837
rev_34184,0.8772
rev_34185,0.9999
rev_34186,0.7814
rev_34187,0.992
rev_34188,0.9997
rev_34189,0.9654
rev_34190,0.7337
rev_34191,0.9412
rev_34192,0.9414
rev_34193,0.9986
rev_34194,0.7005
rev_34195,0.9768
rev_34196,0.78
rev_34197,0.8489
rev_34198,0.9865
rev_34199,0.9989
rev_34200,0.9638
rev_34201,0.7384
rev_34202,0.3709
rev_34203,0.0273
rev_34204,0.1076
rev_34205,0.0283
rev_34206,0.0132
rev_34207,0.6691
rev_34208,0.2929
rev_34209,0.0073
rev_34210,0.0037
rev_34211,0.0011
rev_34212,0.0352
rev_34213,0.3623
rev_34214,0.0134
rev_34215,0.0014
rev_34216,0.155
rev_34217,0.1436
rev_34218,0.2298
rev_34219,0.3322
rev_34220,0.3035
rev_34221,0.7593
rev_34222,0.0954
rev_34223,0.0525
rev_34224,0.3056
rev_34225,0.3241
rev_34226,0.5815
rev_34227,0.0186
rev_34228,0.7422
rev_34229,0.0209
rev_34230,0.3514
rev_34231,0.0495
rev_34232,0.9926
rev_34233,0.9978
rev_34234,0.9013
rev_34235,0.6483
rev_34236,0.6646
rev_34237,0.9992
rev_34238,0.9279
rev_34239,0.9637
rev_34240,0.9995
rev_34241,0.7485
rev_34242,0.8603
rev_34243,0.9114
rev_34244,0.9946
rev_34245,0.652
rev_34246,0.8997
rev_34247,0.9008
rev_34248,0.9882
rev_34249,0.9937
rev_34250,0.9899
rev_34251,0.5852
rev_34252,0.9876
rev_34253,0.9212
rev_34254,0.9996
rev_34255,0.9766
rev_34256,0.9978
rev_34257,0.9727
rev_34258,0.9953
rev_34259,0.3139
rev_34260,0.0151
rev_34261,0.0874
rev_34262,0.0116
rev_34263,0.0767
rev_34264,0.1857
rev_34265,0.0097
rev_34266,0.0022
rev_34267,0.3739
rev_34268,0.6037
rev_34269,0.0398
rev_34270,0.0134
rev_34271,0.0081
rev_34272,0.0077
rev_34273,0.0072
rev_34274,0.189
rev_34275,0.032
rev_34276,0.462
rev_34277,0.0046
rev_34278,0.021
rev_34279,0.4866
rev_34280,0.0023
rev_34281,0.0053
rev_34282,0.4754
rev_34283,0.0163
rev_34284,0.2955
rev_34285,0.0587
rev_34286,0.7594
rev_34287,0.9923
rev_34288,0.9941
rev_34289,0.9731
rev_34290,0.9889
rev_34291,0.9974
rev_34292,0.9701
rev_34293,0.8837
rev_34294,0.9998
rev_34295,0.9889
rev_34296,0.9887
rev_34297,0.9851
rev_34298,0.9997
rev_34299,0.9941
rev_34300,0.9907
rev_34301,0.9701
rev_34302,0.747
rev_34303,0.9928
rev_34304,0.78
rev_34305,0.9592
rev_34306,0.9626
rev_34307,0.9965
rev_34308,0.9738
rev_34309,0.9981
rev_34310,0.9999
rev_34311,0.0127
rev_34312,0.0806
rev_34313,0.2603
rev_34314,0.5761
rev_34315,0.0334
rev_34316,0.0201
rev_34317,0.4362
rev_34318,0.1948
rev_34319,0.7126
rev_34320,0.1237
rev_34321,0.1151
rev_34322,0.0768
rev_34323,0.5644
rev_34324,0.0185
rev_34325,0.0232
rev_34326,0.06
rev_34327,0.2052
rev_34328,0.0183
rev_34329,0.4605
rev_34330,0.0552
rev_34331,0.0611
rev_34332,0.4342
rev_34333,0.0055
rev_34334,0.0164
rev_34335,0.0369
rev_34336,0.9983
rev_34337,0.9959
rev_34338,0.9989
rev_34339,0.9985
rev_34340,0.9994
rev_34341,0.9611
rev_34342,0.9706
rev_34343,0.7725
rev_34344,0.9999
rev_34345,0.9996
rev_34346,0.893
rev_34347,0.8999
rev_34348,0.9833
rev_34349,0.9293
rev_34350,0.9302
rev_34351,0.9905
rev_34352,0.85
rev_34353,0.8813
rev_34354,0.8809
rev_34355,0.9998
rev_34356,0.8474
rev_34357,0.9929
rev_34358,0.9883
rev_34359,0.9961
rev_34360,0.998
rev_34361,0.1175
rev_34362,0.0393
rev_34363,0.3406
rev_34364,0.067
rev_34365,0.0387
rev_34366,0.0201
rev_34367,0.0026
rev_34368,0.0479
rev_34369,0.0144
rev_34370,0.0003
rev_34371,0.0635
rev_34372,0.0143
rev_34373,0.0636
rev_34374,0.0616
rev_34375,0.0084
rev_34376,0.0073
rev_34377,0.0105
rev_34378,0.0505
rev_34379,0.004
rev_34380,0.03
rev_34381,0.0084
rev_34382,0.0778
rev_34383,0.0808
rev_34384,0.0031
rev_34385,0.1685
rev_34386,0.9432
rev_34387,0.9478
rev_34388,0.6507
rev_34389,0.6799
rev_34390,0.9589
rev_34391,0.7382
rev_34392,0.9244
rev_34393,0.9862
rev_34394,0.8544
rev_34395,0.424
rev_34396,0.6949
rev_34397,0.6399
rev_34398,0.7855
rev_34399,0.8314
rev_34400,0.9522
rev_34401,0.5483
rev_34402,0.9936
rev_34403,0.9012
rev_34404,0.824
rev_34405,0.9989
rev_34406,0.0421
rev_34407,0.9722
rev_34408,0.9971
rev_34409,0.9781
rev_34410,0.9507
rev_34411,0.9805
rev_34412,0.5325
rev_34413,0.1236
rev_34414,0.0723
rev_34415,0.3529
rev_34416,0.0096
rev_34417,0.0359
rev_34418,0.2887
rev_34419,0.0502
rev_34420,0.0241
rev_34421,0.0061
rev_34422,0.1148
rev_34423,0.0028
rev_34424,0.8072
rev_34425,0.0024
rev_34426,0.0021
rev_34427,0.0058
rev_34428,0.0098
rev_34429,0.5111
rev_34430,0.0468
rev_34431,0.2201
rev_34432,0.0083
rev_34433,0.3005
rev_34434,0.0023
rev_34435,0.0531
rev_34436,0.0026
rev_34437,0.0115
rev_34438,0.2755
rev_34439,0.0377
rev_34440,0.9958
rev_34441,0.9618
rev_34442,0.6068
rev_34443,0.9784
rev_34444,0.9771
rev_34445,0.9698
rev_34446,0.957
rev_34447,0.769
rev_34448,0.712
rev_34449,0.9958
rev_34450,0.9988
rev_34451,0.9996
rev_34452,0.909
rev_34453,0.8302
rev_34454,0.9875
rev_34455,0.7986
rev_34456,0.9859
rev_34457,0.6562
rev_34458,0.998
rev_34459,0.9883
rev_34460,0.996
rev_34461,0.908
rev_34462,0.9189
rev_34463,0.0535
rev_34464,0.3661
rev_34465,0.1357
rev_34466,0.0215
rev_34467,0.5401
rev_34468,0.2486
rev_34469,0.426
rev_34470,0.0089
rev_34471,0.0063
rev_34472,0.0113
rev_34473,0.9835
rev_34474,0.0571
rev_34475,0.5637
rev_34476,0.8904
rev_34477,0.0006
rev_34478,0.0111
rev_34479,0.0961
rev_34480,0.0878
rev_34481,0.2921
rev_34482,0.2481
rev_34483,0.5663
rev_34484,0.9794
rev_34485,0.0154
rev_34486,0.9991
rev_34487,0.9525
rev_34488,0.9987
rev_34489,0.9842
rev_34490,0.986
rev_34491,0.6065
rev_34492,0.9995
rev_34493,0.9992
rev_34494,0.9976
rev_34495,0.9958
rev_34496,0.9851
rev_34497,1.0
rev_34498,0.9971
rev_34499,0.9472
rev_34500,1.0
rev_34501,0.9596
rev_34502,0.8533
rev_34503,0.2789
rev_34504,0.9999
rev_34505,0.8116
rev_34506,1.0
rev_34507,0.9991
rev_34508,0.802
rev_34509,0.0014
rev_34510,0.0084
rev_34511,0.6943
rev_34512,0.0028
rev_34513,0.0332
rev_34514,0.1534
rev_34515,0.0537
rev_34516,0.0327
rev_34517,0.0011
rev_34518,0.0064
rev_34519,0.0881
rev_34520,0.0106
rev_34521,0.1046
rev_34522,0.0694
rev_34523,0.0026
rev_34524,0.013
rev_34525,0.0064
rev_34526,0.6002
rev_34527,0.0422
rev_34528,0.0897
rev_34529,0.0193
rev_34530,0.7818
rev_34531,0.997
rev_34532,0.9564
rev_34533,0.9405
rev_34534,0.5453
rev_34535,0.9996
rev_34536,0.9593
rev_34537,0.907
rev_34538,0.0805
rev_34539,0.904
rev_34540,0.9825
rev_34541,0.3904
rev_34542,1.0
rev_34543,0.9667
rev_34544,0.9787
rev_34545,0.8927
rev_34546,0.9994
rev_34547,0.9997
rev_34548,0.9967
rev_34549,1.0
rev_34550,0.9619
rev_34551,0.9656
rev_34552,0.8112
rev_34553,0.03
rev_34554,0.373
rev_34555,0.0248
rev_34556,0.0109
rev_34557,0.1996
rev_34558,0.065
rev_34559,0.0551
rev_34560,0.0368
rev_34561,0.6333
rev_34562,0.1226
rev_34563,0.5111
rev_34564,0.0039
rev_34565,0.0149
rev_34566,0.0009
rev_34567,0.0035
rev_34568,0.0192
rev_34569,0.0034
rev_34570,0.021
rev_34571,0.005
rev_34572,0.108
rev_34573,0.0859
rev_34574,0.4492
rev_34575,0.0447
rev_34576,0.9959
rev_34577,0.9988
rev_34578,0.9986
rev_34579,0.8533
rev_34580,0.9999
rev_34581,0.9781
rev_34582,0.7102
rev_34583,0.9737
rev_34584,0.9997
rev_34585,0.965
rev_34586,0.9964
rev_34587,0.9994
rev_34588,0.9966
rev_34589,0.9255
rev_34590,0.9057
rev_34591,0.8279
rev_34592,0.9998
rev_34593,0.989
rev_34594,0.997
rev_34595,0.8529
rev_34596,0.9465
rev_34597,0.999
rev_34598,1.0
rev_34599,0.0339
rev_34600,0.0047
rev_34601,0.2741
rev_34602,0.0097
rev_34603,0.2288
rev_34604,0.5557
rev_34605,0.2653
rev_34606,0.0012
rev_34607,0.0036
rev_34608,0.0037
rev_34609,0.0014
rev_34610,0.0201
rev_34611,0.0023
rev_34612,0.9589
rev_34613,0.7252
rev_34614,0.0311
rev_34615,0.8013
rev_34616,0.0211
rev_34617,0.0063
rev_34618,0.002
rev_34619,0.0047
rev_34620,0.0044
rev_34621,0.004
rev_34622,0.9664
rev_34623,0.996
rev_34624,0.7449
rev_34625,0.9998
rev_34626,0.8474
rev_34627,0.9861
rev_34628,0.7415
rev_34629,0.9718
rev_34630,0.9685
rev_34631,0.8819
rev_34632,0.7492
rev_34633,0.9603
rev_34634,0.9599
rev_34635,0.9953
rev_34636,0.9983
rev_34637,0.9998
rev_34638,0.8421
rev_34639,0.9308
rev_34640,0.9974
rev_34641,0.0428
rev_34642,0.1336
rev_34643,0.2159
rev_34644,0.2841
rev_34645,0.2017
rev_34646,0.1142
rev_34647,0.0312
rev_34648,0.0353
rev_34649,0.3762
rev_34650,0.2723
rev_34651,0.3693
rev_34652,0.0095
rev_34653,0.0044
rev_34654,0.035
rev_34655,0.4659
rev_34656,0.51
rev_34657,0.656
rev_34658,0.0876
rev_34659,0.0066
rev_34660,0.9767
rev_34661,0.9548
rev_34662,0.9604
rev_34663,0.8578
rev_34664,0.9883
rev_34665,0.9994
rev_34666,0.985
rev_34667,0.9503
rev_34668,0.9997
rev_34669,0.6538
rev_34670,0.9973
rev_34671,0.9889
rev_34672,0.9931
rev_34673,0.9458
rev_34674,0.8351
rev_34675,0.8787
rev_34676,0.8978
rev_34677,0.9803
rev_34678,0.9997
rev_34679,0.9967
rev_34680,0.0151
rev_34681,0.0013
rev_34682,0.0098
rev_34683,0.0626
rev_34684,0.0023
rev_34685,0.0171
rev_34686,0.0183
rev_34687,0.0011
rev_34688,0.0115
rev_34689,0.0425
rev_34690,0.008
rev_34691,0.0506
rev_34692,0.0051
rev_34693,0.0003
rev_34694,0.0884
rev_34695,0.2444
rev_34696,0.0029
rev_34697,0.0029
rev_34698,0.0027
rev_34699,0.0262
rev_34700,0.9975
rev_34701,0.9863
rev_34702,0.9233
rev_34703,0.9991
rev_34704,0.9957
rev_34705,0.9991
rev_34706,0.9574
rev_34707,0.9996
rev_34708,0.9975
rev_34709,0.5878
rev_34710,0.9742
rev_34711,0.8427
rev_34712,0.858
rev_34713,0.9993
rev_34714,0.9999
rev_34715,0.9952
rev_34716,0.9773
rev_34717,0.5636
rev_34718,0.1444
rev_34719,0.0036
rev_34720,0.8
rev_34721,0.0984
rev_34722,0.0285
rev_34723,0.0315
rev_34724,0.0012
rev_34725,0.0042
rev_34726,0.0265
rev_34727,0.0073
rev_34728,0.0572
rev_34729,0.1913
rev_34730,0.0201
rev_34731,0.0043
rev_34732,0.0433
rev_34733,0.0183
rev_34734,0.0864
rev_34735,0.0881
rev_34736,0.9994
rev_34737,0.9938
rev_34738,0.9997
rev_34739,0.9021
rev_34740,0.9995
rev_34741,0.9645
rev_34742,0.9989
rev_34743,0.9937
rev_34744,0.9912
rev_34745,0.9051
rev_34746,0.6574
rev_34747,0.9785
rev_34748,0.9703
rev_34749,0.998
rev_34750,0.9998
rev_34751,0.9975
rev_34752,0.9916
rev_34753,0.8977
rev_34754,0.0181
rev_34755,0.1659
rev_34756,0.0039
rev_34757,0.5831
rev_34758,0.0176
rev_34759,0.0978
rev_34760,0.057
rev_34761,0.0015
rev_34762,0.1255
rev_34763,0.0041
rev_34764,0.0342
rev_34765,0.0235
rev_34766,0.1845
rev_34767,0.0182
rev_34768,0.0652
rev_34769,0.0252
rev_34770,0.0293
rev_34771,0.0826
rev_34772,0.9925
rev_34773,0.9831
rev_34774,0.9978
rev_34775,0.9188
rev_34776,0.959
rev_34777,0.9717
rev_34778,0.9237
rev_34779,0.9989
rev_34780,0.9957
rev_34781,0.9999
rev_34782,0.9214
rev_34783,0.9999
rev_34784,0.9993
rev_34785,0.9559
rev_34786,0.9898
rev_34787,0.9971
rev_34788,0.8504
rev_34789,0.0409
rev_34790,0.0038
rev_34791,0.0033
rev_34792,0.0043
rev_34793,0.0247
rev_34794,0.028
rev_34795,0.223
rev_34796,0.0386
rev_34797,0.0289
rev_34798,0.0295
rev_34799,0.0259
rev_34800,0.0013
rev_34801,0.0594
rev_34802,0.055
rev_34803,0.5836
rev_34804,0.7259
rev_34805,0.0054
rev_34806,0.0436
rev_34807,0.9806
rev_34808,0.9758
rev_34809,0.9699
rev_34810,0.8889
rev_34811,0.9998
rev_34812,0.999
rev_34813,0.8843
rev_34814,0.2351
rev_34815,0.9866
rev_34816,0.9437
rev_34817,0.9964
rev_34818,0.9996
rev_34819,0.7161
rev_34820,0.9997
rev_34821,0.5828
rev_34822,0.9995
rev_34823,0.0998
rev_34824,0.0014
rev_34825,0.0094
rev_34826,0.0031
rev_34827,0.0763
rev_34828,0.007
rev_34829,0.0534
rev_34830,0.0547
rev_34831,0.279
rev_34832,0.1048
rev_34833,0.0007
rev_34834,0.0994
rev_34835,0.0278
rev_34836,0.0189
rev_34837,0.002
rev_34838,0.0225
rev_34839,0.9088
rev_34840,0.9828
rev_34841,0.9987
rev_34842,0.9988
rev_34843,0.995
rev_34844,0.9758
rev_34845,0.9204
rev_34846,0.9331
rev_34847,0.9675
rev_34848,0.9975
rev_34849,0.9991
rev_34850,0.8787
rev_34851,0.9919
rev_34852,0.9981
rev_34853,0.8018
rev_34854,1.0
rev_34855,0.9942
rev_34856,0.0023
rev_34857,0.0207
rev_34858,0.0731
rev_34859,0.0309
rev_34860,0.0044
rev_34861,0.2694
rev_34862,0.3035
rev_34863,0.5958
rev_34864,0.1746
rev_34865,0.0011
rev_34866,0.1386
rev_34867,0.0014
rev_34868,0.0153
rev_34869,0.0257
rev_34870,0.2055
rev_34871,0.3727
rev_34872,0.0738
rev_34873,0.9996
rev_34874,0.9781
rev_34875,0.9999
rev_34876,0.7124
rev_34877,0.9924
rev_34878,0.7423
rev_34879,0.9905
rev_34880,0.9975
rev_34881,0.9887
rev_34882,0.9786
rev_34883,0.9964
rev_34884,0.9997
rev_34885,0.6069
rev_34886,0.9837
rev_34887,0.8235
rev_34888,0.9883
rev_34889,0.0128
rev_34890,0.0009
rev_34891,0.619
rev_34892,0.0278
rev_34893,0.1748
rev_34894,0.0604
rev_34895,0.0568
rev_34896,0.5754
rev_34897,0.0102
rev_34898,0.0032
rev_34899,0.0202
rev_34900,0.0511
rev_34901,0.016
rev_34902,0.0234
rev_34903,0.0403
rev_34904,0.005
rev_34905,0.9982
rev_34906,0.9984
rev_34907,0.8709
rev_34908,0.9865
rev_34909,0.8273
rev_34910,0.9956
rev_34911,0.9733
rev_34912,1.0
rev_34913,0.9348
rev_34914,0.9999
rev_34915,0.9126
rev_34916,0.3025
rev_34917,0.8325
rev_34918,0.9833
rev_34919,0.9997
rev_34920,0.9941
rev_34921,0.9825
rev_34922,0.0351
rev_34923,0.0959
rev_34924,0.0048
rev_34925,0.8541
rev_34926,0.0081
rev_34927,0.0134
rev_34928,0.0387
rev_34929,0.0253
rev_34930,0.0231
rev_34931,0.107
rev_34932,0.5046
rev_34933,0.0169
rev_34934,0.0057
rev_34935,0.4023
rev_34936,0.028
rev_34937,0.2007
rev_34938,0.124
rev_34939,0.9048
rev_34940,1.0
rev_34941,0.9947
rev_34942,0.9931
rev_34943,0.9977
rev_34944,0.9979
rev_34945,0.9433
rev_34946,0.9919
rev_34947,0.9386
rev_34948,0.9501
rev_34949,0.9736
rev_34950,0.7847
rev_34951,1.0
rev_34952,0.9899
rev_34953,0.9946
rev_34954,0.0012
rev_34955,0.0373
rev_34956,0.3396
rev_34957,0.0431
rev_34958,0.009
rev_34959,0.31
rev_34960,0.0484
rev_34961,0.0851
rev_34962,0.2878
rev_34963,0.0158
rev_34964,0.0609
rev_34965,0.6483
rev_34966,0.0008
rev_34967,0.875
rev_34968,0.0009
rev_34969,0.9996
rev_34970,0.9773
rev_34971,0.9984
rev_34972,0.9998
rev_34973,0.9637
rev_34974,0.9691
rev_34975,0.9986
rev_34976,0.9948
rev_34977,0.9926
rev_34978,0.9993
rev_34979,0.9969
rev_34980,0.9905
rev_34981,0.9981
rev_34982,0.9904
rev_34983,0.1239
rev_34984,0.2158
rev_34985,0.1058
rev_34986,0.0799
rev_34987,0.0796
rev_34988,0.0541
rev_34989,0.0641
rev_34990,0.0866
rev_34991,0.0152
rev_34992,0.0049
rev_34993,0.0036
rev_34994,0.0025
rev_34995,0.0007
rev_34996,0.0025
rev_34997,0.9985
rev_34998,0.9936
rev_34999,0.9988
rev_35000,0.9301
rev_35001,0.9961
rev_35002,0.9765
rev_35003,0.9679
rev_35004,0.9877
rev_35005,1.0
rev_35006,0.8663
rev_35007,0.998
rev_35008,0.8113
rev_35009,0.9971
rev_35010,0.8691
rev_35011,0.0031
rev_35012,0.0021
rev_35013,0.0166
rev_35014,0.0354
rev_35015,0.0291
rev_35016,0.0185
rev_35017,0.7367
rev_35018,0.0025
rev_35019,0.0009
rev_35020,0.6076
rev_35021,0.0937
rev_35022,0.6844
rev_35023,0.0016
rev_35024,0.013
rev_35025,0.9975
rev_35026,0.9952
rev_35027,0.9503
rev_35028,0.9929
rev_35029,0.9994
rev_35030,0.6579
rev_35031,0.9666
rev_35032,0.9982
rev_35033,0.8476
rev_35034,0.9954
rev_35035,0.9946
rev_35036,0.7764
rev_35037,0.9908
rev_35038,0.9996
rev_35039,0.4821
rev_35040,0.0606
rev_35041,0.0036
rev_35042,0.5743
rev_35043,0.081
rev_35044,0.0705
rev_35045,0.0034
rev_35046,0.0054
rev_35047,0.6217
rev_35048,0.0657
rev_35049,0.0112
rev_35050,0.005
rev_35051,0.183
rev_35052,0.0267
rev_35053,0.9998
rev_35054,0.981
rev_35055,0.9656
rev_35056,0.9579
rev_35057,0.9995
rev_35058,0.9538
rev_35059,0.9318
rev_35060,0.7123
rev_35061,0.975
rev_35062,0.9639
rev_35063,0.9987
rev_35064,0.9627
rev_35065,0.919
rev_35066,0.1369
rev_35067,0.1946
rev_35068,0.0215
rev_35069,0.0052
rev_35070,0.2195
rev_35071,0.2049
rev_35072,0.0034
rev_35073,0.2656
rev_35074,0.259
rev_35075,0.0037
rev_35076,0.1475
rev_35077,0.0388
rev_35078,0.0024
rev_35079,0.7592
rev_35080,0.9808
rev_35081,0.9991
rev_35082,0.9201
rev_35083,0.9992
rev_35084,0.9994
rev_35085,0.9945
rev_35086,0.9892
rev_35087,0.6831
rev_35088,0.998
rev_35089,0.9779
rev_35090,0.9979
rev_35091,0.9973
rev_35092,0.028
rev_35093,0.0071
rev_35094,0.0977
rev_35095,0.3504
rev_35096,0.0117
rev_35097,0.2056
rev_35098,0.0115
rev_35099,0.0944
rev_35100,0.0116
rev_35101,0.0122
rev_35102,0.0084
rev_35103,0.2647
rev_35104,0.0184
rev_35105,0.8299
rev_35106,0.9553
rev_35107,0.9989
rev_35108,0.9959
rev_35109,0.9976
rev_35110,0.9988
rev_35111,0.9861
rev_35112,0.9954
rev_35113,0.9979
rev_35114,0.9948
rev_35115,0.9839
rev_35116,0.8141
rev_35117,0.602
rev_35118,0.0344
rev_35119,0.0022
rev_35120,0.0125
rev_35121,0.0287
rev_35122,0.0416
rev_35123,0.1907
rev_35124,0.0072
rev_35125,0.0776
rev_35126,0.0073
rev_35127,0.2056
rev_35128,0.008
rev_35129,0.9693
rev_35130,0.9917
rev_35131,0.9523
rev_35132,0.9957
rev_35133,0.9996
rev_35134,0.9944
rev_35135,0.9836
rev_35136,0.999
rev_35137,0.9986
rev_35138,0.9924
rev_35139,0.9588
rev_35140,0.1558
rev_35141,0.0388
rev_35142,0.3239
rev_35143,0.0011
rev_35144,0.034
rev_35145,0.4256
rev_35146,0.0973
rev_35147,0.0271
rev_35148,0.006
rev_35149,0.0338
rev_35150,0.0012
rev_35151,0.976
rev_35152,0.9944
rev_35153,0.986
rev_35154,0.3255
rev_35155,0.9473
rev_35156,0.9974
rev_35157,0.9996
rev_35158,0.8116
rev_35159,0.8204
rev_35160,1.0
rev_35161,0.9888
rev_35162,0.9913
rev_35163,0.0022
rev_35164,0.0343
rev_35165,0.0045
rev_35166,0.435
rev_35167,0.0022
rev_35168,0.0046
rev_35169,0.0111
rev_35170,0.0081
rev_35171,0.0573
rev_35172,0.0002
rev_35173,0.0074
rev_35174,0.0003
rev_35175,1.0
rev_35176,0.7477
rev_35177,0.9343
rev_35178,0.9994
rev_35179,0.9171
rev_35180,0.739
rev_35181,0.9903
rev_35182,0.9987
rev_35183,0.9853
rev_35184,0.8307
rev_35185,0.7422
rev_35186,0.9979
rev_35187,0.1559
rev_35188,0.0173
rev_35189,0.0533
rev_35190,0.0395
rev_35191,0.0031
rev_35192,0.0145
rev_35193,0.0011
rev_35194,0.0062
rev_35195,0.0292
rev_35196,0.0054
rev_35197,0.0007
rev_35198,0.0088
rev_35199,0.9935
rev_35200,0.9335
rev_35201,0.9968
rev_35202,0.7979
rev_35203,0.993
rev_35204,0.9624
rev_35205,0.9999
rev_35206,0.9802
rev_35207,0.796
rev_35208,0.9988
rev_35209,0.6305
rev_35210,0.0265
rev_35211,0.2349
rev_35212,0.0414
rev_35213,0.017
rev_35214,0.0311
rev_35215,0.0847
rev_35216,0.0809
rev_35217,0.0111
rev_35218,0.0295
rev_35219,0.0052
rev_35220,0.1009
rev_35221,0.9926
rev_35222,0.9868
rev_35223,0.9985
rev_35224,0.8813
rev_35225,0.9982
rev_35226,0.6131
rev_35227,0.997
rev_35228,0.9853
rev_35229,0.9321
rev_35230,0.9975
rev_35231,0.8321
rev_35232,0.0047
rev_35233,0.035
rev_35234,0.0003
rev_35235,0.3971
rev_35236,0.0788
rev_35237,0.0057
rev_35238,0.0035
rev_35239,0.0051
rev_35240,0.102
rev_35241,0.0005
rev_35242,0.0093
rev_35243,1.0
rev_35244,0.9613
rev_35245,0.9942
rev_35246,0.9737
rev_35247,0.9987
rev_35248,0.9778
rev_35249,0.93
rev_35250,0.939
rev_35251,0.988
rev_35252,0.9986
rev_35253,0.0001
rev_35254,0.0179
rev_35255,0.1044
rev_35256,0.0015
rev_35257,0.0022
rev_35258,0.0645
rev_35259,0.0053
rev_35260,0.3447
rev_35261,0.0072
rev_35262,0.013
rev_35263,0.997
rev_35264,0.9955
rev_35265,0.998
rev_35266,0.9955
rev_35267,0.9829
rev_35268,0.9997
rev_35269,0.9867
rev_35270,0.9935
rev_35271,0.9872
rev_35272,0.9359
rev_35273,0.9179
rev_35274,0.0001
rev_35275,0.3143
rev_35276,0.0287
rev_35277,0.0034
rev_35278,0.0117
rev_35279,0.0351
rev_35280,0.0019
rev_35281,0.0053
rev_35282,0.2246
rev_35283,0.0017
rev_35284,0.0994
rev_35285,0.8019
rev_35286,0.9999
rev_35287,0.9076
rev_35288,0.9338
rev_35289,0.7928
rev_35290,0.9983
rev_35291,0.9647
rev_35292,0.9854
rev_35293,0.9515
rev_35294,0.9035
rev_35295,0.9997
rev_35296,0.7241
rev_35297,0.0072
rev_35298,0.0463
rev_35299,0.0108
rev_35300,0.0915
rev_35301,0.1175
rev_35302,0.0011
rev_35303,0.0077
rev_35304,0.0955
rev_35305,0.0537
rev_35306,0.0082
rev_35307,0.9969
rev_35308,0.997
rev_35309,0.9479
rev_35310,0.989
rev_35311,0.991
rev_35312,0.9827
rev_35313,0.8833
rev_35314,0.9189
rev_35315,0.9957
rev_35316,0.9406
rev_35317,0.0007
rev_35318,0.0009
rev_35319,0.0937
rev_35320,0.0073
rev_35321,0.0177
rev_35322,0.068
rev_35323,0.0731
rev_35324,0.0077
rev_35325,0.0078
rev_35326,0.0003
rev_35327,0.9948
rev_35328,0.1056
rev_35329,0.9997
rev_35330,0.9904
rev_35331,0.9968
rev_35332,0.8826
rev_35333,0.9907
rev_35334,0.945
rev_35335,0.9923
rev_35336,0.4894
rev_35337,0.021
rev_35338,0.0074
rev_35339,0.0053
rev_35340,0.0759
rev_35341,0.0046
rev_35342,0.1583
rev_35343,0.0105
rev_35344,0.0001
rev_35345,0.9341
rev_35346,0.9972
rev_35347,0.9995
rev_35348,0.9915
rev_35349,0.9936
rev_35350,0.9129
rev_35351,0.9613
rev_35352,0.9975
rev_35353,0.795
rev_35354,0.0399
rev_35355,0.0161
rev_35356,0.432
rev_35357,0.0148
rev_35358,0.5795
rev_35359,0.0006
rev_35360,0.0808
rev_35361,0.0022
rev_35362,0.021
rev_35363,0.9887
rev_35364,0.9976
rev_35365,0.9413
rev_35366,0.995
rev_35367,0.9928
rev_35368,0.9976
rev_35369,0.2912
rev_35370,0.9997
rev_35371,0.9885
rev_35372,0.0815
rev_35373,0.0162
rev_35374,0.0023
rev_35375,0.0158
rev_35376,0.0177
rev_35377,0.0058
rev_35378,0.0118
rev_35379,0.0043
rev_35380,0.0046
rev_35381,0.9928
rev_35382,0.998
rev_35383,0.9954
rev_35384,0.983
rev_35385,0.9998
rev_35386,0.9799
rev_35387,0.6845
rev_35388,0.9376
rev_35389,0.0347
rev_35390,0.6143
rev_35391,0.182
rev_35392,0.043
rev_35393,0.0006
rev_35394,0.1956
rev_35395,0.0019
rev_35396,0.0961
rev_35397,0.6644
rev_35398,0.9762
rev_35399,0.9949
rev_35400,0.9776
rev_35401,0.336
rev_35402,0.9957
rev_35403,0.9823
rev_35404,0.9975
rev_35405,0.0022
rev_35406,0.0173
rev_35407,0.0259
rev_35408,0.1008
rev_35409,0.0101
rev_35410,0.0116
rev_35411,0.0257
rev_35412,0.2186
rev_35413,0.98
rev_35414,0.9828
rev_35415,0.9953
rev_35416,0.998
rev_35417,0.9966
rev_35418,0.9978
rev_35419,0.9996
rev_35420,0.9999
rev_35421,0.954
rev_35422,0.0058
rev_35423,0.0005
rev_35424,0.058
rev_35425,0.0028
rev_35426,0.003
rev_35427,0.0026
rev_35428,0.1501
rev_35429,0.2984
rev_35430,0.0022
rev_35431,0.9993
rev_35432,0.8163
rev_35433,0.9724
rev_35434,0.9919
rev_35435,0.9997
rev_35436,0.8566
rev_35437,0.9875
rev_35438,0.9909
rev_35439,0.0084
rev_35440,0.0033
rev_35441,0.0123
rev_35442,0.1153
rev_35443,0.0062
rev_35444,0.0213
rev_35445,0.0355
rev_35446,0.0027
rev_35447,0.9969
rev_35448,0.89
rev_35449,0.9996
rev_35450,0.9642
rev_35451,0.8964
rev_35452,0.9357
rev_35453,0.9914
rev_35454,0.9996
rev_35455,0.9653
rev_35456,0.0008
rev_35457,0.007
rev_35458,0.0554
rev_35459,0.1896
rev_35460,0.0978
rev_35461,0.0002
rev_35462,0.0445
rev_35463,0.0056
rev_35464,0.0011
rev_35465,0.9986
rev_35466,0.9993
rev_35467,0.9881
rev_35468,0.996
rev_35469,0.9999
rev_35470,0.9982
rev_35471,0.9685
rev_35472,0.7231
rev_35473,0.0027
rev_35474,0.0007
rev_35475,0.0098
rev_35476,0.1372
rev_35477,0.0579
rev_35478,0.0024
rev_35479,0.0056
rev_35480,0.2837
rev_35481,0.9894
rev_35482,0.9917
rev_35483,0.9798
rev_35484,0.8858
rev_35485,0.9951
rev_35486,0.9821
rev_35487,0.9651
rev_35488,0.9292
rev_35489,0.0023
rev_35490,0.007
rev_35491,0.0005
rev_35492,0.0058
rev_35493,0.0385
rev_35494,0.01
rev_35495,0.0459
rev_35496,0.0074
rev_35497,0.9974
rev_35498,0.9492
rev_35499,0.8925
rev_35500,0.9993
rev_35501,0.9937
rev_35502,0.9996
rev_35503,0.9753
rev_35504,0.9984
rev_35505,0.0095
rev_35506,0.0101
rev_35507,0.0001
rev_35508,0.0008
rev_35509,0.0072
rev_35510,0.0038
rev_35511,0.0502
rev_35512,0.0068
rev_35513,0.9698
rev_35514,0.9762
rev_35515,0.9998
rev_35516,0.9905
rev_35517,0.9986
rev_35518,0.9938
rev_35519,0.8286
rev_35520,0.0643
rev_35521,0.0055
rev_35522,0.0467
rev_35523,0.0011
rev_35524,0.0006
rev_35525,0.0144
rev_35526,0.0047
rev_35527,0.9904
rev_35528,0.9595
rev_35529,0.9976
rev_35530,1.0
rev_35531,0.9706
rev_35532,0.7764
rev_35533,0.9996
rev_35534,0.0473
rev_35535,0.0147
rev_35536,0.0224
rev_35537,0.0358
rev_35538,0.0092
rev_35539,0.0029
rev_35540,0.1676
rev_35541,0.9984
rev_35542,0.9976
rev_35543,0.9179
rev_35544,0.9994
rev_35545,0.9986
rev_35546,0.97
rev_35547,0.9074
rev_35548,0.036
rev_35549,0.0622
rev_35550,0.0002
rev_35551,0.0202
rev_35552,0.1596
rev_35553,0.0089
rev_35554,0.1169
rev_35555,0.9991
rev_35556,0.9288
rev_35557,0.9976
rev_35558,0.9987
rev_35559,0.9996
rev_35560,0.9768
rev_35561,0.0043
rev_35562,0.0918
rev_35563,0.0304
rev_35564,0.0689
rev_35565,0.2182
rev_35566,0.0006
rev_35567,1.0
rev_35568,0.9972
rev_35569,0.9971
rev_35570,0.9772
rev_35571,0.9995
rev_35572,0.8304
rev_35573,0.9978
rev_35574,0.19
rev_35575,0.0472
rev_35576,0.0052
rev_35577,0.0068
rev_35578,0.0007
rev_35579,0.0067
rev_35580,0.0062
rev_35581,0.9975
rev_35582,0.9988
rev_35583,0.9797
rev_35584,0.9874
rev_35585,0.7776
rev_35586,0.9964
rev_35587,0.9493
rev_35588,0.1187
rev_35589,0.5684
rev_35590,0.0384
rev_35591,0.0061
rev_35592,0.0121
rev_35593,0.494
rev_35594,0.0137
rev_35595,0.9994
rev_35596,0.9975
rev_35597,0.9317
rev_35598,0.9975
rev_35599,0.9979
rev_35600,0.2613
rev_35601,0.0005
rev_35602,0.0024
rev_35603,0.0009
rev_35604,0.001
rev_35605,0.7236
rev_35606,0.0611
rev_35607,0.9945
rev_35608,0.9943
rev_35609,0.9958
rev_35610,0.9997
rev_35611,0.9955
rev_35612,0.7259
rev_35613,0.0065
rev_35614,0.0046
rev_35615,0.0001
rev_35616,0.042
rev_35617,0.0148
rev_35618,0.0004
rev_35619,0.9999
rev_35620,0.9995
rev_35621,0.9738
rev_35622,1.0
rev_35623,0.9999
rev_35624,0.9997
rev_35625,0.0109
rev_35626,0.0015
rev_35627,0.0096
rev_35628,0.008
rev_35629,0.0405
rev_35630,0.0055
rev_35631,0.9969
rev_35632,0.9999
rev_35633,0.992
rev_35634,0.9802
rev_35635,0.984
rev_35636,0.4675
rev_35637,0.0023
rev_35638,0.0064
rev_35639,0.0038
rev_35640,0.0062
rev_35641,0.9966
rev_35642,0.9999
rev_35643,0.9877
rev_35644,0.9932
rev_35645,0.9364
rev_35646,0.0003
rev_35647,0.0049
rev_35648,0.0006
rev_35649,0.0854
rev_35650,0.0026
rev_35651,0.6548
rev_35652,0.9259
rev_35653,0.5614
rev_35654,0.9648
rev_35655,0.998
rev_35656,0.999
rev_35657,0.0015
rev_35658,0.0026
rev_35659,0.0069
rev_35660,0.0024
rev_35661,0.0016
rev_35662,0.0116
rev_35663,0.9513
rev_35664,0.9729
rev_35665,0.9642
rev_35666,0.9973
rev_35667,0.9793
rev_35668,0.9943
rev_35669,0.0049
rev_35670,0.0095
rev_35671,0.0224
rev_35672,0.0024
rev_35673,0.0001
rev_35674,0.0186
rev_35675,0.7794
rev_35676,0.9979
rev_35677,0.9989
rev_35678,0.9066
rev_35679,0.9391
rev_35680,0.9998
rev_35681,0.0653
rev_35682,0.0017
rev_35683,0.0174
rev_35684,0.0023
rev_35685,0.0075
rev_35686,0.0046
rev_35687,0.9934
rev_35688,0.9889
rev_35689,0.9949
rev_35690,0.9867
rev_35691,0.9902
rev_35692,0.2169
rev_35693,0.2297
rev_35694,0.0022
rev_35695,0.3243
rev_35696,0.353
rev_35697,0.9973
rev_35698,0.9997
rev_35699,0.9993
rev_35700,0.984
rev_35701,0.9976
rev_35702,0.9978
rev_35703,0.0154
rev_35704,0.07
rev_35705,0.0025
rev_35706,0.0057
rev_35707,0.0573
rev_35708,0.0051
rev_35709,0.7047
rev_35710,0.9917
rev_35711,0.8692
rev_35712,0.9452
rev_35713,0.9557
rev_35714,0.013
rev_35715,0.0081
rev_35716,0.012
rev_35717,0.031
rev_35718,0.001
rev_35719,0.8651
rev_35720,0.9963
rev_35721,0.9982
rev_35722,0.9039
rev_35723,0.8073
rev_35724,0.8069
rev_35725,0.0187
rev_35726,0.0184
rev_35727,0.0403
rev_35728,0.0087
rev_35729,0.0001
rev_35730,0.026
rev_35731,0.9928
rev_35732,0.9437
rev_35733,0.9969
rev_35734,0.9832
rev_35735,0.973
rev_35736,0.0217
rev_35737,0.0025
rev_35738,0.0039
rev_35739,0.0057
rev_35740,0.0021
rev_35741,0.9905
rev_35742,0.9991
rev_35743,0.999
rev_35744,0.8083
rev_35745,0.0001
rev_35746,0.0383
rev_35747,0.0021
rev_35748,0.0013
rev_35749,0.9946
rev_35750,0.982
rev_35751,0.9805
rev_35752,0.9996
rev_35753,0.9197
rev_35754,0.0119
rev_35755,0.0003
rev_35756,0.0281
rev_35757,0.0032
rev_35758,0.0001
rev_35759,0.9242
rev_35760,0.8209
rev_35761,0.9991
rev_35762,0.7944
rev_35763,0.9981
rev_35764,0.0001
rev_35765,0.0017
rev_35766,0.0662
rev_35767,0.0021
rev_35768,0.0581
rev_35769,0.893
rev_35770,0.9354
rev_35771,0.9925
rev_35772,1.0
rev_35773,0.9996
rev_35774,0.0057
rev_35775,0.0058
rev_35776,0.018
rev_35777,0.0004
rev_35778,0.0179
rev_35779,0.9656
rev_35780,0.9807
rev_35781,0.9917
rev_35782,0.9787
rev_35783,0.9869
rev_35784,0.004
rev_35785,0.0113
rev_35786,0.0026
rev_35787,0.3794
rev_35788,0.0246
rev_35789,0.7316
rev_35790,0.9975
rev_35791,0.9933
rev_35792,0.7562
rev_35793,0.9957
rev_35794,0.0028
rev_35795,0.0023
rev_35796,0.0066
rev_35797,0.0296
rev_35798,0.0041
rev_35799,0.9999
rev_35800,0.9114
rev_35801,0.9999
rev_35802,0.9984
rev_35803,0.0073
rev_35804,0.0002
rev_35805,0.008
rev_35806,0.0011
rev_35807,0.9984
rev_35808,0.9172
rev_35809,0.9488
rev_35810,0.9964
rev_35811,0.0045
rev_35812,0.0095
rev_35813,0.0044
rev_35814,0.0338
rev_35815,0.9982
rev_35816,0.9994
rev_35817,0.9436
rev_35818,0.9801
rev_35819,0.0036
rev_35820,0.0085
rev_35821,0.0142
rev_35822,0.0005
rev_35823,0.9787
rev_35824,0.9067
rev_35825,0.7564
rev_35826,0.8686
rev_35827,0.0067
rev_35828,0.0682
rev_35829,0.0207
rev_35830,0.0027
rev_35831,0.8791
rev_35832,0.9991
rev_35833,0.9048
rev_35834,0.9669
rev_35835,0.1709
rev_35836,0.283
rev_35837,0.0539
rev_35838,0.0017
rev_35839,0.9252
rev_35840,0.7813
rev_35841,0.9997
rev_35842,0.9982
rev_35843,0.0178
rev_35844,0.0859
rev_35845,0.007
rev_35846,0.134
rev_35847,0.9976
rev_35848,0.9249
rev_35849,0.9527
rev_35850,0.9719
rev_35851,0.0127
rev_35852,0.0403
rev_35853,0.0007
rev_35854,0.0025
rev_35855,0.9999
rev_35856,0.9776
rev_35857,0.9
rev_35858,0.6773
rev_35859,0.0002
rev_35860,0.0132
rev_35861,0.009
rev_35862,0.0871
rev_35863,0.9998
rev_35864,0.9998
rev_35865,0.996
rev_35866,0.9919
rev_35867,0.0077
rev_35868,0.0149
rev_35869,0.0437
rev_35870,0.0907
rev_35871,0.9802
rev_35872,0.9767
rev_35873,0.9848
rev_35874,0.8029
rev_35875,0.0206
rev_35876,0.0066
rev_35877,0.0679
rev_35878,0.0102
rev_35879,0.9723
rev_35880,0.9853
rev_35881,0.8145
rev_35882,0.0281
rev_35883,0.2432
rev_35884,0.0051
rev_35885,0.9981
rev_35886,1.0
rev_35887,0.9707
rev_35888,0.0005
rev_35889,0.0051
rev_35890,0.0004
rev_35891,0.9734
rev_35892,0.9994
rev_35893,0.9992
rev_35894,0.9904
rev_35895,0.126
rev_35896,0.0012
rev_35897,0.0001
rev_35898,0.0308
rev_35899,0.9701
rev_35900,0.9999
rev_35901,0.9864
rev_35902,0.0148
rev_35903,0.001
rev_35904,0.0712
rev_35905,0.988
rev_35906,0.8877
rev_35907,0.9635
rev_35908,0.1673
rev_35909,0.0036
rev_35910,0.0113
rev_35911,0.9981
rev_35912,0.9953
rev_35913,0.9911
rev_35914,0.9966
rev_35915,0.0065
rev_35916,0.0113
rev_35917,0.0064
rev_35918,0.0037
rev_35919,0.9992
rev_35920,0.9993
rev_35921,0.9955
rev_35922,0.0074
rev_35923,0.0054
rev_35924,0.002
rev_35925,0.9996
rev_35926,0.9513
rev_35927,0.945
rev_35928,0.0
rev_35929,0.0005
rev_35930,0.0013
rev_35931,0.9974
rev_35932,0.9998
rev_35933,0.9883
rev_35934,0.0035
rev_35935,0.0209
rev_35936,0.0072
rev_35937,0.9929
rev_35938,0.8621
rev_35939,0.5936
rev_35940,0.0082
rev_35941,0.0006
rev_35942,0.0007
rev_35943,0.944
rev_35944,0.9999
rev_35945,0.8026
rev_35946,0.0024
rev_35947,0.0009
rev_35948,0.0386
rev_35949,0.9738
rev_35950,0.8496
rev_35951,0.9979
rev_35952,0.0085
rev_35953,0.0019
rev_35954,0.0026
rev_35955,0.983
rev_35956,0.996
rev_35957,0.9996
rev_35958,0.0003
rev_35959,0.1736
rev_35960,0.0006
rev_35961,0.9884
rev_35962,0.9324
rev_35963,0.9391
rev_35964,0.0809
rev_35965,0.0298
rev_35966,0.0018
rev_35967,0.9875
rev_35968,0.9996
rev_35969,0.9932
rev_35970,0.0001
rev_35971,0.006
rev_35972,0.0044
rev_35973,0.9989
rev_35974,0.5825
rev_35975,0.988
rev_35976,0.0134
rev_35977,0.0579
rev_35978,0.023
rev_35979,0.9964
rev_35980,0.9998
rev_35981,0.6909
rev_35982,0.0013
rev_35983,0.0001
rev_35984,0.0111
rev_35985,0.995
rev_35986,0.9968
rev_35987,0.9967
rev_35988,0.0255
rev_35989,0.0005
rev_35990,0.0003
rev_35991,0.9957
rev_35992,0.999
rev_35993,0.9731
rev_35994,0.014
rev_35995,0.0011
rev_35996,0.0147
rev_35997,0.9925
rev_35998,0.8989
rev_35999,0.9772
rev_36000,0.0027
rev_36001,0.0053
rev_36002,0.0004
rev_36003,0.9874
rev_36004,0.9968
rev_36005,0.7124
rev_36006,0.0172
rev_36007,0.0007
rev_36008,0.0003
rev_36009,0.8285
rev_36010,0.9852
rev_36011,0.9979
rev_36012,0.0294
rev_36013,0.0536
rev_36014,0.0069
rev_36015,0.907
rev_36016,0.7077
rev_36017,0.9995
rev_36018,0.1952
rev_36019,0.0107
rev_36020,0.0283
rev_36021,0.8258
rev_36022,0.9939
rev_36023,0.9885
rev_36024,0.0019
rev_36025,0.0394
rev_36026,0.0018
rev_36027,0.9032
rev_36028,0.8904
rev_36029,0.9982
rev_36030,0.0002
rev_36031,0.0039
rev_36032,0.0008
rev_36033,0.9949
rev_36034,0.9383
rev_36035,0.7339
rev_36036,0.0423
rev_36037,0.0644
rev_36038,0.0015
rev_36039,0.999
rev_36040,0.997
rev_36041,0.9773
rev_36042,0.0541
rev_36043,0.0933
rev_36044,0.0006
rev_36045,0.9952
rev_36046,0.9425
rev_36047,0.0642
rev_36048,0.0116
rev_36049,0.9991
rev_36050,0.8963
rev_36051,0.0193
rev_36052,0.0036
rev_36053,0.9985
rev_36054,0.9232
rev_36055,0.0103
rev_36056,0.5302
rev_36057,0.9808
rev_36058,0.9705
rev_36059,0.0145
rev_36060,0.0315
rev_36061,0.9065
rev_36062,0.9826
rev_36063,0.9998
rev_36064,0.0026
rev_36065,0.0018
rev_36066,0.0004
rev_36067,0.9307
rev_36068,0.9762
rev_36069,0.965
rev_36070,0.0193
rev_36071,0.0022
rev_36072,0.0048
rev_36073,0.9295
rev_36074,0.999
rev_36075,0.0001
rev_36076,0.0005
rev_36077,0.9945
rev_36078,0.9557
rev_36079,0.9808
rev_36080,0.001
rev_36081,0.0
rev_36082,0.0064
rev_36083,0.7444
rev_36084,0.9999
rev_36085,0.0077
rev_36086,0.0064
rev_36087,0.9856
rev_36088,0.8851
rev_36089,0.0006
rev_36090,0.0014
rev_36091,0.9946
rev_36092,0.9856
rev_36093,0.061
rev_36094,0.0108
rev_36095,0.998
rev_36096,0.9937
rev_36097,0.0013
rev_36098,0.0002
rev_36099,0.9908
rev_36100,1.0
rev_36101,0.0021
rev_36102,0.0032
rev_36103,0.9401
rev_36104,0.9995
rev_36105,0.0004
rev_36106,0.0191
rev_36107,0.9081
rev_36108,0.9861
rev_36109,0.0003
rev_36110,0.0
rev_36111,0.9999
rev_36112,0.9715
rev_36113,0.1247
rev_36114,0.0016
rev_36115,0.9293
rev_36116,0.9264
rev_36117,0.0366
rev_36118,0.0025
rev_36119,0.94
rev_36120,0.9879
rev_36121,0.0062
rev_36122,0.0003
rev_36123,0.3191
rev_36124,0.9999
rev_36125,0.0153
rev_36126,0.0341
rev_36127,0.927
rev_36128,0.9998
rev_36129,0.118
rev_36130,0.0
rev_36131,0.9753
rev_36132,0.9989
rev_36133,0.0021
rev_36134,0.0086
rev_36135,0.9674
rev_36136,0.9999
rev_36137,0.0438
rev_36138,0.0107
rev_36139,0.3554
rev_36140,0.9932
rev_36141,0.0045
rev_36142,0.0029
rev_36143,0.938
rev_36144,0.6295
rev_36145,0.0056
rev_36146,0.0053
rev_36147,0.7754
rev_36148,0.9965
rev_36149,0.0028
rev_36150,0.0045
rev_36151,0.8899
rev_36152,0.9526
rev_36153,0.0003
rev_36154,0.0057
rev_36155,0.8937
rev_36156,0.9926
rev_36157,0.0032
rev_36158,0.0219
rev_36159,0.9876
rev_36160,0.882
rev_36161,0.0731
rev_36162,0.04
rev_36163,0.9266
rev_36164,0.8551
rev_36165,0.0003
rev_36166,0.1421
rev_36167,0.998
rev_36168,0.9997
rev_36169,0.0012
rev_36170,0.0003
rev_36171,0.9689
rev_36172,0.7753
rev_36173,0.0126
rev_36174,0.0007
rev_36175,0.9938
rev_36176,0.9877
rev_36177,0.0003
rev_36178,0.0
rev_36179,0.9837
rev_36180,0.9998
rev_36181,0.0001
rev_36182,0.0087
rev_36183,0.9946
rev_36184,0.5885
rev_36185,0.0004
rev_36186,0.0001
rev_36187,0.925
rev_36188,0.2533
rev_36189,0.2769
rev_36190,0.0009
rev_36191,0.9466
rev_36192,0.4519
rev_36193,0.0156
rev_36194,0.0041
rev_36195,0.8214
rev_36196,0.9983
rev_36197,0.0047
rev_36198,0.001
rev_36199,0.6977
rev_36200,0.8516
rev_36201,0.0025
rev_36202,0.0007
rev_36203,0.9954
rev_36204,0.9983
rev_36205,0.0003
rev_36206,0.0004
rev_36207,0.9975
rev_36208,0.0
rev_36209,0.9998
rev_36210,0.1946
rev_36211,0.9532
rev_36212,0.8986
rev_36213,0.0028
rev_36214,0.0081
rev_36215,0.9782
rev_36216,0.0004
rev_36217,0.9061
rev_36218,0.9885
rev_36219,0.0013
rev_36220,0.0108
rev_36221,0.997
rev_36222,0.996
rev_36223,0.001
rev_36224,0.0094
rev_36225,0.9997
rev_36226,0.0007
rev_36227,0.9965
rev_36228,0.9911
rev_36229,0.0013
rev_36230,0.0403
rev_36231,0.9997
rev_36232,0.9719
rev_36233,0.0288
rev_36234,0.0008
rev_36235,0.8721
rev_36236,0.9602
rev_36237,0.0006
rev_36238,0.0013
rev_36239,0.9734
rev_36240,0.0003
rev_36241,0.9849
rev_36242,0.9861
rev_36243,0.0006
rev_36244,0.0032
rev_36245,1.0
rev_36246,0.0002
rev_36247,0.9871
rev_36248,0.0003
rev_36249,0.9984
rev_36250,0.0002
rev_36251,1.0
rev_36252,0.0008
rev_36253,0.9203
rev_36254,0.0039
rev_36255,0.9879
rev_36256,0.0002
rev_36257,0.9997
rev_36258,0.0033
rev_36259,0.993
rev_36260,0.0596
rev_36261,0.9724
rev_36262,0.003
rev_36263,0.958
rev_36264,0.0419
rev_36265,0.9948
rev_36266,0.0245
rev_36267,0.9996
rev_36268,0.0013
rev_36269,0.9971
rev_36270,0.0005
rev_36271,0.9713
rev_36272,0.0001
rev_36273,0.9998
rev_36274,0.8115
rev_36275,0.0009
rev_36276,0.0006
rev_36277,0.9744
rev_36278,0.0001
rev_36279,0.9898
rev_36280,0.0296
rev_36281,0.9999
rev_36282,0.0003
rev_36283,0.9997
rev_36284,0.0003
rev_36285,0.9998
rev_36286,0.0007
rev_36287,0.9765
rev_36288,0.0003
rev_36289,0.7924
rev_36290,0.0004
rev_36291,0.999
rev_36292,0.0002
rev_36293,0.6167
rev_36294,0.0024
rev_36295,0.9645
rev_36296,0.3817
rev_36297,0.9916
rev_36298,0.0001
rev_36299,0.9997
rev_36300,0.001
rev_36301,0.9985
rev_36302,0.0049
rev_36303,0.9947
rev_36304,0.0014
rev_36305,0.9624
rev_36306,0.0269
rev_36307,0.6775
rev_36308,0.0023
rev_36309,0.9919
rev_36310,0.2548
rev_36311,0.9862
rev_36312,0.0003
rev_36313,0.9661
rev_36314,0.0004
rev_36315,1.0
rev_36316,0.0812
rev_36317,0.9783
rev_36318,0.0002
rev_36319,0.9859
rev_36320,0.0001
rev_36321,0.9364
rev_36322,0.0036
rev_36323,0.9677
rev_36324,0.0001
rev_36325,0.9978
rev_36326,0.0021
rev_36327,0.9748
rev_36328,0.0
rev_36329,0.9844
rev_36330,0.0861
rev_36331,0.9385
rev_36332,0.0582
rev_36333,0.9487
rev_36334,0.0002
rev_36335,0.9999
rev_36336,0.0003
rev_36337,0.9998
rev_36338,0.0009
rev_36339,0.9999
rev_36340,0.0052
rev_36341,0.8349
rev_36342,0.0001
rev_36343,0.9843
rev_36344,0.0003
rev_36345,0.9912
rev_36346,0.0002
rev_36347,0.9895
rev_36348,0.0001
rev_36349,0.9721
rev_36350,0.002
rev_36351,0.9996
rev_36352,0.0006
rev_36353,0.9999
rev_36354,0.0002
rev_36355,0.9766
rev_36356,0.0016
rev_36357,0.9999
rev_36358,0.0001
rev_36359,0.9957
rev_36360,0.0064
rev_36361,0.9841
rev_36362,0.0017
rev_36363,0.9632
rev_36364,0.0002
rev_36365,0.9992
rev_36366,0.0
rev_36367,0.9236
rev_36368,0.0
rev_36369,0.9998
rev_36370,0.0016
rev_36371,0.9988
rev_36372,0.0065
rev_36373,0.9995
rev_36374,0.0008
rev_36375,0.9871
rev_36376,0.0037
rev_36377,0.9955
rev_36378,0.0004
rev_36379,0.9925
rev_36380,0.0066
rev_36381,0.9965
rev_36382,0.0004
rev_36383,0.9606
rev_36384,0.0005
rev_36385,0.9998
rev_36386,0.0001
rev_36387,0.6077
rev_36388,0.0048
rev_36389,0.9618
rev_36390,0.0033
rev_36391,0.8952
rev_36392,0.0012
rev_36393,0.9993
rev_36394,0.2275
rev_36395,0.9999
rev_36396,0.0007
rev_36397,0.9115
rev_36398,0.0025
rev_36399,0.9938
rev_36400,0.0022
rev_36401,0.9993
rev_36402,0.0007
rev_36403,0.9999
rev_36404,0.0003
rev_36405,0.9995
rev_36406,0.0069
rev_36407,0.7399
rev_36408,0.0113
rev_36409,0.999
rev_36410,0.0002
rev_36411,0.9969
rev_36412,0.0001
rev_36413,0.9631
rev_36414,0.0001
rev_36415,0.9906
rev_36416,0.0083
rev_36417,0.9998
rev_36418,0.073
rev_36419,0.9999
rev_36420,0.0117
rev_36421,0.9987
rev_36422,0.0002
rev_36423,0.9998
rev_36424,0.0064
rev_36425,0.997
rev_36426,0.0002
rev_36427,0.9999
rev_36428,0.0
rev_36429,0.9961
rev_36430,0.0
rev_36431,0.9975
rev_36432,0.0794
rev_36433,0.9972
rev_36434,0.0013
rev_36435,0.9911
rev_36436,0.0133
rev_36437,0.9994
rev_36438,0.0
rev_36439,0.9992
rev_36440,0.0272
rev_36441,0.9996
rev_36442,0.0002
rev_36443,0.9992
rev_36444,0.0013
rev_36445,0.9999
rev_36446,0.0001
rev_36447,0.9988
rev_36448,0.0003
rev_36449,0.9989
rev_36450,0.0001
rev_36451,0.9999
rev_36452,0.009
rev_36453,0.9976
rev_36454,0.0
rev_36455,0.9993
rev_36456,0.0022
rev_36457,0.9998
rev_36458,0.0002
rev_36459,0.9426
rev_36460,0.0001
rev_36461,0.9777
rev_36462,0.0229
rev_36463,0.9556
rev_36464,0.0071
rev_36465,0.9984
rev_36466,0.0002
rev_36467,0.9999
rev_36468,0.0003
rev_36469,0.9996
rev_36470,0.0301
rev_36471,0.9898
rev_36472,0.0
rev_36473,0.997
rev_36474,0.0015
rev_36475,1.0
rev_36476,0.0013
rev_36477,1.0
rev_36478,0.0
rev_36479,0.9999
rev_36480,0.0
rev_36481,0.9994
rev_36482,0.0006
rev_36483,0.996
rev_36484,0.0002
rev_36485,0.9972
rev_36486,0.0006
rev_36487,1.0
rev_36488,0.0
rev_36489,0.9477
rev_36490,0.0052
rev_36491,0.749
rev_36492,0.0
rev_36493,0.948
rev_36494,0.0002
rev_36495,0.9418
rev_36496,0.0
rev_36497,0.9771
rev_36498,0.0
rev_36499,0.9981
rev_36500,0.0012
rev_36501,0.9833
rev_36502,0.0012
rev_36503,0.9101
rev_36504,0.0001
rev_36505,0.9985
rev_36506,0.0012
rev_36507,1.0
rev_36508,0.0
rev_36509,0.994
rev_36510,0.0047
rev_36511,0.9992
rev_36512,0.015
rev_36513,0.9996
rev_36514,0.0002
rev_36515,0.9982
rev_36516,0.0183
rev_36517,0.9477
rev_36518,0.0005
rev_36519,0.9913
rev_36520,0.0011
rev_36521,0.9997
rev_36522,0.0001
rev_36523,0.9744
rev_36524,0.0
rev_36525,0.9947
rev_36526,0.0
rev_36527,0.9949
rev_36528,0.0006
rev_36529,0.9744
rev_36530,0.0
rev_36531,0.9994
rev_36532,0.0004
rev_36533,0.9966
rev_36534,0.0004
rev_36535,0.9994
rev_36536,0.0002
rev_36537,0.9771
rev_36538,0.0003
rev_36539,0.9998
rev_36540,0.0001
rev_36541,0.9999
rev_36542,0.0005
rev_36543,0.9999
rev_36544,0.0
rev_36545,0.9919
rev_36546,0.0003
rev_36547,0.9828
rev_36548,0.0593
rev_36549,0.9915
rev_36550,0.0005
rev_36551,0.9972
rev_36552,0.0004
rev_36553,0.9998
rev_36554,0.0029
rev_36555,0.9658
rev_36556,0.0054
rev_36557,0.9744
rev_36558,0.0018
rev_36559,0.9489
rev_36560,0.0002
rev_36561,0.9802
rev_36562,0.0585
rev_36563,0.9997
rev_36564,0.0024
rev_36565,0.9992
rev_36566,0.0
rev_36567,0.991
rev_36568,0.0004
rev_36569,0.4986
rev_36570,0.0013
rev_36571,0.9212
rev_36572,0.001
rev_36573,0.8899
rev_36574,0.9058
rev_36575,0.9998
rev_36576,1.0
rev_36577,0.5201
rev_36578,0.9982
rev_36579,0.2903
rev_36580,0.8192
rev_36581,0.9998
rev_36582,0.8297
rev_36583,0.9887
rev_36584,0.977
rev_36585,0.9415
rev_36586,0.9998
rev_36587,0.9972
rev_36588,0.8428
rev_36589,0.995
rev_36590,0.2608
rev_36591,0.3562
rev_36592,0.9583
rev_36593,0.9998
rev_36594,0.2762
rev_36595,0.9988
rev_36596,0.9969
rev_36597,0.9777
rev_36598,0.4114
rev_36599,0.6216
rev_36600,0.9919
rev_36601,0.3463
rev_36602,0.9978
rev_36603,0.5783
rev_36604,0.9977
rev_36605,0.9999
rev_36606,0.9998
rev_36607,0.9647
rev_36608,1.0
rev_36609,0.9944
rev_36610,0.9934
rev_36611,0.8882
rev_36612,0.9826
rev_36613,0.9891
rev_36614,0.969
rev_36615,0.6786
rev_36616,0.9301
rev_36617,0.9548
rev_36618,0.9513
rev_36619,0.9998
rev_36620,0.6963
rev_36621,0.1259
rev_36622,0.6458
rev_36623,0.9397
rev_36624,0.9726
rev_36625,0.976
rev_36626,0.937
rev_36627,0.9785
rev_36628,0.9927
rev_36629,0.9977
rev_36630,0.9423
rev_36631,0.9895
rev_36632,0.3471
rev_36633,0.1515
rev_36634,0.5134
rev_36635,0.2441
rev_36636,0.4058
rev_36637,0.5638
rev_36638,0.196
rev_36639,0.0277
rev_36640,0.2271
rev_36641,0.0899
rev_36642,0.4837
rev_36643,0.2055
rev_36644,0.545
rev_36645,0.0112
rev_36646,0.0883
rev_36647,0.6544
rev_36648,0.1497
rev_36649,0.4642
rev_36650,0.1743
rev_36651,0.1275
rev_36652,0.4287
rev_36653,0.9219
rev_36654,0.8135
rev_36655,0.3836
rev_36656,0.0479
rev_36657,0.0025
rev_36658,0.0561
rev_36659,0.0097
rev_36660,0.0016
rev_36661,0.7142
rev_36662,0.0663
rev_36663,0.1225
rev_36664,0.7165
rev_36665,0.011
rev_36666,0.3999
rev_36667,0.2764
rev_36668,0.7364
rev_36669,0.868
rev_36670,0.1135
rev_36671,0.3683
rev_36672,0.1624
rev_36673,0.1598
rev_36674,0.9748
rev_36675,0.411
rev_36676,0.0503
rev_36677,0.6687
rev_36678,0.9376
rev_36679,0.011
rev_36680,0.0409
rev_36681,0.2003
rev_36682,0.08
rev_36683,0.6848
rev_36684,0.0454
rev_36685,0.0781
rev_36686,0.6015
rev_36687,0.3326
rev_36688,0.0929
rev_36689,0.0025
rev_36690,0.0069
rev_36691,0.9993
rev_36692,0.9435
rev_36693,0.8406
rev_36694,0.4965
rev_36695,0.9886
rev_36696,0.9999
rev_36697,0.9393
rev_36698,0.9857
rev_36699,0.9997
rev_36700,0.9333
rev_36701,0.985
rev_36702,0.9904
rev_36703,0.9896
rev_36704,1.0
rev_36705,0.9996
rev_36706,0.5639
rev_36707,0.6793
rev_36708,0.9687
rev_36709,0.9998
rev_36710,0.8018
rev_36711,0.999
rev_36712,0.9962
rev_36713,0.9911
rev_36714,0.2248
rev_36715,0.9979
rev_36716,0.5845
rev_36717,0.9737
rev_36718,0.9976
rev_36719,0.1193
rev_36720,0.9983
rev_36721,0.9903
rev_36722,0.9977
rev_36723,0.9985
rev_36724,0.8473
rev_36725,0.9981
rev_36726,0.9053
rev_36727,0.9635
rev_36728,0.7219
rev_36729,0.9805
rev_36730,0.4158
rev_36731,0.9711
rev_36732,0.8441
rev_36733,0.8356
rev_36734,0.6686
rev_36735,0.3125
rev_36736,0.9788
rev_36737,0.9747
rev_36738,0.9844
rev_36739,0.9991
rev_36740,0.7599
rev_36741,0.9957
rev_36742,0.2727
rev_36743,0.882
rev_36744,0.9796
rev_36745,0.9908
rev_36746,0.2796
rev_36747,0.1261
rev_36748,0.0125
rev_36749,0.6079
rev_36750,0.43
rev_36751,0.2332
rev_36752,0.1234
rev_36753,0.0166
rev_36754,0.1042
rev_36755,0.0168
rev_36756,0.4881
rev_36757,0.063
rev_36758,0.8504
rev_36759,0.1207
rev_36760,0.0623
rev_36761,0.3342
rev_36762,0.0547
rev_36763,0.0365
rev_36764,0.0171
rev_36765,0.1454
rev_36766,0.1847
rev_36767,0.0605
rev_36768,0.1699
rev_36769,0.4584
rev_36770,0.0233
rev_36771,0.9976
rev_36772,0.9656
rev_36773,0.8507
rev_36774,0.0907
rev_36775,0.1497
rev_36776,0.6296
rev_36777,0.0026
rev_36778,0.1145
rev_36779,0.1274
rev_36780,0.0534
rev_36781,0.8667
rev_36782,0.1018
rev_36783,0.3142
rev_36784,0.1172
rev_36785,0.0916
rev_36786,0.0485
rev_36787,0.1914
rev_36788,0.1505
rev_36789,0.3161
rev_36790,0.5759
rev_36791,0.218
rev_36792,0.0568
rev_36793,0.0406
rev_36794,0.1076
rev_36795,0.4777
rev_36796,0.2444
rev_36797,0.4877
rev_36798,0.0212
rev_36799,0.0679
rev_36800,0.3432
rev_36801,0.9843
rev_36802,0.9369
rev_36803,0.9664
rev_36804,0.9103
rev_36805,0.9996
rev_36806,0.991
rev_36807,0.8523
rev_36808,0.5267
rev_36809,0.9788
rev_36810,0.9998
rev_36811,1.0
rev_36812,0.9917
rev_36813,0.9603
rev_36814,0.9186
rev_36815,0.9978
rev_36816,0.9998
rev_36817,0.9982
rev_36818,0.9766
rev_36819,0.818
rev_36820,0.9999
rev_36821,0.5864
rev_36822,0.9637
rev_36823,0.997
rev_36824,0.9821
rev_36825,0.9901
rev_36826,0.1126
rev_36827,0.984
rev_36828,0.9501
rev_36829,0.9965
rev_36830,0.9422
rev_36831,0.9417
rev_36832,0.9884
rev_36833,0.9821
rev_36834,0.9996
rev_36835,0.9915
rev_36836,0.9622
rev_36837,0.9586
rev_36838,1.0
rev_36839,0.8327
rev_36840,0.4975
rev_36841,0.8612
rev_36842,0.9862
rev_36843,0.9015
rev_36844,0.9985
rev_36845,0.6879
rev_36846,0.9876
rev_36847,0.9936
rev_36848,0.9977
rev_36849,0.5233
rev_36850,0.9903
rev_36851,0.9174
rev_36852,0.9999
rev_36853,0.9575
rev_36854,0.3884
rev_36855,0.0289
rev_36856,0.2402
rev_36857,0.3587
rev_36858,0.2796
rev_36859,0.0042
rev_36860,0.1083
rev_36861,0.0487
rev_36862,0.4577
rev_36863,0.0956
rev_36864,0.216
rev_36865,0.0558
rev_36866,0.93
rev_36867,0.647
rev_36868,0.0157
rev_36869,0.1235
rev_36870,0.0173
rev_36871,0.2451
rev_36872,0.2319
rev_36873,0.0089
rev_36874,0.0115
rev_36875,0.6338
rev_36876,0.2459
rev_36877,0.0437
rev_36878,0.6664
rev_36879,0.5577
rev_36880,0.0118
rev_36881,0.0743
rev_36882,0.6052
rev_36883,0.0539
rev_36884,0.893
rev_36885,0.0424
rev_36886,0.7928
rev_36887,0.1185
rev_36888,0.0844
rev_36889,0.4397
rev_36890,0.348
rev_36891,0.0513
rev_36892,0.0902
rev_36893,0.0857
rev_36894,0.0875
rev_36895,0.3596
rev_36896,0.0125
rev_36897,0.0862
rev_36898,0.0244
rev_36899,0.098
rev_36900,0.0029
rev_36901,0.1466
rev_36902,0.1254
rev_36903,0.0091
rev_36904,0.2276
rev_36905,0.1529
rev_36906,0.3653
rev_36907,0.9999
rev_36908,0.0229
rev_36909,0.4381
rev_36910,0.9981
rev_36911,0.8058
rev_36912,0.8371
rev_36913,0.9394
rev_36914,0.9015
rev_36915,0.9859
rev_36916,0.9096
rev_36917,0.984
rev_36918,0.2504
rev_36919,0.538
rev_36920,0.934
rev_36921,0.9998
rev_36922,0.9875
rev_36923,0.8499
rev_36924,0.6552
rev_36925,0.504
rev_36926,0.8191
rev_36927,0.9718
rev_36928,0.1539
rev_36929,0.9696
rev_36930,0.6708
rev_36931,0.7388
rev_36932,0.2676
rev_36933,0.9933
rev_36934,0.7351
rev_36935,0.6879
rev_36936,0.9999
rev_36937,0.8701
rev_36938,0.9885
rev_36939,0.1428
rev_36940,0.7087
rev_36941,0.9954
rev_36942,0.7476
rev_36943,0.8258
rev_36944,0.6214
rev_36945,0.3044
rev_36946,0.0496
rev_36947,0.3546
rev_36948,0.9784
rev_36949,0.6797
rev_36950,0.9993
rev_36951,0.984
rev_36952,0.9996
rev_36953,0.9028
rev_36954,0.9997
rev_36955,0.9987
rev_36956,1.0
rev_36957,0.3088
rev_36958,0.355
rev_36959,0.0069
rev_36960,0.2756
rev_36961,0.0657
rev_36962,0.0503
rev_36963,0.1894
rev_36964,0.693
rev_36965,0.1327
rev_36966,0.0497
rev_36967,0.0887
rev_36968,0.1431
rev_36969,0.3164
rev_36970,0.0035
rev_36971,0.5778
rev_36972,0.0839
rev_36973,0.4973
rev_36974,0.103
rev_36975,0.0699
rev_36976,0.5565
rev_36977,0.1742
rev_36978,0.0138
rev_36979,0.0035
rev_36980,0.7147
rev_36981,0.2592
rev_36982,0.5812
rev_36983,0.3461
rev_36984,0.0091
rev_36985,0.1712
rev_36986,0.7364
rev_36987,0.7485
rev_36988,0.1171
rev_36989,0.0423
rev_36990,0.0368
rev_36991,0.78
rev_36992,0.0214
rev_36993,0.0076
rev_36994,0.4906
rev_36995,0.2239
rev_36996,0.6367
rev_36997,0.7024
rev_36998,0.995
rev_36999,0.1194
rev_37000,0.6214
rev_37001,0.2577
rev_37002,0.8091
rev_37003,0.0113
rev_37004,0.175
rev_37005,0.0318
rev_37006,0.2956
rev_37007,0.9992
rev_37008,0.9944
rev_37009,0.9971
rev_37010,0.9855
rev_37011,0.885
rev_37012,0.9992
rev_37013,0.9806
rev_37014,0.9884
rev_37015,0.9739
rev_37016,0.9875
rev_37017,0.6599
rev_37018,0.9863
rev_37019,0.9772
rev_37020,0.9995
rev_37021,0.7874
rev_37022,0.9548
rev_37023,0.225
rev_37024,0.6198
rev_37025,0.9993
rev_37026,0.9729
rev_37027,0.1522
rev_37028,0.985
rev_37029,0.3559
rev_37030,0.9523
rev_37031,0.8653
rev_37032,0.9873
rev_37033,0.9739
rev_37034,0.8058
rev_37035,0.9994
rev_37036,0.997
rev_37037,0.9065
rev_37038,0.9831
rev_37039,0.9802
rev_37040,0.9134
rev_37041,0.3337
rev_37042,0.4141
rev_37043,0.9959
rev_37044,0.9973
rev_37045,0.4784
rev_37046,0.8621
rev_37047,0.9987
rev_37048,0.8627
rev_37049,0.9255
rev_37050,0.5843
rev_37051,0.8739
rev_37052,0.94
rev_37053,0.9975
rev_37054,0.426
rev_37055,0.3853
rev_37056,0.6349
rev_37057,0.1368
rev_37058,0.5841
rev_37059,0.2152
rev_37060,0.1118
rev_37061,0.4788
rev_37062,0.1174
rev_37063,0.0046
rev_37064,0.1042
rev_37065,0.1767
rev_37066,0.1797
rev_37067,0.352
rev_37068,0.3494
rev_37069,0.9232
rev_37070,0.6659
rev_37071,0.0533
rev_37072,0.0136
rev_37073,0.0734
rev_37074,0.2839
rev_37075,0.0048
rev_37076,0.0101
rev_37077,0.5585
rev_37078,0.1623
rev_37079,0.0179
rev_37080,0.8541
rev_37081,0.1885
rev_37082,0.1473
rev_37083,0.0106
rev_37084,0.2795
rev_37085,0.8824
rev_37086,0.3373
rev_37087,0.5852
rev_37088,0.1594
rev_37089,0.3255
rev_37090,0.0942
rev_37091,0.0818
rev_37092,0.6854
rev_37093,0.6212
rev_37094,0.1275
rev_37095,0.0775
rev_37096,0.4727
rev_37097,0.1234
rev_37098,0.3713
rev_37099,0.0302
rev_37100,0.0107
rev_37101,0.9965
rev_37102,0.9995
rev_37103,0.973
rev_37104,0.2726
rev_37105,0.9999
rev_37106,0.9599
rev_37107,1.0
rev_37108,0.9983
rev_37109,0.998
rev_37110,0.944
rev_37111,0.9678
rev_37112,0.9989
rev_37113,0.9997
rev_37114,0.9033
rev_37115,0.9997
rev_37116,0.2546
rev_37117,0.8455
rev_37118,0.8692
rev_37119,0.9993
rev_37120,0.8419
rev_37121,0.9854
rev_37122,0.8719
rev_37123,0.8592
rev_37124,0.9589
rev_37125,0.9876
rev_37126,0.5133
rev_37127,0.9295
rev_37128,0.9826
rev_37129,0.9973
rev_37130,0.9304
rev_37131,0.9997
rev_37132,0.8601
rev_37133,0.8386
rev_37134,0.4149
rev_37135,0.9998
rev_37136,0.6547
rev_37137,0.8532
rev_37138,0.9998
rev_37139,0.9998
rev_37140,0.9985
rev_37141,0.8555
rev_37142,0.9983
rev_37143,0.8585
rev_37144,0.9958
rev_37145,0.9986
rev_37146,0.084
rev_37147,0.7139
rev_37148,0.0157
rev_37149,0.266
rev_37150,0.0686
rev_37151,0.0699
rev_37152,0.0304
rev_37153,0.5378
rev_37154,0.771
rev_37155,0.3736
rev_37156,0.2691
rev_37157,0.0631
rev_37158,0.8048
rev_37159,0.0226
rev_37160,0.0187
rev_37161,0.0214
rev_37162,0.0137
rev_37163,0.5971
rev_37164,0.0124
rev_37165,0.1575
rev_37166,0.229
rev_37167,0.0629
rev_37168,0.3608
rev_37169,0.0421
rev_37170,0.0074
rev_37171,0.6795
rev_37172,0.3296
rev_37173,0.0176
rev_37174,0.2673
rev_37175,0.092
rev_37176,0.0974
rev_37177,0.638
rev_37178,0.3382
rev_37179,0.1554
rev_37180,0.7669
rev_37181,0.5491
rev_37182,0.281
rev_37183,0.1673
rev_37184,0.4792
rev_37185,0.1233
rev_37186,0.0582
rev_37187,0.0592
rev_37188,0.0084
rev_37189,0.014
rev_37190,0.1524
rev_37191,0.6944
rev_37192,0.4756
rev_37193,0.9765
rev_37194,0.9696
rev_37195,0.9795
rev_37196,0.9997
rev_37197,0.6176
rev_37198,0.9845
rev_37199,0.7669
rev_37200,0.514
rev_37201,0.9955
rev_37202,0.0169
rev_37203,0.6203
rev_37204,0.6727
rev_37205,0.9972
rev_37206,0.8177
rev_37207,0.9331
rev_37208,0.9936
rev_37209,0.7841
rev_37210,0.9995
rev_37211,0.9419
rev_37212,0.9477
rev_37213,0.9901
rev_37214,0.8903
rev_37215,0.9993
rev_37216,0.452
rev_37217,0.928
rev_37218,0.93
rev_37219,0.9962
rev_37220,0.9858
rev_37221,0.8623
rev_37222,0.9451
rev_37223,0.9871
rev_37224,0.7924
rev_37225,0.9385
rev_37226,0.9978
rev_37227,0.7491
rev_37228,0.9923
rev_37229,0.723
rev_37230,1.0
rev_37231,0.9885
rev_37232,0.7628
rev_37233,0.2262
rev_37234,0.0781
rev_37235,0.3652
rev_37236,0.1791
rev_37237,0.0361
rev_37238,0.0159
rev_37239,0.0646
rev_37240,0.0756
rev_37241,0.7654
rev_37242,0.9907
rev_37243,0.7793
rev_37244,0.0446
rev_37245,0.985
rev_37246,0.6013
rev_37247,0.6703
rev_37248,0.0107
rev_37249,0.0018
rev_37250,0.0016
rev_37251,0.1057
rev_37252,0.1326
rev_37253,0.8229
rev_37254,0.1038
rev_37255,0.2945
rev_37256,0.0831
rev_37257,0.2802
rev_37258,0.7088
rev_37259,0.1169
rev_37260,0.2259
rev_37261,0.0139
rev_37262,0.0982
rev_37263,0.2152
rev_37264,0.1432
rev_37265,0.4206
rev_37266,0.0154
rev_37267,0.0262
rev_37268,0.4607
rev_37269,0.6259
rev_37270,0.0757
rev_37271,0.0735
rev_37272,0.1422
rev_37273,0.0663
rev_37274,0.4014
rev_37275,0.9078
rev_37276,0.9989
rev_37277,0.9945
rev_37278,0.9991
rev_37279,0.1206
rev_37280,0.9769
rev_37281,0.829
rev_37282,0.7993
rev_37283,0.9189
rev_37284,0.9549
rev_37285,0.9352
rev_37286,0.9967
rev_37287,0.9621
rev_37288,0.4555
rev_37289,0.9984
rev_37290,0.9901
rev_37291,0.986
rev_37292,0.7229
rev_37293,0.9997
rev_37294,0.9086
rev_37295,0.6169
rev_37296,0.3899
rev_37297,0.9734
rev_37298,0.0255
rev_37299,0.9965
rev_37300,0.9754
rev_37301,0.9742
rev_37302,0.9958
rev_37303,0.999
rev_37304,0.7932
rev_37305,0.9005
rev_37306,0.9604
rev_37307,0.9954
rev_37308,0.9947
rev_37309,0.9799
rev_37310,0.8735
rev_37311,1.0
rev_37312,1.0
rev_37313,0.9982
rev_37314,0.9972
rev_37315,0.1929
rev_37316,0.0683
rev_37317,0.0891
rev_37318,0.4335
rev_37319,0.8913
rev_37320,0.0611
rev_37321,0.163
rev_37322,0.726
rev_37323,0.7849
rev_37324,0.0043
rev_37325,0.8533
rev_37326,0.227
rev_37327,0.0574
rev_37328,0.4649
rev_37329,0.0301
rev_37330,0.1801
rev_37331,0.761
rev_37332,0.0004
rev_37333,0.1884
rev_37334,0.1672
rev_37335,0.2018
rev_37336,0.9758
rev_37337,0.0879
rev_37338,0.2686
rev_37339,0.0048
rev_37340,0.5805
rev_37341,0.0061
rev_37342,0.1135
rev_37343,0.9996
rev_37344,0.0942
rev_37345,0.0199
rev_37346,0.2217
rev_37347,0.0189
rev_37348,0.2046
rev_37349,0.0161
rev_37350,0.7381
rev_37351,0.0241
rev_37352,0.1979
rev_37353,0.6645
rev_37354,0.543
rev_37355,0.9982
rev_37356,0.996
rev_37357,0.9101
rev_37358,0.8658
rev_37359,0.7687
rev_37360,0.9842
rev_37361,0.9709
rev_37362,0.9944
rev_37363,0.4421
rev_37364,0.8918
rev_37365,0.9939
rev_37366,0.9975
rev_37367,0.9839
rev_37368,0.9762
rev_37369,0.9962
rev_37370,0.9988
rev_37371,0.9929
rev_37372,0.8639
rev_37373,0.4764
rev_37374,0.4654
rev_37375,0.9998
rev_37376,0.96
rev_37377,0.9544
rev_37378,0.8769
rev_37379,0.9811
rev_37380,0.9659
rev_37381,0.6703
rev_37382,0.9948
rev_37383,0.9998
rev_37384,0.4948
rev_37385,0.9694
rev_37386,0.9901
rev_37387,0.994
rev_37388,0.9981
rev_37389,0.5249
rev_37390,0.9942
rev_37391,0.9996
rev_37392,0.9934
rev_37393,0.0253
rev_37394,0.4922
rev_37395,0.3278
rev_37396,0.2252
rev_37397,0.0076
rev_37398,0.0949
rev_37399,0.1118
rev_37400,0.3112
rev_37401,0.1756
rev_37402,0.33
rev_37403,0.1086
rev_37404,0.0788
rev_37405,0.7502
rev_37406,0.0714
rev_37407,0.7855
rev_37408,0.0985
rev_37409,0.246
rev_37410,0.0336
rev_37411,0.0532
rev_37412,0.1653
rev_37413,0.0179
rev_37414,0.1838
rev_37415,0.0606
rev_37416,0.4433
rev_37417,0.0319
rev_37418,0.0609
rev_37419,0.0073
rev_37420,0.0897
rev_37421,0.914
rev_37422,0.2636
rev_37423,0.0053
rev_37424,0.6655
rev_37425,0.021
rev_37426,0.029
rev_37427,0.8529
rev_37428,0.1292
rev_37429,0.022
rev_37430,0.356
rev_37431,0.9986
rev_37432,0.9873
rev_37433,0.9687
rev_37434,0.8394
rev_37435,0.878
rev_37436,0.9931
rev_37437,0.8771
rev_37438,0.7271
rev_37439,0.9375
rev_37440,0.3082
rev_37441,0.3628
rev_37442,0.7614
rev_37443,0.9296
rev_37444,0.9986
rev_37445,0.9994
rev_37446,0.9795
rev_37447,0.9117
rev_37448,0.9999
rev_37449,0.9638
rev_37450,0.7777
rev_37451,0.3812
rev_37452,0.7698
rev_37453,0.1079
rev_37454,0.9352
rev_37455,0.9976
rev_37456,0.0726
rev_37457,0.9518
rev_37458,0.6599
rev_37459,0.7418
rev_37460,0.5696
rev_37461,0.9749
rev_37462,0.9248
rev_37463,0.9891
rev_37464,0.9909
rev_37465,0.5971
rev_37466,0.9954
rev_37467,0.9223
rev_37468,0.0294
rev_37469,0.0139
rev_37470,0.0772
rev_37471,0.0468
rev_37472,0.3718
rev_37473,0.7678
rev_37474,0.0436
rev_37475,0.0475
rev_37476,0.0084
rev_37477,0.0419
rev_37478,0.0487
rev_37479,0.4515
rev_37480,0.0545
rev_37481,0.1176
rev_37482,0.4254
rev_37483,0.0405
rev_37484,0.2553
rev_37485,0.0017
rev_37486,0.1254
rev_37487,0.0307
rev_37488,0.1437
rev_37489,0.4067
rev_37490,0.207
rev_37491,0.0313
rev_37492,0.2109
rev_37493,0.0017
rev_37494,0.5434
rev_37495,0.0172
rev_37496,0.3671
rev_37497,0.0014
rev_37498,0.0014
rev_37499,0.0467
rev_37500,0.3623
rev_37501,0.2221
rev_37502,0.2663
rev_37503,0.3302
rev_37504,0.2611
rev_37505,0.9774
rev_37506,0.9887
rev_37507,0.9966
rev_37508,0.7921
rev_37509,0.9986
rev_37510,0.9278
rev_37511,0.9991
rev_37512,0.9735
rev_37513,0.3761
rev_37514,0.9989
rev_37515,0.9999
rev_37516,0.996
rev_37517,0.9726
rev_37518,0.1192
rev_37519,0.9696
rev_37520,0.9937
rev_37521,0.9985
rev_37522,0.9678
rev_37523,0.73
rev_37524,0.9996
rev_37525,0.9355
rev_37526,1.0
rev_37527,0.9945
rev_37528,0.7235
rev_37529,0.9889
rev_37530,0.9974
rev_37531,0.9601
rev_37532,0.9987
rev_37533,0.9997
rev_37534,0.9983
rev_37535,0.9908
rev_37536,0.9997
rev_37537,0.9888
rev_37538,0.9874
rev_37539,0.5441
rev_37540,0.9793
rev_37541,0.9993
rev_37542,0.9324
rev_37543,0.9089
rev_37544,0.9948
rev_37545,0.9996
rev_37546,0.9918
rev_37547,0.7074
rev_37548,0.9994
rev_37549,0.8621
rev_37550,0.9974
rev_37551,0.8147
rev_37552,0.7624
rev_37553,0.0382
rev_37554,0.0084
rev_37555,0.5087
rev_37556,0.039
rev_37557,0.1201
rev_37558,0.9771
rev_37559,0.0296
rev_37560,0.1325
rev_37561,0.0173
rev_37562,0.0026
rev_37563,0.1472
rev_37564,0.0365
rev_37565,0.0109
rev_37566,0.1157
rev_37567,0.0909
rev_37568,0.0498
rev_37569,0.1701
rev_37570,0.0544
rev_37571,0.071
rev_37572,0.0175
rev_37573,0.1869
rev_37574,0.0124
rev_37575,0.1246
rev_37576,0.3549
rev_37577,0.8233
rev_37578,0.0047
rev_37579,0.005
rev_37580,0.0352
rev_37581,0.0744
rev_37582,0.0051
rev_37583,0.4853
rev_37584,0.6459
rev_37585,0.582
rev_37586,0.1272
rev_37587,0.389
rev_37588,0.0106
rev_37589,0.1682
rev_37590,0.458
rev_37591,0.3334
rev_37592,0.9836
rev_37593,0.0122
rev_37594,0.0542
rev_37595,0.8736
rev_37596,0.0274
rev_37597,0.0507
rev_37598,0.0204
rev_37599,0.3822
rev_37600,0.9928
rev_37601,0.9984
rev_37602,0.9912
rev_37603,0.9252
rev_37604,0.9992
rev_37605,0.9993
rev_37606,0.9011
rev_37607,0.9966
rev_37608,0.9998
rev_37609,0.9999
rev_37610,0.9988
rev_37611,0.482
rev_37612,0.9585
rev_37613,0.973
rev_37614,0.5897
rev_37615,0.8087
rev_37616,0.2069
rev_37617,0.9246
rev_37618,0.9753
rev_37619,0.9969
rev_37620,0.9665
rev_37621,0.9182
rev_37622,0.9779
rev_37623,0.9618
rev_37624,0.9971
rev_37625,0.2927
rev_37626,0.7144
rev_37627,0.9795
rev_37628,0.9888
rev_37629,0.9996
rev_37630,0.9329
rev_37631,0.8368
rev_37632,0.5317
rev_37633,0.5268
rev_37634,0.9977
rev_37635,0.9973
rev_37636,0.996
rev_37637,0.9999
rev_37638,0.9994
rev_37639,0.7482
rev_37640,0.9798
rev_37641,0.1111
rev_37642,0.6558
rev_37643,0.0217
rev_37644,0.3957
rev_37645,0.997
rev_37646,0.9317
rev_37647,0.9736
rev_37648,0.112
rev_37649,0.0055
rev_37650,0.4624
rev_37651,0.0939
rev_37652,0.093
rev_37653,0.1744
rev_37654,0.0061
rev_37655,0.0047
rev_37656,0.1927
rev_37657,0.5554
rev_37658,0.1681
rev_37659,0.277
rev_37660,0.2202
rev_37661,0.4191
rev_37662,0.065
rev_37663,0.0509
rev_37664,0.0276
rev_37665,0.0158
rev_37666,0.0783
rev_37667,0.0014
rev_37668,0.5637
rev_37669,0.9084
rev_37670,0.3281
rev_37671,0.8429
rev_37672,0.0031
rev_37673,0.1724
rev_37674,0.1134
rev_37675,0.0008
rev_37676,0.3201
rev_37677,0.0038
rev_37678,0.0013
rev_37679,0.1023
rev_37680,0.4329
rev_37681,0.0428
rev_37682,0.0924
rev_37683,0.0226
rev_37684,0.018
rev_37685,0.0529
rev_37686,0.017
rev_37687,0.0141
rev_37688,0.0368
rev_37689,0.0167
rev_37690,0.0176
rev_37691,0.0329
rev_37692,0.9906
rev_37693,0.1289
rev_37694,0.9859
rev_37695,0.8068
rev_37696,0.5492
rev_37697,0.9576
rev_37698,0.8428
rev_37699,0.9979
rev_37700,0.9106
rev_37701,1.0
rev_37702,0.9978
rev_37703,0.9892
rev_37704,0.9953
rev_37705,0.9923
rev_37706,0.9124
rev_37707,0.8704
rev_37708,0.9989
rev_37709,0.638
rev_37710,0.9952
rev_37711,0.9083
rev_37712,0.9968
rev_37713,0.9991
rev_37714,0.967
rev_37715,0.9875
rev_37716,0.9973
rev_37717,0.9983
rev_37718,0.9876
rev_37719,0.6972
rev_37720,0.9972
rev_37721,0.9949
rev_37722,0.997
rev_37723,0.9911
rev_37724,0.8516
rev_37725,0.9917
rev_37726,0.9745
rev_37727,0.4587
rev_37728,0.9708
rev_37729,0.9748
rev_37730,0.9551
rev_37731,0.9404
rev_37732,0.9829
rev_37733,0.9999
rev_37734,0.9802
rev_37735,0.9997
rev_37736,0.8846
rev_37737,0.9826
rev_37738,0.392
rev_37739,0.9987
rev_37740,0.1143
rev_37741,0.1214
rev_37742,0.2338
rev_37743,0.1166
rev_37744,0.1255
rev_37745,0.0876
rev_37746,0.0149
rev_37747,0.0362
rev_37748,0.7565
rev_37749,0.099
rev_37750,0.0029
rev_37751,0.0039
rev_37752,0.0119
rev_37753,0.2533
rev_37754,0.8288
rev_37755,0.4275
rev_37756,0.0147
rev_37757,0.8442
rev_37758,0.0143
rev_37759,0.4314
rev_37760,0.1606
rev_37761,0.0957
rev_37762,0.7074
rev_37763,0.0273
rev_37764,0.0145
rev_37765,0.1538
rev_37766,0.0117
rev_37767,0.0806
rev_37768,0.0288
rev_37769,0.0571
rev_37770,0.01
rev_37771,0.6624
rev_37772,0.06
rev_37773,0.0398
rev_37774,0.2245
rev_37775,0.0154
rev_37776,0.2561
rev_37777,0.0155
rev_37778,0.0769
rev_37779,0.3703
rev_37780,0.0351
rev_37781,0.0966
rev_37782,0.3653
rev_37783,0.0076
rev_37784,0.5167
rev_37785,0.2209
rev_37786,0.9978
rev_37787,0.9691
rev_37788,0.7932
rev_37789,0.998
rev_37790,0.9958
rev_37791,0.9966
rev_37792,0.4398
rev_37793,0.7809
rev_37794,0.9264
rev_37795,0.7444
rev_37796,0.9953
rev_37797,0.9478
rev_37798,0.9995
rev_37799,0.999
rev_37800,0.9874
rev_37801,0.9195
rev_37802,0.5294
rev_37803,0.99
rev_37804,0.9987
rev_37805,0.9995
rev_37806,0.9445
rev_37807,0.9994
rev_37808,0.9996
rev_37809,0.962
rev_37810,0.9943
rev_37811,1.0
rev_37812,0.9926
rev_37813,0.802
rev_37814,0.985
rev_37815,0.9379
rev_37816,0.8811
rev_37817,0.9997
rev_37818,0.9967
rev_37819,0.9931
rev_37820,0.991
rev_37821,0.9999
rev_37822,0.9989
rev_37823,0.9935
rev_37824,0.9949
rev_37825,0.953
rev_37826,0.9995
rev_37827,0.6777
rev_37828,0.0142
rev_37829,0.9088
rev_37830,0.1119
rev_37831,0.0472
rev_37832,0.0028
rev_37833,0.132
rev_37834,0.1464
rev_37835,0.0911
rev_37836,0.1741
rev_37837,0.5325
rev_37838,0.1783
rev_37839,0.1369
rev_37840,0.0029
rev_37841,0.2572
rev_37842,0.3826
rev_37843,0.4384
rev_37844,0.9556
rev_37845,0.0541
rev_37846,0.0021
rev_37847,0.0977
rev_37848,0.0056
rev_37849,0.0233
rev_37850,0.2711
rev_37851,0.0143
rev_37852,0.1108
rev_37853,0.0062
rev_37854,0.1323
rev_37855,0.063
rev_37856,0.1934
rev_37857,0.0714
rev_37858,0.2964
rev_37859,0.0146
rev_37860,0.0623
rev_37861,0.0529
rev_37862,0.138
rev_37863,0.053
rev_37864,0.0917
rev_37865,0.0281
rev_37866,0.0689
rev_37867,0.0308
rev_37868,0.1504
rev_37869,0.0326
rev_37870,0.9997
rev_37871,0.7403
rev_37872,0.9775
rev_37873,0.9974
rev_37874,0.9902
rev_37875,0.7583
rev_37876,0.9968
rev_37877,0.6124
rev_37878,0.9993
rev_37879,0.9995
rev_37880,0.8898
rev_37881,0.984
rev_37882,0.9891
rev_37883,0.993
rev_37884,0.6608
rev_37885,0.6972
rev_37886,0.9905
rev_37887,0.4693
rev_37888,0.9998
rev_37889,0.8032
rev_37890,0.9931
rev_37891,0.657
rev_37892,0.9999
rev_37893,0.233
rev_37894,0.7815
rev_37895,0.9974
rev_37896,0.8861
rev_37897,0.9992
rev_37898,0.8423
rev_37899,0.9989
rev_37900,0.8411
rev_37901,0.8301
rev_37902,0.657
rev_37903,0.9735
rev_37904,0.997
rev_37905,0.9858
rev_37906,0.9991
rev_37907,0.9759
rev_37908,0.9984
rev_37909,0.1268
rev_37910,0.3256
rev_37911,0.9634
rev_37912,0.1059
rev_37913,0.0327
rev_37914,0.1815
rev_37915,0.7666
rev_37916,0.2036
rev_37917,0.2858
rev_37918,0.0132
rev_37919,0.4783
rev_37920,0.34
rev_37921,0.1779
rev_37922,0.0371
rev_37923,0.2374
rev_37924,0.0389
rev_37925,0.0284
rev_37926,0.7875
rev_37927,0.2631
rev_37928,0.7103
rev_37929,0.0333
rev_37930,0.2835
rev_37931,0.2561
rev_37932,0.3712
rev_37933,0.021
rev_37934,0.28
rev_37935,0.2846
rev_37936,0.7099
rev_37937,0.0213
rev_37938,0.1202
rev_37939,0.008
rev_37940,0.0442
rev_37941,0.088
rev_37942,0.1104
rev_37943,0.0178
rev_37944,0.1702
rev_37945,0.0269
rev_37946,0.0032
rev_37947,0.039
rev_37948,0.9913
rev_37949,0.9978
rev_37950,0.6338
rev_37951,0.9456
rev_37952,0.849
rev_37953,0.9789
rev_37954,0.9945
rev_37955,0.8205
rev_37956,0.9793
rev_37957,0.954
rev_37958,0.994
rev_37959,0.5346
rev_37960,0.9999
rev_37961,0.9995
rev_37962,0.9292
rev_37963,0.998
rev_37964,0.6864
rev_37965,0.9996
rev_37966,0.9248
rev_37967,0.9414
rev_37968,0.9951
rev_37969,0.5653
rev_37970,0.5827
rev_37971,0.9853
rev_37972,0.8227
rev_37973,0.6331
rev_37974,0.9842
rev_37975,0.9048
rev_37976,0.9331
rev_37977,0.9961
rev_37978,0.9999
rev_37979,0.9989
rev_37980,0.9896
rev_37981,0.9995
rev_37982,0.9997
rev_37983,0.9727
rev_37984,0.0075
rev_37985,0.1851
rev_37986,0.0125
rev_37987,0.0517
rev_37988,0.0675
rev_37989,0.4744
rev_37990,0.3962
rev_37991,0.5922
rev_37992,0.0156
rev_37993,0.0629
rev_37994,0.0069
rev_37995,0.0533
rev_37996,0.0039
rev_37997,0.1779
rev_37998,0.0088
rev_37999,0.036
rev_38000,0.5607
rev_38001,0.0801
rev_38002,0.9535
rev_38003,0.0074
rev_38004,0.1701
rev_38005,0.2853
rev_38006,0.1099
rev_38007,0.1454
rev_38008,0.378
rev_38009,0.0108
rev_38010,0.4157
rev_38011,0.012
rev_38012,0.0182
rev_38013,0.0076
rev_38014,0.1008
rev_38015,0.0371
rev_38016,0.3608
rev_38017,0.0045
rev_38018,0.4384
rev_38019,0.4277
rev_38020,0.9707
rev_38021,0.9855
rev_38022,0.8861
rev_38023,0.4081
rev_38024,0.9831
rev_38025,0.7933
rev_38026,0.63
rev_38027,0.9979
rev_38028,0.9712
rev_38029,0.9947
rev_38030,0.8706
rev_38031,0.9949
rev_38032,0.5243
rev_38033,0.9878
rev_38034,0.9892
rev_38035,0.9911
rev_38036,0.9819
rev_38037,0.9891
rev_38038,0.9787
rev_38039,0.9984
rev_38040,0.9456
rev_38041,0.9774
rev_38042,0.9588
rev_38043,1.0
rev_38044,0.7408
rev_38045,0.5764
rev_38046,0.9878
rev_38047,0.9996
rev_38048,0.9435
rev_38049,0.9306
rev_38050,0.9952
rev_38051,0.7501
rev_38052,0.7591
rev_38053,0.9292
rev_38054,0.2416
rev_38055,0.0238
rev_38056,0.0088
rev_38057,0.4496
rev_38058,0.6891
rev_38059,0.0002
rev_38060,0.0402
rev_38061,0.0248
rev_38062,0.2753
rev_38063,0.0019
rev_38064,0.081
rev_38065,0.9589
rev_38066,0.1497
rev_38067,0.3896
rev_38068,0.02
rev_38069,0.0205
rev_38070,0.7393
rev_38071,0.0697
rev_38072,0.0119
rev_38073,0.0079
rev_38074,0.039
rev_38075,0.3462
rev_38076,0.383
rev_38077,0.8723
rev_38078,0.0515
rev_38079,0.001
rev_38080,0.0346
rev_38081,0.0058
rev_38082,0.1432
rev_38083,0.0227
rev_38084,0.0123
rev_38085,0.0589
rev_38086,0.0422
rev_38087,0.4154
rev_38088,0.9615
rev_38089,0.9733
rev_38090,0.9983
rev_38091,0.9989
rev_38092,0.5626
rev_38093,0.9996
rev_38094,0.7793
rev_38095,0.9883
rev_38096,0.9999
rev_38097,0.8
rev_38098,0.9677
rev_38099,0.9069
rev_38100,0.4627
rev_38101,0.9636
rev_38102,0.9232
rev_38103,0.9868
rev_38104,0.9994
rev_38105,0.9996
rev_38106,0.9998
rev_38107,0.9845
rev_38108,0.6717
rev_38109,0.3522
rev_38110,0.9793
rev_38111,0.9713
rev_38112,0.9971
rev_38113,0.9885
rev_38114,0.7585
rev_38115,0.8888
rev_38116,0.9985
rev_38117,0.5476
rev_38118,0.9971
rev_38119,0.9985
rev_38120,0.0038
rev_38121,0.0152
rev_38122,0.9152
rev_38123,0.0387
rev_38124,0.0122
rev_38125,0.578
rev_38126,0.2027
rev_38127,0.2629
rev_38128,0.1547
rev_38129,0.4587
rev_38130,0.1369
rev_38131,0.3097
rev_38132,0.0955
rev_38133,0.0087
rev_38134,0.5053
rev_38135,0.1903
rev_38136,0.0078
rev_38137,0.0339
rev_38138,0.0282
rev_38139,0.0394
rev_38140,0.1616
rev_38141,0.0926
rev_38142,0.0186
rev_38143,0.0187
rev_38144,0.0044
rev_38145,0.0875
rev_38146,0.0021
rev_38147,0.0974
rev_38148,0.2045
rev_38149,0.3238
rev_38150,0.0584
rev_38151,0.0599
rev_38152,0.9954
rev_38153,0.9899
rev_38154,0.9815
rev_38155,0.9993
rev_38156,0.9998
rev_38157,0.989
rev_38158,0.9993
rev_38159,0.9929
rev_38160,0.897
rev_38161,0.9291
rev_38162,0.9985
rev_38163,0.9999
rev_38164,0.984
rev_38165,0.9327
rev_38166,0.993
rev_38167,0.9395
rev_38168,0.9993
rev_38169,0.7702
rev_38170,0.999
rev_38171,0.5511
rev_38172,0.019
rev_38173,0.9995
rev_38174,0.9723
rev_38175,0.6821
rev_38176,0.9998
rev_38177,0.9823
rev_38178,0.9932
rev_38179,0.999
rev_38180,0.9901
rev_38181,0.9998
rev_38182,0.9987
rev_38183,0.0009
rev_38184,0.193
rev_38185,0.0013
rev_38186,0.1799
rev_38187,0.0242
rev_38188,0.0261
rev_38189,0.2251
rev_38190,0.5978
rev_38191,0.0926
rev_38192,0.013
rev_38193,0.0087
rev_38194,0.0097
rev_38195,0.0413
rev_38196,0.0227
rev_38197,0.0059
rev_38198,0.9825
rev_38199,0.0009
rev_38200,0.0366
rev_38201,0.0064
rev_38202,0.0918
rev_38203,0.0797
rev_38204,0.1249
rev_38205,0.0025
rev_38206,0.1225
rev_38207,0.0236
rev_38208,0.4598
rev_38209,0.0062
rev_38210,0.0358
rev_38211,0.0235
rev_38212,0.1384
rev_38213,0.0088
rev_38214,0.9965
rev_38215,0.7532
rev_38216,0.9881
rev_38217,0.9974
rev_38218,0.3917
rev_38219,0.9989
rev_38220,1.0
rev_38221,0.9934
rev_38222,0.993
rev_38223,0.9972
rev_38224,0.9888
rev_38225,0.9973
rev_38226,0.9709
rev_38227,0.9829
rev_38228,0.9985
rev_38229,0.9975
rev_38230,0.8747
rev_38231,0.9964
rev_38232,0.9963
rev_38233,0.9724
rev_38234,0.9999
rev_38235,0.7561
rev_38236,0.9997
rev_38237,0.9797
rev_38238,0.992
rev_38239,0.9866
rev_38240,0.9796
rev_38241,0.9709
rev_38242,0.9578
rev_38243,0.9428
rev_38244,0.222
rev_38245,0.2941
rev_38246,0.0026
rev_38247,0.4526
rev_38248,0.2423
rev_38249,0.7605
rev_38250,0.0921
rev_38251,0.1992
rev_38252,0.0026
rev_38253,0.1706
rev_38254,0.0114
rev_38255,0.0961
rev_38256,0.032
rev_38257,0.0014
rev_38258,0.8803
rev_38259,0.0002
rev_38260,0.0719
rev_38261,0.4609
rev_38262,0.4852
rev_38263,0.0922
rev_38264,0.0355
rev_38265,0.3417
rev_38266,0.0654
rev_38267,0.0021
rev_38268,0.685
rev_38269,0.0339
rev_38270,0.0037
rev_38271,0.4149
rev_38272,0.0424
rev_38273,0.0137
rev_38274,0.9791
rev_38275,0.9638
rev_38276,0.9514
rev_38277,0.9857
rev_38278,0.9987
rev_38279,0.9292
rev_38280,0.9404
rev_38281,0.977
rev_38282,0.9809
rev_38283,0.9992
rev_38284,0.4236
rev_38285,0.9118
rev_38286,0.8518
rev_38287,0.9998
rev_38288,0.9843
rev_38289,0.9985
rev_38290,0.9989
rev_38291,0.794
rev_38292,0.848
rev_38293,0.9911
rev_38294,0.7702
rev_38295,0.9984
rev_38296,0.9706
rev_38297,0.9297
rev_38298,0.9467
rev_38299,0.995
rev_38300,0.9933
rev_38301,0.9943
rev_38302,0.0293
rev_38303,0.0581
rev_38304,0.0366
rev_38305,0.4778
rev_38306,0.001
rev_38307,0.0083
rev_38308,0.0015
rev_38309,0.1034
rev_38310,0.0197
rev_38311,0.005
rev_38312,0.6161
rev_38313,0.0584
rev_38314,0.094
rev_38315,0.0775
rev_38316,0.0046
rev_38317,0.1248
rev_38318,0.1014
rev_38319,0.9402
rev_38320,0.0566
rev_38321,0.208
rev_38322,0.1727
rev_38323,0.1312
rev_38324,0.0457
rev_38325,0.108
rev_38326,0.5468
rev_38327,0.0072
rev_38328,0.1906
rev_38329,0.0042
rev_38330,0.9981
rev_38331,0.9524
rev_38332,0.9772
rev_38333,0.9358
rev_38334,0.9925
rev_38335,0.996
rev_38336,0.9996
rev_38337,0.998
rev_38338,0.9993
rev_38339,0.9979
rev_38340,0.9959
rev_38341,0.9981
rev_38342,0.9997
rev_38343,0.9028
rev_38344,0.9762
rev_38345,0.9986
rev_38346,0.9698
rev_38347,0.9628
rev_38348,0.835
rev_38349,0.9994
rev_38350,0.9928
rev_38351,0.8773
rev_38352,0.8745
rev_38353,0.9983
rev_38354,0.9991
rev_38355,0.924
rev_38356,0.0096
rev_38357,0.0149
rev_38358,0.0043
rev_38359,0.0019
rev_38360,0.0069
rev_38361,0.0531
rev_38362,0.1342
rev_38363,0.5178
rev_38364,0.0015
rev_38365,0.9565
rev_38366,0.077
rev_38367,0.0099
rev_38368,0.0049
rev_38369,0.0098
rev_38370,0.0778
rev_38371,0.0546
rev_38372,0.4077
rev_38373,0.7776
rev_38374,0.2122
rev_38375,0.0024
rev_38376,0.0437
rev_38377,0.0033
rev_38378,0.0152
rev_38379,0.023
rev_38380,0.3651
rev_38381,0.103
rev_38382,0.9999
rev_38383,0.9987
rev_38384,0.999
rev_38385,0.9936
rev_38386,0.9421
rev_38387,0.6977
rev_38388,0.7638
rev_38389,0.943
rev_38390,0.8924
rev_38391,0.9927
rev_38392,0.9133
rev_38393,0.9613
rev_38394,0.9853
rev_38395,0.9899
rev_38396,0.9999
rev_38397,0.8745
rev_38398,0.9523
rev_38399,0.9735
rev_38400,0.9297
rev_38401,0.7903
rev_38402,0.9995
rev_38403,0.9989
rev_38404,0.4876
rev_38405,0.9702
rev_38406,0.9972
rev_38407,0.019
rev_38408,0.7596
rev_38409,0.5765
rev_38410,0.0121
rev_38411,0.5698
rev_38412,0.0782
rev_38413,0.0081
rev_38414,0.1114
rev_38415,0.0027
rev_38416,0.015
rev_38417,0.7973
rev_38418,0.0456
rev_38419,0.032
rev_38420,0.0097
rev_38421,0.0421
rev_38422,0.0665
rev_38423,0.2152
rev_38424,0.09
rev_38425,0.3797
rev_38426,0.1078
rev_38427,0.3322
rev_38428,0.037
rev_38429,0.0118
rev_38430,0.0173
rev_38431,0.0069
rev_38432,0.9981
rev_38433,0.9983
rev_38434,0.5204
rev_38435,0.7414
rev_38436,0.9996
rev_38437,0.9698
rev_38438,0.7126
rev_38439,0.9987
rev_38440,0.9186
rev_38441,0.9659
rev_38442,0.9415
rev_38443,0.9998
rev_38444,0.9979
rev_38445,0.9579
rev_38446,0.8207
rev_38447,0.9708
rev_38448,0.9999
rev_38449,0.9997
rev_38450,0.9999
rev_38451,0.9998
rev_38452,0.9805
rev_38453,0.9936
rev_38454,0.9949
rev_38455,0.9931
rev_38456,0.9995
rev_38457,0.0866
rev_38458,0.0214
rev_38459,0.3678
rev_38460,0.0096
rev_38461,0.0131
rev_38462,0.0771
rev_38463,0.0029
rev_38464,0.0813
rev_38465,0.5775
rev_38466,0.0114
rev_38467,0.2899
rev_38468,0.0032
rev_38469,0.4009
rev_38470,0.0109
rev_38471,0.0559
rev_38472,0.0358
rev_38473,0.0632
rev_38474,0.1009
rev_38475,0.1844
rev_38476,0.0945
rev_38477,0.1487
rev_38478,0.0016
rev_38479,0.0071
rev_38480,0.1027
rev_38481,0.0261
rev_38482,0.9564
rev_38483,0.9983
rev_38484,0.9999
rev_38485,0.9947
rev_38486,0.9994
rev_38487,0.9958
rev_38488,0.9402
rev_38489,0.9968
rev_38490,0.9709
rev_38491,0.9985
rev_38492,0.9996
rev_38493,0.9881
rev_38494,0.9657
rev_38495,0.9911
rev_38496,0.9905
rev_38497,0.9997
rev_38498,1.0
rev_38499,0.9998
rev_38500,0.7376
rev_38501,0.8247
rev_38502,0.9554
rev_38503,0.9533
rev_38504,0.9997
rev_38505,0.9999
rev_38506,0.8166
rev_38507,0.0006
rev_38508,0.1878
rev_38509,0.0411
rev_38510,0.0304
rev_38511,0.0088
rev_38512,0.1481
rev_38513,0.8119
rev_38514,0.0231
rev_38515,0.0111
rev_38516,0.0193
rev_38517,0.0149
rev_38518,0.0366
rev_38519,0.1538
rev_38520,0.0527
rev_38521,0.1535
rev_38522,0.1424
rev_38523,0.2063
rev_38524,0.7037
rev_38525,0.2368
rev_38526,0.0619
rev_38527,0.0653
rev_38528,0.5004
rev_38529,0.8311
rev_38530,0.9893
rev_38531,0.9741
rev_38532,0.9204
rev_38533,0.9209
rev_38534,0.8597
rev_38535,0.9444
rev_38536,0.61
rev_38537,0.9995
rev_38538,0.9989
rev_38539,0.9955
rev_38540,0.9688
rev_38541,0.8894
rev_38542,0.8268
rev_38543,0.9987
rev_38544,0.9774
rev_38545,0.9993
rev_38546,0.9999
rev_38547,0.9991
rev_38548,0.8458
rev_38549,0.9992
rev_38550,0.9999
rev_38551,0.9927
rev_38552,0.9775
rev_38553,0.4583
rev_38554,0.0239
rev_38555,0.1427
rev_38556,0.2299
rev_38557,0.0272
rev_38558,0.0007
rev_38559,0.1924
rev_38560,0.0017
rev_38561,0.0065
rev_38562,0.8617
rev_38563,0.0953
rev_38564,0.1755
rev_38565,0.0024
rev_38566,0.0007
rev_38567,0.067
rev_38568,0.1577
rev_38569,0.0251
rev_38570,0.0028
rev_38571,0.2073
rev_38572,0.1574
rev_38573,0.0209
rev_38574,0.0465
rev_38575,0.0567
rev_38576,0.9892
rev_38577,0.9648
rev_38578,0.993
rev_38579,0.9954
rev_38580,0.9986
rev_38581,0.7321
rev_38582,0.9979
rev_38583,0.9939
rev_38584,0.9987
rev_38585,0.9995
rev_38586,0.9556
rev_38587,0.9385
rev_38588,0.9171
rev_38589,0.9768
rev_38590,0.9985
rev_38591,0.9992
rev_38592,0.832
rev_38593,0.929
rev_38594,0.9888
rev_38595,0.9999
rev_38596,0.9943
rev_38597,0.9993
rev_38598,0.9879
rev_38599,0.1345
rev_38600,0.0869
rev_38601,0.1366
rev_38602,0.4719
rev_38603,0.5116
rev_38604,0.1247
rev_38605,0.292
rev_38606,0.0694
rev_38607,0.2728
rev_38608,0.0759
rev_38609,0.0852
rev_38610,0.9678
rev_38611,0.0027
rev_38612,0.2332
rev_38613,0.1576
rev_38614,0.0619
rev_38615,0.0388
rev_38616,0.0266
rev_38617,0.0473
rev_38618,0.1781
rev_38619,0.5204
rev_38620,0.0013
rev_38621,0.0046
rev_38622,0.9995
rev_38623,0.9946
rev_38624,0.9995
rev_38625,0.9992
rev_38626,0.9339
rev_38627,0.9819
rev_38628,0.9986
rev_38629,0.9841
rev_38630,0.9864
rev_38631,0.9987
rev_38632,0.7723
rev_38633,0.9998
rev_38634,1.0
rev_38635,0.9994
rev_38636,0.9955
rev_38637,0.9986
rev_38638,0.9862
rev_38639,0.9594
rev_38640,0.9986
rev_38641,0.9248
rev_38642,0.9979
rev_38643,0.033
rev_38644,0.035
rev_38645,0.2834
rev_38646,0.0128
rev_38647,0.0277
rev_38648,0.1889
rev_38649,0.0079
rev_38650,0.0668
rev_38651,0.5407
rev_38652,0.2061
rev_38653,0.0119
rev_38654,0.0999
rev_38655,0.0784
rev_38656,0.1502
rev_38657,0.0769
rev_38658,0.1645
rev_38659,0.01
rev_38660,0.1141
rev_38661,0.0136
rev_38662,0.0178
rev_38663,0.0164
rev_38664,0.9758
rev_38665,0.9698
rev_38666,0.8481
rev_38667,0.9976
rev_38668,0.8979
rev_38669,0.9937
rev_38670,0.9518
rev_38671,0.9982
rev_38672,0.9983
rev_38673,0.9498
rev_38674,0.9975
rev_38675,0.9925
rev_38676,0.9998
rev_38677,0.9982
rev_38678,0.9907
rev_38679,0.8617
rev_38680,0.9639
rev_38681,0.9946
rev_38682,0.9943
rev_38683,0.9633
rev_38684,0.9987
rev_38685,0.0792
rev_38686,0.0143
rev_38687,0.0038
rev_38688,0.0019
rev_38689,0.0014
rev_38690,0.2305
rev_38691,0.0048
rev_38692,0.0636
rev_38693,0.2202
rev_38694,0.0898
rev_38695,0.0475
rev_38696,0.1137
rev_38697,0.1384
rev_38698,0.0066
rev_38699,0.105
rev_38700,0.0793
rev_38701,0.0016
rev_38702,0.0008
rev_38703,0.6639
rev_38704,0.0051
rev_38705,0.0028
rev_38706,0.9986
rev_38707,0.8763
rev_38708,0.9984
rev_38709,0.9827
rev_38710,0.9696
rev_38711,0.8565
rev_38712,0.9991
rev_38713,0.9999
rev_38714,0.9789
rev_38715,0.8349
rev_38716,0.9992
rev_38717,0.7353
rev_38718,0.9994
rev_38719,0.9998
rev_38720,1.0
rev_38721,0.738
rev_38722,1.0
rev_38723,0.9999
rev_38724,0.9995
rev_38725,0.8029
rev_38726,0.2388
rev_38727,0.0999
rev_38728,0.0028
rev_38729,0.0319
rev_38730,0.0088
rev_38731,0.2357
rev_38732,0.0041
rev_38733,0.012
rev_38734,0.0785
rev_38735,0.0435
rev_38736,0.0875
rev_38737,0.0043
rev_38738,0.1032
rev_38739,0.1044
rev_38740,0.4221
rev_38741,0.0172
rev_38742,0.046
rev_38743,0.0088
rev_38744,0.654
rev_38745,0.0641
rev_38746,0.9986
rev_38747,0.9776
rev_38748,0.997
rev_38749,0.9634
rev_38750,0.9998
rev_38751,0.9941
rev_38752,0.9997
rev_38753,0.7937
rev_38754,0.9744
rev_38755,0.9992
rev_38756,0.9992
rev_38757,0.9966
rev_38758,0.999
rev_38759,0.994
rev_38760,0.9992
rev_38761,0.9995
rev_38762,0.9877
rev_38763,0.8133
rev_38764,0.9994
rev_38765,0.3619
rev_38766,0.0043
rev_38767,0.053
rev_38768,0.0042
rev_38769,0.0401
rev_38770,0.0032
rev_38771,0.0075
rev_38772,0.9442
rev_38773,0.1952
rev_38774,0.0052
rev_38775,0.0869
rev_38776,0.0184
rev_38777,0.1826
rev_38778,0.0611
rev_38779,0.1311
rev_38780,0.2324
rev_38781,0.0075
rev_38782,0.0015
rev_38783,0.0104
rev_38784,0.9348
rev_38785,0.9998
rev_38786,0.9997
rev_38787,0.9672
rev_38788,0.9954
rev_38789,0.9956
rev_38790,0.9659
rev_38791,0.9838
rev_38792,0.9859
rev_38793,0.883
rev_38794,0.9732
rev_38795,0.9006
rev_38796,0.9959
rev_38797,0.9955
rev_38798,0.9999
rev_38799,0.9992
rev_38800,0.7242
rev_38801,0.9998
rev_38802,0.0271
rev_38803,0.0793
rev_38804,0.004
rev_38805,0.5154
rev_38806,0.0847
rev_38807,0.0444
rev_38808,0.1415
rev_38809,0.0612
rev_38810,0.0294
rev_38811,0.012
rev_38812,0.0437
rev_38813,0.004
rev_38814,0.0196
rev_38815,0.0683
rev_38816,0.0405
rev_38817,0.0016
rev_38818,0.0043
rev_38819,0.0251
rev_38820,0.989
rev_38821,0.8451
rev_38822,0.9992
rev_38823,0.9834
rev_38824,0.9985
rev_38825,0.9998
rev_38826,0.9165
rev_38827,0.997
rev_38828,0.774
rev_38829,0.9691
rev_38830,0.9998
rev_38831,0.9753
rev_38832,0.9395
rev_38833,0.9994
rev_38834,0.9986
rev_38835,0.9979
rev_38836,0.9949
rev_38837,0.9995
rev_38838,0.7175
rev_38839,0.3806
rev_38840,0.3519
rev_38841,0.005
rev_38842,0.0028
rev_38843,0.0284
rev_38844,0.0154
rev_38845,0.4453
rev_38846,0.3282
rev_38847,0.1856
rev_38848,0.5183
rev_38849,0.1249
rev_38850,0.5079
rev_38851,0.2029
rev_38852,0.0477
rev_38853,0.5038
rev_38854,0.0115
rev_38855,0.4936
rev_38856,0.9982
rev_38857,0.6315
rev_38858,0.9995
rev_38859,0.9592
rev_38860,0.9875
rev_38861,0.9986
rev_38862,0.9942
rev_38863,1.0
rev_38864,0.9976
rev_38865,0.9996
rev_38866,0.9955
rev_38867,0.9942
rev_38868,0.5527
rev_38869,0.9981
rev_38870,0.7242
rev_38871,0.9143
rev_38872,0.9803
rev_38873,0.0058
rev_38874,0.5796
rev_38875,0.0327
rev_38876,0.0327
rev_38877,0.001
rev_38878,0.2462
rev_38879,0.0632
rev_38880,0.0054
rev_38881,0.3987
rev_38882,0.11
rev_38883,0.1412
rev_38884,0.0224
rev_38885,0.2385
rev_38886,0.1269
rev_38887,0.0026
rev_38888,0.0044
rev_38889,0.0304
rev_38890,0.9997
rev_38891,0.6353
rev_38892,0.995
rev_38893,0.9499
rev_38894,0.9926
rev_38895,0.9971
rev_38896,0.9995
rev_38897,1.0
rev_38898,0.9993
rev_38899,0.8913
rev_38900,0.999
rev_38901,0.9988
rev_38902,0.9985
rev_38903,0.96
rev_38904,0.9927
rev_38905,0.9738
rev_38906,0.0823
rev_38907,0.002
rev_38908,0.0008
rev_38909,0.1333
rev_38910,0.0033
rev_38911,0.067
rev_38912,0.1395
rev_38913,0.0639
rev_38914,0.7346
rev_38915,0.056
rev_38916,0.093
rev_38917,0.3047
rev_38918,0.1264
rev_38919,0.071
rev_38920,0.1439
rev_38921,0.0424
rev_38922,0.6336
rev_38923,0.9897
rev_38924,0.9997
rev_38925,0.9803
rev_38926,0.7824
rev_38927,0.9822
rev_38928,0.9551
rev_38929,0.9922
rev_38930,0.9978
rev_38931,0.9907
rev_38932,0.9435
rev_38933,0.7997
rev_38934,0.9826
rev_38935,0.9902
rev_38936,0.999
rev_38937,0.9954
rev_38938,0.1262
rev_38939,0.0954
rev_38940,0.0182
rev_38941,0.0531
rev_38942,0.2424
rev_38943,0.0189
rev_38944,0.005
rev_38945,0.0221
rev_38946,0.0106
rev_38947,0.4076
rev_38948,0.1066
rev_38949,0.0558
rev_38950,0.0125
rev_38951,0.2082
rev_38952,0.2895
rev_38953,0.0013
rev_38954,0.8047
rev_38955,1.0
rev_38956,0.9993
rev_38957,0.9543
rev_38958,0.9949
rev_38959,0.9468
rev_38960,0.994
rev_38961,0.6306
rev_38962,0.9933
rev_38963,0.9821
rev_38964,0.9989
rev_38965,0.997
rev_38966,0.9989
rev_38967,0.996
rev_38968,0.9904
rev_38969,0.0272
rev_38970,0.1366
rev_38971,0.1545
rev_38972,0.4711
rev_38973,0.0064
rev_38974,0.0001
rev_38975,0.0109
rev_38976,0.0022
rev_38977,0.9703
rev_38978,0.0683
rev_38979,0.2737
rev_38980,0.5473
rev_38981,0.0032
rev_38982,0.026
rev_38983,0.0339
rev_38984,0.9577
rev_38985,0.9964
rev_38986,0.9996
rev_38987,0.9832
rev_38988,0.9969
rev_38989,0.9979
rev_38990,0.9961
rev_38991,0.9136
rev_38992,0.9849
rev_38993,0.9955
rev_38994,0.9848
rev_38995,0.9996
rev_38996,0.9823
rev_38997,0.9908
rev_38998,1.0
rev_38999,0.0001
rev_39000,0.0214
rev_39001,0.0049
rev_39002,0.0032
rev_39003,0.0094
rev_39004,0.0008
rev_39005,0.0068
rev_39006,0.3478
rev_39007,0.0201
rev_39008,0.2036
rev_39009,0.0944
rev_39010,0.0716
rev_39011,0.0498
rev_39012,0.0335
rev_39013,0.0552
rev_39014,0.9998
rev_39015,0.9997
rev_39016,0.9683
rev_39017,0.9939
rev_39018,0.8605
rev_39019,0.999
rev_39020,0.9981
rev_39021,0.9991
rev_39022,0.9999
rev_39023,0.9949
rev_39024,0.9998
rev_39025,0.9298
rev_39026,0.9527
rev_39027,0.8715
rev_39028,0.072
rev_39029,0.0948
rev_39030,0.0016
rev_39031,0.0706
rev_39032,0.0038
rev_39033,0.0042
rev_39034,0.0174
rev_39035,0.012
rev_39036,0.0168
rev_39037,0.0104
rev_39038,0.1859
rev_39039,0.004
rev_39040,0.0164
rev_39041,0.0061
rev_39042,0.9675
rev_39043,0.9994
rev_39044,0.9931
rev_39045,0.9946
rev_39046,0.9999
rev_39047,0.9988
rev_39048,0.9833
rev_39049,0.9968
rev_39050,0.8552
rev_39051,0.9744
rev_39052,0.9947
rev_39053,0.986
rev_39054,0.988
rev_39055,0.9994
rev_39056,0.037
rev_39057,0.0153
rev_39058,0.0962
rev_39059,0.6746
rev_39060,0.104
rev_39061,0.0577
rev_39062,0.1203
rev_39063,0.0165
rev_39064,0.0017
rev_39065,0.0304
rev_39066,0.0037
rev_39067,0.0004
rev_39068,0.2013
rev_39069,0.0018
rev_39070,0.9666
rev_39071,0.9998
rev_39072,0.9994
rev_39073,0.9656
rev_39074,0.9912
rev_39075,0.9967
rev_39076,0.99
rev_39077,0.9989
rev_39078,0.9799
rev_39079,0.9974
rev_39080,0.9005
rev_39081,0.9913
rev_39082,0.6345
rev_39083,0.0004
rev_39084,0.1266
rev_39085,0.096
rev_39086,0.0061
rev_39087,0.0262
rev_39088,0.0027
rev_39089,0.0278
rev_39090,0.0199
rev_39091,0.1582
rev_39092,0.0012
rev_39093,0.0437
rev_39094,0.0196
rev_39095,0.1831
rev_39096,0.7833
rev_39097,0.9905
rev_39098,0.8234
rev_39099,0.9931
rev_39100,0.8315
rev_39101,0.9903
rev_39102,0.9266
rev_39103,0.9999
rev_39104,0.7062
rev_39105,0.926
rev_39106,0.996
rev_39107,1.0
rev_39108,0.9975
rev_39109,0.0008
rev_39110,0.0004
rev_39111,0.0041
rev_39112,0.0422
rev_39113,0.0097
rev_39114,0.0017
rev_39115,0.1641
rev_39116,0.4116
rev_39117,0.2506
rev_39118,0.073
rev_39119,0.1374
rev_39120,0.0024
rev_39121,0.0005
rev_39122,0.5256
rev_39123,0.9494
rev_39124,0.9456
rev_39125,0.997
rev_39126,0.9985
rev_39127,0.9994
rev_39128,0.9988
rev_39129,0.9982
rev_39130,0.9957
rev_39131,0.9967
rev_39132,0.9996
rev_39133,0.9994
rev_39134,0.0077
rev_39135,0.0716
rev_39136,0.0889
rev_39137,0.0003
rev_39138,0.1414
rev_39139,0.0077
rev_39140,0.1538
rev_39141,0.0465
rev_39142,0.3287
rev_39143,0.0614
rev_39144,0.1442
rev_39145,0.0092
rev_39146,0.9889
rev_39147,0.9983
rev_39148,0.9862
rev_39149,0.9954
rev_39150,0.9955
rev_39151,0.9354
rev_39152,0.9992
rev_39153,0.9864
rev_39154,0.9955
rev_39155,0.9998
rev_39156,0.6925
rev_39157,0.9658
rev_39158,0.9017
rev_39159,0.0101
rev_39160,0.0323
rev_39161,0.0138
rev_39162,0.0833
rev_39163,0.0061
rev_39164,0.0409
rev_39165,0.0297
rev_39166,0.006
rev_39167,0.5127
rev_39168,0.009
rev_39169,0.0822
rev_39170,0.0961
rev_39171,0.0127
rev_39172,0.9985
rev_39173,0.9992
rev_39174,1.0
rev_39175,0.9847
rev_39176,0.9669
rev_39177,0.9963
rev_39178,0.998
rev_39179,0.9587
rev_39180,0.9594
rev_39181,0.824
rev_39182,0.9998
rev_39183,0.9998
rev_39184,0.0892
rev_39185,0.0825
rev_39186,0.0001
rev_39187,0.0637
rev_39188,0.0095
rev_39189,0.0083
rev_39190,0.0167
rev_39191,0.1032
rev_39192,0.0758
rev_39193,0.0028
rev_39194,0.1537
rev_39195,0.0029
rev_39196,0.9876
rev_39197,0.8621
rev_39198,0.9789
rev_39199,0.9977
rev_39200,0.9999
rev_39201,0.9952
rev_39202,0.9577
rev_39203,0.8782
rev_39204,0.9956
rev_39205,0.2985
rev_39206,0.9739
rev_39207,0.9998
rev_39208,0.0003
rev_39209,0.2416
rev_39210,0.0001
rev_39211,0.1253
rev_39212,0.005
rev_39213,0.0117
rev_39214,0.0018
rev_39215,0.0121
rev_39216,0.1231
rev_39217,0.4649
rev_39218,0.0037
rev_39219,0.4221
rev_39220,0.9471
rev_39221,0.9518
rev_39222,0.999
rev_39223,0.7725
rev_39224,1.0
rev_39225,0.9556
rev_39226,0.7551
rev_39227,0.9904
rev_39228,0.9727
rev_39229,0.9941
rev_39230,0.7466
rev_39231,0.0015
rev_39232,0.4747
rev_39233,0.007
rev_39234,0.0277
rev_39235,0.0139
rev_39236,0.0149
rev_39237,0.6687
rev_39238,0.2551
rev_39239,0.1439
rev_39240,0.0907
rev_39241,0.766
rev_39242,0.9995
rev_39243,0.9903
rev_39244,0.9982
rev_39245,0.9723
rev_39246,0.9994
rev_39247,1.0
rev_39248,0.993
rev_39249,0.9889
rev_39250,0.9919
rev_39251,0.999
rev_39252,0.7952
rev_39253,0.0008
rev_39254,0.0
rev_39255,0.0054
rev_39256,0.0736
rev_39257,0.0227
rev_39258,0.0056
rev_39259,0.081
rev_39260,0.4424
rev_39261,0.0073
rev_39262,0.0555
rev_39263,0.0963
rev_39264,0.9963
rev_39265,0.7904
rev_39266,0.9453
rev_39267,0.9903
rev_39268,0.9988
rev_39269,0.999
rev_39270,0.9762
rev_39271,0.9996
rev_39272,0.9983
rev_39273,0.9993
rev_39274,0.3264
rev_39275,0.0046
rev_39276,0.0001
rev_39277,0.6289
rev_39278,0.1893
rev_39279,0.0191
rev_39280,0.0312
rev_39281,0.0619
rev_39282,0.0138
rev_39283,0.0059
rev_39284,0.9987
rev_39285,0.9999
rev_39286,0.8289
rev_39287,0.9976
rev_39288,0.9987
rev_39289,0.9891
rev_39290,0.9641
rev_39291,0.9994
rev_39292,0.9999
rev_39293,0.9876
rev_39294,0.0003
rev_39295,0.1282
rev_39296,0.0191
rev_39297,0.0352
rev_39298,0.0041
rev_39299,0.0362
rev_39300,0.0028
rev_39301,0.0801
rev_39302,0.4271
rev_39303,0.027
rev_39304,0.7137
rev_39305,0.9875
rev_39306,0.9868
rev_39307,0.9951
rev_39308,0.9987
rev_39309,0.9998
rev_39310,0.9978
rev_39311,0.862
rev_39312,0.9999
rev_39313,0.9991
rev_39314,0.0118
rev_39315,0.0003
rev_39316,0.0173
rev_39317,0.1582
rev_39318,0.1616
rev_39319,0.0254
rev_39320,0.0019
rev_39321,0.1823
rev_39322,0.0006
rev_39323,0.0365
rev_39324,0.9984
rev_39325,0.994
rev_39326,0.9997
rev_39327,0.9999
rev_39328,1.0
rev_39329,0.9581
rev_39330,0.9997
rev_39331,0.9973
rev_39332,0.9566
rev_39333,0.0131
rev_39334,0.0071
rev_39335,0.1077
rev_39336,0.023
rev_39337,0.0691
rev_39338,0.0029
rev_39339,0.0006
rev_39340,0.557
rev_39341,0.0291
rev_39342,0.9284
rev_39343,0.9631
rev_39344,0.692
rev_39345,0.9416
rev_39346,0.9802
rev_39347,0.9855
rev_39348,0.9953
rev_39349,0.963
rev_39350,0.9999
rev_39351,0.0012
rev_39352,0.0119
rev_39353,0.1752
rev_39354,0.1586
rev_39355,0.0238
rev_39356,0.18
rev_39357,0.0012
rev_39358,0.0353
rev_39359,0.0061
rev_39360,0.998
rev_39361,0.9346
rev_39362,0.9737
rev_39363,0.9066
rev_39364,0.9692
rev_39365,0.9993
rev_39366,0.9981
rev_39367,0.9995
rev_39368,0.9873
rev_39369,0.0012
rev_39370,0.0059
rev_39371,0.0416
rev_39372,0.3104
rev_39373,0.6639
rev_39374,0.0086
rev_39375,0.003
rev_39376,0.0229
rev_39377,0.0079
rev_39378,0.9634
rev_39379,0.9074
rev_39380,1.0
rev_39381,0.9993
rev_39382,0.9923
rev_39383,0.9994
rev_39384,0.9864
rev_39385,0.9985
rev_39386,0.9942
rev_39387,0.0075
rev_39388,0.0181
rev_39389,0.0049
rev_39390,0.021
rev_39391,0.0006
rev_39392,0.0291
rev_39393,0.0007
rev_39394,0.5155
rev_39395,0.002
rev_39396,0.9934
rev_39397,0.996
rev_39398,0.8847
rev_39399,0.9838
rev_39400,0.8911
rev_39401,0.9877
rev_39402,0.9955
rev_39403,0.997
rev_39404,0.0049
rev_39405,0.0274
rev_39406,0.1958
rev_39407,0.0197
rev_39408,0.0271
rev_39409,0.0846
rev_39410,0.0057
rev_39411,0.0037
rev_39412,0.8679
rev_39413,0.9066
rev_39414,0.9652
rev_39415,0.9986
rev_39416,0.6947
rev_39417,0.9988
rev_39418,0.8162
rev_39419,0.9938
rev_39420,0.1279
rev_39421,0.004
rev_39422,0.0317
rev_39423,0.0052
rev_39424,0.0102
rev_39425,0.0314
rev_39426,0.4548
rev_39427,0.0007
rev_39428,0.9839
rev_39429,0.9423
rev_39430,0.9869
rev_39431,0.9991
rev_39432,0.9713
rev_39433,0.9975
rev_39434,0.9999
rev_39435,0.9971
rev_39436,0.0628
rev_39437,0.0337
rev_39438,0.0095
rev_39439,0.026
rev_39440,0.0365
rev_39441,0.0019
rev_39442,0.007
rev_39443,0.0153
rev_39444,0.9994
rev_39445,0.9987
rev_39446,0.9544
rev_39447,0.9996
rev_39448,0.9616
rev_39449,0.9981
rev_39450,0.6245
rev_39451,0.9632
rev_39452,0.0355
rev_39453,0.0126
rev_39454,0.0021
rev_39455,0.0003
rev_39456,0.2763
rev_39457,0.0007
rev_39458,0.0042
rev_39459,0.0029
rev_39460,0.9479
rev_39461,0.9985
rev_39462,0.9896
rev_39463,0.9992
rev_39464,0.9606
rev_39465,0.9992
rev_39466,0.9994
rev_39467,0.9993
rev_39468,0.254
rev_39469,0.001
rev_39470,0.0539
rev_39471,0.0978
rev_39472,0.0092
rev_39473,0.0034
rev_39474,0.0389
rev_39475,0.009
rev_39476,0.9987
rev_39477,0.9971
rev_39478,0.9902
rev_39479,0.9988
rev_39480,0.9969
rev_39481,0.9912
rev_39482,0.9124
rev_39483,0.0075
rev_39484,0.0476
rev_39485,0.0211
rev_39486,0.0017
rev_39487,0.0325
rev_39488,0.1012
rev_39489,0.0001
rev_39490,0.9905
rev_39491,0.9988
rev_39492,0.9434
rev_39493,0.999
rev_39494,0.9954
rev_39495,0.8028
rev_39496,0.997
rev_39497,0.1759
rev_39498,0.0061
rev_39499,0.0016
rev_39500,0.001
rev_39501,0.1907
rev_39502,0.0272
rev_39503,0.001
rev_39504,0.697
rev_39505,0.999
rev_39506,0.9924
rev_39507,0.9824
rev_39508,0.9947
rev_39509,0.9996
rev_39510,0.946
rev_39511,0.1091
rev_39512,0.3257
rev_39513,0.309
rev_39514,0.2113
rev_39515,0.0078
rev_39516,0.0063
rev_39517,0.0083
rev_39518,0.8066
rev_39519,0.9992
rev_39520,0.9992
rev_39521,0.999
rev_39522,0.9768
rev_39523,0.9769
rev_39524,0.9912
rev_39525,0.0059
rev_39526,0.0029
rev_39527,0.0239
rev_39528,0.0019
rev_39529,0.0011
rev_39530,0.0124
rev_39531,0.0002
rev_39532,0.9976
rev_39533,0.9814
rev_39534,0.9495
rev_39535,0.9414
rev_39536,0.9761
rev_39537,0.9999
rev_39538,0.9889
rev_39539,0.0087
rev_39540,0.0057
rev_39541,0.0034
rev_39542,0.968
rev_39543,0.154
rev_39544,0.03
rev_39545,0.0003
rev_39546,0.2751
rev_39547,0.9929
rev_39548,0.9993
rev_39549,0.8489
rev_39550,0.977
rev_39551,0.9183
rev_39552,0.999
rev_39553,0.0022
rev_39554,0.0045
rev_39555,0.009
rev_39556,0.0079
rev_39557,0.0102
rev_39558,0.0271
rev_39559,0.0521
rev_39560,0.9857
rev_39561,0.7297
rev_39562,0.9517
rev_39563,1.0
rev_39564,0.9789
rev_39565,0.9804
rev_39566,0.0052
rev_39567,0.1311
rev_39568,0.002
rev_39569,0.0053
rev_39570,0.052
rev_39571,0.4971
rev_39572,0.9927
rev_39573,0.999
rev_39574,0.9997
rev_39575,0.972
rev_39576,0.9659
rev_39577,0.9921
rev_39578,0.0065
rev_39579,0.0322
rev_39580,0.0037
rev_39581,0.4047
rev_39582,0.0007
rev_39583,0.0046
rev_39584,0.9829
rev_39585,0.9864
rev_39586,0.9163
rev_39587,0.9978
rev_39588,0.9958
rev_39589,0.9971
rev_39590,0.0997
rev_39591,0.0133
rev_39592,0.0169
rev_39593,0.0279
rev_39594,0.0245
rev_39595,0.0285
rev_39596,0.9987
rev_39597,0.9916
rev_39598,0.9381
rev_39599,0.947
rev_39600,0.9794
rev_39601,0.9887
rev_39602,0.5926
rev_39603,0.0372
rev_39604,0.1421
rev_39605,0.0038
rev_39606,0.3042
rev_39607,0.0049
rev_39608,0.9912
rev_39609,0.997
rev_39610,0.9998
rev_39611,0.8936
rev_39612,0.9997
rev_39613,0.9812
rev_39614,0.0569
rev_39615,0.0072
rev_39616,0.0101
rev_39617,0.0196
rev_39618,0.0008
rev_39619,0.0885
rev_39620,0.9996
rev_39621,0.9994
rev_39622,0.9966
rev_39623,0.999
rev_39624,0.9985
rev_39625,0.001
rev_39626,0.0002
rev_39627,0.0015
rev_39628,0.0019
rev_39629,0.0006
rev_39630,0.999
rev_39631,0.9997
rev_39632,0.9989
rev_39633,0.9986
rev_39634,0.8362
rev_39635,0.0045
rev_39636,0.0001
rev_39637,0.007
rev_39638,0.0031
rev_39639,0.0005
rev_39640,0.9911
rev_39641,0.9997
rev_39642,0.9975
rev_39643,0.9964
rev_39644,0.9998
rev_39645,0.0414
rev_39646,0.0015
rev_39647,0.0381
rev_39648,0.0406
rev_39649,0.0579
rev_39650,0.9996
rev_39651,0.9981
rev_39652,0.9999
rev_39653,0.9898
rev_39654,0.973
rev_39655,0.0138
rev_39656,0.0063
rev_39657,0.0183
rev_39658,0.0025
rev_39659,0.011
rev_39660,0.9786
rev_39661,0.9983
rev_39662,0.9004
rev_39663,0.9951
rev_39664,0.9994
rev_39665,0.0107
rev_39666,0.005
rev_39667,0.0565
rev_39668,0.0022
rev_39669,0.0115
rev_39670,0.8117
rev_39671,0.9973
rev_39672,0.9674
rev_39673,0.942
rev_39674,0.9692
rev_39675,0.0238
rev_39676,0.024
rev_39677,0.0017
rev_39678,0.0096
rev_39679,0.0126
rev_39680,0.9989
rev_39681,0.9986
rev_39682,0.9781
rev_39683,0.9576
rev_39684,0.9426
rev_39685,0.0152
rev_39686,0.0112
rev_39687,0.0013
rev_39688,0.0016
rev_39689,0.0611
rev_39690,0.9228
rev_39691,0.9926
rev_39692,0.9936
rev_39693,0.9972
rev_39694,0.0032
rev_39695,0.0373
rev_39696,0.0003
rev_39697,0.0738
rev_39698,0.9999
rev_39699,0.9963
rev_39700,0.8611
rev_39701,0.9824
rev_39702,0.0139
rev_39703,0.009
rev_39704,0.009
rev_39705,0.0121
rev_39706,0.9888
rev_39707,0.9954
rev_39708,0.997
rev_39709,0.9969
rev_39710,0.9995
rev_39711,0.0002
rev_39712,0.0617
rev_39713,0.0007
rev_39714,0.0022
rev_39715,0.0013
rev_39716,1.0
rev_39717,0.9965
rev_39718,0.9996
rev_39719,0.9957
rev_39720,0.0124
rev_39721,0.0005
rev_39722,0.003
rev_39723,0.0116
rev_39724,0.5118
rev_39725,0.9999
rev_39726,0.9501
rev_39727,0.9715
rev_39728,0.0055
rev_39729,0.0143
rev_39730,0.2122
rev_39731,0.0027
rev_39732,0.9992
rev_39733,0.9909
rev_39734,0.9844
rev_39735,0.9806
rev_39736,0.0003
rev_39737,0.1331
rev_39738,0.0027
rev_39739,0.0029
rev_39740,0.8112
rev_39741,0.9991
rev_39742,0.9911
rev_39743,0.9809
rev_39744,0.0014
rev_39745,0.0236
rev_39746,0.0006
rev_39747,0.0469
rev_39748,0.9948
rev_39749,0.9928
rev_39750,0.9808
rev_39751,0.9895
rev_39752,0.0014
rev_39753,0.2335
rev_39754,0.0683
rev_39755,0.0007
rev_39756,0.2573
rev_39757,0.9885
rev_39758,0.9985
rev_39759,0.9744
rev_39760,0.0922
rev_39761,0.0621
rev_39762,0.0015
rev_39763,0.2479
rev_39764,0.9993
rev_39765,0.9984
rev_39766,0.9945
rev_39767,0.7569
rev_39768,0.0013
rev_39769,0.0063
rev_39770,0.0221
rev_39771,0.0043
rev_39772,0.9218
rev_39773,0.98
rev_39774,0.9884
rev_39775,0.8979
rev_39776,0.0001
rev_39777,0.0011
rev_39778,0.0005
rev_39779,0.0101
rev_39780,0.9182
rev_39781,1.0
rev_39782,0.9982
rev_39783,0.9994
rev_39784,0.1092
rev_39785,0.0264
rev_39786,0.014
rev_39787,0.0007
rev_39788,0.924
rev_39789,0.9801
rev_39790,0.9992
rev_39791,0.0004
rev_39792,0.0004
rev_39793,0.0014
rev_39794,0.9984
rev_39795,0.998
rev_39796,0.9885
rev_39797,0.0011
rev_39798,0.0199
rev_39799,0.0018
rev_39800,0.9988
rev_39801,0.9969
rev_39802,0.9781
rev_39803,0.0055
rev_39804,0.1774
rev_39805,0.0861
rev_39806,0.9832
rev_39807,0.939
rev_39808,0.9996
rev_39809,0.0733
rev_39810,0.0019
rev_39811,0.0091
rev_39812,0.9666
rev_39813,0.9927
rev_39814,0.9856
rev_39815,0.001
rev_39816,0.0018
rev_39817,0.0038
rev_39818,0.8128
rev_39819,0.7851
rev_39820,0.999
rev_39821,0.0082
rev_39822,0.0209
rev_39823,0.0028
rev_39824,0.9869
rev_39825,0.9709
rev_39826,0.9995
rev_39827,0.0969
rev_39828,0.0522
rev_39829,0.0005
rev_39830,0.9825
rev_39831,0.9745
rev_39832,0.9949
rev_39833,0.0228
rev_39834,0.0393
rev_39835,0.0007
rev_39836,0.7754
rev_39837,0.9958
rev_39838,0.9783
rev_39839,0.007
rev_39840,0.0004
rev_39841,0.0001
rev_39842,0.9583
rev_39843,0.9919
rev_39844,0.9986
rev_39845,0.1741
rev_39846,0.0027
rev_39847,0.0192
rev_39848,0.9946
rev_39849,0.9782
rev_39850,0.8189
rev_39851,0.0001
rev_39852,0.0082
rev_39853,0.1395
rev_39854,0.9901
rev_39855,0.9998
rev_39856,0.9968
rev_39857,0.0032
rev_39858,0.147
rev_39859,0.0009
rev_39860,0.9753
rev_39861,0.8051
rev_39862,0.9855
rev_39863,0.0515
rev_39864,0.0027
rev_39865,0.0021
rev_39866,0.9857
rev_39867,0.997
rev_39868,0.9989
rev_39869,0.0037
rev_39870,0.0016
rev_39871,0.1498
rev_39872,0.9993
rev_39873,0.9947
rev_39874,0.0023
rev_39875,0.006
rev_39876,0.9909
rev_39877,0.8886
rev_39878,0.9908
rev_39879,0.0634
rev_39880,0.0002
rev_39881,0.0001
rev_39882,0.9973
rev_39883,0.9668
rev_39884,0.9369
rev_39885,0.0001
rev_39886,0.0007
rev_39887,0.0787
rev_39888,0.9978
rev_39889,0.9989
rev_39890,0.0601
rev_39891,0.1843
rev_39892,0.9995
rev_39893,0.847
rev_39894,0.0011
rev_39895,0.007
rev_39896,0.9975
rev_39897,0.9844
rev_39898,0.0183
rev_39899,0.012
rev_39900,0.9978
rev_39901,0.9877
rev_39902,0.0224
rev_39903,0.0005
rev_39904,0.997
rev_39905,0.9077
rev_39906,0.0014
rev_39907,0.0238
rev_39908,0.9996
rev_39909,0.9967
rev_39910,0.0007
rev_39911,0.0373
rev_39912,0.9998
rev_39913,0.9949
rev_39914,0.0869
rev_39915,0.0009
rev_39916,0.8342
rev_39917,0.9998
rev_39918,0.0209
rev_39919,0.002
rev_39920,0.9993
rev_39921,0.9664
rev_39922,0.0002
rev_39923,0.0159
rev_39924,0.9617
rev_39925,0.9995
rev_39926,0.0018
rev_39927,0.0203
rev_39928,0.9393
rev_39929,0.3597
rev_39930,0.0001
rev_39931,0.1099
rev_39932,0.9961
rev_39933,0.9997
rev_39934,0.008
rev_39935,0.0006
rev_39936,0.9737
rev_39937,0.8428
rev_39938,0.02
rev_39939,0.0008
rev_39940,0.9831
rev_39941,0.9085
rev_39942,0.0019
rev_39943,0.0014
rev_39944,0.9957
rev_39945,0.7708
rev_39946,0.7184
rev_39947,0.0076
rev_39948,0.9995
rev_39949,0.9916
rev_39950,0.0001
rev_39951,0.0047
rev_39952,0.9608
rev_39953,0.9231
rev_39954,0.0
rev_39955,0.0043
rev_39956,0.991
rev_39957,0.9999
rev_39958,0.0004
rev_39959,0.0022
rev_39960,0.9921
rev_39961,0.8474
rev_39962,0.0002
rev_39963,0.0001
rev_39964,0.9973
rev_39965,0.938
rev_39966,0.0115
rev_39967,0.0369
rev_39968,0.9574
rev_39969,0.9998
rev_39970,0.002
rev_39971,0.0005
rev_39972,0.9997
rev_39973,0.9992
rev_39974,0.0026
rev_39975,0.0458
rev_39976,0.9987
rev_39977,0.9987
rev_39978,0.0024
rev_39979,0.0002
rev_39980,0.9991
rev_39981,0.9985
rev_39982,0.0117
rev_39983,0.0013
rev_39984,0.9197
rev_39985,0.9761
rev_39986,0.0109
rev_39987,0.0109
rev_39988,0.9745
rev_39989,0.9818
rev_39990,0.0022
rev_39991,0.0001
rev_39992,0.9997
rev_39993,0.9997
rev_39994,0.0013
rev_39995,0.0011
rev_39996,0.9945
rev_39997,0.0036
rev_39998,0.5513
rev_39999,0.9931
rev_40000,0.002
rev_40001,0.0174
rev_40002,0.9989
rev_40003,0.9402
rev_40004,0.0012
rev_40005,0.0034
rev_40006,0.9812
rev_40007,0.9987
rev_40008,0.0025
rev_40009,0.0058
rev_40010,0.9993
rev_40011,0.981
rev_40012,0.0
rev_40013,0.0001
rev_40014,0.9816
rev_40015,0.9965
rev_40016,0.0024
rev_40017,0.0542
rev_40018,0.9875
rev_40019,0.0003
rev_40020,0.9957
rev_40021,0.0003
rev_40022,0.9778
rev_40023,0.9592
rev_40024,0.0002
rev_40025,0.0011
rev_40026,0.9993
rev_40027,0.0017
rev_40028,0.9705
rev_40029,0.0013
rev_40030,0.7881
rev_40031,0.0864
rev_40032,0.9801
rev_40033,0.0009
rev_40034,0.9989
rev_40035,0.0018
rev_40036,0.979
rev_40037,0.0015
rev_40038,0.9877
rev_40039,0.0011
rev_40040,0.9993
rev_40041,0.0011
rev_40042,0.9991
rev_40043,0.0036
rev_40044,0.9711
rev_40045,0.0004
rev_40046,0.9983
rev_40047,0.0005
rev_40048,0.9995
rev_40049,0.0188
rev_40050,0.9975
rev_40051,0.0017
rev_40052,0.9998
rev_40053,0.0025
rev_40054,0.9984
rev_40055,0.0013
rev_40056,0.9982
rev_40057,0.0014
rev_40058,0.9339
rev_40059,0.0074
rev_40060,0.9983
rev_40061,0.0011
rev_40062,0.9873
rev_40063,0.3161
rev_40064,0.9999
rev_40065,0.0062
rev_40066,0.8046
rev_40067,0.2048
rev_40068,0.8506
rev_40069,0.0029
rev_40070,0.8621
rev_40071,0.0005
rev_40072,0.9425
rev_40073,0.0007
rev_40074,0.9821
rev_40075,0.6543
rev_40076,0.9893
rev_40077,0.0092
rev_40078,0.9647
rev_40079,0.0166
rev_40080,0.9999
rev_40081,0.0424
rev_40082,0.9987
rev_40083,0.0002
rev_40084,0.932
rev_40085,0.0045
rev_40086,0.9574
rev_40087,0.0004
rev_40088,0.9993
rev_40089,0.0054
rev_40090,0.9641
rev_40091,0.0005
rev_40092,0.9993
rev_40093,0.0
rev_40094,0.9935
rev_40095,0.0006
rev_40096,0.996
rev_40097,0.0027
rev_40098,0.9876
rev_40099,0.0001
rev_40100,0.9892
rev_40101,0.0018
rev_40102,0.995
rev_40103,0.5296
rev_40104,0.9708
rev_40105,0.0013
rev_40106,0.9884
rev_40107,0.0005
rev_40108,0.9991
rev_40109,0.0012
rev_40110,0.9958
rev_40111,0.0094
rev_40112,0.9977
rev_40113,0.0028
rev_40114,0.9972
rev_40115,0.0416
rev_40116,0.9978
rev_40117,0.0
rev_40118,0.9974
rev_40119,0.0009
rev_40120,0.9984
rev_40121,0.0024
rev_40122,0.9901
rev_40123,0.0017
rev_40124,0.9994
rev_40125,0.0004
rev_40126,0.8797
rev_40127,0.0008
rev_40128,0.9931
rev_40129,0.0002
rev_40130,0.998
rev_40131,0.0002
rev_40132,0.9978
rev_40133,0.0015
rev_40134,0.9798
rev_40135,0.0042
rev_40136,0.9997
rev_40137,0.0004
rev_40138,0.9999
rev_40139,0.0009
rev_40140,0.9998
rev_40141,0.0054
rev_40142,0.9987
rev_40143,0.0027
rev_40144,0.9957
rev_40145,0.0094
rev_40146,0.9993
rev_40147,0.0002
rev_40148,0.932
rev_40149,0.0189
rev_40150,0.9996
rev_40151,0.0001
rev_40152,0.9439
rev_40153,0.002
rev_40154,0.9844
rev_40155,0.0034
rev_40156,0.9992
rev_40157,0.0035
rev_40158,0.9937
rev_40159,0.0004
rev_40160,0.9839
rev_40161,0.0001
rev_40162,0.9982
rev_40163,0.0011
rev_40164,0.9995
rev_40165,0.0943
rev_40166,0.9993
rev_40167,0.0
rev_40168,0.9989
rev_40169,0.0
rev_40170,0.9886
rev_40171,0.0032
rev_40172,0.9999
rev_40173,0.0079
rev_40174,0.9997
rev_40175,0.0
rev_40176,0.9995
rev_40177,0.0017
rev_40178,0.997
rev_40179,0.0019
rev_40180,0.9854
rev_40181,0.0001
rev_40182,0.8856
rev_40183,0.0002
rev_40184,0.9893
rev_40185,0.0
rev_40186,0.9326
rev_40187,0.0016
rev_40188,0.999
rev_40189,0.003
rev_40190,0.9988
rev_40191,0.0007
rev_40192,0.7908
rev_40193,0.0
rev_40194,0.9969
rev_40195,0.0018
rev_40196,0.9876
rev_40197,0.0033
rev_40198,0.9994
rev_40199,0.0002
rev_40200,0.9994
rev_40201,0.0039
rev_40202,0.9997
rev_40203,0.0001
rev_40204,0.9995
rev_40205,0.0001
rev_40206,0.9999
rev_40207,0.0022
rev_40208,0.9784
rev_40209,0.0415
rev_40210,0.9884
rev_40211,0.0011
rev_40212,0.9709
rev_40213,0.0006
rev_40214,0.9977
rev_40215,0.0002
rev_40216,0.9999
rev_40217,0.0
rev_40218,0.994
rev_40219,0.0022
rev_40220,0.9946
rev_40221,0.0069
rev_40222,0.9451
rev_40223,0.0
rev_40224,0.9765
rev_40225,0.0001
rev_40226,0.9979
rev_40227,0.0
rev_40228,0.9987
rev_40229,0.0003
rev_40230,0.985
rev_40231,0.0003
rev_40232,0.9795
rev_40233,0.0001
rev_40234,0.9992
rev_40235,0.0007
rev_40236,0.9961
rev_40237,0.0158
rev_40238,0.9968
rev_40239,0.0004
rev_40240,0.9993
rev_40241,0.0015
rev_40242,0.9988
rev_40243,0.0012
rev_40244,0.993
rev_40245,0.041
rev_40246,0.9764
rev_40247,0.0001
rev_40248,0.9996
rev_40249,0.0009
rev_40250,0.9995
rev_40251,0.0
rev_40252,0.9718
rev_40253,0.0006
rev_40254,0.9948
rev_40255,0.0013
rev_40256,0.9995
rev_40257,0.0001
rev_40258,0.9928
rev_40259,0.0038
rev_40260,0.9998
rev_40261,0.0162
rev_40262,0.5256
rev_40263,0.0077
rev_40264,0.9998
rev_40265,0.0001
rev_40266,0.9756
rev_40267,0.0001
rev_40268,0.9992
rev_40269,0.0026
rev_40270,0.9973
rev_40271,0.0031
rev_40272,0.999
rev_40273,0.0
rev_40274,0.9937
rev_40275,0.0004
rev_40276,0.9998
rev_40277,0.0001
rev_40278,0.9189
rev_40279,0.0015
rev_40280,0.9901
rev_40281,0.1195
rev_40282,0.9977
rev_40283,0.0
rev_40284,0.9997
rev_40285,0.0093
rev_40286,0.9996
rev_40287,0.0135
rev_40288,0.9961
rev_40289,0.0081
rev_40290,0.9998
rev_40291,0.0004
rev_40292,0.9986
rev_40293,0.0002
rev_40294,0.9989
rev_40295,0.0014
rev_40296,0.9991
rev_40297,0.0008
rev_40298,1.0
rev_40299,0.0002
rev_40300,0.9978
rev_40301,0.0001
rev_40302,0.9997
rev_40303,0.0001
rev_40304,0.9988
rev_40305,0.0003
rev_40306,0.9624
rev_40307,0.0002
rev_40308,0.9831
rev_40309,0.0062
rev_40310,0.9633
rev_40311,0.0
rev_40312,0.9984
rev_40313,0.001
rev_40314,0.9999
rev_40315,0.0
rev_40316,0.9965
rev_40317,0.0
rev_40318,0.9987
rev_40319,0.0001
rev_40320,0.9957
rev_40321,0.0
rev_40322,0.9995
rev_40323,0.0027
rev_40324,0.9989
rev_40325,0.0043
rev_40326,0.9992
rev_40327,0.0001
rev_40328,1.0
rev_40329,0.0
rev_40330,0.9782
rev_40331,0.0023
rev_40332,0.9954
rev_40333,0.0002
rev_40334,0.8978
rev_40335,0.0
rev_40336,0.9958
rev_40337,0.0297
rev_40338,0.9997
rev_40339,0.0015
rev_40340,0.9998
rev_40341,0.0005
rev_40342,0.9731
rev_40343,0.0012
rev_40344,0.9991
rev_40345,0.0006
rev_40346,0.9943
rev_40347,0.0005
rev_40348,0.9875
rev_40349,0.0009
rev_40350,0.9917
rev_40351,0.0005
rev_40352,0.9975
rev_40353,0.0003
rev_40354,0.9989
rev_40355,0.0007
rev_40356,0.9978
rev_40357,0.0
rev_40358,0.9997
rev_40359,0.0003
rev_40360,0.9871
rev_40361,0.0022
rev_40362,0.998
rev_40363,0.0207
rev_40364,0.994
rev_40365,0.0012
rev_40366,0.9988
rev_40367,0.0001
rev_40368,0.9998
rev_40369,0.0091
rev_40370,0.9952
rev_40371,0.0054
rev_40372,0.9941
rev_40373,0.0023
rev_40374,0.9993
rev_40375,0.0001
rev_40376,0.9977
rev_40377,0.0006
rev_40378,0.7691
rev_40379,0.001
rev_40380,0.9993
rev_40381,0.001
rev_40382,0.9998
rev_40383,0.0
rev_40384,0.9874
rev_40385,0.0
rev_40386,0.9994
rev_40387,0.0
rev_40388,0.9965
rev_40389,0.0018
rev_40390,0.8254
rev_40391,0.0015
rev_40392,0.985
rev_40393,0.0007
rev_40394,0.9988
rev_40395,0.0005
rev_40396,0.9854
rev_40397,0.0016
rev_40398,0.998
rev_40399,0.0005
rev_40400,0.9957
rev_40401,0.0001
rev_40402,0.9996
rev_40403,0.0006
rev_40404,0.9858
rev_40405,0.0
rev_40406,0.9866
rev_40407,0.0005
rev_40408,0.9994
rev_40409,0.0
rev_40410,0.9996
rev_40411,0.0002
rev_40412,0.9979
rev_40413,0.0001
rev_40414,0.9986
rev_40415,0.0
rev_40416,0.9997
rev_40417,0.0009
rev_40418,0.9997
rev_40419,0.0137
